frame,time,Head_x,Head_y,Head_z,Neck_x,Neck_y,Neck_z,Spine_x,Spine_y,Spine_z,Spine1_x,Spine1_y,Spine1_z,Spine2_x,Spine2_y,Spine2_z,Spine3_x,Spine3_y,Spine3_z,Hips_x,Hips_y,Hips_z,LeftShoulder_x,LeftShoulder_y,LeftShoulder_z,LeftArm_x,LeftArm_y,LeftArm_z,LeftForeArm_x,LeftForeArm_y,LeftForeArm_z,LeftHand_x,LeftHand_y,LeftHand_z,LeftHandThumb_x,LeftHandThumb_y,LeftHandThumb_z,LeftHandIndex_x,LeftHandIndex_y,LeftHandIndex_z,LeftHandMiddle_x,LeftHandMiddle_y,LeftHandMiddle_z,LeftHandRing_x,LeftHandRing_y,LeftHandRing_z,LeftHandPinky_x,LeftHandPinky_y,LeftHandPinky_z,RightShoulder_x,RightShoulder_y,RightShoulder_z,RightArm_x,RightArm_y,RightArm_z,RightForeArm_x,RightForeArm_y,RightForeArm_z,RightHand_x,RightHand_y,RightHand_z,RightHandThumb_x,RightHandThumb_y,RightHandThumb_z,RightHandIndex_x,RightHandIndex_y,RightHandIndex_z,RightHandMiddle_x,RightHandMiddle_y,RightHandMiddle_z,RightHandRing_x,RightHandRing_y,RightHandRing_z,RightHandPinky_x,RightHandPinky_y,RightHandPinky_z,LeftUpLeg_x,LeftUpLeg_y,LeftUpLeg_z,LeftLeg_x,LeftLeg_y,LeftLeg_z,LeftFoot_x,LeftFoot_y,LeftFoot_z,LeftToeBase_x,LeftToeBase_y,LeftToeBase_z,RightUpLeg_x,RightUpLeg_y,RightUpLeg_z,RightLeg_x,RightLeg_y,RightLeg_z,RightFoot_x,RightFoot_y,RightFoot_z,RightToeBase_x,RightToeBase_y,RightToeBase_z
0,0.0,0.4470427377101094,1700.44704273771,0.4470427377101094,-0.746095509829865,1549.25390449017,-0.746095509829865,0.6812897549808167,1300.6812897549808,0.6812897549808167,0.331805977985611,1400.3318059779856,0.331805977985611,0.11270205238311654,1200.1127020523832,0.11270205238311654,0.7005249685499739,1100.7005249685499,0.7005249685499739,1.7110716171777065,1001.7110716171777,1.7110716171777065,-196.5835458857502,1501.1471326877643,1.1471326877641632,-348.7103675726308,1395.3421769943668,-3.26860345976662,-450.59222877971905,1201.221808471211,-1.4057205119684015,-500.9904834064932,1056.9735393293338,-0.4266834045069622,-0.408043498059572,793.6342912590653,-2.4515023491551906,0.5037304251702799,800.5037304251703,0.5037304251702799,-0.6677850852827502,799.3322149147173,-0.6677850852827502,-0.5226912960754148,799.4773087039246,-0.5226912960754148,0.13578468414792313,800.1357846841479,0.13578468414792313,204.17005899978165,1501.2845748278603,1.2845748278602946,351.3201190019902,1406.3957917605933,0.4629855862165333,454.13459829101697,1193.6893657292712,2.540756366930623,497.34966959579776,1046.652856737925,2.729889642432517,3.0579432674134566,802.7282592935792,3.442912578590552,-0.39893711833611256,799.6010628816639,-0.39893711833611256,-0.35404406797019133,799.6459559320298,-0.35404406797019133,0.22273249287609417,800.222732492876,0.22273249287609417,0.22060285593535603,800.2206028559353,0.22060285593535603,-149.92082380758376,900.0791761924163,0.07917619241625205,-149.42224758350068,550.5777524164994,0.577752416499331,-149.74692718388076,100.25307281611924,0.25307281611924787,-0.5731606928433505,799.4268393071567,-0.5731606928433505,150.26354595922803,900.263545959228,0.26354595922801544,150.440260515574,550.440260515574,0.4402605155740147,149.48296196512536,99.48296196512536,-0.5170380348746477,-0.2683372735799102,799.73166272642,-0.2683372735799102
1,0.01,-0.10747427531019882,1699.886871564841,-0.11030128547342757,-0.48719934043340524,1549.507146499718,-0.49002635059663396,-0.8129851960159955,1299.1813606441353,-0.8158122061792242,-0.3370413353507572,1399.6573045048005,-0.3398683455139859,-0.3695013912688603,1199.6248444488824,-0.372328401432089,-0.4791035489518127,1099.5152422911995,-0.4819305591150414,-0.037631136689291335,999.9567147034618,-0.04045814685252008,-196.929279704928,1500.8232883508817,0.7667512168124283,-346.5622080745141,1397.047286833031,-1.4700094373558574,-452.8697865111586,1199.4506489952319,-3.4289932560356613,-502.59353781988983,1055.5623573612,-2.0209575047441954,-1.8410990168687036,792.4530915070897,-3.76225644215799,0.18574850171643312,800.1800943418675,0.18292149155320436,1.1794352998282693,801.1737811399794,1.1766082896650405,-0.21530904313377838,799.7790367970174,-0.21813605329700714,0.35923975390525714,800.3535855940564,0.3564127437420284,202.53688494393953,1499.7167409998417,-0.3397961342276893,348.6375490008537,1404.170156323195,-2.0821798480792597,452.66420910145035,1192.288844398584,1.1484880415963792,498.3648139099539,1047.7495060678364,3.534276135598799,1.652541906649717,801.1925267158656,2.1626767636729767,-0.2427540096948237,799.7515918304563,-0.24558101985805245,-0.6692125597987555,799.3251332803524,-0.6720395699619843,0.008265616561854885,800.002611456713,0.005438606398626138,0.6710782375054907,800.6654240776567,0.6682512273422619,-150.30206139387175,899.8864496585373,-0.24551421862641448,-150.14905506463353,550.0394559877756,-0.0925078893881914,-148.2565091043856,101.93200194802355,1.8000380708597197,0.6838788519466716,800.6782246920978,0.6810518417834428,148.21342223104924,898.0249111786401,-1.8431249441960813,148.84401514626896,548.6555040938598,-1.2125320289763657,150.69034654774495,100.50183549533578,0.6337993724996238,-0.6058950830543552,799.3884507570967,-0.608722093217584
2,0.02,0.6168408486935643,1700.6055367701895,0.6111893674609385,0.7064854090138767,1550.6951813305097,0.700833927781251,0.8165664924980353,1300.805262413994,0.8109150112654095,0.05979150504427683,1400.0484874265403,0.0541400238116512,0.14398891713199646,1200.132684838628,0.13833743589937086,-0.7024578306771353,1099.2862380908189,-0.708109311909761,-0.6036449258164753,999.3850509956796,-0.609296407049101,-196.62166227452664,1501.1560299006896,1.0430248193712668,-346.35755341961817,1396.8266673681446,-1.5972131942228298,-453.8786301357356,1198.9388317626342,-4.183583442819152,-502.4391616182714,1055.874227055948,-1.8679836912219525,0.3840351652920633,794.942737159706,-1.4047884933913122,0.93786013568976,800.9265560571858,0.9322086544571343,-0.9879988618262117,799.0006970596698,-0.9936503430588374,-0.10979550433652864,799.8789004171596,-0.11544698556915427,-0.801208005103541,799.1874879163926,-0.8068594863361667,203.61996630154582,1500.8692110774725,0.7562059961541427,349.2462781394789,1405.2229825176437,-1.3345411916865972,453.87553121464475,1193.5990419770865,2.4461069750085174,497.4227288308894,1046.8764277535197,2.344991253882907,0.9968105137648142,800.4232103759359,1.6370506783279586,-0.06918232032232659,799.9195136011738,-0.07483380155495221,-0.6504061126915763,799.3382898088045,-0.656057593924202,0.8249887401665271,800.8136846616626,0.8193372589339014,-0.5314132953771371,799.457282626119,-0.5370647766097628,-150.28809872243636,900.089016102981,-0.17501342822916954,-149.6160537686751,550.7610610567422,0.4970315255320946,-151.18925137199037,99.18786345342701,-1.076166077783164,-0.22541407177732353,799.7632818497187,-0.23106555300994913,148.39954951381634,898.022434688399,-1.7135357803908593,149.78558361774944,549.4084687923321,-0.3275016764577693,150.27056235719027,99.89344753177289,0.15747706298307307,-0.027461112896461096,799.9612348085996,-0.03311259412908672
3,0.03,1.4215935518010447,1701.40464803517,1.413122676405901,0.6001999199239404,1550.583254403293,0.5917290445287967,1.2709407539582778,1301.2539952373274,1.262469878563134,1.2014733573803908,1401.1845278407495,1.1930024819852472,0.5398349071665711,1200.5228893905357,0.5313640317714274,0.04782966936396522,1100.030884152733,0.03935879396882155,-1.3114762723177222,998.6715782110514,-1.319947147712866,-198.75556525119805,1499.0504908507519,-1.1188438809118024,-347.9115834288126,1394.8664063735198,-3.4641678443268793,-453.380544985297,1199.9231409210126,-3.4322640109724367,-501.32613331886523,1057.1087949993982,-0.7671245394132697,-0.5168491598737491,794.3165745186504,-2.1649525977019284,-0.5796164641747624,799.4034380191944,-0.5880873395699061,0.48998158160058974,800.4730360649697,0.48151070620544606,0.4379257994916086,800.4209802828608,0.4294549240964649,-0.48074042466254463,799.5023140587066,-0.4892113000576883,201.23704662047803,1498.5596708764267,-1.6096638552368214,348.38735359641885,1404.7939102300084,-2.053699611886578,453.25653364371686,1193.1076280481138,1.9212659955248927,498.27147991702685,1047.7827858044088,2.912145362443138,2.1498505144094437,801.4785984174324,2.923843089117218,0.12655163045899892,800.1096061138281,0.11808075506385524,-0.3033837427958868,799.6796707405732,-0.3118546181910305,0.4834144150464347,800.4664688984155,0.474943539651291,1.2086106043298022,801.1916650876989,1.2001397289346585,-150.68709101171885,899.8788118362692,-0.517486216235179,-150.46111333438304,550.104789513605,-0.2915085388993475,-149.82912041889406,100.73678242909398,0.3404843765896135,0.1862937299303329,800.1693482132995,0.17782285453518926,149.14573387807636,898.5798310300883,-1.0238709174073324,150.0747045555058,549.5088017075177,-0.09490023997787284,149.55033074928224,98.9844279012942,-0.6192740462014413,-1.21518080826978,798.7678736750994,-1.2236516836649236
4,0.04,-0.1429439122758629,1699.8344818491107,-0.1542265696746203,0.04898269040740612,1550.0264084517942,0.037700033008648715,0.43988553787647017,1300.417311299263,0.4286028804777128,0.23978328619305245,1400.2172090475797,0.22850062879429503,0.11176818826827334,1200.0891939496548,0.10048553086951592,-0.08537203529729613,1099.8920537260894,-0.09665469269605353,-1.5550315836552109,998.4223941777315,-1.5663142410539683,-196.06846084234618,1501.7691994792247,1.543742350808439,-345.9439032694784,1396.4481063157243,-1.789320993219691,-452.4606763836141,1201.3170426452805,-2.2611567632826057,-503.81989683499415,1054.6992659322102,-3.284280083195939,-1.3656524881772503,793.7502631829677,-2.8663270093156537,0.7519006636058644,800.7293264249926,0.7406180062071069,0.33516923131689086,800.3125949927036,0.32388657391813347,0.830045976568061,800.8074717379548,0.8187633191693036,-0.4482117303192112,799.5292140310675,-0.4594943877179686,203.5695748057311,1500.9695058176953,0.7440486892790726,347.0273751250077,1403.848170069202,-3.2737024922639857,454.26012053713043,1194.267116948704,3.0265149556441657,496.97858907080285,1046.5373428052806,1.3055576765384338,2.6517005130552467,801.897747353484,3.5617145550180442,0.6896139866281129,800.6670397480148,0.6783313292293555,0.41198410909842126,800.3894098704851,0.40070145169966387,1.3697010871013702,801.3471268484881,1.3584184297026127,-0.16355304295661877,799.81387271843,-0.17483570035537616,-150.01527524935662,900.7396890219749,0.21081986143932485,-148.9938222358502,551.7611420354813,1.2322728749457434,-150.4446174296137,100.31034684171776,-0.21852231881775075,0.20966522757198897,800.1870909889586,0.19838257017323158,149.8133906623534,899.058426391022,-0.41270444844250886,149.65668614572644,548.901721874395,-0.5694089650694906,150.87927733951307,100.12431306818162,0.6531822287171274,-0.0008209906133983952,799.9766047707733,-0.012103648012155806
5,0.05,-0.1260257792675996,1699.8457882063221,-0.14011007509920204,0.19029212696456665,1550.1621061125543,0.17620783113296423,1.773813713288922,1301.7456276988787,1.7597294174573197,0.12649037532719679,1400.098304360917,0.11240607949559436,0.12123000407015701,1200.09304398966,0.10714570823855459,-0.32320776240788474,1099.648606223182,-0.33729205823948716,-1.3410248667182778,998.6307891188713,-1.3551091625498801,-198.08846398787023,1499.7840366061644,-0.49726693860986804,-345.1124204557837,1396.9150033529206,-1.229496059220288,-453.1497821823466,1201.0884370556191,-2.70198112219392,-504.03733209621475,1054.5276448128793,-3.536651180906456,-1.573161123799192,793.8306041886055,-2.9213903347413637,1.033668382984133,801.0054823685738,1.0195840871525306,1.5438016737402678,801.5156156593299,1.5297173779086655,0.21655576284926165,800.188369748439,0.20247146701765922,-0.16414329804141464,799.8076706875482,-0.17822759387301707,202.26465396374257,1499.745749821866,-0.5355537229082764,346.17540812680835,1403.393501210803,-3.986127499861688,453.0534258420916,1193.2441637514858,1.9285967383485139,498.3551077033728,1047.9525176428558,2.33881018384631,0.12125330612365426,799.2984124673211,1.1681077566271978,-0.31562867236677833,799.6561853132229,-0.32971296819838075,-1.096249399089303,798.8755645865003,-1.1103336949209053,-0.32917585409696326,799.6426381314927,-0.3432601499285657,0.3344947441308414,800.3063087297205,0.320410448299239,-151.44455300204572,899.4998316917539,-1.1620088321135924,-149.6065138009604,551.3378708928393,0.6760303689717385,-148.99277779854245,101.95160689525723,1.289766371389704,0.26015706515763143,800.2319710507473,0.246072769326029,149.3211286760009,898.3767439822012,-0.9614154939312298,150.74872162838767,549.804336934588,0.46617745845553227,149.34545462958164,98.40106993578199,-0.9370895403505012,1.4318897284524332,801.4037037140421,1.417805432620831
6,0.06,1.5228622803427856,1701.4890856589318,1.505989015943315,1.2514691525957158,1551.2176925311846,1.234595888196245,-0.5948395328070821,1299.3713838457818,-0.6117127972065528,-1.1222997804957937,1398.8439235980932,-1.1391730448952644,-0.5302217726399463,1199.436001605949,-0.547095037039417,0.7283194490971773,1100.694542827686,0.7114461846977066,0.34198473229646853,1000.3082081108855,0.3251114678969979,-197.17536029549666,1500.7352076240848,0.3984020640088419,-347.3364320218095,1394.3488763824107,-3.7029834961270227,-453.66493344896713,1201.0189618032255,-2.9727511186098052,-503.39896641209157,1055.1725362799627,-2.944945027154983,0.6964265432330572,796.3910349065068,-0.4960306089198676,0.015791997441717956,799.9820153760307,-0.0010812669577526662,-0.4873909592655298,799.4788324193236,-0.5042642236650005,-0.1868455483975459,799.7793778301915,-0.20371881279701654,1.3242953290421786,801.2905187076312,1.307422064642708,203.27271103388165,1500.8387549987942,0.5019494387183087,348.3129936347509,1405.9101660173596,-1.7100697743481557,454.8370764404646,1195.2388290266795,3.8277119039240586,499.4584854701874,1049.0872375853417,3.07209536071186,2.1416400964113063,801.2624468511059,3.3246459614394497,0.2266965646439465,800.192919943233,0.20982330024447587,-0.255833052024934,799.7103903265642,-0.2727063164244046,-0.2851007342886243,799.6811226443004,-0.30197399868809494,-0.7382247230822647,799.2279986555068,-0.7550979874817354,-150.11027045909464,901.0239745431498,0.2286674566094421,-149.6961694774995,551.438075524745,0.6427684382045805,-150.90326787201397,100.23097713023053,-0.5643299563098851,0.07985454697665742,800.0460779255657,0.0629812825771868,150.7781222744625,899.643877272218,0.43918435875843165,150.14443366763692,549.0101886653924,-0.19450424806715705,149.47730944477317,98.34306444252869,-0.8616284709309009,-0.44840580984291234,799.5178175687462,-0.46527907424238296
7,0.07,0.8090991794206721,1700.7697573331334,0.7894521362195586,-0.4140063267691926,1549.5466518269434,-0.4336533699703061,-1.001781309797221,1298.9588768439155,-1.0214283529983343,0.7900361326075528,1400.7506942863201,0.7703890894064392,-0.47820290261279896,1199.4824552511,-0.4978499458139125,0.9781826108965138,1100.9388407646093,0.9585355676954003,0.5762604440899947,1000.5369185978026,0.5566134008888811,-197.4308193771889,1500.5210291343571,0.12913399863032077,-346.9959757892359,1394.3706922286817,-3.5888958239254314,-453.14701221207633,1201.9664984035444,-2.2152695336957153,-502.0074799367726,1056.5306480579345,-1.6118762365758719,-2.412307407000249,793.5738421019053,-3.447335829633787,0.4936444761213891,800.4543026298339,0.47399743292027563,-0.719189872981294,799.2414682807313,-0.7388369161824075,0.14069510746927671,800.1013532611819,0.12104806426816321,-0.20035295679907655,799.7603051969135,-0.22000000000019007,202.77675762226295,1500.431452547774,0.039557412047175805,348.7974083882995,1406.7542146003734,-1.0888790689485601,453.7848358508822,1194.4242244719776,2.8971640650750157,498.2864426207789,1047.9407929175059,1.5060659040412512,1.883251106088343,800.9588381367304,3.2001686881467943,0.07779732189140777,800.038455475604,0.058150278690294266,0.08108332298382134,800.0417414766964,0.061436279782707846,-1.0525904165691564,798.9080677371434,-1.0722374597702697,-0.7788305405788598,799.1818276131337,-0.7984775837799734,-149.6411748273684,901.6834454078529,0.7540850048075669,-149.68688251513643,551.6377377200848,0.7083773170395034,-149.04964962345,102.27497061177128,1.3456102087259492,0.5779485445523364,800.5386066982649,0.5583015013512229,148.02717395435621,896.7025537191349,-2.368085877819744,149.3545983455857,548.0299781103644,-1.0406614865902237,149.38043144840324,98.05581121318195,-1.0148283837727192,-0.0982439504070914,799.8624142033054,-0.1178909936082049
8,0.08,-0.2873239171327755,1699.6677985960246,-0.309727037133583,0.6275906732617154,1550.5827131864191,0.6051875532609079,-1.4656451938051693,1298.4894773193523,-1.4880483138059768,0.7161387932356491,1400.671261306393,0.6937356732348416,-1.1271417144110427,1198.8279807987465,-1.1495448344118502,0.21476922787134395,1100.1698917410288,0.19236610787053643,-1.2878686016202385,998.6672539115372,-1.310271721621046,-198.0408886675667,1499.9554351086015,-0.4910695821216524,-345.1135238634698,1395.9589088506914,-1.908864587193357,-455.1331043661123,1200.39278320085,-3.9675173095306433,-504.3516126691197,1054.1128907902419,-4.026070988971349,-2.81756460286201,793.4586174061129,-3.6951416790714253,0.47897284198036677,800.4340953551379,0.45656972197955925,0.030343689696397474,799.9854662028539,0.007940569695589941,-0.17011024032497785,799.7850122728324,-0.19251336032578537,-0.8940004835802688,799.0611220295772,-0.9164036035810763,204.18747944002743,1501.9344422703,1.4879375795770613,346.51604786314743,1404.8118721698318,-3.235773992497272,453.5548124959882,1194.4577234022315,2.7945699826952093,499.2047236548811,1048.880571992261,2.0095643619034136,1.7404098502646907,800.780400025456,3.1874216888861224,-0.6980978832933535,799.2570246298641,-0.720501003294161,-0.8539322718699918,799.1011902412874,-0.8763353918707993,-0.25087961542649634,799.704242897731,-0.27328273542730386,0.7545878060162756,800.7097103191737,0.7321846860154682,-148.72847744637605,902.787101026955,1.7230130429829842,-149.3339739690573,552.1816045042738,1.117516520301735,-149.84441307706092,101.67116539627018,0.6070774122981004,-0.5808865902345455,799.3742359229229,-0.6032897102353529,148.6011585662044,897.0855800928733,-1.8503319231546398,149.47238967659533,547.9568112032642,-0.9791008127637006,148.4362349834388,96.92065651010769,-2.0152555059202304,-1.395823396631836,798.5592991165256,-1.4182265166326435
9,0.09,0.6402541394688286,1700.5898747856136,0.6151151479711925,-0.03002328694904416,1549.9195973591957,-0.05516227844668023,1.4983899805817251,1301.4480106267265,1.473250989084089,2.0988793512163744,1402.0484999973612,2.0737403597187383,1.7265691691097058,1201.6761898152545,1.7014301776120697,1.481727173191196,1101.431347819336,1.45658818169356,0.9574845829099643,1000.9071052290547,0.9323455914123282,-198.47827916843536,1499.5656911310389,-0.9348760456548308,-345.65993940568825,1395.1435155326446,-2.633000275617181,-453.82522786368827,1202.0946828226276,-2.4323783701852792,-505.54883355686576,1052.8017136668968,-5.304734844145939,-2.169902903195986,794.3927034192283,-2.8915881968804378,-0.5873724758852246,799.3622481702595,-0.6125114673828607,1.6502717465578673,801.5998923927026,1.6251327550602312,-1.3263479180283484,798.6232727281164,-1.3514869095259845,0.6394312193069936,800.5890518654517,0.6142922278093575,202.2072248853446,1500.0499812346118,-0.45058594208185454,345.4718572038029,1404.0849741036109,-4.1484084158359265,454.1381365592388,1195.329640115276,3.5105383994663875,497.6087633895566,1047.3037079803646,-0.018736030614372456,1.704596860485955,800.717014240449,3.2762968883164767,0.04965008006816862,799.9992707262129,0.024511088570532552,1.7689487817489757,801.7185694278937,1.7438097902513396,1.0202430051136615,800.9698636512584,0.9951040136160254,-0.24729604694518684,799.7023245991995,-0.2724350384428229,-149.23219362456754,902.474986137317,1.2754134829167714,-149.59934968797026,552.1078300739143,0.9082574195140364,-149.85700548704042,101.85017427484415,0.6506016204438863,1.411426234229955,801.3610468803747,1.386287242732319,150.5643423744235,898.8571626125389,0.05673526693919184,149.4623588038653,547.7551790419807,-1.0452483036189995,149.26608665806927,97.5589068961847,-1.2415204494150471,0.48860597955939966,800.4382266257041,0.46346698806176356
10,0.1,-0.24843274040406385,1699.6957239866767,-0.27628490499500824,-0.027269899777346118,1549.9168868273034,-0.05512206436829048,0.7575722738458041,1300.7017290009267,0.7297201092548598,-0.10835722833054859,1399.8357994987502,-0.13620939292149295,-0.9508337287250043,1198.9933229983558,-0.9786858933159486,-0.8588770195930023,1099.0852797074879,-0.8867291841839466,-0.2661117633879434,999.6780449636927,-0.2939639279788877,-198.73717216312846,1499.3575876781554,-1.1964284742223257,-345.298986454737,1395.2615202950756,-2.424404968675186,-453.0729709475991,1203.2215593592616,-1.4602746180558355,-503.3950015412653,1054.801445964022,-3.243314087409379,-1.3613425079968275,795.4821050357341,-1.930210798175988,0.6466301251832989,800.590786852264,0.6187779605923545,-0.6270994488222391,799.3170572782585,-0.6549516134131834,1.1513947372877695,801.0955514643684,1.1235425726968251,1.3806222714181855,801.3247789984989,1.352770106827241,203.54991782813198,1501.4918966509306,0.9378804985529301,346.4677294072483,1405.3753680695434,-3.0244707056348976,454.2345329413499,1195.7388056348334,3.744245113450303,498.82458316228553,1048.5379552265874,0.750538625727124,2.3106122706474572,801.3018121407031,4.000011535518976,0.039349606219745814,799.9835063333004,0.011497441628801452,-0.5995027489280552,799.3446539781527,-0.6273549135189995,1.3386318181630728,801.2827885452438,1.3107796535721283,-0.5997975956267872,799.3443591314539,-0.6276497602177316,-148.40289131907326,903.4965837518624,2.1606918247931493,-148.52599338915897,553.3734816817768,2.037589754707453,-150.4201705047479,101.4793045661879,0.14341263911852775,-0.044240461904529516,799.8999162651762,-0.07209262649547388,149.2363295137689,897.3368544428332,-1.3272536300975128,149.48129176531143,547.5818166943757,-1.0822913785550035,150.3754062812199,98.47593121028412,-0.18817686264650302,0.4066766995833886,800.350833426664,0.3788245349924443
11,0.11,-0.233880430320338,1699.704854483403,-0.2644205879617626,1.1741755146813642,1551.1129104284048,1.1436353570399396,0.1352501440734836,1300.0739850577968,0.104709986432059,0.3825116427904382,1400.3212465565139,0.3519714851490136,-0.4383383301234234,1199.5003965836,-0.468878487764848,0.010982834541146874,1099.9497177482644,-0.019557323100277718,0.31739005867988757,1000.2561249724031,0.286849901038463,-197.02532901020484,1501.1233303261845,0.516544468724565,-345.3964086950663,1394.9478686398281,-2.6482535899991357,-453.69640109367356,1202.9523645863007,-1.8720717888186416,-502.4549266910527,1055.5477363189023,-2.4060587634664183,-0.5288344141090993,796.5880370848569,-0.9493945328248685,1.6455248547038053,801.584259768427,1.6149846970623807,-2.1442986210908863,797.7944362926323,-2.174838778732311,0.9983713241319165,800.9371062378551,0.967831166490492,-0.949814318774185,798.988920594949,-0.9803544764156096,202.72012868395578,1500.764657043769,0.15787118630910774,345.7272512371459,1404.9056636649273,-3.640935317055342,453.15482281286666,1194.9950723168158,2.8059367796073915,499.3420509076394,1049.074929138194,0.8106959688288148,-0.27376648370649265,798.7008520662018,1.5247826586367803,0.03670383939015168,799.9754387531134,0.0061636817487270845,-0.4172168743772482,799.521518039346,-0.4477570320186728,1.0495509991708942,800.9882859128942,1.0190108415294696,-0.3935886599314342,799.5451462537918,-0.4241288175728588,-147.82964242077486,904.2628628768098,2.7897454844859735,-149.3996192085915,552.6928860889931,1.2197686966693244,-149.46243236695787,102.63007293062672,1.1569555383029817,-0.9951178762159203,798.9436170375074,-1.0256580338573449,149.840222339898,897.7477170423134,-0.779165565362845,147.40077181927882,545.3082665216942,-3.2186160859820347,149.44433549921553,97.35183020163093,-1.1750524060453293,0.24260847168208696,800.1813433854053,0.21206831404066237
12,0.12,0.4196097292638737,1700.3529690746182,0.3864092275365828,0.9447183989436698,1550.878077744298,0.9115178972163789,0.4538154485422813,1300.3871747938965,0.42061494681499034,0.42628900019412275,1400.3596483455483,0.3930884984668318,-0.44472285415783464,1199.4886364911963,-0.4779233558851256,-0.4432964036880813,1099.490062941666,-0.47649690541537226,1.6528422502843247,1001.5862015956386,1.619641748557034,-198.47404442610426,1499.731586476844,-0.9272248088445576,-345.27589508503223,1394.879475723327,-2.6277616763358878,-453.6628195654461,1203.3188883177297,-1.6358310775212281,-501.80759501401957,1055.9623261433521,-1.8712509801574988,-2.1204847354535175,795.2607146269346,-2.3985852357582527,0.22182722594281595,800.155186571297,0.18862672421552507,0.25563473849039736,800.1889940838446,0.22243423676310647,1.9913442790769795,801.9247036244312,1.9581437773496888,1.9773733641007238,801.9107327094549,1.9441728623734331,202.81160078374847,1500.9618987278454,0.303087442156855,345.80918722918705,1405.2337199201484,-3.439576395129772,452.2722043757699,1194.4705979208088,2.068214043018958,500.7084830728942,1050.4636877624218,1.712551736508269,-0.137167254001457,798.8237568264326,1.7604612568567106,0.23042719577774867,800.163786541132,0.19722669405045778,-0.678633469985805,799.2547258753684,-0.7118339717130959,-1.4129289950400497,798.5204303503142,-1.4461294967673404,0.830901449400122,800.7642607947544,0.7977009476728311,-148.0208262566653,904.2654740586038,2.654159931821961,-147.53951165468231,554.7467886605867,3.1354745338049126,-147.99712886384515,104.28917145142394,2.6778573246421025,0.37110970614703875,800.3044690515013,0.3379092044197478,150.8193015900495,898.5330012747804,0.1443154015622483,148.70180567491457,546.4155053596455,-1.973180513572681,149.00113642486602,96.71483610959693,-1.6738497636212302,0.006699339654513997,799.9400586850088,-0.02650116207277689
13,0.13,-1.5036129124761513,1698.4244212284834,-1.5394436543711567,0.9504979801164413,1550.878532121076,0.9146672382214358,-0.7946008348526721,1299.1334333061068,-0.8304315767476775,1.6380472595029933,1401.5660814004625,1.602216517607988,1.0237712469658637,1200.9518053879253,0.9879405050708583,-1.461543647649887,1098.4664904933097,-1.4973743895448925,1.0254946919948453,1000.9535288329544,0.9896639500998399,-198.0946222217839,1500.1710096363263,-0.5390186208673804,-346.7631849287724,1393.2311193826088,-4.1882922361984525,-452.92556341843994,1204.3669590428376,-0.7056083844478824,-503.21538040372667,1054.2838337278322,-3.400421916971519,-3.964125163818013,793.670795504225,-4.106847963754529,-1.096493137070625,798.8315410038889,-1.1323238789656305,1.0729099338807746,801.0009440748403,1.0370791919857691,2.270788683545714,802.1988228245052,2.234957941650708,0.5919982498066312,800.5200323907661,0.5561675079116257,202.76679961991528,1501.025975168061,0.3159469108675256,346.78185180842524,1406.4270206741446,-2.352593374036297,451.1513783764395,1193.7289746769814,1.0951595364396938,501.1905286460766,1050.9725955191673,1.7262859156560406,-0.8909814872682387,798.0573757097716,1.0941906320377004,0.28644549426791416,800.2144796352275,0.25061475237290876,1.8369713861401722,801.7650055270997,1.8011406442451667,1.1931699991105276,801.1212041400701,1.157339257215522,-0.34779476736738313,799.5802393735921,-0.38362550926238853,-148.4830881962272,903.9977898783537,2.2472497557245177,-147.58785760573465,554.8930204688463,3.1424803462170594,-148.9292168740444,103.5516612005365,1.801121077907285,-0.5477231264868698,799.3803110144727,-0.5835538683818753,148.28212308275624,895.8012450081753,-2.4482148691954566,147.5705518974938,545.0896738229129,-3.1597860544579,148.7609565058188,96.28007843123787,-1.9693814461329187,-0.04514281917934257,799.8828913217802,-0.080973561074348
14,0.14,-1.3176686936008222,1698.605094703816,-1.3560971320048412,1.4096882820998033,1551.3324516795167,1.3712598436957844,2.4359341373160506,1302.358697534733,2.397505698912032,0.14899137651265032,1400.0717547739296,0.1105629381086314,-0.030697354801917764,1199.892066042615,-0.0691257932059367,0.1603447384024779,1100.0831081358192,0.12191629999845896,-0.006920227454341843,999.9158431699625,-0.04534866585836078,-197.24750915658,1501.0811055843167,0.32073209438337774,-344.5860983886186,1395.2754080237191,-2.057387688381475,-454.48325885726587,1203.0971929348866,-2.0807050940829055,-503.0546837169619,1054.1371090694267,-3.368997495752262,-1.130586300887016,796.7461183047611,-1.1461295568447365,-0.38374652216170163,799.5390168752551,-0.42217496056572057,-0.6776679837149693,799.2450954137018,-0.7160964221189883,-0.8236607633665769,799.0991026340503,-0.8620892017705959,1.1652590658224589,801.0880224632393,1.1268306274184399,202.14518782606117,1500.5162320806505,-0.24414140928292594,346.0400114138253,1405.8795797046923,-2.985706688549206,451.9013277278852,1194.8780126933787,1.9951200898816825,501.10566014255335,1050.9207941273546,1.1729057547798651,-0.7902312468945842,798.1449378291991,1.2695557023528885,-0.15430830553568997,799.7684550918812,-0.1927367439397089,0.7323720614004405,800.6551354588173,0.6939436229964216,-1.4199094052839563,798.5028539921328,-1.4583378436879753,0.12886791721895957,800.0516313146358,0.09043947881494062,-148.83355372457362,903.8426900353484,1.9518442959710391,-149.64661927670537,553.0296244832166,1.1387787438392794,-148.2793177597493,104.39692600017268,2.5060802607953603,0.8335584367188946,800.7563218341357,0.7951299983148757,148.75484723182348,896.0786034719015,-2.0305507887211616,149.99468298854984,547.3184392286279,-0.7907150319947951,149.14201046140204,96.46576670148006,-1.6433875591426168,0.6864675659915119,800.6092309634083,0.648039127587493
15,0.15,-0.25496678088156904,1699.6625844068103,-0.2959579488465605,0.26999545290478943,1550.1875466405966,0.22900428493979796,0.3673910592130111,1300.2849422469048,0.3263998912480196,0.5022113686286116,1400.4197625563204,0.46122020066362013,1.3740598608416668,1201.2916110485335,1.3330686928766753,0.14151923789035115,1100.0590704255821,0.10052806992535966,-0.5509810074384522,999.3665701802535,-0.5919721754034437,-199.40748349335524,1498.9870438489847,-1.8227408212068923,-344.45302388289946,1395.3042919330792,-1.9432583197522713,-455.05458492666844,1202.7902322429063,-2.480429377649285,-501.50792678003256,1055.3412316728381,-1.958300458203797,-2.979713482240966,795.1256960235899,-2.8772650396687247,-1.3503945085311584,798.5671566791607,-1.3913856764961499,1.0142309514532437,800.9317821391451,0.9732397834882522,-0.05076793290563919,799.8667832547862,-0.09175910087063066,1.5714564669742899,801.4890076546661,1.5304652990092984,202.8635000448741,1501.3492824299028,0.5394977597110125,345.20723305797793,1405.214292030131,-3.7158071786908966,451.7241625211339,1195.1185889696892,1.9695544214355416,501.06716400872347,1050.9231733738075,0.6692083276655758,0.3187820435116102,799.2384236005694,2.438950123050509,1.3965352560094446,801.3140864437013,1.3555440880444531,-0.5918408101839716,799.3257103775079,-0.6328319781489631,1.0593975871454189,800.9769487748373,1.0184064191804274,0.2646169706936936,800.1821681583856,0.22362580272870214,-149.66918371600977,903.2032052900837,1.170932110213863,-148.72374066595123,554.1486483401422,2.1163751602724186,-147.28829686866794,105.58409213742557,3.5518189575557138,2.239737013873446,802.1572882015653,2.1987458459084546,148.5412902975998,895.6689012915062,-2.2988255286238504,148.73170994043494,545.8593209343414,-2.108405885788701,149.46126447407784,96.58887546798435,-1.3788513521457997,0.22515705400554534,800.1427082416974,0.18416588604055387
16,0.16,-0.64421058488165,1699.268190974162,-0.6877271098526121,0.8810950975847989,1550.7934966566286,0.8375785726138367,0.365792738563735,1300.2781942976073,0.3222762135927729,0.8144442821642166,1400.726845841208,0.7709277571932545,-0.3388041384001502,1199.5735974206436,-0.38232066337111237,1.6294421923372493,1101.541843751381,1.5859256673662872,-1.6692964377770427,998.2431051212666,-1.7128129627480049,-196.3169699797234,1502.1463427631447,1.2881422410954046,-345.7068142241854,1393.9751661610944,-3.1886791133034067,-453.4216829951191,1204.663337601549,-0.6875034863668685,-504.0686402818967,1052.4044124317584,-4.660647739867403,-3.7476650274980097,794.5724254089121,-3.537267877833271,1.4285724395607895,801.3409739986043,1.3850559145898274,-0.6649824630918793,799.2474190959517,-0.7084989880628414,2.5277230606024594,802.4401246196461,2.4842065356314973,1.1426933018562995,801.0550948608999,1.0991767768853373,202.78561398625166,1501.3888776223955,0.5306771003461643,346.36777081597194,1406.5148228661392,-2.4590677019935168,452.12788953365043,1195.9574211107781,2.5258054060894053,501.31316582458425,1051.219377292854,0.4567782569491252,-2.5306948102905853,796.3694122186357,-0.3655808898083741,-0.7851951428633835,799.1272064161802,-0.8287116678343457,1.2629458263933033,801.1753473854369,1.2194293014223412,-0.06366865049461823,799.848732908549,-0.10718517546558035,-1.4582765739899375,798.4541249850537,-1.5017930989608994,-148.06755846550558,905.0017327131568,2.8268767209051053,-149.31909907094953,553.7501921077128,1.5753361154611452,-148.49612808540667,104.57316309325576,2.398307101004039,-0.4405774589827336,799.4718241000609,-0.48409398395369574,146.97437440771202,893.9050832290496,-3.9200607786986685,148.55950125703532,545.4902100783729,-2.334933929375381,149.28182305954775,96.21253188088534,-1.612612126862943,0.5508121078191304,800.4632136668628,0.5072955828481682
17,0.17,0.5663104670255208,1700.4736289982657,0.5203083443045821,0.004247786755663896,1549.9115663179957,-0.04175433596527481,0.936677829198597,1300.8439963604387,0.8906757064776583,0.4514360785304966,1400.3587546097706,0.4054339558095579,0.534582613691196,1200.4419011449313,0.48858049097025735,0.851218383789074,1100.7585369150293,0.8052162610681353,-0.36375011962840376,999.5435684116117,-0.4097522423493425,-199.1766844600746,1499.358224896855,-1.5473359789062007,-345.5519575011048,1394.083698978035,-2.9981609469149695,-453.44595322289604,1204.8545930616983,-0.5638582350779946,-502.5537995856902,1053.5116456419948,-3.2916970895358766,-3.9701421072071943,794.5498627414964,-3.6625533463415243,0.9711826343850595,800.878501165625,0.9251805116641207,0.15158518556726328,800.0589037168073,0.10558306284632457,0.24699231366576302,800.1543108449058,0.20099019094482432,0.1840058303828605,800.0913243616229,0.1380037076619218,203.0208832479021,1501.7442404708172,0.8386795950559827,346.3390605048205,1406.5981044895716,-2.3984466997595417,451.46477236409567,1195.7454318539735,2.0154630403508405,502.5269737236267,1052.4941293560714,1.22230423904349,-2.3427862510004713,796.5321815417423,-0.1492455894664505,-0.36538522993313227,799.5419333013069,-0.411387352654071,0.46411669254976473,800.3714352237898,0.418114569828826,0.9157678502302443,800.8230863814703,0.8697657275093056,-1.0405258971463918,798.8667926340936,-1.0865280198673304,-147.17376733593483,906.0931453857527,3.7745267862076877,-148.97952278680395,554.2873899348835,1.9687713353385612,-149.1884595947903,104.07845312689723,1.759834527352205,0.5826229675913606,800.4899414988314,0.5366208448704218,148.4061828565538,895.1392701348664,-2.5421112655886833,149.4926575787641,546.2257448570766,-1.4556365433783993,148.3868616042944,95.11994888260688,-2.5614325178480923,0.47697240339886743,800.3842909346389,0.43097028067792875
18,0.18,-0.5176840778984018,1699.3846220168853,-0.5661296725337834,0.5912873073102858,1550.493593402094,0.5428417126749041,0.7324458986337298,1300.6347519934175,0.6840003039983482,-0.10225266302478747,1399.800053431759,-0.1506982576601691,-0.45227475786309357,1199.4500313369206,-0.5007203524984751,-0.6222305518255964,1099.280075542958,-0.6706761464609781,0.10952037512576293,1000.0118264699096,0.061074780490381314,-197.07140575208305,1501.5378452327375,0.5860384977769039,-346.92099950723883,1392.697409100693,-4.304372965051457,-453.9874552475039,1204.5035066047315,-0.9700319159415108,-501.8314435011466,1053.79707620363,-2.718077880473437,-2.2243388305131235,796.4802774001549,-1.8308836655903535,-0.15169475443034863,799.7506113403534,-0.20014034906573025,0.9769516738281393,800.8792577686119,0.9285060791927577,0.5193274023627646,800.4216334971466,0.47088180772738303,1.3954659198429615,801.2977720146267,1.3470203252075799,202.83760698727397,1501.6835350160604,0.7317282810999758,345.3530956548238,1405.6957141023927,-3.3023106230861927,452.13140425244694,1196.8778264531404,2.834440149855473,502.28553607089617,1052.3256728868182,0.5460106283396252,-0.5621222019395411,798.2805925148731,1.6423735809021491,2.8015048518718877,802.7038109466556,2.7530592572365062,0.5310656690710394,800.4333717638548,0.4826200744356578,-0.8996659230344212,799.0026401717494,-0.9481115176698027,0.6021876903934942,800.5044937851773,0.5537420957581125,-148.3348639856156,905.1303365904963,2.6667607320952333,-146.84057470042066,556.6246258756912,4.161050017290174,-148.22223242763647,105.24296814847548,2.7793922900743677,-1.2804174397634767,798.6218886550203,-1.3288630343988583,149.43571538994357,895.9705148138316,-1.5659093277672587,149.02285173900586,545.557651162894,-1.9787729787049702,148.9350628560001,95.46986227988813,-2.0665618617107544,1.3106221484568734,801.2129282432406,1.262176553821492
19,0.19,-0.9555924430296291,1698.9417757661197,-1.0064370384926886,0.19835213924121692,1550.0957203483904,0.1475075437781574,0.5169765100233512,1300.4143447191725,0.46613191456029174,0.4901618817806098,1400.3875300909299,0.4393172863175503,2.2461151031681825,1202.1434833123174,2.195270507705123,1.9841641978729023,1101.8815324070222,1.933319602409843,-0.5729806862639324,999.3243875228853,-0.6238252817269919,-196.9864994341909,1501.6997674374911,0.7028870948670921,-345.12793771510695,1394.502271692626,-2.42153612152733,-454.606487965136,1204.0494312586147,-1.4667485268584628,-501.3794450504702,1053.785213095406,-2.41617503719332,-2.714009641887629,796.1595860999803,-2.2464320293025604,-0.9607730415999097,798.9365951675494,-1.0116176370629693,-0.7532379733924616,799.1441302357568,-0.8040825688555211,-1.0535360683529884,798.8438321407963,-1.1043806638160478,0.5446206810559604,800.4419888902053,0.4937760855929009,203.43360846560878,1502.4044452282074,1.4075648855832443,345.71528627686416,1406.112734192414,-2.8655737211301546,450.69147143653794,1195.9168607539968,1.5457386788939584,501.98632635489514,1052.112639820348,-0.1714827542591449,-1.1013046909252462,797.7006403168016,1.095865797639672,-0.6187113313181738,799.278656877831,-0.6695559267812333,0.005451400294925635,799.9028196094442,-0.04539319516813389,1.3695317576076649,801.2668999667569,1.3186871621446055,-0.3478455368652943,799.549522672284,-0.3986901323283538,-146.8798020375841,906.7842836342527,4.1745509857350624,-148.88214954657184,554.7819361252649,2.1722034767473324,-149.09520180285048,104.5688838689863,1.959151220468689,0.7239955946693455,800.6213638038186,0.673150999206286,149.09186585879866,895.4277801869619,-1.962487164520535,147.58956420822634,543.9254785363895,-3.464788815092838,149.0372810382011,95.37319536636429,-2.017071985118101,0.9247755758096818,800.8221437849589,0.8739309803466223
20,0.2,1.6503959894456086,1701.5429047904777,1.5971991869668511,0.41860846590965645,1550.311117266942,0.365411663430899,-0.3801149124845706,1299.5123938885476,-0.43331171496332804,1.297580672290005,1401.1900894733221,1.2443838698112475,-0.7375264797103513,1199.1549823213218,-0.7907232821891088,1.4302424233890276,1101.3227512244212,1.3770456209102702,0.21318082703313584,1000.1056896280653,0.15998402455437838,-196.51827046857503,1502.2476113050411,1.2068860593162012,-345.14108076684624,1394.529859166054,-2.3182818664679004,-454.4155386050036,1204.3796166170268,-1.1668655165088964,-502.0076522016671,1052.6687712780692,-3.1942839312829987,-2.544312040142449,796.4825097835177,-2.014623557998802,-0.41865336500203115,799.4738554360301,-0.4718501674807886,0.494674095773009,800.3871828968051,0.44147729329425156,0.46657186583530674,800.3590806668675,0.4133750633565493,1.3127483498330856,801.2052571508652,1.2595515473543282,203.4965733892234,1502.59451351132,1.5537882655952049,346.01172679029685,1406.4350217493059,-2.502428832726883,450.91780496330443,1196.6338978618012,1.9215044677749673,503.62342763453125,1053.8501203055982,1.0668999526765508,-2.5459847485909295,796.2053941798105,-0.3750738195749215,-0.8870671098225726,799.0054416912096,-0.9402639123013301,-0.34316229084506583,799.5493465101871,-0.3963590933238233,-0.9871651740781899,798.9053436269539,-1.0403619765569474,1.2823645175685867,801.1748733186007,1.2291677150898292,-149.94642976281227,903.9170527333772,1.1599692392510697,-148.2492117921876,555.6142707040019,2.8571872098757307,-149.02739564052473,104.83608685566482,2.0790033615385926,-0.4658303224035107,799.4266784786287,-0.5190271248822682,149.1305900780065,895.267107581817,-1.975808924056835,148.50960039928265,544.6461179030931,-2.596798602780676,147.666939736783,93.80345724059346,-3.4394592652803246,0.5048877562513816,800.3973965572835,0.4516909537726242
21,0.21,0.14382692261177474,1700.031558685223,0.08832700594045231,0.882666915942879,1550.770398678554,0.8271669992715566,0.771347114472053,1300.6590788770832,0.7158471978007305,-0.5768381764202972,1399.3108935861908,-0.6323380930916197,0.6258642322539816,1200.5135959948652,0.5703643155826591,0.8709135261714109,1100.7586452887826,0.8154136095000886,0.4161922877125482,1000.3039240503238,0.36069237104122576,-197.0468075920509,1501.801208438808,0.717922080302737,-345.7942138985017,1393.9461763669708,-2.8288163973039544,-455.50307116015443,1203.4054206970584,-2.15916111375507,-501.26916605462714,1052.8973746859451,-2.6039036004416056,-1.5976107462498819,797.5667670501632,-1.0179393091195652,-0.22742367607777586,799.6603080865335,-0.2829235927490983,1.44050175321267,801.328233515824,1.3850018365413477,2.085771930332837,801.9735036929441,2.030272013661514,1.4269135284522716,801.3146452910636,1.371413611780949,201.66606920749334,1500.893160171314,-0.19012618719137975,345.89647025801634,1406.3164834773897,-2.559072039840006,451.7568915843715,1197.9739240134081,2.907541135106121,504.36518599884397,1054.707302749691,1.4323216371906247,-1.6303357078809828,797.0595395960888,0.49489238115500234,1.0080546635507528,800.895786426162,0.9525547468794304,0.651015082198798,800.53874684481,0.5955151655274755,-0.25458382671820307,799.633147935893,-0.3100837433895255,1.2171519868751466,801.1048837494864,1.1616520702038242,-149.58587230460864,904.4774164365751,1.5718042177069897,-148.0599360936996,556.0033526474842,3.097740428616027,-149.91502877796415,104.1482599632197,1.2426477443514907,-0.21532556354137727,799.6724061990699,-0.2708254802126997,148.20916717573152,894.1458784345476,-2.9485093465841263,148.24547498240332,544.1821862412195,-2.9122015399123233,148.69853274537238,94.63524400418854,-2.459143776943252,1.7136054206366185,801.6013371832479,1.658105503965296
22,0.22,0.42339117636142776,1700.3064321261847,0.3656395124398937,-0.3737828227678288,1549.5092581270555,-0.43153448668936295,2.056437838969827,1301.9394787887932,1.9986861750482925,0.4822884988744847,1400.3653294486978,0.4245368349529506,0.933014984981185,1200.8160559348046,0.8752633210596508,0.15878010317744762,1100.0418210530008,0.10102843925591348,0.16024540851502564,1000.0432863583384,0.1024937445934915,-195.2041965112492,1503.728389136696,2.603879112391858,-344.8254526900125,1395.0128077487166,-1.691772870194888,-453.27233568620665,1205.7235006243718,0.15285724396720002,-503.27945403207883,1050.3584229117791,-4.7588657023041225,-3.353528670224251,795.9330188036571,-2.7359686828481506,0.4610826312603489,800.3441235810836,0.4033309673388148,0.789156481432512,800.6721974312558,0.731404817510978,1.5205790212354717,801.4036199710588,1.4628273573139376,-0.6191911388331952,799.2638498109901,-0.6769428027547293,203.3360287406122,1502.694167219778,1.5696571954736374,345.5369406911222,1405.924488763698,-2.868289424732658,450.7183781934132,1197.4450580930609,2.0128175097327703,501.61662223477555,1052.0898736307838,-1.6675770163963222,-2.251038158536484,796.36540750888,-0.19123192691026986,-1.50679207625419,798.3762488735691,-1.564543740175724,-0.12796271485373495,799.7550782349696,-0.18571437877526908,-0.5356693728498353,799.3473715769735,-0.5934210367713695,1.0098675918621898,800.8929085416855,0.9521159279406557,-147.75688776693352,906.5064972647117,3.4512056294272275,-149.42713555914187,554.8362494725033,1.780957837218875,-147.69293738193102,106.57044764971415,3.5151560144297447,-0.6285420487135488,799.2544989011097,-0.686293712635083,147.9360816115019,893.6726965798567,-3.2720117848588686,146.95648952416153,542.6931044925163,-4.25160387219924,146.58139562623484,92.31801059458967,-4.626697770125917,0.7408574682932016,800.6238984181165,0.6831058043716676
23,0.23,-0.9041962120214854,1698.9742439686308,-0.9641460081907796,2.26122570368754,1552.1396658843398,2.2012759075182453,1.5889551971101055,1301.4673953777624,1.5290054009408112,-0.25203157787463026,1399.6264086027777,-0.31198137404392445,0.750496343276974,1200.6289365239293,0.6905465471076797,-0.4854181574805061,1099.3930220231719,-0.5453679536498003,-0.20692516717048814,999.6715150134818,-0.26687496333978233,-196.840881591394,1502.1786207893826,1.0142767135130544,-346.2535969485394,1393.7105647225324,-2.9265633852040427,-453.20724596866,1205.8499346466135,0.28507588035270026,-501.3629486805709,1051.7304711480429,-2.9819496595268062,-1.2548181818318136,798.1389906610423,-0.6112837015863313,0.4462605644491674,800.3247007451015,0.3863107682798732,-0.27048629626106535,799.6079538843912,-0.33043609243035954,-0.17090900379606344,799.7075311768563,-0.23085879996535763,1.0929481743499312,800.9713883550022,1.0329983781806371,201.42530443517515,1500.9162328115722,-0.24811126429746522,346.79488400481387,1407.120820980145,-1.5685053527894683,450.07451334331876,1197.3179983115463,1.5089121375965935,503.31133065944977,1053.9319061520257,-0.29679785561459454,-1.3440140121367594,797.1862528971151,0.6304957864378679,0.1663306365954306,800.0447708172477,0.10638084042613641,2.0131572221882195,801.8915974028405,1.9532074260189254,-1.2007792119696235,798.6776609686827,-1.2607290081389175,2.0158717641519632,801.8943119448043,1.9559219679826692,-148.27396675889034,906.1896679770508,2.9835847070006785,-149.28141387499656,555.1822208609447,1.9761375908944683,-148.85923026611277,105.60440446982838,2.398321199778257,1.0370132590198875,800.9154534396722,0.9770634628505933,149.65415805273702,895.1905233167959,-1.6033934131539942,147.89057933811478,543.4269446021736,-3.366972127776237,148.94610828686734,94.48247355092622,-2.3114431790236862,1.5525435754820025,801.4309837561343,1.4925937793127082
24,0.24,-0.09654026208682487,1699.7773929713467,-0.15863235465645426,-0.5120114533638922,1549.3619217800697,-0.5741035459335215,1.8272721539612968,1301.7012053873948,1.7651800613916673,1.4689461560181978,1401.3428793894518,1.4068540634485682,0.22664529699590202,1200.1005785304294,0.16455320442627264,0.05841809152189181,1099.9323513249553,-0.003674001047737574,0.5451933947558943,1000.4191266281894,0.483101302186265,-196.10678135340203,1503.0018924771055,1.7991545830094289,-345.5763107805748,1394.5413071246933,-2.0315568076975157,-455.2443059742645,1203.848295062184,-1.6991511687547445,-500.0860937282146,1052.450161916075,-1.8379454874270624,-2.782315415513309,796.7045104584066,-2.124397851354516,1.6006929678221717,801.4746262012557,1.5386008752525422,1.760250707430954,801.6341839408644,1.6981586148613244,0.03671946007426491,799.9106526935078,-0.025372632495364478,0.22970146332380506,800.1036346967574,0.16760937075417567,202.95740854871812,1502.58271161711,1.3799737230140963,346.05287523086764,1406.2881847235428,-2.2772746784244804,449.3041014462837,1197.069981633137,0.8739704538302835,505.7000358468337,1056.4844085676202,1.797554190919874,-2.739416816456523,795.6912754926979,-0.8700281329167578,2.324646622554679,802.1985798559882,2.26255452998505,-0.7489578047329543,799.1249754287005,-0.8110498973025837,0.478479000815461,800.352412234249,0.41638690824583163,0.3186237950169747,800.1925570284504,0.2565317024473453,-147.32055594844297,907.3433279122728,3.9853907862844626,-149.5883800416249,555.0755038190908,1.717566693102529,-148.33907148612332,106.32481237459247,2.966875248604112,1.2999781117117757,801.1739113451453,1.2378860191421464,148.0553744756357,893.3914906149199,-3.2505722590917383,148.33777361754278,543.673889756827,-2.9681731171846546,149.097268656464,94.43338479574822,-2.2086780782634223,0.9396525375338135,800.8135857709673,0.8775604449641841
25,0.25,0.5084217805044715,1700.3779456256761,0.44424541986746025,-0.6841783017433669,1549.1853455434284,-0.7483546623803782,-0.051502659022474584,1299.8180211861493,-0.11567901965948585,-0.9622767645398052,1398.907247080632,-1.0264531251768165,0.2917528200055085,1200.1612766651772,0.22757645936849724,1.3884652074993593,1101.257989052671,1.324288846862348,0.8063380343780602,1000.67586187955,0.7421616737410488,-197.72979972856479,1501.4702038155763,0.23056135045545068,-347.1491355548002,1393.1489320921662,-3.3630891362832784,-453.15354404646075,1205.9487131080582,0.43006381660165754,-501.0976556484651,1050.8718905200653,-2.9739823926912807,-0.17763490703510243,799.3888036385491,0.4835332743149352,-0.21488792216264618,799.6546359230092,-0.27906428279965745,1.001144710495833,800.8706685556677,0.9369683498588218,-0.6092188134792449,799.2603050316926,-0.6733951741162562,0.5329630228712053,800.4024868680431,0.4687866622341941,202.91798338391865,1502.679085249792,1.4394427846712916,345.1634045007135,1405.279291507035,-3.1421963620611764,448.99385585409544,1197.2861421286862,0.6940608045810305,503.2234733398255,1054.1881983570865,-0.9418634355267927,-1.9707103642948964,796.3465504779599,-0.2260285566322986,-0.9818508801724684,798.8876729649994,-1.0460272408094795,1.7911325453350426,801.6606563905069,1.7269561846980315,2.034071655818857,801.9035955009907,1.9698952951818458,0.9925851830790472,800.862109028251,0.9284088224420359,-148.51392447665407,906.3500365540249,2.8392450722313947,-149.297373660508,555.566587370171,2.055795888377461,-149.43236573574598,105.43159529493295,1.920803813139485,0.4296381429582489,800.2991619881301,0.36546178232123766,148.76467383491388,893.9007128042349,-2.5884957139715676,148.39654416165735,543.5325831309783,-2.9566253872281187,149.1727915132078,94.30883048252889,-2.180378035677647,-1.2491357212727965,798.6203881238991,-1.3133120819098076
26,0.26,-0.6122606807312732,1699.2529550291463,-0.6784611181087699,1.4659333250988602,1551.3311490349765,1.3997328877213635,-0.4670107992839235,1299.3982049105937,-0.5332112366614201,-0.07939612359563025,1399.785819586282,-0.14559656097312695,0.46306386372999786,1200.3282795736077,0.39686342635250116,2.119761214289947,1101.9849769241675,2.0535607769124504,-0.557725630749762,999.307490079128,-0.6239260681272587,-196.99780411389423,1502.2955870078347,1.0205765721124291,-346.41448891576556,1394.090377179546,-2.3644595870109257,-453.42581552525934,1205.660575131097,0.18183955363140114,-499.8779488173341,1051.5185563313366,-1.8687710659502885,-1.3776803533250133,798.2559708279753,-0.7238061922827357,-0.9337355299697363,798.931480179908,-0.999935967347233,-1.2507696609830767,798.6144460488946,-1.3169700983605734,-0.34241328727593595,799.5228024226018,-0.40861372465343265,0.5380170129073172,800.403232722785,0.4718165755298204,200.56855950387657,1500.466720679768,-0.8082897559543452,345.2268536420811,1405.1948357466401,-3.062936656436923,448.51784647435187,1197.3389638915712,0.34262496160269873,503.10096651262353,1054.2624744807565,-1.294067195074415,-0.5775869735827781,797.612117694866,1.0232319695522207,-1.3601344982160426,798.5050812116617,-1.4263349355935393,0.3234465750307786,800.1886622849084,0.2572461376532819,2.8238482390368067,802.6890639489145,2.75764780165931,-0.10232733998762872,799.7628883698901,-0.16852777736512542,-149.28413778763309,905.7795397665171,2.1149670362243227,-151.06798700574305,553.9956905484072,0.3311178181143575,-148.11060704061367,106.95307051353663,3.2884977832437463,-0.3543504958533484,799.5108652140244,-0.4205509332308451,148.64996111996737,893.5862835658171,-2.749143703890037,147.16895162604803,542.1052740718977,-4.2301531978094,148.147417740405,93.08374018625469,-3.2516870834524325,1.5979848259361957,801.4632005358139,1.531784388558699
27,0.27,0.7766533296639038,1700.6376658065817,0.7084911392557027,1.1510215377194413,1551.0120340146373,1.0828593473112402,0.3253168850631157,1300.186329361981,0.2571546946549146,0.7780158007108677,1400.6390282776288,0.7098536103026667,0.30622331168715927,1200.167235788605,0.23806112127895818,1.8274442885977689,1101.6884567655156,1.7592820981895678,1.708364254924442,1001.5693767318423,1.640202064516241,-195.7455860356264,1503.6431462944174,2.334350127462084,-346.7262991708996,1394.0109883865111,-2.390561727241416,-454.5494223539841,1204.495901486316,-0.932094149777095,-499.246905106795,1051.5734692578912,-1.340690344098611,-2.5190526754291134,797.1705665374311,-1.8823091777050216,-0.6027555144752637,799.2582569624426,-0.6709177048834647,1.2163443664136027,801.0773568433315,1.1481821760054016,-1.2806656227550237,798.5803468541629,-1.3488278131632248,0.5167983089706214,800.3778107858885,0.44863611856242025,202.2976998254709,1502.3340145307677,1.0252183638125196,345.2000762882731,1404.9920739438621,-3.0826489635972596,448.5189546127969,1197.8697411875605,0.4619358072340381,502.9460851923814,1054.320473376208,-1.6440997394571264,-2.4524945605820796,795.5954601690981,-1.0140738144553447,-0.9107379686091293,798.9502745083088,-0.9789001590173303,0.7077022737717943,800.5687147506898,0.6395400833635931,0.525965321530422,800.3869777984484,0.45780313112222093,2.6456580347346503,802.5066705116526,2.5774958443264495,-148.7040618660128,906.5587657086895,2.7395704527200424,-148.021703787314,557.2411237873883,3.4219285314188457,-149.19757506234984,106.06525251235257,2.246057256383005,1.869095845646275,801.7301083225642,1.800933655238074,149.82737326265968,894.5645456879573,-1.6162590560731738,149.548326972771,544.2854993980686,-1.895305345961852,148.7899700995499,93.5271425248475,-2.653662219182949,0.5601837303612012,800.4211962072791,0.4920215399530001
28,0.28,-0.08731393945473975,1699.7696038099302,-0.15737345851835904,1.0149687168191242,1550.871886466204,0.944909197755505,0.5034133025320098,1300.360331051917,0.43335378346839054,1.8622325077830908,1401.719150257168,1.7921729887194715,1.3207520865876035,1201.1776698359724,1.2506925675239842,0.01329640186453801,1099.8702141512495,-0.05676311719908128,0.36453156241634915,1000.2214493118013,0.29447204335272986,-197.388305106493,1502.0976141161066,0.7566583301334899,-346.5562306562603,1394.438297481117,-1.914105276712154,-454.54085992229113,1204.4385979196456,-0.928143768284693,-499.678555077871,1050.565844436604,-1.862285238236686,-3.2729988067535825,796.4626356922247,-2.6624043949008076,0.4325385124703338,800.2894562618552,0.3624789934067145,-0.06097594570336451,799.7959418036816,-0.1310354647669838,0.37692317427841626,800.2338409236634,0.30686365521479697,1.8244336624783197,801.6813514118633,1.7543741434147004,201.71449955734963,1501.889893226303,0.5489374403298826,346.36352190162813,1405.951947468995,-1.9208499606537148,449.41234585013916,1199.2920566278588,1.4665729857480807,503.4099918129486,1055.0128145011518,-1.339692373287018,-2.9552281492691264,794.9369162481138,-1.696931172353338,1.2617844929844715,801.1187022423694,1.1917249739208522,1.2031028714386758,801.0600206208236,1.1330433523750565,1.4582740290329546,801.3151917784179,1.3882145099693353,2.238531168664602,802.0954489180494,2.1684716496009826,-149.90598469773832,905.5552036111508,1.5806422587922442,-146.6777946667765,558.7833936421126,4.808832289754068,-148.65410697343862,106.80708133545045,2.832519983091963,-0.22210823350700581,799.6348095158779,-0.2921677525706251,149.40084024581208,893.939651936923,-2.085786710718481,148.43467637090467,542.9734880620156,-3.0519505856258995,149.808127584894,94.34693927600496,-1.6784993716365546,0.40650158766148453,800.2634193370463,0.33644206859786524
29,0.29,0.2053112335446894,1700.058246316028,0.13342087805637443,1.0333465666964903,1550.8862816491799,0.9614562112081753,1.452607974982492,1301.305543057466,1.380717619494177,0.40866037339294947,1400.2615954558762,0.3367700179046345,2.4573063097908543,1202.3102413922743,2.3854159543025393,-0.5398200816014714,1099.313115000882,-0.6117104370897863,0.48480026900900136,1000.3377353514924,0.4129099135206864,-197.04136394096983,1502.543476324903,1.172029088927085,-347.29400018495704,1393.9817085047202,-2.3259286930150402,-452.9314927646082,1205.9577778240132,0.6624714852565634,-498.9436034525304,1050.7282026712155,-1.2028588396029192,-0.46850342459712746,799.304605915815,0.10784087737802295,-0.18797465189257312,799.6649604305908,-0.2598650073808881,0.6447428012368565,800.4976778837201,0.5728524457485415,1.8269352202960079,801.6798703027794,1.755044864807693,-0.7619672558460183,799.0909678266373,-0.8338576113343332,201.3723493025738,1501.6875763049852,0.31612906900953985,345.3429960318848,1404.7008412700488,-2.951659672437809,448.2639361978811,1198.6702525908293,0.42189175345587454,503.59446887455096,1055.4405292110705,-1.2782438570575234,-2.3316360396178766,795.3909750904173,-1.2701931377872193,1.4801346563458697,801.3330697388292,1.4082443008575547,-0.09938875714535411,799.753546325338,-0.17127911263366907,0.676720782494322,800.5296558649777,0.604830427006007,0.4785279994246512,800.3314630819079,0.4066376439363362,-149.56285686409439,906.0956635055938,1.9651023257726943,-148.41408659317418,557.244433776514,3.1138725966928993,-147.75708183019185,107.90143853949643,3.7708773596752385,-1.4779934615760562,798.3749416209073,-1.5498838170643712,147.38139249970666,891.7228721300185,-4.146566690160434,148.58092302730157,542.9224026576134,-2.9470361625655186,149.8195179417692,94.16099757208092,-1.7084412480978926,0.7210491210992578,800.5739842035827,0.6491587656109428
30,0.3,-0.05929183552536016,1699.7897761464098,-0.1329445012408651,0.4712220199188738,1550.3202900018541,0.39756935420336886,-1.0409740512622403,1298.8080939306728,-1.1146267169777453,-0.017435458542781557,1399.8316325233923,-0.0910881242582865,-0.01949849102595319,1199.829569490909,-0.09315115674145813,0.6090417377011805,1100.4581097196362,0.5353890719856755,1.1196370964119984,1000.9687050783472,1.0459844306964934,-196.37556138422104,1503.3098190873486,1.9095887631167607,-347.2941613116082,1394.2857167139389,-1.9817792892561947,-453.42485150608826,1205.3504629856177,0.1364217339428327,-499.69825511140414,1049.4075205710099,-2.017314186184054,-1.2690905305669522,798.5344688143801,-0.734092822730424,0.21943642451937379,800.0685044064545,0.14578375880386885,1.3894477193450305,801.2385157012801,1.3157950536295258,0.8021328471654714,800.6512008291006,0.7284801814499664,-1.0678649057017102,798.7812030762334,-1.1415175714172152,203.18717650197894,1503.642818080754,2.2425877565221377,345.6460825793452,1404.747004282551,-2.667379719217422,446.9862922545986,1197.9153365949505,-0.7600742628476659,501.7151263397562,1053.818271597959,-3.2436168861644745,-3.2663389184523526,794.2735572004904,-2.417305029906951,0.020914198200439105,799.8699821801356,-0.052738467515065834,1.2600676617098698,801.109135643645,1.1864149959943648,0.9312389907724884,800.7803069727076,0.8575863250569835,0.8301717223957699,800.6792397043309,0.756519056680265,-147.69821562743104,908.1563525475007,3.8692797834110237,-149.8480571989638,556.0065109759679,1.7194382118782678,-147.861731844548,107.99283633038381,3.705763566294091,0.8947942244424585,800.7438622063776,0.8211415587269535,147.50461737545973,891.650049200528,-4.062878035382351,148.9339927000631,543.0794245251313,-2.6335027107789615,148.54715979625334,92.69259162132157,-3.020335614588719,0.17175926971973632,800.0208272516549,0.09810660400423138
31,0.31,2.1635316496236308,1702.0088515520276,2.0881871988925598,-0.31104765077166113,1549.5342722516325,-0.38639210150273223,1.8730765710801394,1301.7183964734843,1.7977321203490682,2.189522646062118,1402.0348425484663,2.1141781953310472,-0.7363413980555826,1199.1089785043484,-0.8116858487866538,-1.0951141454409792,1098.7502057569632,-1.1704585961720504,0.7063758017027386,1000.5516957041068,0.6310313509716675,-197.9741863801344,1501.8132351546512,0.3859683865258028,-346.65794923286995,1395.2480671274661,-0.9841537194043243,-451.21614121115033,1207.4220726752499,2.2987568908307363,-498.7628899737525,1049.7865322335326,-1.1248442860977559,-0.7998546029373016,799.0287307030081,-0.31222118949267147,0.08785106127808773,799.9331709636822,0.012506610547016628,0.0018371573672367192,799.8471570597713,-0.07350729336383438,1.7260963745347462,801.5714162769387,1.650751923803675,-1.2434797809334286,798.6018401214707,-1.3188242316644998,201.29646806677357,1501.8929304962498,0.4656637281245968,347.1214085612884,1405.939812045158,-1.2192292383115562,449.5369922395451,1200.9833474812126,1.877750466262821,502.7067708050816,1055.079693107111,-2.300770391467284,-0.7180888082531864,796.6266531104645,-0.09567058503946013,1.1113724471665491,800.9566923495706,1.036027996435478,-1.940308186277472,797.9050117161266,-2.015652637008543,0.1885474975510722,800.0338673999552,0.1132030468200011,1.7198491229939123,801.565169025398,1.6445046722628411,-147.81982659814497,908.2292338414936,3.785271805634097,-149.1838340157776,556.865226423861,2.4212643880014952,-148.62516233643288,107.42389810320581,2.979936067346202,-0.4978159227117778,799.3475039796923,-0.573160373442849,149.12635410742985,893.0772936677912,-2.4787442963492277,147.89606664265432,541.8470062030157,-3.709031761124752,148.73072293882424,92.68166249918556,-2.8743754649548445,0.7008072579156379,800.5461271603197,0.6254628071845667
32,0.32,0.4983945519499403,1700.3400887978894,0.4214308044274032,0.5787661565884346,1550.4204604025279,0.5018024090658975,0.3683349454929904,1300.2100291914323,0.2913711979704533,-0.7926704561605387,1399.0490237897789,-0.8696342036830758,0.4310882106979515,1200.2727824566373,0.3541244631754144,0.8013929969803841,1100.6430872429198,0.724429249457847,1.3683650247360013,1001.2100592706754,1.2914012772134642,-199.3032625013562,1500.5875794765186,-0.8649407626554135,-348.0302907321648,1394.2227482565984,-1.9793032559348838,-451.7726701847839,1206.7059920453169,1.6824764486690382,-497.78552047165743,1050.2202489552656,-0.1724038549234731,0.308070569871735,800.1579248369786,0.7434613970526215,1.4017566625487452,801.2434509084881,1.324792915026208,-0.9704912984235516,798.8712029475158,-1.0474550459460887,1.4764665150474792,801.3181607609869,1.399502767524942,1.472771891756403,801.3144661376957,1.395808144233866,201.06973157162966,1501.8072445402997,0.3547243011256155,346.4974722934077,1405.0085924404107,-1.8785175643620275,447.986268027434,1199.9430025104293,0.4051277914217476,500.5590104837347,1053.213054926789,-4.46015363106394,-2.6094194059904536,794.5286686713499,-2.226311211258663,1.7617718489748713,801.6034660949142,1.6848081014523342,-0.13744852568566435,799.7042457202537,-0.21441227320820144,0.6861112870944227,800.5278055330338,0.6091475395718856,0.3781164998813846,800.2198107458207,0.30115275235884753,-148.3160555649755,907.9256551858437,3.3245722742472372,-149.05574858182348,557.1859621689957,2.5848792573992707,-150.23407735073704,106.00763340008209,1.4065504884857214,1.4002899683633379,801.2419842143026,1.323326220840801,148.58485553865972,892.3431447878406,-3.0557723005630177,149.05347979712042,542.8117690463013,-2.587148042102341,149.64257945156197,93.40086870074286,-1.9980483876607782,-0.02214640549470226,799.8195478404447,-0.09911015301723936
33,0.33,-0.4275184043585917,1699.410675956082,-0.5060270344711434,-0.08502410865918197,1549.7531702517815,-0.1635327387717337,0.1402284687490405,1299.9784228291896,0.06171983863648878,-1.4545039292563549,1398.3836904311843,-1.5330125593689066,2.8461598355906053,1202.6843541960313,2.7676512054780535,0.39157910403291674,1100.2297734644735,0.313070473920365,0.7828331803833602,1000.6210275408239,0.7043245502708085,-197.18327493050555,1502.812242369353,1.336285964378393,-349.3282584214191,1393.2915417528395,-2.88568313000195,-451.96921903727184,1206.3282000336296,1.4131588015411736,-497.9659957490141,1049.5117330300104,-0.35892674976935707,0.8095925175530851,800.6786724710015,1.1890483003852075,-0.003847686681371365,799.8343466737592,-0.08235631679392308,1.8794121044169638,801.7176064648575,1.800903474304412,0.032294151086353196,799.8704885115269,-0.04621447902619852,-0.17167231097917535,799.6665220494614,-0.25018094109172706,201.77173630606518,1502.6503515270165,1.1743951220418452,347.5740015396497,1405.7539811226593,-0.8452871106684232,446.19379353545065,1198.6524907085009,-1.3187034701519131,502.2610344800952,1055.20601657283,-2.732923617971327,-2.8967470424821395,794.0243177564961,-2.7639775345562536,2.1330332046885614,801.9712275651291,2.0545245745760097,-0.30723509490524026,799.5309592655353,-0.38574372501779197,1.0081522658475042,800.8463466262881,0.9296436357349525,-0.06654023201801573,799.7716541284225,-0.14504886213056745,-150.23450974879862,906.1977084741711,1.439431058565095,-149.60136627942623,556.8308519435435,2.072574527937479,-145.9920104668796,110.44020775609006,5.681930340484094,0.1813975046956416,800.0195918651361,0.10288887458308987,148.2758853743758,891.8436671514061,-3.398055432987905,148.35517279851783,541.9229545755481,-3.3187680088458817,147.33481816619823,90.90259994322855,-4.339122641165474,1.6712664645626516,801.5094608250032,1.5927578344500999
34,0.34,1.2784049056446372,1701.113228443787,1.198427695068204,1.4157222448277431,1551.25054578297,1.33574503425131,-0.3727794529823836,1299.46204408516,-0.4527566635588165,0.9341274897997662,1400.768951027942,0.8541502792233333,-0.18519262642099066,1199.6496309117213,-0.2651698369974236,0.11868163307034907,1099.9535051712126,0.038704422493916146,-0.013079152424626983,999.8217443857176,-0.0930563630010599,-196.5825978386219,1503.5187222925538,2.021179323526358,-346.56120706945165,1396.443890168347,0.28591625791557984,-451.68085176384136,1206.4144550349758,1.6161483545538413,-498.42450593901515,1048.5435724643673,-0.8038423144359135,1.2841709465299342,801.1721737007853,1.6052168573181664,0.198506615498738,800.033330153641,0.11852940492230507,1.58623960883352,801.4210631469757,1.5062623982570869,-0.14544151051403653,799.6893820276282,-0.22541872109046945,0.6570823073151647,800.4919058454574,0.5771050967387318,202.22636075970212,1503.2459508118002,1.7484078427727305,347.3977260711906,1405.223691083568,-1.0725420059103508,446.8341458533827,1199.7849388329132,-0.6195642817970581,501.4631193535775,1054.7071535898738,-3.469432931182866,-3.259319459263723,793.4356652314921,-3.3861103557463084,0.3164127316899037,800.1512362698321,0.23643552111347077,-0.5900409263828182,799.2447826117594,-0.6700181369592512,0.01750072876306885,799.8523242669053,-0.06247648181336407,1.3247052606579612,801.1595287988002,1.2447280500815283,-149.05607132970857,907.5641969024332,2.648821059128354,-147.95934373719132,558.6609244949505,3.7455486516455947,-147.16223503850114,109.45803319364059,4.542657350335776,1.0814564012415435,800.9162799393838,1.0014791906651106,149.647573207342,893.0273049752002,-2.05731918149493,147.9265811251645,541.3063128930228,-3.778311263672426,148.44273994333764,91.8224717111959,-3.2621524454992756,0.43588518249282177,800.2707087206351,0.35590797191638884
35,0.35,-0.5471429366862411,1699.2844420774345,-0.628510576729566,0.4192647049357539,1550.2508497190565,0.3378970648924291,-0.9377546563915137,1298.8938303577293,-1.0191222964348385,0.0997675463703287,1399.9313525604912,0.01839990632700389,2.026821473187339,1201.8584064873082,1.9454538331440143,-0.8836164122524371,1098.9479686018683,-0.964984052295762,0.87696952097317,1000.7085545350941,0.7956018809298453,-198.75140200942224,1501.4567183841625,-0.060531324239090134,-347.1533744820342,1396.2543003488981,0.10977377275919342,-450.7014309397509,1207.171776253279,2.4980383294677218,-497.50285909565264,1048.9765842090262,0.15163691831924136,-0.5935367981963436,799.3148326496179,-0.33214106562869283,1.1971715713305766,801.0287565854516,1.1158039312872519,0.47308593642302754,800.3046709505439,0.39171829637970274,-0.09744975287863122,799.7341352612423,-0.17881739292195603,0.44837093657555754,800.2799559506965,0.36700329653223274,201.38527844262376,1502.545535845156,1.02828613675457,345.8177221552236,1403.2678538865414,-2.710904959943884,447.1142997061388,1200.545910532641,-0.29083894747282807,502.38672071616264,1055.9360620208097,-2.4491302302504647,-1.3535394037994157,795.1077932584385,-1.747177925624845,-1.519708197615309,798.3118768165057,-1.601075837658634,0.3581569940166227,800.1897420081375,0.27678935397329785,0.4818714783839896,800.3134564925049,0.4005038383406648,0.6222116697629818,800.4537966838839,0.540844029719657,-149.88897440823163,906.9165588179013,1.8443618523920207,-148.05724046849977,558.7482927576331,3.676095792123866,-148.13606716603812,108.66946606009479,3.597269094585535,1.8129666601846206,801.6445516743056,1.7315990201412959,148.9551879523176,892.1496547261847,-2.7781483083060463,149.30257725245744,542.4970440263245,-2.430759008166207,149.98848791842065,93.18295469228777,-1.7448483422029855,0.20729088983748856,800.0388759039585,0.12592324979416375
36,0.36,0.7528994606659102,1700.5813814254902,0.6702213509853768,-0.17802525195163,1549.6504567128727,-0.2607033616321634,1.3057757507273533,1301.1342577155515,1.22309764104682,-0.35418731025601147,1399.4742946545682,-0.4368654199365449,2.074852957830427,1201.9033349226547,1.9921748481498935,1.0271623210743752,1100.8556442858985,0.9444842113938419,-0.46443136142696506,999.3640506033972,-0.5471094711074984,-196.9981064000549,1503.3176790649477,1.7826305557545332,-349.82689770717974,1393.9993316698735,-2.1377731683816856,-450.87743833442767,1206.754619444753,2.2128479717854006,-496.8899047658875,1049.1243720831221,0.8190822992001808,2.0239974909084397,801.9559103509993,2.225739125165099,0.05643850523276206,799.884920470057,-0.026239604447771347,1.333001531504534,801.1614834963287,1.2503234218240005,-0.9804335284362133,798.848048436388,-1.0631116381167467,-0.23281540141435153,799.5956665634098,-0.31549351109488494,202.46377812531435,1503.7642146485005,2.2291661393072553,346.9943877976103,1404.0479914057619,-1.599643528297733,448.3431093160678,1202.2428927523147,0.9760085735667219,500.3781650331792,1054.2370647053933,-4.326858386913911,-1.3736279109419698,794.8481261524206,-2.0393542982689703,-0.17386880500708757,799.6546131598171,-0.256546914687621,0.9120971965251556,800.7405791613494,0.8294190868446223,0.512335118063891,800.3408170828881,0.4296570083833576,0.7296172298423647,800.5580991946666,0.6469391201618313,-147.7853502074273,909.2023234006031,3.9737751271530106,-149.8841367502722,557.1035368577582,1.8749885843081282,-149.5221135392682,107.4655600687623,2.237011795312148,-0.5230507529970192,799.3054312118272,-0.6057288626775525,148.8914417840368,891.9037681760063,-2.8676835505435223,150.18673660875794,543.1990630007275,-1.572388725822395,149.7219106233526,92.73423701532211,-2.0372147112277323,-0.267511008985716,799.5609709558385,-0.3501891186662494
37,0.37,-1.1856757236328719,1698.6398417829892,-1.2695825752934793,0.28878013037123185,1550.1142976369933,0.2048732787106245,0.6440135583284894,1300.4695310649506,0.5601067066678821,1.2155481904283438,1401.0410656970505,1.1316413387677364,0.07979797032173086,1199.9053154769438,-0.004108881338876491,0.09859663216320574,1099.9241141387852,0.014689780502598393,0.6757311230577967,1000.5012486296798,0.5918242713971894,-197.06164672341666,1503.3625336256575,1.8116202259118985,-348.31557551469086,1395.943838149691,-0.19208542710976817,-450.92313845084067,1206.4497095605632,2.0468566629246814,-499.2282972372173,1046.346546509042,-1.4439220190945021,0.48984881404513225,800.4501804641636,0.6331556894045514,0.9589185248702419,800.7844360314923,0.8750116732096345,0.2455793290016099,800.0710968356237,0.16167247734100254,0.6071245973749431,800.4326421039971,0.5232177457143358,1.3443569016590549,801.1698744082811,1.2604500499984475,201.7911957593588,1503.2311419728196,1.6802285730739963,348.19834144759943,1404.835910790591,-0.46777306019918263,445.61874320235665,1199.972734901985,-1.7211288737301391,501.17867998551355,1055.3492576425983,-3.362811976555092,-2.3956546092384237,793.5823865535451,-3.3365659792206097,0.19390361241719412,800.0194211190393,0.10999676075658676,1.2104213865083011,801.0359388931304,1.1265145348476937,1.321790373456398,801.1473078800785,1.2378835217957906,-0.17281682090224293,799.6527006857199,-0.2567236725628503,-149.43189697907422,907.7344417109495,2.350215446845786,-148.25397411886513,558.9123645711586,3.5281383070548844,-149.00878000439965,108.15755868562407,2.773332421520359,0.06868397005576099,799.8942014766778,-0.015222881604846361,149.60839283554742,892.4420541455237,-2.173719590372583,149.55889349500512,542.3925548049814,-2.223218930914879,149.2388844587528,92.07254576872909,-2.5432279671672138,0.8199255980927033,800.6454431047148,0.7360187464320959
38,0.38,-0.6044402638309266,1699.2182544305508,-0.6894924039416698,0.9625654890257225,1550.7852601834074,0.8775133489149793,-0.5700376295892876,1299.2526570647924,-0.6550897697000307,0.8103478225717395,1400.6330425169533,0.7252956824609964,1.1030119514444086,1200.925706645826,1.0179598113336654,-0.4619979719615984,1099.36069672242,-0.5470501120723416,0.5610201885976459,1000.3837148829793,0.47596804848690283,-199.7899850247817,1500.743182824461,-0.8216377571279978,-349.66563897918894,1395.0402025944074,-1.1009869424513636,-451.98336861210583,1205.1132466822883,0.8558113259348493,-496.2137055069493,1048.9494991504062,1.667004729289646,-0.7583115397355278,799.2369588740006,-0.6710247507895444,0.8892639159972435,800.7119586103789,0.8042117758865004,0.6782003392624254,800.5008950336442,0.5931481991516823,-2.0230907767417174,797.79960391764,-2.1081429168524606,0.4762105087820146,800.2989052031637,0.39115836867127146,199.25033420894871,1500.8289392699064,-0.7358813116825114,346.43913512673595,1402.6424136308701,-2.3053453604192464,447.314903971612,1202.107872831335,-0.008780360280396748,502.2659587724763,1056.748091658425,-2.0809588681068942,-1.2058776542744432,794.5262404296316,-2.4228493360787318,0.35788226325710915,800.1805769576388,0.272830123146366,0.8077162616580275,800.6304109560397,0.7226641215472843,-0.36850177428725184,799.4541929200944,-0.453553914397995,-0.9549777533493958,798.8677169410323,-1.0400298934601389,-149.95035228081036,907.3908154332908,1.8517986679751994,-147.59904794388743,559.7421197702138,4.203103004898132,-149.46225772790584,107.8789099861954,2.3398932208797287,0.5228232147863036,800.3455179091679,0.4377710746755604,148.63558124565776,891.2944135315565,-3.1665697031278013,149.80385914973337,542.4626914356321,-1.9982917990522058,147.61793017630941,90.27676246220818,-4.184220772476151,0.7593235702902433,800.5820182646719,0.6742714301795002
39,0.39,0.780792131165259,1700.6008086512309,0.6946798391211618,0.09626492135947062,1549.916281441425,0.010152629315373418,-0.5619538759742064,1299.2580626440915,-0.6480661680183036,0.09594625121999234,1399.9159627712856,0.009833959175895135,2.069173979698732,1201.8891904997645,1.9830616876546348,-1.9814189730704364,1097.8385975469953,-2.0675312651145337,0.41631184733776216,1000.2363283674035,0.33019955529366496,-198.66262620939983,1501.9799825376965,0.4032340796276238,-349.25557841883904,1395.908514503759,-0.24458577130646775,-448.0692409214483,1208.7351999399013,4.629221809684423,-497.4573717059911,1047.3238308451475,0.5404769728595737,0.4617477304812432,800.5000480249306,0.49658205734408645,0.7312062919480193,800.5512228120137,0.6450939999039222,0.4737578705099819,800.2937743905758,0.3876455784658847,1.1358909772407952,800.9559074973066,1.049778685196698,0.38965544954850156,800.2096719696143,0.30354315750440436,200.62989035704948,1502.3461220397064,0.7693735816374114,348.15825167077617,1403.910289026177,-0.6704533679493944,447.53049165331703,1202.7459961474885,0.21176777402931513,500.5312808859823,1055.3225117596141,-3.5919035154002388,-2.8437240101133687,792.6423003200788,-4.335349346207346,0.43454355797520033,800.254560078041,0.34843126593110313,0.004492900478855755,799.8245094205446,-0.08161939156524145,0.5572290311361615,800.3772455512019,0.47111673909206425,0.8161451877742388,800.63616170784,0.7300328957301416,-149.01704746676768,908.4947434691974,2.8020481691126564,-147.33156163067036,560.1802293052947,4.487534005209978,-147.9063936701902,109.60539726577478,3.9127019656901236,1.9874132060139569,801.8074297260797,1.9013009139698598,150.45553110230225,892.9437401663372,-1.3635645335780762,148.57529646947089,541.0635055335058,-3.2437991664094437,148.9989448056399,91.48715386967493,-2.8201508302404203,0.9531991711928036,800.7732156912585,0.8670868791487064
40,0.4,1.280712317331689,1701.0981982286874,1.193626649059095,-0.12390596067396853,1549.6935799506816,-0.21099162894656243,0.31388616597470437,1300.1313720773303,0.22680049770211047,-0.5361815634679852,1399.2813043478877,-0.6232672317405791,0.2748774284470814,1200.092363339803,0.1877917601744875,0.5913289807902471,1100.408814892146,0.5042433125176532,0.500408635040782,1000.3178945463965,0.41332296676818814,-198.2554383385253,1502.496923646227,0.9102459855945264,-349.5096724380593,1396.123045972435,-0.04879714094342291,-451.53846143754834,1204.958984086565,1.0100389210909138,-496.69492648454917,1047.7355244356486,1.4405246466076984,1.9550848331968167,802.045985118814,1.9421309333520753,-0.404864349100021,799.4126215622557,-0.4919500173726149,0.32004271851424776,800.13752862987,0.23295705024165386,0.6807852374828071,800.4982711488385,0.5936995692102132,0.8256765723020456,800.6431624836578,0.7385909040294517,200.49486669224956,1502.3475116594689,0.7608339988364934,347.99537675862086,1403.2805812480453,-0.9229611687769526,445.5543683807648,1201.1748166632742,-1.7707622716405582,499.1593317482858,1054.2547964039463,-4.713049705911025,-1.0676998439745122,794.1741972004663,-2.830249289924134,1.623097533473422,801.4405834448291,1.536011865200828,0.94820718937847,800.7656931007342,0.8611215211058763,2.3368973174832472,802.1543832288389,2.2498116492106535,1.4305582326805995,801.2480441440363,1.3434725644080054,-149.69446113271243,907.9833696355053,2.1383421462469077,-146.53963130078392,561.1381994674338,5.293171978175424,-148.88206951979464,108.79576124842303,2.9507337591647085,0.023547949189418826,799.8410338605452,-0.06353771908317507,148.40907926065157,890.7312484924339,-3.423724018307766,147.68046436530966,540.0026335970921,-4.152338913649669,148.58739826493633,90.90956749671868,-3.2454050140229986,-0.3084343034187962,799.509051607937,-0.3955199716913901
41,0.41,0.7825803301650988,1700.5976860604644,0.6946096558642689,0.8476673674368465,1550.6627730977361,0.7596966931360165,2.130468249854579,1301.945573980154,2.042497575553749,1.4135604725462554,1401.2286662028457,1.3255897982454257,0.44512655300199977,1200.2602322833013,0.35715587870116994,2.223375314096895,1102.0384810443963,2.1354046397960653,-1.0653152638537495,998.7497904664456,-1.1532859381545795,-198.14306539421395,1502.719219456819,1.124628384078765,-350.26808846347103,1395.8421561791026,-0.3554379251736336,-450.5453359630925,1205.6314493491564,1.844645719676214,-495.9494072320814,1048.1629167166384,2.3435740054042267,1.0988358505766265,801.2532752525088,1.0437849103555632,1.7351456791638684,801.5502514094633,1.6471750048630387,0.9517211991713047,800.7668269294707,0.8637505248704749,1.0526447569394812,800.8677504872388,0.9646740826386515,1.2770437534485206,801.0921494837479,1.1890730791476907,201.3246415970348,1503.3123059151173,1.7177148423769584,346.70932933805193,1401.5135156206434,-2.3035757237416017,445.73491035142933,1201.7416238969854,-1.608086861684827,500.8315913320378,1056.2239666343762,-2.7651928095443843,-0.5638877573609842,794.4380644012341,-2.5912879465204046,1.7753344611129487,801.5904401914123,1.6873637868121187,0.740206002459891,800.5553117327593,0.6522353281590612,1.676003014421469,801.4911087447208,1.588032340120639,0.4251228029256877,800.240228533225,0.3371521286248579,-147.86089028834817,909.9780126902758,3.982243198488197,-150.0080531920304,557.8308497865936,1.835080294805983,-149.90200728005536,107.93689569856863,1.941126206781011,0.09329555074001894,799.9084012810393,0.005324876439189108,149.78749596723938,891.9485929886155,-2.0556375195969814,150.53738357742137,542.6984805987973,-1.3057499094150036,149.494194820067,91.655291841443,-2.3489386667693686,-0.8127142018362902,799.0023915284631,-0.90068487613712
42,0.42,0.5362986553389403,1700.349177427323,0.44753289413826225,0.8608520234862072,1550.6737307954702,0.7720862622855291,0.40674989326111244,1300.219628665245,0.3179841320604344,1.2255631696511515,1401.038441941635,1.1367974084504735,0.11686928693457743,1199.9297480589184,0.028103525733899404,2.1355154025814396,1101.9483941745652,2.0467496413807615,0.1465296925214914,999.9594084645053,0.057763931320813366,-198.7353045260928,1502.2369286450948,0.636454793713103,-351.0449323989891,1395.5502468187913,-0.6802701927457224,-451.47071141735324,1204.3729356007898,0.7529131161689067,-498.23688701432445,1045.5910616939584,0.23281955531710952,2.103862504674817,802.3340223949922,2.0133504608733954,2.638997526413159,802.451876298397,2.550231765212481,-0.4469788317926725,799.3658999401911,-0.5357445929933505,1.5916967641416784,801.4045755361254,1.5029310029410003,-0.2226965096926462,799.5901822622911,-0.31146227089332423,198.42230423563203,1500.5434141326493,-1.057059718732412,348.66103616024907,1402.9714683482466,-0.4508745897911304,444.9323563016249,1201.305636846458,-2.440011707351429,499.7926489774125,1055.4721221118166,-3.506184485854659,0.8366551770278047,795.6051197781196,-1.4471780889495145,0.48587582095605175,800.2987545929399,0.3971100597553737,1.4828326606307711,801.2957114326146,1.394066899430093,1.8546432534881911,801.667522025472,1.7658774922875131,1.9331686770913366,801.7460474490751,1.8444029158906585,-149.9386992966282,908.0559186423768,1.9112501608001857,-146.73557110509174,561.2590468339133,5.11437835233664,-149.70104907805973,108.29356886094538,2.1489003793686536,1.0707086274885842,800.8835873994724,0.9819428662879062,150.5678190436413,892.5732011046363,-1.2821304137870968,151.1264328893117,543.1318149503066,-0.7235165681166733,148.54895747253204,90.55433953352693,-3.300991984896349,1.2034142817442604,801.0162930537281,1.1146485205435823
43,0.43,0.381194491137982,1700.1920022543732,0.2917250646717746,0.1959389593343251,1550.0067467225695,0.10646953286811772,-0.7006408406379535,1299.1101669225973,-0.7901102671041609,0.5629295397668972,1400.373737303002,0.4734601133006899,-0.2610932404552383,1199.5497145227798,-0.35056266692144566,0.24080118624069724,1100.0516089494758,0.15133175977448987,0.7357482281953451,1000.5465559914303,0.6462788017291377,-198.87161373730427,1502.2104477625924,0.6061343164284663,-351.2421120815386,1395.843903778479,-0.42685853225763926,-449.21401927939394,1206.285224386115,2.8361533015052136,-497.6429358936936,1045.9352635460693,1.021765450974172,2.671486248013854,802.9906478889875,2.5529999566588044,0.660133141608997,800.470940904844,0.5706637151427897,0.4257650694793207,800.2365728327143,0.3362956430131133,0.8311029466733101,800.6419107099083,0.7416335202071027,1.4378143297682997,801.2486220930033,1.3483449033020924,202.96905615584834,1505.2218590236623,3.6175455774983796,348.07003444699626,1401.8754643303573,-1.1448056005968485,445.57860043239873,1202.2977999632976,-1.8346383979226573,499.8710967524813,1055.8253562059792,-3.110017686854661,-1.1160390197258563,793.4277087180222,-3.6455636898907287,1.6408242056149787,801.4516319688499,1.5513547791487712,1.3514308498067067,801.1622386130417,1.2619614233404994,0.6741764733285726,800.4849842365636,0.5847070468623652,0.018663124294351907,799.8294708875294,-0.07080630217185546,-150.62063649595456,907.5239454241465,1.23248226428527,-149.6801168123103,558.4644651077908,2.173001947929529,-148.3522617343395,109.79232018576164,3.500857025900352,0.13268196402882804,799.9434897272638,0.04321253756262067,148.1217651223075,889.9771832022064,-3.731353637932327,150.74985715904512,542.605275238944,-1.1032616011947234,148.43818000717525,90.29359808707413,-3.414938753064584,1.9883654928571985,801.7991732560922,1.8988960663909913
44,0.44,-0.666907985708328,1699.1419873756345,-0.7569882005568638,0.23982733056586597,1550.0487226919086,0.14974711571733018,0.44259304794500653,1300.2514884092877,0.35251283309647075,2.3257351020652557,1402.134630463408,2.23565488721672,0.07941201506295015,1199.8883073764057,-0.010668199785585641,0.12177095129675397,1099.9306663126395,0.03169073644821818,0.8076325584200168,1000.6165279197628,0.717552343571481,-196.74042696305384,1504.45119635425,2.8450967382907786,-351.72383036901067,1395.8574092054862,-0.46105700809810535,-449.28160803809436,1205.8632018807814,2.58878408331744,-497.29277993406737,1046.0709140272186,1.5840710553275172,2.366758445404381,802.7891463938795,2.228531251109362,-0.27795758041098106,799.5309377809318,-0.36803779525951685,0.9467933308574208,800.7556886922002,0.856713116008885,2.1321763695116367,801.9410717308544,2.042096154663101,1.968629973418371,801.7775253347612,1.8785497585698352,201.04221959782748,1503.4247852375909,1.8186856216316847,348.04792403196257,1401.3386243233278,-1.2732371546239194,445.642191890366,1202.6857854208297,-1.8233645793897268,499.09903880617105,1055.3132874016567,-3.5472946979591047,-1.291431525574917,793.0387007040176,-4.053623114719749,0.9856570355903369,800.7945523969331,0.8955768207418011,0.6911905781509224,800.5000859394937,0.6011103633023867,0.9526596129397773,800.7615549742826,0.8625793980912415,-0.28547220384697136,799.5234231574958,-0.37555241869550715,-151.38543533515474,906.9029630923764,0.46707879043086553,-149.98103208081545,558.3073663467156,1.8714820447701666,-148.00772510883453,110.28067331869663,3.8447890167510597,0.8010351002302113,800.6099304615731,0.7109548853816755,149.1388115127058,890.8504130851746,-2.713702612879834,149.1456058258912,540.8572073983601,-2.7069082996944047,147.5894344210577,89.30103599352653,-4.263079704527907,-0.25995645452855,799.5489389068142,-0.3500366693770858
45,0.45,0.02724017511217569,1699.8343843279258,-0.06335654405807256,0.8839449062892861,1550.691089059103,0.7933481871190379,0.4296487498945101,1300.2367929027082,0.3390520307242618,-0.28797632702612375,1399.5191678257875,-0.378573046196372,-0.4264462774186173,1199.380697875395,-0.5170429965888655,1.096996793134935,1100.9041409459487,1.0064000739646866,-0.2498076641659488,999.5573364886477,-0.34040438333619705,-198.4345094246887,1502.8662618031124,1.2604373600260117,-351.9229811840152,1396.1563506262946,-0.2173990938770909,-448.4498268838843,1206.3317705679224,3.2352419085975224,-497.79344593080816,1045.3913462927683,1.3114126012110594,2.2255761968724395,802.7661889574747,2.0764740455096664,0.7012924001599338,800.5084365529736,0.6106956809896855,2.3293905998328857,802.1365347526465,2.2387938806626373,1.2348511925244026,801.041995345338,1.1442544733541542,-0.6084101692176449,799.1987339835961,-0.6990068883878932,200.58683203471557,1503.0970541453114,1.4912297022249512,349.3856488011709,1402.1534412915262,-0.04467927468780072,446.1992835876468,1203.5449444507842,-1.3299349989441143,501.25257275169105,1057.7095628628997,-1.0447223779060608,-0.6641606228112189,793.4657838740301,-3.643773869020305,0.733155338243728,800.5402994910573,0.6425586190734798,-0.13242774287771764,799.674716409936,-0.2230244620479659,1.577112512700046,801.3842566655137,1.486515793529798,0.6145926861908954,800.4217368390046,0.5239959670206471,-149.56418236060966,908.8614872131842,2.2838318761552943,-149.24210937104752,559.1835602027463,2.6059048657174286,-148.16097610129995,110.26469347249386,3.687038135464989,-0.7212837162039005,799.0858604366098,-0.8118804353741488,150.56446116203458,892.1387915882408,-1.283553074730367,148.49730360358163,540.0716340297878,-3.3507106331833283,150.63609872491662,92.2104291511228,-1.2119155118483376,2.105597117872942,801.9127412706866,2.0150003987026937
46,0.46,0.27162336604649434,1700.077180018197,0.18060578492747786,-0.6170776474372887,1549.1884790047131,-0.7080952285563051,-1.7409997187371111,1298.0645569334133,-1.8320172998561277,-0.6867743939219618,1399.1187822582285,-0.7777919750409783,0.7168733813436065,1200.522430033494,0.62585580022459,-0.21234863535915927,1099.5932080167913,-0.30336621647817574,1.8253353166885335,1001.6308919688391,1.734317735569517,-199.05855235148846,1502.3508048098086,0.7473224647966108,-351.5052506209849,1397.0735249894371,0.6368072862844405,-450.4281026414185,1203.9827676502339,1.066901587102011,-495.6074530142532,1047.4341440010737,3.7397997696202134,1.6616549334242523,802.3360844725806,1.5110542708604122,1.577072386437702,801.3826290385882,1.4860548053186857,-0.36458253387112316,799.4409741182794,-0.45560011499013964,0.004784097775857976,799.8103407499264,-0.0862334833431585,0.9366673411253514,800.742223993276,0.8456497600063348,201.40415714017797,1504.0397550487205,2.4362727037086076,347.92072313484175,1400.159001668555,-1.621059725659308,446.53458213014585,1204.1592595098555,-1.0694916476871508,497.7976989393952,1054.4777898168827,-4.139178942513228,-0.7798063636561661,793.16567861866,-3.959457860145557,1.5020880013092706,801.3076446534599,1.411070420190254,0.09854311966143037,799.904099771812,0.00752553854241389,2.090428236488141,801.8959848886387,1.9994106553691242,0.6118649420941417,800.4174215942447,0.5208473609751252,-150.13270227172484,908.4232952093581,1.7068022496023882,-150.1508203699364,558.4051771111466,1.6886841513908109,-148.94563631070415,109.61036117037888,2.8938682106231015,2.6790952082112396,802.4846518603617,2.588077627092223,150.66848526221062,892.1124877811277,-1.1710192591165995,148.6678507412151,540.1118532601321,-3.171653780112132,149.26717170895395,90.71117422787096,-2.572332812373274,0.9417182127730458,800.7472748649236,0.8507006316540293
47,0.47,1.6484627577758844,1701.4525980584363,1.55712126575582,-0.5696646427600394,1549.2344706579004,-0.6610061347801038,0.6481873743128292,1300.4523226749732,0.5568458822927648,0.07433549128574035,1399.8784707919463,-0.017006000734324123,0.004076846226082731,1199.8082121468865,-0.08726464579398174,0.9686654640163797,1100.7728007646767,0.8773239719963151,-0.08250460921419045,999.7216306914464,-0.17384610123425492,-198.56759921210215,1502.949633364588,1.350563281030392,-352.3537211867734,1396.7243395436267,0.2168815158182661,-447.59018381003756,1206.4437163486293,3.7108288626309838,-498.0459480677884,1044.8880087346815,1.5564501899015928,2.899076999736623,803.7233188421459,2.7567357870569444,0.1433838460348138,799.9475191466954,0.052042354014749326,1.1655505061380447,800.9696858067986,1.0742090141179803,0.4831128162475693,800.2872481169081,0.3917713242275048,0.4226227630572657,800.2267580637179,0.33128127103720123,202.33745390815434,1505.0959745413406,3.4969044577830495,349.33404588495193,1401.0377940814992,-0.32091264458437957,444.84549759654857,1202.7254960114642,-2.844424259966135,501.48156034498106,1058.3627972861855,-0.08644977349630834,1.9037221407389329,795.6827285507266,-1.4565488481165165,0.7620795975929845,800.5662148982535,0.67073810557292,0.2022423305046303,800.0063776311652,0.11090083848456583,-1.0593898674157376,798.7447454332448,-1.150731359435802,1.3900246123805604,801.1941599130411,1.298683120360496,-151.00494217398196,907.6740435355672,0.8219357635359934,-149.35978830153954,559.3191974080097,2.4670896359784207,-149.9462904100438,108.73269529950534,1.8805875274741743,-0.5158855530996027,799.2882497475609,-0.6072270451196672,149.564581987772,890.8855962782228,-2.2622959497459623,148.20356871726878,539.5245830077196,-3.6233092202491908,149.8603592334537,91.18137352390457,-1.966518704064266,0.6906961400831135,800.4948314407437,0.5993546480630491
48,0.48,1.0169160495345722,1700.8197985148256,0.925348855947435,0.06105978979576454,1549.8639422550868,-0.030507403791372623,0.49981851173514674,1300.3027009770262,0.4082513181480096,0.6666321742030089,1400.469514639494,0.5750649806158717,0.9180669095346298,1200.7209493748258,0.8264997159474926,1.397131839469178,1101.2000143047603,1.305564645882041,1.58017106939702,1001.3830535346881,1.4886038758098827,-198.14678673222335,1503.4774619350396,1.8848751634399472,-351.35369061176397,1398.2219980955845,1.6359573837198655,-449.0529036356126,1204.5990581816325,2.051013922672411,-497.9049911317887,1044.9564795348883,1.9635156203778834,1.0873549903749595,802.0776107136409,0.963278240483932,0.5916503232165862,800.3945327885077,0.500083129629449,1.274793487708032,801.0776759529991,1.1832262941208949,-1.3275023351521658,798.4753801301389,-1.419069528739303,1.336967111571083,801.1398495768622,1.2453999179839457,200.8989320706545,1503.7777521654143,2.185165393814481,352.5196135561284,1403.6854172247201,2.75033199599108,443.7312438574486,1201.842304306181,-4.055270479845752,498.32077615158613,1055.3789910526452,-2.872869382415447,2.365911382714186,795.9986036176756,-1.153647325342467,2.559689648310943,802.362572113602,2.4681224547238054,0.4239198883983267,800.2268023536894,0.33235269481118956,-0.47623758742190403,799.3266448778692,-0.5678047810090412,0.010193047265370625,799.8130755125565,-0.08137414632176654,-148.74169633452334,910.0525443709846,3.068339417432962,-151.00006961861712,557.7941710868909,0.8099661333391837,-152.72936259244977,106.06487811305824,-0.9193268404934529,0.4180821553317694,800.2209646206229,0.32651496174463224,149.1507961653444,890.3565554598364,-2.659239586611929,149.71535939308453,540.9211186875765,-2.0946763588717965,149.8099858448268,91.0157451393188,-2.0000499071295184,0.34986576203175673,800.1527482273228,0.25829856844461957
49,0.49,-0.8687211442417465,1698.9330792932537,-0.9604146228933775,0.5259125590440513,1550.3277129965395,0.4342190803924203,1.3446007239167903,1301.146401161412,1.2529072452651593,0.9370204999751365,1400.7388209374706,0.8453270213235055,-0.6822910859985506,1199.1195093514968,-0.7739845646501816,1.8222548970805907,1101.624055334576,1.7305614184289597,1.10248992126923,1000.9042903587646,1.010796442617599,-198.68527314757853,1503.0449834201372,1.460949542879384,-350.87925123391926,1399.1909266268508,2.5184094980281517,-448.20133499477276,1205.0649934621372,2.703213079559051,-497.3742281610316,1045.4492671291398,2.769422355635677,2.3687601914769183,803.5412342122435,2.2730614924814923,1.024603718355641,800.8264041558509,0.9329102397040099,-0.971031862029749,798.8307685754655,-1.06272534068138,-0.09395640084023549,799.707844036655,-0.1856498794918665,-0.3769782956894522,799.4248221418059,-0.4686717743410832,200.85612291635582,1503.8524514679216,2.2684175906637547,351.09052418726435,1401.716578399656,1.2063496006136973,445.4835206711008,1203.8009031424588,-2.410034457275647,498.5901700068506,1055.799102641927,-2.226568756995928,1.523107687673362,795.0317431677895,-2.132635027588411,-0.5765550545303894,799.2252453829649,-0.6682485331820204,0.9592603804154918,800.7610608179108,0.8675669017638608,1.8965146868470968,801.6983151243423,1.8048212081954658,1.9492998087181221,801.7511002462134,1.8576063300664911,-149.3052935880197,909.5960796759779,2.4835947165584193,-150.1206915625631,558.7806817014344,1.668196742015011,-149.63837019927863,109.26300306471897,2.1505181052995015,0.6887820633268287,800.4905825008221,0.5970885846751977,150.7661564608037,891.8647831968061,-1.0227318437744173,151.35092438298022,542.4495511189826,-0.4379639215978943,148.94512368104157,90.04375041704397,-2.8437646235365523,-0.528051221897783,799.2737492155975,-0.619744700549414
50,0.5,1.019790867392768,1700.8206822995185,0.9280716755232081,1.0079321039756568,1550.8088235361015,0.9162129121060969,2.3921757803882633,1302.193067212514,2.300456588518703,0.5110028428667558,1400.3118942749925,0.4192836509971959,1.025907503930464,1200.8267989360563,0.934188312060904,0.6379766261054951,1100.4388680582313,0.5462574342359352,0.1465107160780299,999.9474021482038,0.05479152420847,-199.02026239428596,1502.8148451682548,1.2414299426975544,-352.9813034578371,1397.5787647495524,0.8118454910835927,-446.9774624735345,1205.9008046469519,3.7262732552656437,-498.8149659045351,1044.0041880116692,1.6108109900597154,2.1649891670752464,803.5356817724728,2.1077497038216824,1.8108583619227847,801.6117497940486,1.719139170053225,1.0975941079057792,800.8984855400315,1.0058749160362193,0.38521852959740094,800.1861099617232,0.29349933772784104,2.1941596980166707,801.9950511301424,2.1024405061471105,200.00674007684074,1503.117621022018,1.5442057964606744,349.99181463887123,1400.0779254448266,-0.007244443724705785,445.78537832805245,1204.2839453762,-2.225323099895942,497.6744495785463,1055.005888765705,-2.7657716724230594,2.585893795814197,795.994711947557,-1.1813161148367248,0.26446148575463674,800.0653529178804,0.17274229388507684,1.371772246052705,801.1726636781785,1.2800530541831452,0.4789148747455294,800.2798063068714,0.3871956828759695,2.4983405611948806,802.2992319933206,2.406621369325321,-150.02539609104352,908.9746039089565,1.737959665833913,-148.8429759890745,560.1570240109255,2.920379767802931,-150.00164588295968,108.99835411704031,1.7617098739177293,2.4495346158585685,802.2504260479843,2.357815423989009,151.06519419232345,892.0651941923235,-0.6981615645539758,149.87250363131497,540.872503631315,-1.890852125562439,148.86684157969663,89.86684157969663,-2.896514177180794,1.6170709592695922,801.4179623913953,1.5253517674000323
51,0.51,0.39138284601822215,1700.191540432377,0.299739615612185,2.065777493647504,1551.8659350800065,1.9741342632414667,1.7518654249858885,1301.5520230113448,1.6602221945798514,1.054806755255774,1400.8549643416147,0.963163524849737,1.488132963840939,1201.2882905501997,1.396489733434902,0.5546505232336377,1100.3548081095926,0.46300729282760056,2.3357367017414674,1002.1358942881003,2.2440934713354306,-199.52514861616157,1502.4135046792937,0.8527676817226559,-352.4755686989128,1398.5683575734236,1.6990985853429594,-447.3380026367991,1205.151031559825,3.1643082874671626,-498.2841187876325,1044.5632284098128,2.4286055418452097,2.771763968272505,804.356262589232,2.762890584354476,1.435838258173344,801.2359958445322,1.3441950277673067,1.5302134694783098,801.3303710558372,1.4385702390722725,1.2296031469948063,801.0297607333537,1.137959916588769,-0.7091484273932551,799.0910091589656,-0.8007916577992923,199.64883136997437,1502.871146503067,1.3104095054958105,352.32552100233886,1401.8731017914356,2.2121629585739186,445.78189984756375,1204.436200929476,-2.3556649748998,497.41954442650666,1054.8434880593516,-2.647433152194321,1.8459101583591757,795.1810015803225,-2.0066124904767375,0.6240898911343518,800.4242474774932,0.5324466607283146,0.6919500746790671,800.492107661038,0.6003068442730299,0.13340818806063748,799.9335657744194,0.04176495765460031,0.7027272741213993,800.5028848604802,0.6110840437153622,-148.8662921595402,910.2234526630454,2.8670766599565862,-150.14554094158203,558.9442038810035,1.587827877914766,-149.96820189260475,109.12154292998079,1.7651669268920247,-0.4544043044465589,799.3457532819123,-0.546047534852596,149.0459887656328,889.9562439430473,-2.687380053863962,150.36627638960744,541.2765315670218,-1.3670924298893592,149.18940216589647,90.09965734331091,-2.5439666536003185,0.039911173099064334,799.840068759458,-0.051732057306972834
52,0.52,0.1383065090008685,1699.9379074676497,0.04684196440390753,1.5194299701580487,1551.319030928807,1.4279654255610876,0.5055364877768838,1300.3051374464258,0.4140719431799228,-0.37884917249516836,1399.4207517861537,-0.4703137170921293,-1.0468257690380784,1198.7527751896107,-1.1382903136350393,-0.042648018804673615,1099.7569529398443,-0.13411256340163458,-0.3267368393046006,999.4728641193443,-0.4182013839015616,-199.642583555225,1502.3981624243638,0.8521546973290717,-352.46247308206677,1399.0578766974816,2.07834922975711,-447.0412380859128,1205.058632907597,3.2598614736348583,-497.855664192035,1045.0511016362213,3.1465754122439495,2.7558999581542203,804.5691707057708,2.804983816313179,1.482717481855267,801.2823184405041,1.3912529372583062,1.2773237207204224,801.0769246793693,1.1858591761234616,0.07221138358860146,799.8718123422375,-0.0192531610083595,0.5276834634773506,800.3272844221262,0.43621891888038966,199.23539216716512,1502.5658642856804,1.0198565586454997,350.4414167257258,1399.453479258376,0.21491806517075018,445.31718020158934,1204.1015364727264,-2.9565323816619964,497.06889434480615,1054.5537270977109,-2.630928121284854,1.863052096463526,795.1522088559145,-2.0473819501114643,1.1430437306884227,800.9426446893373,1.0515791860914618,0.7620486183866565,800.5616495770355,0.6705840737896955,-0.3812085790198121,799.418392379629,-0.47267312361677305,1.8722756874421178,801.671876646091,1.780811142845157,-149.5917174202877,909.5785229859132,2.1071520349660333,-150.06056364228056,559.1096767639203,1.6383058129731762,-150.13949223801654,109.03074816818433,1.5593772172371674,2.532870031207107,802.332470989856,2.4414054866101464,149.1044775662767,889.9342371600758,-2.5943918889770226,151.42603711822022,542.2557967120193,-0.2728323370334931,149.53714825539998,90.3669078491991,-2.1617211998537345,0.04571030111239105,799.8453112597613,-0.04575424348456991
53,0.53,1.307358784025133,1701.106582311738,1.2161766454375296,0.6129054471012677,1550.4121289748143,0.5217233085136643,-0.23902319379915116,1299.5602003339138,-0.33020533238675454,2.0562382677342854,1401.8554617954474,1.965056129146682,1.0935010369311668,1200.8927245646441,1.0023188983435636,0.012657805432478075,1099.8118813331455,-0.0785243331551253,1.5840888803173532,1001.3833124080303,1.49290674172975,-199.69258026215863,1502.4486583459723,0.9194200515351874,-352.6970514872374,1399.2909207175085,2.1932261946337306,-446.3980670418796,1205.3139323683242,3.702852629379547,-498.6708097837916,1044.3250950576664,2.6211863881801554,3.746385686934657,805.8025671793182,3.8625630858548967,0.3732084230595694,800.1724319507725,0.28202628447196604,0.6813155946829442,800.4805391223958,0.5901334560953408,-0.3647874884726354,799.4344360392403,-0.4559696270602388,1.1477165924641761,800.9469401201771,1.0565344538765726,198.8079888243355,1502.2431851012661,0.7139468068289231,351.10314886818617,1399.5842890178321,0.7652339004602415,445.79454585305416,1204.6831351168642,-2.624123304037664,498.1368471673478,1055.6495345207557,-1.2046314478892208,1.854927307555776,795.1274754896525,-2.0849745248807086,1.898014562461132,801.6972380901741,1.8068324238735287,0.8858257985683554,800.6850493262813,0.794643659980752,0.2573350926786536,800.0565586203916,0.16615295409105024,-0.19399723949438197,799.6052262882185,-0.28517937808198535,-151.02164228324517,908.2194873700612,0.6381692704978738,-149.853339227633,559.3877904256733,1.806472326110043,-151.47470791763283,107.76642173567348,0.18510363611022163,1.4383092630601721,801.2375327907731,1.3471271244725689,150.48380298566383,891.2426733323574,-1.1760085680792236,149.91738619122944,540.6762565379231,-1.742425362513623,150.61101759419103,91.36988794088471,-1.0487939595520388,1.6495838029666112,801.4488073306795,1.5584016643790077
54,0.54,1.6937946038615783,1701.492821795408,1.6029995329137692,0.7487804465028026,1550.547807638049,0.6579853755549936,3.0819188565400966,1302.8809460480863,2.9911237855922876,0.6919589730619107,1400.4909861646083,0.6011639021141016,1.8707971268411854,1201.6698243183876,1.7800020558933762,0.5620640309038485,1100.36109122245,0.4712689599560395,1.666419119853903,1001.4654463114002,1.5756240489060938,-198.95870792046458,1503.281277244673,1.7708353260819534,-353.2508371100177,1399.1946300648974,1.9709219374704945,-446.5201345862272,1204.806483135355,3.3824435426113766,-498.6996039152643,1044.41347552067,2.880009508896746,4.216497526363552,806.5286990212281,4.408314416392601,1.1276220932717531,800.9266492848182,1.0368270223239442,1.0658110664854084,800.8648382580318,0.9750159955375994,-0.9328836790920905,798.8661435124543,-1.0236787500398994,0.14819187137388012,799.9472190629202,0.05739680042607109,198.82169583505444,1502.3580314142139,0.8475894956227427,350.8284065244236,1398.7847847917587,0.3813560645452625,447.1342922417007,1206.1012337494003,-1.4376256038665767,496.16780962471245,1053.6741067070718,-2.826745966429862,2.0621929327396464,795.34880872857,-1.8779076669320087,0.7439363231026817,800.542963514649,0.6531412521548726,0.30158025179611664,800.1006074433425,0.2107851808483076,-0.4962373214662197,799.3027898700801,-0.5870323924140287,1.7335944206789469,801.5326216122253,1.642799349731138,-151.30833297833897,907.9937341642386,0.3078285953881622,-149.3194393643614,559.9826277782162,2.2967222093657456,-149.87136712958122,109.43070001299637,1.7447944441459184,1.141280825596144,800.9403080171425,1.050485754648335,150.9394594008333,891.6373922582558,-0.6767021728938506,152.20501314179492,542.9029459992173,0.5888515680677817,149.65688893357873,90.35482179100116,-1.9592726401484035,-0.9287900683893311,798.870237123157,-1.0195851393371402
55,0.55,1.612819931508128,1701.4118336979784,1.5225174762446065,-0.12760860387047868,1549.6714051625997,-0.217911059134,0.8279644149165886,1300.6269781813867,0.7376619596530674,1.780234072732864,1401.579247839203,1.6899316174693428,-0.3140090925185357,1199.4850046739516,-0.404311547782057,1.1052967804381093,1100.9043105469084,1.014994325174588,0.17110963613456887,999.9701234026048,0.08080718087104755,-200.26853789757303,1502.068302938624,0.5786687929314247,-352.83502664112126,1400.05652605773,2.69903211773856,-447.01397187914836,1203.9309246132011,2.6928955171833744,-499.34856339110684,1043.9078787972444,2.51411334347027,1.6695339377461844,804.2496397554521,1.9448156471625266,0.12490082989093299,799.9239145963612,0.034598374627411665,0.9275280518276763,800.726541818298,0.837225596564155,0.2378920575695629,800.0369058240399,0.14758960230604157,0.015606430692215456,799.8146201971625,-0.07469602457130586,198.11382284330907,1501.747564653877,0.2579305081843484,352.346393036933,1399.7857099156636,1.7930323758210571,446.2187679478676,1205.2382067469252,-2.514134719326288,497.6297860571691,1055.0944596629442,-1.0317438470824611,1.1146233669431571,794.4471341398356,-2.795808969540458,-0.5053388602520372,799.2936749062183,-0.5956413155155585,-0.05818520757511114,799.7408285588951,-0.14848766283863246,2.6566526697627784,802.4556664362331,2.566350214499257,1.7172165920070654,801.5162303584774,1.6269141367435442,-149.72734210155394,909.6253784553647,1.8405570480625086,-151.95322773253292,557.3994928243858,-0.38532858291645633,-149.89453080893375,109.4581897479849,1.6733683406826985,-0.11150249401261059,799.6875112724576,-0.2018049492761319,150.19436331485537,890.8416427579367,-1.3735358347610829,152.25641045831014,542.9036899013914,0.6885113086936743,152.03536705999758,92.68264650307893,0.4674679103811257,-0.5965702052978006,799.2024435611725,-0.6868726605613219
56,0.56,0.027869608302198423,1699.8270545945122,-0.061833852402164324,0.7665035568094221,1550.5656885430194,0.6768000961050593,0.7957017419242246,1300.5948867281343,0.7059982812198619,1.0916181909425067,1400.8908031771525,1.001914730238144,2.288480527356506,1202.0876655135664,2.198777066652143,1.6053915428124974,1101.4045765290225,1.5156880821081347,2.036384149260469,1001.8355691354703,1.946680688556106,-199.1308581653394,1503.3008040533093,1.833971217435002,-353.23983424639783,1400.085160967613,2.5862060614424998,-446.6707216531037,1203.8972529818932,2.8438407207828607,-500.5018072636463,1042.922194226864,1.6369508420602694,4.329502936692858,807.1879851098063,4.695230574061011,1.5441388690992632,801.3433238553092,1.4544354083949005,-0.737346225281102,799.0618387609288,-0.8270496859854648,2.538932001333709,802.3381169875436,2.4492285406293464,0.9831774521700446,800.78236243838,0.8934739914656818,199.15130666045047,1502.8785774465696,1.4117446106952813,353.5928855847032,1400.5243518766858,2.9365699471750655,445.6602695676758,1204.706460100523,-3.2407608278746096,495.22455077882483,1052.6116127989271,-3.1201756751904477,2.889315965026509,796.3004878755933,-0.9612191569932401,1.5414278860120767,801.340612872222,1.451724425307714,-0.7967287283770657,799.0024562578328,-0.8864321890814284,0.7629729324200569,800.56215791863,0.6732694717156942,1.5602589313734638,801.3594439175833,1.470555470669101,-150.1954565682064,909.1973155173788,1.3195610902422423,-150.02611518237333,559.3666569032118,1.4889024760753178,-149.93808192517332,109.45469016041189,1.5769357332753198,1.2971924970368391,801.0963774832468,1.2074890363324764,151.16355126701114,891.770779181426,-0.3514663914375127,150.4341866242146,541.0414145386294,-1.0808310342340615,151.47662276133084,92.08385067574564,-0.038394897117791205,0.7668445600452994,800.5660295462552,0.6771410993409367
57,0.57,0.5130935409054074,1700.3126360419117,0.42409622833840355,0.531591904143376,1550.3311344051497,0.44259459157637215,0.7696721007724975,1300.5692146017786,0.6806747882054937,1.202462576409906,1401.002005077416,1.1134652638429021,1.1685017876009411,1200.9680442886072,1.0795044750339373,0.06852362355919017,1099.8680661245653,-0.020473689007813656,0.566342816032443,1000.3658853170386,0.47734550346543914,-198.32486196517786,1504.1994455658805,2.757387418609124,-354.9436729297715,1398.8009405058924,1.1529695765708203,-446.1578637182126,1204.0390919077445,3.1685536133103027,-499.12361380497316,1044.4900272385673,3.281823434794602,1.6724969109186463,804.8182379300225,2.1346918482243664,1.8274823558785527,801.6270248568848,1.7384850433115488,0.9653729714505198,800.7649154724567,0.876375658883516,1.03538101057883,800.834923511585,0.9463836980118261,0.8613686071634727,800.6609111081697,0.7723712945964689,197.59476690535277,1501.4115494663126,-0.03050868095877113,351.69789283649055,1398.132195032039,0.9424903949922209,445.6830178394137,1204.730406498121,-3.392654926446073,497.3502124918309,1054.6231628848498,-0.6960889868963887,2.735493285284984,796.2588071831066,-1.02479660636512,1.4708475686992684,801.2703900697054,1.3818502561322645,0.16575025690231537,799.9652927579085,0.07675294433531155,0.7392291915850546,800.5387716925912,0.6502318790180508,0.7773778991882359,800.5769204001945,0.688380586621232,-150.485895946174,908.9360238486223,0.9716287977255719,-150.87999416266518,558.5419256321311,0.5775305812343894,-149.78674963413155,109.63517016066479,1.6707751097680241,0.14024671899368057,799.9397892199999,0.05124940642667675,149.99954599119397,890.5776261963977,-1.4579787527056218,150.1188880997303,540.696968304934,-1.3386366441692694,151.36619253204674,91.9442727372504,-0.09133221185284057,1.0553406652758672,800.8548831662821,0.9663433527088634
58,0.58,1.0974598921953973,1700.8975477689542,1.0092765994013289,1.0897695082364705,1550.8898573849951,1.0015862154424018,0.9775990886232593,1300.777686965382,0.8894157958291906,1.3121133561411735,1401.1122012329,1.2239300633471046,0.164812133749622,1199.9649000105082,0.07662884095555333,2.142742515995759,1101.9428303927546,2.0545592232016907,1.059147070284061,1000.8592349470428,0.9709637774899925,-199.41575071621997,1503.1988861054178,1.7835535878118924,-353.18834035842065,1400.9609416366993,3.1565430246077977,-446.99662069158535,1202.8362832019282,2.146542255716694,-498.11308147070105,1045.7100587606003,4.547241379027583,2.345975856053415,805.7861032980887,2.909593622248317,1.2973500158275504,801.0974378925862,1.2091667230334817,0.46895943854868477,800.2690473153074,0.3807761457546161,1.6449442750518508,801.4450321518106,1.5567609822577824,0.8046671564058245,800.6047550331646,0.7164838636117559,199.1754327188852,1503.0775743551153,1.6622418375093522,350.96823006669507,1396.9174909233332,0.11810258977159749,446.132483986819,1205.1557903347805,-3.1236848549257625,497.80741207674845,1054.9294894175011,0.039184934150096495,3.538322944810962,797.2077403474059,-0.10150224648372297,-0.9483499895092754,798.8517378872494,-1.0365332823033442,1.225153711873198,801.0252415886318,1.1369704190791294,1.3285918115832385,801.1286796883419,1.2404085187891698,-1.8595012431856381,797.940586633573,-1.9476845359797066,-151.4844785337346,907.9554004275756,-0.08903573973387224,-150.57265640537193,558.8672225559383,0.8227863886287989,-150.17898403072311,109.26089493058714,1.216458763277605,1.939317931810761,801.7394058085695,1.851134639016692,148.81940627198622,889.379527310676,-2.5760365220145065,151.35014475290384,541.9102657915937,-0.045298041096863084,150.61493749892674,91.17505853761648,-0.7805052950739798,1.2355839871042213,801.035671863863,1.1474006943101527
59,0.59,1.6849675475168353,1701.485790141719,1.5977068070485045,0.06246908390962158,1549.8632916781119,-0.024791656558709185,0.677052562375164,1300.4778751565775,0.5897918219068332,1.2099146371222955,1401.0107372313246,1.1226538966539648,0.7567847632147767,1200.557607357417,0.669524022746446,0.5629656921684003,1100.3637882863707,0.47570495170006954,1.0412665880008107,1000.842089182203,0.95400584753248,-200.1542580943088,1502.5482540810053,1.1615734376893354,-353.2971530610286,1401.2407817936253,3.2727107228317154,-445.1513119740396,1204.3255294162411,3.814191487501225,-499.95816251076764,1044.0920326773862,2.942911511418673,2.447872418757003,806.1876071443269,3.1167072447475244,0.47630740499137825,800.2771299991936,0.3890466645230475,0.1726369792085276,799.9734595734107,0.08537623874019684,-0.0030718762911121633,799.7977507179111,-0.09033261675944293,1.5797965934257756,801.380619187628,1.4925358529574448,198.86496634998764,1502.8481835097928,1.4615028664766512,354.0189895356609,1399.4967240055755,3.0789707605999426,447.9252323304176,1206.899528708457,-1.51659520276117,495.86150857896337,1052.7959461459625,-1.6507692967372627,3.021921810747739,796.871642887474,-0.4675980468422644,0.8035532128029927,800.6043758070051,0.716292472334662,0.17435663887110153,799.9751792330733,0.08709589840277077,1.6730875854466247,801.4739101796488,1.585826844978294,0.2294225038197958,800.030245098022,0.14216176335146502,-150.2565873821633,909.1897959813977,1.0722219872310061,-149.84978503968236,559.5965983238787,1.479024329711966,-151.17276666285352,108.27361670070746,0.15604270654080787,-0.06697889309024752,799.7338437011119,-0.15423963355857828,150.42222922736917,890.9758458638082,-0.9065801420251645,150.49096774420153,541.0445843806406,-0.8378416251928003,152.16659285461694,92.72020949105595,0.8377834852226071,0.5353582890500846,800.3361808832523,0.4480975485817539
60,0.6,0.38308753315865657,1700.184835581275,0.2968584808766917,1.2817562100364726,1551.0835042581527,1.1955271577545077,0.2980485410272049,1300.0997965891436,0.21181948874524004,1.392794831100207,1401.1945428792164,1.306565778818242,1.3168385684889676,1201.1185866166052,1.2306095162070028,0.795113782305825,1100.596861830422,0.7088847300238601,0.6934664798959245,1000.4952145280123,0.6072374276139596,-201.10294256680515,1501.6848553523364,0.32872589609324,-354.8916423913081,1400.0179260963298,1.879128271864432,-445.660628634311,1203.4691157279779,3.133485323865602,-500.0544133679956,1044.2380270026695,3.07100807371179,3.9679677045173456,808.0104871952192,4.744568859322802,0.6309899319819792,800.4327379800984,0.5447608797000143,3.050817305447406,802.8525653535638,2.964588253165441,-0.6017604368725792,799.1999876112438,-0.687989489154544,0.4593189231341983,800.2610669712507,0.37308987085223344,198.9255281957643,1502.9854113174335,1.6292818611904263,354.6380445845511,1399.6591112573856,3.6134164136621605,446.4680126607448,1205.3688019024767,-3.1639175952375735,497.6113882544081,1054.3216735605536,0.33136968822547347,2.835494020485028,796.8997095794022,-0.4745095579079084,-0.6167833003928506,799.1849647477236,-0.7030123526748154,0.6003180135360718,800.4020660616525,0.514088961254107,1.6656436881185928,801.4673917362351,1.579414635836628,0.2510199313032757,800.0527679794197,0.16479087902131084,-151.56162687325929,907.8795596518358,-0.3039492941276419,-151.9564458647094,557.4847406603857,-0.6987682855777473,-150.9454310415632,108.49575548353191,0.31224653756843107,0.7125017022089419,800.5142497503253,0.6262726499269771,150.9385868103005,891.4974002852055,-0.3190907688311203,149.84077818307813,540.399591657983,-1.416899396053514,150.6854728104297,91.24428628533461,-0.5722047687019229,3.091677048996938,802.8934250971133,3.005447996714973
61,0.61,0.654329349665717,1700.4571948962341,0.5692416666850856,2.2008874503654723,1552.0037529969338,2.115799767384841,0.3292493815467995,1300.132114928115,0.2441616985661681,2.01765970578234,1401.8205252523508,1.932572022801709,0.8898272809343227,1200.6926928275027,0.8047395979536913,0.14893191743011147,1099.9517974639984,0.06384423444948006,1.5511498745069563,1001.3540154210752,1.4660621915263248,-198.62742239177112,1504.242938433983,2.9192303360812466,-354.2629169582704,1401.0003278550466,2.6839630948366575,-445.7419161850943,1203.0506241407759,2.8877215987267983,-499.9138451978256,1044.633625241118,3.417343087878485,1.0438451202392933,805.3901633972151,1.9294460649555036,2.4472870182589608,802.2501525648273,2.3621993352783295,1.9487765763207539,801.751642122889,1.8636888933401226,-0.27754728901610815,799.5253182575523,-0.36263497199673955,1.1090558134786566,800.911921360047,1.023968130498025,198.2207053502056,1502.3527238938448,1.0290157959428907,351.633771002366,1396.2143192457424,0.5302376319504281,446.809273400472,1205.6125643901753,-3.0164603221157464,497.06533451734254,1053.5154701489998,-0.007460169818057166,2.2155625145570355,796.528202053309,-0.886592791798117,0.22323644091129624,800.0261019874796,0.13814875793066483,1.2412105873342376,801.0440761339025,1.156122904353606,1.7876821781799668,801.5905477247483,1.7025944951993353,-0.05900701559127719,799.743858530977,-0.1440946985719086,-151.04792397375735,908.3761389314537,0.13419242744948762,-151.86751598192183,557.5565469232893,-0.6853995807149826,-150.87412360409502,108.54993930111607,0.30799279711183697,0.32167664945129804,800.1245421960197,0.23658896647066663,150.70788002071623,891.2838171155051,-0.474236380490609,152.10925077279373,542.6851878675826,0.9271343715868838,150.92800071188424,91.50393780667315,-0.25411568932261963,0.6163191257739018,800.4191846723422,0.5312314427932703
62,0.62,-0.16749281397614213,1699.6366834962134,-0.2513289597583197,0.7303245290181113,1550.5345008392078,0.6464883832359338,0.7987307194348846,1300.6029070296245,0.714894573652707,1.0050777153606063,1400.8092540255502,0.9212415695784286,1.3130890558310153,1201.1172653660208,1.2292529100488379,-1.3536075716163642,1098.4505687385733,-1.4374437173985417,1.5423485111262747,1001.3465248213159,1.4585123653440972,-201.21375674243959,1501.7363135721257,0.4468656807667031,-353.7574824926025,1401.840611384026,3.340077207851612,-444.6413046917752,1203.8248005709006,3.831379422645078,-501.95506865376507,1042.8577935973835,1.5612419463431246,-0.33470623638521624,804.3141591852614,0.6597550260051117,0.5125692624681366,800.3167455726579,0.4287331166859591,-0.20694619165366557,799.597230118536,-0.29078233743584314,0.7407906643874097,800.544966974577,0.6569545186052321,0.37226613518104984,800.1764424453708,0.28842998939887227,201.3589961276734,1505.5585037908272,4.269055899468177,354.01957756623887,1398.1769905614406,2.8432376664184837,446.5996331407931,1205.2820139564542,-3.422839712408676,498.5026979815906,1054.6574615906009,1.6109735584947347,3.055658060734291,797.6501359875982,0.18855854382933318,0.015680628362763405,799.8198569385524,-0.06815551741941417,1.296829209409685,801.1010055195993,1.2129930636275073,0.26044766691751253,800.0646239771072,0.17661152113533496,0.9382273667216428,800.7424036769113,0.8543912209394652,-149.72457092714475,909.6702381047426,1.377640018078294,-152.76870762263545,556.6261014092519,-1.6664966774124133,-150.92989115469706,108.46491787719022,0.17231979052596874,-0.060562003555011956,799.7436143066346,-0.14439814933718953,149.9840777215995,890.5892686897122,-1.1181332236235504,152.1216233074424,542.7268142755551,1.019412362219358,151.17979774466738,91.78498871278008,0.07758679944432863,0.6205011257368332,800.4246774359265,0.5366649799546557
63,0.63,-0.24188532367140858,1699.5637961478158,-0.32435933644116055,1.1962411878902424,1551.0019226593774,1.1137671751204903,0.34561834398080665,1300.151299815468,0.2631443312110547,1.472804019830856,1401.2784854913182,1.3903300070611042,0.006094404229765593,1199.811775875717,-0.07637960853998638,1.6303414947261397,1101.4360229662134,1.5478674819563878,-0.7389781379131674,999.066703333574,-0.8214521506829193,-199.50982894232823,1503.51696970808,2.263587397333897,-354.61902242432905,1401.294293840136,2.6032489368676126,-445.74490334949303,1202.4063576927413,2.5789223292957453,-499.5485702168344,1045.537626557489,4.130286752162613,2.362775949366296,807.3105880307958,3.4645424885168703,1.7796953887067064,801.5853768601938,1.6972213759369543,1.1466732149104502,800.9523546863976,1.0641992021406983,-0.9600153211301355,798.845666150357,-1.0424893338998875,0.07030410075472793,799.8759855722418,-0.012169912015024043,199.71512807635386,1503.9773681872143,2.7239858764680056,353.97133933823125,1397.7241732227642,2.7286564103988584,448.24113399075736,1206.779842385282,-1.9802298051913638,496.3655140821305,1052.1907153734053,-0.3721787602947344,3.6196717176054403,798.5286338755755,1.0134713968220204,1.5630388664189823,801.3687203379061,1.4805648536492302,-0.13687892894823994,799.6688025425389,-0.2193529417179919,0.56662051354002,800.3723019850271,0.48414650077026805,0.4576335370320839,800.2633150085192,0.37515952426233196,-151.68820375336125,907.6650408189267,-0.6701410985591438,-151.5876959887195,557.7655485835685,-0.5696333339174114,-150.19505705075755,109.1581875215304,0.8230056040445439,1.501888473218318,801.3075699447054,1.419414460448566,149.4593688628412,890.1061242905532,-1.5586937919609232,151.2334133845193,541.8801688122313,0.21535072971721708,151.72509367762112,92.37184910533317,0.7070310228190219,0.11741263606870544,799.9230941075558,0.034938623298953475
64,0.64,1.5721692883657288,1701.3795513625537,1.4911683731065917,1.462025640750952,1551.269407714939,1.3810247254918147,0.1993348438015029,1300.0067169179895,0.11833392854236569,0.7601339233524467,1400.5675159975406,0.6791330080933096,0.993320789843421,1200.8007028640316,0.9123198745842838,1.5040555555941406,1101.3114376297822,1.4230546403350035,2.0148022668012877,1001.8221843409895,1.9338013515421506,-199.81127390739678,1503.2891472319332,2.073600283495921,-353.50563543243265,1402.702549818385,3.8149373119131713,-445.74044899655763,1202.10832408397,2.4431476510337493,-501.1573061407925,1044.2077745752513,2.659741155119703,0.001408349896152239,805.2421545806498,1.2074820386665186,1.1458984866076203,800.9532805607957,1.064897571348483,2.153118796218843,801.960500870407,2.0721178809597056,-0.06503532655784283,799.7423467476303,-0.14603624181698005,0.5846132825699342,800.3919953567581,0.5036123673107968,197.27428182559362,1501.594392907322,0.37884595888463357,353.20584406911314,1396.5737634113411,1.9036151158105734,449.24508102005336,1207.6180720048746,-1.1765260240191333,499.7661009631557,1055.2288335373921,3.1547528182722027,1.8645600990867188,797.1196327339586,-0.4564933610457048,0.9460432049659162,800.753425279154,0.865042289706779,1.738249469019228,801.5456315432074,1.6572485537600907,1.5330245381089986,801.3404066122972,1.4520236228498615,0.09874523942243107,799.9061273136106,0.017744324163293856,-152.57146019552926,906.7277531408286,-1.6416707479493744,-149.95838075422276,559.340832582135,0.9714086933571349,-150.57646798644345,108.72274534991442,0.35332146113644197,1.3228089208796208,801.1301909950678,1.2418080056204837,150.69308994023257,891.3938766038748,-0.23669950734730869,150.01919158580833,540.7199782494505,-0.9105978617715607,151.72898713526638,92.42977379890851,0.7991976876864861,0.9524121830799147,800.7597942572681,0.8714112678207775
65,0.65,2.0674087177725435,1701.8766877903931,1.9879921736324235,0.4856942673615502,1550.294973339982,0.4062777232214303,0.94257989698151,1300.7518589696022,0.86316335284139,2.142898185963328,1401.952177258584,2.0634816418232083,-0.4255503551556793,1199.383728717465,-0.5049668992957992,0.5935978906524109,1100.402876963273,0.5141813465122909,-0.649450097173304,999.1598289754471,-0.7288666413134239,-200.7108884913424,1502.4599278298974,1.2839483499747535,-352.36685987875813,1404.115188785521,5.02525921921326,-445.96936345615046,1201.589984785925,2.0831272394777685,-500.1174108693304,1045.5297568151573,3.8118596515307255,0.1493550818650352,805.6745685430218,1.4552827861715918,0.5460698884449444,800.3553489610654,0.4666533443048245,-0.49978654660959865,799.3094925260109,-0.5792030907497185,0.3190680746846386,800.1283471473051,0.2396515305445187,0.3979040235845344,800.207183096205,0.3184874794444145,198.509579351813,1502.8826008512494,1.7066213713266156,352.7912900390259,1395.7949998826898,1.4366126885053438,448.1258982013712,1206.311908508764,-2.496492436448246,495.20109504012913,1050.2699809866979,-1.312004953383183,2.884915061083698,798.5164583638675,0.8714388252256473,-0.310239208621622,799.4990398639989,-0.3896557527617419,1.8614077724787395,801.6706868450992,1.7819912283386197,0.3721425365831449,800.1814216092037,0.292725992443025,-0.10612744136423491,799.7031516312562,-0.1855439855043548,-152.16081796424552,907.0717662450122,-1.3232921733760121,-151.32205396118854,557.9105302480692,-0.48452817031903544,-149.34391639594946,109.88866781330827,1.4936093949200449,1.9349018710697004,801.7441809436901,1.8554853269295803,152.0214156860472,892.7888314767895,1.1838898951776817,150.10695186546678,540.8743676562091,-0.7305739254027348,150.7859127409623,91.55332853170454,-0.05161304990723031,1.4002578009009,801.2095368735214,1.32084125676078
66,0.66,0.7875793650729693,1700.5989526961998,0.7098587148812487,1.054071708124645,1550.8654450392517,0.9763510579329242,0.6229089788165001,1300.4342823099435,0.5451883286247795,0.24363540264192707,1400.055008733769,0.16591475245020648,0.7522850192814395,1200.5636583504083,0.674564369089719,0.9126801199976545,1100.7240534511245,0.8349594698059339,1.7816800584027614,1001.5930533895298,1.7039594082110407,-200.84562704240156,1502.392239116729,1.2575194903121485,-355.2070248748473,1401.5273055976318,2.2296395568303384,-445.198993158449,1202.0846398335766,2.7319660860761985,-502.478413618606,1043.4517650706973,1.5356874862444918,-0.8120638561150124,804.9866745426341,0.5878137235745642,-0.3577956502272127,799.4535776808999,-0.4355163004189333,0.9216733017617084,800.7330466328888,0.8439526515699878,-0.33644430096170097,799.4749290301654,-0.41416495115342156,0.4484650534487666,800.2598383845758,0.370744403257046,197.6608363377043,1502.081714511488,0.9469948850711675,355.05445520256507,1397.715629930709,3.6546934371226967,448.04295778744955,1206.021567000743,-2.779935650767231,497.2008276313337,1051.8462528202722,0.7577077083870147,2.9036429014472573,798.9405112261427,1.2181474690200675,1.644447841156878,801.455821172284,1.5667271909651572,-0.1644763970014339,799.6468969341256,-0.2421970471931545,0.8477925056707672,800.6591658367979,0.7700718554790467,0.20842678755856403,800.0198001186857,0.13070613736684344,-150.37162294423416,908.7816290644137,0.3697997670930313,-152.47260429434235,556.6806477143055,-1.7311815830151367,-149.28066980635683,109.87258220229097,1.4607529049703751,-0.7494991228920808,799.061874208235,-0.8272197730838013,152.39706958372534,893.2438175750775,1.655646872398143,151.36299824783026,542.2097462391824,0.6215755365030666,150.78679754076967,91.63354553212187,0.0453748294424709,1.9356087235753838,801.7469820547025,1.8578880733836631
67,0.67,1.7608610154683184,1701.5745266389847,1.6849479710971937,0.8690145680691123,1550.6826801915854,0.7931015236979875,2.2112750970899167,1302.0249407206063,2.1353620527187918,2.478527796985231,1402.2921934205017,2.402614752614106,0.044164530047186235,1199.8578301535636,-0.03174851432393855,1.3220267032991864,1101.1356923268156,1.2461136589280617,1.871716030510322,1001.6853816540266,1.795802986139197,-202.37137029020414,1500.930085934375,-0.16172318085690573,-355.73011189656603,1401.2344201825417,1.7239504745773473,-445.2224331116751,1201.7997786920464,2.596976780479059,-500.3988872692073,1045.8130345329337,3.671426854015203,-0.4115177015662394,805.6473288490037,1.0749746960980422,1.0481217498951532,800.8617873734114,0.9722087055240283,0.9693468605130411,800.7830124840293,0.8934338161419163,-1.0536333082268494,798.7600323152894,-1.129546352597974,1.9064760833874423,801.7201417069037,1.8305630390163175,197.2056003760921,1501.6691943269752,0.5773852117433401,354.4222880840592,1396.7634973626468,2.985036727409701,448.25769999273695,1206.0093881472424,-2.764588466868608,496.1354638081832,1050.3298019020037,-0.26587998918858347,1.9114502173229018,798.3807610273635,0.5721168930880492,-0.4327438341700759,799.3809217893462,-0.5086568785412007,0.11622822468845828,799.9298938482048,0.0403151803173335,1.2165687953478297,801.0302344188641,1.140655750976705,1.8670306980304323,801.6806963215466,1.7911176536593074,-151.08520199642362,907.9759362666776,-0.44355425920595504,-151.75157089018336,557.309567372918,-1.1099231529656857,-151.24277539571327,107.81836286738802,-0.6011276584956111,1.8154350394724363,801.6291006629887,1.7395219951013114,152.38340206579042,893.3222638026891,1.7417543285727528,150.86457608901128,541.80343782591,0.22292835179361437,151.8903726815027,92.82923441840138,1.2487249442850192,-0.48267443063069926,799.3309911928856,-0.558587475001824
68,0.68,1.1881420326585088,1701.0042986652054,1.114148434582348,0.9505780988095868,1550.7667347313566,0.8765845007334258,-1.523203217438072,1298.292953415109,-1.5971968155142333,0.8265274545357292,1400.6426840870827,0.7525338564595682,0.20069266178484846,1200.0168492943317,0.12669906370868744,-0.5436216610822501,1099.2725349714647,-0.6176152591584111,-0.11920017707804009,999.6969564554688,-0.1931937751542011,-200.5314336020147,1502.8300422772372,1.7827506392763361,-354.1835605090169,1402.9886728212807,3.2607061327058746,-446.10973802567486,1200.6658678004997,1.608467008631798,-501.53589805841375,1044.9544127453555,2.5610007615431725,-1.1268446584710916,805.1762417277745,0.4375327645802263,0.9446603900611483,800.760817022608,0.8706667919849873,-0.28437398413348214,799.5317826484134,-0.35836758220964315,1.1233579385044203,800.9395145710513,1.0493643404282593,0.6339765014836395,800.4501331340305,0.5599829034074785,196.8258310565874,1501.3269189124944,0.2796272745334356,354.5725364194201,1396.6171684906992,3.105584543885127,446.34185931249215,1203.8480607842866,-4.8778869349884815,499.5176537370705,1053.2354770321676,3.130177463353439,1.869739723754332,798.7966532546653,0.8923478587112622,1.1597720215394876,800.9759286540863,1.0857784234633265,1.9346512249472108,801.750807857494,1.8606576268710495,1.569336184194977,801.3854928167418,1.4953425861188157,0.2677470609508935,800.0839036934977,0.1937534628747325,-151.4732302195189,907.4829616886983,-0.9348454473718552,-152.6963161118406,556.2598757963766,-2.1579313396935373,-154.81023057231246,104.1459613359047,-4.271845800165409,3.1175736249368424,802.9337302574837,3.043580026860681,150.62292199706533,891.6667300888481,0.08453722491827897,151.05025693977157,542.0940650315544,0.5118721676245293,152.00095350420114,93.04476159598399,1.4625687320540859,0.6412738055955075,800.4574304381423,0.5672802075193465
69,0.69,0.28674353131639674,1700.1055904807656,0.21478128793521212,0.1716425049910888,1549.9904894544404,0.09968026160990417,1.849707477191224,1301.6685544266404,1.7777452338100395,-0.42034628144523467,1399.398500668004,-0.4923085248264193,1.979835168150402,1201.7986821175996,1.9078729247692174,0.39120390084934326,1100.2100508502986,0.31924165746815863,0.49761845130188226,1000.3164654007511,0.42565620792069764,-200.37864303015658,1503.0391754219797,2.0379626154680266,-353.75982674986346,1403.5972664783883,3.647504429637644,-445.69777051479025,1200.8465013000286,1.9298901685354963,-501.91437188787785,1044.8490107664325,2.1786985995150774,-0.04021409543553589,806.4888373632157,1.5919759437725407,2.4932325147744088,802.3120794642236,2.421270271393224,1.2089465846120153,801.0277935340613,1.1369843412308307,0.908635610857117,800.7274825603064,0.8366733674759324,0.27073530540913027,800.0895822548584,0.19877306202794565,198.33695151634163,1502.8702367445069,1.8690239379951308,353.8492461744122,1395.621428778837,2.3605395935002296,449.42747939717475,1206.6706329118347,-1.9869588907696087,497.8227709323354,1051.0410462453733,1.421773723991241,2.4261700267381547,799.8336815693089,1.8239348481539641,0.13474170809860841,799.9535886575479,0.0627794647174238,0.7351831413312377,800.5540300907805,0.6632208979500531,-0.7325615556721724,799.0862853937771,-0.804523799053357,0.4039064746710634,800.2227534241204,0.33194423128987877,-151.85284915361277,906.9855407436906,-1.4210152542020396,-152.4073322203904,556.4310576769129,-1.9754983209796726,-150.28151550931784,108.5568743879856,0.1503183900929127,0.4608743302017564,800.279721279651,0.38891208682057177,150.35632903756505,891.5179391402617,-0.07550486184570193,152.31443156838637,543.476041671083,1.8825976689756285,151.04064871649177,92.20225881918836,0.6088148170810399,1.2693845601892382,801.0882315096385,1.1974223168080536
70,0.7,1.1969808899733403,1701.0187179634559,1.1271619167271034,0.8937840018488163,1550.7155210753313,0.8239650286025794,1.9932015182636338,1301.814938591746,1.923382545017397,0.9870188184354782,1400.808755891918,0.9171998451892412,1.8539039535506099,1201.6756410270332,1.7840849803043728,1.5865630566754123,1101.408300130158,1.5167440834291752,-0.12340935662157426,999.6983277168608,-0.19322832986781124,-202.0235025336318,1501.4468788785919,0.4932587715600091,-354.5518472720713,1402.9670030790608,2.791562597524153,-446.17686175075653,1200.1517395771016,1.3711837368048794,-502.3586458772661,1044.6706677569011,1.6996346721341173,-0.8490580438616889,805.8853443224607,0.83959732216462,0.09755141913551946,799.919288492618,0.027732445889282475,1.8763465964820805,801.6980836699645,1.8065276232358436,1.5728517258828842,801.3945887993654,1.5030327526366474,0.8969957416589593,800.7187328151414,0.8271767684127224,197.25369092326153,1501.8138087715622,0.8601886645304165,353.73500662046746,1395.2595258336855,2.2326096365045,449.15160776092415,1206.1152023698398,-2.45393267395741,498.12761675644714,1050.8258846923334,1.6864468275910043,0.9986585805445318,798.9074051887994,0.7820880964536245,0.5426154707383,800.3643525442208,0.472796497492063,-1.1260753076908978,798.6956617657916,-1.1958942809371347,1.5149959299158184,801.3367330033983,1.4451769566695813,0.46069699149484616,800.2824340649772,0.3908780182486092,-150.98976085764485,907.7179768661723,-0.6675497412561627,-151.07664775520539,557.6310899686118,-0.7544366388166919,-151.91292347953106,106.79481424428619,-1.5907123631423827,2.5773585959138403,802.3990956693963,2.507539622667603,151.87355592792463,893.1658182041074,1.5513448115359378,152.08644616012302,543.3787084363058,1.7642350437343337,149.9981155117321,91.29037778791486,-0.3240956046565764,1.4000766261508497,801.2218136996332,1.3302576529046128
71,0.71,2.260021569703286,1702.0848489812297,2.192457728003926,1.3239871220048185,1551.1488145335313,1.2564232803054587,-0.9902625492834205,1298.834564862243,-1.0578263909827803,0.26284216815652106,1400.087669579683,0.19527832645716126,1.424012968700373,1201.248840380227,1.3564491270010133,-0.25307182096841063,1099.571755590558,-0.32063566266777044,0.682359732624052,1000.5071871441504,0.6147958909246922,-201.28884082615144,1502.230225710231,1.3256628584560977,-352.9538234198087,1404.7034995595252,4.298932493079898,-446.28040610519747,1199.848514084243,1.1991738494699162,-502.9272985598438,1044.3591354557757,1.0649261809387964,-1.799297235187455,805.1175911259642,-0.0667158353764915,2.9410803922769198,802.7659078038033,2.87351655057756,2.2330314921611514,802.0578589036876,2.1654676504617916,-0.1235945144432844,799.7012328970831,-0.1911583561426442,0.9695938050994805,800.7944212166259,0.9020299634001206,198.659984401347,1503.2415084587499,2.336945606974974,352.27754637272216,1393.5797636507496,0.7696029525370789,449.69420496010036,1206.362821848046,-2.0980313807287514,498.92012701987807,1051.0806630937257,2.4130757430417695,2.1158676179540588,800.5439509302744,2.2926400128325928,1.3296323331184592,801.1544597446449,1.2620684914190994,-0.3839246943755037,799.440902717151,-0.4514885360748635,0.6654370078173608,800.4902644193437,0.597873166118001,1.1808828223123915,801.0057102338388,1.1133189806130317,-152.21706910758414,906.34720074549,-2.007321108871053,-152.50936073536838,556.0549091177057,-2.299612736655278,-152.17421027134085,106.39005958173331,-1.9644622726277583,0.6389435150300699,800.4637709265564,0.57137967333071,152.02446475213108,893.460194899057,1.8147167534179847,152.69320315414078,544.1289333010667,2.483455155427704,151.26629025528553,92.70202040221136,1.056542256572432,0.8816824519079991,800.7065098634343,0.8141186102086393
72,0.72,0.8472978760124177,1700.675416153724,0.7821009120204612,2.1855705582269116,1552.0136888359384,2.120373594234955,0.5711224765390601,1300.3992407542507,0.5059255125471036,1.6361205053012258,1401.464238783013,1.570923541309269,-0.10354017699394702,1199.7245781007177,-0.16873714098590353,1.1437434501613404,1100.971861727873,1.0785464861693839,0.6023104554442069,1000.4304287331558,0.5371134914522504,-201.21816462032308,1502.3456154518353,1.491523322880066,-355.36737450585497,1402.405034423554,1.7683463179244414,-447.282920485161,1198.6625677346738,0.1395153957376143,-501.73350168093873,1045.7997394577542,2.1613476105658718,-0.5441097864634171,806.5302586209887,1.218763732465838,1.2204707877583079,801.04858906547,1.1552738237663513,0.655113619748023,800.4832318974596,0.5899166557560664,1.5634717799540983,801.3915900576657,1.4982748159621417,-0.18865179542329014,799.6394664822883,-0.25384875941524665,198.6084948535562,1503.2059437214048,2.351851592449406,354.2943867603404,1395.400154491558,2.789081314599045,448.94894852447095,1205.3082985286044,-3.024772352957128,498.7690932899121,1050.3770495245874,2.171589977443814,0.761330877292778,799.7241576081922,1.3361936538372465,1.3488457703649501,801.1769640480766,1.2836488063729936,0.6551086485561409,800.4832269262678,0.5899116845641844,1.5162532509893167,801.3443715287009,1.4510562869973604,1.2901658508870535,801.1182841285987,1.224968886895097,-151.1983318643147,907.2097181967605,-1.1036405700861283,-150.47206000141006,557.9359900596651,-0.37736870718149307,-151.83203162358348,106.57601843749167,-1.7373403293548946,-0.355627452593802,799.4724908251178,-0.42082441658575853,151.8335835207735,893.4255334596983,1.7388922265449118,150.5818699750535,542.1738199139784,0.4871786808249323,152.03460409503631,93.62655403396116,1.9399128008077369,1.3677228837902655,801.1958411615019,1.3025259197983092
73,0.73,2.291160755931606,1702.1227706490156,2.228442239204506,1.7463252091756867,1551.5779351022597,1.6836066924485866,0.5486846863027883,1300.3802945793868,0.4859661695756883,0.2956198843268488,1400.127229777411,0.23290136759974878,0.5982138609736789,1200.4298237540577,0.5354953442465789,-0.33794215846206377,1099.493667734622,-0.4006606751891638,1.5846759447414063,1001.4162858378255,1.5219574280143062,-200.8279843212027,1502.7764485740458,1.974187823404522,-353.4234457986141,1404.4406392993767,3.569307264299404,-446.03068708107713,1199.7478121506276,1.3460489066269754,-502.7730365734574,1044.9953742061823,0.9933184675976338,-1.452159420537462,805.7526720821949,0.3263887836346878,1.2230277647989425,801.0546376578831,1.1603092480718424,3.134461997320602,802.9660718904047,3.071743480593502,2.2593552407371975,802.0909651338213,2.1966367240100975,0.6144158209675414,800.4460257140516,0.5516973042404414,198.87901208989317,1503.4868561555816,2.6845954049402154,355.7893872430977,1396.724963110096,4.2949051867064325,449.5254416780822,1205.56239841543,-2.6237618532435287,498.50212501189344,1049.5456507940455,1.7909184536880078,2.2760215439824663,801.7861630594037,3.2507134920596434,2.0862536318993645,801.9178635249834,2.0235351151722645,-0.163756919557141,799.6678529735269,-0.22647543628424105,1.5822199888183464,801.4138298819024,1.5195014720912463,-1.8572094196198448,797.9744004734642,-1.9199279363469448,-152.1463011639034,906.0928705147425,-2.168998716838943,-151.55218031371902,556.6869913649268,-1.5748778666545844,-151.89015079410487,106.349020884541,-1.9128483470404278,0.6079122675328845,800.439522160617,0.5451937508057845,149.67551510515776,891.4363434265119,-0.30178734190670475,151.1792996401537,542.9401279615079,1.2019971930892412,153.11304721374952,94.87387553510366,3.135744766685084,0.15491396206578034,799.9865238551498,0.09219544533868029
74,0.74,-1.4716626926044851,1698.3636396927031,-1.5317914305651867,2.8239721128366853,1552.6592744981442,2.7638433748759836,-0.3806526241697543,1299.4546497611377,-0.44078136213045604,0.484542811182983,1400.3198451964906,0.42441407322228125,1.9778958310575496,1201.8131982163652,1.917767093096848,1.3058948852664582,1101.141197270574,1.2457661473057566,2.065385772583932,1001.9006881578915,2.0052570346232303,-201.4506120106236,1502.1903286507752,1.4412054520369324,-354.460818624804,1403.47158809439,2.3635776854236825,-447.46820044062764,1198.1598808498918,-0.12564667458496626,-504.72936854363724,1043.26143817247,-1.1221691178765165,-3.569435350121699,803.7369807263685,-1.7906895208302065,0.3523429800872777,800.1876453653948,0.292214242126576,-0.9660621769807949,798.8692402083268,-1.0261909149414965,1.122101160089454,800.957403545397,1.0619724221287523,0.5812920093875473,800.4165943946952,0.5211632714268456,196.8070894883879,1501.4197577927976,0.6706345940593705,353.6703085228022,1394.4622689803466,2.1947967948557294,449.7842261131218,1205.4868546308105,-2.5336856483039165,498.1771723439229,1048.647513493391,1.3304976978441643,3.1640900375764334,803.2311622694106,4.53728692689873,0.8120795713719768,800.6473819566795,0.7519508334112751,0.5140265075034876,800.3493288928111,0.45389776954278577,2.333231456083526,802.1685338413911,2.2731027181228245,1.805579593521132,801.6408819788287,1.7454508555604302,-152.30493353938996,905.7528242000451,-2.4470764869503565,-151.42000485909233,556.6377528803428,-1.5621478066527352,-150.94599726354755,107.11176047588756,-1.0881402111079548,1.829491471984033,801.6647938572916,1.769362734023331,150.7168439662473,892.6590862268122,0.8589869138076879,152.1801236185565,544.1223658791214,2.3222665661169093,150.4188779265358,92.3611201871007,0.5610208740962122,2.2882227901628056,802.1235251754704,2.228094052202104
75,0.75,1.6286317604733251,1701.4678275488752,1.5712038331978593,0.1983066999363794,1550.037502488338,0.14087877266091342,0.18888448770383626,1300.0280802761056,0.13145656042837028,-0.8116671513153537,1399.0275286370863,-0.8690950785908197,1.0164647288115383,1200.8556605172134,0.9590368015360722,0.8568421724678887,1100.6960379608697,0.7994142451924228,2.145034936246584,1001.9842307246483,2.0876070089711183,-203.0155910274928,1500.6576329249942,-0.03710264412269515,-352.22112223443617,1405.7563841055871,4.410165150548346,-446.4821211957293,1199.012176040361,0.8377923322573575,-503.9978546349808,1044.2016337746338,-0.5797583349901438,-1.2896588992257194,806.0877693916989,0.4730834858833032,1.1721551833346457,801.0113509717364,1.1147272560591797,1.20951454536864,801.0487103337705,1.152086618093174,0.3399768415336296,800.1791726299355,0.28254891425816364,0.7339896601979978,800.5731854485998,0.6765617329225319,197.9372622032659,1502.5491493931825,1.8544138240655397,353.0608111595985,1393.7359643370964,1.6123388816209394,451.3556965745268,1206.7132774544712,-1.1233977289523303,499.7376022547803,1049.6291774434876,2.7353320328290187,0.016546756612788815,800.6471115438003,1.7838314560627448,1.1647252832026305,801.0039210716044,1.1072973559271646,0.9180760988508447,800.7572718872526,0.8606481715753788,2.1070277893947065,801.9462235777966,2.0495998621192406,2.1816507373550023,802.0208465257568,2.1242228100795364,-152.0737386913425,905.7902223393364,-2.3370944482199296,-151.7505356708471,556.1134253598319,-2.013891427724524,-152.9034922012136,104.96046882946531,-3.1668479580910223,0.13456067243724568,799.973756460839,0.0771327451617797,151.47328008874263,893.6093190580636,1.7366358456200381,151.9032705069116,544.0393094762326,2.1666262637890212,151.1160858724525,93.25212484177356,1.3794416293299026,1.7822847992171105,801.6214805876189,1.7248568719416444
76,0.76,0.9697576445413402,1700.81304768706,0.9151411987137803,1.6765038561755963,1551.5197938986942,1.6218874103480365,-0.10810297779225975,1299.7351870647262,-0.16271942361981961,0.48433959580281705,1400.3276296383215,0.4297231499752572,2.9788118691105105,1202.822101911629,2.9241954232829506,-0.5622033511879724,1099.2810866913305,-0.6168197970155322,0.38546405920651416,1000.228754101725,0.3308476133789543,-202.12451109128992,1501.5766973252698,0.9375418113230566,-351.81344420216993,1406.1861483172304,4.60070961862784,-446.76191816652243,1198.6152272946695,0.5468724977944329,-503.1664683682017,1045.2272483750173,0.03354520257845067,-2.1416166233717,805.2747424532681,-0.4116566135013926,1.3171611185368775,801.1604511610553,1.2625446727093177,-0.37964960480988375,799.4636404377086,-0.4342660506374436,1.0219878676853056,800.8652779102038,0.9673714218577456,1.544390818861173,801.3876808613796,1.489774373033613,198.0173767561792,1502.6228501127641,1.9836945988173675,354.76504230680115,1395.3503406446018,3.3515617575306877,450.3757177450486,1205.3787666124479,-2.2563066631074,500.20835100945465,1049.5188048547307,3.032129059307096,0.9961747710386267,802.1936635365729,3.1500322964418723,0.49745169296309394,800.3407417354815,0.44283524713553407,2.207444426758242,802.0507344692767,2.152827980930682,2.1033297794762524,801.9466198219948,2.048713333648693,-0.05375260049851638,799.78953744202,-0.10836904632607625,-151.83490679447797,905.8230572515226,-2.2209407857076666,-150.80147703795305,556.8564870080476,-1.1875110291827502,-152.46698876385486,105.19097528214577,-2.853022755084542,0.3511104900211477,800.1944005325396,0.2964940441935878,151.93553646780978,894.2775724218092,2.3215704590394863,152.87618243697128,545.2182183909707,3.2622164282009614,151.14657688726956,93.48861284126896,1.532610878499263,-0.319019725231669,799.5242703172868,-0.37363617105922886
77,0.77,0.6244877286935515,1700.4720727224462,0.5727930123275997,1.0586021492773487,1550.9061871430301,1.006907432911397,2.4706377431940925,1302.3182227369468,2.4189430268281407,-1.2878970498532287,1398.5596879438995,-1.3395917662191805,1.247580399567767,1201.0951653933205,1.1958856832018152,1.9418597631242864,1101.789444756877,1.8901650467583346,0.7052946577427572,1000.5528796514955,0.6535999413768054,-201.53872609876953,1502.186098802821,1.6036566205350355,-354.12061059021795,1403.8783376672282,2.0532005147176546,-445.4236487938286,1199.8529121483743,1.8854633121337971,-502.7004073028083,1045.8725504672332,0.2537613415014637,-1.2264583657997306,806.1954413812769,0.45351784325604183,1.7371889067516215,801.5847739005044,1.6854941903856697,0.9747587178600418,800.8223437116128,0.92306400149409,0.30158569374681277,800.1491706874996,0.24989097738086097,1.0165990281594266,800.8641840219121,0.9649043117934748,196.963768704126,1501.5571752383773,0.9747330560913496,354.85571799520557,1395.3781709238579,3.4850260788890908,452.8685334978973,1207.5088159006384,0.0925304989519995,500.77587776056816,1049.506110112664,3.4092353070885784,-0.41909482040162876,801.3455656665496,2.110742964821602,1.05738523847335,800.9049702322261,1.0056905221073982,0.632185819507822,800.4797708132605,0.5804911031418702,2.1928976313624466,802.0404826251151,2.141202914996495,0.018525923851481108,799.8661109176043,-0.03316879251447069,-151.53211890431206,905.9078599355726,-2.0419824546430885,-150.78332815297242,556.6566506869123,-1.293191703303446,-151.17932935319405,106.26064948669055,-1.6891929035250806,1.427779833176704,801.2753648269294,1.3760851168107522,152.17874867831398,894.7387698384293,2.688612228644994,151.86665508728538,544.4266762474008,2.3765186376164182,152.7083968574601,95.2684180175755,3.218260407791107,-0.07399839919224771,799.7735865945605,-0.1256931155581995
78,0.78,0.9780406141651221,1700.8301210081581,0.9293773909407549,2.8662785551790746,1552.7183589491722,2.8176153319547077,1.737566469115885,1301.589646863109,1.6889032458915176,-0.5300566258539807,1399.3220237681392,-0.578719849078348,1.0683001201241984,1200.9203805141174,1.0196368968998313,0.23432349616492576,1100.086403890158,0.18566027294055854,-0.619638457715685,999.2324419362774,-0.6683016809400523,-201.07436210566718,1502.669647477082,2.1449913180874702,-353.73559363622053,1404.2403355264405,2.1755659562225222,-447.45798158435275,1197.7344349313717,-0.1372245980536947,-502.98408980207563,1045.7527946444027,-0.3020681003648012,-2.5147158594226067,804.8782401880438,-0.9021841998536129,0.01496592845042144,799.8670463224435,-0.033697294773945785,0.42573984018864364,800.2778202341817,0.3770766169642764,0.15360071337229364,800.0056811073654,0.10493749014792642,2.0005995279299675,801.852679921923,1.9519363047056002,196.64200360157488,1501.2176772075925,0.6930210485980997,353.67807158626385,1394.164658556509,2.357771969380991,451.65552958184423,1205.9260712257044,-1.254832154650566,502.15279817074565,1050.3069693134141,4.581251153911605,0.8893312134592649,803.2181978104047,3.78152468874384,1.2909933584908306,801.1430737524839,1.2423301352664633,1.860743534898653,801.7128239288918,1.8120803116742858,1.1576970016175214,801.0097773956106,1.109033778393154,0.49022786628272574,800.3423082602758,0.4415646430583585,-151.26152066049303,905.9487261233382,-1.8960396937965442,-151.1718819593721,556.0383648244592,-1.8064009926755928,-150.91278124872105,106.29746553511018,-1.5473002820245698,0.8982100203478856,800.750290414341,0.8495467971235183,151.60325904614686,894.3930122623157,2.2377780794503823,153.13672906978803,545.9264822859568,3.7712481030915432,151.44198352568026,94.23173674184902,2.0765025589837767,-0.046773659813045376,799.80530673418,-0.0954368830374126
79,0.79,-0.8918126879101765,1698.9649632128971,-0.9373352001960127,0.16953087841099057,1550.0263067792182,0.12400836612515442,2.0413989207253698,1301.8981748215326,1.9958764084395335,1.5813725257604943,1401.4381484265677,1.5358500134746582,0.6187945174483755,1200.4755704182555,0.5732720051625395,0.16777214191768397,1100.024548042725,0.12224962963184782,0.17171627538405698,1000.0284921761913,0.12619376309822083,-202.4758558704618,1501.2828482125042,0.8169888104765543,-352.2649449527111,1405.6660164129166,3.3622361541291497,-447.41743103926325,1197.7070933548973,-0.07387353876518343,-501.76380528841185,1047.121571053899,0.6214615522805657,-3.463593191282139,803.8650673161843,-1.9360566852864785,2.1631021054398616,802.0198780062472,2.1175795931540256,1.3531890459821319,801.2099649467893,1.3076665336962958,1.51193368578362,801.3687095865909,1.4664111734977838,0.8865050149306929,800.743280915738,0.8409825026448567,198.7350211033998,1503.2872897601574,2.821430358129752,353.78264314588375,1394.2602273146556,2.520109234401792,450.3882499639597,1204.2833423062787,-2.646216012359729,498.75242910923134,1046.3379407938976,0.9635562320136366,-1.468338690250419,801.4185492984102,1.7696246579816055,0.8085204725216883,800.6652963733289,0.7629979602358523,2.1828834810637203,802.0396593818709,2.137360968777884,0.9259659135637825,800.7827418143711,0.8804434012779464,0.21659571771968256,800.073371618527,0.1710732054338464,-154.77240350397852,902.1966347205912,-5.532068114360122,-150.94456454637606,556.0244736781937,-1.7042291567576386,-150.87548726125053,106.0935509633192,-1.6351518716321114,1.4231599924686935,801.2799358932759,1.3776374801828575,151.75058016757734,894.7815419430076,2.5102447779589334,151.93889076324376,544.9698525386741,2.698555373625348,150.6362808382579,93.66724261368817,1.3959454486394822,1.5071723090375024,801.3639482098448,1.4616497967516662
80,0.8,0.7005193565316835,1700.5621904338982,0.6582461656118773,0.14247439762274594,1550.0041454749892,0.10020120670293975,1.547728913224356,1301.4093999905908,1.5054557223045495,1.6054441983711931,1401.4671152757376,1.563171007451387,1.0184108698894982,1200.880081947256,0.9761376789696922,1.0787363330932929,1100.9404074104598,1.0364631421734867,1.766590525373156,1001.6282616027395,1.7243173344533498,-200.03661494262457,1503.7322406439725,3.326125465794046,-353.17258160930686,1404.6919575794743,2.150353631011198,-447.27645392170035,1197.7961839906227,0.10084603560932742,-504.5191961494915,1044.499321188859,-2.4533750111880113,-3.0353152514357933,804.1930677297239,-1.6102401810861542,1.2234980269802258,801.0851691043466,1.1812248360604196,0.7840314128934696,800.6457024902599,0.7417582219736634,0.7730787677769655,800.6347498451433,0.7308055768571593,2.496702607927502,802.3583736852938,2.4544294170076957,197.44490903280683,1501.9681020450364,1.5619868668578776,354.2090210458691,1394.7042639199492,3.0113599715665056,451.68322031903153,1205.1984215411878,-1.4644972881525686,500.9190612168509,1047.9465136533436,2.9025622973179046,-0.17623101133014973,803.2592928458356,3.3880507366611488,-0.7251513800978021,799.1365196972686,-0.7674245710176083,2.1891027580023126,802.0507738353687,2.1468295670825066,1.6837594304459451,801.5454305078123,1.641486239526139,1.09975824213739,800.9614293195037,1.0574850512175837,-152.15347027641482,904.5631817686601,-3.038425230299456,-151.61746547737113,555.0991865677038,-2.502420431255751,-152.1349174254827,104.5817346195923,-3.019872379367337,1.1122706422679465,800.9739417196342,1.0699974513481403,151.50296368696775,894.7863116418928,2.387918640852362,152.38253547727254,545.6658834321976,3.267490431157162,151.92941052907238,95.21275848399738,2.814365482957005,-0.2580309341902761,799.6036401431761,-0.3003041251100823
81,0.81,1.2205309555708839,1701.0872963479758,1.1816150276790687,0.3596762603106922,1550.2264416527155,0.32076033241887714,-0.11701695288519398,1299.7497484395196,-0.15593288077700906,1.2820414468167805,1401.1488068392216,1.2431255189249653,0.7619067884678227,1200.6286721808726,0.7229908605760076,1.9329032556961558,1101.799668648101,1.8939873278043406,2.3531541824037205,1002.2199195748087,2.3142382545119053,-203.79319257438885,1499.981224371603,-0.3642636257263725,-352.63947840897174,1405.1377441737345,2.360076958501926,-447.66803410970743,1197.368419386508,-0.2463080918198034,-502.5117744031227,1046.6248169374508,-0.7859626945036973,-2.2030070621680777,804.8887322115273,-0.8975981508958123,1.4465356469868929,801.3133010393918,1.4076197190950779,0.15574388098644754,800.0225092733914,0.11682795309463245,1.983715729315338,801.8504811217202,1.944799801423523,0.48443212885182463,800.3511975212567,0.44551620096000955,197.77016584049002,1502.2586211091968,1.9131331118674595,353.6908170662495,1394.2300944004821,2.564834846340734,451.4678525142679,1204.5999839108192,-1.781705243622703,502.3150577091735,1048.7981828374548,4.0627921137896585,-1.668198747142895,802.303416936593,2.2002041425092087,1.197453447908118,801.0642188403131,1.1585375200163028,1.1554087752573237,801.0221741676622,1.1164928473655085,1.5580024975000324,801.424767889905,1.5190865696082172,-0.8527431165126654,799.0140222758923,-0.8916590444044805,-151.7470777084528,904.7063374210487,-2.757113934233066,-150.90668202261423,555.5467331068874,-1.9167182483944871,-152.275103813172,104.17831131632956,-3.285140038952247,1.3307924288067277,801.1975578212117,1.2918765009149127,152.011722165629,895.5583070361274,3.021758391409265,151.10350127672635,544.6500861472248,2.1135375025066194,151.03049006079553,94.57707493129396,2.040526286575779,0.6012077404230396,800.467973132828,0.5622918125312246
82,0.82,2.2298204106223345,1702.1018786308416,2.194368957376613,-1.0117903815238563,1548.8602678386953,-1.0472418347695776,0.42764753070317363,1300.2997057509224,0.39219607745745233,0.029437241538678216,1399.901495461758,-0.006014211707043082,1.537013579374701,1201.409071799594,1.50156212612898,-0.014523866725587364,1099.8575343534937,-0.04997531997130866,-0.21119821433695996,999.6608600058823,-0.24664966758268125,-202.67519655340118,1501.1001502273848,0.8161066821003194,-352.33994750286143,1405.329686837399,2.318296884832598,-446.1376619423524,1198.877950901959,1.3388721731466546,-504.1315421885055,1045.1085338692217,-2.763981341430659,-3.669306695140863,803.2492910751938,-2.50032851124541,0.7008677350006853,800.57292595522,0.665416281754964,0.21545391754738807,800.0875121377667,0.18000246430166678,0.5015350800357569,800.373593300255,0.46608362679003557,0.20710962730635818,800.0791678475257,0.17165817406063688,196.41954066123625,1500.8676119742918,0.5835684290072957,354.5751128746315,1395.1844321157603,3.527280903905833,450.32675642175866,1203.0738942613834,-3.01271293892145,501.3818819757453,1047.3374535418125,2.8878870938376795,-1.3347111806656662,803.1573597677511,2.8130131946153845,1.227821099974881,801.0998793201942,1.1923696467291598,-0.8672444627001068,799.0048137575192,-0.9026959159458281,0.6215561572905357,800.4936143775099,0.5861047040448144,-0.10641907687809571,799.7656391433412,-0.141870530123817,-150.00268474395153,906.1769969895585,-1.1372318628399398,-151.66133057662546,554.5183511568845,-2.795877695513863,-151.81321192910815,104.36646980440185,-2.947759047996564,0.510644703126383,800.3827029233457,0.47519324988066164,151.63881966504084,895.4591379315308,2.773366783929256,151.3700990693946,545.1904173358846,2.504646188283026,150.25529203267686,94.07561029916687,1.3898391515652775,1.3089497271300667,801.1810079473494,1.2734982738843454
83,0.83,0.4335390383242407,1700.3110878790271,0.4016584801657356,0.4268027152578384,1550.3043515559607,0.3949221570993333,1.3404193398756497,1301.2179681805785,1.3085387817171443,0.8570420142427414,1400.7345908549457,0.8251614560842363,1.761014319885649,1201.6385631605885,1.7291337617271436,0.9554940996336978,1100.8330429403366,0.9236135414751927,0.36676440153291856,1000.244313242236,0.33488384337441346,-202.3192155656345,1501.4523940041076,1.2305453888607925,-353.8453668098236,1403.6970902908065,0.45490340247666006,-448.6291677754138,1196.3805375353943,-1.0877867261748515,-501.6438281595237,1047.6858067474745,-0.6502587890789653,-3.394607310300677,803.3144766906294,-2.378206042921269,0.06465386031937792,799.9422027010224,0.03277330216087282,2.6391957824751207,802.5167446231782,2.6073152243166158,0.5929251121675134,800.4704739528705,0.5610445540090083,1.3925546420697996,801.2701034827728,1.3606740839112945,196.02770389418595,1500.4297682273811,0.2079196121343141,355.69819614309114,1396.403115703375,4.7346191720561865,453.9794812501899,1206.3409441805577,0.5625016901997528,499.6277950251076,1045.0755161784996,0.8882849261219232,-2.332070669594923,802.6618157017269,2.0677390722055486,0.2878261060573676,800.1653749467604,0.2559455478988625,1.314724613634002,801.192273454337,1.282844055475497,1.2643233026979646,801.141872143401,1.2324427445394595,2.28525971492794,802.162808555631,2.2533791567694346,-152.28646236760972,903.6093703942095,-3.544582316124875,-151.31245156011965,554.5833812016996,-2.5705715086347944,-151.09857454300956,104.79725821880959,-2.3566944915247037,1.1085400825978766,800.9860889233009,1.0766595244393715,151.37362391410838,895.4777911522891,2.6317438626235146,152.13430998352135,546.2384772217022,3.3924299320364835,150.51096404351728,94.61513128169813,1.7690839920324204,0.8404328936787321,800.7179817343817,0.808552335520227
84,0.84,0.17228469717956574,1700.0555211365986,0.14408060241189913,0.21670954438510637,1550.0999459838042,0.18850544961743976,-0.1999860882193163,1299.6832503511998,-0.2281901829869829,0.8966866546019229,1400.779923094021,0.8684825598342563,0.19253842532627996,1200.0757748647454,0.16433433055861335,1.28586379008095,1101.1691002295,1.2576596953132835,0.8761637585204002,1000.7594001979396,0.8479596637527336,-202.4985889598716,1501.2645867751075,1.105615737092901,-351.8766213882483,1405.5198087679391,2.050339625266445,-448.18984118164377,1196.8284292979363,-0.573957437474853,-502.2241307390369,1047.181976390283,-1.6176324611641602,-3.1939433045007064,803.2696397862443,-2.3454706611527456,0.9653811044463931,800.8486175438655,0.9371770096787265,1.2991003043996079,801.1823367438188,1.2708962096319414,0.39006904407510967,800.2733054834943,0.36186494930744306,2.12760268350195,802.0108391229211,2.0993985887342834,196.58229140636303,1500.9327562252622,0.7737851872475794,351.7822806151551,1392.6078312519708,0.9086663612846813,453.4010184000985,1205.3773504854205,-0.08064355578482996,500.7930380036605,1045.7554073221052,1.8063825974820453,-0.9072920532810149,804.5668784337163,3.7151177906472492,-0.25601939268182816,799.6272170467373,-0.28422348744949477,1.8434888388156212,801.7267252782348,1.8152847440479547,0.8683421196772995,800.7515785590965,0.8401380249096329,0.0645309691702185,799.9477674085894,0.03632687440255189,-151.1199749319631,904.4823000232054,-2.5003567230149377,-151.5136712626827,554.0886036924858,-2.8940530537345266,-149.92956225590774,105.67271269926073,-1.3099440469595642,0.06529323465709425,799.9485296740763,0.037089139889427636,151.0249599690294,895.4226850138608,2.4053417600812157,152.7181722417868,547.1158972866183,4.098554032838607,152.8271296472334,97.22485469206492,4.2075114382852155,1.1329277039248697,801.0161641433441,1.104723609157203
85,0.85,0.4479745651030755,1700.3370946728135,0.42355158913182595,1.0349103121577452,1550.9240304198681,1.0104873361864957,1.5412544914843074,1301.4303745991947,1.5168315155130578,-0.14297231594413007,1399.7461477917664,-0.1673952919153796,-0.2985537538728418,1199.5905663538376,-0.3229767298440913,1.523350950865988,1101.4124710585763,1.4989279748947384,1.1517009472668045,1001.0408210549771,1.127277971295555,-203.4969783160502,1500.2530434023854,0.15756379141967347,-352.2240718438021,1405.0082742319123,1.3156284093903337,-447.8019298736707,1197.238871043159,-0.1023087040343767,-501.5540306299155,1047.9164655822335,-1.3448817561007957,-3.9983626965884764,802.1843773702675,-3.3322036716690606,1.0681218991700547,800.9572420068804,1.0436989231988052,-0.6323599315553907,799.2567601761549,-0.6567829075266403,-0.10860919048932627,799.7805109172209,-0.1330321664605758,-0.3413670697975453,799.5477530379128,-0.3657900457687948,196.9570416976692,1501.2503522505676,1.1548726396020255,354.2300528161155,1395.2006613847957,3.45168334826026,453.46538462451616,1205.0583341207266,-0.06775404757173503,502.4561573890685,1046.9583144160986,3.222842583744435,-2.629326845814741,803.3008385159851,2.184156037950178,2.2278471397827273,802.116967247493,2.2034241638114773,0.8265955094372829,800.7157156171476,0.8021725334660333,0.131016286715108,800.0201363944254,0.10659331074385847,2.0186413546217907,801.9077614623321,1.9942183786505412,-149.86799821280016,905.4314417764182,-1.3689538786358046,-151.6250221769497,553.6744178122686,-3.1259778427853346,-153.0562189587561,102.24322103046225,-4.557174624591733,2.059146164582208,801.9482662722925,2.0347231886109585,151.28668777410064,895.9872477848822,2.787643439936291,151.8698387459421,546.5703987567238,3.370794411777736,151.55931379104695,96.25987380182859,3.0602694568825743,-0.05966653588472404,799.8294535718255,-0.08408951185597358
86,0.86,1.7227251668772823,1701.6179240097233,1.7021869916767391,1.2064436391448592,1551.101642481991,1.185905463944316,0.6825704026030942,1300.5777692454492,0.6620322274025511,2.251921732535851,1402.147120575382,2.231383557335308,-0.753721574847551,1199.1414772679984,-0.7742597500480941,1.0576606606949184,1100.952859503541,1.0371224854943752,0.17022009301593422,1000.065418935862,0.14968191781539109,-202.0517166027502,1501.6804134476718,1.6489694217703335,-351.77994925857513,1405.2710978996308,1.3599722514963752,-447.56763037427993,1197.5091147154797,0.22450603262476787,-502.48459025304334,1047.0393664798628,-2.6801487449880144,-3.5878159575008186,802.2796420505041,-3.1172222048833937,-0.3480221803576258,799.5471766624885,-0.3685603555581689,1.394572222550503,801.2897710653965,1.37403404734996,1.6318456697003476,801.5270445125464,1.6113074944998045,0.721571677552532,800.6167705203986,0.7010335023519889,196.0888932762936,1500.3195398685596,0.2880958426581052,353.0084261808941,1394.1478420181256,2.330131209255276,453.3398868621696,1204.5523808504045,-0.23119537708721363,502.6097167345431,1046.6792682868297,3.1322862536539313,-1.5912618391199496,804.768005432372,3.3799510697484254,1.3411642207503776,801.2363630635964,1.3206260455498344,2.4689887440131395,802.3641875868592,2.4484505688125964,2.0602779281841306,801.9554767710301,2.0397397529835875,1.2186676369765388,801.1138664798226,1.1981294617759957,-152.33744154111622,902.6503419471331,-3.95690329745592,-151.7759704821133,553.211813006136,-3.3954322384529854,-151.35442574542623,103.63335774282314,-2.973887501765904,0.3280160158098334,800.2232148586559,0.3074778406092903,151.59190210511903,896.6041186168696,3.2113638614587217,151.08091526942252,546.0931317811732,2.700377025762217,151.25275391407098,96.26497042582163,2.8722156704106627,1.434232197002936,801.3294310398489,1.4136940218023928
87,0.87,1.1937272544188187,1701.0951988026259,1.177176528253305,2.5864050110194,1552.4878765592266,2.5698542848538866,0.5605125289304649,1300.4619840771377,0.5439618027649513,1.6874773172432067,1401.5889488654502,1.6709265910776931,1.355043449946392,1201.2565149981535,1.3384927237808784,0.5675262005501125,1100.4689977487571,0.5509754743845989,1.2795061957427833,1001.1809777439499,1.2629554695772698,-202.1840610920492,1501.5254283180868,1.5584935222583054,-349.76441865746654,1407.0890030745934,2.964684467572663,-448.9692891548501,1196.1562212831302,-1.0763502982141084,-500.3158408325005,1049.251938918087,-0.9204477314757189,-2.669222484452235,802.8496715600874,-2.406152994461292,1.6118081203737151,801.5132796685808,1.5952573942082016,0.7226422596029052,800.62411380781,0.7060915334373916,2.8649917538778413,802.766463302085,2.8484410277123278,0.3481475051478189,800.249619053355,0.33159677898230533,197.02005810404208,1501.182583344119,1.215648548290431,353.941993533341,1395.2732177175815,3.3681257291679367,452.14013977338715,1202.9762547875837,-1.4550775113723398,503.1174717194441,1046.7843003806483,3.4004514016570577,-2.5911695444612572,804.1678766206628,2.5028570680348623,0.6916783278955638,800.5931498761026,0.6751276017300503,1.6717014610458145,801.573173009253,1.655150734880301,0.9475305740021829,800.8490021222093,0.9309798478366693,-0.7304896874043294,799.1709818608028,-0.747040413569843,-150.73887523785416,903.928908718991,-2.474393904400632,-150.67253184765912,553.995252109186,-2.408050514205597,-152.2928635380548,102.37492041879034,-4.028382204601277,1.913813994519553,801.8152855427267,1.8972632683540394,151.33418079114037,896.6663968342953,3.069699457686849,152.33305446770763,547.6652705108625,4.068573134254101,150.86854857890128,96.20076462205613,2.6040672454477525,0.34596055249670576,800.2474321007038,0.3294098263311922
88,0.88,0.4197360648385202,1700.327673098346,0.40727434226548476,1.7519017025963004,1551.6598387361037,1.7394399800232647,1.5363842196119974,1301.4443212531194,1.523922497038962,0.6976524917821576,1400.6055895252896,0.6851907692091221,-0.09650969732763104,1199.8114273361798,-0.1089714199006665,0.1516890496450075,1100.0596260831524,0.13922732707197205,0.4700648358650307,1000.3780018693724,0.4576031132919952,-202.53455571857478,1501.1475389594375,1.2455157786897069,-351.9178945191586,1404.7225057958271,0.3908681654192634,-450.6251560870153,1194.5613104967829,-2.6236495107929976,-500.2770463710501,1049.3263305151784,-1.2919527367341708,-1.634609847246546,803.5038433865508,-1.589580579124827,1.7933924187357777,801.701329452243,1.7809306961627422,0.9006612266162802,800.8085982601236,0.8881995040432448,0.5525157335193185,800.4604527670266,0.540054010946283,1.025086159921727,800.933023193429,1.0126244373486915,195.49571298144647,1499.5847189887925,-0.3173041919553352,353.11282547476725,1394.6580431983964,2.6472379351447035,453.12827725020844,1203.5932060492137,-0.4770447708599989,501.95246226306074,1045.248518628789,2.0022678176373434,-2.5577075104482074,804.5695562412055,2.6229007725725846,-0.12680934660388343,799.7811276869035,-0.1392710691769189,1.407966287666361,801.3159033211737,1.3955045650933253,2.7403576801578207,802.6482947136651,2.727895957584785,1.4683165239234408,801.3762535574308,1.4558548013504051,-151.7488653094341,902.591076323621,-3.5976100175931958,-149.8472753373609,554.4926662956942,-1.696020045520011,-152.51383906851117,101.82610256454396,-4.362583776670268,0.6862739833442763,800.5942110168515,0.6738122607712408,151.36956443540376,897.0296228023486,3.2183091435628555,149.05403986824115,544.714098235186,0.9027845764002347,151.28975461679994,96.94981298374482,3.1384993249590463,0.6043625412707081,800.512299574778,0.5919008186976726
89,0.89,1.3568114011593193,1701.2714054162118,1.348539083341317,0.3756574212611362,1550.2902514363136,0.3673851034431338,1.2947076916947347,1301.209301706747,1.2864353738767322,0.9190679664523767,1400.8336619815047,0.9107956486343742,-1.0427308222999354,1198.8718631927525,-1.0510031401179378,0.9724002060990362,1100.8869942211516,0.9641278882810338,0.8818636675668478,1000.7964576826192,0.8735913497488453,-202.3350737421327,1501.3148732376685,1.4780921251375922,-349.77539841928984,1406.6375532311447,2.1050529438559704,-449.31010060911314,1195.9488480579148,-1.1928118726552985,-500.425867130821,1049.206396113971,-1.8491853343197926,-2.299614834374035,802.4281655204522,-2.481558890174557,0.23817254991828485,800.1527665649706,0.22990023210028243,1.6327700499409161,801.5473640649933,1.6244977321229137,0.2824243620497934,800.1970183771022,0.27415204423179096,0.9038868425067631,800.8184808575592,0.8956145246887607,195.99801551524985,1500.008171080513,0.17138996798204342,352.2745288814888,1394.055045156823,1.9205548452775072,454.4866488282637,1204.5866634767403,0.885419302683305,503.00886229012303,1045.96794266283,2.833691623038153,-2.4731151814289394,804.988774876131,2.7567975828032596,0.15523736577808767,800.0698313808305,0.14696504796008525,1.872613351442553,801.787207366495,1.8643410336245505,-0.5680723318225505,799.3465216832299,-0.5763446496405529,0.7889701393837308,800.7035641544361,0.7806978215657284,-151.41030635268336,902.5944709141473,-3.3690655668043332,-149.90214421012044,554.1026330567103,-1.8609034242414189,-150.0858750038127,103.91890226301796,-2.0446342179336874,1.076669821038888,800.9912638360913,1.0683975032208857,152.1645856598391,898.1598083930085,4.123344873960089,149.67612493326686,545.6713476664362,1.6348841473878355,151.2083483360253,97.20357106919462,3.1671075501462664,1.1088292664726864,801.0234232815251,1.100556948654684
90,0.9,0.9802730255962664,1700.9017141416327,0.9762893009488602,0.08433002696950798,1550.005771143006,0.08034630232210183,0.5680336819458582,1300.4894747979824,0.5640499572984521,1.0804477583358272,1401.0018888743723,1.076464033688421,1.2426239752608976,1201.1640650912973,1.2386402506134915,-0.07202187960401607,1099.8494192364324,-0.07600560425142222,1.3845590543863597,1001.3060001704227,1.3805753297389534,-203.06740150945674,1500.5456522128218,0.7743710938604563,-350.4765924831272,1405.6954861536258,0.969155662634797,-448.23757741546643,1197.1046833740659,0.0021307711233180537,-500.79563931124517,1048.8604000303083,-2.6223193282871375,-2.4715844932768163,801.8171651912172,-2.887724338427167,-0.02742358406185208,799.8940175319746,-0.03140730870925823,1.9578076875245913,801.8792488035609,1.9538239628771852,0.2221120958466486,800.143553211883,0.21812837119924244,2.1037463540479786,802.0251874700843,2.0997626294005727,197.60482341881573,1501.530871106574,1.7595899876128716,352.65333106324715,1394.6895099711644,2.413765974461885,452.9337447178639,1202.6761561534615,-0.6490840876666362,502.0186566611266,1044.6761680133293,1.6283680157645395,-3.4200189367052944,804.3410993801425,1.82115736749969,2.0652345882906387,801.986675704327,2.0612508636432323,1.1929360973178202,801.1143772133541,1.188952372670414,0.39180233562400046,800.3132434516604,0.3878186109765943,0.48298288055826366,800.4044239965946,0.4789991559108575,-151.6044776289967,902.0583531988165,-3.669661502744049,-152.0125866807896,551.6502441470236,-4.077770554536958,-150.39151576138931,103.27131506642394,-2.4566996351366615,0.4474351353813995,800.3688762514178,0.44345141073399336,151.12032540891065,897.4574945810974,3.185509282657994,151.49514867974028,547.8323178519271,3.5603325534876156,151.1446298238253,97.48179899601206,3.209813697572659,0.9856736305607934,800.9071147465971,0.9816899059133872
91,0.91,1.762398998221986,1701.690875865096,1.7628017834245018,1.3333457610982409,1551.2618226279722,1.3337485463007568,1.934015329770209,1301.8624921966443,1.9344181149727249,-0.9469428748394757,1398.9815339920344,-0.9465400896369598,3.134318072431897,1203.0627949393058,3.134720857634413,-1.7385969284027607,1098.1898799384712,-1.7381941432002448,0.8963985495722298,1000.8248754164464,0.8968013347747457,-204.1900819574721,1499.3813466630202,-0.3242495839935553,-350.1946627084599,1405.7241514571538,0.8115912440330979,-449.48198383361023,1195.953695720698,-1.113819717237917,-499.8791915108128,1049.7971806942774,-2.1010226554529647,-3.0021436977040947,800.8213091369786,-3.657876837944216,0.6179532675555148,800.5464301344297,0.6183560527580307,0.11768705161376569,800.0461639184879,0.1180898368162816,0.2788586019020437,800.2073354687761,0.2792613871045596,0.7930541931550809,800.7215310600292,0.7934569783575968,197.54362160192926,1501.3803847863678,1.6747885393542603,351.3566205999716,1393.667828275782,1.233706604671686,451.7367350069707,1201.1298492836615,-1.813330635525488,503.1733883579037,1045.5661024858664,2.579365630924968,-2.6490570426966644,805.3743210264835,2.5648681448075985,1.0145142535236271,800.9429911203978,1.014917038726143,-1.3529109427134323,798.5755659241607,-1.3525081575109164,0.91999345976417,800.8484703266383,0.9203962449666859,1.1110798905971893,801.0395567574714,1.1114826757997052,-151.4624117700428,901.8522483767788,-3.6300558546642514,-149.64345744620232,553.6712027006192,-1.8111015308237683,-150.39925002811597,102.9154101187056,-2.566894112737418,-0.02377738130884033,799.9046994855653,-0.02337459610632442,150.21964152404266,896.904981377221,2.3872856086641123,150.81643771309632,547.5017775662748,2.9840817977177663,150.90710077371847,97.5924406268969,3.074744858339932,0.9122005238564194,800.8406773907305,0.9126033090589353
92,0.92,0.25616956529746404,1700.1918692708693,0.26105544669341296,-0.3001925365314968,1549.6355071690402,-0.2953066551355479,-0.08493964505282636,1299.850760060519,-0.08005376365687744,0.665557705518544,1400.6012574110903,0.6704435869144929,0.8825535294011772,1200.8182532349729,0.8874394107971261,1.280921173528982,1101.2166208791007,1.285807054924931,0.4952700483131694,1000.4309697538848,0.5001559297091183,-203.42399793803145,1500.1010937784476,0.46129379299024087,-348.9491219935921,1406.705094892936,1.6144636933011283,-449.8057679552918,1195.7326897283235,-1.3037331519008766,-500.7556957930968,1048.939280043363,-3.3613341213901977,-1.0720396083216317,802.2621451389031,-1.9708390230916593,0.9095229370747507,800.8452226426465,0.9144088184706997,0.8612498610472357,800.7969495666189,0.8661357424431846,2.3728226674038027,802.3085223729755,2.3777085487997516,2.1253230388602873,802.061022744432,2.130208920256236,196.65099074868866,1500.3933805726465,0.7535805871890813,350.7497859339236,1393.3543374703288,0.7451988860920005,453.9305699687359,1202.9836413778278,0.4276267568757435,503.030719111687,1045.1965179888691,2.245725807628031,-1.5399033217344908,806.7074430355651,3.608078741844997,0.39248898948644523,800.3281886950581,0.39737487088239415,0.4387922934637521,800.3744919990354,0.443678174859701,1.9116603376531036,801.8473600432247,1.9165462190490525,1.315187486797194,801.2508871923689,1.320073368193143,-148.27290957803672,904.6879299175995,-0.5386798943136739,-151.0089731626087,551.9518663330275,-3.2747434788856533,-149.89370725539467,103.06713224024159,-2.1594775716716232,-0.6822669990576902,799.253432706514,-0.6773811176617412,151.51787661854732,898.5570371229111,3.783646934824269,151.26759279716433,548.306753301528,3.5333631134412657,151.50454901562756,98.5437095199913,3.7703193319045116,0.2124532100080011,800.1481529155797,0.21733909140395002
93,0.93,0.5902047525578052,1700.5333127306913,0.5996689279716703,2.5334135737647148,1552.4765215518983,2.54287774917858,1.439442730745634,1301.382550708879,1.448906906159499,0.27131486129777793,1400.2144228394313,0.28077903671164295,1.6397423815022742,1201.5828503596358,1.6492065569161394,1.6986420414733723,1101.641750019607,1.7081062168872374,0.7864518609625488,1000.729559839096,0.7959160363764138,-202.67829054192103,1500.7957788474582,1.221812660600357,-349.07332870043405,1406.306038214043,1.0460415302805905,-451.2577785701331,1194.3920491302613,-2.6170981365230785,-499.06686117939046,1050.6467300305992,-2.041882578196627,-1.4529488579727041,801.3704791014004,-2.5962793675421034,0.6473467755719958,800.5904547537056,0.6568109509858608,0.393600782031084,800.3367087601646,0.403064957444949,0.23846821671189433,800.1815761948454,0.24793239212575935,0.6015103820789794,800.5446183602126,0.6109745574928445,196.09541959813117,1499.7384418460204,0.16447565916260243,351.9060211425284,1394.8211315740857,2.0208601834739075,454.1107027420042,1202.8338840231102,0.669180268514171,502.26098029313084,1044.2385947024281,1.2990036697506393,-3.670413408635195,804.7615435226447,1.3730564944730568,1.3438209925979872,801.2869289707315,1.353285168011852,1.9625519090188646,801.9056598871524,1.9720160844327297,1.244623119837763,801.1877310979713,1.2540872952516282,1.521933324272954,801.4650413024065,1.5313974996868192,-149.8786586524831,902.7232994574334,-2.237858133057269,-150.09800922371656,552.5039488862,-2.4572087042907356,-151.07041594443712,101.53154216547935,-3.4296154250112902,-0.06469105823741694,799.8784169198962,-0.055226882823551926,149.40909043344558,896.807132323529,1.7682899140197421,150.69663570753636,548.0946775976198,3.0558351881105157,150.65946284874826,98.05750473883178,3.0186623293224257,0.6155062144165238,800.5586141925501,0.6249703898303887
94,0.94,0.5289722093268804,1700.4796721483322,0.54310843032383,1.9433656557949803,1551.8940655948002,1.9575018767919299,1.4156606793173676,1301.3663606183225,1.4297969003143172,-0.019588461759601605,1399.9311114772456,-0.005452240762651939,0.9555159698386307,1200.9062159088437,0.9696521908355804,-1.244769644841832,1098.7059302941634,-1.2306334238448824,0.8023428838610205,1000.7530428228662,0.8164791048579702,-202.7097804397813,1500.7086139171188,1.20044492806003,-348.58719065742486,1406.508170840386,1.0880477499585477,-451.6314969996091,1194.1375086574224,-2.8480510167673163,-498.071145289113,1051.6628207161773,-1.3981240492881075,-2.2482209042676713,800.0456143634875,-3.635472512993717,0.8270434976521173,800.7777434366573,0.8411797186490669,1.4190455101126584,801.3697454491178,1.4331817311096082,0.35512942634523637,800.3058293653504,0.36926564734218603,1.7157032347405168,801.6664031737457,1.7298394557374666,196.0987188721991,1499.6374807473837,0.12931175832486397,350.14129376022214,1393.383033277763,0.3760735247995378,454.4468842074986,1202.8511740716162,1.080961876693788,504.3924197243165,1046.2211632998758,3.26850675393006,-1.942059576876909,806.6343478074433,2.958753956760372,0.14891117844413093,800.0996111174493,0.1630473994410806,0.1550373410573559,800.1057372800625,0.16917356205430556,1.1612950259084984,801.1119949649137,1.1754312469054482,1.9422971099390243,801.8929970489442,1.9564333309359738,-149.56062275341944,902.6779959068791,-2.00819905700386,-151.3677806278695,550.870838032429,-3.815356931453938,-150.9415605937272,101.29705806657134,-3.389136897311624,0.5903515792514926,800.5410515182566,0.6044878002484423,149.57891478636165,897.3402961260631,2.0264910899460897,151.0660379541705,548.8274192938719,3.5136142577549334,149.67204187702964,97.43342321673109,2.1196181806140735,0.8838347788991545,800.8345347179044,0.8979709998961042
95,0.95,-0.43883836757403394,1699.5196353839806,-0.41993785295909136,0.4560669988506383,1550.4145407504052,0.47496751346558086,0.5997332903622814,1300.5582070419168,0.618633804977224,0.6253348221475132,1400.583808573702,0.6442353367624558,0.7893243978728441,1200.7477981494276,0.8082249124877867,-0.030432548494071177,1099.9280412030605,-0.0115320338791286,0.5453151588509577,1000.5037889104054,0.5642156734659003,-202.85156112564155,1500.506544542448,1.064061806220296,-347.9542926089126,1406.8490180547433,1.2785263279280197,-450.8451868378167,1195.0500080575798,-1.9155226911934413,-498.31488924421154,1051.4429450183352,-1.9735017017884409,-0.5581311306247586,801.1900798021903,-2.1865702428682194,1.077655013653197,801.0361287652078,1.0965555282681396,0.66925104138232,800.6277247929369,0.6881515559972626,-0.23799374119100225,799.7204800103635,-0.21909322657605967,1.0841218110679198,801.0425955626224,1.1030223256828624,196.70364517645498,1500.1333619737736,0.6908792375458502,351.2007131395469,1394.7839666665097,1.555358631002212,455.0500681897904,1203.147256385594,1.7737486334679737,501.418742311802,1043.1382431544941,0.14882914126342905,-1.648362619021992,807.0318015436043,3.0723761069402045,2.229083812997213,802.1875575645518,2.247984327612156,0.6771998310316274,800.6356735825862,0.69610034564657,-0.1362123275538598,799.8222614240007,-0.11731181293891724,1.2456474072453934,801.2041211587999,1.264547921860336,-150.0207313534096,901.850704323515,-2.551286047131968,-150.33574356907582,551.5356921078487,-2.86629826279821,-148.49636793651212,103.3750677404124,-1.0269226302344978,1.0690163466908682,801.0274900982454,1.0879168613058108,150.7657880298105,898.894352352886,3.2963427235328764,149.73056295266855,547.8591272757441,2.261117646390943,149.91234488975164,98.04090921282713,2.4428995834740332,-0.3592516241055037,799.599222127449,-0.34035110949056113
96,0.96,1.1409768089813248,1701.107404297569,1.1647323049435627,-0.6673525165585832,1549.299074972029,-0.6435970205963454,1.1679882796411127,1301.1344157682288,1.1917437756033504,2.4923864337877766,1402.4588139223754,2.5161419297500145,1.701637394312198,1201.6680648829,1.7253928902744358,1.4317073945278844,1101.3981348831155,1.4554628904901223,0.6415521032228144,1000.6079795918106,0.6653075991850521,-202.4234115455063,1500.8698371418795,1.4928552423379058,-348.85338738492453,1405.6509454731336,-0.05965498057095192,-452.42079745662875,1193.6067923653998,-3.3421391507916947,-499.6642462539609,1050.1226498999204,-3.631398869355897,-0.6059131823906444,800.5835773961861,-2.47065243206593,-0.3569734852298596,799.6094540033579,-0.3332179892676218,0.9007948913548943,800.8672223799426,0.9245503873171321,1.1387524560999698,801.1051799446877,1.1625079520622077,2.4313654184383067,802.3977929070261,2.455120914400544,197.64006467894743,1500.9560663431737,1.5790844436321398,350.3691820446093,1394.307613290342,0.8430262081681914,455.02042822478063,1202.8230383872171,1.8474797420609788,502.76389772446106,1044.4138297696968,1.3646343576608408,-3.704553280737678,805.0384121295086,0.7997155423827417,2.091989041030259,802.0584165296181,2.115744536992497,-0.06588412288955747,799.9005433656982,-0.04212862692731967,-0.16677869788331767,799.7996487907045,-0.14302320192107987,-0.363602120284519,799.6028253683032,-0.3398466243222812,-151.81866594030905,899.682367992517,-4.426465041121787,-150.09068396614006,551.410349966686,-2.698483066952809,-150.5949487795809,100.90608515324513,-3.202747880393642,1.7838099415781437,801.750237430166,1.8075654375403813,150.8377918317552,899.3367578989291,3.445590932567946,150.886472308219,549.3854383753929,3.4942714090317466,148.59191800660653,97.09088407378051,1.1997171074192843,0.4581888899411656,800.424616378529,0.4819443859034034
97,0.97,1.105251083948092,1701.0798102168503,1.1339506324276734,2.0887864757350627,1552.0633456086373,2.117486024214644,-0.2557008797605811,1299.7188582531417,-0.22700133128099975,1.4470599141265004,1401.4216190470288,1.4757594626060817,0.6090542492164054,1200.5836133821188,0.6377537976959867,2.72204726172672,1102.696606394629,2.7507468102063015,2.3090837924404366,1002.2836429253427,2.337783340920018,-203.46458157088335,1499.7592934990505,0.4475525014491516,-348.84147586448324,1405.358074733544,-0.4818905986511484,-450.70497508919334,1195.4604045931565,-1.475229573882904,-498.420302305405,1051.4024957571505,-2.6702833410765727,-1.574479357135424,799.0462405968995,-3.6684666279954463,-0.2576647255867468,799.7168944073156,-0.22896517710716546,0.6270522540770433,800.6016113869794,0.6557518025566247,0.8097947330503035,800.7843538659527,0.8384942815298848,-0.45901203754679365,799.5155470953555,-0.4303124890672123,197.92000850100465,1501.1177460621655,1.8060050645640584,347.96259536571137,1392.2686154535133,-1.4456206208098854,454.7141087700115,1202.2353392972996,1.6580083106296242,502.04461965754786,1043.6644359698898,0.5331916089950943,-4.2265641839812185,804.5382574444071,0.02615474048724198,0.45038467490369266,800.424943807806,0.479084223383274,2.4758316746677833,802.4503908075701,2.5045312231473646,1.1605555332471058,801.1351146661494,1.1892550817266871,0.4440204271001197,800.4185795600024,0.472719975579701,-149.9256097985876,901.2024369931577,-2.604595659332628,-151.6172162846063,549.510830507139,-4.296202145351291,-149.6194530701299,101.50859372161531,-2.298438930874922,0.4691196251690276,800.4436787580713,0.49781917364860895,149.160525870725,898.0324790789797,1.839511731470009,151.1760450472654,550.0479982555202,3.85503090801043,152.10520737631674,100.97716058457152,4.784193237061757,1.2192132301157534,801.1937723630181,1.2479127785953348
98,0.98,0.8704270154056921,1700.8532935932817,0.9041580153073732,0.7627390437001211,1550.7456056215763,0.7964700436018022,1.697449221713688,1301.6803157995898,1.731180221615369,0.35176381362296016,1400.334630391499,0.3854948135246412,1.10647798709219,1201.0893445649683,1.140208986993871,0.8845392413353443,1100.8674058192114,0.9182702412370254,1.370652407574592,1001.3535189854507,1.404383407476273,-202.93765821817152,1500.2123845099875,0.9655499933355333,-349.0090980029968,1404.880988149521,-1.0771340909694032,-452.4357698496898,1193.8719824681705,-3.053530347109871,-499.65851347959546,1050.2085996794367,-4.163167232726801,-0.6588356457384917,799.3861970867803,-2.97286268873703,-1.5842250624033527,798.3986415154727,-1.5504940625016717,0.7703173404150786,800.7531839182911,0.8040483403167596,-0.15763599379482685,799.8252305840813,-0.1239049938931458,-0.18164704155636469,799.8012195363198,-0.14791604165468364,196.6664411200518,1499.7414929966542,0.4946584800022788,349.25949906570736,1393.9442398158053,-0.03262464651372349,455.574141834026,1202.827805045144,2.6480187586590347,504.3410128446373,1045.9696829906698,2.7349615207891276,-2.5663598460360095,806.1796543015349,1.4013278118645527,0.30002168209970304,800.2828882599758,0.3337526820013841,2.379168116103691,802.3620346939798,2.412899116005372,-0.36187049000904525,799.6209960878671,-0.3281394901073642,3.514568406169236,803.4974349840453,3.5482994060709174,-149.22236319728984,901.5307513288204,-1.9661677176479686,-149.64055940063668,551.1125551254736,-2.38436392099481,-150.18225646347946,100.5708580626308,-2.926060983837597,0.07206021658702066,800.0549267944631,0.10579121648870171,149.84346411745838,899.0903495913482,2.587268637816506,151.28649539388456,550.5333808677743,4.030299914242691,150.96447898310387,100.21136445699359,3.7082835034619994,-0.283868039033331,799.6989985388428,-0.25013703913165
99,0.99,0.6499124263653151,1700.6412600544577,0.6887605491958623,1.9750755271790628,1551.9664231552713,2.01392365000961,0.6946289236042572,1300.6859765516965,0.7334770464348044,1.37636534962349,1401.3677129777159,1.4152134724540373,1.1505688719793596,1201.1419165000716,1.1894169948099067,0.20583819929672642,1100.197185827389,0.2446863221272736,0.595108560176703,1000.586456188269,0.6339566830072502,-202.46270001180812,1500.6091157777987,1.426778947106337,-348.52509670325946,1405.0519605659147,-1.0126678895146624,-451.95496123731306,1194.4989366530967,-2.4195075732959412,-497.7420042822466,1052.179318376206,-2.470926632713052,-0.7313458276027702,798.7342817062714,-3.2540767055583193,1.7093315520110717,801.7006791801034,1.748179674841619,2.395226751738269,802.3865743798306,2.434074874568816,0.057494208816675774,800.048841836909,0.09634233164722295,2.5095009025954953,802.5008485306878,2.548349025426042,196.10801093247773,1499.056089093848,-0.12624773684439738,349.79603034232406,1394.869322272157,0.6175683070352718,453.13028622481863,1200.1307460545315,0.34686707415810347,503.0919068852345,1044.7676604945998,1.408950441747371,-3.2267096481015676,805.460381781693,0.424336945561448,-1.4952790324201044,798.4960685956722,-1.4564309095895571,0.06555884077629104,800.0569064688685,0.10440696360683821,0.3823508711425516,800.3736984992348,0.4211989939730988,1.5130828007465023,801.5044304288388,1.5519309235770493,-150.86224530592918,899.5146373050679,-3.664204443135022,-148.8828442722395,551.4940383387576,-1.684803409445338,-151.75761845636455,98.61926415463257,-4.559577593570395,-0.43740246099949376,799.5539451670928,-0.3985543381689466,149.54871033029627,899.1718277192992,2.3506694675021294,151.9063846444778,551.5295020334808,4.708343781683652,149.34712233367767,98.97023972268053,2.1490814708835093,1.901964332837763,801.8933119609301,1.94081245566831
100,1.0,-0.4178828031797346,1699.5821171968203,-0.37383366784537286,-0.5790340282492921,1549.4209659717508,-0.5349848929149303,0.38550014619850265,1300.3855001461984,0.42954928153286437,2.1153707575930403,1402.115370757593,2.159419892927402,0.2546694563868944,1200.2546694563869,0.29871859172125614,0.6913440676712821,1100.6913440676713,0.7353932030056438,1.4832098287253002,1001.4832098287253,1.5272589640596619,-203.06566538272526,1499.923599163348,0.8052770417865918,-344.8865594766181,1408.3750134867848,2.215949293264268,-453.88131361153137,1192.7216989463116,-4.19260956595998,-497.62955157343214,1052.3572463645382,-2.5503054202624966,2.3646335970424355,801.2503779582393,-0.35338581283706905,0.8696551832213425,800.8696551832213,0.9137043185557042,3.0076404129565897,803.0076404129566,3.0516895482909514,2.23559089814764,802.2355908981476,2.2796400334820017,0.19601228052791986,800.1960122805278,0.24006141586228158,197.4241032949826,1500.2410592740796,1.1227371525184098,348.8495023480605,1394.319857434279,-0.21830319764307587,454.932929081949,1201.6950375743402,2.3044835834099473,501.8094233029215,1043.5695018677163,0.06727970112274773,-0.923950643650393,807.6649125929368,2.3809767296026294,-0.4774718297305929,799.5225281702694,-0.43342269439623116,0.9885190650158138,800.9885190650158,1.0325682003501755,1.3067764608429098,801.3067764608429,1.3508255961772715,2.988309435395985,802.988309435396,3.032358570730347,-149.131205999555,900.8687940004451,-1.984375548440447,-150.15718315111346,549.8428168488865,-3.010352699998926,-151.84016610342115,98.15983389657886,-4.693335652306602,1.2880081207793317,801.2880081207793,1.3320572561136934,149.56199130940655,899.5619913094066,2.415160858292024,150.21968859915214,550.2196885991522,3.072858148037609,149.7463396355426,99.74633963554261,2.599509184428071,1.9986028010054966,801.9986028010054,2.0426519363398583
101,1.01,0.4719759771730012,1700.4807972997833,0.5213081787446714,0.31111924700342874,1550.3199405696137,0.3604514485750989,1.7946650709150247,1301.8034863935252,1.8439972724866949,1.682727082283316,1401.6915484048934,1.7320592838549862,1.7433948822446947,1201.752216204855,1.792727083816365,2.0879455448951907,1102.0967668675053,2.137277746466861,0.5501192268814155,1000.5589405494916,0.5994514284530856,-204.11568920685022,1498.7867761872,-0.2680881118753543,-346.1887556279422,1406.755973758064,0.51493965174983,-452.78127902908136,1193.9730230565028,-2.939966733582655,-499.5133090723252,1050.551474612295,-4.591658055725696,0.7553689360909476,799.0640095851606,-2.1425124049775937,1.7936227859804652,801.8024441085906,1.8429549875521354,1.1899396520300527,801.1987609746402,1.2392718536017229,0.8799937483037155,800.8888150709139,0.9293259498753856,0.24773374539354898,800.2565550680038,0.29706594696521915,196.4827555009653,1499.1645862492023,0.10972195012687014,346.64616944316555,1392.5207686716767,-2.3145482879955437,455.00646059835606,1201.5454934626805,2.5447491355516707,501.9612652810396,1043.8416841664168,0.17747922598337396,-2.4228890973969057,806.0295036197285,0.5088175489923169,-0.3549660298001561,799.65385529281,-0.30563382822848595,0.23811212467418152,800.2469334472844,0.2874443262458517,-0.033535077387273904,799.975286245223,0.015797124184396272,2.106447441641091,802.1152687642513,2.155779643212761,-149.27191163183736,900.3512057571655,-2.1690842385011644,-148.6816629029608,550.9414544860421,-1.578835509624624,-150.42690001865193,99.19621737035094,-3.3240726253157495,2.095431831458233,802.1042531540684,2.144764033029903,150.75505221935168,901.1319348303488,3.652224826015487,150.1523341988685,550.5292168098656,3.049506805532297,149.33262539392024,99.70950800491735,2.229798000584046,-0.27007875070225273,799.7387425719079,-0.22074654913058256
102,1.02,0.5364174070143941,1700.5542265452416,0.5911128394550658,0.8495798016348515,1550.8673889398622,0.9042752340755231,0.21095115040000345,1300.2287602886272,0.2656465828406751,0.8985278048166434,1400.916336943044,0.9532232372573151,0.6873966908626189,1200.70520582909,0.7420921233032906,0.263492710676405,1100.2813018489037,0.31818814311707666,1.9006726457164638,1001.9184817839437,1.9553680781571354,-203.86521185781965,1498.946288908722,-0.04574801258858052,-348.30377724824785,1404.3238285369607,-1.9863401880682976,-453.7272881055042,1193.1796972735567,-3.7346795288898518,-498.69071641111503,1051.4656658240162,-3.8908751534517956,0.7247765974571254,798.4623437212197,-2.335616276033651,-0.17910372434176614,799.8387054138854,-0.12440829190109448,0.7548876700532738,800.7726968082804,0.8095831024939455,0.9363773277910545,800.9541864660182,0.9910727602317262,0.05670924493861784,800.0745183831658,0.1114046773792895,196.8023474906413,1499.3452010664369,0.3531641451263211,349.85441918461834,1396.1391048969192,0.9966708366675308,453.2732078181803,1199.6047993126492,0.9894305836089949,503.6877042537642,1045.7230267983193,1.8794796397403524,-3.002933900099681,805.2760525883851,-0.46894497226469484,0.9665317787771339,800.9843409170043,1.0212272112178056,1.3983106470167268,801.4161197852438,1.4530060794573987,2.2896808380141125,802.3074899762413,2.3443762704547844,1.0624823362886604,801.0802914745158,1.117177768729332,-148.14516410932126,901.1017213645686,-1.078887477530449,-149.98272429376073,549.2641611801291,-2.9164476619699187,-148.86150902315057,100.38537645073917,-1.7952323913597616,1.9845577130491463,802.0023668512763,2.039253145489818,150.44785506684607,901.2009695929563,3.381578435055279,148.4411449318971,549.1942594580073,1.374868300106289,151.20029263989025,101.95340716600052,4.134016008099457,2.0667181416336122,802.0845272798607,2.1214135740742837
103,1.03,0.11681445891293296,1700.143775362128,0.17695134516631594,0.8811465356006578,1550.9081074388157,0.9412834218540407,-0.4287511655148136,1299.5982097377002,-0.36861427926143064,0.25662090127737347,1400.2835818044923,0.31675778753075645,0.15869335766882975,1200.185654260884,0.21883024392221273,0.11959119522716177,1100.1465520984423,0.17972808148054475,1.1715419741906743,1001.1985028774058,1.2316788604440574,-202.25101690439968,1500.465442151896,1.5355290367933734,-348.06835863000447,1404.2429019484537,-2.1232239010159564,-454.9724327958132,1192.0878651264402,-4.83049836998973,-497.73547470541615,1052.527064552921,-3.0203736548121625,1.2570384788882452,798.4327821564877,-1.946698165622474,0.8608306067922358,800.8877915100072,0.9209674930456188,-0.5972090835883247,799.4297518196267,-0.5370721973349417,0.9339524437358452,800.9609133469509,0.9940893299892282,1.8724653620927412,801.8994262653077,1.932602248346124,198.51024245846284,1500.910423541438,1.980510426335277,348.5509630401363,1395.25023606613,-0.2084678047623066,452.96514748882925,1199.105224898649,0.8698955346207691,500.9426243873507,1043.165749861504,-0.8733361947300151,-3.1198906287761696,804.9502921685148,-1.0053031249944882,0.5452536672151663,800.5722145704302,0.6053905534685493,1.297578770730486,801.3245396739455,1.3577156569838689,1.9404067110264909,801.9673676142415,2.000543597279874,1.1101303640153954,801.1370912672304,1.1702672502687785,-150.09493273938367,898.7770204688711,-3.057528983716048,-148.95430195017946,549.9176512580754,-1.9168981945118357,-149.009465537149,99.86248767110577,-1.9720617814813879,1.4778034745449036,801.5047643777599,1.5379403607982864,149.70171806625308,900.8297648579983,2.664314310585453,149.24065776709682,550.3687045588421,2.203254011429207,148.44103858027756,99.56908537202278,1.403634824609954,0.709640571371469,800.7366014745865,0.769777457624852
104,1.04,0.6874123456516039,1700.7236863344506,0.7530669150860361,0.4275105618196929,1550.4637845506186,0.49316513125412503,-0.5683967700205012,1299.4678772187783,-0.502742200586069,1.460970468403243,1401.4972444572022,1.5266250378376751,1.3154283453643751,1201.3517023341633,1.3810829147988075,0.398100316187183,1100.434374304986,0.46375488562161515,0.7359975565472061,1000.7722715453461,0.8016521259816383,-201.74020928457563,1500.8772252459553,2.008659749101956,-346.24712369331115,1405.7496038555544,-0.6589880208376808,-452.60629595742523,1194.6071991506865,-2.3176504084707115,-497.60932414915845,1052.774706769554,-2.940886974896894,2.3404573272658893,798.9667927869582,-0.9857626609124039,1.0259133416559532,801.0621873304549,1.0915679110903853,0.14819310632077598,800.1844670951197,0.21384767575520813,2.087732335541071,802.12400632434,2.153386904975503,-0.29554236575159976,799.7407316230473,-0.2298877963171676,198.11442896207404,1500.3684041850163,1.499838688162832,348.53699256878286,1395.6540141183423,-0.12928728305702053,453.5582601719883,1199.5229781476319,1.6614685670663394,499.97204285028414,1042.4140099154247,-1.835604374252119,-0.894496913719843,806.9332409547363,0.7820066206817511,-0.3782324525227051,799.6580415362762,-0.31257788308827295,1.5631045006029511,801.5993784894018,1.628759070037383,-0.5817085123534581,799.4545654764455,-0.516053942919026,0.7996474502618509,800.8359214390607,0.8653020196962831,-150.61481505330087,897.8841510138731,-3.59840114805673,-151.6236781386087,546.8752879285653,-4.607264233364566,-148.80429572145107,99.6946703457229,-1.7878818162069456,1.4072584716918513,801.4435324604908,1.4729130411262834,149.13559943484927,900.6366333676754,2.11918552960514,149.45319130264676,550.9542252354728,2.436777397402624,149.72999362218962,101.23102755501563,2.7135797169454765,1.2092325893923614,801.2455065781912,1.2748871588267936
105,1.05,1.1896249342486676,1701.2353706161489,1.2608713714928996,1.3865441022283318,1551.4322897841284,1.457790539472564,1.3713881193266588,1301.4171338012268,1.4426345565708907,1.1801160099951575,1401.2258616918953,1.2513624472393898,0.01735797950364959,1200.0631036614038,0.08860441674788166,-0.03201658431725796,1100.0137290975829,0.03922985292697412,1.2289243963448329,1001.2746700782451,1.300170833589065,-201.9260758353154,1500.588451401921,1.780385308194217,-346.0040208647148,1405.6809913158509,-0.7562917467646263,-451.8159816479631,1195.5498737991306,-1.3838671087249943,-498.30860351226386,1052.212849133934,-3.648034883227115,1.281981462727829,797.3744108461909,-2.144310885159562,0.32037491776856963,800.3661205996688,0.3916213550128017,0.7119167309082675,800.7576624128085,0.7831631681524995,-0.11471376297305624,799.9310319189271,-0.04346732572882417,0.8461845341654779,800.8919302160657,0.91743097140971,197.56847039496208,1499.6728734859055,0.8648073921788794,347.458130316906,1394.994728584709,-1.1206584269271342,453.5294055059349,1199.3350805262023,1.8403088005907455,501.5738790503332,1044.2636862220525,-0.21020081771631216,-2.1607949774643753,805.3928155847001,-0.9378914625528293,0.5729315248974816,800.6186772067978,0.6441779621417136,1.1247057660526816,801.1704514479529,1.1959522032969137,-0.013154955748205355,800.0325907261521,0.05809148149602672,-0.7380449911462663,799.307700690754,-0.6667985539020342,-149.86193980687287,898.2666245162026,-2.858449074941336,-147.35957450705547,550.76898981602,-0.3560837751239281,-150.42481606948027,97.70374825359525,-3.421325337548729,2.3538405648539897,802.3995862467542,2.4250870020982216,148.32178980523946,900.1932254821639,1.3182990733079185,150.4817621054863,552.3531977824108,3.4782713735547643,149.4387994501292,101.3102351270537,2.435308718197682,0.3789932162001611,800.4247388981004,0.45023965344439315
106,1.06,2.516662684705973,1702.5720358707126,2.593573079232249,-0.14176301282783887,1549.9136101731788,-0.06485261830156297,-0.3332910436301587,1299.7220821423766,-0.2563806491038828,1.6247692716414548,1401.6801424576481,1.7016796661677307,0.8444584152487113,1200.8998316012555,0.9213688097749873,0.929498658011812,1100.9848718440185,1.0064090525380878,-0.5946931632451532,999.4606800227616,-0.5177827687188773,-202.761046492122,1499.6467964110107,0.8983101457000628,-345.83214624440393,1405.5449419022618,-0.9070048160789288,-452.4625743318984,1195.054109308736,-1.8908408237580556,-496.77619212520284,1053.8990174977607,-2.0842736021920736,1.0718727819996676,796.6488840298504,-2.430688890276874,-0.5789896450036175,799.4763835410031,-0.5020792504773416,0.1755384750428124,800.2309116610495,0.2524488695690883,0.4623394054576869,800.5177125914644,0.5392497999839628,0.580035734014012,800.6354089200207,0.6569461285402879,196.34149222825212,1498.2931289552414,-0.455357310069219,348.1172217945162,1396.0739032151782,-0.38020549750576954,454.6817763669736,1200.344821588936,3.208866557639256,501.3345307094967,1044.2989751760822,-0.41165403184098515,-1.3639850184215334,805.8859604562516,-0.6068897465119261,1.2738988064991097,801.3292719925058,1.3508092010253856,3.460960959366117,803.5163341453729,3.5378713538923927,-1.238104146428959,798.8172690395778,-1.1611937519026831,0.8353379008378978,800.8907110868446,0.9122482953641737,-148.1557992771257,899.6055820625758,-1.1570038583042899,-148.10190075025432,549.6594805894471,-1.1031053314328896,-147.9935279298629,99.76785340983857,-0.9947325110414686,1.1179686888916254,801.1733418748984,1.1948790834179013,150.72597961587672,902.9645982761753,3.727184197055305,148.8979121592923,551.1365308195909,1.899116740470885,150.19196793861119,102.43058659890973,3.193172519789754,1.6498357181205816,801.7052089041273,1.7267461126468575
107,1.07,0.9690405949800376,1701.0341942170564,1.0516848914583168,0.6837790269122184,1550.7489326489886,0.7664233233904975,2.3912353272173106,1302.4563889492938,2.4738796236955896,1.3835751849451552,1401.4487288070216,1.4662194814234342,0.8037134664515994,1200.868867088528,0.8863577629298784,2.274131176053987,1102.3392847981304,2.356775472532266,-0.20217015858744214,999.8629834634891,-0.11952586210916305,-204.03474188941408,1498.2627509339954,-0.42714569183862405,-346.39968346452144,1404.6742104982336,-1.7781518280716573,-453.03792385008734,1194.6273896568975,-2.331007232412572,-496.83165284926355,1054.013856232962,-2.069044540185572,2.5941871250070796,797.6771307888632,-0.9596225088717535,2.3832047659530238,802.4483583880295,2.4658490624313028,0.26300987684665245,800.3281634989232,0.34565417332493154,0.6598518774351227,800.7250054995117,0.7424961739134017,1.7447845885853734,801.8099382106619,1.8274288850636526,197.73997427517924,1499.5358271865339,0.8459305606999923,349.05433968433357,1397.4303047576961,0.6317002726327123,453.3137192198779,1198.8505799742823,2.0647063978656957,501.3826271152347,1044.6461630990416,-0.31237956428727576,-0.28745305212261774,806.6316015795729,-0.004950367389717103,1.2869759783554109,801.3521296004319,1.3696202748336899,-0.1132108250782824,799.9519427969983,-0.030566528600003307,0.1075883371380627,800.1727419592146,0.1902326336163418,1.9015276607193599,801.9666812827959,1.9841719571976388,-151.00689635541016,896.3911455346733,-4.004430589167622,-149.61749401648072,547.7805478736028,-2.615028250238167,-150.22973503282014,97.16830685726337,-3.2272692665776024,1.393437271853137,801.4585908939297,1.476081568331416,149.89423357290883,902.4961916828254,2.8917678066662846,150.07803708042636,552.6799951903429,3.075571314183807,149.26772275770017,101.86968086761667,2.265256991457633,1.1774051803951828,801.2425588024718,1.260049476873462
108,1.08,1.0362526333866253,1701.111336662862,1.1246985828335179,0.9127233502768464,1550.987807379752,1.001169299723739,-1.0692791853592123,1299.005804844116,-0.9808332359123196,1.749054725523539,1401.8241387549988,1.8375006749704315,1.7817632909845575,1201.8568473204598,1.87020924043145,1.0952286275405636,1101.1703126570158,1.1836745769874562,-0.2700752240230123,999.8050088054522,-0.18162927457611977,-202.93537980593797,1499.24821393741,0.6158469703943439,-346.1423280176316,1404.634001800593,-1.8043407820018618,-454.18208884375736,1193.6290219037598,-3.3449863399859394,-497.19064101759017,1053.8417134802528,-2.3181865819392065,1.8921415173171314,796.5050864884819,-1.6868640018558447,2.063812288879183,802.1388963183545,2.1522582383260755,2.2223078083866863,802.2973918378619,2.3107537578335786,-0.7446009610246144,799.3304830684506,-0.6561550115777218,0.297142885637657,800.3722269151128,0.38558883508454955,198.5730889470682,1500.2103219002142,1.5779549331986995,346.5158055143721,1395.3089691040193,-1.8390355033731036,452.94393522481795,1198.3710254110022,1.9257110829885988,501.1125491011886,1044.6971667770335,-0.5191467232109672,-1.31756577506147,805.2458321599529,-1.5149264420442603,-0.9052459710368556,799.1698380584384,-0.816800021589963,-0.7350857372567253,799.3399982922185,-0.6466397878098328,1.4942069106512967,801.5692909401265,1.5826528600981893,0.2647812863970541,800.3398653158723,0.35322723584394666,-151.13890763273537,895.9002528716284,-4.124292286096239,-151.05224961282687,545.9869108915369,-4.037634266187746,-149.08582753004447,97.95333297431928,-2.0712121834053385,0.5157518060693382,800.5908358355446,0.6041977555162308,148.6413672951816,901.6022067908178,1.626751948542486,149.2759099435804,552.2367494392166,2.26129459694127,147.69498149985753,100.6558209954938,0.6803661532184209,0.07171935079829428,800.1468033802736,0.16016530024518683
109,1.09,0.7297068560096591,1700.8148682229564,0.8240199677553511,1.2597031308520836,1551.3448644977989,1.3540162425977758,2.3235189116602437,1302.4086802786069,2.4178320234059356,0.3149964897946985,1400.4001578567413,0.40930960154039053,1.2239365897911672,1201.3090979567378,1.318249701536859,0.5695900282855508,1100.6547513952323,0.6639031400312428,0.9253569654865457,1001.0105183324331,1.0196700772322378,-201.49721143132433,1500.5690563006376,1.993090119011183,-345.6091936136879,1404.8760609831813,-1.5336733719558326,-453.2269790268176,1194.7264965154998,-2.2652224460339876,-497.6803188315763,1053.5552228947245,-2.6593513780044105,1.2837529171675506,795.4533222382236,-2.293565732099818,0.4529691356463814,800.5381305025929,0.5472822473920734,0.8226199125638431,800.9077812795105,0.9169330243095352,-0.027819184723999246,800.0573421822226,0.06649392702169277,1.1704535014011561,801.2556148683477,1.2647666131468482,197.34899391050106,1498.8249563826932,0.24899020106682157,348.4631919062279,1397.670207897963,0.16877390910460166,452.99736327220484,1198.3310029010318,2.2159676329767732,501.82030910118465,1045.745434904054,0.26281563962020726,-0.6493006129675802,805.53626192047,-1.3282193315482984,0.6812710477637619,800.7664324147104,0.7755841595094539,0.44292699956789433,800.5280883665145,0.5372401113135863,0.42420273215183846,800.5093640990984,0.5185158438975305,1.1674658793548383,801.2526272463015,1.2617789911005302,-149.11580405649306,897.5695357966854,-2.0804713236252685,-148.93703427605655,547.7483055771219,-1.9017015431887803,-149.20557686844847,97.47976298472999,-2.1702441355806834,-0.42913085357007186,799.6560305133765,-0.33481774182437984,149.84389935539392,903.1585595022154,2.808566622526123,149.03680850392823,552.3514686507498,2.0014757710604347,148.97025375635332,102.28491390317485,1.9349210234855239,-0.25197361976955,799.833187747177,-0.157660508023858
110,1.1,-0.9382180817296603,1699.1571644318867,-0.8379745872335135,1.4291294023194778,1551.5245119159358,1.5293728968156244,0.9785917325218336,1301.073974246138,1.0788352270179804,1.97433067111037,1402.0697131847267,2.0745741656065166,0.7661517491688475,1200.8615342627852,0.8663952436649943,0.5260458700154873,1100.6214283836318,0.6262893645116341,2.3479395115760595,1002.4433220251924,2.4481830060722065,-202.3160534885121,1499.6295885592858,1.1088263714378446,-345.7180113967886,1404.4834717006277,-1.882947855485335,-452.9781149492459,1195.1137300153966,-1.897741731492338,-496.0672050175279,1055.3874521274622,-0.8598514160377789,1.2855665095920426,795.0407546013417,-2.2625626927861697,1.2478808926921237,801.3432634063086,1.3481243871882704,0.8950668043012202,800.9904493179176,0.995310298797367,1.7306833565923205,801.8260658702087,1.8309268510884675,-0.2654185440000657,799.8299639696163,-0.16517504950391892,198.9767205233279,1500.2889516978632,1.7681895100150602,347.1190835257306,1396.7353737169217,-1.1226407819964808,454.3737858014204,1199.6301399282331,3.8343763182743906,498.39782639869725,1042.6802453644118,-3.075890743860502,-0.3437113072940657,805.4445299908627,-1.5022720867946986,-0.4563306872349723,799.6390518263814,-0.3560871927388255,-0.6225134269647635,799.4728690866516,-0.5222699324686167,1.2033935312938477,801.2987760449103,1.3036370257899945,1.5551079533433545,801.6504904669597,1.6553514478395013,-149.51665248505802,896.8205166871288,-2.451971681282805,-150.41785511392766,545.9193140582591,-3.353174310152446,-149.27480855984442,97.06236061234235,-2.2101277560691925,0.1732120015898585,800.2685945152062,0.2734554960860053,149.05512086304412,902.7179516908573,1.9904400592689022,149.34232669378122,553.0051575215944,2.277645890005996,148.24337612541228,101.90620695322554,1.1786953216370728,-0.5255961796488232,799.5697863339676,-0.42535268515267644
111,1.11,0.7565011431437458,1700.8622454131719,0.8627359056350011,-0.23181425160604108,1549.8739300184222,-0.12557948911478578,0.693321830364688,1300.7990661003928,0.7995565928559433,0.9582032752712007,1401.0639475452995,1.064438037762456,1.5163533003282994,1201.6220975703566,1.6225880628195548,-0.62650809677895,1099.4792361732493,-0.5202733342876947,2.7885337626214097,1002.8942780326496,2.8947685251126654,-203.02479252819435,1498.7970564688487,0.33023461434628953,-347.70030932529954,1402.2254741384759,-4.082841786283582,-454.0676455270718,1194.1580496775457,-2.8751677494369927,-495.558640187248,1056.1304376253415,-0.1281213159376018,3.955763097740986,797.3277358885665,0.4647257753001437,0.34405202232683735,800.449796292355,0.45028678481809264,0.173592126743637,800.2793363967718,0.2798268892348923,1.4645557777451468,801.5703000477733,1.570790540236402,2.8269105658575215,802.9326548358857,2.933145328348777,199.00102437803298,1500.1472569998307,1.680435145328161,345.7881671046276,1395.8079541800732,-2.40891310760586,453.1846507263986,1198.3796700085384,2.891475899111117,498.57959911667723,1043.2333997054295,-2.8021461293602448,0.5682757003138298,805.9424862902406,-1.0643941107023531,1.5919194584742875,801.6976637285024,1.698154220965543,-0.5628524119573524,799.5428918580708,-0.45661764946609706,-0.5897372554055285,799.5160070146227,-0.48350249291427316,-0.03834876433318679,800.067395505695,0.0678859981580685,-149.03690891151885,896.9583138216504,-1.9342127808502145,-148.64349583157522,547.3517269015941,-1.5407997009065915,-147.8391310909109,98.15609164225842,-0.7364349602422848,0.7721204963668513,800.8778647663951,0.8783552588581066,148.78546546100085,902.7902427278316,1.6827693303322224,148.69182328034938,552.6966005471801,1.5891271496807728,149.11548560727786,103.12026287410853,2.012789476609236,0.9495112298375219,801.0552554998657,1.055745992328777
112,1.12,0.8259811795212106,1700.942224538734,0.9382657146027434,-0.6089287630877731,1549.507314596125,-0.4966442280062403,0.28134681244623216,1300.397590171659,0.39363134752776496,2.639508775937026,1402.7557521351498,2.7517933110185586,2.022960784689869,1202.1392041439026,2.1352453197714016,1.5665727900067299,1101.6828161492197,1.6788573250882628,1.3460199818709682,1001.4622633410838,1.458304516952501,-202.2336367326034,1499.461389051503,1.0471781242679081,-345.8343410813852,1403.8245337525152,-2.410843964763384,-455.3513725601773,1193.0031710332244,-4.053744048893198,-497.54737474667735,1054.3905989123189,-1.8582992121170605,2.8305933127314895,795.8524728992234,-0.5752770997783151,-0.12408925214798583,799.9921541070648,-0.01180471706645303,1.831564242866914,801.9478076020797,1.943848777948447,1.615134178166115,801.731377537379,1.7274187132476477,0.5561408983859489,800.6723842575988,0.6684254334674817,199.41482189615854,1500.392985890875,1.9787749636399394,348.38562291489484,1398.8019673502379,0.224852259748076,452.804958722543,1197.9543218276035,2.7613343538398616,499.97907587335186,1045.0156175288928,-1.3039252629266729,0.7674515780308253,805.7137590892215,-1.3301993149940592,1.4775057652924355,801.5937491245053,1.5897903003739682,-0.1294091982038833,799.9868341610089,-0.017124663122350503,1.4899517196980017,801.6061950789108,1.6022362547795344,0.36560141266498875,800.4818447718778,0.47788594774652154,-148.1223987469947,897.5376596199502,-0.9730102989715346,-148.60277019385913,547.0572881730858,-1.4533817458359595,-149.60777880925633,96.05227955768854,-2.4583903612331777,0.8264808258254595,800.9427241850383,0.9387653609069923,149.36486971656763,903.7048113496227,2.215481268544455,148.58704581782357,552.9269874508786,1.4376573698004143,150.26393867397528,104.6038803070304,3.114550225952107,1.286998261176049,801.4032416203888,1.399282796257582
113,1.13,2.9798280437133324,1703.1067044715007,3.0982184307963463,1.9128192821852332,1552.0396957099726,2.031209669268247,1.1221326453934388,1301.249009073181,1.240523032476453,0.14264110619596415,1400.2695175339834,0.2610314932789781,1.2649394181932512,1201.3918158459808,1.383329805276265,0.6928566651650534,1100.8197330929524,0.8112470522480674,1.2136701699265864,1001.3405465977141,1.3320605570096005,-203.89921371270907,1497.6661006421416,-0.6968933135884909,-346.33562580412666,1403.0657994110973,-3.0817968897193957,-454.81264479812944,1193.6653056217779,-3.4172264994485007,-497.7524150475895,1054.4478966462084,-1.7710639577484517,2.290146648643363,794.9967822440411,-1.0025418782919888,2.4074454969378873,802.5343219247255,2.525835884020901,0.571589377286864,800.6984658050744,0.689979764369878,0.2327289421983142,800.359605369986,0.35111932928132816,0.7707972788734057,800.897673706661,0.8891876659564196,198.27504929082906,1499.083275141974,0.7202811862437707,346.5849916945725,1397.3898324143406,-1.548052096002707,452.64894608210943,1197.768004163849,2.8572352903178935,498.1144765135339,1043.5423800120188,-3.064460566575576,0.31808453921566504,804.8254913794891,-2.2318751086750925,-0.045314361215437304,800.0815620665721,0.07307602586757667,-0.06705987241188949,800.0598165553757,0.05133051467112448,0.2633118373410604,800.3901882651287,0.38170222442407437,-0.15321019895286792,799.9736662288348,-0.034819811869853945,-149.40385947037484,895.92835657278,-2.199119258887239,-149.75380991096972,545.5784061321851,-2.549069699482094,-150.12119178900863,95.21102425414625,-2.9164515775210065,2.4965674118464287,802.623443839634,2.614957798929443,148.23919863394644,902.9069825907916,1.034458422458822,147.3722397436568,552.0400237005019,0.16749953216917146,147.34106433905885,102.00884829590396,0.13632412757122414,1.3487792533780725,801.4756556811657,1.4671696404610866
114,1.14,0.5806503677349175,1700.718290414824,0.7052002174418623,1.0528578468195602,1551.1904978939085,1.177407696526505,0.7199040038555642,1300.8575440509446,0.844453853562509,2.316142658886652,1402.4537827059755,2.440692508593597,0.7630925938969703,1200.900732640986,0.8876424436039151,0.5913433138063646,1100.7289833608954,0.7158931635133094,-0.8671767246995372,999.2704633223896,-0.7426268749925924,-203.33630334741034,1498.0965578852415,-0.21667633678739368,-345.37099404756026,1403.783055546112,-2.2619451026415036,-452.8913030613664,1195.7042174717167,-1.4058268308555038,-496.8735133305717,1055.6013488733477,-0.5681137594784833,2.6934627245951774,795.121189764064,-0.45832506792537386,-0.7360567572272936,799.4015832898618,-0.6115069075203488,0.2849979374021572,800.4226379844912,0.409547787109102,0.3346495199309749,800.4722895670201,0.45919936963791974,2.2430541590034156,802.3806942060925,2.3676040087103605,198.61469277630948,1499.2513146551303,0.9380804331013992,346.6942589583836,1397.8784575625343,-1.4198507092798274,453.6816268101107,1198.785350258867,4.143223698754246,497.53296067216706,1043.3581211160079,-3.5380574124708426,0.8492945625216788,804.9096924095527,-2.1368358263281912,0.06433455387756792,800.2019746009667,0.18888440358451275,-0.1053810557171263,800.0322589913719,0.019168793989818522,0.7647279500925424,800.9023679971816,0.8892777997994872,0.01382619001746166,800.1514662371065,0.13837603972440649,-150.52993538367386,894.4822811280768,-3.2612291377214464,-147.83535981458337,547.1768566971673,-0.5666535686309484,-148.82623419825055,96.18598231350013,-1.5575279522981107,0.8269246868698895,800.9645647339589,0.9514745365768343,148.5348492682772,903.5226327565266,1.2661430223247918,148.62107134924122,553.6088548374905,1.3523651032887902,148.1240296739764,103.11181316222573,0.8553234280239775,0.6475922508912877,800.7852322979803,0.7721421005982325
115,1.15,1.015765124947357,1701.1642958392833,1.1465255364581601,0.0707346339462076,1550.219265348282,0.2014950454570107,1.7373442106619752,1301.885874924998,1.8681046221727782,0.9224922219634888,1401.0710229362994,1.053252633474292,-0.43628009226803766,1199.7122506220678,-0.30551968075723457,3.6181693279074802,1103.7667000422434,3.7489297394182834,0.25596609708648627,1000.4044968114224,0.38672650859728935,-203.63556109862859,1497.6622562488612,-0.6027374211728095,-342.8189217737414,1406.0983865085386,0.17072877372772544,-454.53407218278824,1194.1728325408983,-2.9666031588377666,-497.7757890009095,1054.9844178920248,-1.1167738645073966,3.6888918992790947,795.8752812673644,0.7051900934549415,0.48741918957310243,800.635949903909,0.6181796010839056,-0.6783032187313915,799.4702274956045,-0.5475428072205885,-0.8648864286871236,799.2836442856488,-0.7341260171763205,0.21636701997241747,800.3648977343083,0.34712743148322056,199.44723841705465,1499.9107970602793,1.6458033902452638,345.7113729667177,1397.2647613271336,-2.392766113221538,451.60539898917415,1196.7083266527463,2.3207160603505463,500.2677620437346,1046.4933841590018,-0.6929437740806959,0.7262028661899287,804.3343640560413,-2.6766008957592695,0.3292321713986293,800.4777628857346,0.4599925829094324,1.210769572247976,801.3593002865839,1.3415299837587793,0.6607854655933584,800.8093161799293,0.7915458771041615,-0.4144722384406492,799.7340584758953,-0.2837118269298461,-146.94644110695762,897.754118903824,0.39477237917480124,-148.06145727591203,546.6391027348697,-0.7202437897795922,-149.14631856929546,95.55424144148621,-1.805105083163022,1.805331616470185,801.9538623308061,1.9360920279809881,148.89578946621717,904.1952294554355,1.55457598008474,148.35450317690373,553.6539431661221,1.013289690771295,148.28905085003242,103.58849083925075,0.9478373639000015,-0.2969242932508216,799.8516064210851,-0.1661638817400185
116,1.16,0.7034647329107465,1700.8630095867331,0.840484252281049,2.130742103615736,1552.2902869574382,2.2677616229860385,0.8375102094413012,1300.9970550632638,0.9745297288116036,0.1484291223924621,1400.307973976215,0.2854486417627645,-0.22389697112236973,1199.9356478827,-0.08687745175206729,1.003582943174583,1101.163127796997,1.1406024625448856,0.02569994892805061,1000.1852448027506,0.16271946829835304,-202.1829842440647,1498.9773536142084,0.7590207779376614,-345.1696290555973,1403.5220764588246,-2.2735963649548614,-457.4845266814376,1191.3272741990047,-5.843424414218038,-497.7395847284261,1055.31516416838,-0.699836890766534,2.729661574534697,794.7132609994394,-0.059539396796714605,0.810596770163476,800.970141623986,0.9476162895337785,0.679713603269236,800.8392584570918,0.8167331226395385,1.573446413730144,801.7329912675527,1.7104659331004466,2.2353494342902205,802.3948942881128,2.372368953660523,198.6681481902146,1498.957393521057,0.7390606847861501,345.1214261275403,1397.0328571443315,-2.9818364566064655,453.21549528780344,1198.3316863471478,4.183954671668565,496.88769468340405,1043.514349886142,-3.9617480886352023,-0.009669391474519395,803.1438767011713,-3.806423045368886,-1.2928087296127395,798.8667361242099,-1.1557892102424372,0.27913517066866306,800.4386800244912,0.4161546900389655,-0.40968834315758984,799.7498565106649,-0.2726688237872874,-0.07569828959475855,800.0838465642278,0.061321229775543884,-149.63101357044187,894.7667114743897,-2.2088527586476987,-147.85526710818726,546.5424579366443,-0.43310629639309317,-145.6938634845726,98.70386156025894,1.7282973272215807,0.34313580822678114,800.5026806620493,0.48015532759708357,148.28400203815028,903.8862769933187,0.8618412263561084,148.26912522133279,553.8714001765012,0.8469644095386288,148.3900401258751,103.99231508104354,0.9678793140809103,0.12083800742406092,800.2803828612466,0.25785752679436336
117,1.17,-0.32703313671756884,1699.8436456814256,-0.18370855724556046,0.8288842680035827,1550.9995630861467,0.9722088474755911,0.8600486824556998,1301.030727500599,1.0033732619277083,0.28927984649112054,1400.4599586646343,0.4326044259631289,0.4500748632208091,1200.620753681364,0.5933994426928175,0.04816515205434413,1100.2188439701977,0.1914897315263525,0.16601425871400555,1000.3366930768572,0.30933883818601393,-201.90501306611543,1499.115568902497,0.9422581205196938,-345.7950049638275,1402.6826833218313,-2.966506335129056,-455.82199290812974,1193.0879620083203,-4.11587141991314,-497.13018127542233,1056.2265433182433,0.31474017733314996,1.6942111395580997,793.5142808605012,-0.8750786236576781,2.2108900179585675,802.3815688361017,2.354214597430576,0.2279248955403485,800.3986037136835,0.3712494750123569,1.7117641390294962,801.8824429571727,1.8550887185015046,0.3544530404158453,800.525131858559,0.4977776198878537,197.90787156757517,1498.0217650557377,-0.1515457262395808,345.8899073144605,1398.147308611208,-2.2216623789569043,451.9648512261492,1197.1078398979103,3.1848797839546004,497.80132261711015,1044.827027126025,-2.9373142105151238,1.7996823177097694,804.4990303151845,-2.365230825795523,1.027148453236529,801.1978272713797,1.1704730327085373,0.5632139797547778,800.733892797898,0.7065385592267862,-0.31299880142579395,799.8576800167174,-0.16967422195378556,2.002287209858065,802.1729660280012,2.1456117893300735,-149.6386733897451,894.4654938484358,-2.127254410322495,-148.67756804663222,545.4265991915487,-1.1661490672096015,-148.07668325113823,96.02748398704263,-0.56526427171563,0.44426879995129925,800.6149476180944,0.5875933794233077,149.28771666917498,905.183549430994,1.7762976897523792,149.06072573626525,554.9565584980843,1.5493067568426442,149.35165307762895,105.24748583944806,1.8402340982063277,1.761890872205743,801.9325696903488,1.9052154516777513
118,1.18,1.7431318918465704,1701.9250607812924,1.8928048501727672,1.7759588244404956,1551.9578877138863,1.9256317827666924,0.3873403677905817,1300.5692692572363,0.5370133261167784,0.4262787814081638,1400.608207670854,0.5759517397343605,0.16603037683969712,1200.3479592662854,0.3157033351658939,0.330869522198063,1100.5127984116439,0.48054248052425974,0.5632619220567413,1000.7451908115025,0.7129348803829381,-202.62463654568705,1498.2540761905846,0.1240911639843838,-344.7133814031592,1403.562264043998,-1.9261264867171608,-454.8719215876123,1194.1292398750888,-3.1096085442956176,-499.7155954766774,1053.9486216320868,-1.843942232418747,3.2702914448481666,794.9665363021612,0.9450895331485518,1.5215211475954684,801.7034500370413,1.671194105921665,2.230713130198261,802.4126420196441,2.3803860885244577,1.6901202286650991,801.8720491181109,1.839793186991296,1.319119724222185,801.501048613668,1.468792682548382,198.0511143054417,1497.988831062188,-0.14115396441216144,347.0797647433989,1399.6701950706597,-1.0493435054974622,451.3678871338229,1196.5506403587704,2.8369154767779605,497.85257108519033,1045.2728841772457,-2.777075282933588,3.5045576295434056,805.7528445132759,-0.9998416521391489,0.4690312670769343,800.6509601565227,0.6187042254031311,1.5194008558338932,801.7013297452797,1.66907381416009,1.5856063808861354,801.7675352703319,1.735279339212332,-0.10933796739821122,800.0725909220475,0.04033499092798554,-147.64941140895064,896.1709068575394,-0.04058075717321352,-149.91673108152332,543.9035871849668,-2.307900429745886,-149.01116593899775,94.80915232749227,-1.402335287220312,-0.48151551471805143,799.7004133747278,-0.33184255639185467,150.3249192746114,906.5046010081213,2.7160886228339853,149.23552817881244,555.4152099123223,1.6266975270350092,148.48656944549572,104.66625117900573,0.8777387937183019,0.27842565064297875,800.4603545400888,0.4280986089691755
119,1.19,1.380891458937026,1701.5741827396528,1.5369534427365938,0.7649183627880274,1550.9582096435038,0.9209803465875952,0.6529006681699686,1300.8461919488857,0.8089626519695364,1.085901081280654,1401.2791923619964,1.2419630650802218,0.535877556832028,1200.7291688375476,0.6919395406315958,1.7377528677960088,1101.9310441485118,1.8938148515955766,0.2792702095915148,1000.472561490307,0.4353321933910826,-203.20678371915233,1497.5281131573781,-0.5602983253844737,-345.1563478970347,1402.9295591555697,-2.3839371112669117,-453.529911350036,1195.555352976527,-1.720406526841383,-497.02978600800583,1056.9453853921598,1.287089483905312,4.016469125271609,795.6287692477007,1.9580755918406116,-0.8008730675916572,799.392418213124,-0.6448110837920894,2.3636605523206846,802.5569518330362,2.5197225361202524,2.147833857648445,802.341125138364,2.303895841448013,0.1887382533755605,800.3820295340911,0.3448002371751283,198.76751872013324,1498.52844932484,0.4400378420775009,345.3124675770708,1398.2221756846077,-2.843416396113269,453.4939668288224,1198.7288450917015,5.208432279639202,498.89134558619696,1046.6994869192745,-1.6324205069733584,1.2239903205151679,803.0269767589325,-3.5885461732978685,1.5773093038300026,801.7706005845456,1.7333712876295704,0.014461457215645734,800.2077527379312,0.17052344101521355,1.0632446712704553,801.256535951986,1.2193066550700231,0.8179650266735504,801.0112563073891,0.9740270104731182,-148.95137548010499,894.5952093903935,-1.2371649536684712,-147.72525022617762,545.8213346443208,-0.011039699741081321,-149.55583568343602,93.99074918706245,-1.8416251569994828,0.03605651793001474,800.2293477986456,0.19211850172958256,147.9264669518212,904.3798820813228,0.21225642538467449,148.81431032534573,555.2677254548472,1.1000997989091976,148.97955772431604,105.43297285381757,1.2653471978795037,0.8332275971322578,801.0265188778478,0.9892895809318256
120,1.2,1.4053906708369523,1701.6101528079241,1.5678796170043805,2.5481350508919984,1552.7528971879792,2.710623997059426,0.9704835105010635,1301.1752456475883,1.1329724566684916,1.16401385773016,1401.3687759948173,1.3265028038975877,0.7444468509056067,1200.9492089879927,0.9069357970730346,0.7954052879821982,1101.0001674250693,0.9578942341496262,-1.0879079108399985,999.1168542262471,-0.9254189646725706,-202.37043450076246,1498.2188700589413,0.17022566616529153,-345.2778474229823,1402.630896536506,-2.493869537254356,-454.662590408077,1194.4995663060295,-2.815023634751484,-498.38576135030826,1055.9016494458383,0.39159728054466914,3.8821977655687405,795.450340035278,2.1116635219063355,0.6909867015674462,800.8957488386546,0.8534756477348742,-0.41829052679143675,799.7864716102957,-0.2558015806240088,1.0733596526391254,801.2781217897264,1.2358485988065533,-0.5269708821320507,799.6777912549551,-0.36448193596462275,197.4913869084225,1497.075138963371,-0.9735054294051406,345.51919897451086,1398.7336847048168,-2.67266123366703,450.0190664726534,1195.3177878848765,1.9744199810336829,495.85861915873164,1044.045603923191,-4.56359450816551,1.5234395278131267,802.8893937818211,-3.5634388815064377,-0.295106377668087,799.9096557594191,-0.13261743150065908,0.45537060966396037,800.6601327467512,0.6178595558313883,1.6385060558962943,801.8432681929835,1.800995002063722,0.24088004019435005,800.4456421772816,0.403368986361778,-148.63046609238862,894.6528818625364,-0.8031205283258931,-148.8167494847795,544.4665984701455,-0.9894039207167755,-150.2656747950692,93.01767315985583,-2.4383292310064695,1.167745170725588,801.3725073078127,1.330234116893016,147.07480245888365,903.7914545039586,-0.7525431051790784,149.4692888969618,556.1859409420367,1.6419433328990882,148.01021948619868,104.72687153127364,0.18287392213596265,-0.2746235167191884,799.930138620368,-0.11213457055176046
121,1.21,-0.13592298555541515,1700.0804145516302,0.033028113629525846,2.2623324819587336,1552.4786700191444,2.4312835811436746,-0.856625829631113,1299.3597117075547,-0.687674730446172,0.16619572021512874,1400.3825332574008,0.33514681940006974,1.1592492026809074,1201.3755867398665,1.3282003018658484,-0.6119244567257801,1099.6044130804598,-0.4429733575408391,1.3556449542656301,1001.5719824914512,1.5245960534505711,-202.7187522656376,1497.7233569374346,-0.2873793293296042,-345.1920764493082,1402.552291235264,-2.3702060627061408,-453.40498701376055,1195.8267942023974,-1.5285757861429894,-499.0701808649436,1055.528473976874,0.17955494850295672,2.252066609091099,793.8154790720639,0.7885703029085278,0.7014799022877733,800.9178174394733,0.8704310014727143,-0.3274121903330477,799.8889253468525,-0.1584610911481067,2.0837193766518727,802.3000569138375,2.2526704758368137,1.0556606392464039,801.2719981764319,1.2246117384313449,198.62594640469626,1498.0323458152131,0.02160954844904911,346.8236730649129,1400.327750413728,-1.413284774203464,450.372985701884,1195.7465934639345,2.5637027094997697,497.76371917440815,1046.3185096845552,-2.562398156578343,1.615642514410263,802.5552057353132,-3.7095854210880135,0.1253150703349113,800.3416526075205,0.2942661695198523,1.0117097112434736,801.228047248429,1.1806608104284146,0.9747181357121162,801.1910556728976,1.1436692348970572,1.743505067093095,801.9598426042786,1.912456166278036,-148.1126141466528,894.9183476287775,-0.1646188298889355,-149.79792738718047,543.2330343882498,-1.8499320704166238,-149.46982243547075,93.56113933995952,-1.5218271187069112,0.6893298861145697,800.9056674233001,0.8582809852995107,146.74555910757843,903.7145973321482,-1.2024362091854135,149.06513099155438,556.0341692161242,1.1171356747905503,148.7540571691832,105.72309539375294,0.8060618524193656,0.9854504646729811,801.2017880018585,1.1544015638579221
122,1.22,1.9338619107242532,1702.161875405219,2.109307571901292,0.4472792972505978,1550.6752927917453,0.6227249584276366,-0.5420198490133776,1299.6859936454814,-0.36657418783633877,0.6494278978468794,1400.8774413923418,0.8248735590239182,0.6078981306285819,1200.8359116251233,0.7833437918056207,1.4986530719994469,1101.7266665664943,1.6740987331764858,-0.2941216922840618,999.9338918022107,-0.11867603110702296,-202.92231286095378,1497.3711743965296,-0.6035634259324713,-343.98648150554936,1403.6064490067931,-1.1005760584713413,-454.7475336815859,1194.5465958773887,-2.8515406271525827,-499.0403513247922,1055.866186975492,0.690177375217083,3.773844928678111,795.3713362867202,2.6345030339265207,0.465842529112266,800.693856023607,0.6412881902893048,0.42265935926796094,800.6506728537628,0.5981050204449998,0.49091988263967345,800.7189333771345,0.6663655438167123,1.2472600917669434,801.4752735862618,1.4227057529439824,199.84552845974486,1499.074620437161,1.0998826146991272,345.23009385162936,1399.0079557352888,-3.060961554199868,449.3015473856061,1194.7603807310493,1.7211426203519833,496.46087020758006,1045.3705424060274,-3.775634393700606,3.210265017630126,803.736299287996,-2.31539038915748,-0.6845257013534396,799.5434877931414,-0.5090800401764007,-1.076063989676435,799.1519495048184,-0.9006183284993962,0.8000386022100587,801.0280520967049,0.9754842633870976,1.8513930978250186,802.0794065923199,2.0268387590020573,-147.55134433110797,895.2384088850607,0.5245480254367256,-147.30973369453008,545.4800195216387,0.7661586620146229,-148.42312152932374,94.36663168684501,-0.3472291727790518,1.5199917887892742,801.7480052832841,1.6954374499663132,148.39114779656148,905.6013945803927,0.31525544001678685,148.2610185530819,555.4712653369131,0.18512619653719292,149.2265869916969,106.43683377552814,1.150694635152214,0.2594309253705939,800.4874444198654,0.4348765865476328
123,1.23,-0.6017361449127484,1699.638049813842,-0.41976632876617204,1.5343436674592241,1551.7741296262138,1.7163134836058003,1.3288674962207476,1301.5686534549754,1.510837312367324,2.5879731343509813,1402.8277590931057,2.7699429504975575,1.0977812910438858,1201.3375672497987,1.2797511071904624,0.05860013461520963,1100.2983860933698,0.240569950761786,0.8752519893003388,1001.115037948055,1.0572218054469151,-201.82245926809165,1498.3211587208075,0.3804607940479762,-346.9707270324508,1400.4837988217264,-3.9949229901607177,-455.9449954172483,1193.4042467041968,-4.0386858021854035,-499.2632884710111,1055.94534267181,0.952885801782458,2.676012323582558,794.3455185942355,1.8757037665204654,1.217758008377575,801.4575439671322,1.3997278245241513,-0.0745042942545403,800.1652816645002,0.10746552189203606,-0.9303795169046908,799.30940644185,-0.7484097007581144,-0.5243673564933106,799.7154186022614,-0.3423975403467342,196.99188615272473,1496.0439359379802,-1.8967619887790983,345.96480517846334,1400.0000896431236,-2.389184222934424,450.985762904321,1196.5394316119978,3.6268090678598766,497.7237784950729,1046.9737017189696,-2.4305136605326987,3.097898069014444,803.2253186805543,-2.588616587044067,-0.24393169554452354,799.9958542632102,-0.06196187939794717,-1.4864851464552196,798.7533008122995,-1.3045153303086434,-0.8934797451997855,799.346306213555,-0.7115099290532091,1.4375927955253562,801.6773787542801,1.6195626116719328,-148.81194257189188,893.7480785882235,-0.60119976841724,-146.62236117957602,545.9376599805394,1.5883816238986128,-147.22723216159298,95.33278899852243,0.983510641881647,0.8230583651108494,801.0628443238655,1.0050281812574258,147.9149798169147,905.3549586567993,-0.2957629865599162,148.0952572908853,555.5352361307699,-0.1154855125892934,147.8527583532649,105.29273719314948,-0.35798445020973124,1.6019712539984914,801.8417572127531,1.7839410701450678
124,1.24,1.1764495068193597,1701.4281003242036,1.3649702217196695,1.229116477025749,1551.48076729441,1.417637191926059,0.802057016714264,1301.0537078340985,0.990577731614574,2.2030669754897563,1402.4547177928741,2.3915876903900664,0.7063050957282245,1200.9579559131125,0.8948258106285345,2.3342461209949072,1102.5858969383792,2.5227668358952173,2.5149525251740923,1002.7666033425584,2.7034732400744024,-202.72851757321595,1497.2641656819471,-0.6444978571018003,-345.6581872447487,1401.6710016102172,-2.5669950956431733,-454.50619654158265,1194.8910106801416,-2.5987960060669595,-501.0638296035868,1054.4386297495798,-0.36077714530443283,3.4321064344898398,795.2104467973206,2.983313445650896,-0.619918112581263,799.6317327048031,-0.431397397680953,0.8439530405171585,801.0956038579014,1.0324737554174683,1.422930331915222,801.6745811492996,1.611451046815532,0.3719256353812755,800.6235764527656,0.5604463502815855,200.45189926773904,1499.327392573829,1.4187290347800694,346.31807795521974,1400.5939355592593,-2.107476802404747,451.36612148431186,1197.02348402968,4.2202717812424115,496.2647378466599,1045.838766095844,-3.815539161539861,2.6637915277258086,802.4093851201916,-3.142665343553941,-0.41550567406228067,799.836145143322,-0.2269849591619707,0.9597837183170668,801.2114345357014,1.1483044332173766,0.40494809531406356,800.6565989126983,0.5934688102143735,0.9237992201915961,801.175450037576,1.112319935091906,-147.13500310203472,895.2070328519646,1.217223850783561,-148.54008322343887,543.8019527305605,-0.18785627062059074,-147.49343967920848,94.84859627479094,0.8587872736098189,0.3310697639251487,800.5827205813094,0.5195904788254586,148.69003435831797,906.3479984043186,0.3378074054996836,148.78449992044776,556.4424639664484,0.43227296762947287,149.20618221518345,106.86414626118406,0.8539552623651742,1.3444800579852483,801.5961308753696,1.5330007728855581
125,1.25,2.6078061662968732,1702.8714100632292,2.8029016424891386,1.8681645048470066,1552.1317684017793,2.0632599810392716,0.47081110035048157,1300.7344149972828,0.6659065765427468,1.0290874057745216,1401.2926913027068,1.2241828819667868,-1.141523806650591,1199.1220800902815,-0.946428330458326,1.6084393622110764,1101.8720432591433,1.8035348384033414,-0.19105002935988824,1000.0725538675722,0.004045446832376953,-203.3719023815054,1496.4689648967728,-1.409714759667683,-347.06518066696066,1400.1517165759326,-3.833578383246354,-453.62396242058463,1195.8141977565947,-1.7246151272916777,-498.4409645776562,1057.3445617855434,2.746549757713237,2.641559870558522,794.5642036331132,2.5542266291119065,0.26862378178488966,800.5322276787169,0.46371925797715485,0.3424349628908821,800.606038859823,0.5375304390831472,-0.9871041103399331,799.2764997865921,-0.7920086341476679,1.7170791684511086,801.9806830653832,1.912174644643374,200.18917328144897,1498.8888164532732,1.0101367968328436,345.39191276157214,1399.8910748598114,-3.1135927543339155,451.0666946144031,1196.8358400151574,4.1247090558214605,498.44378727768685,1048.3244601319395,-1.5713417753126933,2.0675621113051514,801.4497924115877,-3.8168800075492593,1.5327724140296937,801.7963763109618,1.727867890221959,1.0792089555781015,801.3428128525102,1.2743044317703665,0.6117502147045232,800.8753541116366,0.8068456908967884,0.42844251991108406,800.6920464168431,0.6235379961033493,-150.42221986386133,891.7138191054597,-1.9222198638613255,-146.55679096085703,545.579248008464,1.9432090391429617,-148.29381465151826,93.84222431780282,0.20618534848174072,2.569863280476156,802.8334671774082,2.764958756668421,148.61933790482348,906.4832989355025,0.11933790482349205,149.0163903989117,556.8803514295907,0.5163903989117118,148.54713549185482,106.41109652253374,0.04713549185481273,0.19026075115048308,800.4538646480826,0.38535622734274827
126,1.26,-0.2671947173860948,1700.0084462471657,-0.06550352950203642,-0.2441431392905693,1550.0314978252613,-0.042451951406510924,0.6408785149903785,1300.9165194795423,0.8425697028744369,0.6584911055829049,1400.9341320701349,0.8601822934669633,-0.22111387920535408,1200.0545270853465,-0.019422691321295704,0.22169826913864865,1100.4973392336906,0.423389457022707,-1.6529707952401718,998.6226701693117,-1.4512796073561134,-203.08496531807396,1496.6033910944088,-1.2473981664918743,-345.8933305982707,1401.2242418188566,-2.4968552130158406,-453.55375170036024,1195.9185304421492,-1.6714790787660085,-500.0317723141917,1056.0235626168794,1.6341383871516548,0.5471083093494375,792.6479548243111,0.8285188081977357,1.0552248486232925,801.3308658131751,1.2569160365073508,0.8767670817312573,801.1524080462832,1.0784582696153158,0.7774698197755534,801.0531107843275,0.9791610076596118,1.1643950309484739,801.4400359955004,1.3660862188325322,198.87458607293837,1497.3993059634884,-0.451483297412435,345.90590963689004,1400.6107572936824,-2.6876460444164545,450.38495227984004,1196.2731856749544,3.6367276787068192,496.1920588433407,1046.360810099871,-3.7673262008006416,3.038536805502068,802.0773398055386,-2.881211628394083,-0.0041476886447283645,800.2714932759071,0.19754349923933,2.482086096598694,802.7577270611506,2.6837772844827525,2.382084453676841,802.6577254182288,2.5837756415608997,-0.44839925854060003,799.8272417060113,-0.24670807065654166,-147.81915139409983,894.1230908664651,0.8345414677970786,-148.42077665160738,543.5214656089576,0.23291621028952386,-148.79381080648983,93.14843145407507,-0.14011794459292695,0.5397747633897823,800.8154157279416,0.7414659512738406,147.0600647454049,905.11782248484,-1.5936281164919952,149.76101978368595,557.8187775231211,1.1073269217890396,149.44387412379163,107.50163186322672,0.7901812618947184,0.5102903506186276,800.7859313151705,0.711981538502686
127,1.27,0.10229008420768271,1700.3900478137125,0.310594992329406,1.2294043548487728,1551.5171620843537,1.437709262970496,0.9247815756756812,1301.2125393051806,1.1330864837974046,0.7199862348966125,1401.0077439644015,0.9282911430183358,0.4822792407007235,1200.7700369702056,0.6905841488224468,1.764872766411779,1102.0526304959167,1.9731776745335021,0.35455424115807765,1000.6423119706628,0.562859149279801,-203.22860653745778,1496.3067323709743,-1.5183008974040093,-347.39619819912457,1399.6348825680552,-3.811035161203728,-454.75924262896336,1194.7405561028713,-2.9029028947781645,-499.9522077250799,1056.357201543216,2.1824130387593366,3.2629030423878866,795.5740762900778,3.9175794505345913,1.2235761574947543,801.5113338869995,1.4318810656164778,1.5264422103324473,801.8141999398373,1.7347471184541707,1.4717494627620074,801.7595071922668,1.6800543708837306,0.2562645392445317,800.5440222687494,0.464569447366255,199.8877749740026,1498.2387185361933,0.4136852678149738,346.2973465033092,1401.1899797610647,-2.392033753520706,448.82800237098513,1194.841834356237,2.262605931605698,494.7879725264134,1045.2253445701476,-5.125471541112683,1.5826238855225756,800.2991943804369,-4.329354512033391,0.7237161571203294,801.0114738866251,0.9320210652420527,0.7542434291303063,801.0420011586351,0.9625483372520296,1.230219009738987,801.5179767392437,1.43852391786071,2.3611340338601545,802.648891763365,2.569438941981878,-149.26740275024417,892.49342557111,-0.4544896576622451,-148.854238261778,542.9065900595762,-0.041325169196069544,-148.26989682725733,93.49093149409681,0.5430162653245852,1.6586589135849508,801.9464166430897,1.8669638217066742,146.878432501495,905.1176041801408,-1.9344805910869112,149.58388368847434,557.8230553671202,0.7709705958924399,148.330550037959,106.56972171660487,-0.4823630546229223,0.11595342481361154,800.4037111543184,0.32425833293533485
128,1.28,0.6890969092697036,1700.9890467539553,0.9040305757982945,1.5519927188554554,1551.8519425635411,1.7669263853840462,0.11362696841240116,1300.4135768130982,0.3285606349409921,1.1515768561482014,1401.451526700834,1.3665105226767924,-0.4893145878661703,1199.8106352568195,-0.2743809213375794,0.6604806401654895,1100.9604304848513,0.8754143066940804,1.5902743521895404,1001.8902241968752,1.8052080187181314,-201.47078367719263,1497.9112209965913,0.10977051662668408,-347.13463791834175,1399.8225972984458,-3.3377078956144683,-453.77153632294926,1195.7494421085266,-1.9497849480339986,-499.7733444093843,1056.7719728101267,2.816736315717876,1.496727997844205,794.048387416184,2.5263506323264378,0.7338882068491037,801.0338380515349,0.9488218733776946,-0.3583886786111302,799.9415611660746,-0.1434550120825393,0.8912435971225037,801.1911934418082,1.1061772636510947,0.061637549219816457,800.3615873939056,0.2765712157484074,199.5127596320587,1497.6912932258883,-0.11015725407620587,345.4337893749334,1400.4960966052165,-3.3588270791822734,448.40352971552846,1194.5486694424578,2.0092361046708556,496.3212072280259,1047.007069106707,-3.5563573142757035,3.128707408656229,801.5452788820603,-2.7323557334016613,0.25672361721520254,800.5566734619009,0.47165728374379345,1.3371764262231118,801.6371262709089,1.5521100927517026,1.981865744229402,802.2818155889152,2.196799410757993,-0.08429503528647142,800.2156548093992,0.1306386312421195,-147.29152493895978,894.3004249999651,1.6857209523094663,-149.0939817326739,542.4979682062509,-0.11673584140465548,-148.9933433216431,92.59860661728179,-0.016097430373844146,0.23832239480061662,800.5382722394863,0.45325606132920754,148.79290904021846,907.2009591012936,-0.18433685105078818,148.03924341805052,556.4472934791256,-0.938002473218726,148.86968931355287,107.27773937462798,-0.10755657771638494,-0.6780791961996823,799.621870648486,-0.46314552967109135
129,1.29,0.13352226406621154,1700.445735172241,0.3550967294799748,-0.9962151850100119,1549.3159977231646,-0.7746407195962487,-0.11382390009129051,1300.1983890080835,0.10775056532247274,-0.33386295590777415,1399.9783499522669,-0.1122884904940109,1.1265862097673747,1201.4387991179422,1.3481606751811381,1.3541466603807883,1101.6663595685554,1.5757211257945514,2.349163061569325,1002.661375969744,2.5707375269830886,-201.46364517327626,1497.7648998572315,-0.015177677918275262,-347.2270068718212,1399.6687901124258,-3.1960496829315264,-450.85142989281206,1198.684700918224,0.9273188038041504,-501.82202536537693,1054.9386669321318,1.2067866596658472,1.7156501161706692,794.5358191147793,3.118999960548977,0.3270973725005217,800.6393102806751,0.548671837914285,1.4823404530004494,801.7945533611751,1.7039149184142128,2.6370691162948385,802.9492820244694,2.8586435817086016,2.3400702453920896,802.6522831535667,2.5616447108058527,200.7288178793699,1498.7365262944677,0.9564487593179918,346.63765748437754,1401.8513845503805,-2.2652075916283567,446.9595828467995,1193.2409348759895,0.7239146195704078,496.84977027583193,1047.763537429674,-3.0020924999559457,3.766210273795898,801.9058301648095,-2.0010534713852506,-0.5558683866407407,799.7563445215338,-0.33429392122697743,0.4107249735434144,800.722937881718,0.6322994389571777,1.124434288076046,801.4366471962506,1.3460087534898095,1.183932065100348,801.4961449732749,1.4055065305141112,-148.41928522735958,893.0164449195663,0.7269699724907135,-147.0737510911136,544.3619790558123,2.0725041087366907,-147.00059766211956,94.43513248480627,2.1456575377307106,1.2252898842160005,801.5375027923906,1.446864349629764,148.66901120955504,907.2332810626291,-0.47724399029526365,148.45531960619252,557.0195894592666,-0.6909355936577605,148.5105796497964,107.07484950287053,-0.635675550053902,-0.1850478338217041,800.1271650743529,0.036526631592059156
130,1.3,-0.8219154971856983,1699.502626967626,-0.5936912161899882,-0.49125107062537654,1549.8332913941863,-0.2630267896296664,0.7499423203617342,1301.0744847851734,0.9781666013574444,0.34204270709281026,1400.6665851719044,0.5702669880885204,1.9513573398831483,1202.2758998046947,2.1795816208788583,1.009941126338848,1101.3344835911505,1.2381654073345583,-0.5329130442333543,999.7916294205783,-0.30468876323764416,-201.41173536729906,1497.6634171019325,-0.09753176528911069,-346.2976009280935,1400.5488766221913,-2.0112562945141668,-454.17685974723923,1195.3687447940163,-2.449249772407495,-500.74207948822027,1056.2111758886128,2.7053695234364703,-0.2773118834488717,792.8371015540575,1.4956126380399604,0.46573444450999557,800.7902769093216,0.6939587255057057,-0.08210558211433827,800.2424368826972,0.14611869888137186,-1.1956545039584592,799.1288879608531,-0.967430222962749,-0.7285572720487512,799.5959851927628,-0.5003329910530411,200.61867865136887,1498.457363845368,0.6964149781464906,345.53620428451785,1400.8830232464338,-3.4834877811697185,450.0333741987053,1196.4550390823117,3.943145438339188,498.13870195933765,1049.2595555512132,-1.6976111205116666,1.8115069230985466,799.6978093390156,-3.81966307426246,0.42221120991934247,800.7467536747309,0.6504354909150526,0.8411860902003985,801.1657285550119,1.0694103711961087,-0.06649131348071047,800.2580511513308,0.16173296751499966,1.5272906061348783,801.8518330709464,1.7555148871305883,-149.17903002436572,892.1132322518171,0.1404548626861033,-149.27554471880626,542.0167175573765,0.04394016824557012,-148.74368638870482,92.5485758874779,0.5757984983469927,1.4088956840103388,801.733438148822,1.637119965006049,148.19017902702737,906.8979167508446,-1.1293058600244605,149.17733124998324,557.8850689738005,-0.14215363706857143,148.48682418972072,107.19456191353801,-0.8326606973310854,0.752077185722559,801.0766196505341,0.9803014667182691
131,1.31,0.6222156797647261,1700.95914968756,0.8570957444052486,-1.2747999575447888,1549.0621340502505,-1.0399198929042663,-0.3200264974142272,1300.016907510381,-0.0851464327737047,-0.9412166640505288,1399.3957173437448,-0.7063365994100064,1.6573946689668864,1201.9943286767623,1.8922747336074088,-0.20121198705248455,1100.1357220207428,0.033668077588037915,1.0075383033521712,1001.3444723111473,1.2424183679926935,-200.8743036365414,1498.0477167644083,0.30362010355081287,-346.5747826876191,1400.2341581360934,-2.012667509941993,-452.25944412162767,1197.2903411063048,-0.5907949591039244,-501.66393715978285,1055.4568986918653,2.178828651634662,1.1146393279379092,794.5466110632651,3.250042152302028,1.2268754125788148,801.563809420374,1.4617554772193375,2.4941435666731993,802.8310775744684,2.729023631313722,0.4859343971569777,800.8228684049521,0.7208144617975002,0.5072302854715592,800.8441642932668,0.7421103501120817,198.58701507276055,1496.2586946263118,-1.4854020345458434,345.56160959091966,1401.0231866895224,-3.581020625458228,448.3677201461249,1194.9329986987896,2.4090831633720993,496.1368205819501,1047.4439243888162,-3.6939288592033113,1.4879932940787481,799.1449712434838,-3.9657032521107647,1.0997020011165368,801.4366360089117,1.334582065757059,2.061040160013882,802.397974167809,2.295920224654404,0.6659207969741677,801.0028548047694,0.9008008616146902,0.06075655522450513,800.3976905630198,0.2956366198650276,-148.00877828744817,893.1528318152484,1.487681728450573,-147.94359289219014,543.2180172105064,1.5528671237085923,-148.68303934358968,92.4785707591069,0.8134206723090496,0.7481517759573242,801.0850857837526,0.9830318405978467,147.11390604454857,905.952295941852,-2.382553971350175,149.5665332714207,558.404923168724,0.07007325552197385,148.83837265657075,107.67676255387417,-0.65808735932798,0.8532425508459253,801.1901765586412,1.0881226154864478
132,1.32,-0.40893607442834956,1699.9404469058754,-0.16739733031401727,0.3046711169250428,1550.6540540972287,0.5462098610393751,0.9145647480681693,1301.263947728372,1.1561034921825017,0.906438078269896,1401.2558210585737,1.1479768223842284,0.3550386840879576,1200.7044216643917,0.5965774282022899,-0.032057581160571,1100.317325399143,0.2094811629537613,0.12835785682309675,1000.4777408371268,0.36989660093742904,-200.2295637124222,1498.5397791939995,0.8102283820424901,-348.75834855745217,1398.0244569368776,-3.901130433403304,-454.51701686868074,1195.032076203307,-2.9148025761109304,-500.9031912780174,1056.3582007897119,3.308510900188103,1.3741407978533535,795.1444522486545,3.861995601821336,0.5776479736380586,800.9270309539418,0.819186717752391,2.006015637549594,802.3553986178533,2.2475543816639263,0.562847186652535,800.9122301669562,0.8043859307668673,-0.7710899183994051,799.5782930619043,-0.5295511742850728,200.48864710599378,1497.9955523956119,0.2660015836548443,344.9506665728087,1400.5087292313444,-4.320514462009754,447.2555381410208,1193.9669393427548,1.4140330659031566,496.2836599238149,1047.7563727831405,-3.5512087984811807,4.192977442442209,801.6447566558912,-1.0430990022569266,-0.5398461853638723,799.8095367949398,-0.29830744124954,-1.364456268387927,798.9849267119158,-1.122917524273595,0.7597385495629544,801.1091215298667,1.0012772936772867,1.4813485425095105,801.8307315228133,1.722887286623843,-147.83888990881445,893.2049181829683,1.83779828201008,-149.14600687285426,541.8978012189285,0.5306813179702663,-150.6369996038196,90.40680848796326,-0.9603114129950474,-1.5718973625017971,798.7774856178019,-1.3303586183874647,149.06701155778947,908.0232034660066,-0.6096766330350618,149.4878319431353,558.4440238513525,-0.1888562476892407,149.1258861436034,108.08207805182056,-0.5508020472211401,0.6808303811585197,801.0302133614622,0.922369125272852
133,1.33,0.9598043257166168,1701.3216891028549,1.2080015505660353,1.1793591683613194,1551.5412439454997,1.427556393210738,-0.9987541056691028,1299.3631306714692,-0.7505568808196842,1.1160474838774204,1401.4779322610157,1.3642447087268388,1.8752246613099102,1202.2371094384482,2.1234218861593286,1.4605358739679983,1101.8224206511063,1.708733098817417,0.4382176192712313,1000.8001023964094,0.6864148441206499,-201.73258044234623,1496.8847340412456,-0.8326048485142146,-347.8328983308544,1398.9347492309537,-2.6623650470291227,-451.61813021821814,1197.925850148269,-0.08944448271735617,-503.80723326443064,1053.5657975798547,0.744154842725846,1.8415682290110644,795.9683786851951,4.668957005866288,-0.40409165275152237,799.9577931243866,-0.15589442790210373,0.43179883584734163,800.7936836129855,0.6799960606967603,-0.6761213964192186,799.685763380719,-0.4279241715698,1.7169043185048065,802.0787890956431,1.965101543354225,199.88813476039346,1497.2327088507093,-0.4846300390505337,346.04220606572966,1401.6786086560535,-3.362610685428977,448.65529379600076,1195.514546255367,2.915900882391222,498.4151006782835,1050.0331825343142,-1.4331346772804059,2.10052337872505,799.3711397579609,-2.8793287724992855,1.261772649803194,801.6236574269413,1.509969874652613,0.9058257699594658,801.2677105470976,1.1540229948088845,-0.3116688746486601,800.0502159024895,-0.06347164979924147,1.2213630211499231,801.5832477982881,1.4695602459993418,-148.10783526936143,892.8310264675373,1.751825711084383,-149.09981606625112,541.8390456706476,0.7598449141946817,-148.8614313418047,92.07743039509403,0.998229638641121,0.5499983529154551,800.9118831300536,0.7981955777648737,149.83024957081574,908.8913878339171,-0.02941140963005684,148.62804993038597,557.6891881934873,-1.2316110500598179,147.56093155920257,106.62206982230389,-2.2987294212432103,0.26201138958218123,800.6238961667203,0.5102086144315998
134,1.34,-0.30766637773038186,1700.0667683686574,-0.05281398650687352,1.871936779966466,1552.2463715263543,2.1267891711899742,1.44605550667312,1301.820490253061,1.7009078978966283,0.08494761701060427,1400.4593823633984,0.3398000082341126,0.6536161445619413,1201.0280508909498,0.9084685357854496,0.2185176341841541,1100.5929523805721,0.47337002540766243,2.899724445395372,1003.2741591917834,3.1545768366188804,-200.7292201039853,1497.736909689383,0.029423588090504493,-348.7744544525108,1397.9885485760824,-3.273579197329352,-452.9547157186131,1196.5802131235253,-1.5062413980781533,-502.19255707380955,1055.261468834979,2.666609935629284,1.0775281753881825,795.5763074243999,4.228703822340209,-0.5903323924703721,799.7841023539177,-0.3354800012468637,-0.3474096669969964,800.027025079391,-0.09255727577348805,-0.5185440785718161,799.8558906678162,-0.2636916873483077,0.5134041820925378,800.8878389284805,0.7682565733160461,200.2607340159731,1497.4456292733348,-0.26185682795778187,345.9455197534903,1401.6423078791697,-3.597462713672278,446.35632182281546,1193.364388713848,0.7035162746418766,496.48675830581664,1048.2305679691178,-3.3835291704708013,3.529552416095131,800.642735108414,-1.1573116335825202,-0.24493339624988575,800.1295013501381,0.009918994973622586,2.44184349014967,802.8162782365376,2.6966958813731785,0.17386679414641187,800.5483015405345,0.4287191853699202,2.0749828849236294,802.4494176313116,2.3298352761471377,-149.66023472741674,891.1865132639355,0.3846206842830445,-147.80628338717437,543.0404646041778,2.238572024525409,-147.98067238757852,92.86607560377368,2.0641830241212458,1.6272294760640187,802.0016642224521,1.882081867287527,148.983692307944,908.1369443165918,-1.0611631037557685,147.6048877245613,556.7581397332091,-2.4399676871384632,150.02377835968306,109.17703036833086,-0.02107705201670851,1.3595753782289277,801.7340101246169,1.614427769452436
135,1.35,1.900816004582703,1702.2878441956989,2.1623171124344682,0.5725603424447153,1550.959588533561,0.8340614502964807,0.9312127742386562,1301.3182409653548,1.1927138820904217,1.922463127027947,1402.309491318144,2.1839642348797126,0.20249766606068226,1200.5895258571768,0.46399877391244765,0.14259142314912066,1100.5296196142651,0.40409253100088605,-0.8467982554887201,999.5402299356274,-0.5852971476369547,-202.41065693332823,1495.9053264707695,-1.7946887874125714,-349.5293375724634,1397.239033171762,-3.682339634281237,-451.5373319696987,1197.9851149037156,-0.17531264116804424,-502.8378847306912,1054.6649503463843,2.294732524635713,0.03498185420313216,794.91846547911,3.491454821903088,-0.8347986392255806,799.5522295518905,-0.5732975313738152,-0.5335043416402072,799.8535238494759,-0.2720032337884418,-0.25474070967702234,800.1322874814391,0.006760398174743054,0.6662317163594089,801.0532599074755,0.9277328242111743,199.64355028681834,1496.671625716562,-1.0283895416201165,346.5159402407572,1402.255413297627,-3.169158193293222,447.38046179239365,1194.5375591642191,1.7982709093196798,497.75745400780676,1049.6081368270138,-2.1428904206584383,2.202439677567159,799.1814017098313,-2.156796902003373,0.07118950660136103,800.4582176977175,0.3326906144531264,0.7597058373553258,801.1467340284714,1.0212069452070913,0.32068474575746286,800.7077129368736,0.5821858536092283,0.08346322028287761,800.4704914113989,0.344964328134643,-149.22208991969745,891.5453258710448,1.0096456110452707,-149.128507670098,541.6389081206443,1.1032278606447288,-149.74742482777228,91.01999096297,0.4843107029704563,0.980607789791875,801.367635980908,1.2421088976436403,148.02374800692903,907.2563322161867,-2.2079875238137046,147.88743176981654,557.1200159790743,-2.3443037609261785,147.11277777194277,106.3453619812005,-3.118957758799965,0.5630627541717613,800.9500909452879,0.8245638620235267
136,1.36,-0.21317305104177142,1700.1864873200243,0.05496716984920014,1.9575089030750044,1552.3571692741411,2.225649123965976,0.7221816729433299,1301.1218420440093,0.9903218938343015,-0.6114341846412651,1399.7882261864247,-0.34329396375029353,-0.06030748512600381,1200.3393528859401,0.20783273576496775,-0.36785540935357575,1100.0318049617124,-0.09971518846260419,0.720120607405958,1001.1197809784721,0.9882608282969295,-199.64071192084202,1498.526357614239,0.8314108683610271,-348.8591766269666,1397.9240387609282,-2.6515773585666236,-452.8016776585736,1196.7053888994876,-1.5318912925613573,-502.07790976696884,1055.440206254553,3.291662138956987,-2.1306318342598614,793.1475356789671,1.6100167026876258,1.8017776487012602,802.2014380197675,2.069917869592232,1.2780205639279187,801.6776809349941,1.5461607848188903,-0.49792765258349414,799.9017327184827,-0.22978743169252258,2.9837579907256897,803.3834183617919,3.2518982116166613,201.98452389472683,1498.8588422048108,1.1638954589327632,347.6371009187499,1403.4018727020673,-2.193461531954991,446.6536102112384,1193.9592285553772,1.1256726414761673,497.9883064272718,1049.9279701735743,-1.949309134453435,2.008337247239737,798.8755755747118,-1.991024837641121,0.9693697227698849,801.369030093836,1.2375099436608563,1.9772705789704048,802.3769309500366,2.2454107998613764,1.9368127613694481,802.3364731324356,2.2049529822604197,-0.6655227034909014,799.7341376675753,-0.3973824825999298,-148.8478956892456,891.8528909743966,1.571858336474598,-149.20854597731457,541.4922406863276,1.2112080484056256,-149.51987843687985,91.18090822676228,0.899875588840358,0.8930098997671638,801.2926702708334,1.1611501206581354,148.88432708485036,908.1835404212081,-1.535426940869853,149.08960029872378,558.3888136350816,-1.3301537269964163,148.2278992370713,107.52711257342918,-2.1918547886488957,1.1246833573471944,801.5243437284133,1.392823578238166
137,1.37,0.18760470129095264,1700.599931205679,0.46237126064633516,-0.7646312465173415,1549.6476952578707,-0.48986468716195897,1.361881951427023,1301.774208455815,1.6366485107824056,-0.8404773263127774,1399.5718491780751,-0.5657107669573949,0.20523734803674515,1200.6175638524248,0.48000390739212767,0.8586992249101755,1101.2710257292981,1.133465784265558,0.8983839204649504,1001.310710424853,1.173150479820333,-201.89319379092004,1496.1263880085517,-1.5659104867618945,-349.2139470490218,1397.5930235264934,-2.6326208978115746,-451.111160725328,1198.3781799579535,0.06110440458576405,-502.19361014487106,1055.3051303372185,3.3745263235538263,-0.8919441051487915,794.7881316713316,3.1092592142565456,1.204175717927261,801.6165022223154,1.4789422772826435,0.45009757599861194,800.8624240803867,0.7248641353539944,0.38026488072857945,800.7925913851167,0.655031440083962,-0.05666534228669329,800.3556611621015,0.21810121706868923,201.4589673668002,1498.1827917608605,0.490493265546765,345.75428048359015,1401.5273376204877,-4.224471888836042,447.1908538406819,1194.6437827875454,1.7004807191890339,498.55605601778194,1050.567933399436,-1.4251542081051294,2.3426071045127177,799.1197138339095,-1.2672754052396578,-0.1196324756214785,800.2926940287666,0.15513408373390403,-0.08883086870043744,800.3234956356877,0.18593569065494508,-1.3952064069758197,799.0171200974123,-1.1204398476204371,0.022519285976000614,800.4348457903641,0.29728584533138314,-148.94368074625294,891.703074681459,1.6646731599952183,-147.88702283141055,542.7597325963014,2.721331074837599,-148.1931071429076,92.45364828480446,2.415246763340571,-1.0725711746857065,799.3397553297024,-0.797804615330324,147.67704438602757,907.0302889583155,-2.931309520220589,149.2145500803498,558.5677946526378,-1.3938038258983616,148.82170489517947,108.17494946746743,-1.7866490110686832,-1.118937553106206,799.2933889512819,-0.8441709937508235
138,1.38,1.195161076036059,1701.6201828454198,1.4765380124798084,-1.0700486150162827,1549.3549731543674,-0.7886716785725332,1.9619225804196752,1302.3869443498033,2.2432995168634244,0.6650022171073311,1401.0900239864911,0.9463791535510806,0.11363644371625048,1200.5386582131,0.39501338016,2.3192680077221866,1102.744289777106,2.600644944165936,1.4402032728487686,1001.8652250422325,1.721580209292518,-201.30211541170925,1496.5715975351989,-1.1204884218472073,-347.02891684798175,1399.810125229151,-0.062137270035841574,-451.9189188196054,1197.550920772767,-0.8489517464734212,-503.3799911399302,1054.0638156483692,2.3467133857548355,-1.8055720102295028,794.2809047651149,2.430221485481406,0.3671564855408639,800.7921782549246,0.6485334219846134,1.2971757775801187,801.7221975469639,1.5785527140238682,-0.07967282973358747,800.3453489396502,0.20170410671016203,2.036713903056037,802.4617356724398,2.318090839499786,199.96808579150215,1496.5448764947596,-1.1472094622864841,345.76188978024345,1401.526647776574,-4.367138939666629,446.37925113892413,1193.9776071421702,0.9094888806759027,497.92906766364786,1049.9976640186694,-2.1010811938469476,0.9290848938128323,797.6365713286231,-2.2645841930327277,0.49681295380563534,800.9218347231894,0.7781898902493849,0.43415283565601415,800.8591746050398,0.7155297720997637,1.548232159047795,801.9732539284315,1.8296090954915445,0.6509637686842549,801.075985538068,0.9323407051280044,-148.29840841321246,892.3067825549003,2.4985618209783267,-147.53552177720752,543.0696691909053,3.2614484569832745,-150.30217084227323,90.3030201258395,0.49479939191756594,-0.18541398320419666,800.2396077861796,0.09596295323955284,149.92534398356187,909.3201530154491,-0.8716262506288984,147.98436790501603,557.3791769369033,-2.8126023291747577,149.34429971328433,108.73910874517162,-1.4526705209064583,-3.0671646460531514,797.3578571233306,-2.785787709609402
139,1.39,-0.6594112899850173,1699.7783300162857,-0.37144313910803817,0.39837366579858524,1550.8361149720693,0.6863418166755644,1.3612996533218595,1301.7990409595925,1.6492678041988387,1.3907550671564812,1401.8284963734272,1.6787232180334604,0.601741194943481,1201.0394825012143,0.8897093458204602,-0.5124130280233035,1099.9253282782474,-0.22444487714632422,0.536551432929348,1000.9742927392,0.8245195838063272,-201.090235475444,1496.6394191307775,-1.0549029471215579,-349.10305306981235,1397.7757580602622,-1.7405331653769638,-451.4685365549838,1197.9806114110431,-0.5051135735948519,-503.48621403658035,1053.8664365380728,2.357757071589421,-1.3108639553206567,795.1838205484497,3.1313874878253793,0.03995335815786677,800.4776946644286,0.32792150903484596,2.432172667171618,802.8699139734423,2.7201408180485975,0.7344841404916497,801.1722254467624,1.022452291368629,0.09670787183817253,800.5344491781088,0.3846760227151517,199.54279762511206,1495.976208146918,-1.7181139309809839,347.1063406374672,1402.8466973393067,-3.174396740197038,444.9651187670418,1192.7063756222199,-0.5011867226246616,498.0257243297108,1050.1369491886937,-2.057650712133156,1.6052710678678797,798.262406098065,-1.1485291129265836,0.16514484889625897,800.602886155167,0.45311299977323816,0.4785388269552709,800.916280133226,0.7665069778322501,-0.3947491166579023,800.0429921896127,-0.10678096578092311,0.500758049182093,800.9384993554528,0.7887262000590721,-150.8572751246329,889.718661970156,0.1277567754523825,-148.46364319242113,542.1122939023677,2.5213887076641397,-148.09184310858922,92.4840939861997,2.893188791496056,0.8185884628418372,801.2563297691125,1.1065566137188165,149.11752391645354,908.5415868216646,-1.8675079836317443,149.0839766651773,558.5080395703884,-1.9010552349079848,150.4624192903442,109.88648219555527,-0.5226126097410888,0.7037758198598142,801.1415171261305,0.9917439707367934
140,1.4,0.6382922478352605,1701.0887724667994,0.9328292360811691,0.7792372107369205,1551.2297174297012,1.073774198982829,-1.2232085015069367,1299.2272717174574,-0.928671513261028,1.9491132290036257,1402.3995934479678,2.2436502172495345,0.5780948896364222,1201.0285751086005,0.8726318778823308,0.4553758176970263,1100.9058560366611,0.7499128059429349,0.7108237922452361,1001.1613040112095,1.0053607804911446,-201.814410474511,1495.7731865540645,-1.9258307260770076,-351.01432990485023,1395.9113079280303,-3.247257632983932,-450.1478095502154,1199.280051982657,0.7053709220429698,-503.02173140723625,1054.2031221803065,2.897212287332373,-2.853555499793092,794.0485246032437,1.7650499609837507,-0.08295870047907788,800.3675215184852,0.21157828776683074,-0.2597663381529672,800.1907138808114,0.034770650092941446,1.0180657262743003,801.4685459452386,1.3126027145202088,0.22341709486513545,800.6738973138295,0.5179540831110441,200.50585194606626,1496.7997250832345,-0.8992921969070802,348.44579702917775,1404.146183311193,-1.9874153414746685,446.1881759907349,1194.0691980231318,0.7080380479818401,499.4276310496151,1051.568912415983,-0.7121373746871591,0.8908328881986707,797.515497107155,-1.4027045763195167,0.5500095127249807,801.0004897316893,0.8445465009708892,-1.5622536647313496,798.8882265542329,-1.267716676485441,-0.8012929618511087,799.6491872571132,-0.5067559736052,0.07948420004444867,800.5299644190088,0.3740211882903573,-148.81742777246313,891.7413857024418,2.354535666884219,-149.70761491962284,540.851198555282,1.4643485197245116,-149.59725162271707,90.96156185218783,1.5747118166302738,0.8029232557997468,801.253403474764,1.0974602440456553,147.52698090098338,906.9681674260785,-3.644982538363972,149.68642404283588,559.127610567931,-1.4855393965114587,147.4458597821587,106.88704630725378,-3.72610365718866,-0.8487107816577963,799.6017694373065,-0.5541737934118877
141,1.41,1.5950644491238979,1702.058298026,1.8961446714925667,0.38921069698502886,1550.8524442738612,0.6902909193536977,-0.7329832997924186,1299.7302502770838,-0.4319030774237498,0.005640133687666693,1400.468873710564,0.3067203560563355,0.4213773884077857,1200.884610965284,0.7224576107764545,1.6896344701435988,1102.1528680470199,1.9907146925122676,0.06615225959010068,1000.5293858364662,0.3672324819587695,-200.2992918687453,1497.1484369626369,-0.5577424805880976,-350.5654180469402,1396.4134465578545,-2.3864858975224705,-450.6513944284597,1198.7551892956658,0.0884069990662722,-503.7800485412216,1053.2802019569006,2.170902205557838,-2.1689188890623625,795.1372136806048,2.594179172115088,1.4025493670937013,801.8657829439697,1.7036295894623703,-0.6884884491125662,799.7747451277635,-0.3874082267438974,0.9422370340167129,801.4054706108928,1.2433172563853816,2.792993701228252,803.2562272781043,3.0940739235969206,201.35180773902763,1497.5101713244514,-0.19600811877362811,348.5486176582798,1404.1940451637863,-2.0371610493067385,446.9286503360914,1194.9457280818913,1.417321895869112,498.59379223792547,1050.7541725985152,-1.6043660983158083,-0.2170756248345178,796.3914811551087,-2.033376244793759,-1.7240292247014346,798.7392043521746,-1.4229490023327658,-0.6327240747954674,799.8305095020806,-0.3316438524267986,1.4805838873043302,801.9438174641805,1.781664109672999,-1.2996417428098057,799.1635918340663,-0.9985615204411369,-149.45724302652448,891.0963736099146,1.8999438556707438,-149.65580745689934,540.8978091795398,1.7013794252958983,-149.5459712059736,91.00764543046543,1.8112156762216371,1.511836072389325,801.9750696492654,1.8129162947579938,148.9256528831322,908.3720362466931,-2.431533999063034,148.16015581577508,557.606539179336,-3.1970310664201493,148.73933509198076,108.18571845554175,-2.617851790214459,0.22742943782796227,800.6906630147041,0.528509660196631
142,1.42,-1.0431900166240753,1699.4328064001063,-0.7355953999669833,-1.4571529955548594,1549.0188434211755,-1.1495583788977675,-0.15879182544508152,1300.3172045912852,0.14880279121201045,1.3743576445691952,1401.8503540612996,1.6819522612262872,0.7967892472527442,1201.272785663983,1.1043838639098362,0.33186764235988575,1100.8078640590902,0.6394622590169777,0.645759141601626,1001.121755558332,0.9533537582587179,-200.02347274535114,1497.2867639979954,-0.4290498901085926,-349.4202983340749,1397.6175213612748,-0.8237273564017704,-449.6391126651896,1199.7468096223035,0.9847467051262426,-502.23983398727603,1054.6190996655666,3.699813717778084,-2.648567302358713,795.0558511774603,2.2256353595266476,2.1175350518382956,802.5935314685686,2.425129668495388,0.5768491055603927,801.0528455222907,0.8844437222174847,0.03443127381474881,800.510427690545,0.3420258904718408,0.2585635549455233,800.7345599716758,0.5661581716026153,201.2833733747617,1497.3104357761656,-0.40537811193832546,347.8647866865622,1403.4408924573715,-2.8729685923940043,445.8387398589927,1193.9876280538585,0.2788610246470863,498.45550265769685,1050.6257159108277,-1.8018353360143098,1.003675518829256,797.610860113945,-0.3219652482288146,-1.2431687392062452,799.2328276775241,-0.9355741225491532,-0.5836426769645581,799.8923537397658,-0.2760480603074661,1.0622531567919724,801.5382495735223,1.3698477734490644,0.8269795909972252,801.3029760077276,1.134574207654317,-150.03202004359298,890.5281009950968,1.5081035874627542,-149.2054457514814,541.3546752872084,2.3346778795743446,-150.28886005346047,90.27126098522928,1.2512635775952765,0.27316481484954447,800.7491612315799,0.5807594315066364,149.69434084805823,909.1342198093685,-1.8457827829975033,150.2718669704714,559.7117459317816,-1.268256660584338,147.36321934982809,106.80309831113834,-4.17690428122765,0.1316575575588843,800.6076539742892,0.4392521742159763
143,1.43,0.5544809137919371,1701.043244658187,0.8685578392835707,0.30810240555135376,1550.7968661499463,0.6221793310429873,0.4117923863026137,1300.9005561306976,0.7258693117942473,0.35365281856222686,1400.8424165629572,0.6677297440538603,1.4598920884205704,1201.9486558328156,1.773969013912204,0.7954450577376238,1101.2842088021325,1.1095219832292573,0.07943739316519394,1000.5682011375602,0.39351431865682746,-200.27352794068858,1496.9017774103004,-0.8261459538597937,-348.74102663887106,1398.360794089552,0.277415252612339,-449.8706948090653,1199.4957910665578,0.6352419895655391,-503.3278474888939,1053.2934082222948,2.5571729010032875,-2.860408729609911,795.2342318323807,2.090229792619946,-0.15654319042192183,800.3322205539731,0.1575337350697117,1.4185940914199309,801.907357835815,1.7326710169115644,0.6443385076308883,801.133102252026,0.9584154331225219,-0.8486238227528597,799.6401399216422,-0.5345468972612262,202.29992388245918,1498.2000692564752,0.47214589231502,349.8762230704509,1405.3693109184587,-1.0122347271610135,446.4593190688012,1194.7352767487923,0.8335954686019643,501.0666263441196,1053.23915501369,0.7505472229216342,0.18532507107991766,796.8041526458289,-0.6398877642381724,0.9426807465550175,801.4314444909501,1.2567576720466511,1.128169911342138,801.6169336557372,1.4422468368337715,1.517377273255934,802.006141017651,1.8314541987475677,2.1634204722868433,802.6521842166819,2.4774973977784764,-150.02956916264503,890.5485110425586,1.690627196417216,-149.0724940069193,541.5055861982844,2.6477023521429475,-149.0210894282673,91.55699077693637,2.6991069307949505,0.7535521191192962,801.2423158635144,1.0676290446109298,149.06158820377442,908.4835079985708,-2.6586081552878276,149.02155302894855,558.4434728237449,-2.6986433301137,149.3897908391716,108.81171063396795,-2.3304055198906344,1.8169709832868464,802.3057347276819,2.1310479087784797
144,1.44,0.606832537717537,1701.1083630744467,0.9273564333217914,-0.8010845275604119,1549.700446009169,-0.4805606319561575,0.8388311413161665,1301.3403616780454,1.159355036920421,0.2175734529472182,1400.7191039896766,0.5380973485514726,1.2275367447911472,1201.7290672815204,1.5480606403954016,-0.5832161524382358,1099.918314384291,-0.26269225683398134,0.9323527237644015,1001.4338832604936,1.252876619368656,-201.37620146800688,1495.666915378986,-2.0755926597602015,-352.3266426260917,1394.8435356389666,-2.8836571254068635,-449.35686311852817,1199.992017505998,1.029759368589124,-505.58320328961025,1050.7646268488602,0.20418248896037516,-3.0144178755947766,795.4602270850205,1.9769659094782963,1.397511991484094,801.8990425282134,1.7180358870883485,-0.4734762379132256,800.0280542988161,-0.15295234230897115,1.3045540474530153,801.8060845841823,1.6250779430572697,0.6266649322076367,801.1281954689368,0.9471888278118912,201.98628269068467,1497.7640659977767,0.0215579590305347,348.50624169426084,1403.9033201811221,-2.530960075227092,444.734146330168,1193.1319788415797,-0.9745833610236936,500.68336440925384,1052.852476700264,0.310217560825579,-0.0004081859474161509,796.6412851149895,-0.31915528702803064,1.306401287978101,801.8079318247073,1.6269251835823555,1.1578758180096052,801.6594063547388,1.4783997136138596,1.093569775684975,801.5951003124143,1.4140936712892294,0.790764137204659,801.292294673934,1.1112880328089134,-149.64089706903914,890.9663308453756,2.2559338540853857,-150.33689249009876,540.270335424316,1.5599384330257584,-147.23392838444653,93.37329952996824,4.662902538677995,0.38767484063212015,800.8892053773613,0.7081987362363746,149.19950702167682,908.592279107262,-2.6973239014477093,150.57966497229197,559.9724370578771,-1.3171659508325673,149.692328397023,109.08510048260823,-2.2045025261015256,0.7329349205432016,801.2344654572724,1.053458816147456
145,1.45,1.0610736861708818,1701.5753654296152,1.388005953639607,0.9601383955183371,1551.4744301389628,1.2870706629870623,-0.2957363302668164,1300.2185554131777,0.03119593720190883,1.1527270453093077,1401.6670187887537,1.4796593127780329,-0.9789750700336104,1199.5353166734108,-0.6520428025648852,0.7429094890581862,1101.2572012325027,1.0698417565269114,0.02478379913203199,1000.5390755425766,0.3517160666007572,-198.09186819114507,1498.821982589581,1.062417100213967,-352.86627314323295,1394.3759262260694,-2.997637436338935,-448.73799785419453,1200.5957088832558,1.5285109147870355,-503.2492720891634,1052.7902574509815,2.3981180564515774,-2.7927643456929014,796.049672699517,2.2029221525006486,0.3826447253943029,800.8969364688388,0.7095769928630281,0.388595366454624,800.9028871098991,0.7155276339233493,0.7584412247210434,801.2727329681655,1.0853734921897686,0.20196995892099878,800.7162617023655,0.5289022263897241,202.24940531529697,1497.909547101392,0.149981612025043,349.7936307804449,1405.0824476865303,-1.389674701432328,445.58196387542984,1194.0960665826967,-0.22673278330068974,502.1151364745298,1054.2769029160697,1.687821749229387,-1.2308693910940596,795.4430678128731,-1.0408895116331918,-0.4620049316070665,800.0522868118375,-0.1350726641383413,0.6490659000071826,801.1633576434517,0.9759981674759077,2.211293603134964,802.7255853465795,2.5382258706036893,0.9056550687194647,801.419946812164,1.2325873361881898,-152.77745110245115,887.8698283406302,-0.7079928175075203,-148.8857403628157,541.7615390802656,3.183717922127923,-148.833126992923,91.81415245015833,3.236331292020614,-0.5308153612800985,799.9834763821644,-0.20388309381137326,148.43451252209505,907.7872330790137,-3.6349457628485915,149.05636730723927,558.409087864158,-3.013090977704357,150.9681906763917,110.32091123331035,-1.1012676085519195,0.506706225690108,801.0209979691347,0.8336384931588332
146,1.46,-0.7714544538206525,1699.7555878351598,-0.4381556771228602,0.6717396074567846,1551.1987818964371,1.005038384154577,0.5098912739989917,1301.0369335629794,0.843190050696784,0.9288917765416989,1401.4559340655221,1.262190553239491,-1.956727835442138,1198.5703144535382,-1.6234290587443456,0.17337134746552735,1100.7004136364458,0.5066701241633197,0.681191540481589,1001.2082338294618,1.0144903171793813,-199.26972019837245,1497.517963612908,-0.2611270856021579,-349.7609215021059,1397.5562696592467,0.5329040323952037,-449.17796018255655,1200.1435949071074,0.9682286274879381,-503.7657935062532,1051.9316883366503,1.700211072217288,-2.529706106970434,796.6664895261416,2.4333673994275253,0.15061514905020137,800.6776574380305,0.48391392574799375,1.5748404810235122,802.1018827700038,1.9081392577213045,2.014881110968699,802.541923399949,2.3481798876664914,0.6721874435300955,801.1992297325104,1.0054862202278878,201.7704448056037,1497.317825756606,-0.46126494190424744,349.3319830853887,1404.5010562644902,-1.9941099111608125,444.99135759664773,1193.6157610709297,-0.9339994402046545,501.50560648443184,1053.6578960988898,1.0282267858011132,1.009155044359263,797.7228381260667,1.7063297508401654,0.12217566901560031,800.6492179579959,0.4554744457133927,1.0834937931397564,801.61053608212,1.4167925698375488,0.844652639219658,801.3716949282,1.1779514159174505,0.8570019615092128,801.3840442504895,1.190300738207005,-150.2581257829651,890.4398070744573,1.9793906502961818,-149.55000317257708,541.1479296848454,2.687513260684216,-150.40482190499918,90.29311095242322,1.8326945282620946,-1.6884110120156515,798.8386312769646,-1.355112235317859,150.13685205762621,909.4389192002037,-2.100664375635086,148.70300223465696,558.0050693772345,-3.534514198604337,149.7355364540568,109.03760359663441,-2.5019799792044677,1.0950932251399275,801.6221355141203,1.4283920018377199
147,1.47,-0.8623631217417569,1699.6774139526515,-0.5227429662950996,-0.5198439776605281,1550.0199330967328,-0.1802238222138708,-0.3537968090838986,1300.1859802653094,-0.014176653637241299,-1.0927051112517328,1399.4470719631415,-0.7530849558050755,1.166935750149438,1201.7067128245428,1.506555905596095,1.2132048261459683,1101.7529819005392,1.5528249815926256,0.29971129771761107,1000.839488372111,0.6393314531642684,-197.2806755178959,1499.3841139454757,1.5830378943430192,-351.3588844369399,1396.0355799054714,-0.6418914829709783,-449.488243718082,1199.8247601514522,0.5380101688520921,-504.19329505057055,1051.1297692959358,1.0512228503175831,-5.127971801427126,794.4063137069314,-0.23461467859482976,1.6798406845810223,802.2196177589743,2.0194608400276794,-1.1435422246072433,799.3962348497861,-0.8039220691605861,1.2100089181241107,801.7497859925174,1.549629073570768,0.20580981603909912,800.7455868904324,0.5454299714857564,200.32328997332237,1495.762945249001,-2.0381308021318345,349.15900843238404,1404.1976529642432,-2.3058887025455723,446.19106681080234,1194.9194832762953,0.13268981920503198,499.9272564192554,1052.0697125495258,-0.5949204752823369,0.08831224899166257,796.8473560183847,1.2873689529005978,0.5912951576461629,801.1310722320395,0.9309153130928203,0.17831335858449507,800.7180904329779,0.5179335140311524,0.18521819152324898,800.7249952659166,0.5248383469699063,0.6833898329282515,801.2231669073216,1.0230099883749086,-150.50716137030307,890.2517089763905,1.8932909302721264,-151.26306551489571,539.495804831798,1.137386785679474,-148.6968695011791,92.06200084551462,3.7035827993961186,0.7139565529511606,801.2537336273444,1.0535767083978178,149.1353057481042,908.3764354014105,-3.2651465524710126,149.30660473726385,558.5477343905702,-3.0938475633113365,150.65855064461957,109.89968029792585,-1.7419016559556473,0.6576956581892265,801.1974727325826,0.9973158136358837
148,1.48,0.7799260399122732,1701.3324170191709,1.125819173734478,-0.15230159474595883,1550.4001893845127,0.19359153907624604,-0.24018739183568805,1300.312303587423,0.10570574198651683,1.6390649456103714,1402.1915559248691,1.9849580794325763,-0.9200121977168136,1199.632478781542,-0.5741190638946088,1.3788260772653413,1101.931317056524,1.7247192110875462,1.3236238565520166,1001.8761148358105,1.6695169903742215,-200.2640163876237,1496.2813214988175,-1.5441898359990671,-352.749000929594,1394.724335746212,-1.6124142539860546,-448.80529281362675,1200.50332245752,1.1019978677496556,-503.7086849441498,1051.209210744743,1.275842114026025,-5.084606209905299,794.770661924892,-0.2979667036714617,0.3010294821885661,800.8535204614471,0.646922616010771,0.5219647961522549,801.0744557754108,0.8678579299744598,1.8567449962406806,802.4092359754992,2.2026381300628852,2.3041687854413535,802.8566597646999,2.650061919263558,201.49267778263115,1496.829791136683,-0.9957201981336152,349.6789966195727,1404.5773481882043,-1.9200658229695953,445.5301788212878,1194.35604963169,-0.6771784125753507,501.41438328679163,1053.5483794048903,0.8537892348580499,-0.10439572143777176,796.703746044769,1.5874916574178008,0.934074472349899,801.4865654516085,1.279967606172104,1.391917133442654,801.9444081127012,1.737810267264859,0.6188123704462736,801.1713033497049,0.9647055042684785,1.1486780010383506,801.7011689802969,1.4945711348605553,-149.3324952612632,891.4972643325359,3.225228406253115,-150.6480339838682,540.1817256099309,1.909689683648096,-150.0970117409944,90.73274785280474,2.460711926521929,0.4667311184285955,801.0192220976871,0.8126242522508004,147.87119931034903,907.0414397165499,-4.686524357167283,149.72636683888396,558.8966072450849,-2.831356828632342,150.3374535230387,109.5076939292396,-2.2202701444776003,-0.10173066283252441,800.450760316426,0.24416247098968047
149,1.49,0.5614854325993158,1701.1266642961818,0.9135998738967372,-0.659092943010608,1549.906085920572,-0.3069785017131865,-0.9717957604739516,1299.5933831031086,-0.6196813191765301,1.5362814454221547,1402.1014603090048,1.888395886719576,0.09191036498603325,1200.6570892285686,0.44402480628345464,2.624806504506201,1103.1899853680889,2.9769209458036223,0.2479448754598108,1000.8131237390423,0.6000593167572322,-198.5659212930346,1497.8635743242621,0.011190581669144106,-351.7366065962114,1395.8165298129509,-0.1855347040632862,-446.9916050534952,1202.3173272000022,2.7982735489558683,-502.343354085876,1052.1404716994257,2.3445709533757566,-3.290980634954085,796.8669298429912,1.3523340549105107,0.5609272220186206,801.1261060856011,0.9130416633160421,-0.1918935575494578,800.373285306033,0.16022088374796362,-1.9489095884476098,798.616269275135,-1.5967951471501882,0.7952614816417904,801.3604403452243,1.147375922939212,202.7156633914365,1497.9555610848206,0.10317734222766417,351.16592437953034,1405.914958821417,-0.5620237404329562,446.12370728115235,1195.0402511950851,-0.24812691227887584,500.66086648249933,1052.7894424914562,0.06928102675144732,-1.5098129997169338,795.3493166260562,0.6621865351633356,-1.530710317814315,799.0344685457683,-1.1785958765168938,0.30210882505831305,800.8672876886409,0.6542232663557345,1.4133214422008156,801.9785003057833,1.7654358834982369,0.6500355397565476,801.2152144033391,1.0021499810539691,-150.63078823496548,890.279466942449,2.078012813110368,-150.35953002699253,540.550725150422,2.349271021083339,-148.6687777374212,92.24147743999322,4.0400233106546395,-0.26215831120070354,800.3030205523819,0.08995613009671788,149.57168258710266,908.6614274096883,-3.1371184609731895,149.5561823046117,558.6459271271972,-3.152618743464168,149.51409084340136,108.60383566598692,-3.1947102046744864,1.2585275639185523,801.8237064275011,1.6106420052159736
150,1.5,0.5035588602487416,1701.0813944299769,0.8618396683791816,0.22170410739159807,1550.7995396771198,0.579984915522038,-0.5527946265623611,1300.0250409431658,-0.19451381843192106,-0.2848911364211237,1400.292944433307,0.07338967170931632,-0.7749864285159707,1199.8028491412122,-0.4167056203855307,0.7997851508296707,1101.3776207205578,1.1580659589601108,-1.3176139264487403,999.2602216432795,-0.9593331183183004,-198.61607884796624,1497.7013464986549,-0.18033137978396252,-354.83142850571915,1392.8017771170003,-2.8724925570618263,-447.7113208396786,1201.603154541347,1.9632663088603832,-501.07119192350996,1052.951731896318,3.2856945072854797,-3.1779870054649844,797.263204861793,1.2860812219711337,0.5015618345577539,801.0793974042859,0.859842642688194,0.38985622681162546,800.9676917965397,0.7481370349420655,0.36512380396366173,800.9429593736918,0.7234046120941018,-0.6893528700157834,799.8884826997123,-0.33107206188534344,201.80548484939928,1496.9536293643278,-0.9280485141108911,351.1100196850503,1405.7015686675506,-0.7409112225589942,446.50013393462274,1195.5003959561811,-0.05114751619171687,500.3217850085632,1052.449564733095,-0.29240021457449017,-3.042992945250637,793.8672169749216,-0.4071671414354563,-0.5193209273430865,800.058514642385,-0.1610401192126466,0.33019293762153357,800.9080285073496,0.6884737457519735,-0.4233224977966525,800.1545130719315,-0.06504168966621249,-0.0032941577504955744,800.5745414119776,0.3549866503799444,-150.19360242015344,890.8063975798466,2.6595671287320197,-150.06557191995694,540.9344280800431,2.787597628928511,-149.27399123805208,91.72600876194792,3.5791783108333872,-1.1791404559268255,799.3986951138013,-0.8208596477963855,150.88303474401332,909.8830347440133,-1.9701348048721425,149.8055987205842,558.8055987205842,-3.047570828301262,148.73193532788716,107.73193532788717,-4.1212342209982955,-0.720659820161994,799.8571757495662,-0.362379012031554
151,1.51,0.573735938692723,1701.1641918630426,0.938124905480361,1.1215606385965593,1551.7120165629462,1.4859496053841972,-0.9545835949092552,1299.6358723294404,-0.5901946281216173,0.6181557302391131,1401.2086116545888,0.9825446970267511,-1.3598498436765725,1199.2306060806732,-0.9954608768889346,0.5551492350693947,1101.1456051594191,0.9195382018570326,1.3976619007880373,1001.9881178251378,1.7620508675756752,-199.4693229635678,1496.7399627261152,-1.1734130393295343,-352.6879947934572,1395.024908695762,-0.3293008747879003,-448.3335512605872,1200.9921884993398,1.2284220599093207,-501.79012782646964,1051.7473365583844,2.2037228918594134,-2.817003039686982,797.8873058085248,1.432871401620114,-1.2011068798480613,799.3893490445017,-0.8367179130604234,0.9007384116707642,801.4911943360205,1.265127378458402,-0.029606700711551415,800.5608492236382,0.3347822660760865,0.3740246719669139,800.9644805963167,0.7384136387545519,202.39227808840997,1497.4542616506642,-0.45911411478053615,351.93306405364734,1406.359826860298,-0.03434385819794483,446.17988064625644,1195.2567811952308,-0.5652307762912647,501.62300591586046,1053.7560966544459,0.995486113859273,0.032278028403596615,796.9919326196632,3.112204394131692,-0.03738889171944243,800.5530670326303,0.3270000750681955,0.022899180209274755,800.6133551045591,0.3872881469969127,-0.3247671741327977,800.265688750217,0.03962179265484023,-0.4544574688624336,800.1359984554873,-0.09006850207479566,-148.7061368143988,892.3924899216036,4.284193881394993,-148.39383486334037,542.704791872662,4.596495832453417,-152.74301318821853,88.35561354778386,0.2473175075752616,0.8286981131133091,801.419154037463,1.193087079900947,149.74594927735401,908.6473225413516,-3.244381418439774,150.39475441400256,559.2961276780002,-2.59557628179125,150.34168784775662,109.2430611117542,-2.6486428480371917,0.5528550189256509,801.1433109432754,0.9172439857132889
152,1.52,-0.3663655074550488,1700.236669232883,0.0040701459151782915,-0.6414966997363964,1549.9615380406017,-0.27106104636616934,-0.6326291857140065,1299.970405554624,-0.2621935323437794,0.6902839096200578,1401.293318649958,1.0607195629902848,0.7329731973499021,1201.336007937688,1.1034088507201292,0.4206026133851953,1101.0236373537232,0.7910382667554223,-0.5695023288107641,1000.0335324115273,-0.19906667544053702,-197.82936533590222,1498.2758656256685,0.328408769017251,-352.61715062578054,1395.174458805443,0.13174343999023524,-446.97858183936404,1202.3646102449175,2.4739972579859573,-502.404480922234,1050.6254309577748,1.1970225454268744,-3.6028018969031654,797.3438760948593,0.39918938153568395,0.5052267758100483,801.1082615161481,0.8756624291802754,0.444384399064875,801.0474191394029,0.814820052435102,0.13317498468279923,800.7362097250208,0.5036106380530263,-0.47401009978474207,800.1290246405532,-0.10357444641451496,201.737508413486,1496.7190463309937,-1.2284105256575701,351.65914340470863,1405.9146948204652,-0.4176559553746848,445.85699271521173,1195.0033768909204,-1.0956845793125582,503.10813832987367,1055.2540135098814,2.4773187813220803,-2.0036403365994877,795.0021831723503,1.4973752967927798,0.8784829194780371,801.4815176598161,1.2489185728482641,0.8616621718383779,801.4646969121764,1.232097825208605,-0.03240727117252376,800.5706274691655,0.3380283821977033,0.021580452212985185,800.624615192551,0.39201610558321226,-149.29308348251257,891.9126758119794,3.826720738538461,-149.97364567482077,541.2321136196712,3.1461585462302453,-151.09167152000597,90.11408777448602,2.028132701045055,0.006328675189596067,800.6093634155276,0.3767643285598231,151.7521863369576,910.5464270424657,-1.3676178840934128,150.0339384175297,558.8281791230377,-3.08586580352134,148.84510803491563,107.63934874042361,-4.274696186135408,-1.147156072757087,799.4558786675809,-0.77672041938686
153,1.53,0.4383219805599472,1701.0538887993334,0.8147395896036991,0.682935517081104,1551.2985023358547,1.0593531261248559,1.1775712700620995,1301.7931380888356,1.5539888791058514,0.4639000423565604,1401.07946686113,0.8403176514003123,0.9125332973874261,1201.5281001161609,1.288950906431178,-0.08855601041457545,1100.527010808359,0.28786159862917643,-0.3590960516688938,1000.2564707671046,0.017321557374858076,-199.35696585792817,1496.6484450993385,-1.3354529492065677,-352.2900104054807,1395.5787157567036,0.8381127648901299,-446.6958439533492,1202.671423852248,2.651085032164941,-501.21845080449907,1051.2844524930297,1.964304733118333,-2.8739060053238727,798.2940306418335,0.8480467945327906,-0.27712916888116546,800.3384376498923,0.09928844016258642,-0.6799065087856255,799.9356603099878,-0.30348889974187365,-0.49516982497868134,800.1203969937948,-0.11875221593492946,0.006351194862385612,800.6219180136359,0.3827688039061375,201.17955961663108,1496.086483442503,-1.8974146060418273,350.1514219891514,1404.230216294927,-2.027129283647644,444.78387793069635,1193.992564633761,-2.3893972662838663,502.6517064382002,1054.8190725751188,2.0282771787374396,-2.8285809811222125,794.2186010824804,1.0674067051506477,2.477881088464389,803.0934479072379,2.854298697508141,-0.1497852818365778,800.4657815369369,0.22663232720717408,-1.664830865773755,798.9507359529997,-1.288413256730003,0.5120101999206433,801.1275770186941,0.8884278089643952,-149.46902771192947,891.8519865785213,3.772102092572712,-151.03776667278734,540.2832476176635,2.203363131714842,-149.43112527132675,91.88988901912414,3.810004533175455,0.730480903246375,801.3460477220199,1.106898512290127,150.66714312557227,909.3461288351215,-2.5739866789299395,150.22157081732178,558.900556526871,-3.019558987180411,151.44675833728127,110.12574404683039,-1.7943714672209252,0.4128431248794395,801.028409943653,0.7892607339231914
154,1.54,0.4766143232901652,1701.1046612741798,0.8589459047600996,-0.2643827592138446,1550.3636641916758,0.11794882225608988,-0.6416099026273965,1299.9864370482621,-0.2592783211574621,-0.2824255411395259,1400.34562140975,0.09990604033040851,-0.3060102633326953,1200.3220366875569,0.07632131813723908,0.5174845564368741,1101.1455315073265,0.8998161379068086,-0.3232460673177907,1000.3048008835718,0.05908551415214369,-199.2111171183041,1496.6988536185745,-1.3238200786335241,-354.2317032082055,1393.7119793899112,-0.7366915062911074,-446.438046993954,1202.9603214448914,2.80748065825121,-501.79762553694275,1050.1616039981216,0.9430949543027367,-2.6774970923226658,798.6904445502802,0.7340622571893378,-1.0661887288097067,799.56185822208,-0.6838571473397723,-0.2382724270887787,800.3897745238008,0.14405915438115574,0.5694285576671138,801.1974755085567,0.9517601391370483,-0.6065475421887883,800.0214994087008,-0.22421596071885386,202.07439570994097,1496.9126462384152,-1.1100274587928771,353.76534614423787,1407.66271724629,1.493208103544258,445.7678844145835,1195.0317150923922,-1.63826219916727,501.31066593289023,1053.5093152430427,0.7058483888195244,-1.9664234079446519,795.1158942207533,2.295516841520904,0.007643943192606056,800.6356908940822,0.3899755246625405,1.0916373367996133,801.7196842876892,1.4739689182695477,0.3371196648971443,800.9651666157868,0.7194512463670787,-0.07162556768932385,800.5564213832004,0.3107060137806106,-150.82292001811706,890.6210825008,2.530948744190259,-150.17446710687085,541.2695354120461,3.1794016554364726,-150.23654328581677,91.20745923310022,3.1173254764905414,1.8904927746919347,802.5185397255816,2.272824356161869,150.6779171767996,909.2339146578826,-2.675951585507696,148.83473107146494,557.3907285525479,-4.519137690842362,150.22717893891414,108.78317641999716,-3.1266898233931673,0.38653977491698865,801.0145867258067,0.768871356386923
155,1.55,-0.44658735896684243,1700.1938825610757,-0.05841303272656562,-0.5172566317792212,1550.1232132882635,-0.1290823055389444,2.56547277561054,1303.2059426956532,2.953647101850817,-0.4081321138873578,1400.2323378061553,-0.019957787647081005,-2.13560914567353,1198.504860774369,-1.7474348194332534,-0.069532351868238,1100.5709375681745,0.31864197437203884,1.433323201110624,1002.0737931211531,1.8214975273509009,-201.9064023408634,1493.9126480754699,-4.151107561637577,-353.426322372382,1394.589614254935,0.42191644504317827,-447.58702824718864,1201.8498307703203,1.5618294061468894,-501.7529758423435,1049.6488395475192,0.5257145451810736,-3.336637181138385,798.2101287755925,-0.2637717128396619,-0.2690944551469976,800.3713754648956,0.11907987109327922,1.4802625995489078,802.1207325195915,1.8684369257891846,-1.4311918719187826,799.2092780481237,-1.0430175456785058,2.092735588142309,802.7332055081848,2.4809099143825857,202.5394575729654,1497.315077676944,-0.7486779601636446,352.45357325878615,1406.1657309945247,0.09650836320604989,445.3954258339871,1194.7073126180042,-2.2550551834822326,502.2638042149579,1054.50445436702,1.6892192817207443,-1.457236058418317,795.6527186820769,3.1389609667264198,-1.0699507986367012,799.5705191214058,-0.6817764723964244,-0.8226053093875174,799.817864610655,-0.4344309831472406,-1.5011869162990348,799.1392830037435,-1.113012590058758,0.47923373207517583,801.1197036521177,0.8674080583154526,-149.97479644020174,891.5995339860044,3.4828092366455015,-150.7804044642709,540.7939259619352,2.6772012125763216,-151.38490584449949,90.1894245817067,2.072699832347749,-1.7309588750308458,798.9095110450116,-1.342784548790569,150.34796705223658,908.7736366260305,-3.109638624610662,150.81605370597185,559.2417232797657,-2.641551970875389,151.5391851619227,109.96485473571651,-1.9184205149245397,1.7051383829800848,802.3456083030226,2.0933127092203616
156,1.56,1.8589360424932475,1702.5117665461812,2.2528786508041017,0.0834116585038647,1550.736242162192,0.4773542668147188,0.623725093255767,1301.2765555969438,1.0176677015666211,0.156740318570666,1400.8095708222586,0.5506829268815201,-0.31188102096426773,1200.3409494827238,0.08206158734658642,0.3313538611056196,1100.9841843647937,0.7252964694164737,-1.742367810117859,998.9104626935701,-1.3484252018070049,-198.31152146765098,1497.4212634961823,-0.6858497063298999,-354.5067404672641,1393.578237258928,-0.3202032993158431,-447.1350513325494,1202.3480143769953,1.9223259332040248,-501.9001424160261,1048.9335559838494,-0.10003226703837087,-1.6238433343828467,800.0808500676449,1.0843223039900167,-0.29311100021028447,800.3597195034778,0.10083160810056963,0.47577858699465514,801.1286090906826,0.8697211953055093,0.5428321590471284,801.1956626627351,0.9367747673579825,-0.44250717119743277,800.2103233324906,-0.04856456288657862,201.7438919812015,1496.4630193002986,-1.6440939022135728,352.8243233237652,1406.3483460013217,0.39145305978996664,445.68664358914475,1195.0396165956295,-2.218775132309142,502.68082583282074,1054.9749484457632,2.1483551991995524,-2.67223217825682,794.4567366750155,2.2240960195347945,0.5417802519441349,801.1946107556322,0.9357228602549891,-0.8092856467924077,799.8435448568956,-0.4153430384815535,0.22749236410232387,800.8803228677904,0.621434972413178,0.5749741027933425,801.2278046064814,0.9689167111041966,-150.76269484943526,890.9489067230336,2.7892551122032136,-150.25990441344683,541.451697159022,3.292045548191636,-151.12241739297144,90.58918417949737,2.4295325686670166,-0.4499017453691607,800.2029287583189,-0.055959137058306574,150.49072924203915,908.7791276695702,-3.06122071959931,150.47190386110452,558.7603022886357,-3.0800461005339494,150.11999383830786,108.40839226583904,-3.4319561233306075,-1.2287375216346346,799.4240929820534,-0.8347949133237804
157,1.57,0.5895348160850322,1701.25465829145,0.9891680195227432,-0.768632902913013,1549.896490572452,-0.3689996994753021,0.32943769858981,1300.9945611739547,0.729070902027521,1.2185413045978515,1401.8836647799628,1.6181745080355625,0.5157087921267154,1201.1808322674917,0.9153419955644263,1.348922969311587,1102.0140464446765,1.748556172749298,2.9870588675584178,1003.6521823429233,3.3866920709961286,-199.77201320869878,1495.8792907936695,-2.2734224578460265,-353.59993136957,1394.5503980403878,0.9087661256532773,-446.95770082374753,1202.579572781744,2.0138176094775995,-502.16359823089806,1048.0944084765588,-0.8550475185227778,-2.214575270178378,799.6276361090315,0.1054026915136305,1.0899794724817213,801.7551029478466,1.4896126759194321,0.919372402090787,801.5844958774557,1.319005605528498,-0.5314549108980628,800.1336685644668,-0.13182170746035182,0.7818931040591466,801.447016579424,1.1815263074968576,202.19125010558255,1496.8601095938127,-1.2926036577028623,352.2578445342475,1405.59166777861,-0.24128345857868636,445.7961151391249,1195.1833687092023,-2.373938799010405,501.3757621936229,1053.735401796263,0.8974043444425104,-1.621076153332186,795.517322388569,3.539092796330484,1.3519813978510624,802.017104873216,1.7516146012887734,0.7817692668782772,801.4468927422432,1.1814024703159882,0.9418459677861484,801.606969443151,1.3414791712238592,0.912946675407587,801.5780701507725,1.312579878845298,-150.81515282695685,891.040265252942,2.8213845283125236,-150.11615801901556,541.7392600608833,3.520379336253821,-152.35428189542804,89.50113618447084,1.2822554598413256,-0.025352864716298412,800.6397706106486,0.37428033872141253,150.40158766574004,908.5461695858412,-3.2349496895293215,152.08793261978218,560.2325145398833,-1.5486047354871841,150.8806346451085,109.02521656520962,-2.7559027101608753,-0.3777132710040078,800.2874102043609,0.02191993243370316
158,1.58,-0.9257996988069883,1699.7515439078766,-0.520556799194705,-0.3519109261370684,1550.3254326805463,0.0533319734752149,-0.6261485534876967,1300.051195053196,-0.2209056538754134,0.6356135878103845,1401.312957194494,1.0408564874226678,-1.1846469632213203,1199.492696643462,-0.779404063609037,-0.7595148600762816,1099.9178287466073,-0.3542719604639982,1.096824576834842,1001.7741681835182,1.5020674764471251,-198.9761301780848,1496.598601440488,-1.601918752163221,-354.77639250649776,1393.435159001193,0.037180495244810485,-446.5152033282532,1203.0845213609925,2.3764815067971727,-500.65841010071995,1049.0195260292355,0.14927107873744822,-1.6984367655056738,800.261565013293,0.21258912915734762,-0.8110372058164331,799.866306400867,-0.4057943062041498,0.37163922784013353,801.0489828345235,0.7768821274524168,-0.30397403243299526,800.3733695742504,0.10126886717928801,-0.14475803101356907,800.5325855756698,0.2604848685987142,201.62383725638114,1496.2487335988267,-1.9517865938246453,353.8244892643338,1406.9668912579384,1.2690398270367393,445.40341809142495,1194.818355751787,-3.0400199416002893,503.59867139731426,1056.0362566565132,3.1863937917357257,-1.8927983484756936,795.2446576893642,3.493037491018472,0.2435861575569462,800.9209297642403,0.6488290571692295,0.06668365555068397,800.7440272622341,0.4719265551629673,-0.28281536590405665,800.3945282407793,0.12242753370822662,1.3008889206304777,801.9782325273138,1.7061318202427609,-150.35391370178067,891.6514683592143,3.357117636801412,-149.63432292865102,542.3710591323439,4.0767084099310615,-150.80216646992633,91.20321559106856,2.908864868655761,1.4557170054073807,802.1330606120907,1.860959905019664,150.4505880582783,908.4452059972833,-3.2604432803037913,149.877021860624,557.8716397996291,-3.8340094779580793,150.9110444827538,108.9056624217589,-2.799986855828297,0.8867876325921247,801.5641312392755,1.292030532204408
159,1.59,0.7205079520674735,1701.4099936213868,1.131276450563742,-0.9484803990329366,1549.7410052702865,-0.537711900536668,0.759888595765119,1301.4493742650845,1.1706570942613876,-0.20394319458046842,1400.4855424747388,0.20682530391580017,0.294633632098267,1200.9841193014176,0.7054021305945356,1.1555004093131678,1101.8449860786325,1.5662689078094363,0.3305247270132706,1001.0200103963327,0.7412932255095392,-199.30766491010397,1496.1955212680987,-2.0549747459746803,-354.4630055698129,1393.8052366821782,0.6370779084187898,-445.56269250086,1204.1079235003951,3.2555575847974834,-499.8830278805991,1049.213698747903,0.41821231275649395,-1.9261345703680464,800.1327955523384,-0.44191639256033627,-0.5812529908473022,800.1082326784722,-0.17048449235103358,0.8578141657147551,801.5472998350342,1.2685826642110238,0.5242612969061908,801.2137469662257,0.9350297954024593,-0.9129621510184841,799.776523518301,-0.5021936525222155,203.53912946078955,1498.1264393687768,-0.12405664529646931,352.0533227240533,1405.0039059443889,-0.5481626770236717,444.69056163454945,1194.1268395663344,-4.034021327860026,502.7855627008271,1055.3137118006807,2.451151673110123,-3.906493732614843,793.2190422673482,1.6652471825664228,-0.6863739863418366,800.0031116829776,-0.27560548784556793,-0.2788925702407885,800.4105930990787,0.13187592825548006,1.6390139874652108,802.3284996567847,2.0497824859614795,0.19981638092799867,800.8893020502475,0.6105848794242672,-151.34103442204733,890.8200625993287,2.4340900475111145,-150.8255980385715,541.3354989828046,2.9495264309869302,-148.8141194390543,93.3469775823217,4.9610050305041415,-1.3431530129888092,799.3463326563307,-0.9323845144925407,151.28152063832894,909.1204236169528,-2.4936038312295197,149.17627439681894,557.0151773754429,-4.598850072739516,150.76320048625865,108.60210346488266,-3.011923983299785,0.43139523505460386,801.1208809043741,0.8421637335508725
160,1.6,-0.7644135929967152,1699.937130844015,-0.3482067761413634,1.8810525298326242,1552.5825969668442,2.297259346687976,-0.4052741334061224,1300.2962703036055,0.010932683449229375,0.8073287497913842,1401.508873186803,1.223535566646736,0.09902104595217806,1200.8005654829637,0.5152278628075299,1.2982034708137526,1101.9997479078254,1.7144102876691045,0.06339530965321633,1000.7649397466647,0.4796021265085681,-198.61955808277511,1496.8172220657282,-1.4853782495501195,-355.1009187528586,1393.219121421473,0.26630042068127635,-445.6538508477799,1204.0962471553123,3.097705225167097,-499.829810229495,1048.6878281421511,-0.036803457470921994,0.1254625655624524,802.265495619918,1.1680896808396015,0.3246493447010853,801.0261937817125,0.7408561615564371,-0.24373157073571544,800.4578128662758,0.17247524611963633,0.18369986528757415,800.885244302299,0.5999066821429259,0.2906842828174302,800.992228719829,0.706891099672782,202.32565587478967,1496.8818202692853,-1.4207800459929145,353.78847030346935,1406.5476398744152,1.1515423832166056,446.03165455582337,1195.4832233664038,-2.980810326351873,501.7479447122999,1054.379266824749,1.502854676633547,-3.5883384469907393,793.5138839908991,2.128265002977109,0.9749944575398911,801.6765388945514,1.3912012743952429,0.9138518694357877,801.6153963064473,1.3300586862911394,-1.201650899268765,799.4998935377428,-0.7854440824134131,-1.0641989984250204,799.6373454385865,-0.6479921815696686,-149.53797508443984,892.7841941473425,4.290564546184949,-149.40661340359887,542.9155558281835,4.421926227025915,-150.15723782677964,92.1649314050027,3.6713018038451586,1.8550748333204181,802.5566192703319,2.2712816501757698,150.03942977162723,907.7172605398448,-3.7891098589975742,151.43793952297577,559.1157702911934,-2.390600107649028,150.49228431638178,108.17011508459944,-3.3362553142429983,0.2750744564116268,800.9766188934232,0.6912812732669785
161,1.61,0.8043261822159404,1701.517840869778,1.225880870207157,0.1276872356222894,1550.8412019231844,0.5492419236135062,0.20575887202855891,1300.9192735595905,0.6273135600197757,-2.467738319719334,1398.2457763678426,-2.046183631728117,0.6173123884887132,1201.3308270760506,1.03886707647993,-0.010311635444237216,1100.7032030521177,0.41124305254697957,0.3529487062196248,1001.0664633937816,0.7745033942108417,-197.79877002740022,1497.576849900333,-0.7799404410092365,-353.711038392532,1394.6555874054739,1.9030060003897218,-445.47151956478257,1204.3667535867335,3.2203918777564238,-499.8370745577219,1048.1068530363966,-0.550303722779849,-0.9951418620198037,801.209362438543,-0.40567648829709013,-1.097264355371089,799.6162503321909,-0.6757096673798723,-0.5948104432429583,800.118704244319,-0.17325575525174153,1.0444788591135419,801.7579935466755,1.4660335471047587,0.4565726922248696,801.1700873797869,0.8781273802160865,203.95332159064486,1498.4848376837508,0.1280473424086359,351.55767346811695,1404.1266122553552,-1.103838414292847,447.0011298172724,1196.4622744177225,-2.3048980971889623,501.6784561178524,1054.4253509454534,1.5336596781200296,-2.137852794612112,794.9294409278274,3.6816064167657276,0.6931410954963251,801.4066557830583,1.1146957834875417,-0.4505852338297423,800.2629294537322,-0.02903054583852549,1.1680846523163828,801.8815993398783,1.5896393403075995,-0.21464364828953741,800.4988710392724,0.2069110397016794,-151.10025311026118,891.3879559537738,2.7707780731058778,-150.13891558834047,542.3492934756945,3.732115595026593,-148.98476068355347,93.50344838048156,4.886270499813602,0.21822035025739506,800.9317350378194,0.6397750382486118,149.98783153877122,907.4996224747363,-3.8831996445958548,151.26801030110474,558.7798012370698,-2.603020882262321,151.3093464012465,108.8211373372115,-2.5616847821205533,-0.7645720938149515,799.948942593747,-0.34301740582373474
162,1.62,1.1218020980023324,1701.847193302843,1.548611061173581,-0.5506868802976582,1550.1747043245427,-0.12387791712640961,2.383142161337584,1303.108533366178,2.8099511245088324,1.1129552072305617,1401.8383464120711,1.5397641704018104,0.18668840846840676,1200.9120796133088,0.6134973716396553,-1.830603332212066,1098.8947878726285,-1.4037943690408174,0.5480762624370733,1001.2734674672776,0.9748852256083218,-198.09910773301286,1497.220697949079,-1.1923230705624337,-353.5998725811414,1394.8078505403466,2.239828230606106,-444.4959343667692,1205.4392603224917,4.143655867670727,-500.03850024775403,1047.3403222051345,-1.2521965862523294,-1.7215519598815354,800.5321272821285,-1.5934904765423925,-0.5140400055134314,800.211351199327,-0.08723104234218282,0.766394021158911,801.4917852259994,1.1932029843301595,-0.7934870783657216,799.9319041264748,-0.366678115194473,0.5818299563747312,801.3072211612152,1.0086389195459797,204.07313032323952,1498.586543607822,0.17352258818050204,354.2150163281523,1406.5956569220214,1.539999854872657,445.82035601375105,1195.2857334136672,-3.783832044389774,503.9264833786609,1056.800940772441,3.8923239475713562,-5.4320714550241,791.5886541803884,0.4475957375185313,-0.8444066828803931,799.8809845219602,-0.4175977197091445,-0.101115051974664,800.6242761528658,0.3256939111965846,0.6866894276618974,801.4120806325024,1.1134983908331462,0.11872238756160824,800.8441135924021,0.5455313507328569,-150.47029614925933,892.1885361366395,3.4320898766858248,-151.663516249224,540.9953160366748,2.2388697767211574,-150.23266327808204,92.42616900781672,3.6697227478631085,-0.0073345186648035715,800.7180566861757,0.419474444506445,150.0159451131052,907.3571128272065,-3.8864409128399666,150.119230940415,557.4603986545163,-3.783155085530158,150.19327372175815,107.53444143585938,-3.7091123041870144,-0.4526704363866174,800.2727207684538,-0.025861473215368802
163,1.63,-0.6764600633735736,1700.0607087174158,-0.24449355031822062,0.25473594280376566,1550.991904723593,0.6867024558591186,-0.02429988660921903,1300.71286889418,0.4076666264461339,-1.5035883777573238,1399.233580403032,-1.0716218647019708,-0.813608023650434,1199.9235607571388,-0.3816415105950811,-0.48488576524202326,1100.2522830155472,-0.052919252186670374,0.6428480504980171,1001.3800168312873,1.0748145635533701,-197.38401790589467,1497.8854132844033,-0.5858317146205496,-354.6417984996693,1393.8013023862436,1.401611993106814,-445.0167992313603,1205.0240664275195,3.57803144661098,-498.3717450183325,1048.4537540644624,-0.07641649831286013,-0.2825642302610587,802.0064540112056,-0.620729994552291,-1.4358750386569339,799.3012937421323,-1.003908525601581,1.0767906325439662,801.8139594133332,1.5087571455993192,-0.010481063852448791,800.7266877169368,0.4214854492029041,-2.297843215943882,798.4393255648454,-1.8658767028885292,202.67189859707054,1497.1737947546985,-1.2974502443253453,352.795889150852,1404.9908828923685,0.11862270690648635,447.26616298188407,1196.730837822922,-2.6396742466392986,502.52206844485835,1055.5354701040253,2.6081169646442963,-3.0897683337193866,793.872924095173,2.8071454228404202,0.4054370789238736,801.1426058597132,0.8374035919792264,1.321459178207009,802.0586279589962,1.753425691262362,-1.4822759003366541,799.2548928804526,-1.0503093872813012,-1.5900378574164151,799.1471309233729,-1.1580713443610622,-149.78341250980054,893.0502488001757,4.1390120390101615,-149.1045828419585,543.7290784680177,4.817841706852211,-150.1687215321147,92.66493977786159,3.753703016696016,-0.11609976375404991,800.6210690170352,0.315866749301303,152.93454203404156,910.1008807240653,-0.9878825147691552,149.71667888162844,556.8830175716522,-4.205745667182276,150.00496114506896,107.17129983509268,-3.9174634037417464,1.1826909305438966,801.9198597113332,1.6146574435992496
164,1.64,0.9122584026816827,1701.6611006201113,1.3492826318009867,-0.05587535835995374,1550.6929668590697,0.38114887075935044,1.0795658800189014,1301.8284080974486,1.5165901091382055,-0.2809769609010258,1400.4678652565287,0.15604726821827836,1.1221342378598353,1201.8709764552896,1.5591584669791394,1.2125149782667914,1101.9613571956966,1.6495392073860955,0.5452639057648967,1001.2941061231945,0.9822881348842009,-196.79999827142106,1498.424585424629,-0.10682726676665011,-354.43690147995807,1394.0356721413746,1.7875771163065541,-445.70389156161696,1204.4513465834234,2.853942588497099,-499.8460166703789,1046.4410413820087,-2.0285249656244586,-2.225288978523059,800.0867999113937,-3.031022795229131,0.8732302003666496,801.6220724177963,1.3102544294859537,-0.7776332933551845,799.9712089240745,-0.34060906423588033,0.8451156916718289,801.5939579091015,1.282139920791133,-1.0661412559403887,799.6827009614893,-0.6291170268210846,201.88091824580977,1496.3779149833094,-2.153497708086333,354.16386691189655,1406.1765501293457,1.495733719556902,449.19146907266304,1198.6509467326139,-1.0183783384343366,503.83960317625554,1057.0025284219748,4.054520505161184,-4.1813132725244,792.7122526100082,1.6899008933535706,0.9427588972547783,801.6916011146844,1.3797831263740825,1.4304479975913784,802.1792902150211,1.8674722267106825,2.4849347554982724,803.2337769729279,2.9219589846175764,1.295017954454027,802.0438601718837,1.732042183573331,-150.22728146704603,892.7850449249236,3.703720017621033,-150.8614748022206,542.150851589749,3.0695266824464635,-149.37909904519316,93.63322734677634,4.551902439473897,-0.3474168426002328,800.4014253748295,0.08960738651907135,151.63307847566722,908.6207520836978,-2.2979230089998537,152.53942692177955,559.5271005298101,-1.3915745628875147,152.27431406815782,109.26198767618833,-1.656687416509231,-0.0011383880167420701,800.7477038294129,0.43588584110256207
165,1.65,0.3997725174131643,1701.1601788462824,0.8417515424872024,-0.17060295640958487,1550.5898033724598,0.2713760686644533,-0.6045890994429828,1300.1558172294262,-0.16261007436894465,-0.9794332219932135,1399.780973106876,-0.5374541969191753,-0.1144069325539572,1200.6459993963153,0.327572092520081,0.007688427101321903,1100.7680947559707,0.4496674521753601,0.10889229630003973,1000.8692986251692,0.5508713213740779,-198.19027968417157,1496.9950640844247,-1.5984082312630747,-355.7980773970857,1392.6979250702764,0.58421837628685,-446.5986942269942,1203.679518522701,1.9300700747066049,-497.7154927990303,1048.0510086181916,-0.3591585842323626,-0.36714456798268125,801.957402772295,-1.6382681140323676,-0.24295712522585133,800.5174492036433,0.19902189984818686,-0.4900806471110393,800.2703256817581,-0.048101622037001135,0.3533494525465744,801.1137557814156,0.7953284776206127,0.8900689302900119,801.6504752591592,1.33204795536405,200.95093351242866,1495.4496723374748,-3.1437999782130266,355.2678165590998,1407.102174193503,2.6202809055822955,448.6410973566099,1198.0913544670136,-1.8739775570090862,504.0621409528906,1057.3841785355348,4.41354743814737,-3.2350871040612055,793.5788252616103,2.5678243861998022,1.0919707214733199,801.8523770503424,1.5339497465473582,1.44342807241361,802.2038344012827,1.8854070974876482,-0.02910107378325374,800.7313052550859,0.4128779512907844,0.15640980442973546,800.9168161332989,0.5983888295037736,-152.4815526839839,890.7129140898832,1.446453964976586,-151.96513754513742,541.2293292287296,1.9628691038230461,-150.87398855815442,92.32047821571268,3.0540180908060615,0.971574766512555,801.7319810953817,1.4135537915865932,151.48756847307456,908.2931016992075,-2.4404381758859275,152.48622484310852,559.2917580692414,-1.4417818058519543,151.86797668156532,108.6735099076982,-2.0600299673951676,0.3660934097003417,801.1264997385695,0.80807243477438
166,1.66,0.7511635798900584,1701.5230195231975,1.1979914181703752,0.5640594659341002,1551.3359154092416,1.0108873042144169,-0.02018020555224797,1300.7516757377552,0.4266476327280687,-1.1539038922537974,1399.6179520510536,-0.7070760539734808,-0.013264649663921121,1200.7585912936436,0.43356318861639553,-0.888062573170402,1099.883793370137,-0.44123473489008536,-0.16629514238157592,1000.605560800926,0.28053269589874075,-198.2114157295695,1496.940369442054,-1.7170005021049803,-354.76934642868196,1393.74394933612,1.746993805845663,-446.15084577410613,1204.258792529486,2.3569005810540107,-499.08331139439963,1046.1833991683238,-2.168047091157571,0.09333342866423969,802.4214523350647,-1.6374734707458005,-0.0030166246070005235,800.7688393187005,0.44381121367331616,-0.1355943495127983,800.6362615937948,0.3112334887675184,0.3943442640115342,801.1662002073191,0.8411721022918509,-0.8199368304528951,799.9519191128547,-0.3731089921725784,201.53910864787576,1496.0462465941443,-2.6111233500145903,354.90232552871356,1406.5629523366192,2.2868845347414894,449.44764953225115,1198.8851617643916,-1.372715168155291,503.4228223936641,1056.9123902421304,3.917176092930802,-2.962842325197006,793.7616456042388,2.729830583263146,-0.04849464188349281,800.7233613014241,0.39833319639682385,-0.2426037633455026,800.5292521799621,0.2042240749348141,-0.7784261840450509,799.9934297592625,-0.33159834576473424,0.3545269870172739,801.1263829303249,0.8013548252975906,-150.86608558274412,892.5136461851141,3.0472799848137564,-149.77887014214565,543.6008616257126,4.13449542541224,-151.43499647760922,91.94473529024904,2.4783690899486683,-0.9503592427791774,799.8214967005284,-0.5035314044988607,150.31472868498895,906.9349969171307,-3.598636882568949,149.0277808054175,555.6480490375593,-4.885584762140377,151.32579433599506,107.9460625681368,-2.5875712315628445,-0.09236006000381354,800.6794958833037,0.3544677782765031
167,1.67,1.7014588548195497,1702.484644759862,2.1530264859777195,0.676102109473572,1551.459288014516,1.1276697406317415,1.588065742502956,1302.3712516475455,2.039633373661126,1.0390892790716648,1401.8222751841142,1.4906569102298344,-0.8455959927348788,1199.9375899123077,-0.39402836157670934,-0.45995225867439826,1100.323233646368,-0.008384627516228704,-0.1418007848571631,1000.6413851201854,0.3097668463010065,-196.84424593338395,1498.2797288072838,-0.44332074370847985,-354.5323559090652,1393.9920535067567,2.093823576602147,-445.7355727700839,1204.8137390464856,2.759293806679365,-498.6420487141084,1046.1483763078481,-2.1445175964422547,0.20660299169302898,802.5311811031214,-1.9746717972610053,0.8187544582429785,801.6019403632855,1.270322089401148,1.452187314915381,802.235373219958,1.9037549460735506,0.991583742975908,801.7747696480185,1.4431513741340776,0.1769948157100974,800.9601807207526,0.6285624468682669,201.65912126408946,1496.1813225765793,-2.5417269744130824,355.3630681088535,1406.8551276401804,2.79120300280227,448.57661053211956,1197.9983775187109,-2.547944260187019,501.8557348803004,1055.5199096336441,2.4982198201155463,-2.8801284626961,793.7461030093996,2.6613549774360585,-0.32792633113038955,800.4552595739121,0.12364130002778001,1.1019777849170205,801.8851636899597,1.55354541607519,-1.2720333048746177,799.511152600168,-0.8204656737164482,1.2233189867046363,802.0065048917472,1.674886617862806,-150.5488125650512,893.0189692119791,3.338227423595539,-149.4444601933872,544.1233215836431,4.442579795259557,-150.38506825510598,93.18271352192433,3.501971733540768,0.30521793391046564,801.088403838953,0.7567855650686353,151.87546809067314,908.3076863136429,-2.011571897973612,150.90205929373494,557.3342775167047,-2.9849806949118083,152.81308816435518,109.24530638732489,-1.0739518242915542,-1.0704317932937912,799.7127541117488,-0.6188641621356217
168,1.68,-0.24346639030158684,1700.5509246861716,0.21272900228896058,-0.5000681187484781,1550.2943229577247,-0.04387272615793064,-0.586887437907994,1300.2075036385652,-0.13069204531744655,-0.44354816707970557,1400.3508429093936,0.012647225510841853,-0.42157111197136266,1200.372819964502,0.034624280619184766,0.7339409379550942,1101.5283320144283,1.1901363305456416,-0.1980345382164163,1000.5963565382568,0.2581608543741311,-196.70161348588496,1498.40035878336,-0.3900942797864929,-352.09828346313435,1396.431063548149,4.6131882634026065,-444.76386540061344,1205.9331132674715,3.726306524948621,-499.0865686685091,1045.2536537767,-2.980369024713072,0.07009129213118459,802.3858196664562,-2.54897370163754,-0.6726590811875016,800.1217319952858,-0.21646368859695414,0.48420482375243007,801.2785959002257,0.9404002163429774,-0.38823528988157857,800.4061557865917,0.06796010270896885,-1.15483931160491,799.6395517648683,-0.6986439190143627,204.16371109699583,1498.7076388882094,-0.08281417493707521,355.3523162070191,1406.681497764125,2.835443307658461,449.53849426308716,1198.9420615359968,-1.8879864523892418,499.90023261448374,1053.7445906908342,0.6946583867785021,-2.8958455250728834,793.6244105135768,2.4547916405335615,1.081929353974133,801.8763204304474,1.5381247465646803,-0.8766746308908138,799.9177164455824,-0.4204792383002663,-0.22063331079271004,800.5737577656805,0.23556208179783739,-0.5897456330271156,800.2046454434461,-0.1335502404365681,-150.55456385875434,893.2037253904265,3.2944644175321143,-151.38696331604663,542.3713259331342,2.462064960239836,-150.04878436528932,93.70950488389155,3.8002439109971364,-0.36838058503528137,800.426010491438,0.08781480755526605,151.25232636689103,907.4940371177101,-2.5967019093954367,152.85501342800453,559.0967241788237,-0.9940148482819315,151.11625161184665,107.35796236266579,-2.732776664439801,0.8178122975684934,801.6122033740418,1.274007690159041
169,1.69,-0.7179338544078188,1700.0875324856934,-0.2572257150872245,-0.5578077230662901,1550.2476586170349,-0.09709958374569588,1.5916323957111573,1302.3970987358123,2.052340535031752,0.27228218707156593,1401.0777485271728,0.7329903263921602,-0.8358937491102889,1199.969572590991,-0.3751856097896947,0.45248890489516314,1101.2579552449963,0.9131970442157573,0.9808217806942797,1001.7862881207956,1.441529920014874,-196.90054034540069,1498.185290058469,-0.6742303549341535,-355.4100033276738,1393.1181563971152,1.3619635788363345,-445.56244467608366,1205.2898883623295,2.931225204357396,-498.03915396705213,1045.8793459213098,-2.2950268138127217,-0.26203429087248475,802.0413472355245,-3.302824135061035,-0.32035961426928194,800.4851067258321,0.14034852505131235,-1.2312494533653764,799.5742168867359,-0.7705413140447821,-0.594719095896122,800.2107472442052,-0.1340109565755278,0.6188696854565178,801.4243360255579,1.079577824777112,203.05069251795672,1497.6230004056806,-1.2365200077226444,353.93698412334317,1405.1094579150085,1.4864057364739351,448.10527536189744,1197.4887531998008,-3.6197046199616856,502.2233948473117,1056.2518667035542,3.1721087442241176,-3.2060495475144917,793.2017887852737,1.915676464131725,-1.1287157591688748,799.6767505809324,-0.6680076198482805,-0.855783893735933,799.9496824463654,-0.39507575441533876,-0.15423749163704198,800.6512288484643,0.30647064768355226,0.47706643130954884,801.2825327714108,0.937774570630143,-152.39663007953553,891.5543094808259,1.4027356039094607,-151.8479499631704,542.1029895971909,1.9514157202745919,-151.82663290727336,92.12430665308796,1.9727327761716404,-0.7254914101487663,800.0799749299525,-0.26478327082817205,151.58741677585095,907.6364772154895,-2.211948907594054,150.96620842683228,557.0152688664709,-2.8331572566127092,152.58509762682246,108.63415806646114,-1.2142680566225477,0.4133378395931684,801.2188041796945,0.8740459789137627
170,1.7,-0.8570744542393529,1699.959332146289,-0.39197153689737874,-0.30405799501286157,1550.5123486055154,0.16104492232911255,0.5804652743335458,1301.3968718748617,1.04556819167552,-0.09873998856764767,1400.7176666119606,0.36636292877432647,-0.2121629215074627,1200.6042436790208,0.25293999583451143,-0.2715503568291069,1100.544856243699,0.19355256051286726,0.4776895824763936,1001.2940961830045,0.9427924998183678,-198.3596064573363,1496.7159880908098,-2.2142015047644437,-353.02630802073384,1395.4946379533276,3.781199413971269,-446.17379606848885,1204.8412225114191,2.3315323774343253,-496.5529509011859,1046.9745056744105,-1.139009557592867,0.2113581997655929,802.5006955506999,-3.231805260426577,-1.0072066669515491,799.8091999335766,-0.5421037496095751,-0.14019598000693315,800.6762106205213,0.324906937335041,0.4618025256627204,801.2782091261909,0.9269054430046946,0.7816311688196346,801.5980377693478,1.2467340861616087,203.31626935107755,1497.923593088558,-1.0065965070162401,354.9952220608995,1406.017592771526,2.6220774966144247,448.45095174620815,1197.813030840072,-3.5679448378335943,503.60028540672124,1057.8150245256684,4.7040981807387805,0.043982643128920085,796.3343891789993,4.900608844324585,0.3382098942525228,801.1546164947807,0.803312811594497,-2.171921734938307,798.6444848655899,-1.7068188175963326,0.03586950810931597,800.8522761086375,0.5009724254512902,-0.1553891783681241,800.6610174221601,0.30971373897385,-152.0179164877583,892.1275153373099,1.7202080150117776,-151.58172223615102,542.5637095889173,2.156402266619073,-152.07599694854875,92.06943487651944,1.6621275542213425,2.270866190539124,803.0872727910673,2.735969107881098,150.54762649016553,906.4021946650972,-3.1904980126045697,150.98503376381873,556.8396019387504,-2.753090738951357,151.58460145087597,107.43916962580776,-2.1535230518941297,2.018561686054088,802.8349682865822,2.483664603396062
171,1.71,-0.8076608068802359,1700.0195459795689,-0.33828400359857064,-2.145160598673368,1548.6820461877758,-1.6757837953917025,-0.5796516487161824,1300.2475551377331,-0.1102748454345171,0.35590519408946775,1401.1831119805388,0.825281997371133,1.4671060817167676,1202.294312868166,1.9364828849984328,-0.40357352104456024,1100.4236332654048,0.06580328223710497,-2.7197813216091937,998.10742546484,-2.2504045183275285,-197.06137825424926,1498.0099245218244,-0.992472199979933,-353.36458512067844,1395.1432657305625,3.453443421797789,-446.305628093918,1204.8790012328116,2.219448242676555,-496.8323119168237,1046.3367663624201,-1.7142915717675244,1.2782150152568836,803.5535783538926,-2.5448133029271673,-1.0260848993075724,799.8011218871417,-0.5567080960259072,-0.2947224305867322,800.5324843558625,0.174654372694933,-0.20791988782132187,800.6192868986279,0.26145691546034333,0.5852873651437884,801.412494151593,1.0546641684254536,200.9822069454979,1495.6311560548313,-3.3712406669729895,352.9345973535211,1403.8138563534942,0.6498142713988293,446.843470928982,1196.1834347876775,-5.4636145580695175,501.4469361980422,1055.8482042087944,2.7050624098886256,-0.12022047048439077,796.0493060726886,4.437262013607347,-1.3064555150393276,799.52075127141,-0.8370787117576624,1.4321498312973353,802.2593566177466,1.9015266345790005,-0.34144809101290563,800.4857586954363,0.12792871226875963,-0.23910973072566893,800.5880970557236,0.2302670725559963,-150.55777232952548,893.7837073007863,3.1076417642419814,-150.809616186927,543.5318634433847,2.8557979068404515,-151.32790431250515,93.01357531780658,2.3375097812623142,0.30371411086677247,801.130920897316,0.7730909141484377,151.59711671336876,907.255637083057,-2.0682973803987035,151.1983913468265,556.8569117165148,-2.467022746940954,150.53059906662418,106.18911943631247,-3.1348150271432735,-0.987454792096832,799.8397519943524,-0.5180779888151668
172,1.72,-0.15971708183878663,1700.6781447708036,0.31380982393587176,-1.4539974993447897,1549.3838643532977,-0.9804705935701314,0.47884142178387595,1301.3167032744261,0.9523683275585344,-0.021185841411863027,1400.8166760112306,0.45234106436279536,-1.3250365720043134,1199.512825280638,-0.8515096662296551,-0.4429078775055325,1100.3949539751368,0.03061902826912588,0.49998515551069195,1001.3378470081531,0.9735120612853503,-197.28600193940883,1497.7869838153154,-1.289092266609127,-353.9100565220629,1394.5790088026474,2.893501775617764,-445.788632824636,1205.572078015759,2.7641705145998263,-496.30543992560956,1046.539683519951,-1.4469651735204734,0.43822725627125303,802.7014021055669,-3.7391536688483367,-0.9188501479713838,799.919011704671,-0.4453232421967253,-1.1462681437696298,799.6915937088727,-0.6727412379949715,0.9196576675618507,801.7575195202043,1.3931845733365091,0.8389755877521446,801.6768374403945,1.312502493526803,201.9131410657967,1496.6102904853772,-2.4657855965472226,353.881369210997,1404.6248456388269,1.6956155002493007,450.65679542578437,1199.9745294588704,-1.9316216738050138,499.43574807547407,1054.0218172685613,0.8457618572819248,-2.6130090518167135,793.4338776905129,1.6136812318689497,0.8685131016675495,801.7063749543099,1.3420400074422079,-0.8679074075345633,799.9699544451078,-0.39438050175990486,0.4795772357374913,801.3174390883798,0.9531041415121497,-0.7852986923900341,800.0525631602524,-0.3117717866153757,-152.1590152097074,892.3797964814034,1.422365575782166,-150.32335988656558,544.2154518045453,3.258020898924009,-150.72508189585454,93.81372979525638,2.8562988896350427,0.4616134468289365,801.2994752994713,0.9351403526035948,151.0919806917072,906.5531690005963,-2.489400093782382,150.4646235997017,555.9258119085907,-3.1167571857878906,153.1366670486868,108.59785535757588,-0.4447137368027829,0.6499900857143395,801.4878519383567,1.123516991488998
173,1.73,0.19984933324959672,1701.0482161152006,0.6773997000795773,1.1229993966146892,1551.9713661785656,1.6005497634446697,0.7681115605786741,1301.6164783425297,1.2456619274086547,-1.2618804458550954,1399.586486336096,-0.7843300790251148,-1.5593927021744498,1199.2889740797764,-1.081842335344469,-0.9373566101340349,1099.911010171817,-0.4598062433040544,0.06807513116151459,1000.9164419131124,0.5456254979914952,-196.38372383809167,1498.6969428383234,-0.4542173664702214,-352.4643141235669,1396.000511092462,4.299903147868832,-445.02187904676833,1206.5208825407542,3.5664818042016684,-496.63071125233887,1045.926399927767,-1.9935794305755232,3.274807350227145,805.5292232165497,-1.228589035227648,-0.5504287958356816,800.2979379861152,-0.07287842900570102,-0.20150016929063763,800.6468666126603,0.2760501975393429,0.22560864931816774,801.0739754312691,0.7031590161481482,1.3003226863241963,802.1486894682752,1.777873053154177,203.79615683304482,1498.5480385899102,-0.60312161488326,355.74783290104455,1406.3631438515956,3.6714693014879334,451.25774445099944,1200.553741680734,-1.6040372562077851,500.35609894055824,1055.1231732835345,1.9139058579521255,0.10445185592064243,796.0287333283272,3.9713277670373097,-0.3394284081354281,800.5089383738156,0.13812195869455246,-0.2210667658577367,800.6273000160932,0.2564836009722439,-0.4560542934823044,800.3923124884686,0.021496073347676115,1.3918554482324916,802.2402222301835,1.8694058150624722,-151.75789850296962,892.979273922328,1.728309151304871,-150.9747334541945,543.762438971103,2.5114742000799697,-150.76989010817633,93.96728231712127,2.7163175460981592,0.9168116585164133,801.7651784404674,1.394362025346394,150.79912201064457,906.061949585347,-2.6870856436299224,149.9538738821665,555.2167014568689,-3.532333772107993,152.3798118139334,107.64263938863581,-1.1063958403410772,-1.2875770135186837,799.5607897684323,-0.8100266466887031
174,1.74,0.12501045778084313,1700.9837270450425,0.6064548209683196,1.3564596805349813,1552.2151762677968,1.8379040437224579,0.43561770437930275,1301.294334291641,0.9170620675667793,0.7726288758862518,1401.631345463148,1.2540732390737284,1.2000420331280737,1202.0587586203899,1.6814863963155502,1.3298268589063236,1102.188543446168,1.8112712220938,-0.14084914241748164,1000.7178674448442,0.3405952207699949,-197.79685196335285,1497.2975092371519,-1.9300706844232707,-353.5806489607748,1394.8547609957602,3.1195688986180654,-444.50429112595805,1207.225943419176,4.12727146501801,-498.0342970352685,1044.2720141550199,-3.5787750728703296,-0.4688159866872903,801.7818245383817,-5.2672676414383055,-0.47032724237193274,800.3883893448897,0.01111712081554378,-0.38504495726190907,800.4736716299997,0.09639940592556745,-0.6850268738774095,800.1736897133842,-0.203582510689933,-1.180677980064251,799.6780386071973,-0.6992336168767745,203.25809590096944,1498.07119081888,-1.1563891026949693,354.1250043786624,1404.6200044344519,2.1680380463700595,449.6562890351621,1198.9316524050232,-3.469804814850219,500.5264851832208,1055.4686407760405,2.2263107283021277,-1.4195640081525323,794.38402930621,2.0613110063167914,1.0177136504665483,801.8764302377282,1.4991580136540248,-0.9433031693516294,799.91541341791,-0.4618588061641529,-1.8654789671325978,798.993237620129,-1.3840346039451212,-0.46196129768418775,800.3967552895774,0.019483065503288766,-150.07875186409063,894.8575705817591,3.301362312423872,-151.4054892050178,543.530833240832,1.974624971496692,-152.77879093281123,92.15753151303845,0.6013232437032601,-1.4032262124028663,799.4554903748588,-0.9217818492153897,152.15773579486893,907.2214133490193,-1.2223783816455756,152.4443326723037,557.508010226454,-0.9357815042108256,151.3881211647338,106.45179871888409,-1.9919930117807072,0.0176006492895959,800.8763172365512,0.49904501247707245
175,1.75,0.6036739055962137,1701.4725802190699,1.0888800132610021,-0.36492345413694816,1550.5039828593367,0.1202826535278404,-1.5539932664376181,1299.314913047036,-1.0687871587728297,-0.5851719433813889,1400.2837343700921,-0.09996583571660034,-0.32918232797288716,1200.5397239855008,0.1560237796919014,-0.4308794408264135,1100.4380268726472,0.054326666838375004,-0.4904576263162048,1000.3784486871574,-0.00525151865141632,-198.73534701050752,1496.3787303944055,-2.926534036477655,-353.41831907392157,1394.982822055208,3.193544186933469,-446.25077881625043,1205.671760211649,2.431406666305536,-497.3053234824503,1044.788412283243,-2.990455865422995,1.8262978011114466,804.0795933898373,-3.233849482766512,0.11897791727233412,800.987884230746,0.6041840249371226,-0.4662602897916507,800.402646023682,0.01894581787313787,0.16375460559381996,801.0326609190674,0.6489607132586085,-0.8505957565724339,800.0183105569012,-0.36538964890764536,202.86546545157069,1497.7461949056235,-1.5590695252597677,352.74978268643486,1403.1325130306457,0.921821905050662,450.2076793531036,1199.4641206154845,-3.1726172745244083,499.4258700966419,1054.5350158308713,1.2602651859012075,-0.674959152145883,795.0118152224389,2.3967502919518977,0.30148046218376656,801.1703867756574,0.7866865698485551,0.48485770496091873,801.3537640184345,0.9700638126257073,-0.2752163646208847,800.5936899488528,0.2099897430439038,0.48872680366992416,801.3576331171436,0.9739329113347127,-151.5430193253463,893.5930196439747,1.7203364315311092,-150.151789406726,544.984249562595,3.1115663501514046,-149.77955453964302,95.35648442967806,3.4838012172344097,1.436271699673621,802.3051780131473,1.9214778073384093,150.116062972323,904.980024003002,-3.1472927845544225,149.8413567843771,554.7053178150561,-3.4219989725003286,152.15445413358054,107.0184151642595,-1.1089016232968665,0.7380649116206404,801.6069712250943,1.2232710192854288
176,1.76,-0.14581905038763177,1700.733111989074,0.34301380010632665,0.3613805136724417,1551.240311553134,0.8502133641664,-0.8119442113201297,1300.0669868281414,-0.32311136082617137,-1.5584444618715239,1399.3204865775901,-1.0696116113775656,-0.7596862178716729,1200.11924482159,-0.27085336737771454,0.9379219156651988,1101.8168529551267,1.426754766159157,0.854180694909664,1001.7331117343713,1.3430135454036223,-196.57224394490927,1498.5675718025561,-0.8165695631838187,-353.65451660773704,1394.7078641939454,2.8450295126148406,-446.2507618479189,1205.8682808828412,2.489208853688575,-497.70297202497744,1044.217161834188,-3.4868973986315606,2.407348394035995,804.6710524307869,-2.8789790755155718,-0.9596160063154575,799.9193150331462,-0.47078315582149916,-0.524163983721378,800.3547670557402,-0.03533113322741954,-0.969950450878028,799.9089805885835,-0.48111760038406964,0.6502684601956672,801.5291994996572,1.1391013106896255,203.49999907640853,1498.4547168049542,-0.9294245607859536,356.1852732225881,1406.4639105730946,4.495483457563949,450.0381256956695,1199.2779608768653,-3.5852402186838783,497.82504068878404,1053.0908996920396,-0.2150956228574823,-0.572334258808645,795.0034924738931,2.070228469091727,-1.258418960133485,799.6205120793281,-0.7695861096395267,-0.49559104772335416,800.3833399917382,-0.0067581972293958015,-2.2882506411136982,798.5906803983479,-1.79941779061974,-1.8450274018024906,799.0339036376591,-1.3561945513085323,-152.15113681669285,893.1849793225914,0.9850863161523482,-151.77859291838877,543.5575232208954,1.357630214456437,-152.07408852909958,93.26202761018463,1.0621346037456416,-2.415582213723316,798.4633488257383,-1.9267493632293577,152.00533873052515,906.6692225912409,-1.130884402320072,151.71958439954028,556.3834682602561,-1.416638733304927,151.1337070020443,105.79759086276007,-2.0025161308009234,-2.0224423575645862,798.856488681897,-1.5336095070706277
177,1.77,1.133986148195811,1702.0227720282246,1.6263080288429166,0.10593061784340846,1550.9947164978723,0.5982524984905141,-0.39696129324212825,1300.4918245867868,0.09536058740497738,-0.5594981661150953,1400.3292877139138,-0.0671762854679896,0.7617196974106948,1201.6505055774396,1.2540415780578003,1.194989925484432,1102.0837758055134,1.6873118061315378,0.6785792946647979,1001.5673651746937,1.1709011753119036,-199.45803617804285,1495.7135328590978,-3.7506040031813024,-352.32940766703615,1395.9901219923709,4.034339170513245,-447.46290188090927,1204.856172098515,1.3417230059157612,-495.8230761987076,1045.9629111147312,-1.6633500634836553,2.934796439682075,805.2178463601991,-2.540301800641561,0.11347488707995479,801.0022607671089,0.6057967677270604,1.1500596722681489,802.0388455522971,1.6423815529152546,0.6780411002755766,801.5668269803044,1.1703629809226823,0.8430032734079589,801.7317891534368,1.3353251540550646,204.45329844497715,1499.4882824295512,0.024145567272322532,354.80367125145665,1404.9864768547832,3.2607327399111155,451.33852740432826,1200.5646688604224,-2.515787063417938,499.7618960589998,1055.1720083176067,1.8365155150018746,-0.8287466711207587,794.6440355617165,1.3680076900522082,1.107970437623745,801.9967563176526,1.6002923182708506,-1.3485297226354283,799.5402561573934,-0.8562078419883226,0.14419904655647653,801.0329849265853,0.6365209272035821,0.8877951554750336,801.7765810355039,1.3801170361221393,-152.27802767314836,893.2583375909105,0.7210139837306712,-150.56034464744153,544.9760206166173,2.438697009437502,-151.72673054917146,93.80963471488741,1.2723111077075642,-0.8660842902804424,800.0227015897484,-0.37376240963333673,152.10420957216942,906.5678443081106,-0.8948320847095896,152.28609359545362,556.7497283313947,-0.7129480614254016,152.23440618352532,106.69804091946646,-0.7646354733536984,-0.35863374806322107,800.5301521319657,0.13368813258388457
178,1.78,-0.42899754884400954,1700.4694684390088,0.06667297830660168,2.5801863286798645,1553.4786523165326,3.0758568558304757,-0.25779648511989073,1300.6406695027329,0.2378740420307205,1.1598774126410305,1402.0583434004939,1.6555479397916417,-0.7358603846930267,1200.1626056031598,-0.2401898575424155,0.7076734094033151,1101.6061393972561,1.2033439365539262,-0.8863962999710973,1000.0120696878818,-0.39072577282048604,-197.7799564480419,1497.4293659672471,-2.115809662878708,-352.25416990347304,1396.0188550409523,3.9508616491413724,-444.7992669464846,1207.7226572338398,4.076554559765975,-498.14394961971794,1043.5475596398269,-3.9978705339080953,1.8019092885948025,804.1142739177916,-3.82293433340071,0.24569476344105606,801.1441607512938,0.7413652905916672,-0.5181392034203129,800.3803267844326,-0.02246867626970167,-1.4482434748231854,799.4502225130296,-0.9525729476725743,-0.797715057144582,800.1007509307083,-0.3020445299939708,202.7673453896608,1497.8887898135706,-1.6563858165553564,354.8934173491521,1404.9886862719022,3.5054844126676272,452.2801926955036,1201.4961377881884,-1.792003218695917,498.86226737280833,1054.4020137331945,1.03937499200663,0.9329946522042817,796.3126764560463,2.670707776977856,1.2053143408551072,802.1037803287079,1.7009848680057185,0.20668990883760546,801.1051558966905,0.7023604359882167,-1.0721766061842208,799.8262893816686,-0.5765060790336096,0.7561836414315036,801.6546496292843,1.2518541685821147,-151.17398347946636,894.5626314888884,1.67818697849113,-151.73268739460917,544.0039275737456,1.1194830633483104,-152.28581980008207,93.45079516827276,0.5663506578754233,-0.6039349047908593,800.294531083062,-0.10826437764024816,150.68175156809693,904.9451365997421,-2.170418889860578,150.167327207082,554.4307122387272,-2.684843250875504,149.32146016733748,103.58484519898263,-3.530710290620025,-0.6976951595682073,800.2007708282846,-0.20202463241759605
179,1.79,2.240801765921725,1703.148768321341,2.7396779263089908,0.8002669362821875,1551.7082334917015,1.2991430966694535,0.35125440378667855,1301.259220959206,0.8501305641739446,0.557849083893212,1401.4658156393125,1.056725244280478,1.4360582581833108,1202.3440248136026,1.9349344185705768,-0.5958087654551751,1100.3121577899642,-0.09693260506790902,0.15899657440315001,1001.0669631298224,0.6578727347904161,-198.0126504680279,1497.2404028788544,-2.386778145538755,-353.60168360973955,1394.6216546018372,2.422366205624166,-447.9932658472707,1204.7335846134913,0.9599365268427618,-496.33479308032366,1045.3018516141303,-2.1597297614565005,3.7719200902706898,806.1244347862029,-1.9623195523685708,-0.628390448557971,800.2795761068612,-0.12951428817070498,-0.1626465333386935,800.7453200220806,0.33622962704857257,0.8925082627676348,801.8004748181869,1.3913844231549009,-0.8768479428019571,800.0311186126173,-0.3779717824146911,203.00970436530875,1498.2237116614333,-1.4034693629600274,353.21410858268376,1403.2301195355808,1.9887708441722065,449.96786958146294,1199.1776860181594,-4.308239014035633,500.88660137160605,1056.5392489261462,3.1524487369754364,0.44290399959271126,795.7414584983288,1.7118536522111905,0.5867073593303624,801.4946739147496,1.0855835197176285,-1.497707506338137,799.4102590490811,-0.9988313459508711,-0.060326164584711156,800.8476403908345,0.43854999580255494,-0.11965978474135885,800.7883067706779,0.3792163756459072,-152.65270794932243,893.2840033094938,0.04329353535036562,-151.06495407948313,544.871757179333,1.6310474051896573,-149.02437878934956,96.91233246946659,3.671622695323232,0.31620054446452367,801.2241670998837,0.8150767048517897,150.71457912667373,904.7778678678576,-1.9814223579990744,150.62103317935737,554.6843219205413,-2.0749683053154184,150.5350535413678,104.59834228255166,-2.160947943304988,-0.8391120524745412,800.0688545029446,-0.3402358920872751
180,1.8,0.3392797145401365,1701.256562531487,0.8412159079259582,-0.33894673078105897,1550.5783360861656,0.16298946260476288,-0.06388999760844064,1300.8533928193383,0.4380461957773812,-0.5376078194154423,1400.3796749975313,-0.035671626029620485,0.386312385756973,1201.3035952027037,0.8882485791427948,0.1395361828545794,1101.0568189998012,0.6414723762404012,-1.0983119595355264,999.818970857411,-0.5963757661497047,-197.9930285825219,1497.3097030393074,-2.4003720799082053,-354.01148649963517,1394.1594864107003,1.810045448070614,-445.87858611582544,1207.0544923732907,3.157793195417912,-496.4331370450454,1045.1879361815459,-2.186853761575911,1.5970015120325072,804.0011927722337,-4.205264542807431,-0.948073013624912,799.9692098033216,-0.44613682023909024,-0.2767091394974253,800.6405736774492,0.22522705388839648,0.06496796161775034,800.9822507785643,0.5669041550035722,-0.810813039385824,800.1064697775607,-0.30887684600000226,203.09740847171332,1498.4099814699807,-1.3000936492348585,354.22715915384913,1404.1721250801384,3.171404832651767,452.16740666053636,1201.3757145583263,-2.2977926002826585,499.1109234447162,1054.8576921123104,1.4503716760853853,0.1798628130177728,795.4112592596164,0.9738912879650163,-0.9092499769809669,800.0080328399656,-0.4073137835951451,-0.9774860512323111,799.9397967657143,-0.47554985784648934,0.9588465849237747,801.8761294018703,1.4607827783095966,-0.42806911797250097,800.489213698974,0.07386707541332085,-151.6491871419495,894.487330361861,0.8817712905472577,-151.52879108275414,544.6077264210563,1.0021673497426276,-151.20872117118358,94.92779633262691,1.3222372613132045,-0.026974458921030148,800.8903083580255,0.4749617344647917,151.225861661303,905.0893441574924,-1.3050967711937962,152.51844604399517,556.3819285401846,-0.012512388501603411,152.307918544301,106.17140104049054,-0.2230398881957677,0.12287048858504965,801.0401533055316,0.6248066819708715
181,1.81,-1.0116535911629918,1699.9147564591356,-0.5068055080655804,-1.1001981869287207,1549.82621186337,-0.5953501038313094,-1.4420217132274287,1299.484388337071,-0.9371736301300173,-0.5545437242749234,1400.3718663260238,-0.04969564117751213,-0.6793320577194699,1200.247077992579,-0.1744839746220586,-0.2619878361401621,1100.6644222141585,0.2428602469572492,-1.481868138698375,999.4445419116003,-0.9770200556009636,-197.7186978238067,1497.639621542584,-2.154157240171388,-352.7812908864888,1395.3351709169635,2.816995223531729,-447.47470718106615,1205.665098283141,1.6502287606484403,-495.71233827247823,1045.9318756866712,-1.3533159387784812,2.417018730213914,804.8849200173164,-3.411196941064797,-0.1636406616063466,800.7627693886923,0.3412074214910647,-0.6947269557189399,800.2316830945797,-0.18987887262152864,-0.3883166630487442,800.5380933872499,0.1165314200486671,-1.684797258027889,799.2416127922708,-1.1799491749304776,205.04961435329972,1500.4666485381904,0.6728697554347907,354.06262906181615,1403.9446487174116,3.1828105134794056,451.8053555296615,1201.0173062774609,-2.8333110595084334,499.1801273502743,1055.0002772676823,1.5767532208523785,-0.29162182247794877,794.8885280889261,0.024917944819425886,-0.5156243493100054,800.4107857009886,-0.010776266212594199,-2.13641199355181,798.7899980567468,-1.6315639104543989,-1.0940856161295376,799.8323244341691,-0.5892375330321262,0.11978821466387221,801.0461982649625,0.6246362977612835,-151.09475724734133,895.2411570808218,1.2627383109126469,-151.4449316932199,544.8909826349433,0.9125638650340975,-152.1605423014458,94.17537202671741,0.19695325680821885,-0.3903450570168915,800.5360649932817,0.11450302608051982,151.64849731824836,905.3125829900852,-0.7089982400056292,151.8742672770367,555.5383529488735,-0.48322828121729183,151.16997474443534,104.83406041627215,-1.187520813818655,0.768405345391998,801.6948153956906,1.2732534284894093
182,1.82,-1.2203205844779794,1699.7150229944075,-0.7127112528196948,-1.7023190244547939,1549.2330245544308,-1.194709692796509,0.0856607296823883,1301.0210043085679,0.5932700613406731,-0.545988882318623,1400.389354696567,-0.03837955066033816,1.6850600557159745,1202.6204036346016,2.1926693873742593,-1.0698490108800938,1099.8654945680055,-0.562239679221809,-0.8205628383539472,1000.1147807405315,-0.3129535066956624,-195.93161523686928,1499.4881558278396,-0.39005592576851034,-353.0828317893075,1394.977532444356,2.2723632939122047,-447.90942110448833,1205.4367821576557,1.3090085132966545,-497.87335704770953,1043.8318754149955,-3.3611074779558345,3.5343161411615687,806.0782767693432,-2.2773850880421724,-0.439143052932379,800.4962005259531,0.0684662787259058,-0.18496307709205057,800.7503805017934,0.3226462545662342,0.43048339961751014,801.3658269785029,0.938092731275795,-1.4007874001796465,799.5345561787058,-0.8931780685213617,200.97582308878563,1496.503098977086,-3.3751127765220996,352.9356601014916,1402.7626708489165,2.2374617602166906,452.4037555973667,1201.6250076053757,-2.3920089305171093,498.39887031311326,1054.2698094616758,0.8350873517775184,0.3441895381299347,795.490872189952,0.18426057482526836,-0.1256328405577951,800.8097107383277,0.38197649110048965,-1.5380796372008247,799.3972639416846,-1.03047030554254,0.6986132964379275,801.6339568753234,1.2062226280962123,1.8033942585692815,802.7387378374548,2.3110035902275663,-150.1880057402061,896.346793683682,1.9880906450448739,-151.696888444415,544.8379109794731,0.47920794083598445,-150.57970938373282,95.95509004015523,1.5963870015181745,-0.26731494638793,800.6680286324976,0.2402943852703547,151.21967108606623,904.6848716621782,-0.9564252991847766,150.80168344250802,554.26688401862,-1.374412942742972,151.5440286440989,105.00922922021084,-0.632067741152106,-0.3764681799292185,800.5588753989563,0.13114115172906626
183,1.83,0.16149343104937036,1701.1055722046008,0.6717109186877022,-0.08961447038899556,1550.8544643031623,0.4206030172493363,0.27679542808594443,1301.2208742016373,0.7870129157242762,1.5963414425352602,1402.5404202160867,2.106558930173592,-0.8178751733725009,1200.1262036001788,-0.307657685734169,0.019191610879946308,1100.9632703844313,0.5294090985182782,0.5034223824749864,1001.4475011560262,1.0136398701133182,-196.275657960594,1499.2113756298547,-0.7519170886742773,-352.17483308639953,1395.8284301640674,2.9183796928785473,-448.60346035436646,1204.947961373907,0.7129331102658601,-497.0313408309184,1044.77170893974,-2.3267116709229203,3.9345099102173506,806.5669989017715,-1.8181498093040593,-0.07441509632330548,800.8696636772279,0.4358023913150264,-0.21391620618150936,800.7301625673697,0.2963012814568225,0.18746223707662307,801.1315410106279,0.6976797247149549,-1.3952951231966344,799.5487836503546,-0.8850776355583025,203.4446008171638,1499.0877764660588,-0.8755162524700857,353.3518401077885,1403.131572139695,2.840248980409253,452.9530520055944,1202.1897434453158,-1.9827534278212986,498.3522097394249,1054.2496210450186,0.8094033840453446,-0.07309418207954121,795.0596735916939,-0.7049152058880748,-0.9060711020677863,800.0380076714835,-0.3958536144294544,-0.11205548992106629,800.8320232836302,0.39816199771726557,-0.6627823526870342,800.2812964208642,-0.15256486504870231,-1.8596447716826328,799.0844340018687,-1.349427284044301,-150.71366674773282,896.0194205305797,1.273605555181136,-150.10409139200317,546.6289958863093,1.883180910910765,-150.62223781868678,96.11084945962568,1.3650344842271696,-1.1529524638398077,799.7911263097114,-0.6427349762014758,151.7046662342385,904.971578955926,-0.2826060686754489,152.39648412309086,555.6633968447784,0.4092118201769137,150.10235292416192,103.36926564584945,-1.8849193787520313,-0.08779395786547822,800.8562848156857,0.42242352977285363
184,1.84,-0.4899657556197543,1700.4626452988289,0.022704391655103545,-0.9695649195823615,1549.9830461348663,-0.4568947723075036,0.21496215431144733,1301.1675732087601,0.7276323015863051,0.05489265818190947,1401.0075037126308,0.5675628054567673,0.3790365859818878,1201.3316476404307,0.8917067332567457,-1.3499850608703106,1099.6026259935784,-0.8373149135954527,0.5689632920119894,1001.5215743464609,1.0816334392868472,-197.23186488464137,1498.3281813639016,-1.7207580275080132,-350.7504730955477,1397.1952895140528,4.062887398477402,-445.6793333480901,1208.0752587531151,3.7390051877757084,-495.80739545107593,1046.128957862566,-0.8728633908286203,1.730822415758558,804.4642292873503,-3.920531721257024,1.1240305438074818,802.0766415982563,1.6367006910823396,-0.2170683746171941,800.7355426798316,0.29560177265766374,0.908494268265766,801.8611053227146,1.4211644155406238,-0.5535378752515585,800.3990731791973,-0.040867727976700685,202.68681329837642,1498.4514169538115,-1.597522437597916,351.9701068733218,1401.7100390741987,1.649385723866966,452.59880791720497,1201.8575265691447,-2.4593550842219463,496.5579570194486,1052.4559439830132,-0.9833672593652976,1.6584086706608492,796.7984729342528,0.5627703872106642,1.2342626663903957,802.1868737208392,1.7469328136652535,-2.0569316831191204,798.8956793713297,-1.5442615358442626,1.2890260730325382,802.2416371274813,1.801696220307396,0.4149753999902263,801.3675864544391,0.9276455472650842,-151.909150494437,895.0215583269006,-0.11758942925813254,-151.92612532255072,545.0045834987869,-0.13456425737185318,-151.43544620947492,95.49526261186267,0.35611485570393286,-1.6363584038622443,799.3162526505866,-1.1236882565873865,152.8531735755367,905.9224647541992,1.0616125103578304,152.3523740393619,555.4216652180244,0.5608129741830434,152.9295721843849,105.99886336304733,1.1380111192060638,-0.18597137107316553,800.7666396833757,0.3266987762016923
185,1.85,0.3377363164621207,1701.2986722093622,0.8527012721531977,-1.5848924668586686,1549.3760434260414,-1.0699275111675917,0.6678385247783976,1301.6287744176786,1.1828034804694745,0.08217335425120065,1401.0431092471513,0.5971383099422776,-0.03550080585491927,1200.9254350870451,0.47946414983615765,0.7640473213946453,1101.7249832142948,1.2790122770857222,0.15691274986680165,1001.1178486427668,0.6718777055578786,-195.98045120155754,1499.6582896254545,-0.4767789679692631,-352.0148883367225,1395.8735953216872,2.5018345802069577,-447.9014461369681,1206.0533844182842,1.622309933337881,-498.62419790450315,1043.4794117879062,-3.4241478774293244,5.344461358767834,808.1908958292686,-0.16391127062490485,-0.24309078463581812,800.7178451082642,0.2718741710552588,-1.078173956107541,799.8827619367925,-0.563209000416464,0.8840914362973582,801.8450273291974,1.3990563919884351,-0.061111263970202834,800.8998246289299,0.4538536917208741,203.25670015926516,1499.148123054347,-0.9869455390766456,352.81123461902496,1402.518552265652,2.6848979725001483,452.8922698703416,1202.1800202098534,-2.270005103559072,496.9034058009419,1052.7746555443075,-0.6566510213777579,0.7990454937631559,795.9691438777584,-0.7489228065602267,-0.17497030366732885,800.7859655892327,0.33999465202374807,-1.637895280380306,799.3230406125198,-1.122930324689229,-0.633501480099154,800.3274344128009,-0.11853652440807705,-1.1253197001592743,799.8356161927408,-0.6103547444681974,-150.1529481057551,896.9746628881514,1.4365770865002596,-151.87973451885625,545.2478764750502,-0.2902093266009258,-150.4569794500574,96.67063154384913,1.1325457421979563,0.34899633188169216,801.3099322247817,0.8639612875727691,150.75658039932767,903.6289694054212,-0.8329447929276544,151.45567291527655,554.3280619213701,-0.1338522769787756,152.28500217090834,105.15739117700183,0.695476978652997,-0.3032409724999892,800.6576949204,0.2117239831910877
186,1.86,0.10514317127426448,1701.0741919845152,0.6222427793730784,-0.9026862866601997,1550.0663625265806,-0.38558667856138584,0.4297592482520877,1301.3988080614931,0.9468588563509016,0.6064844177867321,1401.5755332310277,1.1235840258855458,0.8507964696169923,1201.8198452828578,1.3678960777158062,-0.7389262584104795,1100.2301225548304,-0.22182665031166565,0.3318155173212715,1001.3008643305623,0.8489151254200854,-197.95644697316487,1497.766594685655,-2.4550016486106205,-351.37467976159576,1396.4573823592195,2.829764151898519,-448.3415429896241,1205.8096988574728,1.2905768504566626,-499.67444063426655,1042.6286385387334,-4.175428831052436,2.0993824684846123,805.0704750943511,-3.225242575792384,-0.8960781959940445,800.072970617247,-0.37897858789523065,-0.5062827473693029,800.4627660658717,0.010816860729511019,-0.003709291092268141,800.9653395221487,0.5133903170065457,0.06935485763620919,801.0384036708773,0.586454465735023,202.10753751368728,1498.1310268267096,-2.0905695075561357,353.79015408150696,1403.471708573818,3.8609471645290654,452.99853591710064,1202.3227035816496,-2.2491096947498477,498.63301406203936,1054.4489765106255,1.0334602705673592,1.8490252112519134,797.0732713190492,-0.13648539647544192,-2.753783933238547,798.2152648800025,-2.2366843251397333,-0.3229027153614531,800.6461460978796,0.1941968927373608,-1.077214377797948,799.8918344354431,-0.5601147696991341,-0.3386972475116839,800.6303515657294,0.17840236058712997,-151.42533339795642,895.8984228421216,-0.04358311720893393,-149.24687565490308,548.0768805851749,2.134874625844394,-151.89853262891145,95.42522361116657,-0.516782348163982,0.30356481044064093,801.2726136236817,0.8206644185394548,149.6121078905306,902.2883516504526,-1.7696423902168745,150.3456256590774,553.0218694189994,-1.0361246216700928,150.9751531676259,103.65139692754785,-0.40659711312159297,-1.3011790647828214,799.6678697484582,-0.7840794566840075
187,1.87,-0.4021093065552059,1700.5748360880973,0.11696254442967559,-1.3099564884169759,1549.6669889062355,-0.7908846374320944,0.07669878614157255,1301.053644180794,0.5957706371264541,-0.12165304204015825,1400.8552923526122,0.39741880894472326,1.0687967918901469,1202.0457421865426,1.5878686428750284,-0.15551959487846506,1100.821425799774,0.3635522561064164,0.1279971732394421,1001.1049425678917,0.6470690242243236,-198.08276441279062,1497.7301012809232,-2.5783366134781662,-351.0114669992609,1396.765677796788,2.8662550974473624,-447.8290126309139,1206.5139104210637,1.913875948768105,-500.22464975952454,1042.3081820137586,-4.395648423752141,1.643553427301002,804.7502591671666,-3.457783467460361,-1.1383639359118731,799.8385814587405,-0.6192920849269916,0.34772640265085136,801.3246717973032,0.8667982536357328,-1.1211569044014398,799.8557884902509,-0.6020850534165584,-0.7942693131121332,800.1826760815402,-0.2751974621272518,202.60383581883127,1498.764487800323,-1.5439500940783293,352.0204492552794,1401.6827200595956,2.2903299796590666,454.2572401668198,1203.6255539601507,-1.0566077562339622,497.67631178182,1053.407393553536,0.016126024084498924,3.514572987274494,798.818289742708,1.109471037559584,-0.03114305368342213,800.945802340969,0.4879287973014593,-0.8258094916477676,800.1511359030046,-0.3067376406628862,0.28195132019173913,801.2588967148441,0.8010231711766206,-0.5596553923348171,800.4172900023175,-0.04058354134993561,-152.2055856609766,895.3135362644425,-1.036742433514459,-150.2133901329432,547.3057317924759,0.955453094518907,-151.53707938858645,95.98204253683265,-0.3682361611243181,1.0894816524773323,802.0664270471297,1.6085535034622138,151.8367841658597,904.3176622404407,0.6679409383975785,150.7213491080075,553.2022271825884,-0.447494119454625,150.72922666995512,103.21010474453604,-0.43961655750700285,0.6610368563865832,801.6379822510389,1.1801087073714647
188,1.88,-1.1143506464150459,1699.8702706265574,-0.5934711631344118,1.1661911714118265,1552.1508124443842,1.6870706546924605,-0.4153854404662639,1300.5692358325061,0.10549404281437019,-0.5853742313921143,1400.3992470415803,-0.06449474811148026,-0.3234325659942916,1200.6611887069782,0.19744691728634248,-0.09727721576195364,1100.8873440572104,0.42360226751868046,-0.9295697358541386,1000.0550515371183,-0.40869025257350444,-196.23525924471141,1499.6728633352677,-0.7226445729837928,-350.0234505203225,1397.7009356653848,3.5143556844305444,-449.48461589962886,1205.0443514746332,0.37089258564288097,-498.1439606053217,1044.6468041911476,-1.95658273387077,3.1692832227301873,806.421689910218,-1.6707575627472606,-1.1192177683429068,799.8654035046295,-0.5983382850622727,-0.5140712683955179,800.4705500045769,0.006808214885116237,-0.8395944005550986,800.1450268724174,-0.31871491727446455,-0.7878247048062725,800.1967965681662,-0.2669452215256384,203.23314258547742,1499.535895863465,-0.8596120447867786,354.177474467412,1403.826533443551,4.647598550747006,453.9404166399231,1203.3609082402036,-1.4201089952271835,496.98597346165167,1052.6017448913908,-0.7561632098795023,3.5340519914586572,798.9435899834702,0.7303117265419588,-0.6655779572890634,800.3190433156834,-0.1446984740084293,1.4405966722098962,802.4252179451823,1.9614761554905302,-0.7444470568147539,800.2401742161577,-0.2235675735341198,-0.7377227321714617,800.246898540801,-0.21684324889082754,-151.18165788223195,896.532041802499,-0.2302275096689372,-153.17342298771678,544.5402766970142,-2.221992615153744,-152.83601564800247,94.87768403672844,-1.8845852754394685,-1.0632516872871687,799.9213695856853,-0.5423722040065346,152.5418037772278,904.8281040924968,1.5903734046647882,151.28456872845288,553.5708690437219,0.33313835588986274,151.95346458417075,104.23976489943985,1.0020342116077352,-0.0865604688105292,800.8980608041619,0.4343190144701049
189,1.89,-1.7311466694799915,1699.2609254730141,-1.208626311965809,0.42569161399179173,1551.417763756486,0.9482119715059744,-1.8626490074271056,1299.129423135067,-1.340128649912923,-0.544499031439194,1400.447573111055,-0.021978673925011405,-1.0458602505742787,1199.94621189192,-0.523339893060096,-0.6007986435963832,1100.3912734988978,-0.07827828608220058,0.020946122943832912,1001.0130182654381,0.5434664804580156,-196.50324961037657,1499.5054651456546,-0.9772553025705016,-352.52948348794916,1395.1449615760866,0.6565068149161859,-449.1733454499782,1205.535122566912,0.7960703232335227,-500.74377818372096,1042.330843471218,-4.172480425591914,2.2715830123901597,805.6787266753423,-2.270982349805722,-1.684273843662722,799.3077982988315,-1.1617534861485395,-0.22218044592158132,800.7698916965726,0.3003399115926013,-0.43226636449319716,800.559805778001,0.09025399302098548,-0.2564888216265785,800.7355833208676,0.26603153588760414,205.3357763477497,1501.7854054202037,1.3026849719785725,350.9270057062651,1400.5684839788446,1.5977150111326013,453.9275713149217,1203.4085328648057,-1.4598235904767511,497.66258673862365,1053.132000341361,-0.18281138760245308,2.5770462933966933,798.1195886212417,-0.6015609356221194,-0.4352180677693167,800.5568540747249,0.08730228974486592,1.2827227241592243,802.2747948666535,1.8052430816734069,-1.1250887299788213,799.8669834125154,-0.6025683724646386,-0.37720278341017005,800.6148693590841,0.1453175741040126,-149.6617837035919,898.2457109988235,1.068371864447338,-151.46486884991242,546.4426258525029,-0.7347132818731569,-152.14769196042064,95.75980274199476,-1.4175363923814002,0.2557495220081167,801.2478216645023,0.7782698795222993,151.30962751136906,903.4021328089536,0.5794719433298052,150.78640063839032,552.8789059359749,0.056245070351053916,152.74035938977508,104.83286468735966,2.010203821735828,-0.012390826260393784,800.9796813162338,0.5101295312537888
190,1.9,-0.7850648192688839,1700.2142289384753,-0.2610724383241111,-0.39037673959352065,1550.6089170181508,0.13361564135125223,0.003455034810762203,1301.0027487925552,0.5274474157555351,-0.44764249588122257,1400.551651261863,0.07634988506355032,0.030773566236639738,1201.030067323981,0.5547659471814126,0.14482305891918218,1101.1441168166634,0.6688154398639551,0.33716721029634894,1001.3364609680408,0.8611595912411218,-197.45582559629563,1498.6587119554501,-1.911277154067398,-350.7715561111174,1396.8564248954867,2.05205271675669,-449.40370038589816,1205.476821707952,0.6803389006299425,-499.656013358576,1043.725998458333,-2.678275589994659,1.983862278558928,805.553551184254,-2.2271595899754004,0.4562678851024558,801.4555616428469,0.9802602660472287,-0.2328680617548454,800.7664256959896,0.2911243191899275,0.5903481625470193,801.5896419202915,1.1143405434917921,-1.7296144638430493,799.2696792939014,-1.2056220828982764,203.1990726641237,1499.800181587337,-0.769807522180543,351.7351526002342,1401.374210122644,2.6059667606992094,452.73598619568503,1202.2859259623906,-2.6582595636863044,497.5853420806232,1052.876960644447,-0.38442326665299054,2.6560004786834974,798.359355732026,-0.8710887004418135,-0.7149587916156945,800.2843349661288,-0.1909664106709217,-1.1643315788846031,799.8349621788598,-0.6403391979398303,-0.813257228041977,800.1860365297024,-0.2892648470972041,-1.4039553931585764,799.5953383645858,-0.8799630122138035,-150.7329618333803,897.367563095684,-0.2272836556344821,-152.51246828224458,545.5880566468197,-2.006790104498763,-149.25481015333511,98.84571477572909,1.2508680244107022,-0.6385374179368235,800.3607563398076,-0.11454503699205068,149.90270407062042,901.8021791415563,-0.6029741071253867,151.72673933885008,553.6262144097859,1.2210611611042805,151.74006210866895,103.63953717960474,1.2343839309231326,-1.109060028531589,799.8902337292128,-0.5850676475868161
191,1.91,0.37227650695611386,1701.3785584422,0.8975700236349495,0.9334673170660119,1551.93974925231,1.4587608337448477,-0.21156348948821116,1300.7947184457557,0.3137300271906246,-0.4319824207938686,1400.57429951445,0.09331109588496714,-1.0084262407119067,1199.997855694532,-0.4831327240330709,-0.825895698895283,1100.1803862363488,-0.30060218221644736,0.28037978889720566,1001.2866617241411,0.8056733055760414,-198.08436742187536,1498.1411118775538,-2.516115218043076,-349.75272323376214,1397.8329276590016,2.6993082607210614,-450.19688365941096,1204.8473509101943,0.0019194783927142245,-499.2053550640865,1044.5050766350041,-1.8018353138810221,2.7900796529597702,806.5287288829804,-1.0577087602953754,-2.4084333453551987,798.5978485898887,-1.883139828676363,-0.022826790274485864,800.9834551449694,0.5024667264043499,-0.809230223138739,800.1970517121051,-0.2839367064599033,0.46501407093976893,801.4712960061837,0.9903075876186047,201.64275136225672,1498.3997676436547,-2.2574594519422164,351.12057382678523,1400.7618717738264,2.190185217727164,453.6746056227046,1203.3022019255563,-1.7063376291903227,498.8523790060254,1053.9346114104944,0.7375440406902647,4.530274539362368,800.4226596642451,0.6834782818353786,0.3278593670110073,801.3341413022549,0.853152883689843,0.10294144862812243,801.1092233838721,0.6282349653069581,-0.43862828689971245,800.5676536483442,0.0866652297791233,0.5277799845801592,801.534061919824,1.053073501258995,-150.79247051457168,897.5003497235438,-0.5137994990290186,-151.65936181654223,546.6334584215732,-1.3806908009995558,-149.3264544275184,98.96636581059701,0.9522165880242566,0.6729450787391227,801.679227013983,1.1982385954179584,150.6922370655568,902.3994168274414,0.41356605001414504,149.4269435203701,551.1341232822547,-0.8517274951725765,152.75836259312544,104.46554235501002,2.4796915775827677,-0.8117807661253276,800.1945011691186,-0.2864872494464919
192,1.92,-0.22093750484215502,1700.792095050408,0.3054842799250576,-0.3439903976764821,1550.6690421575738,0.18243138709073053,-0.1692009210835025,1300.8438316341667,0.35722086368371014,0.2412447147139432,1401.2542772699642,0.7676664994811558,1.398426648214622,1202.4114592034648,1.9248484329818345,0.37054569315218105,1101.3835782484025,0.8969674779193937,0.6564001597678399,1001.669432715018,1.1828219445350525,-195.77373242825894,1500.5676890260395,-0.17665827824586655,-348.5803856392545,1398.967719758168,3.4922724435982238,-448.9388697601484,1206.2598524490452,1.3742596166781924,-499.71384953494487,1044.3434367857785,-1.868513140566247,0.6831178574848245,804.5955961233627,-2.7723742132270983,0.025672461388036527,801.0387050166382,0.5520942461552492,0.08916394895309093,801.1021965042033,0.6155857337203036,-0.7492683429464615,800.2637642123037,-0.2228465581792488,0.743224876553505,801.7562574318038,1.2696466613207176,201.95537792105296,1498.872546624685,-1.8718006796004456,351.2844944655824,1400.9321705777413,2.5507665568368787,454.94376762004396,1204.6578212314778,-0.40366072454230895,497.1639315752032,1052.0052743510614,-1.1160730408750306,3.3858849379762983,799.4956998409427,-0.749694690021641,0.5940971261387045,801.6071296813889,1.120518910905917,0.2607324266321676,801.2737649818824,0.7871542113993802,0.7943402435610301,801.8073727988112,1.3207620283282426,-2.028351034638079,798.9846815206122,-1.501929249870866,-149.24914003092002,899.235281495749,0.800678197384425,-153.5472937107632,544.9371278159057,-3.4974754824587784,-150.6634207273685,97.82100079930038,-0.6136024990640766,0.5061446244509888,801.5191771797012,1.0325664092182014,149.7159593753621,901.2315378486932,-0.3338588529423264,149.37779333499296,550.8933718083241,-0.6720248933114722,149.89251431499684,101.40809278832798,-0.15730391330758353,-0.5721426524990391,800.4408899027512,-0.045720867731826445
193,1.93,-1.5497792841419336,1699.469762279337,-1.022404020858848,-1.2037701644965817,1549.8157713989822,-0.6763949012134962,-1.5776881015394228,1299.4418534619394,-1.0503128382563374,-0.3818630860745751,1400.6376784774043,0.14551217720851056,-0.30573258532668085,1200.7138089781522,0.22164267795640474,-1.6399960955232182,1099.3795454679557,-1.1126208322401325,0.20885907917981283,1001.2284006426587,0.7362343424628984,-198.66476074438563,1497.7974779799574,-3.0337844343980134,-349.8220870683016,1397.6938984194471,1.8648260591279984,-450.49785134806,1204.8452661745482,-0.07141067685714755,-499.7802383497251,1044.63967317849,-1.480460439146122,0.3111828479476437,804.4006731503821,-2.725806107142361,-1.209871899308852,799.80966966417,-0.6824966360257665,-0.585349932075443,800.4341916314033,-0.05797466879235737,1.2349011830395393,802.2544427465184,1.762276446322625,-0.9916369572203804,800.0279046062584,-0.4642616939372948,201.85611950556913,1498.9374975782648,-1.8937648360904453,352.4105716424167,1402.0682186311815,3.870540765987772,454.2722114564405,1204.0815966901368,-1.0215070389842644,496.04398887076326,1050.6132714550436,-2.4204855221479096,2.6751022874968804,799.0306981151937,-1.7164443470173227,-0.1738665372683562,800.8456750262105,0.3535087260147294,-0.9663453555231075,800.0531962079557,-0.4389700922400219,-2.169293354214764,798.8502482092641,-1.6419180909316782,0.05717367824436326,801.0767152417232,0.5845489415274489,-151.9268882996966,896.7484914650821,-2.1070751689009604,-150.76195955727215,547.9134202075065,-0.9421464264765245,-149.14203063487676,99.53334912990196,0.6777824959188773,-0.23852592399913353,800.7810156394797,0.28884933928395207,151.21723888191426,902.5418591171356,1.3974257511186285,150.8014529376818,552.1260731729031,0.9816398068861649,149.9012207898987,101.22584102511998,0.08140765910306424,-1.8093266074051106,799.2102149560737,-1.2819513441220252
194,1.94,-0.28759177412739845,1700.7382131986787,0.2405603152527267,0.9273570621492291,1551.9531620349553,1.4555091515293541,-1.4164054937608983,1299.6093994790451,-0.8882534043807732,0.21592146210055907,1401.2417264349067,0.7440735514806842,-0.7722440035743601,1200.2535609692318,-0.2440919141942349,-0.32971298580169156,1100.6960919870044,0.19843910357843353,-0.12715122060603762,1000.8986537522,0.40100086877408747,-197.68852649498848,1498.8992727144337,-2.0186122581210064,-350.7896397903601,1396.7002791500806,0.5066007369489427,-451.9802114163812,1203.496361270616,-1.442048428303613,-500.2442610357746,1044.5513355593862,-1.480901652027187,1.0744830884714556,805.3423586997416,-1.520859337556148,-0.9046193005551681,800.1211856722508,-0.3764672111750431,-1.263656380176349,799.7621485926296,-0.7355042907962238,-0.5373232676334162,800.4884817051725,-0.009171178253291098,-0.8020471508073633,800.2237578219986,-0.2738950614272382,200.57232637497424,1497.8217772008759,-3.0961077716788155,350.015179417315,1399.6858265269448,1.665059961989436,454.91845545535557,1204.8320701619623,-0.30145250153374503,496.90581870874587,1051.1724503051835,-1.7614314530495936,1.7132724004149622,798.3427155000109,-2.8998013896727795,-0.7488346758178053,800.2769702969881,-0.2206825864376802,-1.7894419902418455,799.2363629825641,-1.2612899008617204,-0.4226820143380836,800.6031229584679,0.1054700750420415,-0.7373368746745762,800.2884680981314,-0.2091847852944511,-151.70922603167452,897.1565289660809,-2.1198700320691253,-151.5799344662722,547.2858205314833,-1.9905784666668107,-150.6962538669745,98.169501130781,-1.1068978673691046,-0.7490317483928501,800.2767732244131,-0.22087965901272497,149.33602546659844,900.470270468843,-0.2533305330069612,150.1097968566008,551.2440418588453,0.5204408569954158,149.482139822779,100.6163848250235,-0.10721617682638385,-1.9626855000713723,799.0631194727346,-1.4345334106912473
195,1.95,-0.11135163241938068,1700.9204672325297,0.4173988279110136,0.02688176514085905,1551.05870063009,0.5556322254712533,0.4897002938242793,1301.5215191587733,1.0184507541546737,-0.5307821962730578,1400.501036668676,-0.0020317359426635234,-0.29192499889691614,1200.7398938660522,0.2368254614334781,1.2868988249771223,1102.3187176899262,1.8156492853075166,0.5049979403094509,1001.5368168052586,1.0337484006398452,-196.9815490697909,1499.7364154796453,-1.2677120013269252,-348.26791850202267,1399.2025983931308,2.6341795966304047,-451.13277194875616,1204.465491481489,-0.4850436836657552,-499.57058201982517,1045.6110249799654,-0.3380334312342359,2.3370263089491674,806.7827434212188,0.20322671009315285,-1.2663261515652835,799.7654927133839,-0.7375756912348892,-1.5549810699827218,799.4768377949664,-1.0262306096523275,-1.0293959754152784,800.0024228895339,-0.5006455150848842,0.6608437281853188,801.6926625931345,1.189594188515713,201.81242724145733,1499.233615432348,-1.7705120486243264,350.2164343292329,1399.9025321359868,2.051627362881267,455.9842620309222,1206.0109767276838,0.8580942506094239,497.59299439746104,1051.5272103263749,-1.2941543328141145,3.3511363855092666,800.2819700016111,-1.4476811165687133,-0.49534075850358694,800.5364781064455,0.03340970182680733,-0.46920587855258555,800.5626129863966,0.059544581777808706,0.10427596101330489,801.1360948259625,0.6330264213436991,-1.511969678602042,799.5198491863472,-0.9832192182716477,-151.91778731543258,897.1378279907677,-2.5586354819241857,-150.40961076044562,548.6460045457547,-1.0504589269372424,-150.68259476387354,98.3730205423268,-1.323442930365154,0.40670168657210143,801.4385205515213,0.9354521469024957,150.19340958341704,901.1377942772167,0.8342577499086565,149.89918173833445,550.8435664321341,0.5400299048260697,150.86111007624694,101.80549477004662,1.5019582427385678,-0.9988104117500447,800.0330084531992,-0.47005995141965035
196,1.96,-1.2681288595461853,1699.7694505325805,-0.7389602250046373,-1.4061787058589763,1549.6314006862679,-0.8770100713174284,-0.5082568054361554,1300.5293225866906,0.02091182910539268,-0.40188549568068427,1400.6356938964461,0.12728313886086373,-1.6850708275418924,1199.352508564585,-1.1559021930003444,-1.372955359110183,1099.6646240330165,-0.8437867245686349,-0.4965263002893199,1000.5410530918374,0.032642334252228164,-195.60664145450662,1501.2459486268954,0.15604614223601065,-349.12703599000264,1398.3313344695528,1.3789160998616088,-450.912795622033,1204.7945972375355,-0.1582185633033233,-501.8494807115307,1043.7257264693778,-2.145686679870719,0.6108827736785654,805.2318910064458,-1.0448835732482258,0.8286210267126619,801.8662004188394,1.35778966125421,0.4432606044975572,801.4808399966244,0.9724292390391053,0.22632425858956684,801.2639036507163,0.7554928931311149,-0.5834035988560753,800.4541757932707,-0.05423496431452726,202.6871600443895,1500.2835464729467,-0.8063560117127198,350.9305643972814,1400.6339729123713,2.9456697030143713,455.3813284560605,1205.5299348215908,0.3685829308287708,498.0047365011153,1051.5778419157348,-1.1180683444792492,3.716405185937015,800.9754109818746,-1.2313172737835667,-0.45501751204530033,800.5825618800815,0.07415112249624768,-0.6282182742978656,800.4093611178289,-0.0990496397563176,-0.29855344947254936,800.7390259426542,0.2306151850689987,-0.29051213342634014,800.7470672587004,0.23865650111520786,-150.03765146291525,899.2073842657533,-0.907743375147802,-151.83564396374155,547.4093917649269,-2.7057358759741237,-150.32217524712829,98.92286048154025,-1.192267159360851,0.10955690396574336,801.1471362960925,0.6387255385072914,149.46913078708278,900.2240950584143,0.33922269931533544,148.78178378349034,549.5367480548218,-0.3481243042771063,150.53107802557122,101.28604229690266,1.4011699378037843,-0.0023884771670148464,801.0351909149597,0.5267801573745332
197,1.97,-0.34865653156321263,1700.6944262471325,0.18074840098965375,-0.6583139371894351,1550.3847688415062,-0.1289090046365687,0.12634150072117423,1301.1694242794167,0.6557464332740406,-2.2853897429930843,1398.7576930357025,-1.755984810440218,-1.361461761573774,1199.6816210171219,-0.8320568290209077,-1.096979600386554,1099.946103178309,-0.5675746678336877,-1.2806963130191336,999.7623864656763,-0.7512913804662673,-196.9290597543349,1500.0624652509105,-1.1126574085061125,-349.36116279660763,1398.092884584706,0.7481088836939074,-452.21234499981847,1203.590850219082,-1.3541838414858356,-501.8637177336619,1044.109965340515,-1.6901647425520658,2.281543058781571,807.0732148580713,1.116762062602943,-0.47232508539698864,800.5707576932984,0.057079847155877744,0.2062162762597719,801.2492990549553,0.7356212088126383,-0.5375299815778141,800.5055527971176,-0.008125049024947657,0.04241177444227884,801.0854945531378,0.5718167069951452,200.7960290700831,1498.5708661528754,-2.6042565065411263,350.1429357536476,1399.8649158811759,2.3317672518719856,454.5650584492217,1204.8442174185932,-0.3149062244296873,495.74323664964516,1048.927845507367,-3.629443330053463,2.348528667337442,799.9614901724232,-2.710498962192805,-1.2091961627925407,799.8338866159029,-0.6797912302396745,-0.8791971741877449,800.1638856045078,-0.34979224163487854,0.6918695255759929,801.7349523042715,1.2212744581288593,-1.8882651049500176,799.1548176737455,-1.3588601723971514,-150.13122815747496,899.302868994537,-1.2288957674608518,-150.20645130402374,549.2276458479881,-1.3041189140096279,-150.3935014076698,99.04059574434216,-1.4911690176556727,-1.103005488791752,799.9400772899037,-0.5736005562388857,150.39521418850006,900.9611170364881,1.4928817984859293,150.29866323219696,550.864566080185,1.3963308421828273,150.1443159607538,100.71021880874186,1.2419835707396765,-1.0748327778511344,799.9682500008444,-0.545427845298268
198,1.98,-0.44880020823796923,1700.5995251145266,0.08065752977171531,-1.2892444828856506,1549.7590808398788,-0.759786744875966,-0.47570151632195407,1300.5726238064426,0.05375622168773046,0.32350685239286414,1401.3718321751574,0.8529645904025487,0.5791844623106136,1201.627509785075,1.108642200320298,-0.038670990146345674,1101.009654332618,0.49078674786333887,-0.6479483223887565,1000.4003770003757,-0.11849058437907206,-196.89070992899428,1500.243902629124,-1.015798270537942,-348.59437337983667,1398.8637154222358,1.119150103501806,-452.4069235395634,1203.4780160194905,-1.4489773854460593,-502.2007074105311,1044.1736568225754,-1.562388085478129,1.6485085001554138,806.6040882916425,0.9840215770271511,0.2101526176991979,801.2584779404636,0.7396103557088824,0.08324016106440468,801.1315654838289,0.6126978990740892,-1.7518273019295778,799.2964980208349,-1.2223695639198935,-0.5842629092600657,800.4640624135044,-0.05480517125038115,202.7989355906246,1500.7552628273577,-0.5044380723043775,349.93410072550216,1399.6753091114172,2.289705239842342,454.0382733315719,1204.4564630298491,-0.6899504187131107,497.538105035176,1050.3083722423494,-2.09696780690658,3.1002071358148258,801.0916772152981,-2.032062688705524,0.019847728874742177,801.0681730516392,0.5493054668844267,-0.10310287349133246,800.9452224492732,0.4263548645183521,-0.568098851622041,800.4802264711425,-0.03864111361235641,-0.4654456152916979,800.5828797074728,0.06401212271798662,-148.79953711979465,900.8233480547881,-0.12240687435548558,-150.56142450065474,549.061460673928,-1.8842942552155784,-150.3816765415506,99.24120863303202,-1.7045462961114461,-1.696206860970857,799.3521184617936,-1.1667491229611724,149.85829234092247,900.2354071663398,1.181162095483302,150.14052025314575,550.5176350785631,1.4633900077065947,150.9163326156574,101.29344744107479,2.2392023702182526,-1.4181127326710112,799.6302125900935,-0.8886549946613267
199,1.99,-1.5438621810826922,1699.509441216704,-1.0145366824669222,-1.7597086709030338,1549.2935947268838,-1.2303831722872638,-0.4884083874889609,1300.564895010298,0.040917111126809305,-0.2033492847269382,1400.84995411306,0.325976213888832,-1.1063937641093877,1199.9469096336775,-0.5770682654936174,-0.3535653092894935,1100.6997380884975,0.17576018932627677,-1.1856012933609357,999.8677021044259,-0.6562757947451654,-197.88836780439834,1499.3933223926324,-1.9502280136593781,-347.9483000481687,1399.5227060600043,1.3718660263237024,-452.42440281896813,1203.527530485954,-1.3709888711491,-500.99567180701894,1045.778973536375,0.09897901532442765,0.5425019382408647,805.6530757178249,0.38389766148728677,0.6552852597012738,801.7085886574881,1.184610758317044,0.2148942620412746,801.2681976598282,0.7442197606570449,0.42163376149150467,801.4749371592784,0.9509592601072749,0.8854877365971151,801.938791134384,1.4148132352128853,202.20412528655007,1500.3447650617416,-0.9987853445501593,348.6259272611623,1398.3864145538998,1.1406065722421161,452.1991643911003,1202.764628145397,-2.3588307598717124,496.6391218868756,1048.9709665842088,-3.2690096581586117,2.406826912187854,800.7999013331375,-2.760457921472788,-0.10115082156071209,800.9521525762261,0.42817467705505813,-1.1908455593401706,799.8624578384467,-0.6615200607244002,-0.6812852110024822,800.3720181867844,-0.151959712386712,-1.7957781300655302,799.2575252677213,-1.2664526314497602,-149.8750582098709,899.93643073772,-1.4200554707797164,-148.74242811062425,551.0690608369666,-0.2874253715330737,-149.0651274828594,100.74636146473145,-0.6101247437682122,-0.7748685236487481,800.2784348741382,-0.24554302503297792,150.25327167221923,900.4417827246283,1.7982689331280468,150.68231686305054,550.8708279154597,2.227314123959376,151.2032815239872,101.39179257639636,2.748278784896007,-1.2484060009490348,799.8048973968379,-0.7190805023332644
200,2.0,-0.20699810274977076,1700.8510153513766,0.32200862431345506,0.3045530657152514,1551.3625665198417,0.8335597927784772,0.3154486983151721,1301.3734621524416,0.8444554253783979,0.3692023718104612,1401.4272158259369,0.898209098873687,-1.4712266114769714,1199.5867868426494,-0.9422198844137455,-0.21343963771702246,1100.8445738164094,0.31556708934620337,-1.136667174540169,999.9213462795863,-0.6076604474769433,-196.92095758682714,1500.5116322027473,-0.9149525716955921,-348.08501465748043,1399.4082632350285,0.845629907731164,-451.08501129059226,1204.9185144137311,0.05905390414502576,-501.154546625436,1046.0174603197256,0.38464924900939773,0.31130202242329613,805.5657878824602,0.6604009702298539,-0.3819418004430623,800.6760716536834,0.14706492662016352,-0.6744071123265254,800.3836063417999,-0.14540038526329951,-1.2013421156925728,799.8566713384339,-0.672335388629347,-0.0879350616368797,800.9700783924895,0.4410716654263461,201.0116363572961,1499.339190010226,-2.0873947642166644,349.1504778211359,1398.9296903491615,1.8158139384070235,454.3272590186938,1205.0479536897574,-0.042564663921664275,497.0962286270876,1048.9675466492301,-3.0936387028864303,2.440064381617993,801.2561635060529,-2.7241417368734844,0.8573903887357801,801.9154038428622,1.3863971157990058,-1.5658045198844543,799.4922089342421,-1.0367977928212286,0.004089865248783187,801.0621033193753,0.533096592312009,-0.11386185117717768,800.9441516029493,0.41514487588604815,-150.36374144353138,899.6362585564686,-2.127097200408791,-148.72977882442893,551.270221175571,-0.4931345813063559,-149.8648779114394,100.13512208856058,-1.6282336683168355,0.8348657067501624,801.8928791608766,1.363872433813388,150.02011549946974,900.0201154994697,1.783471256347147,150.06201551980888,550.0620155198088,1.825371276686293,148.62690383164184,98.62690383164184,0.39025958851926035,-0.938814907894007,800.1191985462325,-0.4098081808307812
201,2.01,-0.03793051378871071,1701.0245215068114,0.49056948815077284,1.1758383889029957,1552.2382904095032,1.7043383908424792,-1.0070768429157582,1300.0553751776845,-0.4785768409762745,-3.1492664278944416,1397.9131855927058,-2.620766425954958,-0.059649110245564074,1201.0028029103546,0.46885089169391947,-0.10236817038722446,1100.960083850213,0.4261318315522591,-0.6727033911640876,1000.389748629436,-0.14420338922460404,-197.39812714648704,1500.1890106660255,-1.319707415048119,-349.2939767019945,1398.2313703394836,-0.7475914593173709,-452.86529956786336,1203.1738115756257,-1.6358779015752898,-501.76342284586707,1045.8006123393773,0.2052964078347277,-0.022996178762672903,805.362163720316,0.8318400714839224,-1.6186979812898126,799.4437540393103,-1.0901979793503291,-1.1050253635091165,799.957426657091,-0.5765253615696331,-0.5034095489695032,800.5590424716306,0.025090452969980345,-0.04974639279284859,801.0127056278072,0.47875360914663495,201.45001143518834,1499.9668556036304,-1.5418624774433598,349.9566489501371,1399.7534338061405,2.763532518352175,454.1491648251176,1205.0327096993692,-0.015159993990903453,498.5482466203912,1049.939110247129,-1.9299231280675095,0.21517603204066038,799.4738366086297,-4.908285072110761,0.5871782147395057,801.6496302353396,1.1156782166789894,-0.4444619142052729,800.6179901063948,0.08403808773421065,-0.4532541540639069,800.6091978665362,0.07524584787557663,-1.3745581877874593,799.6878938328126,-0.8460581858479759,-149.90419883511572,900.2843122172934,-1.8814586982818011,-149.19900317799676,550.9895078744123,-1.1762630411628427,-149.2645806327156,100.92393041969358,-1.2418404958816733,0.4892018553396129,801.5516538759397,1.0177018572790963,149.01782109575433,898.8293100433452,0.9950809589203977,149.78647055028958,549.5979594978804,1.76373041345565,149.368539395595,99.18002834318587,1.345799258761093,-0.8611096540582149,800.2013423665419,-0.3326096521187314
202,2.02,0.4186724670764489,1701.4852881730717,0.946476435687434,-1.8147844682185272,1549.2518312377767,-1.286980499607542,-0.46956495253441527,1300.597050753461,0.058239016076569824,1.3234635825213543,1402.3900792885167,1.8512675511323395,0.5110600874153968,1201.5776757934107,1.038864056026382,0.015175669924292534,1101.0817913759197,0.5429796385352776,-1.2692515806812654,999.7973641253141,-0.7414476120702803,-198.9864020857776,1498.7587534722122,-2.83111150006072,-346.28045074146223,1401.287167219047,1.888339554217287,-451.3738082963911,1204.684324018279,-0.0647797739089142,-501.2897447482052,1046.6586956825852,1.090382043548459,-0.41294479227980774,805.0875280982583,0.9418873513902302,-0.7546521268854952,800.3119635791098,-0.2268481582745101,-1.4384403205995344,799.6281753853958,-0.9106363519885493,-0.6173988541899211,800.4492168518054,-0.08959488557893597,-0.046397766921072225,801.0202179390743,0.4814062016899129,202.91857794257632,1501.6268611854648,0.03699621319201185,347.2171751848019,1397.0297886908677,0.1558369284200285,454.7401434506084,1205.7937699324484,0.7979607717728124,498.659051068307,1049.551894285391,-2.111772108838309,2.0813511695235025,801.8000301175989,-2.9644139425599376,-1.1731810776124174,799.8934346283829,-0.6453771090014323,-0.20870056846931206,800.857915137526,0.31910340014167304,-0.9074415162337242,800.1591741897616,-0.37963754762273905,-0.9619682671076788,800.1046474388877,-0.43416429849669363,-149.70606347303868,900.6710513523786,-1.8920989256878933,-150.10595255224865,550.2711622731687,-2.291988004897847,-148.88375767690397,101.49335714851341,-1.069793129553158,-1.5571683744848228,799.5094473315105,-1.0293644058738376,150.3761895068297,899.9990746814124,2.5622249594788755,150.87130072276486,550.4941858973475,3.057336175414059,150.5501293843643,100.17301455894695,2.7361648370135097,1.3928956552046006,802.4595113611999,1.9206996238155858
203,2.03,0.37910870110960104,1701.4496099016708,0.9060260411927346,-0.06264083270029785,1551.0078603678608,0.46427650738283566,-0.9853609055563497,1300.0851402950047,-0.4584435654732162,-0.694943811061468,1400.3755573894996,-0.1680264709783344,0.07774483387674846,1201.1482460344378,0.604662173959882,0.4294167120387892,1101.4999179125998,0.9563340521219227,-0.8464785223969478,1000.2240226781643,-0.31956118231381425,-196.91049303900832,1500.9959663080992,-0.673974442107891,-345.7307589317844,1401.8896950193118,2.0684737144638627,-453.4361274145391,1202.6239558073141,-2.053670930407324,-503.57958708229194,1044.7434875037738,-0.8090983202838486,-1.1612592561495583,804.4370969766052,0.6840923558316255,-1.2373363579313936,799.8331648426298,-0.7104190178482601,-1.5497281426487608,799.5207730579125,-1.0228108025656273,-0.36222208959893476,800.7082791109623,0.16469525048419878,-1.0689155084167528,800.0015856921444,-0.5419981683336191,202.04087826827634,1500.9425179721109,-0.7274227780964081,347.77094725836275,1397.5970667711388,0.830992354195579,454.1792163323662,1205.4097186744314,0.47506860193670297,497.5953903290145,1047.9751779330604,-3.470134203713538,2.9598794410328795,803.153771426154,-1.972233560158581,0.1689553913362566,801.2394565918975,0.6958727314193901,-1.6282935952318591,799.4422076053294,-1.1013762551487256,-0.10478351009406994,800.9657176904672,0.42213382998906357,-0.3047586965729656,800.7657425039882,0.22215864351016792,-151.22351317411676,899.3423896738713,-3.612535055391896,-147.93208567238716,552.6338171756009,-0.32110755366228183,-149.36956081203215,101.19634203595588,-1.7585826933072857,-1.6202948200317406,799.4502063805295,-1.093377479948607,149.67503894146262,899.1091360934745,2.0640608227377415,148.5377074550177,547.9718046070296,0.9267293362928504,149.29796321264868,98.73206036466065,1.6869850939238216,0.3798454199167748,801.4503466204781,0.9067627599999083
204,2.04,-1.8222527965738813,1699.2518524808993,-1.2964138987377638,-1.1679286776221436,1549.906176599851,-0.6420897797860262,-0.9733969701015834,1300.1007083073716,-0.44755807226546596,0.41501416965126525,1401.4891194471245,0.9408530674873827,0.3140925518127351,1201.388197829286,0.8399314496488526,-0.21351357417683825,1100.8605917032964,0.31232532365927923,-2.2866035656709065,998.7875017118024,-1.760764667834789,-196.82150699905227,1501.2493537515552,-0.49950770806920985,-346.09443335665225,1401.5897413950306,1.3446175496132116,-452.80144111519706,1203.2430708959698,-1.3521372201916122,-501.1609479228723,1047.5249990434806,1.976113858929748,-1.3243800477745822,804.3524366818087,0.9983492198891953,-1.0355041111110685,800.0386011663622,-0.5096652132749511,0.5085924542827984,801.5826977317562,1.034431352118916,-2.5543170307206973,798.5197882467527,-2.0284781328845796,-0.9992655886427811,800.0748396888306,-0.47342669080666366,201.28722541668108,1500.3839049901014,-1.3649564695230427,346.50363974006723,1396.340378739818,-0.3259150041170198,453.9412615323232,1205.354948838235,0.49022729777984964,498.2978959757723,1048.152274988934,-3.0620060649223033,1.3071490768916887,801.989019566577,-3.4766195261682,-1.4382084101975239,799.6358968672758,-0.9123695123614064,0.2529311844794734,801.3270364619528,0.7787700823155909,-1.1696258293074802,799.9044794481658,-0.6437869314713627,-1.2776382660705117,799.7964670114028,-0.7517993682343942,-147.18766668935132,903.5672975819801,0.2267591278268788,-151.02469691930855,549.7302673520229,-3.610271102130363,-150.50020936257013,100.25475490876131,-3.0857835453919398,0.564865099299038,801.6389703767724,1.0907039971351555,148.7372890621734,897.982324790842,1.3228632449952138,150.10971546621553,549.354751194884,2.695289649037343,148.90857970053037,98.15361542919894,1.4941538833521855,0.3399463356410556,801.4140516131145,0.8657852334771731
205,2.05,-1.4392232147148967,1699.6382015795575,-0.9146557220786704,-1.0335935241795127,1550.0438312700928,-0.5090260315432863,-0.8734355899130617,1300.2039892043592,-0.3488680972768353,-1.531096013204264,1399.546328781068,-1.0065285205680377,-1.276296258503801,1199.8011285357686,-0.7517287658675745,-0.8123125679479744,1100.2651122263244,-0.2877450753117481,-0.4032163421556415,1000.6742084521168,0.12135115048058476,-197.04583487732026,1501.1923319390598,-0.6342120347599834,-347.52047628573735,1400.238577968343,-0.4309318079704312,-453.69464363994325,1202.3163799732536,-2.185444975325196,-501.409010970072,1047.6262276260347,2.06829809309427,-2.319987733655756,803.4139693887622,0.46341024018117605,-0.6803420921756462,800.3970827020967,-0.1557745995394199,-1.03901104897002,800.0384137453024,-0.5144435563337938,-0.8967702097105972,800.1806545845618,-0.3722027170743709,0.09714039681269115,801.1745651910851,0.6217078894489174,200.9622220492558,1500.2553884098559,-1.5711555639639156,348.36735698111585,1398.2112833736567,1.636670685766103,452.52333376674216,1204.1259834967423,-0.6603836636999405,498.2055535102755,1047.5249855153522,-3.445981390544106,1.694003132182402,802.8740384946445,-2.908248922682422,0.031158212055478418,801.1085830063279,0.5557257046917047,-2.1886137027897563,798.8888110914826,-1.66404621015353,-1.1452401156086807,799.9321846786637,-0.6206726229724543,-0.6473482784927584,800.4300765157797,-0.12278078585653221,-149.06859059214585,901.8757941016538,-1.8436558120356437,-150.79967727504487,550.1447074187548,-3.57474249493466,-150.7540538085052,100.19033088529443,-3.529119028394999,-1.6172529930733321,799.4601718011991,-1.0926855004371059,151.5533084090228,900.6089237152231,4.328373628912577,148.03244206012175,547.0880573663221,0.8075072800115501,150.45315819332293,99.50877349952329,3.228223413212719,0.456541649054757,801.5339664433271,0.9811091416909833
206,2.06,-0.14426778682112784,1700.9361889074528,0.37883425850113106,-1.1409540591239038,1549.9395026351501,-0.6178520138016449,-0.40787913283858007,1300.6725775614354,0.11522291248367886,-0.05630301275260896,1401.0241536815213,0.46679903256964994,-1.8874291273765809,1199.1930275668974,-1.3643270820543218,-0.0024831962264635354,1101.0779734980474,0.5206188490957954,-0.6067145994829198,1000.4737420947912,-0.08361255416066088,-197.81604122666852,1500.5921390768563,-1.3107670031276737,-346.50748407674234,1401.3378343296667,0.2444847383017237,-452.80042570904646,1203.1588564760684,-1.238625626202775,-502.211667220859,1047.1576475921172,1.5772516348795123,-3.5918296604400046,802.1761663033735,-0.36791296167270704,-0.7285396051919595,800.3519170890821,-0.2054375598697005,0.34157363498087645,801.422030329255,0.8646756803031354,0.40455382679521,801.4850105210693,0.9276558721174689,-0.49402798081866584,800.5864287134555,0.02907406450359308,201.14023075009223,1500.6310921071636,-1.2718139728204019,348.74180456596724,1398.588962111882,2.097948864941762,453.1577278035864,1204.9545410083188,0.2545973263478465,501.55027831213147,1050.3281514761766,-0.3876953705892836,0.7230753019131917,802.4087513707707,-3.6662498487323543,-1.0727523061930186,800.007704388081,-0.5496502608707597,-1.1281016401530006,799.9523550541211,-0.6049995948307417,-1.0829941468979738,799.9974625473761,-0.5598921015757149,-1.9702469784292898,799.1102097158448,-1.4471449331070307,-149.25880569375263,901.8754393084919,-2.2156934773923003,-149.52321796087313,551.6110270413714,-2.4801057445127883,-149.3139105996464,101.82033440259809,-2.270798383286056,-0.14943373603111454,800.931022958243,0.37366830929114436,149.8766003210184,898.7423553187739,2.8334881046580427,148.69328747897225,547.5590424767278,1.6501752626119035,148.2872631082214,97.15301810597691,1.2441508918610484,-1.506738309709566,799.5737183845646,-0.9836362643873071
207,2.07,-0.15779507172762547,1700.9254029362244,0.3636464758390474,-1.3977941202604476,1549.6854038876916,-0.8763525726937749,-1.0510761870457428,1300.0321218209062,-0.52963463947907,-1.5682764344049036,1399.514921573547,-1.046834886838231,0.7309978592113247,1201.8141958671633,1.2524394067779976,1.0896913138570805,1102.1728893218092,1.6111328614237534,-1.3555821955099847,999.727615812442,-0.834140647943312,-198.78682939330596,1499.793870529355,-2.1839960344871128,-346.1760924340296,1401.7670508787787,0.2514384319671069,-454.65789221010954,1201.2311211311753,-3.0510917120248084,-501.33840188479604,1048.3483341899641,2.731419056476173,-0.8406686713655496,804.9366179772785,2.8003287058684823,-0.2493041826303556,800.8338938253216,0.2721373649363173,-0.7883996748911991,800.2947983330607,-0.26695812732452623,0.5186985403538751,801.6018965483058,1.040140087920548,-1.6800523345792089,799.4031456733727,-1.158610787012536,200.5043185855277,1500.1938425220417,-1.7840240418005033,347.2379325656427,1397.083865336968,0.6684082048361275,454.2957900619204,1206.291348563515,1.68552890133931,499.467326350617,1047.7000460736083,-2.7494349260318316,1.4720730313873522,803.6680434066031,-2.6749018161404208,-1.5411303285866391,799.5420676793653,-1.0196887810199664,-0.8524101101264614,800.2307878978255,-0.3309685625597885,0.5975598166011531,801.6807578245531,1.119001364167826,-0.05241438431207335,801.0307836236399,0.46902716325459953,-148.80768347680169,902.5169367584197,-1.9381401117367139,-147.3326967646234,553.991923470598,-0.46315339955842916,-149.51546173699484,101.80915849822644,-2.645918371929877,-1.1746665213513046,799.9085314866006,-0.6532249737846317,149.22339656459303,897.8987763293717,2.353853199528061,148.26993964329142,546.9453194080701,1.4003962782264539,149.0899092356404,97.76528900041913,2.2203658705754417,-1.7203305810371285,799.3628674269148,-1.1988890334704556
208,2.08,-0.16884205514352102,1700.9168037991476,0.35074300746756926,-0.5887155076686198,1550.4969303466225,-0.06913044505752955,0.4977955401972045,1301.5834413944883,1.0173806028082948,-1.1937770374451886,1399.891868816846,-0.6741919748340984,-0.9227968277768863,1200.1628490265143,-0.403211765165796,-0.7517553445632803,1100.333890509728,-0.23217028195219003,-0.039063871229799596,1001.0465819830613,0.4805211913812907,-200.08771627885125,1498.6678043033382,-3.383540990160667,-345.4905042330233,1402.5621493063347,0.6268804764380008,-453.14080626098684,1202.6591999007953,-1.4968794096801203,-504.4751620881005,1045.5111047946289,-0.15696103189528077,-1.908059033611543,803.8522763921329,2.1234715276312337,-0.1308111084165261,800.9548347458746,0.3887739541945642,-1.2410020602371457,799.8446437940539,-0.7214169976260554,-1.524546316295253,799.5610995379959,-1.0049612536841628,1.053409009343338,802.1390548636344,1.5729940719544282,198.9628832495959,1498.8517951063475,-3.199550187151401,346.27240318657306,1396.1121829373228,-0.235703543482496,455.2589657592905,1207.4571914918536,2.952817382744409,498.73728065145065,1046.424337954678,-3.7481735665913765,0.6868623805411627,803.3948675715769,-3.1905326976206805,-0.38034416439130014,800.7053016898998,0.13924089821979013,-1.204986314205701,799.8806595400854,-0.6854012515946106,-3.531299693206106,797.554346161085,-3.0117146305950158,0.9560374521767299,802.0416833064678,1.4756225147878201,-148.63889960631948,902.8766788670116,-1.9341100860530143,-149.4594745050305,552.0561039683006,-2.7546849847640376,-149.19871720281932,102.3168612705118,-2.493927682552849,0.8229554592505499,801.9086013135417,1.3425405218616402,150.55105356287908,899.035475089548,3.8462640426125994,149.98111777075414,548.4655392974231,3.276328250487685,149.57314911207175,98.05757063874064,2.8683595918052864,-1.628568235199615,799.4570776190915,-1.1089831725885249
209,2.09,2.823115506869601,1703.9109129489827,3.3406472328454244,-1.3921979394895814,1549.6955995026235,-0.8746662135137578,-1.449489406717201,1299.638308035396,-0.9319576807413774,1.07828538376046,1402.1660828258737,1.5958171097362834,-0.87009254952919,1200.217704892584,-0.35256082355336654,-1.5214192089232248,1099.5663782331899,-1.0038874829474012,0.19947028914425502,1001.2872677312574,0.7170020151200786,-197.9541120772193,1500.978321562979,-1.1449417394291728,-345.30277874558504,1402.8711418892524,0.5198486588668558,-453.8497977722319,1201.842317196885,-2.176855713368405,-503.47189684120264,1046.7949859106445,1.0606162955299605,-2.241068493280385,803.4747497283031,2.151541159213189,-0.7650734933594593,800.3227239487537,-0.24754176738363576,-1.6292711525147765,799.4585262895984,-1.1117394265389529,0.18419558372098654,801.2719930258341,0.7017273096968101,0.23592184584774223,801.3237192879609,0.7534535718235658,202.58615187314834,1502.674933437599,0.5516701351907791,346.0842586650975,1395.9125149886859,-0.3757096319824377,453.4600607898589,1205.8641775035,1.4681823844715531,500.9632764160748,1048.107293371069,-1.7783677832479623,-0.23735271951235892,802.9814456232963,-3.820319753454878,-3.051453250058374,798.0363441920548,-2.53392152408255,-1.1528972609157206,799.9349001811975,-0.6353655349398971,-0.2883038834329994,800.7994935586802,0.22922784254282413,1.8686451463993174,802.9564425885125,2.386176872375141,-149.3227579444837,902.384421817401,-2.773371816257048,-149.36118052641987,552.3459992354648,-2.8117943981932134,-149.21070844285524,102.49647131902933,-2.6613223146285874,-1.3377251539437385,799.7500722881695,-0.8201934279679148,150.85389385597946,899.1467140940948,4.3045077277528065,149.13739059729565,547.4302108354111,2.588004469069005,148.6798218850124,96.97264212312784,2.130435756785753,0.5567126852844065,801.6445101273976,1.07424441126023
210,2.1,-0.14227030505541982,1700.9473797663154,0.3730104410876426,-0.41266062147741517,1550.6769894498934,0.10262012466564727,-0.8242562444244932,1300.2653938269464,-0.3089754982814308,-0.827685925366282,1400.2619641460044,-0.31240517922321953,0.5393029629848819,1201.6289530343556,1.0545837091279444,0.3403008376790053,1101.4299509090497,0.8555815838220677,-2.102875642611347,998.9867744287594,-1.5875948964682842,-197.21042832479614,1501.9007988368917,-0.2927440344862584,-346.45607152135324,1401.8508903527097,-0.9117764549495458,-454.6555754630619,1200.9096854012582,-2.961929225383766,-503.65073168331094,1046.877043492798,1.0607576163087398,-2.0651800876003934,803.5774160300339,2.656373433046866,-0.2929497383821445,800.7967003329886,0.22233100776091794,-1.1854106859682454,799.9042393854025,-0.670129939825183,-1.3413585436622957,799.7482915277085,-0.8260777975192333,-0.622208073218753,800.467441998152,-0.10692732707569058,200.77795498044844,1501.0668434824045,-1.1266993889735613,346.49302437934233,1396.3039775131742,0.06760063216604262,453.66204666689833,1206.274544190565,1.993465678241801,501.27756508907925,1047.884316780504,-1.7054144899198804,1.5280960593524242,805.2534171558793,-1.7381420360471924,-2.231949781643975,798.8577002897268,-1.7166690355009127,1.0278952693980323,802.1175453407689,1.543176015541095,-0.6252271318990701,800.4644229394717,-0.10994638575600765,-0.5740204326794749,800.5156296386913,-0.0587396865364124,-149.6864391441779,902.2130359267578,-3.2825981800146895,-150.4160414420619,551.4834336288739,-4.012200477898688,-146.79310582741138,105.10636924352444,-0.38926486324814924,0.37295361250597525,801.4626036838768,0.8882343586490377,148.98750764147877,897.0880325705431,2.583666677315562,149.1061692014276,547.2066941304919,2.7023282372643798,149.82316221197314,97.92368714103733,3.4193212478099158,-1.148544374673512,799.9411056966973,-0.6332636285304495
211,2.11,0.3544414806976741,1701.4456426151112,0.8672728859110705,-0.712781893969088,1550.3784192404444,-0.19995048875569163,-1.0633255479116221,1300.027875586502,-0.5504941426982257,-0.4718780096031142,1400.6193231248105,0.04095339561028219,-0.16696058700427086,1200.9242405474092,0.3458708182091256,-0.7759106430231032,1100.3152904913904,-0.26307923780970677,-1.3540198961744574,999.7371812382393,-0.8411884909610611,-197.37949319788038,1501.9121929829105,-0.3499146266189459,-345.62914298905457,1402.8225962415995,-0.34578380444764334,-454.3403845100151,1201.0790485044536,-2.6345067429946747,-502.3021620195909,1048.4661925357752,2.551985471838829,-3.324953911299684,802.2147754233555,1.690973413403392,-1.1619914649067622,799.9292096695069,-0.6491600596933658,0.6088473091507962,801.7000484435645,1.1216787143641926,-1.0046466289134197,800.0865545055003,-0.4918152237000234,-0.9137184790848333,800.1774826553288,-0.4008870738714369,200.88555888347597,1501.374546299346,-0.8875613101834352,346.29987173700835,1396.0873678623202,-0.10486358503302154,454.0301420307169,1206.8527432793867,2.692716806707487,501.95038164761314,1048.028794360906,-1.256805048787746,0.8827551722296528,805.1072764111524,-2.047144424170788,-0.8273102908617196,800.263890843552,-0.3144788856483232,-1.4333632755998735,799.6578378588138,-0.9205318703864771,-2.180351008779173,798.9108501256345,-1.6675196035657764,0.041816131252603195,801.1330172656662,0.5546475364659996,-148.5043583976874,903.5881468998972,-2.2357260028138417,-148.1925273886336,553.899977908951,-1.9238949937600347,-150.24106764545417,101.85143765213043,-3.9724352505805793,-0.5011948068105365,800.5900063276032,0.011636598402859827,149.35652175316824,897.2640164555836,3.0878893582946603,148.04780432642045,545.9552990288358,1.7791719315468688,148.53187473769933,96.43936944011476,2.263242342825743,-1.793788159480223,799.2974129749334,-1.2809567542668265
212,2.12,0.17977534448138865,1701.2722234617033,0.6899584040167297,-0.8938794848422621,1550.1985686323796,-0.38369642530692105,0.623453853255866,1301.7159019704777,1.1336369127912072,0.10423471495738534,1401.1966828321792,0.6144177744927264,-0.2685272477890465,1200.8239208694329,0.24165581174629458,-2.6342288340751256,1098.4582192831467,-2.1240457745397845,-1.3710543574710616,999.7213937597508,-0.8608712979357207,-197.63475375054816,1501.8388392171087,-0.49004331702131243,-345.21596904971386,1403.3921895354188,-0.17524585564921885,-452.90497895816753,1202.3497107265175,-1.195464776350988,-503.83295725442645,1047.155293813953,1.1268395043257629,-3.61306919455012,801.7934203954176,1.6604921750390758,0.5044756003743598,801.5969237175962,1.014658659909701,-1.6546153144643245,799.4378328027575,-1.1444322549289834,-0.9686121724758197,800.123835944746,-0.45842911294047856,-0.5000179708854189,800.5924301463364,0.010165088649922216,200.36342401618785,1501.0522566831648,-1.2766258509649933,347.21511994172494,1396.972668815204,0.8170085594226579,452.236480102784,1205.2701110040314,1.2368648100132573,502.4961014414588,1048.0582269664005,-0.9159893588910548,-0.7801977636068882,803.9331487585634,-3.3569613810063195,-0.6046286526911352,800.4878194645307,-0.09444559315579407,1.518273307562229,802.6107214247841,2.02845636709757,-0.4000721414400914,800.6923759757817,0.1101109180952497,-2.281389348279234,798.8110587689426,-1.7712062887438924,-148.62603958462867,903.6602607306404,-2.4818318512002877,-148.11532071221055,554.1709796030585,-1.9711129787821764,-150.764130983946,101.52216933132308,-4.619923250517607,-0.45185087385163536,800.6405972433702,0.05833218568370577,148.08397680490432,895.7976764896353,1.939769071475948,148.70345519476737,546.4171548794983,2.5592474613389946,150.2409368852083,97.95463656993923,4.096729151779922,-1.0667228228603252,800.0257252943616,-0.556539763324984
213,2.13,-0.10359157995319646,1700.9897970206562,0.4037435603543573,-1.5066510019658526,1549.5867375986436,-0.9993158616582989,-0.5129444072679975,1300.5804441933415,-0.005609266960443726,-0.24373000695307045,1400.8496585936564,0.2636051333544833,1.2586584042825608,1202.352047004892,1.7659935445901145,0.07283580330696471,1101.1662244039164,0.5801709436145185,-1.5357564971263926,999.557632103483,-1.028421356818839,-198.53207350844,1501.12465379121,-1.2691403580007667,-344.2591199233603,1404.5169492499438,0.5580993906470613,-454.23913887500447,1200.8320201336167,-2.5346659818546677,-502.1167895434461,1049.070523951929,2.911250568790873,-3.0760735185468593,802.1662971893527,2.416494327702199,-1.198803865524296,799.8945847350851,-0.6914687252167424,1.2152284332032708,802.3086170338127,1.7225635735108245,-0.5919203673935473,800.5014682332159,-0.08458522708599349,-0.2240756168867301,800.8693129837227,0.2832595234208236,199.64166001015013,1500.5298385512522,-1.863955597958444,345.6305270476738,1395.3513417905322,-0.7751781324497633,453.0780836698973,1206.3228461735323,2.421697633869225,501.52740392950267,1046.588370072562,-2.068232472251194,-0.06817741886901002,805.1205908543005,-2.2779164287155624,-1.0222305992707845,800.0711580013386,-0.5148954589632309,-0.296429604370468,800.7969589962389,0.21090553593708575,-0.26166691348003585,800.8317216871294,0.2456682268275179,0.6626171875466145,801.756005788156,1.1699523278541681,-149.63544814804834,902.8454299265326,-3.6044664562325943,-148.19637937760797,554.284498696973,-2.1653976857922084,-148.60740790870022,103.87347016588066,-2.5764262168844785,-2.4631214293446755,798.6302671712648,-1.9557862890371216,148.7740735831767,896.2931955085958,2.743091891360917,148.21942828588968,545.7385502113087,2.188446594073927,148.79337539112169,96.31249731654079,2.762393699305932,-0.9045886846715793,800.1887999159378,-0.3972535443640255
214,2.14,-0.9843583915866319,1700.1096618698095,-0.48007123743319924,-1.2197102689218202,1549.8743099924743,-0.7154231147683877,0.22804401411145048,1301.3220642755077,0.732331168264883,-0.565239056781102,1400.5287812046151,-0.060951902627669474,-1.2797824787524494,1199.8142377826437,-0.7754953245990169,-1.1824114387688511,1099.9116088226274,-0.6781242846154186,0.04591128632825281,1001.1399315477245,0.5501984404816853,-197.58481110520296,1502.2560556313235,-0.20071489157658107,-344.89462843873565,1404.0606348401486,-0.28102277448725543,-455.05618511520095,1199.8128543772546,-3.3654733828503653,-501.45091724096045,1049.9146887708573,3.607857736627526,-1.673075510945602,803.3740218678001,3.9982798100014154,0.37685176474986426,801.470872026146,0.8811389189032968,-1.457162756133,799.6368575052632,-0.9528756019795677,0.20061373925145531,801.2946340006476,0.7049008934048878,-2.5303167335133634,798.5637035278828,-2.0260295793599306,200.0232262813284,1501.1100058418413,-1.3467646810588219,346.47699866085514,1396.1540375209108,0.04938481282335738,451.8523314135179,1205.3074797359538,1.5433330178558593,500.8412435824992,1045.4191811820024,-2.9146632810111033,-0.30833960463646914,805.3394653620092,-2.140146463604804,-2.1221087402561594,798.97191152114,-1.617821586102727,-0.617766447829528,800.4762538135667,-0.11347929367609548,-0.1699407631886608,800.9240794982076,0.3343463909647717,-0.002010417158625377,801.0920098442375,0.5022767369948071,-147.56709808560578,905.1091456743162,-1.6377631485134843,-149.41052874139893,553.265715018523,-3.4811938043066477,-149.1830104349657,103.49323332495626,-3.2536754978733975,-2.6832380892954673,798.4107821721008,-2.178950935142035,148.66507383745244,895.9888300775305,2.735738900360139,149.1893396492051,546.5130958892831,3.260004712112816,149.44837325887113,96.77212949894916,3.5190383217788397,-0.45904412508521486,800.6349761363109,0.045243029068217644
215,2.15,-0.028067212694180776,1701.0662736608524,0.47297147097362585,-0.031287407894941,1551.0630534656516,0.46975127577286563,-2.0481438468713957,1299.0461970266751,-1.5471051632035893,-0.3826746089185185,1400.711666264628,0.11836407474928812,0.12391660413499206,1201.2182574776816,0.6249552878027986,-0.792619465211866,1100.3017214083347,-0.2915807815440594,-0.8855830360336445,1000.2087578375131,-0.38454435236583784,-197.83206975853614,1502.193717140689,-0.32402422269337117,-344.7955038574465,1404.3499723158807,-0.36494018796625083,-455.55102638599834,1199.0975738624556,-3.8827970701686016,-501.92075483078713,1049.6026481625609,3.1314364161856396,-4.014058578715392,800.8065733990055,1.7945822793512356,-2.039599893732671,799.054740979814,-1.5385612100648642,-0.03618453755200046,801.0581563359947,0.46485414611580617,-0.4730134287119213,800.6213274448348,0.028025254955885287,1.189975227399057,802.2843161009458,1.6910139110668636,198.63812541779583,1499.9225162132439,-2.5952251501385635,345.67886683464866,1395.3048767276305,-0.78501077459714,453.057995537759,1206.7219157800282,3.0992608004571807,501.22914296247825,1045.345089899592,-2.6620000837151196,-0.48273286505101365,805.6048126961456,-1.9287284604825958,-1.4472421690627764,799.6470987044839,-0.9462034853949697,-0.2825231930892221,800.8118176804575,0.21851549057858455,-3.0977847678785753,797.9965561056681,-2.5967460842107686,-1.146679611594231,799.9476612619525,-0.6456409279264244,-148.5224576757469,904.3499313303466,-2.6828449194953814,-149.4225105999733,553.4498784061202,-3.5828978437217716,-148.50201342568062,104.37037558041288,-2.6624006694291102,-0.9096488573787039,800.184692016168,-0.40861017371089725,148.95281883869706,896.0804298326035,3.113206082445555,147.89449248663914,545.0221034805456,2.054879730387614,149.45789606612212,96.58550706002863,3.618283309870601,-0.4852835924972827,800.6090572810494,0.015755091170523955
216,2.16,-1.4169529794676032,1699.6773953298102,-0.919363591532184,-0.27058481752184604,1550.823763491756,0.22700457041357314,-0.48106504710145576,1300.6132832621763,0.016524340833963425,1.4416637403306587,1402.5360120496084,1.939253128266078,-0.6700984739764126,1200.4242498353015,-0.17250908604099346,-0.42262798887167563,1100.6717203204062,0.07496139906374355,-0.9594736435633383,1000.1348746657145,-0.4618842556279191,-199.14637093426202,1501.0648908176559,-1.5117472757535573,-345.42491858938774,1403.9214677154064,-1.1562228288984375,-454.0373826874297,1200.3727982677847,-2.400317458846328,-502.1304968308755,1049.5306850588072,2.878270133513932,-5.358085359919887,799.2050940124084,0.5453743202597865,-1.06377681805355,800.0305714912242,-0.566187430118131,-0.8521364512132784,800.2422118580645,-0.35454706327785923,-0.8349288706752489,800.2594194386025,-0.3373394827398297,-1.4323061646340165,799.6620421446438,-0.9347167766985973,202.01387069518194,1503.4946388705532,0.9180007771438188,345.167838848621,1394.7354004763947,-1.3466403653087755,452.1678005691139,1206.0379938340845,2.5609064964078345,501.39148962665223,1045.0692725201413,-2.608271208091539,-2.845012081148559,803.6601603179012,-3.9003680490163743,-0.3693218918701342,800.7250264174077,0.12826749606528498,1.555524687942968,802.6498729972208,2.0531140758783875,0.5083401842852057,801.602688493563,1.0059295722206247,0.3920524338763195,801.4864007431541,0.8896418218117387,-148.0766706857061,904.9926204929563,-2.3145468510490863,-149.89731813711145,553.171973041551,-4.135194302454427,-148.20801339169137,104.86127778697104,-2.445889557034353,-0.4991948293088382,800.595153479969,-0.0016054413734189754,149.03299254252028,895.9637013638579,3.2708687078632632,149.93032304043155,546.8610318617692,4.168199205774522,148.1687221092773,95.0994309306149,2.406598274620289,-1.466772793869946,799.6275755154079,-0.9691834059345268
217,2.17,-0.9445614940557922,1700.1494790460763,-0.4506224910348433,-1.61122446830848,1549.4828160718237,-1.1172854652875313,0.06924296807130903,1301.1632835082034,0.5631819710922579,-0.783281665320011,1400.310758874812,-0.28934266229906214,-0.489691697012853,1200.6043488431194,0.004247306008095891,-0.5599750361886244,1100.5340655039436,-0.06603603316767556,-2.534900875955862,998.5591396641762,-2.0409618729349135,-198.2610014247507,1502.1360624622052,-0.4973314610829985,-344.2434150155892,1405.3142007215883,-0.11489163547692605,-454.3237010685169,1199.830490474252,-2.72640104344407,-503.0932168948362,1048.686397347741,1.8360448033909047,-3.4679498784546534,800.8072397857179,2.4872224110029904,-1.0293051042420291,800.06473543589,-0.5353661012210803,-1.0199283722633512,800.0741121678687,-0.5259893692424022,0.13915536174460974,801.2331959018767,0.6330943647655586,-0.7331398176796656,800.3609007224524,-0.23920081465871676,198.74039464912445,1500.416063448671,-2.2173304746174174,345.4415369372454,1394.9431112730024,-1.137806667641392,452.04401118970316,1206.117080310099,2.7892239901842486,501.5191527190292,1044.785247181015,-2.561214660695973,-0.661895659122087,806.2360878145755,-1.3248317469966664,-0.20782115442425797,800.8862193857078,0.28611784859669087,-1.6256584515280874,799.468382088604,-1.1317194485071385,-1.395387782206141,799.6986527579259,-0.9014487791851921,-0.9604532169705915,800.1335873231615,-0.46651421394964265,-147.4328111810223,905.8341015406652,-1.7356720285175904,-148.61005472834938,554.6568579933381,-2.912915575844677,-147.52984575427323,105.73706696741435,-1.8327066017685096,-1.744102792953735,799.3499377471783,-1.250163789932786,149.18938558387944,895.922472862192,3.492246431374771,147.1775175752725,543.910604853585,1.4803784227678325,146.8374020861439,93.57048936445638,1.1402629336392176,-0.11433399472744443,800.9797065454046,0.3796050082935044
218,2.18,-1.1780065309117778,1699.9154091071073,-0.6879191884814994,-0.6517802629792814,1550.4416353750398,-0.16169292054900303,-0.6671237475177029,1300.4262918905013,-0.17703640508742455,-0.5601901958221139,1400.533225442197,-0.07010285339183556,0.6344422459056938,1201.7278578839248,1.124529588335972,-0.10267270244044913,1100.9907429355785,0.3874146399898292,-0.169303110677281,1000.9241125273418,0.32078423175299736,-199.45784765827327,1501.1251171540687,-1.5628267682002228,-345.1742162385751,1404.6045146004706,-1.1637309379968406,-453.8643991292047,1200.0167124726001,-2.315344082227449,-502.76499087159203,1049.1145640679679,2.0497168018024396,-1.94860475330337,802.00875407606,4.014864242105927,-0.4900867225919581,800.603328915427,6.198383202260516e-07,-1.885458037278207,799.2079576007408,-1.3953706948479287,-1.4635745890759275,799.6298410489431,-0.9734872466456492,-0.7097991433643532,800.3836164946547,-0.21971180093407486,198.80985948294978,1500.6787107294745,-2.009233192794322,345.95933193594783,1395.3873078596193,-0.6990058793528342,450.80792583992394,1205.0795658142677,1.904194063192764,503.20994133526114,1046.0933118471346,-0.9218345613375221,-2.314314111426806,804.9490997632611,-2.586070868355659,-0.7557801437019318,800.337635494317,-0.2656928012716534,-1.749555464908335,799.3438601731107,-1.2594681224780566,-0.12326836578772626,800.9701472722313,0.3668189766425521,-1.1534020025786855,799.9400136354403,-0.6633146601484071,-148.62305948225261,904.8421410938593,-2.9781684788734166,-149.61512601765162,553.8500745584603,-3.9702350142724194,-149.99926265964652,103.46593791646544,-4.354371656267312,-1.7210034072942926,799.3724122307248,-1.230916064864014,148.85663781197096,895.391437235859,3.211746808591731,147.91689157209007,544.4516909959782,2.2720005687108626,148.96743960049844,95.50223902438648,3.3225485971192192,-1.3164535182407269,799.7769621197783,-0.8263661758104486
219,2.19,-0.6769838648041636,1700.4154879114174,-0.19094956726138318,-0.07442217921724381,1551.0180495970042,0.4116121183255366,0.20826174730696212,1301.3007335235284,0.6942960448497426,0.1949183661549968,1401.2873901423766,0.6809526636977772,-0.29361840959119256,1200.7988533666303,0.19241588795158787,-1.1426083237647129,1099.9498634524568,-0.6565740262219324,-1.8660031456199793,999.2264686306015,-1.3799688480771988,-198.59646329933852,1502.1722719420115,-0.5679531462430436,-346.3657461146792,1403.6434971066665,-2.450809857001078,-455.77815633033265,1197.8133331870147,-4.285664272231244,-500.65908488485974,1051.3029449260528,4.007313868946636,-4.488245711374322,799.1223815287359,1.4401261039074833,0.024964532645087245,801.1174363088666,0.5109988301878676,-0.8392242747279681,800.2532475014935,-0.35318997718518774,-0.8201662893730084,800.2723054868485,-0.334131991830228,1.0464946065681122,802.1389663827896,1.5325289041108925,199.22994096746837,1501.2900168496085,-1.450208238646034,346.41460145893143,1395.7613443202517,-0.3366696412703436,451.8794855043313,1206.3444777229886,3.324438149845169,502.2875262078124,1044.8194468484317,-1.8654926700012642,-2.3413826872342636,805.2576735383998,-2.226169967911053,0.29047981268143597,801.382951588903,0.7765141102242163,-1.4300501671665828,799.662421609055,-0.9440158696238024,-0.08370418763779652,801.0087675885837,0.4023301099049839,-0.3228691573671118,800.7696026188544,0.16316514017566863,-148.32007846488193,905.3440072069549,-2.7145063263257443,-149.665010125892,553.9990755459448,-4.059437987335808,-149.10638137923908,104.55770429259772,-3.500809240682895,-0.2453452234083342,800.8471265528132,0.24068907413444623,147.5156669072014,893.8515812353646,1.9100947686452003,150.1148157301371,546.4507300583003,4.509243591580935,148.67039478358,95.00630911174322,3.0648226450238307,-0.8913192932863926,800.2011524829351,-0.4052849957436122
220,2.2,1.323297577054344,1702.4145048074224,1.805077415068705,-2.262359885961048,1548.828847344407,-1.7805800479466876,-1.2254547380421486,1299.8657524923258,-0.7436749000277878,0.23507820671037172,1401.3262854370785,0.7168580447247325,-0.27542866180714404,1200.815778568561,0.2063511762072167,-0.2980999145933393,1100.7931073157747,0.18367992342102146,-0.7059557657121183,1000.3852514646559,-0.2241759276977575,-200.35999460692074,1500.5941507770065,-2.1960256387639925,-344.3928994912763,1405.8557114303837,-0.5507535852961094,-455.4718146985131,1197.8141266298296,-4.044002000994898,-500.84741207428044,1051.1808096178686,3.6384653092845083,-3.9171351228342974,799.3190409459332,1.9330986122440452,-1.8843508157053885,799.2068564146626,-1.402570977691028,-1.8023525296812175,799.2888547006868,-1.3205726916668565,0.13630797258796212,801.227515202956,0.6180878106023229,-0.8392065898578388,800.2520006405102,-0.35742675184347805,200.67351874363118,1502.9226239092445,0.13244749347410734,345.31649922708493,1394.5744001088121,-1.541396075311653,452.84538364258003,1207.497593970716,4.635333265469376,503.3337377671487,1045.547595187975,-0.8096218180749885,0.1549273105786133,808.0576072504995,0.6500053402329846,-0.4022378118385028,800.6889694185295,0.07954202617585793,-0.7309663006837088,800.3602409296843,-0.2491864626693481,-1.5489225100091772,799.5422847203589,-1.0671426719948165,-1.7169141827991004,799.3742930475689,-1.2351343447847396,-147.84439071090176,906.0190917852877,-2.2650556706293097,-148.95473687077686,554.9087456254126,-3.3754018305044227,-148.18753009256457,105.67595240362495,-2.608195052292127,-0.25332610054039617,800.8378811298277,0.22845373747396458,147.72879483039029,893.8653123342008,2.149459790117838,148.18179035239143,544.318307856202,2.6024553121189835,149.07365865037488,95.21017615418536,3.494323610102429,-0.14179846949879416,800.9494087608692,0.3399813685155666
221,2.21,-2.4493883618619385,1698.6402320175093,-1.9720643497109074,-0.2798255153874237,1550.8097948639838,0.1974984967636073,0.4995630076376565,1301.589183387009,0.9768870197886874,0.2994775864749768,1401.3890979658463,0.7768015986260077,0.19640691504945673,1201.2860272944208,0.6737309272004877,-1.0024416983548907,1100.0871786810164,-0.5251176862038597,-0.5192104443669927,1000.5704099350044,-0.04188643221596172,-200.4002347063304,1500.7387305331533,-2.0990084289570072,-345.1101290379172,1405.3861107938637,-1.3178309398342931,-453.3217842239098,1199.6433650917454,-1.9665264711001278,-501.33528053260216,1050.7441745553072,2.939639079089437,-2.518271486894269,800.3171501073471,3.211463853945702,-1.766034426367982,799.3235859530033,-1.288710414216951,-2.2822690783200614,798.8073513010513,-1.8049450661690305,-0.2924740979178495,800.7971462814535,0.18484991423318148,0.6608068763889008,801.7504272557602,1.1381308885399317,199.41607530693778,1501.8517792602954,-0.985959701814989,344.4294331224133,1393.5909585722877,-2.548472330239304,449.7841823596089,1204.616563128169,1.9141331811911333,503.21907336125037,1045.1501535537093,-0.8832283430674305,-2.1276114662407224,806.0446376622828,-1.2625689898590764,-1.441559777091756,799.6480606022795,-0.9642357649407252,-2.3220437008606813,798.7675766785106,-1.8447196887096502,-0.17443573141296997,800.9151846479584,0.302888280738061,0.15061259943058802,801.2402329788019,0.627936611581619,-149.19950023372712,904.8637885074568,-3.633208906980072,-148.98736581597285,555.075922925211,-3.42107448922582,-147.85370802218856,106.2095807189953,-2.2874166954415216,-0.8928166428784995,800.1968037364928,-0.41549263072746856,148.05535840078974,893.9920696596059,2.48906707404272,147.3637344603431,543.3004457191593,1.797443133596055,148.34325053316252,94.27996179197866,2.7769592064154716,-1.3464889520792724,799.743131427292,-0.8691649399282415
222,2.22,-0.1598969041364895,1700.9278128021942,0.3127700431162998,-1.3738924585248136,1549.7138172478058,-0.9012255112720242,1.2914772357837734,1302.3791869421143,1.7641441830365627,-0.20267387564728556,1400.8850358306834,0.26999307160550373,-1.1059885320621483,1199.9817211742684,-0.6333215848093591,-0.112601642674799,1100.9751080636559,0.3600653045779903,0.4470616607812341,1001.5347713671118,0.9197286080340235,-198.4583065792045,1502.8646583114958,-0.01819760010464866,-346.2361103329116,1404.5153750314284,-2.470619843263478,-453.9757800812917,1198.654080240795,-2.700673825236952,-501.4160780051964,1050.7011015804155,2.6194403354330635,-0.3186732059377686,802.0913342432568,5.249205645493634,-2.0392483364181655,799.0484613699125,-1.5665813891653761,-0.6698922650778474,800.4178174412527,-0.19722531782505812,-1.197204655173973,799.8905050511567,-0.7245377079211837,-0.4114763529585491,800.676233353372,0.061190594294240175,198.18010995272556,1500.7997497528188,-2.0831061587815816,346.4001313357921,1395.457873332849,-0.7108092671907761,450.10495239397096,1205.109548333796,2.5686134055475445,501.74900097317607,1043.4342615109717,-2.2805960836968495,-2.9058226446817756,805.5001163610862,-1.6833941129711976,-1.0299829235440072,800.0577267827866,-0.5573159762912179,-0.7574257600868044,800.3302839462439,-0.2847588128340151,-1.124474992294674,799.9632347140359,-0.6518080450418846,-1.7279219062077105,799.359787800123,-1.2552549589549213,-148.47792262734558,905.7854624042997,-2.9114113360622027,-149.01074979984674,555.2526352317984,-3.444238508563363,-146.55246452864742,107.71092050299775,-0.9859532373640563,-0.07534952640608417,801.0123601799246,0.3973174208467051,148.27255259117607,894.0091675595309,2.7060412998926973,148.72373353019086,544.4603484985457,3.1572222389075053,148.1391841949863,93.87579916334116,2.572672903702959,-1.2899473566965753,799.797762349634,-0.817280409443786
223,2.23,-2.237380493399614,1698.848093306,-1.7695716434720177,-0.27239740759508446,1550.8130763918045,0.19541144233251195,-1.112490913724621,1299.972982885675,-0.6446820637970245,-1.814640630786363,1399.2708331686133,-1.3468317808587664,-1.5412249099340336,1199.5442488894655,-1.073416060006437,-0.23210547371717982,1100.8533683256824,0.2357033762104166,-1.9638745685361285,999.1215992308635,-1.4960657186085322,-198.67817509200378,1502.8277397059553,-0.09773293195176203,-346.38447111131677,1404.629183241918,-2.6227366405982577,-453.69707138112244,1198.5838124279621,-2.5093969751382508,-502.59375219527067,1049.5491999830192,1.176112757543779,-3.706747848951677,798.2550470157445,1.6592317564256747,0.4022295681496476,801.4877033675493,0.870038418077244,-1.3578170054811074,799.7276567939185,-0.8900081555535111,-2.1475972992691683,798.9378765001305,-1.679788449341572,-1.6516325853142821,799.4338412140853,-1.1838237353866856,200.3121568637801,1503.1128401206524,0.18736748274555504,344.69720405357424,1393.6439299724846,-2.5593808373505706,450.33699385758973,1205.504951995569,3.1267968869512828,501.29561259338425,1042.773442155523,-2.6296386913945424,-4.679026095717962,803.9231245559,-3.1143279371902857,-2.048515750815997,799.0369580485836,-1.5807069008884005,0.7382562107433769,801.823730010143,1.2060650606709733,-2.6501756707332693,798.4352981286663,-2.182366820805673,-1.7309855201697952,799.3544882792298,-1.263176670242199,-148.39883422004223,906.0648005158989,-2.8188106427185464,-148.09202781087203,556.3716069250692,-2.512004233548345,-147.6516943740258,106.81194036191535,-2.0716707967020995,-1.8427182754770595,799.2427555239226,-1.3749094255494632,149.45752480945316,894.993890073512,3.877501232129482,148.08397493003517,543.620340194094,2.503951352711492,150.3194536579118,95.85581892197065,4.739430080588109,-0.25343496460510995,800.8320388347945,0.21437388532248647
224,2.24,-1.218800783001948,1699.8641105696158,-0.7560507766267005,-1.480995344679723,1549.6019160079381,-1.0182453383044756,-1.1950143730521525,1299.8878969795658,-0.732264366676905,0.6760262752795283,1401.7589376278975,1.1387762816547757,-1.734390378410388,1199.3485209742075,-1.2716403720351406,-1.6359569356315937,1099.4469544169863,-1.173206929256346,-3.5116230440302005,997.5712883085878,-3.048873037654953,-199.0636943897146,1502.6238917043042,-0.34164506002365846,-345.81753812325235,1405.4644690583364,-2.036582700675327,-454.9302098277415,1196.9888798281247,-3.8368955072614543,-501.4580187463297,1050.700399919332,2.0223107359551653,-3.572314507320153,797.9205364793689,1.5533405678185113,-0.5262176552740478,800.5566936973439,-0.06346764889880036,0.7218515607210247,801.804762913339,1.1846015670962722,-0.5142897320761277,800.5686216205419,-0.05153972570088022,-0.6728253824989339,800.4100859701191,-0.2100753761236864,199.73293371626855,1502.711541881893,-0.25399488243497337,345.76320335006375,1394.5919056862222,-1.6511654817015016,450.55361703482157,1205.8752005546075,3.6607397257748313,501.8061385298994,1043.1161056177248,-1.9833889049055533,-1.5556877303488994,807.2038362727347,0.3337840045000853,-0.891387195143733,800.1915241574742,-0.4286371887684855,-0.6577954522291581,800.4251159003888,-0.19504544585391062,0.256905629183543,801.3398169818015,0.7196556355587904,-1.6127829133589588,799.470128439259,-1.1500329069837112,-149.36341260387266,905.3004712568431,-3.7565976130148746,-148.43181688542234,556.2320669752934,-2.8250018945645685,-148.55406964365525,106.10981421706056,-2.947254652797469,-1.1144035291697316,799.9685078234482,-0.6516535227944841,147.45631481918997,892.7924309584743,1.8494998283321982,147.75067667730113,543.0867928165853,2.143861686443344,147.1778412519979,92.51395739128209,1.5710262611401198,-1.5660219627359755,799.516889389882,-1.1032719563607278
225,2.25,0.17814966550109845,1701.258170832208,0.6356404481420487,-2.4262997623675977,1548.6537214043394,-1.9688089797266477,0.5061401576363997,1301.5861613243433,0.96363094027735,-1.83361672548635,1399.2464044412206,-1.3761259428453998,-2.5716268022079323,1198.508394364499,-2.114136019566982,0.17547803278799812,1101.2554991994948,0.6329688154289483,-0.6364412814912055,1000.4435798852159,-0.1789504988502553,-199.66725859603315,1502.2004922825072,-0.8025059394911627,-345.81457133423646,1405.7411887957899,-1.9915780360662723,-454.8173014004723,1196.728104307256,-3.8248887761284696,-498.4933138392102,1053.6719804713878,4.676125670264533,-1.8204130116009618,799.1850223441661,3.028398490820778,-1.7778399593809415,799.302181207326,-1.3203491767399913,0.0981136718140091,801.178134838521,0.5556044544549593,-2.222713553482221,798.8573076132247,-1.7652227708412709,-0.9085637213129519,800.171457445394,-0.45107293867200177,199.45271985522345,1502.6059118050543,-0.3970864169439029,345.5466662146281,1394.2506118327797,-2.0371046200985656,449.0601724543784,1204.5247785077313,2.474566090628157,502.58725262192263,1043.7698454745919,-1.0356947699138093,-4.104467970507962,804.7724809919623,-1.9099225360836702,0.19898468552967374,801.2790058522367,0.656475468170624,-1.0653227848472802,800.0146983818597,-0.6078320022063299,-1.4994463384841468,799.5805748282229,-1.0419555558431965,-0.11835583800502103,800.961665328702,0.3391349446359292,-146.4141268901935,908.4498341404855,-0.7672964390789709,-148.75934042746002,556.104620603219,-3.1125099763454673,-149.30139217764838,105.56256885303053,-3.654561726533857,0.681183973435775,801.7612051401428,1.1386747560767252,148.17832645664637,893.3143654259674,2.5314960055318316,147.51371627028115,542.6497552396022,1.8668858191666158,149.1605554305278,94.29659439984887,3.5137249794132757,-1.1482186930131943,799.9318024736938,-0.6907279103722442
226,2.26,-0.7516127092238168,1700.3251894406053,-0.2995810843853855,-2.2742529205045794,1548.8025492293245,-1.822221295666148,0.6121502047479076,1301.688952354577,1.064181829586339,-0.5370928076946034,1400.5397093421345,-0.08506118285617209,1.0411216905365563,1202.1179238403656,1.4931533153749879,-1.2918318270123765,1099.7849703228167,-0.8398002021739452,0.8109953369500348,1001.8877974867792,1.2630269617884662,-202.0114236177351,1500.0347588943425,-3.003050411611869,-346.21572894091065,1405.6183589961906,-2.328125418020733,-452.89737422239455,1198.2634408589158,-2.0119853444174156,-501.083444630667,1051.0818993039716,1.7564133362445316,-0.8323384717245195,799.6696461863419,3.7052897957850233,-1.2082501129701968,799.8685520368589,-0.7562184881317655,0.7182242367933594,801.7950263866225,1.1702558616317909,-1.0007159546317819,800.0760861951973,-0.5486843297933506,-1.7851281628235394,799.2916739870055,-1.333096537985108,199.5068507983647,1502.831066699318,-0.20674260663637956,345.48434271989856,1394.0571213901778,-2.2798762183096644,446.73367114088023,1202.3298525792206,0.4440932268167588,503.11796343031676,1044.2143232170463,-0.3083276961306333,-3.858492706175687,805.095081820129,-1.3805857756920328,-0.19270365016986235,800.8840984996592,0.259327974668569,-1.365809130224998,799.7109930196041,-0.9137775053865667,-1.578508842873982,799.4982933069551,-1.1264772180355507,-1.3645625517774702,799.7122395980516,-0.9125309269390389,-149.76952400650075,905.2941535476496,-4.069550926513,-148.33824827187726,556.725429282273,-2.6382751918895044,-149.0108207748047,106.05285677934557,-3.3108476948169554,-0.7479748094638976,800.3288273403651,-0.2959431846254662,149.36066845575024,894.2969909016,3.660695375762483,150.99449615242094,545.9308185982707,5.294523072433186,147.98581823499254,92.92214068084225,2.285845155004786,-0.3092967661711301,800.767505383658,0.14273485866730123
227,2.27,-1.7867062822233803,1699.2865470360866,-1.340333222880973,-0.7734595300917612,1550.2997937882183,-0.3270864707493538,-1.2873100065249463,1299.785943311785,-0.840936947182539,-1.495584247104427,1399.5776690712055,-1.0492111877620196,-1.8096235112365195,1199.2636298070734,-1.3632504518941122,-0.08948396363397437,1100.983769354676,0.35688909570843297,0.29831573555848856,1001.3715690538685,0.7446887949008959,-200.0397110446411,1502.1829448645055,-0.886979864487244,-346.2892025326885,1405.8269240301079,-2.314744321389591,-452.6951057653437,1198.071247470244,-1.9224119120209622,-499.4785585184184,1052.6818031226362,3.0158015330296446,-2.2525268397235236,797.7325690307632,1.9420132843039282,0.24684927400834,801.3201025923183,0.6932223333507473,-1.4295305961441138,799.6437227221659,-0.9831575368017064,0.2443175772259959,801.3175708955359,0.6906906365684032,-0.4947854895619875,800.578467828748,-0.04841243021958014,200.9137934591863,1504.4052589194155,1.3353341904228024,345.2640753332269,1393.6996473205809,-2.6910174250390337,450.2291313367491,1205.9446223160564,4.223182829183985,502.41277544367574,1043.464424867127,-0.787818297767829,-3.2890008693038633,805.6998149864378,-0.5512515641460369,0.4450724112402048,801.5183257295502,0.8914454705826121,-0.008075447990597007,801.0651778703193,0.43829761135181033,-1.1794952633200548,799.8937580549899,-0.7331222039776475,-2.029932188017457,799.0433211302925,-1.5835591286750494,-149.68012146134672,905.5827061133557,-3.914017031181194,-149.40420228502245,555.8586252896799,-3.638097854856921,-149.04526048868968,106.21756708601274,-3.2791560585241477,-0.7030547189587055,800.3701985993513,-0.2566816596162982,148.24193822098133,892.979110646279,2.475833790815801,148.28543123786255,543.0226036631601,2.5193268076970297,148.2096271920619,92.94679961735947,2.4435227618963724,1.0319472152053724,802.1052005335154,1.4783202745477797
228,2.28,-1.4674903936927968,1699.6018834036317,-1.0269747007425363,-0.5899668038094918,1550.4794069935149,-0.14945111085923135,-1.201885190745097,1299.8674886065794,-0.7613694977948364,-0.8814415672925188,1400.187932230032,-0.4409258743422583,-1.0228453165860203,1200.0465284807385,-0.5823296236357598,-0.4931584732976189,1100.5762153240269,-0.052642780347358475,-0.6350235816116623,1000.4343502157128,-0.1945078886614018,-199.67664325118375,1502.720304578798,-0.3789970944710898,-345.22904614897845,1407.1719299961696,-1.14589845478501,-454.4349472796521,1195.9281575386517,-3.780139615564111,-498.4635612212234,1053.6885891358663,3.672248223618455,-2.9093772722751092,796.5481306655087,0.9128401755815683,-1.0740243626389396,799.9953494346855,-0.6335086696886792,-0.7011930892406668,800.3681807080837,-0.2606773962904064,-0.2866342736871611,800.7827395236372,0.15388141926309934,-0.8038245804939552,800.2655492168304,-0.3633088875436947,200.6233946383882,1504.2781251338597,1.1788234605905568,346.352746951497,1394.6454894275616,-1.802978692133212,449.41670210289504,1205.2384474987532,3.680869169624945,503.601587079274,1044.6501565621281,0.6544467582399673,-1.7248528859542223,807.2575063409556,1.2476301776141994,-1.0963137747779192,799.9730600225465,-0.6557980818276588,-1.5669665512730682,799.5024072460513,-1.1264508583228077,-0.5787040025641762,800.4906697947603,-0.13818830961391576,-1.3688290553010436,799.7005447420233,-0.9283133623507831,-147.34376520577374,908.1174231031154,-1.4987203543205714,-148.43181836238827,557.0293699465009,-2.5867735109350822,-147.9368588582446,107.52432945064449,-2.0918140067914077,1.2516348720121404,802.3210086693366,1.6921505649624007,148.9409432087655,893.4797548998764,3.095898357312334,146.79355849960737,541.3323701907183,0.9485136481542031,148.24117657459038,92.77998826570133,2.3961317231372234,-0.27885300107235356,800.790520796252,0.16166269187790688
229,2.29,-0.21876749184189492,1700.846395329702,0.21569272117088473,-1.6442904284770707,1549.420872393067,-1.209830215464291,-1.0840116138575597,1299.9811512076863,-0.64955140084478,-0.5345192966099708,1400.530643524934,-0.10005908359719118,-1.0795374357831318,1199.9856253857608,-0.6450772227703521,0.8239598432325069,1101.8891226647763,1.2584200562452865,-1.2728780329519458,999.792284788592,-0.8384178199391661,-200.67963205627169,1501.8892051143234,-1.2366947252572726,-345.99703711199567,1406.6906670272097,-1.7838547627633172,-454.4190701533373,1195.5331301451506,-3.886832395418571,-500.22645124762937,1051.9160501407787,1.5406828012680902,-0.8061613758505284,798.1159207563782,2.617383289087864,-1.1338747898951587,799.9312880316488,-0.6994145768823791,-3.1890093295960504,797.876153491948,-2.754549116583271,-2.6516940460940535,798.4134687754499,-2.2172338330812735,-0.3296259309704169,800.7355368905736,0.10483428204236273,197.93861565592422,1501.752421228424,-1.3734786111566062,342.67961248914776,1390.824364539751,-5.685794540544416,446.89498286460616,1202.8091714180466,1.4146830279410956,502.4401429496808,1043.527096595457,-0.22731565573065324,-2.285922338317574,806.6482424795538,0.8948238304991728,0.38108434917972855,801.4462471707237,0.8155445621925081,0.8313508626562199,801.8965136842003,1.2658110756689995,-0.8819488356229952,800.183213985921,-0.44748862261021555,-0.8592435994955413,800.2059192220485,-0.4247833864827617,-147.90518563259016,907.753334737098,-1.968611638291687,-148.4115830147469,557.2469373549413,-2.4750090204484048,-148.31582755727982,107.34269281240846,-2.3792535629813276,-2.0898134151469967,798.9753494063971,-1.6553532021342172,148.42153741967195,892.7630170499837,2.4849634253734623,149.89146404141204,544.2329436717238,3.9548900471135564,147.82403441155293,92.16551404186465,1.8874604172544442,-0.4050296791920927,800.6601331423519,0.029430533820686944
230,2.3,-1.494128805844849,1699.566490929903,-1.0659214183110146,-0.26206562439978953,1550.798554111348,0.16614176313404483,-2.046804297230275,1299.0138154385174,-1.6185969096964408,-0.5475773433941802,1400.5130423923536,-0.11936995586034588,-0.5601328092712353,1200.5004869264765,-0.13192542173740096,-1.0379182214340927,1100.0227015143137,-0.6097108339002585,-0.11038850032584668,1000.9502312354219,0.3178188872079877,-200.95229904115254,1501.7858062095975,-1.3638752846799878,-347.00426394336523,1405.9710846833616,-2.6402692161420145,-453.1646514772132,1196.3701609193722,-2.7591346984008958,-498.66555637534503,1053.4676178031139,2.7257450686531715,-0.37897102460312315,798.0028102337582,2.6226260127376197,-1.5399658734401784,799.5206538623077,-1.111758485906344,-1.0904209799174776,799.9701987558303,-0.6622135923836432,-0.6563924833931406,800.4042272523546,-0.22818509585930624,-0.6627813356609427,800.3978384000868,-0.23457394812710827,199.92005725580742,1503.888547476655,0.7388659823774628,347.05131521715805,1395.0434212236905,-1.5320697658986522,447.6542761044401,1203.6463772033107,2.413908610571374,503.066678220874,1044.2330417402004,0.7033686882992884,-3.079639904925092,805.7648274025196,0.2817721270208212,-1.0107726411025988,800.0498470946452,-0.5825652535687644,0.9032249356434954,801.9638446713913,1.3314323231773297,-0.34353860506297257,800.7170811306848,0.08466878247086179,-1.8996740725973729,799.1609456631504,-1.4714666850635385,-149.49678356128996,906.3577846136418,-3.456352112238748,-149.926157398979,555.9284107759528,-3.8857259499277808,-149.76469983931523,106.08986833561656,-3.724268390264009,-0.12001150732152666,800.9406082284263,0.3081958802123077,148.8045201571495,892.9499519822177,2.764088708098299,149.12337904015678,543.2688108652251,3.082947591105562,149.08751701476987,93.2329488398381,3.047085565718664,-0.35907741199396936,800.7015423237539,0.069129975539865
231,2.31,-0.6480821674495956,1700.4076618279453,-0.22632410221073845,-2.3382629541154367,1548.7174810412794,-1.9165048888765794,-1.6696816499091511,1299.3860623454857,-1.247923584670294,-0.46316621926161666,1400.592577776133,-0.04140815402275955,-0.10873140678800586,1200.9470125886069,0.31302665845085126,-1.1572800145797506,1099.898463980815,-0.7355219493408935,-1.7190864778073947,999.3366575175874,-1.2973284125685376,-199.1233160273091,1503.781220072162,0.6106085584060907,-346.55421216447655,1406.7087096198013,-2.0192701994218365,-453.57350878468344,1195.538643539875,-3.2983084760507873,-497.7328158382665,1054.3930606251033,3.278478442368629,0.9409441360167663,798.780592011814,3.5005601360821137,-1.7653879805102595,799.2903560148845,-1.3436299152714024,-0.75424638485116,800.3014976105436,-0.33248831961230296,-1.130147821215708,799.9255961741791,-0.7083897559768507,-1.4288875053860361,799.6268564900088,-1.007129440147179,198.70750390021308,1502.8260930936067,-0.34451842014922135,345.3479314150295,1393.1832825939678,-3.4609375124178055,449.3570040623659,1205.4118080473509,4.340004300746204,502.8364295831372,1044.1225223580109,0.7997538751037202,-2.589796885950507,806.1239773940122,0.9237985233012493,0.4815316762395315,801.5372756716343,0.9032897414783887,-0.6118191792777641,800.443924816117,-0.19006111403890702,-2.0484353279491656,799.0073086674456,-1.6266772627103085,-1.879407896204282,799.1763360991905,-1.4576498309654249,-148.05877515757612,907.9902852820626,-1.9024576385600276,-147.7092108922343,558.3398495474044,-1.5528933732182255,-148.99764659334903,107.05141384628966,-2.8413290743329407,0.6546927537539166,801.7104367491487,1.0764508189927737,148.39970998173905,892.3506495421004,2.243392462722965,147.91551548324983,541.8664550436112,1.7591979642337425,149.8569145075226,93.80785406788391,3.7005969885065126,-1.8087661447337173,799.2469778506611,-1.38700807949486
232,2.32,-0.8076768263901454,1700.2428583407677,-0.39256365077811106,-0.9081633010861627,1550.1423718660717,-0.49305012547412835,-1.7524181723804388,1299.2981169947775,-1.3373049967684045,0.6036486598492043,1401.654183827007,1.0187618354612387,-0.07426534277980712,1200.976269824378,0.34084783283222725,-0.8661691276025372,1100.1843660395555,-0.4510559519905028,-0.41996948988298055,1000.6305656772751,-0.004856314270946183,-200.58919305345074,1502.4787236842535,-0.7099337422288508,-348.5664744318252,1404.982939064843,-3.8411659566275125,-453.3681679311094,1195.3172979180094,-3.226303433965011,-498.3234656345712,1053.7987793746322,2.3066201779485587,0.20974656270687408,797.5085282846675,2.3107298152512765,0.21629994709526312,801.2668351142532,0.6314131227072974,-0.7100482123719829,800.340486954786,-0.2949350367599486,-1.9950371429564822,799.0554980242016,-1.5799239673444478,-0.15719088924229474,800.8933442779157,0.25792228636973963,198.71825729145618,1502.98217001103,-0.20648741545242566,346.6921647463227,1394.3672386381606,-2.3488677946572127,449.0013161320154,1205.1029780011922,4.19021391283963,504.16254834439104,1045.6077217655993,2.472800462946796,-3.311830463500836,805.2310319853877,0.32482571440695374,-0.8683625550014892,800.1821726121566,-0.45324937938945475,-0.8590550615725584,800.1914801055855,-0.44394188596052403,-1.516839215691239,799.5336959514668,-1.1017260400792046,1.0514752183860478,802.1020103855441,1.4665883939980822,-147.3216940208034,908.9200167300157,-1.0377998959122796,-149.43604975600527,556.8056609948138,-3.1521556311141543,-147.8529666231947,108.3887441276244,-1.5690724983035795,-1.1410636161522694,799.9094715510057,-0.7259504405402349,149.2431183467565,893.0014075959374,2.9592242218653775,147.80295224148344,541.5612414906643,1.5190581165923311,149.06577171642297,92.82406096560386,2.781877591531854,-0.7446544174916606,800.3058807496664,-0.3295412418796263
233,2.33,-1.4406268433365006,1699.6043660860846,-1.032353114434402,-1.944101110277476,1549.1008918191437,-1.5358273813753776,-1.5452043390849806,1299.4997885903363,-1.1369306101828822,-0.44600565912868334,1400.5989872702926,-0.03773193022658494,-1.3789562252033098,1199.666036704218,-0.9706824963012113,-1.127048335042113,1099.9179445943792,-0.7187746061400146,-0.399263387241301,1000.6457295421798,0.009010341660797394,-200.23649572406228,1502.99154173369,-0.21224771881178295,-347.52420468580215,1406.3095904162262,-2.5898957851291295,-453.5217832821155,1194.7342459098845,-3.5156796916318567,-495.5257086637856,1056.5981184491336,4.724907113258631,0.6454795426626343,797.4077960666183,2.2746733611897967,0.652324899376589,801.6973178287976,1.0605986282786874,-0.8923180999787708,800.1526748294423,-0.48404437107667236,-0.552667364269373,800.4923255651516,-0.14439363536727462,-1.4161449827194863,799.6288479467016,-1.0078712538173877,196.65490558069783,1501.0591823325328,-2.1446071199689207,346.8148452313821,1394.3267429381124,-2.4641715826998984,448.3048186163236,1204.4369049873455,3.681300098798997,501.5717026024643,1043.2140867596586,0.24679307540548268,-2.525418733670361,805.8073529972994,1.2047822459153328,-0.21767829406741612,800.8273146353537,0.19059543483468228,0.07340729692613823,801.1184002263471,0.48168102582823663,-0.9585838955806454,800.0864090338404,-0.5503101666785469,-1.6286953939237634,799.4162975354973,-1.2204216650216648,-148.71277673177147,907.7194414911982,-2.289990894045596,-148.6042611606484,557.8279570623213,-2.1814753229225174,-148.36904386045754,108.06317436251214,-1.9462580227316557,-0.08051882232190377,800.9644741070991,0.3277549065801946,147.29498921326842,890.8627709902987,0.8722033755425178,149.29166549647664,542.8594472735069,2.868879658750717,148.7785837765251,92.3463655535554,2.3557979387991947,-0.8809763699940267,800.1640165594271,-0.47270264109192833
234,2.34,1.0701715901208146,1702.1092886628558,1.4714124062174592,-1.4460305872939216,1549.593086485441,-1.044789771197277,-0.8905944889200815,1300.1485225838148,-0.4893536728234368,-1.0791190620335622,1399.9599980107014,-0.6778782459369175,-1.0097876326797488,1200.0293294400553,-0.608546816583104,-0.13943037852413342,1100.899686694211,0.26181043757251127,0.09481082647701333,1001.1339278992119,0.496051642573658,-200.05905374352074,1503.325638355589,0.10965781520162476,-346.50745686847677,1407.6075663857278,-1.3463655450696548,-452.57321333089584,1195.2519314509714,-2.704685962442152,-499.39836712939797,1052.7336959118766,0.4773996948715171,-0.05309898955355,796.1802974049149,1.0947293064462558,-1.7460530527805913,799.2930640199543,-1.3448122366839466,-0.7994447756954772,800.2396722970394,-0.39820395959883254,-1.301942154183633,799.7371749185513,-0.9007013380869882,-3.649081560776922,797.390035511958,-3.2478407446802775,197.93606964627574,1502.475572851282,-0.7404076891051801,347.8269518289922,1395.1734328080433,-1.6949814276469304,447.0733086973357,1203.2188478720138,2.6182817467764927,504.26311627005657,1046.139377000433,3.3183966280794355,-2.4411962844453683,805.6436009366365,1.352886455982466,0.46822303760689155,801.5073401103418,0.8694638537035362,0.12594056173261414,801.1650576344675,0.5271813778292589,0.8487204731208565,801.8878375458557,1.2499612892175012,-1.1501162221676844,799.8890008505672,-0.7488754060710399,-146.39456750167986,910.2257007304619,0.17801353540340248,-147.68553754526522,558.9347306868765,-1.1129565081819779,-148.22172795733547,108.39854027480627,-1.6491469202522278,-1.7431956377617928,799.2959214349731,-1.341954821665148,148.40652730419728,891.7862590720555,1.8339462671140305,148.51128161700646,541.8910133848647,1.938700579923212,147.84571166255765,91.22544343041591,1.273130625474399,-0.5699520039364979,800.4691650687984,-0.16871118783985323
235,2.35,-0.29373719702303847,1700.7391703032133,0.10027841184185632,-0.8216055129244759,1550.211301987312,-0.4275899040595812,-0.6534710578263799,1300.37943644241,-0.2594554489614851,0.003414134350272935,1401.0363216345868,0.3974297432151677,-0.6099423616697789,1200.4229651385667,-0.2159267528048841,-2.3189438647021774,1098.7139636355344,-1.9249282558372829,1.6194297179107213,1002.6523372181472,2.0134453267756163,-201.7659521166197,1501.7717262037106,-1.4534801978815866,-348.5929244587088,1405.7991194289068,-3.188183745745583,-452.9384366704509,1194.4557002026531,-3.208678168998901,-496.75179818261887,1055.3964713905827,2.7565435067081863,2.6611742873008177,798.3763262978749,3.321698812158239,0.40018377918705905,801.4330912794235,0.7941993880519538,-3.3061826878563187,797.7267248123801,-2.912167078991424,-1.3012449518847964,799.7316625483517,-0.9072293430199017,-0.7484766639504534,800.284430836286,-0.3544610550855586,197.27205815299268,1501.9414783412624,-1.283728060329925,347.0547010233709,1394.2342152555145,-2.7141662189258833,447.0891906385244,1203.2307256008355,2.782853376456865,501.5465460274751,1043.6916542382846,0.9946521350564199,-1.4691446701319906,806.3313344658162,2.359253424067643,-1.0383491828323335,799.9945583174041,-0.6443335739674387,-1.5896568750627225,799.4432506251737,-1.1956412661978275,-0.9666956016816308,800.0662118985548,-0.572679992816736,-1.1947776178286058,799.8381298824079,-0.8007620089637111,-150.33813013821882,906.4674030879141,-3.6052969475672976,-147.95336542649508,558.8521677996378,-1.2205322358435833,-148.44184496938604,108.36368825674685,-1.7090117787345291,-1.482323473119865,799.5505840271165,-1.0883078642549702,149.05338991746245,892.2478566913296,2.320556726810943,147.053094471837,540.2475612457041,0.3202612811854748,149.25161724767958,92.44608402154671,2.5187840570280713,-0.7594070698809648,800.2735004303555,-0.36539146101607
236,2.36,-2.6914718029417926,1698.3348924250859,-2.304872443472943,-1.6432155037055034,1549.3831487243222,-1.256616144236654,0.5266069685827228,1301.5529711966103,0.9132063280515723,0.20167996508223007,1401.22804419311,0.5882793245510796,-1.0926654885151386,1199.9336987395125,-0.7060661290462891,-1.817157652181665,1099.209206575846,-1.4305582927128153,-0.515669104489056,1000.5106951235387,-0.12906974502020646,-200.79843002871567,1502.8883678378409,-0.34307770431900064,-349.4267318173419,1405.2370644518776,-3.762449215578618,-452.6251654296906,1194.3391816176127,-3.0347355914719443,-497.6885751411172,1054.4850496599054,1.462466154060259,0.3823644067166742,795.5930411832812,0.5533133109258142,-1.307493949611041,799.7188702784166,-0.9208945901421914,-0.638243822476166,800.3881204055515,-0.25164446300731647,-0.757202868365898,800.2691613596618,-0.3706035088970485,-1.367509829460537,799.6588543985671,-0.9809104699916875,198.66587186138563,1503.459734090802,0.22828854864220316,346.34010928745624,1393.3518266466217,-3.6787721897800614,446.6911432074867,1202.81078737289,2.513055505959661,500.66285630628136,1043.1098713792856,0.5135720528547112,-1.2836362722918855,806.1979545400712,2.5498464812618846,-0.6722933861601895,800.3540708418675,-0.28569402669134003,-1.342743094772978,799.6836211332547,-0.9561437353041284,0.10785656234552199,801.1342207903732,0.49445592181437154,-1.248064601943344,799.7782996260844,-0.8614652424744944,-148.21978902736313,908.7678845806673,-1.3167267762351393,-148.81333008612435,558.174343521906,-1.9102678349963793,-147.38044247468835,109.60723113334215,-0.47738022356035814,-0.5223737005070754,800.5039905275206,-0.1357743410382259,149.32455585904188,892.3368822510115,2.4214936079139053,150.4527461039805,543.46507249595,3.549683852852533,150.7849448043927,93.79727119636219,3.8818825532647003,-0.5271137652745451,800.4992504627531,-0.14051440580569557
237,2.37,-0.7053050535486103,1700.314182331968,-0.32631165290583375,-1.2192139266479378,1549.8002734588686,-0.8402205260051614,-1.771632573506007,1299.2478548120105,-1.3926391728632304,-1.9779609704643883,1399.041526415052,-1.5989675698216117,0.573497081576898,1201.5929844670934,0.9524904822196747,-1.834136566262369,1099.1853508192542,-1.4551431656195923,-1.331181199977844,999.6883061855386,-0.9521877993350674,-199.8909129102744,1503.9409439220815,0.706264630318756,-349.52319253914527,1405.4060245826556,-3.584505567056428,-451.1043755835774,1195.4327540302224,-1.6531939476545903,-496.68862194714455,1055.5205323871337,2.1178220160081853,0.4602597073258663,795.1832628797255,0.14302730073507397,-0.3928307410090969,800.6266566445074,-0.013837340366320283,-0.4380180341040603,800.5814693514125,-0.059024633461283726,-1.4364100146524312,799.5830773708641,-1.0574166140096546,-0.5291964828841239,800.4902909026323,-0.15020308224134732,198.80456583631485,1503.7172363274144,0.48255703565171093,345.86310782250786,1392.706944486616,-4.407911757679827,447.6314602197316,1203.7109557412032,3.5606178789533267,501.44454207354283,1044.2244110369575,1.704684772094357,-1.5034560309806613,805.6266688312473,2.3064488609384317,0.28686314584457673,801.3063505313611,0.6658565464873534,-2.0632266280560607,798.9562607574604,-1.6842332274132843,-0.8384142849352092,800.1810731005812,-0.45942088429243266,-0.3139018708689032,800.7055855146476,0.06509152977387339,-147.856671556269,909.3096671337547,-0.7739153904849105,-149.23279616146175,557.933542528562,-2.150039995677675,-148.69410830142596,108.47223038859777,-1.6113521356418803,-0.15440393104156414,800.8650834544749,0.22458946960121245,150.25020441934632,893.0838657293226,3.1674482535622586,148.51595564287354,541.3496169528498,1.4331994770894525,148.5639218974523,91.39758320742858,1.4811657316682307,-1.1534344122503766,799.866052973266,-0.7744410116075999
238,2.38,-1.4726820037994686,1699.5395952119172,-1.1014828583584664,0.028589342785076965,1551.0408665585016,0.39978848822607915,0.008815973121005904,1301.0210931888375,0.3800151185620081,-0.33941412264304716,1400.6728630930736,0.03178502279795503,-0.4351967290334932,1200.5770804866831,-0.06399758359249103,-0.021797352731701358,1100.990479862985,0.34940179270930083,-0.9000910664807144,1000.1121861492359,-0.5288919210397122,-199.54603559687095,1504.4266303226345,1.1917384926041965,-350.19363141930086,1404.993613383138,-3.9667590799092136,-451.15081196429674,1194.9630349617664,-1.8381532199062645,-496.8596957288803,1055.396023308177,1.6172901688384353,2.90087682820461,797.1559563163011,2.1004946593655642,0.3921182388250477,801.4043954545416,0.7633173842660499,0.3271486768580463,801.3394258925747,0.6983478222990485,-0.7909119350280125,800.2213652806886,-0.41971278958701025,0.9219103768378234,801.9341875925544,1.2931095222788256,195.8965987629671,1500.92229174175,-2.3126000882802327,347.2251707459862,1393.901812499831,-3.299139013942731,445.64820915834605,1201.6689875827813,1.6631204956482986,504.3121941807809,1047.453568197335,4.985522848805709,-2.0507966666761215,804.6974809358269,1.7076599487542579,-0.9967770330449766,800.0155001826716,-0.6255778876039744,-0.508915741007268,800.5033614747093,-0.1377165955662658,-1.3123669592017309,799.6999102565148,-0.9411678137607288,-0.023745530083074895,800.9885316856336,0.3474536153579273,-148.17096982966225,909.170197884439,-0.8995973359355484,-148.12041862338896,559.2207490907122,-0.8490461296622599,-149.3205998591906,108.02056785491064,-2.0492273654638984,0.13176867565770167,801.1440458913743,0.5029678210987039,148.62125714092795,891.2800894268267,1.3498846472012518,150.31919390394114,542.97802618984,3.0478214102144543,148.6347941196903,91.29362640558905,1.363421625963591,-0.8243261598733059,800.1879510558433,-0.45312701443230374
239,2.39,-0.1135328125763232,1700.8912012629328,0.249685274477651,-1.3999254964637586,1549.6048085790455,-1.0367074094097843,-1.0733127736958827,1299.9314213018133,-0.7100946866419086,-0.24966734581311634,1400.7550667296962,0.11355074124085784,-0.21933280644808906,1200.7854012690611,0.14388528060588512,0.6588292214308079,1101.66356329694,1.022047308484782,-2.472891128293131,998.531842947216,-2.109673041239157,-201.25045562502117,1502.858585064356,-0.37348514578276637,-350.1990026299519,1405.2378208897373,-3.6712926142140168,-450.38860237693495,1195.3072622542115,-1.2130946204248225,-497.8145830185771,1054.4994213970779,0.35036008095028404,0.19553049164941827,794.0052776329959,-1.0793899030183562,-1.0112917500261935,799.9934423254829,-0.6480736629722195,-0.5488585605436871,800.4558755149653,-0.18564047348971296,-1.4147152145598654,799.5900188609492,-1.051497127505891,0.9442429099403272,801.9489769854493,1.3074609969943014,197.67002618914205,1502.8028109292588,-0.4292592808798312,346.0181540464586,1392.5290763402347,-4.759614529611051,445.54573417964616,1201.4889792372949,1.6244987476719799,501.9456654337989,1045.474735003458,3.032812948054177,-0.8183835737706766,805.5200483191569,2.8617600466261703,-2.0695258681484696,798.9352082073606,-1.7063077810944953,-0.2807577187817232,800.7239763567273,0.082460368272251,-1.1027747955959213,799.9019592799132,-0.739556708541947,-1.1560818022713577,799.8486522732377,-0.7928637152173834,-149.22778416935805,908.284006766607,-1.7594440438649703,-148.4366385353492,559.0751524006158,-0.968298409856129,-149.86804355239715,107.64374738356783,-2.3997034269040913,0.5319429143526188,801.5366769898617,0.8951610014065929,150.37539760105173,892.8636066650868,2.9070574755586724,150.1944554775461,542.6826645415811,2.7261153520530303,148.53888379749407,91.02709286152907,1.0705436720009893,-1.9857685233442175,799.0189655521649,-1.6225504362902434
240,2.4,-1.5973271902452502,1699.3995312456186,-1.2422753916526563,-0.13193562479719223,1550.8649228110667,0.22311617379540183,-0.9285758643430094,1300.0682825715207,-0.5735240657504154,-1.1518656786798125,1399.844992757184,-0.7968138800872184,-0.2874653838551484,1200.7093930520086,0.06758641473744564,-0.9780628223395441,1100.0187956135242,-0.62301102374695,-1.5093003436359722,999.4875580922277,-1.154248545043378,-201.60178145330866,1502.639020356273,-0.5871840233596489,-350.10793144290244,1405.568976129889,-3.2679029063256557,-452.02972704778534,1193.2548198219479,-2.9893529107504113,-496.87177067125197,1055.5127410870105,1.0006441759485165,0.09619470420237897,793.4859134750817,-1.6411573933225578,-1.179206253896443,799.8176521819672,-0.8241544553038489,-1.0017218856977341,799.995136550166,-0.6466700871051401,-1.3686738402161076,799.6281845956476,-1.0136220416235133,-1.0326691556554755,799.9641892802082,-0.6776173570628815,198.62903684773076,1503.8628449032003,0.6366405235675452,347.46505244927005,1393.8125370895573,-3.5653523192445804,447.0294043834843,1202.8761166829115,3.1497935264347103,501.41644164105907,1045.3567917550422,2.9148715642345775,-1.3169449811230969,804.5861935468297,2.2592281658053905,1.044647823470599,802.0415062593343,1.399699622063193,-2.098991599730965,798.8978668361327,-1.7439398011383713,-1.0356362664818128,799.9612221693818,-0.6805844678892188,-1.9968889835889336,798.9999694522747,-1.6418371849963396,-149.37971945537132,908.2981113128463,-1.7066583561151787,-149.674850639601,558.0029801286166,-2.0017895403448613,-148.89367360917254,108.78415715904512,-1.2206125099164038,-0.9447604283554837,800.0520980075082,-0.5897086297628896,148.52520067756757,890.8473699093499,0.8521395783114414,148.21741353152674,540.5395827633091,0.544352432270612,148.6778493105163,91.00001854229863,1.0047882112601665,-1.1719750758584422,799.8248833600053,-0.8169232772658481
241,2.41,-0.9903429329543072,1699.998307949066,-0.6436410001135049,-1.9038163048259542,1549.0848345771944,-1.557114371985152,-0.2797425926841547,1300.708908289336,0.06695934015664762,0.3510559963463593,1401.3397068783665,0.6977579291871616,0.16904633610269437,1201.157697218123,0.5157482689434967,-1.0390196865051076,1099.9496311955152,-0.6923177536643053,-1.2554343299358917,999.7332165520844,-0.9087323970950894,-201.2447725761824,1503.1230027183547,-0.09428448010029108,-351.3221317604471,1404.5843338355796,-4.159513526995628,-450.25515495085557,1194.6260964937287,-1.3472556087197491,-498.6990407696205,1053.7685103427184,-1.0977318960888338,2.0873699041882863,795.0849271958359,-0.09692433532249388,-0.166107268224731,800.8225436137956,0.18059466461607132,0.10736759437377641,801.0960184763941,0.4540695272145787,0.0065566567318771085,800.9952075387522,0.3532585895726794,-1.630943789755548,799.3577070922647,-1.2842418569147458,197.38423737158746,1502.7128699909488,-0.5044172075061715,348.02527164766485,1394.2124200114522,-3.255951492994095,445.9447472984432,1201.675810690189,2.084286247244075,501.31547966969913,1045.6879659801173,3.2194683456147115,-1.945091406071826,803.500004935557,1.5028489472995652,-1.3098681535375212,799.6787827284828,-0.9631662206967189,-1.2967591499686413,799.6918917320517,-0.9500572171278389,-0.3437989705694333,800.6448519114508,0.0029029622713689918,0.25991606942991474,801.2485669514502,0.606618002270717,-148.79652915355297,909.042373825071,-0.9116166459742644,-149.91166408983304,557.927238888791,-2.026751582254317,-151.39289342082907,106.44600955779491,-3.507980913250371,0.18717044402123095,801.1758213260415,0.5338723768620333,150.39204157792167,892.5531385992978,2.507129070342976,150.12613068545835,542.2872277068344,2.241218177879629,146.72549020922636,88.88658723060237,-1.1594222983523492,0.3646700577248809,801.3533209397451,0.7113719905656832
242,2.42,-0.43529801918171107,1700.5448140944486,-0.09712779720526721,-0.412962810140368,1550.56714930349,-0.07479258816392415,-1.9002363896701913,1299.07987572396,-1.5620661676937473,-1.0248365985933965,1399.9552755150369,-0.6866663766169526,-0.7268671674307862,1200.2532449461994,-0.3886969454543423,-0.8267396234622593,1100.153372490168,-0.48856940148581535,-1.3614661284052556,999.618645985225,-1.0232959064288119,-201.36476991391868,1503.1250228257109,-0.08029162844684185,-350.3254867994067,1405.7989979918434,-2.8312508646400842,-448.1133821806351,1196.37394279475,0.6653357615015689,-496.4594579363028,1056.1037782322053,0.8938704097333097,2.1815396559851252,794.8171957458128,-0.43096200355012826,-1.8887441235967466,799.0913679900335,-1.5505739016203026,-3.0113873724036533,797.9687247412267,-2.6732171504272095,0.09541790247812643,801.0755300161084,0.4335881244545703,-0.36357161653799275,800.6165404970923,-0.025401394561548885,198.1447710513335,1503.5619067638881,0.35659230973051714,347.932418405956,1393.9631610825795,-3.596810075126354,447.1056552441697,1202.7019046078738,3.2417064445708443,499.62789095314383,1044.4505378413726,1.9285352590634661,-1.0629006642953427,803.9042305308063,2.234112584733994,-0.7469061244203339,800.23320598921,-0.40873590244389,-2.1023150960873367,798.8777970175429,-1.7641448741108927,0.3473635705547765,801.3274756841851,0.6855337925312204,-0.9755935523411368,800.0045185612892,-0.6374233303646929,-148.54319045086058,909.4514274881445,-0.4399419625247457,-151.14248915237383,556.8521287866313,-3.0392406640380063,-149.44322959049686,108.55138834850824,-1.3399811021610488,-1.1978609293683564,799.7822511842619,-0.8596907073919127,150.01308990287598,892.0184719638709,1.9098414145401437,148.69107119397012,540.696453254965,0.5878227056342955,149.64190133611757,91.64728339711246,1.53865284778175,-0.6028590645986922,800.3772530490315,-0.2646888426222483
243,2.43,-0.11299719320944657,1700.8582457516488,0.21646128405097464,0.4052348906295543,1551.3764778354878,0.7346933678899755,-0.5480080963969103,1300.4232348484613,-0.21854961913648907,-0.7791580598381678,1400.1920848850202,-0.44969958257774656,-2.0593256211228175,1198.9119173237355,-1.7298671438623963,0.15351360438481543,1101.124756549243,0.48297208164523664,-0.755057483132206,1000.216185461726,-0.4255990058717848,-200.4308590033186,1504.1758325453343,0.9855476710551239,-349.808575678046,1406.5213994535343,-1.974965901750965,-450.03398285814325,1194.0701151999776,-1.380528098251259,-496.73609637211734,1055.9353847302348,0.393864373053658,2.1619598258419934,794.4681803518324,-0.8569319496110248,0.14017837209383155,801.111421316952,0.46963684935425276,-1.355630545526985,799.6156123993312,-1.0261720682665638,-2.429965690390918,798.5412772544672,-2.1005072131304967,-1.2253799006422748,799.7458630442159,-0.8959214233818535,197.74459684210927,1503.2437992066807,0.05351433240146164,348.8613519531385,1394.7404547337608,-2.9120775551458804,445.15735447308856,1200.5996446753584,1.2672018350011285,500.3318335836762,1045.6197548220832,3.0170845155545996,-0.3462278118641459,804.125946213932,2.778888522294804,0.14822913454345843,801.1194720794016,0.47768761180387964,-1.7010966971820096,799.2701462476762,-1.3716382199215884,-0.5684641050448669,800.4027788398133,-0.23900562778444562,0.6651127654088959,801.636355710267,0.9945712426693171,-148.81910496999828,909.3254769501028,-0.4917026768694239,-149.22270240513717,558.921879514964,-0.8953001120083222,-149.5465869365816,108.59799498351953,-1.2191846434527605,-0.08029468753311464,800.890948257325,0.24916378972730657,148.5392183409834,890.3946364208823,0.21181604785455088,147.68130053452884,539.5367186144277,-0.6461017585999962,148.60033410393325,90.45575218383212,0.272931810804399,-0.911005801607325,800.0602371432509,-0.5815473243469038
244,2.44,-1.974516945818206,1698.987527358625,-1.6539483571240192,-3.118730229582568,1547.8433140748605,-2.798161640888381,-0.744443192076257,1300.2176011123668,-0.42387460338207017,-1.05001482132349,1399.9120294831196,-0.7294462326293033,-0.53453102289063,1200.4275132815524,-0.21396243419644323,-1.728868000239524,1099.2331763042037,-1.4082994115453373,-1.634428118611988,999.3276161858312,-1.313859529917801,-202.668205922276,1502.0501092319357,-1.1220909039314957,-351.7162382072098,1404.8057353120466,-3.5367941044643283,-448.67533332573566,1195.0575471214313,-0.142611288490762,-496.45829195600044,1056.3337074515712,0.4741767602408834,3.424542089612223,795.435792993294,0.02397422538507754,-0.7657217262696825,800.1963225781735,-0.44515313757549574,-1.5834791615208474,799.3785651429223,-1.2629105728266607,-0.2218846200061103,800.7401596844371,0.0986839686880765,-0.5416513093557591,800.4203929950875,-0.22108272066157236,197.67963045452652,1503.2543559609435,0.08215582507622848,348.88631702604005,1394.619383175443,-3.1265257967976967,445.6258223429697,1200.8950981067658,1.6867560948244331,499.75817350427275,1045.5235160117932,2.812895555025718,0.6782800456454487,804.6415181908527,3.6123931519741825,-1.441894692826089,799.5201496116171,-1.1213261041319023,-0.39833482526433794,800.5637094791789,-0.07776623657015114,0.17411973139957226,801.1361640358427,0.49468832009375907,-2.915277487276654,798.0467668171666,-2.594708898582467,-148.51176106925894,909.7766373582722,0.04492735698294703,-149.52224114148953,558.7661572860416,-0.9655527152476621,-150.67583693922853,107.61256148830265,-2.119148512986656,-0.7075102614010439,800.2545340430422,-0.3869416727068571,149.7241484844996,891.4357500569685,1.1674600582577432,149.06567482155305,540.7772763940219,0.5089863953111753,147.99857636406037,89.71017793652918,-0.5581120621815164,0.8122607691609044,801.7743050736041,1.1328293578550912
245,2.45,-1.1970568803996253,1699.7554603553197,-0.8855543557540189,-1.613211498066201,1549.339305737653,-1.3017089734205944,-0.45279963053543776,1300.4997176051838,-0.1412971058898313,-0.8819846253194511,1400.0705326103998,-0.5704821006738446,-1.4822269725554178,1199.4702902631639,-1.1707244479098113,-0.6814736836814653,1100.2710435520378,-0.36997115903585887,0.11292183244925236,1001.0654390681684,0.4244243570948588,-202.11333398654793,1502.711179244236,-0.4398856278958751,-349.8069856653302,1406.8925622154354,-1.2765612239069626,-448.4041695145156,1194.9707867637567,0.012947127404055792,-496.1357612692178,1056.7885434665202,0.6261216839301742,1.8531095368837724,793.6056365850433,-1.901731199791032,-1.415981225481531,799.5365360102376,-1.1044787008359245,-0.9270753879909518,800.0254418477282,-0.6155728633453453,0.3627261360207231,801.3152433717398,0.6742286606663296,-1.4907804541469407,799.4617367815722,-1.1792779295013343,197.07527542822035,1502.718881541524,-0.43218333060792335,349.08250430573463,1394.6759730666927,-3.1639925454990094,444.7754269030131,1199.852793323809,0.7648287315882445,501.10377575543896,1047.3556867494253,4.509831829491256,-0.023450812920110725,803.4199451655221,2.702536787922569,-1.8030868900426889,799.1494303456765,-1.4915843653970824,-1.5561396281532232,799.3963776075659,-1.2446371035076167,-1.764316532009489,799.1882007037096,-1.4528140073638824,-0.7201428689877837,800.2323743667313,-0.4086403443421772,-150.45345746979763,907.9722121039962,-1.6630526228546234,-148.5139022712593,559.9117673025346,0.27650257568372627,-150.37191376322798,108.05375581056583,-1.5815089162849578,-0.49489565176904043,800.4576215839501,-0.18339312712343397,149.4903622564586,891.0646926826647,0.6999574095155896,149.89434826003622,541.4686786862424,1.103943413093213,150.21434546319688,91.78867588940307,1.423940616253856,-2.120757248613743,798.8317599871053,-1.8092547239681367
246,2.46,-1.324893790279413,1699.617769106317,-1.022631458836147,-0.3780780957720663,1550.5645848008244,-0.07581576432880044,-0.637191230717516,1300.305471665879,-0.3349288992742502,-1.884090588440234,1399.058572308156,-1.581828256996968,-1.3731980238093335,1199.569464872787,-1.0709356923660676,-0.019765143430365617,1100.922897753166,0.28249718801290025,-0.8972566518081749,1000.0454062447882,-0.5949943203649091,-202.95422499039898,1501.9709169097546,-1.1559697664656818,-350.9850772802656,1405.8767239022507,-2.099854751463766,-448.0842648262234,1194.9473145243053,0.22295250085765017,-496.8380380763176,1056.2296756631686,-0.2190409224201676,2.8450318031758597,794.3766264294496,-1.2342168341698407,-1.4411938532188213,799.5014690433775,-1.1389315217755556,-2.8762665412408004,798.0663963553556,-2.5740042097975344,0.5041961254286662,801.446859022025,0.8064584568719321,-0.6718198358140752,800.2708430607822,-0.3695575043708094,196.1756680430394,1501.8814213802211,-1.2454652959989612,347.4767552248358,1392.9378965210904,-4.996680540819563,445.56004341950865,1200.426836858993,1.4554715735589412,499.1021454567354,1045.8467631032718,2.8385068480059794,-0.6651735534883858,802.2505818896768,1.8376515864929996,-0.6690794431372025,800.2735834534592,-0.3668171116939366,-1.168186370663621,799.7744765259328,-0.8659240392203552,-1.2706104681671797,799.6720524284292,-0.968348136723914,0.8293026902540346,801.7719655868503,1.1315650216973006,-149.83195905046398,908.724038430619,-0.8041238227544935,-149.3038155851204,559.2521818959626,-0.27598035741089233,-148.8982733921193,109.65772408896372,0.12956183559019474,-0.5162859236147186,800.4263769729816,-0.21402359217145278,150.18999130356022,891.6339938224772,1.162156075850723,149.210502186056,540.6545047049731,0.18266695834651858,148.65314916271498,90.09715168163196,-0.37468606499451984,-1.8959530101361501,799.0467098864602,-1.5936906786928842
247,2.47,-1.486557704414418,1699.4459248550866,-1.1937075714751366,-1.0813022425367709,1549.8511803169642,-0.7884521095974895,1.3112087308217273,1302.2436912903227,1.6040588637610087,-2.194607189432942,1398.7378753700682,-1.9017570564936608,-0.3708337782184935,1200.5616487812824,-0.07798364527921209,-0.44757664215221676,1100.484905917349,-0.15472650921293535,-0.9069316841228304,1000.0255508753783,-0.614081551183549,-202.94426343233525,1502.0758004965915,-1.0238756055097171,-350.7820146695121,1406.2258606810394,-1.5395132988288678,-448.4418033923288,1194.2621650929384,-0.2382213367266651,-497.14157270552585,1056.0797781921096,-0.6372076361979374,2.5552322149684548,793.9049855385332,-1.8163430004883514,-2.143677655743607,798.7888049037574,-1.8508275228043254,0.28911070092126934,801.2215932604223,0.5819608338605508,-0.43021964180147054,800.5022629176996,-0.13736950886218913,-1.629338132162206,799.3031444273388,-1.3364879992229246,196.21622413222923,1501.9773087611266,-1.1223673409744221,348.77567248566135,1394.1125778054957,-3.9170508782752806,444.18809181140915,1198.825950896056,-0.03263415346838472,498.5909654041566,1045.8314328683418,2.6338461511468685,0.7517980337229886,803.1352342021123,3.0185905049754274,-2.512330153219228,798.4201524062818,-2.2194800202799465,-2.3631419502506614,798.5693406092504,-2.07029181731138,-1.5504336758849775,799.3820488836161,-1.257583542945696,-1.2164991169924197,799.7159834425086,-0.9236489840531383,-150.56494236703278,908.1140433425164,-1.2966911062736446,-148.518121753366,560.1608639561832,0.7501295073931555,-149.51128745395394,109.16769825559518,-0.24303619319479955,-2.3427959039161084,798.589686655585,-2.049945770976827,149.51798359853143,890.8389978889822,0.2497323377722876,149.4425845212888,540.7635988117396,0.1743332605296749,149.41412587962603,90.7351401700769,0.14587461886688435,0.642878875050568,801.5753614345516,0.9357290079898494
248,2.48,0.6895482908764567,1701.611525902152,0.9728164209171671,-0.5653292393423524,1550.356648371933,-0.2820611093016419,-1.4733265112027145,1299.4486511000728,-1.1900583811620042,0.5356940315259446,1401.4576716428014,0.818962161566655,0.2150942389137418,1201.1370718501892,0.4983623689544522,-0.7287370704376612,1100.1932405408377,-0.4454689403969508,-1.1944657702381563,999.7275118410374,-0.9111976401974459,-201.77615211894758,1503.33299679891,0.2635501363555579,-352.5595885693722,1404.5773665087281,-2.9586682528152615,-447.81673438982017,1194.5765685897904,0.2900110110361671,-498.1979605332457,1055.1861947492964,-1.779660885259153,2.143719989105146,793.3517669678349,-2.4861454403120837,-1.3819154753381209,799.5400621359374,-1.0986473452974106,-1.1241894350923516,799.7977881761832,-0.8409213050516412,-1.8510185973460378,799.0709590139295,-1.5677504673053275,0.1664675490517895,801.0884451603273,0.4497356790924999,197.82297159848616,1503.6324974482945,0.5630507857401315,350.8019477875454,1396.023517246082,-2.101499106501118,445.06296633639255,1199.4539027858425,0.7042511788994085,497.62402957163016,1045.360532170004,1.9470442942336939,1.0742464532434586,802.9237922078285,3.0943639318717606,-1.1584759945576584,799.7635016167179,-0.8752078645169481,-0.7310693366243324,800.1909082746512,-0.447801206583622,-0.616360393589163,800.3056172176864,-0.33309226354845256,-1.1023046063777027,799.8196730048978,-0.8190364763369923,-150.15950164813108,908.6347390573769,-0.6485866430311708,-150.4396279547781,558.3546127507299,-0.928712949678197,-149.72039064931695,109.07385005619103,-0.2094756442170486,-1.9110701983512262,799.0109074129243,-1.6278020683105159,149.535478546558,890.74123784105,0.024563541458085425,150.8412095900893,542.0469688845814,1.3302945849893952,151.13179830172328,92.33755759621528,1.6208832966233657,-0.8579956829324897,800.0639819283431,-0.5747275528917793
249,2.49,-0.535356577277868,1700.3757929757599,-0.2618379770682231,-1.4434267851869664,1549.4677227678508,-1.1699081849773214,-1.377737376644364,1299.5334121763935,-1.1042187764347189,-1.662105330629223,1399.2490442224087,-1.388586730419578,-0.8806956980802725,1200.0304538549576,-0.6071770978706276,0.0011013661676990694,1100.9122509192055,0.274619966377344,-0.7601685016696467,1000.150981051368,-0.4866499014600018,-201.46488174415177,1503.7273917385705,0.6911769143083195,-351.4487000693617,1405.7995714357678,-1.4895599405812716,-447.43811805733355,1194.6626001147724,0.5790979782241065,-498.19917697675845,1055.3557122353961,-1.8383027150801448,2.9305023534597834,794.0377581122652,-1.9219369117246647,-1.137474102937689,799.7736754501,-0.863955502728044,-0.6129230950996875,800.298226457938,-0.33940449489004254,-0.3328573608299469,800.5782921922078,-0.05933876062030197,-1.430820038820079,799.4803295142176,-1.157301438610434,197.1650207383551,1503.016032111064,-0.020182713198009437,351.2291546788509,1396.3450802733844,-1.8755661287450751,444.2100124940141,1198.336481502902,-0.30809849684787605,498.5510811264423,1046.7809060874563,3.1254252463037413,1.4021666335319063,802.7193229093789,3.1672352863916076,-0.6793053192588626,800.2318442337788,-0.4057867190492177,-0.9396861050029118,799.9714634480348,-0.6661675047932669,-1.2229026638042002,799.6882468892335,-0.9493840635945554,-0.6338795947114231,800.2772699583263,-0.36036099450177816,-148.99211541807315,909.9092578459245,0.7629658480935739,-148.88147892283516,560.0198943411624,0.8736023433315556,-149.6301014401672,109.2712718238304,0.12497982599951962,-0.8075528213069578,800.1035967317307,-0.5340342210973129,151.1379993451926,892.236626081195,1.3829180790258673,150.00165880296714,541.1002855389695,0.2465775368003838,148.637520002484,89.73614673848635,-1.1175612636827608,-1.1181648498035424,799.7929847032342,-0.8446462495938973
250,2.5,-2.0347955589015405,1698.8652044410985,-1.7711916619694332,-0.82206919127439,1550.0779308087256,-0.5584652943422828,-1.4608264737822878,1299.4391735262177,-1.1972225768501805,-1.7922531145106761,1399.1077468854894,-1.528649217578569,-0.6220502886609325,1200.277949711339,-0.35844639172882525,-3.3329090636993133,1097.5670909363007,-3.069305166767206,-0.15741156179912874,1000.7425884382009,0.10619233513297854,-202.85377395085501,1502.4155474756305,-0.5844525243693709,-353.44199605095974,1403.899109703515,-3.1261680236795506,-447.24397518986456,1194.5833259476565,0.691499129981503,-496.66497017290703,1057.0671785389952,-0.3330441948457259,3.7673310881955238,794.8152215290764,-1.270572079144019,-1.8551641785403334,799.0448358214596,-1.5915602816082262,-0.6992178974460952,800.200782102554,-0.43561400051398785,-1.6823271196943248,799.2176728803057,-1.4187232227622175,-0.30500771783852776,800.5949922821615,-0.041403820906420474,196.98985480793215,1502.8753389798535,-0.12466102014650263,349.13019800824077,1394.1509430971462,-4.165492418824606,446.1457254609528,1199.9906953575955,1.4473221716045637,498.4554230045573,1047.1730411515393,3.2500740560468446,2.3146127090565445,803.1038939314218,3.8185472164331786,-1.1429567071426476,799.7570432928574,-0.8793528102105403,-1.5560633250298457,799.3439366749701,-1.2924594280977386,-0.24320435666922413,800.6567956433307,0.020399540262883153,-1.4029162369964614,799.4970837630035,-1.1393123400643543,-149.90281447134728,909.0971855286527,0.09718552865270447,-150.47602474119418,558.5239752588058,-0.476024741194191,-149.91663517084598,109.08336482915404,0.08336482915402972,-2.418551171677051,798.481448828323,-2.154947274744944,149.91115119498988,890.9111511949899,-0.08884880501010382,149.24103151984355,540.2410315198435,-0.7589684801564552,148.62066158886202,89.62066158886202,-1.3793384111379838,-1.9792838925860787,798.9207161074139,-1.7156799956539714
251,2.51,-0.07376436479342963,1700.814766316454,0.1797620843624289,-1.0399496289955996,1549.848581052252,-0.786423179839741,-1.3997695243869572,1299.4887611568606,-1.1462430752310986,-2.837891219386071,1398.0506394618615,-2.584364770230213,0.632153333028986,1201.5206840142766,0.8856797821848446,-0.28975232956491126,1100.5987783516828,-0.036225880409052724,-1.6802573112825383,999.2082733699652,-1.4267308621266799,-201.64677891134681,1503.693404991175,0.7325804532427653,-351.8898099986418,1405.52498231099,-1.2201473080032788,-448.57881900867983,1192.995267518768,-0.7168490092527515,-496.63530428191643,1057.2790714129712,-0.3042434529727076,4.89571444301798,795.9259032910679,-0.28944465817968257,-0.940758595658832,799.9477720855889,-0.6872321465029735,0.236400788246527,801.1249314694943,0.48992723740238553,-1.2085087666837167,799.680021914564,-0.9549823175278582,-2.038130672009695,798.850400009238,-1.7846042228538366,196.70412274057767,1502.617018643007,-0.34380589492511243,350.3285252931378,1395.2653003450473,-3.1470102185941498,446.2023543344309,1199.7493752406576,1.3033525664558143,496.8930852610501,1046.090253747128,1.8750238148905485,2.6423785319178617,802.9112316091436,3.881381656950925,-2.2889459660099,798.5995847152378,-2.0354195168540414,-1.0699529850569547,799.8185776961908,-0.8164265359010963,-1.7377416576119253,799.1507890236359,-1.484215208456067,-1.1807048559901876,799.7078258252576,-0.9271784068343291,-147.7480125324592,911.3417322901264,2.4969062013740957,-149.39434932368093,559.6953954989046,0.850569410152348,-148.9756094727215,110.11413534986406,1.2693092611117862,-0.15175012426294787,800.7367805569847,0.10177632489291066,150.83796587106653,891.748221048481,0.5930471372332868,150.72601307059455,541.6362682480091,0.481094336761291,150.33656134990005,91.24681652731452,0.09164261606680155,-0.4969134773872174,800.3916172038605,-0.24338702823135888
252,2.52,1.0105800519348396,1701.8873234914124,1.2538688126320996,0.15164333011729625,1551.0283867695948,0.3949320908145565,-1.4730089399523962,1299.4037344995252,-1.229720179255136,-1.4744260982970823,1399.4023173411806,-1.231137337599822,-0.6826826638368189,1200.1940607756408,-0.4393939031395586,-1.4880286401912117,1099.3887147992864,-1.2447398794939515,-1.4916653655442613,999.3850780739333,-1.2483766048470009,-201.41025859195298,1503.9945009767034,1.0757872686884258,-352.75753427552513,1404.7111879442984,-1.7381950808740305,-448.87663242120254,1192.4654201516823,-1.0795123970519227,-498.35567151984105,1055.7442002331325,-1.9980105140375382,3.469373862141636,794.5234883309292,-1.8240373221680066,-0.4737351493035843,800.403008290174,-0.23044638860632405,-2.5751156467631726,798.3016277927144,-2.3318268860659126,-0.5545865840361934,800.3221568554413,-0.31129782333893313,-0.19630405442690846,800.6804393850506,0.046984706270351784,196.786203256406,1502.719410224352,-0.19930348366302192,352.29902476126443,1397.1637594372594,-1.3444489463406104,444.05394966691154,1197.2872208852768,-1.0652883074860457,498.18308850155006,1047.848973549103,3.3175370494662784,1.413862794250714,801.1725645098957,2.3864048122876693,0.5353996352070806,801.4121430746846,0.7786883959043408,-0.7370951329234304,800.1396483065541,-0.4938063722261702,-0.860632649387377,800.0161107900901,-0.6173438886901168,-1.203394110148793,799.6733493293287,-0.9601053494515328,-150.0139341198757,909.1563062863252,0.47515087502439096,-151.50088240362408,557.6693580025768,-1.0117974087239783,-150.07691358681316,109.09332681938773,0.4121714080869296,-0.11496015571720264,800.7617832837603,0.1283286049800576,149.98518351380667,890.8149431076058,-0.5039014810934251,150.36590786060526,541.1956674544044,-0.12317713429482477,151.22253847795577,92.05229807175489,0.7334534830556863,-0.4093466428018143,800.4673967966758,-0.16605788210455408
253,2.53,0.030657339397954564,1700.8952975700931,0.26355074901528364,-0.6695826361269858,1550.1950575945682,-0.4366892265096567,0.17155348289871908,1301.0361937135938,0.40444689251604815,-2.089342209164826,1398.7752980215303,-1.856448799547497,1.4429534076642778,1202.3075936383593,1.6758468172816068,-2.5461310022688886,1098.3185092284261,-2.3132375926515594,-1.1719148209970758,999.692725409698,-0.9390214113797466,-200.7350334394156,1504.7279212923993,1.8542256068819492,-352.62392743307845,1404.8784186855057,-1.2603535633256362,-448.51555316886777,1192.6165640955292,-0.7742466719325636,-498.3298329473194,1055.9569804891382,-1.9189390496732823,0.6226731786829833,791.7420304488436,-4.739496667508682,-1.0906863174975545,799.7739539131976,-0.8577929078802253,-0.7974723461752464,800.0671678845199,-0.5645789365579174,-1.6228448070549426,799.2417954236402,-1.3899513974376136,-1.7683070574394577,799.0963331732556,-1.5354136478221287,197.98251993103258,1503.9289065088485,1.0552108233312238,350.95523957394346,1395.7605512213631,-2.8435242931322877,446.88276613430713,1199.7872019919655,1.5243986012447672,497.805576572924,1047.9268950028895,3.056254560923909,1.600132052460107,800.8616658596445,2.3069105313293594,-0.8053770565438196,800.0592631741513,-0.5724836469264907,-1.6319427291164872,799.2326975015786,-1.399049319499158,-0.28038927518704704,800.5842509555081,-0.047495865569717965,-1.4632400560818133,799.4014001746133,-1.2303466464644843,-150.22734927935682,909.0137803739495,0.5043994598840308,-150.06945020244902,559.1716794508574,0.6622985367918378,-151.59346377431547,107.64766587899084,-0.861715035074607,-0.6041078975080664,800.260532333187,-0.3712144878907373,151.78106890518336,892.539939251877,1.0493201659425029,148.01162765056276,538.7704979972564,-2.7201210886781064,148.86416442591982,89.62303477261352,-1.8675843133210344,-1.8836063198494841,798.9810339108457,-1.650712910232155
254,2.54,-2.2648759795931643,1698.5873471442796,-2.0425329320260257,-0.5936006143668705,1550.2586225095058,-0.37125756679973154,0.3810108129563169,1301.233233936829,0.6033538605234559,0.5803706338881797,1401.432593757761,0.8027136814553186,-0.3884843291661627,1200.4637387947066,-0.16614128159902375,-0.43736067066206985,1100.4148624532106,-0.2150176230949309,-2.1087268413604456,998.7434962825123,-1.8863837937933068,-202.47556721516526,1503.0391162679002,0.21331473623376734,-354.37723199620456,1403.137945046544,-2.6761229371320097,-447.14919015531643,1193.7959445695428,0.5456846071140113,-499.4297086797487,1055.0435602064417,-2.939985808964498,2.7570418999414317,793.9823785963594,-2.6342115959240244,-0.3009897663672124,800.5512333575056,-0.07864671880007346,0.13411742439982166,800.9863405482726,0.3564604719669606,-1.9292032862805581,798.9230198375922,-1.7068602387134193,-0.6623838839574941,800.1898392399153,-0.4400408363903552,196.72221163758994,1502.6746244302622,-0.1511771014044008,351.76203108494735,1396.5211897370327,-2.1786781394885844,448.01806552796154,1200.5793594106096,2.402492844004594,498.3496305328722,1048.9108087130815,3.67902358433933,1.4053659851195284,800.1852793774704,1.8492465790044683,0.39059389575101433,801.2428170196238,0.6129369433181533,-2.2260792998361536,798.6261438240366,-2.0037362522690145,-2.7562155077711017,798.0960076161017,-2.5338724602039626,0.20852788494595098,801.0607510088187,0.43087093251308994,-150.27747020325108,909.0245969393264,0.6946945690394192,-152.1592539780486,557.142813164529,-1.1870892057580944,-148.90591786236033,110.39614928021727,2.066246909930194,-1.9064636217166822,798.9457595021561,-1.6841205741495433,149.76253366434534,890.4604665217678,-1.2096311079451683,150.7585524531416,541.4564853105641,-0.21361231914892054,150.73995559390076,91.43788845132316,-0.23220917838976496,-1.023691037229938,799.8285320866428,-0.801347989662799
255,2.55,-1.331816433722398,1699.507677866844,-1.1201760346196536,-1.2666950376529926,1549.5727992629133,-1.055054638550248,-1.4096774325173005,1299.429816868049,-1.198037033414556,0.012829612265598644,1400.852323912832,0.22447001136834321,-2.480692251383008,1198.3588020491834,-2.2690518522802634,0.3402869225038898,1101.1797812230702,0.5519273216066344,-1.63333784189212,999.2061564586743,-1.4216974427893754,-203.1725908757858,1502.3872769470859,-0.38778822435326477,-354.309003675694,1403.1977893637752,-2.2782859163664937,-446.1724407058741,1194.609451083228,1.4856909383761836,-497.8166833291626,1056.840532340222,-1.223763653564057,2.720357405772015,794.0915642314948,-2.66043029185207,-1.6224317528241745,799.2170625477422,-1.41079135372143,-0.9841935701913942,799.855300730375,-0.7725531710886496,-0.4768097815010311,800.3626845190654,-0.2651693823982865,0.024875107870415802,800.8643694084368,0.23651550697316037,195.80483422103129,1501.756106779814,-1.018958391624957,353.4135459422478,1398.1404359331377,-0.6551144716864719,445.91661294386404,1198.121299258335,0.026647836658542846,498.3932196734624,1049.376568371479,3.76286091246946,3.136578870873707,801.4528226652384,3.322517954544581,-1.1300383933051723,799.7094559072613,-0.9183979942024276,0.7290112212753617,801.5685055218418,0.9406516203781062,1.0134624084544108,801.8529567090209,1.2251028075571555,-0.4810355390759804,800.3584587614904,-0.26939513997323583,-151.03755331513636,908.3151672417823,0.17204183792061656,-150.70394922891,558.6487713280087,0.5056459241469796,-150.13021925096646,109.22250130595219,1.0793759020905198,0.3461192768388912,801.1856135774053,0.5577596759416358,149.91079631343996,890.5580757565212,-1.2987988396170245,150.81617132850693,541.4634507715882,-0.3934238245500669,150.98642507752794,91.63370452060929,-0.22317007552903556,-1.1979700169725314,799.6415242835939,-0.9863296178697869
256,2.56,0.24596985479995281,1701.0724259092929,0.4467581157697499,-1.3330957811332516,1549.4933602733597,-1.1323075201634545,-1.6433701952618132,1299.1830858592311,-1.442581934292016,-1.5135854901279586,1399.3128705643649,-1.3127972291581615,-0.21624272047392823,1200.610213334019,-0.015454459504131157,-1.0179538426329302,1099.80850221186,-0.817165581663133,-1.3228489656582005,999.5036070888347,-1.1220607046884035,-203.55380076262094,1502.0446370137408,-0.676886354764168,-353.1363529073824,1404.34048664226,-0.7851447801132359,-447.5148695874525,1193.1282352166015,0.11647425155875091,-498.539908844061,1056.2966508149968,-1.8208304921209746,3.378541682571787,794.9344053218168,-1.9526601936098176,0.00879430832993866,800.8352503628228,0.20958256929973573,-1.750392633292479,799.0760634212004,-1.549604372322682,0.786251604413076,801.6127076589058,0.987039865382873,-1.0742347881691088,799.7522212663237,-0.8734465271993117,197.67318661914166,1503.6161483501724,0.894624981667293,352.03569934451673,1396.7447776640304,-2.1463189730849996,445.4192983159764,1197.2548121263117,-0.7612907076734985,497.27544560462434,1048.6613491005776,2.646206875947732,3.9554247752838485,801.8281757901345,3.890374900468009,-1.686260962989695,799.1401950915031,-1.485472702019898,-1.4641956137072527,799.3622604407856,-1.2634073527374556,-1.1490868758598956,799.677369178633,-0.9482986148900985,-0.6686847705750356,800.1577712839178,-0.46789650960523854,-150.60423978016686,908.7885323054184,0.8390717935912763,-150.1558682345369,559.2369038510483,1.2874433392212328,-151.08251518674257,108.31025689884264,0.3607963870155497,0.9392393962785145,801.7656954507713,1.1400276572483117,151.92425229203133,892.5314802064462,0.4809407182732023,150.5702958456498,541.1775237600647,-0.8730157281083363,148.69894239370393,89.30617030811871,-2.7443691800541985,-0.6638707476911135,800.1625853068017,-0.46308248672131647
257,2.57,-1.5290793870194586,1699.2840314040473,-1.3392898856613988,-1.2814792370002146,1549.5316315540665,-1.091689735642155,-0.4679028672147923,1300.345207923852,-0.2781133658567327,1.1350153568473218,1401.948126147914,1.3248048582053813,-0.549134321568056,1200.2639764694989,-0.35934482020999636,-0.034589775479911045,1100.7785210155869,0.15519972587814856,-0.10522660532110117,1000.7078841857458,0.08456289603695843,-203.69419509077161,1501.9361364076883,-0.7290792896649909,-354.68328995347866,1402.7417416034727,-2.021862118505701,-445.51698111627326,1195.0124355459207,2.097755358503938,-497.6659520023611,1057.3432027848344,-0.799321509675873,2.5401922227287113,794.3181465614268,-2.7030313701121735,-0.7825436327651837,800.0305671583018,-0.5927541314071241,-1.435677972052763,799.3774328190142,-1.2458884706947035,0.22673402946896126,801.0398448205359,0.41652353082702087,-1.8184270876338955,798.994683703433,-1.628637586275836,196.8158762038431,1502.743361288338,0.07814559098466778,352.14275097662596,1396.8490025037568,-2.1374857540675904,448.67509340670284,1200.1298274957844,2.1886688462268253,496.1713082020845,1047.9384259018243,1.5036988883596365,2.4882200693595875,799.9396888182479,2.181019369664279,-0.6499140397329121,800.163196751334,-0.46012453837485245,-0.9792609608307563,799.8338498302362,-0.7894714594726967,-2.7147127902711112,798.0983980007958,-2.524923288913052,-0.16446296176145092,800.6486478293054,0.025326539596608688,-149.62365971294713,909.7982600818492,2.0489379939240293,-151.10754063345559,558.3143791613408,0.565057073415562,-151.76673048381312,107.65518931098322,-0.09413277694196842,-0.7598077232611793,800.0533030678057,-0.5700182219031198,150.23821718554188,890.8162973907456,-1.4343805213292755,151.44119946031023,542.0192796655139,-0.23139824656093033,151.3573201414641,91.93540034666776,-0.3152775654070499,-1.8995020859611353,798.9136087051058,-1.7097125846030758
258,2.58,-0.4903490849325169,1700.3091119419655,-0.3117020258065158,-0.5347796421236553,1550.2646813847743,-0.3561325829976542,-1.3867873101169965,1299.412673716781,-1.2081402509909953,-0.006197631971687656,1400.7932633949263,0.17244942715431344,0.27099090841034845,1201.0704519353083,0.44963796753634955,0.5612638619256584,1101.3607248888236,0.7399109210516595,-0.6534813741623899,1000.1459796527356,-0.4748343150363889,-201.62494325406334,1504.0305521146493,1.4243676020348572,-353.5536951534818,1403.7974603391115,-0.5934268955865535,-446.64266786445074,1193.7987262158388,0.9658239763932011,-500.48301200464533,1054.6898114887092,-3.4491502905039555,3.318481776994504,795.3543704078285,-1.799388677355858,0.5009448825151462,801.3004059094131,0.6795919416411473,-1.2434343718898866,799.556026655008,-1.0647873127638854,-0.25331900371903715,800.546142023179,-0.07467194459303605,-0.4426553138417933,800.3568057130562,-0.2640082547157922,197.02914944775753,1502.9340057623656,0.32782124975111016,352.68129577882985,1397.4001855468534,-1.6815290544396442,445.09827946025666,1196.1616385773486,-1.7081119096445385,496.29562430891934,1048.4211029984858,1.5500953681283087,2.650210784888381,799.7044359252625,2.1114575886926628,-1.08399498395952,799.7154660429385,-0.905347924833519,0.019969191254159635,800.8194302181521,0.19861625038016073,-0.7475020615450151,800.0519589653529,-0.568855002419014,-1.1277068201472427,799.6717542067507,-0.9490597610212416,-150.6200569098376,908.8198220514727,1.2766946018266057,-151.66802437703294,557.7718545842772,0.22872713463123995,-150.36630771229034,109.07357124901992,1.5304437993738513,-0.4303047296580098,800.36915629724,-0.2516576705320087,152.16359738670053,892.7237184253903,0.26684587503634805,150.11747628525873,540.6775973239485,-1.7792752264054572,151.51157580301054,92.07169684170027,-0.3851757086536438,0.236966138797719,801.0364271656957,0.4156131979237201
259,2.59,-0.1899094875476951,1700.5955999017003,-0.022545544551978325,-1.2659661683723349,1549.5195432208757,-1.098602225376618,-0.3174414996541385,1300.4680678895938,-0.1500775566584217,-1.1794283807918584,1399.6060810084562,-1.0120644377961416,-0.2812169194911357,1200.5042924697568,-0.11385297649541892,0.29634287259154435,1101.0818522618395,0.4637068155872611,-0.7128492154033083,1000.0726601738446,-0.5454852724075915,-204.1565888273036,1501.5172952483708,-1.0271796672360134,-355.3261388403829,1401.928932046281,-2.079470360063845,-446.49119945756405,1193.888325676953,1.12154883753199,-500.3149310875892,1055.0104465960799,-3.0960019149628213,2.3405992825772675,794.668451163138,-2.61584045297071,1.2857154453807613,802.0712248346287,1.4530793883764783,-1.5360251622047882,799.2494842270431,-1.3686612192090717,-0.005813243603338347,800.7796961456446,0.16155069939237843,-1.6439633947219914,799.1415459945259,-1.4765994517262744,198.452603506909,1504.3277015327903,1.7832266171836308,354.7051892467033,1399.4526119062325,0.27583978955837973,446.4702621849522,1197.1327142487403,-0.6690903029890671,498.59449067231117,1051.054185472055,3.731741461075999,4.257854965162068,800.9404863482736,3.499768996141039,-1.9470654478263203,798.8384439414216,-1.7797015048306033,2.289069533179337,803.0745789224272,2.456433476175054,-0.8569810144582624,799.9285283747896,-0.6896170714625456,-1.5838635721517087,799.2016458170962,-1.4164996291559917,-151.51785394936363,907.9285294141973,0.5972335430576741,-150.04223357010216,559.4041497934588,2.0728539223191387,-150.90919499694544,108.53718836661555,1.2058924954758603,-0.7055153463176587,800.0799940429303,-0.5381514033219419,151.60639671410382,892.1600133505428,-0.5086907783174663,151.1065900024073,541.6602066388464,-1.008497490013987,150.52313317653807,91.07674981297708,-1.59195431588322,-0.06283873219625447,800.7226706570517,0.10452521079946231
260,2.6,-1.7182959500760944,1699.0529626653718,-1.5623527193577271,-0.6232611544490482,1550.1479974609988,-0.46731792373068093,-0.70142780688965,1300.0698308085582,-0.5454845761712828,-3.1335236690420354,1397.6377349464058,-2.977580438323668,-1.0086689112412162,1199.7625897042067,-0.8527256805228489,0.5919095507784338,1101.3631681662264,0.747852781496801,-0.11825035970464481,1000.6530082557433,0.03769287101372243,-201.73631750475508,1503.9491431859715,1.4690084678333624,-353.4413281061474,1403.6953836519747,0.07829099741742995,-446.67291346832945,1193.671303593802,0.954685886112575,-500.0488497432454,1055.415790266863,-2.628969784568263,3.1707614897411958,795.8225815081066,-1.5897343258035532,-1.307277758728773,799.4639808567192,-1.1513345280104057,-1.0215885310164432,799.7496700844315,-0.865645300298076,-0.3101109781920953,800.4611476372559,-0.15416774747372808,-1.2478795649333256,799.5233790505147,-1.0919363342149584,196.9964233380582,1502.83466504727,0.35453032913182586,353.6412057862327,1398.4334324453628,-0.8382313519809719,446.7946433446871,1197.0477673815801,-0.6894750746341074,497.1494603666716,1049.9181623780767,2.1307457772162217,3.4369294197907174,799.7750016764029,2.4732010712188317,0.4387473072529262,801.2100059227009,0.5946905379712935,-2.004096330555799,798.7671622848922,-1.8481530998374316,-0.9577634672710634,799.8134951481769,-0.8018202365526962,-1.4264203998089213,799.344838215639,-1.270477169090554,-151.7142540368695,907.7269324882255,0.6126848638743747,-150.97479438930097,558.4663921357941,1.3521445114429151,-149.46494577100955,109.97624075408555,2.861993129734314,-0.4067262555569005,800.3645323598911,-0.25078302483853326,150.74249314253396,891.3013066174389,-1.5844457582098963,149.4714144443881,540.030227919293,-2.855524456355764,152.00878960450692,92.56760307941182,-0.3181492962369388,-1.2109165285153543,799.5603420869326,-1.054973297796987
261,2.61,-0.934295634348545,1699.822415917928,-0.789907566138141,0.9871379048879697,1551.7438494571647,1.1315259730983738,-2.2448925173904337,1298.5118190348862,-2.1005044491800295,1.1811255014387423,1401.9378370537154,1.3255135696491465,-1.982591226553354,1198.7741203257233,-1.83820315834295,-0.21280807192822204,1100.5439034803485,-0.06842000371781798,-1.004357423452382,999.7523541288244,-0.8599693552419778,-203.64915135067352,1502.0410453805357,-0.37216902305094557,-355.4063319934649,1401.5897557427631,-1.6281661503197038,-447.5055225493387,1192.830271789553,0.14757042374027596,-499.95545509347755,1055.6330101829355,-2.3207848994330504,1.137027896182229,794.1426039689371,-3.3948276487446374,-1.266880303104237,799.4898312491725,-1.122492234893833,0.4766998489735764,801.2334114012504,0.6210879171839805,-0.47581260742447146,800.2808989448523,-0.3314245392140674,-0.6418064203467704,800.11490513193,-0.4974183521363663,197.2885799048842,1503.0829076126695,0.6696932090828411,353.44651688714106,1398.300139519977,-1.0662590578054296,448.0377211689478,1197.8742517774945,0.19826973525238412,498.59062604937657,1051.6422946402924,3.378061470927285,3.3922483758848525,799.41394704428,2.2378776367148854,-1.4407660144975214,799.3159455377793,-1.2963779462871172,-0.47587832153906606,800.2808332307377,-0.331490253328662,0.011349187741074629,800.7680607400179,0.1557372559514787,-0.879118076898777,799.877593475378,-0.7347300086883729,-151.3613176871223,908.0627452180888,1.1703421873846298,-151.39674956695066,558.0273133382605,1.1349103075562845,-151.2674525372232,108.15661036798788,1.264207337283744,-0.9883256948566814,799.7683858574201,-0.8439376266462774,149.3241718598076,889.9001089545965,-3.2074880146993308,151.322517329682,541.8984544244709,-1.2091425448249398,151.9789460015154,92.55488309630434,-0.5527138729915277,-1.075499654367459,799.6812118979093,-0.9311115861570549
262,2.62,-3.794214791570085,1696.947656363729,-3.6615131229092706,-0.09306195241939641,1550.6488092028799,0.03963971624141771,0.5156804956891358,1301.2575516509883,0.6483821643499499,-2.127689405595156,1398.6141817497041,-1.9949877369343416,-1.0651951170653422,1199.6766760382338,-0.9324934484045281,-0.809183910496486,1099.9326872448028,-0.6764822418356718,-0.5256558205719188,1000.2162153347273,-0.3929541519111048,-203.5154283331793,1502.1726438795913,-0.17112320570791328,-353.87540864222086,1402.9578762651474,0.14600425968442965,-445.50816887931234,1194.8463281611237,2.1810621332510043,-501.00677208066594,1054.6879896947944,-3.145587428715311,1.4122670958620678,794.798995280451,-2.8603045822418425,-1.0986920952617651,799.6431790600375,-0.965990426600951,-1.4147024744916536,799.3271686808076,-1.2820008058308396,-0.06831812986913732,800.6735530254301,0.0643835387916768,0.34753424698901514,801.0894054022882,0.48023591564982926,195.98489314387433,1501.7282983154962,-0.6154687698029407,353.13360469882366,1398.065478325104,-1.395512375890335,447.3574804322499,1196.7713485764648,-0.8465896252448611,497.5128585084071,1050.8208561533656,2.069720127452312,1.9188952922183522,797.6533175489861,0.5900219794102939,-2.533313931823931,798.2085572234753,-2.400612263163117,-1.513871242272615,799.2279999130266,-1.381169573611801,-0.2043737112235693,800.5374974440757,-0.07167204256275517,-1.8303647230435311,798.9115064322557,-1.6976630543827171,-150.96034356792325,908.4344654639641,1.76828393835006,-150.98911432985417,558.4056947020332,1.7395131764191165,-151.78046336960725,107.61434566228004,0.9481641366660476,-0.9081820013673425,799.8336891539319,-0.7754803327065284,151.00943418504838,891.614625153161,-1.719193321224924,152.78457438487894,543.3897653529916,0.05594687860563474,151.1196267920385,91.72481776015123,-1.6090007142347875,-0.9998541207577739,799.7420170345415,-0.8671524520969598
263,2.63,-1.795062814041956,1698.9316776741239,-1.6741755024323037,-1.1665351157921524,1549.5602053723735,-1.0456478041825,0.7431759689448741,1301.4699164571107,0.8640632805545264,-2.353972809102298,1398.3727676790634,-2.2330854974926453,-1.6385823456294655,1199.0881581425363,-1.517695034019813,-2.3148831675485466,1098.4118573206172,-2.1939958559388946,-0.9660135144803419,999.7607269736853,-0.8451262028706896,-203.06221172330328,1502.616863967543,0.34501550520183233,-353.8675721464262,1402.7808942357838,0.38095396066454407,-444.09540012904813,1196.305079365718,3.6405687778194915,-501.86649839055934,1053.9150139723008,-3.7692416725029894,1.7654118080435368,795.5581407556574,-2.219502712322135,-0.33698191168313196,800.3897585764826,-0.2160946000734797,-1.3120205136921945,799.4147199744735,-1.1911332020825423,-2.1046407196897152,798.622099768476,-1.9837534080800627,-0.8492159184215734,799.8775245697442,-0.7283286068119211,196.87002936912555,1502.5555613699362,0.28371290759494994,354.25241975669053,1399.2796026058825,-0.27585645377849727,446.80327846285,1195.7896484100188,-1.7733752820782582,497.81356189967113,1051.3508894814745,2.1045798779632072,3.566113472222374,799.0430255620463,2.0798404843124043,0.32223551172050413,801.0489759998862,0.4431228233301564,-1.358025210960135,799.3687152772056,-1.2371378993504827,-0.6050253649196347,800.1217151232461,-0.4841380533099824,-1.3233488517691032,799.4033916363966,-1.202461540159451,-150.01922505920348,909.3340195130845,2.898018775012451,-148.7204507133811,560.6327938589069,4.196793120834846,-150.2872363447198,109.06600822756818,2.630007489496151,-0.05796809639346656,800.6687723917722,0.06291921521618571,151.1849199893122,891.8316754170243,-1.7323238449037286,150.1980822239113,540.8448376516234,-2.7191616103045977,150.68715208983969,91.33390751755172,-2.230091744376251,-1.5735916345469483,799.1531488536187,-1.452704322937296
264,2.64,-1.0961548112037907,1699.6151679106683,-0.9872064692056579,0.21224905499760394,1550.9235717768697,0.3211973969957366,-1.4203532963858938,1299.2909694254863,-1.3114049543877613,0.0514699138587299,1400.7627926357309,0.16041825585686253,-1.3913145797741966,1199.320008142098,-1.282366237776064,-1.0902997142669,1099.6210230076053,-0.9813513722687673,-0.6300173604902808,1000.081305361382,-0.521069018492148,-203.58201222840825,1502.0811920627882,-0.1163247098480833,-355.0984103120087,1401.3434622671884,-0.6396745117711127,-445.6326681702998,1194.8411410616352,2.1605473544922034,-500.5461352815418,1055.3006597918625,-2.205446773316646,0.23646988954794634,794.457365797851,-3.434882063754853,0.32452949847763457,801.0358522203499,0.4334778404757672,-0.4550409493046645,800.2562817725676,-0.34609260730653185,-0.6893067054513244,800.0220160164209,-0.5803583634531919,-0.8482717160893352,799.8630510057828,-0.7393233740912025,197.64227982058185,1503.2630545980858,1.065537825449518,354.50830163644986,1399.6479935195337,-0.0018329947831655646,446.625161557434,1195.1804637895004,-2.330686153508236,498.07656490441957,1051.816095391315,2.068207018740384,2.05734248460341,797.3069359624601,0.4315538356138737,-1.322711689181307,799.388611032691,-1.2137633471831746,-1.517034293856057,799.1942884280162,-1.4080859518579245,-0.4637034043979634,800.2476193174742,-0.3547550623998308,-1.3333484526342374,799.3779742692379,-1.2244001106361049,-152.3622096413935,906.9370036949643,0.7347281074785443,-150.1176172993603,559.1815960369975,2.979320449511727,-150.32301616071854,108.97619717563933,2.7739215881534856,1.2422182707568499,801.9535409926291,1.3511666127549824,152.20626582413763,892.9070524877798,-0.8906719247344013,150.4719479453747,541.1727346090169,-2.6249898034973347,150.28022476083902,90.98101142448117,-2.8167129880329984,-1.2679299513614783,799.4433927705107,-1.1589816093633458
265,2.65,-1.9872691808776133,1698.7083519531045,-1.890381011687047,-1.2315321528286451,1549.4640889811535,-1.1346439836380788,-1.2131957210516346,1299.4824254129305,-1.1163075518610683,1.3315128485960965,1402.027133982578,1.4284010177866628,-0.3345437531307003,1200.3610773808514,-0.23765558394013397,-1.6231862528938215,1099.0724348810882,-1.5262980837032551,-1.3887471089596728,999.3068740250224,-1.2918589397691065,-202.12866237741503,1503.511801352029,1.3909686084906334,-353.97052121353926,1402.243300007931,0.6808182562243345,-447.1987660460723,1193.375700189862,0.6620671852047146,-500.93706025221957,1054.9517428382992,-2.3477892927429465,-0.2362267174898921,794.4322063308863,-3.570754732372308,-1.451791952862072,799.24382918112,-1.3549037836715057,-1.0216026446767372,799.6740184893054,-0.9247144754861709,-0.9371177027287079,799.7585034312533,-0.8402295335381416,-0.2005027128486827,800.4951184211334,-0.1036145436581164,195.7239745253528,1501.273183212108,-0.847649531430102,353.08034948050033,1398.349828601652,-1.3942905902819414,447.4127068186613,1195.5346667605675,-1.927561089610569,496.25197404605336,1050.1666824854376,-0.08728256070425267,1.785570515429571,796.8382194131552,0.03874593563637707,-1.4113058204633107,799.2843153135187,-1.3144176512727443,-1.877353788129775,798.8182673458523,-1.7804656189392087,-0.9581869216035268,799.7374342123785,-0.8612987524129605,1.0478362897368632,801.743457423719,1.1447244589274295,-151.5013691416623,907.7312150675955,1.7657976676861824,-150.16720919019338,559.0653750190644,3.099957619155119,-151.06173926071324,108.1708449485445,2.205427548635239,-2.1243284280708137,798.5712927059112,-2.0274402588802474,152.64312795017852,893.4105437409207,-0.6240388591699626,150.57451159296002,541.3419273837023,-2.6926552163884603,151.17971833313285,91.94713412387512,-2.087448476215635,-1.107507648016397,799.5881134859657,-1.0106194788258307
266,2.66,0.609792083266493,1701.2894311910754,0.6945023492349224,-2.693690171932047,1547.9859489358769,-2.6089799059636176,-0.6020992386195643,1300.0775398691894,-0.5173889726511349,0.38646744638748765,1401.0661065541965,0.471177712355917,0.6435359636442869,1201.3231750714533,0.7282462296127162,1.0944703554760538,1101.774109463285,1.179180621444483,-3.054313532720765,997.6253255750883,-2.9696032667523355,-201.34993872265247,1504.260929596916,2.2190700570403017,-354.2652394084757,1401.6994676369234,0.5604647086908526,-444.8054449360276,1195.8968975666398,3.1331932123005943,-502.64333061314176,1053.262533270977,-3.8025269006488776,-0.37250605729947434,794.7599470078995,-3.3497462788458146,-0.5162582504417133,800.1633808573673,-0.43154798447328385,-2.055644710282373,798.6239943975266,-1.9709344443139436,-0.7883655422418714,799.8912735655672,-0.703655276273442,-0.8140433832662816,799.8655957245428,-0.7293331172978522,197.33876319764283,1502.8096806239357,0.7678210840599429,354.7798452644147,1400.196403712887,0.35803794451985943,447.062227549192,1194.7498899724792,-2.666278580934783,497.7736367270075,1051.8368245414692,1.074225505564276,2.3818098259806773,797.2678308350833,0.5328377266391913,-2.448226918598955,798.2314121892101,-2.363516652630526,-0.896540315878174,799.7830987919309,-0.8118300499097446,0.7385636740440648,801.4182027818531,0.8232739400124941,-3.3558115362125034,797.3238275715966,-3.271101270244074,-151.13661287076147,908.0166391378864,2.290806092155294,-150.8745002011599,558.2787518074879,2.5529187617568505,-150.6577705453456,108.49548146330218,2.7696484175711404,-0.9528093262346489,799.7268297815743,-0.8680990602662195,150.65000342702365,891.4967514183759,-2.7774155358930988,151.38349029147446,542.2302382828267,-2.04392867144229,151.7792749159868,92.62602290733899,-1.6481440469299649,0.5922034433644364,801.2718425511734,0.6769137093328658
267,2.67,-2.141313770655834,1698.5220663609055,-2.0688956031589414,-1.7614642103169285,1548.9019159212444,-1.6890460428200358,-0.5531754195029425,1300.1102047120585,-0.4807572520060497,-0.34666832244414136,1400.3167118091171,-0.2742501549472486,-0.49898215365058196,1200.1643979779108,-0.4265639861536892,-1.012483761680368,1099.650896369881,-0.940065594183475,-0.9750377764589386,999.6883423551026,-0.9026196089620458,-203.58390383211935,1501.990537139214,0.029874429692103077,-354.9721294243011,1400.7228717957096,0.00913892448808773,-446.9623564002661,1193.8948855064907,1.0640442151592258,-500.8152444785144,1055.0812128606547,-1.722129870876222,-0.7629783612022403,794.8470218975058,-3.3653941903321325,-0.9765210913614554,799.6868590402,-0.9041029238645626,-0.9092561244923844,799.7541240070691,-0.8368379569954916,-1.2694215237633755,799.3939586077981,-1.1970033562664826,-0.28220935064165675,800.3811707809198,-0.20979118314476397,197.28694494104428,1502.6729380463921,0.7122753368702528,354.1250875477866,1399.7059657174545,-0.2266310207317852,448.2676382306863,1195.5213872062059,-1.8514969888334325,496.550877536518,1050.7363891707091,-0.5354359463188129,2.0304950714755168,796.7799127955873,0.09848566437874318,0.7126608074460267,801.3760409390075,0.7850789749429194,-2.181238948834677,798.4821411827268,-2.1088207813377844,-2.1854629470132547,798.4779171845482,-2.113044779516362,-1.015844279756335,799.6475358518052,-0.9434261122594421,-152.9647952109323,906.096343052169,0.6124189513418232,-151.1646232747464,557.896514988355,2.4125908875277466,-151.3483784287338,107.71275983436747,2.2288357335403,-1.916600967200139,798.7467791643613,-1.844182799703246,152.03552360765516,892.9743853445539,-1.5416905546189463,150.35772737449747,541.2965891113962,-3.219486787776657,151.02270084512924,91.96156258202794,-2.5545133171448877,-0.0022300529938720226,800.6611500785676,0.07018811450302076
268,2.68,-1.2447315203308633,1699.4021162771185,-1.1847160500667624,-2.5324042112268477,1548.1144435862225,-2.4723887409627467,-0.25600163689803057,1300.3908461605513,-0.19598616663392976,-0.31341257480482065,1400.3334352226443,-0.25339710454071984,-1.9249862381352436,1198.721861559314,-1.864970767871143,-0.7378071561975409,1099.9090406412517,-0.6777916859334401,0.4317818401863681,1001.0786296376355,0.4917973104504689,-203.38724345536463,1502.1439697212577,0.26665959472823536,-355.3646964607299,1400.0405540169913,-0.2471522745331991,-446.5982132025062,1194.4406671762927,1.5256326459418463,-501.1803591647681,1054.6788735409743,-1.8362805431290457,0.09981345290161242,796.1978872815408,-2.1132737842044684,-0.2923932900170484,800.354454507432,-0.23237781975294758,-0.9376937714608109,799.7091540259884,-0.8776783011967101,-0.38025242200676906,800.2665953754423,-0.32023695174266825,0.12198870915307436,800.7688365066022,0.18200417941717517,197.27560635387832,1502.5701424865347,0.6928323600050948,354.36587137890183,1400.1281915691354,0.10134789367587146,447.9799588605249,1194.801533150216,-2.530755505270555,497.59528386481594,1051.8777139115336,0.09805165305516012,2.1993706732250016,796.8416899470726,0.2034710131015083,-2.0092240107922965,798.6376237866568,-1.9492085405281958,0.0034353275571054054,800.6502831250062,0.06345079782120622,-0.723004975509271,799.9238428219398,-0.6629895052451702,0.7044329312297154,801.3512807286788,0.7644484014938162,-152.10747903336878,906.8487128748484,1.608626841740091,-153.5137146381964,555.4424772700208,0.2023912369124825,-151.1467619877907,107.80942992042645,2.5693438873181793,0.584130926414897,801.230978723864,0.6441463966789978,152.04610251911103,893.0899106108939,-1.670003355997842,151.7363632195209,542.7801713113037,-1.9797426555879742,149.3794896739632,90.42329776574603,-4.336616201145683,-0.00750224570061675,800.6393455517485,0.05251322456348406
269,2.69,-0.7252283785158908,1699.9048174222362,-0.6777225475223417,-1.1592570337105508,1549.4707887670415,-1.1117512027170018,0.9662891868163415,1301.5963349875683,1.0137950178098905,-0.07482089517109614,1400.5552249055809,-0.027315064177547033,-0.4427524966752464,1200.1872933040768,-0.3952466656816973,-0.3465580596369523,1100.283487741115,-0.2990522286434032,-0.009301036055940015,1000.620744764696,0.03820479493760909,-203.14697198842975,1502.334252996268,0.5423810643767235,-356.1755961269823,1398.920479830896,-0.9414775376682465,-445.7523502904704,1195.4945361030445,2.478304504836594,-502.29124111762195,1053.5017830937727,-2.699605038826839,-2.3003389569519275,794.2933124257414,-4.112705703541432,0.515617025993548,801.1456628267455,0.5631228569870971,0.03521561282096475,800.6652614135729,0.08272144381451385,-1.5790301067922194,799.0510156939598,-1.5315242757986702,-1.1378583333145724,799.4921874674374,-1.0903525023210232,198.21802963783463,1503.414684731616,1.6228127997246509,353.6129784892726,1399.5736779460112,-0.5474605430830659,447.41220960535765,1193.8047133996467,-3.489584863170127,498.6344544992804,1052.9893435295335,0.7052209549264314,0.9217367917761328,795.4857239895173,-1.1190505296446318,-0.7902903654382881,799.8397554353137,-0.742784534444739,-0.7933922556433359,799.8366535451087,-0.7458864246497867,-0.784372730003471,799.8456730707485,-0.7368668990099219,-0.7332348803541645,799.8968109203978,-0.6857290493606154,-152.00656441459495,906.8318254827085,1.8371180663889848,-152.0057470406492,556.8326428566542,1.8379354403347339,-150.34617293452484,108.4922169627786,3.4975095464590833,-1.3718590704612814,799.2581867302907,-1.3243532394677324,152.36073616100177,893.5223462636984,-1.482946319982152,152.15682067975462,543.3184307824512,-1.686861801229304,152.53650723395128,93.69811733664785,-1.3071752470326394,-0.5099618463694218,800.1200839543826,-0.46245601537587266
270,2.7,0.4603471228600776,1701.073325061711,0.495240088389973,-0.8202222960288298,1549.7927556428222,-0.7853293304989344,-0.9960513420440708,1299.616926596807,-0.9611583765141753,-0.15376310649133773,1400.4592148323597,-0.11887014096144233,0.24016950068165965,1200.8531474395327,0.27506246621155506,-0.797556635564218,1099.815421303287,-0.7626636700343226,0.03205889883262725,1000.6450368376837,0.06695186436252265,-202.51052289611798,1502.9140020702682,1.2095815982959475,-354.0293824930413,1400.7387892727088,1.3012721945621033,-445.4726606144031,1196.0081411536978,2.873804571234304,-502.4976298100455,1053.1992353780795,-2.663819831272775,-2.3221435342975845,794.7715689205803,-3.725564420936186,-1.0530942509891397,799.5598836878619,-1.0182012854592442,-1.7117359956818214,798.9012419431692,-1.676843030151926,-1.3172682737522572,799.2957096650988,-1.2823753082223617,-3.784308407821536,796.8286695310295,-3.7494154422916406,197.6355790285829,1502.7280456464887,1.0236251745162428,354.0967410794264,1400.2725047395215,0.056992063158729456,450.1604891960653,1196.1283981204713,-1.1304343525828282,497.35933282460024,1051.7633502584017,-1.0198700945197818,2.8816721728287953,797.3951473377668,0.8146793383813614,-0.015440547013029993,800.597537391838,0.01945241851686541,-0.4566073616881305,800.1563705771629,-0.4217143961582351,-0.1048464718412927,800.5081314670098,-0.0699535063113973,-0.1587231112204428,800.4542548276306,-0.1238301456905474,-152.14295811090815,906.564779612909,1.8166104400405985,-151.85910174632494,556.8486359774922,2.10046680462382,-150.86379827382336,107.84393944999388,3.0957702771253994,-2.135679551706641,798.4772983871444,-2.1007865861767456,151.87540569536472,893.1676679715475,-2.084162855584057,151.90749726655113,543.1997595427339,-2.0520712843976407,151.5977856741031,92.89004795028588,-2.3617828768456426,-1.8423931453375375,798.7705847935135,-1.807500179807642
271,2.71,-2.1226814019445985,1698.4729667082777,-2.100500754246049,0.6783881151646507,1551.274036225387,0.7005687628632002,-1.5488729859677117,1299.0467751242545,-1.5266923382691622,-0.5773331843106653,1400.0183149259117,-0.5551525366121157,-1.3792100797705475,1199.2164380304519,-1.357029432071998,0.6951404705045741,1101.290788580727,0.7173211182031236,0.2821121837424925,1000.8777602939647,0.304292831441042,-203.12884098116027,1502.2323291860669,0.6172989513933702,-355.6700805110235,1398.7522227396635,-0.26318779532934333,-446.5538220978137,1195.1862606710997,1.9170506732655714,-502.20497080957244,1053.3650297694141,-2.136248516972552,0.49012425248729885,798.08538608612,-0.49932027316276995,-2.333286365889461,798.2623617443327,-2.3111057181909116,0.053682068596795474,800.649330178819,0.07586271629534502,-1.4188973881699938,799.1767507220522,-1.3967167404714442,-1.5665398501100232,799.0291082601121,-1.5443592024114736,198.71863451138242,1503.700729745648,2.0856995109744405,353.55989452116813,1399.9670877262192,-0.34290885202359145,448.8607918434196,1194.4099541753485,-2.8158603430143057,499.0246163236763,1053.4557288048693,0.18074769236904925,2.815853939294393,797.3054954601449,0.7408482452111508,-0.45086022618031624,800.1447878840419,-0.4286795784817667,-1.249975216634704,799.3456728935874,-1.2277945689361545,-1.5898739555655128,799.0057741546567,-1.5676933078669633,-0.7405617822933124,799.8550863279289,-0.7183811345947628,-151.28017415117347,907.2840957019007,2.783251854528059,-153.14027759933572,555.4239922537384,0.9231484063657969,-151.6052217361923,106.95904811688185,2.4582042695092143,-0.2560371669193875,800.3396109433028,-0.23385651922083794,149.70462681982735,891.1403569667532,-4.3587991858741715,149.86130085861868,541.2970310055446,-4.202125147082843,151.1112126946838,92.54694284160963,-2.952213311017729,-0.8677474600027448,799.7279006502195,-0.8455668123041953
272,2.72,0.22313032158063806,1700.8011906349739,0.23250302972004577,-0.5294824189710792,1550.0485778944221,-0.5201097108316715,-2.0651043605718997,1298.5129559528214,-2.0557316524324922,-0.729936061802137,1399.8481242515911,-0.7205633536627293,-0.9443325053644513,1199.6337278080289,-0.9349597972250436,-1.3841014809198322,1099.1939588324733,-1.3747287727804245,-0.7439252234935317,999.8341350898997,-0.734552515354124,-201.73115465135356,1503.5600713982747,2.036293614889281,-354.07681950660685,1399.98248550168,1.3858311444284905,-445.97559688751625,1196.048504635967,2.6278358643414412,-503.5895129367958,1051.8223847666202,-3.294903847463061,-2.0929816143332145,796.002370887139,-2.666616599366221,-0.1542055461665618,800.4238547672267,-0.14483283802715408,-0.9117647862487746,799.6662955271445,-0.9023920781093668,-0.046165081815943365,800.5318952315773,-0.03679237367653565,0.264096754392947,800.8421570677862,0.2734694625323547,196.55163594588487,1501.4173091642926,-0.10646861909268779,353.52921563404215,1400.1838170820547,-0.22080155814606683,448.4479413746685,1193.5855744290764,-3.6095975911605294,497.42488587068743,1051.862509749075,-1.8949408981052782,-0.185458413140682,794.3057050239105,-2.250934411879841,-0.8774059361517978,799.7006543772414,-0.8680332280123901,-1.1542005961493988,799.4238597172438,-1.1448278880099911,-2.3930223975157077,798.1850379158775,-2.3836496893763,-1.4243170984536577,799.1537432149396,-1.41494439031425,-151.61793452464465,906.7901155364306,2.537020623902176,-152.5151050872869,555.8929449737882,1.6398500612599036,-150.2563045847595,108.15174547631563,3.898650563787329,0.7461629479099744,801.3242232613032,0.7555356560493821,151.33355068681806,892.9255006257429,-2.8214044617287777,152.36908177473578,543.9610317136606,-1.7858733738110484,152.244873425674,93.83682336459886,-1.9100817228728344,0.04972255829321637,800.6277828716865,0.05909526643262408
273,2.73,-0.8075262271693769,1699.7526924186948,-0.8110531940542721,-1.0139264580149832,1549.546292187849,-1.0174534248998783,-1.4745730180347323,1299.0856456278293,-1.4780999849196275,-0.8730697971965754,1399.6871488486674,-0.8765967640814706,-0.8035166068307279,1199.7567020390334,-0.8070435737156231,-0.6415892723734868,1099.9186293734906,-0.645116239258382,-0.6391518454219692,999.9210668004421,-0.6426788123068644,-201.9324716902886,1503.282294733797,1.8515530450071371,-354.2841759538166,1399.3959026586544,1.2136485984738774,-445.1792216920791,1197.1529260416248,3.564439692491853,-502.87233212507294,1052.349923050391,-2.3624977571786734,-1.5016431300900168,797.0894648616506,-1.6608095009780428,-1.5661706788319125,798.9940479670322,-1.5696976457168077,-1.8138834859105013,798.7463351599536,-1.8174104527953965,-0.8272871349752794,799.7329315108888,-0.8308141018601746,-0.8471242853448939,799.7130943605192,-0.8506512522297891,197.62932489092245,1502.3726653193878,0.9419236305979158,354.833824699973,1401.7513599042084,1.2519552221877155,449.72001964812273,1194.4547013086644,-2.7121362563715303,500.0654982542201,1054.4906349304017,0.2619309227613642,2.200065245352474,796.7166177741142,0.1608606634368812,-2.3482352545456795,798.2119833913184,-2.351762221430575,-0.55792846743641,800.0022901784276,-0.5614554343213052,-0.6755952675986314,799.8846233782655,-0.6791222344835266,-2.834460323145027,797.725758322719,-2.837987290029922,-151.98792954431266,906.2512421343332,2.245966025521818,-153.2709248758021,554.9682468028437,0.9629706940323803,-153.6165418874841,104.62262979116178,0.61735368235039,-0.21949790038231887,800.3407207454817,-0.22302486726721404,150.4480352345465,892.2088635559006,-3.7858603352879747,152.33180272480004,544.0926310461542,-1.902092845034439,152.8603467888062,94.62117511016034,-1.3735487810282703,-1.9491741485175642,798.6110444973465,-1.9527011154024594
274,2.74,-1.6928225123528895,1698.8493047906375,-1.7093369490587387,-0.0629997033445936,1550.4791275996458,-0.07951414005044288,-0.8392790019961511,1299.7028483009942,-0.8557934387020004,-1.4880328563897423,1399.0540944466006,-1.5045472930955917,-1.5158732081837498,1199.0262540948067,-1.532387644889599,-1.4776882535379772,1099.0644390494524,-1.4942026902438266,-1.365351432300649,999.1767758706898,-1.3818658690064982,-204.01188360551427,1501.1199897640286,-0.2160126945454537,-353.3043153882266,1399.981274696207,2.2080732101288207,-445.16924750482843,1197.4941831800827,3.7217902604856237,-504.8961510005571,1050.104858884628,-4.183248518874347,-3.248223700831267,795.8315202728116,-2.9973880369494057,-0.9382688896771337,799.6038584133132,-0.954783326382983,-1.9873652072789696,798.5547620957115,-2.0038796439848188,-1.2242138322268206,799.3179134707635,-1.2407282689326697,-1.114681970244843,799.4274453327455,-1.1311964069506921,197.6476818583568,1502.2629259900152,0.926923531441089,354.15193259194723,1401.3474081163072,0.7530309360520444,450.21568296534554,1194.5573383557175,-2.583410883636306,498.71016140559425,1053.1055144568077,-1.5813399198926854,0.33056929988749206,794.8947410914143,-1.666562534200317,-1.5382170786002893,799.0039102243901,-1.5547315153061385,-1.8571102955749765,798.6850170074154,-1.873624732280826,-0.5563572834129901,799.9857700195774,-0.5728717201188394,-0.6245546080770612,799.9175726949134,-0.6410690447829105,-151.11187372874502,906.9458840106901,3.1881531912672108,-151.53153154477005,556.526226194665,2.7684953752422037,-149.65017411236266,108.40758362707244,4.64985280764958,-0.6251466368560082,799.9169806661344,-0.6416610735618575,151.31469489701615,893.2569371575811,-2.985332022996105,152.24418532775408,544.186427588319,-2.0558415922581648,148.9753196801033,90.91756194066821,-5.324707239908941,-0.23656684022379593,800.3055604627666,-0.2530812769296452
275,2.75,-0.3860127449325878,1700.1377778318995,-0.4155984524232142,-2.791927649876628,1547.7318629269555,-2.8215133573672544,0.8131962053964773,1301.3369867822287,0.7836104979058509,-1.054513440949628,1399.4692771358825,-1.0840991484402545,-0.21845348131005837,1200.3053370955222,-0.24803918880068476,-1.9899261318681667,1098.533864444964,-2.0195118393587927,-1.0863714421938762,999.4374191346382,-1.1159571496845027,-202.45244545040111,1502.5901916925768,1.350549227456055,-354.0404032995636,1398.8364638069081,1.4659915294675827,-444.9392762983909,1198.077805246068,4.10572948311183,-502.20357673849185,1052.5447652318471,-1.301107680909438,-2.032680040891233,797.5259088430385,-1.3793615211958437,-0.09357811858507914,800.430212458247,-0.12316382607570553,0.9390438033481453,801.4628343801802,0.9094580958575189,-1.137992597284094,799.385797979548,-1.1675783047747204,0.24820062211335536,800.7719911989454,0.21861491462272897,196.67745247793434,1501.15899129918,-0.08065116594086263,353.26131048156236,1400.749149220736,0.05959465392293373,448.86441583583985,1192.8242991442253,-4.2925519786720265,498.6615345108833,1053.0116076883444,-2.11845410426886,1.562505861428941,796.1947595587592,-0.3778194758331035,-0.6328855675312617,799.8909050093008,-0.662471275021888,-1.1240972627415338,799.3996933140905,-1.15368297023216,0.5387335967333525,801.0625241735654,0.5091478892427261,-1.4999518159116834,799.0238387609204,-1.5295375234023099,-149.94923275411838,907.9147282765606,4.403936794767085,-150.76311062623606,557.1008504044429,3.590058922649394,-153.03536318540165,104.82859784527727,1.3178063634837984,-0.43367904127113693,800.0901115355609,-0.4632647487617633,152.3820038125205,894.5180427818415,-1.9711657363649555,151.83555802379024,543.9715969931112,-2.5176115250952176,151.89083728492986,94.02687625425092,-2.4623322639555956,1.288442430966958,801.812233007799,1.2588567234763315
276,2.76,-0.6149083777753355,1699.8903044771896,-0.6576451112833029,-0.5820090014937491,1549.9232038534713,-0.6247457350017166,-1.2599122729240126,1299.245300582041,-1.3026490064319802,-2.3177232365673053,1398.1874896183976,-2.3604599700752726,-0.9029154375384618,1199.6022974174266,-0.9456521710464294,-1.3446542856062154,1099.1605585693587,-1.3873910191141827,-0.23986806899743107,1000.2653447859675,-0.28260480250539854,-201.5252094469567,1503.4219466313646,2.2802007601204592,-353.9032110277336,1398.5517849619682,1.5767615617967219,-444.49201619816836,1198.900139744149,4.7129600268599345,-504.40455109142596,1050.0601266317083,-3.3272007655786133,-2.9551037197523233,797.069999712668,-1.9097773075898368,-0.5264067356134613,799.9788061193515,-0.5691434691214288,-0.9379865243433547,799.5672263306216,-0.9807232578513222,-0.7905695487790921,799.7146433061858,-0.8333062822870596,-0.8852545283983647,799.6199583265666,-0.9279912619063322,198.57192079550939,1502.9143068196684,1.7725609484241183,356.33229157972943,1404.1262693501544,3.3413188030056107,451.0150844984045,1194.605755986144,-2.4893377505812824,498.5755804156421,1052.8667557838169,-2.6897858920142204,0.4537858515016581,795.1727051320229,-1.4161805932908962,-1.502518766779755,799.0026940881852,-1.5452555002877226,-1.5677142662820671,798.9374985886828,-1.6104509997900345,-1.9373879454840361,798.5678249094809,-1.9801246789920035,-1.5143639693402318,798.9908488856247,-1.5571007028481993,-150.02170922757483,907.6362548184258,4.371475781567398,-150.5009430258805,557.15702102012,3.8922419832617163,-152.06142363493748,105.59654041106315,2.331761374204754,0.4792944927515407,800.9845073477164,0.4365577592435732,151.7716758449299,894.1137117989293,-2.621509164212346,151.69521047542702,544.0372464294264,-2.697974533715202,150.2130558029131,92.55509175691247,-4.180129206229134,0.16157287759930006,800.6667857325642,0.11883614409133259
277,2.77,-1.3261313987718433,1699.1602672204863,-1.3820948171897958,-0.09215753483065792,1550.3942410844274,-0.1481209532486104,-0.5845270528539195,1299.9018715664042,-0.640490471271872,-0.874441873444203,1399.611956745814,-0.9304052918621555,-0.4083570098126031,1200.0780416094456,-0.4643204282305556,-0.8192693266724989,1099.6671292925857,-0.8752327450904513,0.29755978412300654,1000.7839584033812,0.24159636570505405,-203.3069037300378,1501.5386327447807,0.4962341907458559,-352.77193602735343,1399.2491823783023,2.661391654775236,-445.64145395587263,1198.1461828692688,3.7288751027909384,-501.6263285420712,1052.524361852755,-0.3897977492349418,-3.884898152976487,796.5920006658855,-2.4608750492506495,-0.8774842323266685,799.6089143869316,-0.933447650744621,0.056917495728511125,800.5433161149867,0.000954077310558632,0.6740212176539403,801.1604198369122,0.6180577992359878,-2.669216094503168,797.817182524755,-2.7251795129211205,199.87818747167313,1504.0761415712384,3.033743017203587,353.28545646121955,1401.3986401656537,0.5180667242164552,450.05169739617725,1193.2869956399657,-3.7884388049277247,499.6286197982527,1053.8492154725582,-2.1153576431067673,0.2608709016650894,795.0830689372285,-1.526465046325166,-0.6029126953300371,799.8834859239282,-0.6588761137479896,-1.5874481388608408,798.8989504803974,-1.6434115572787933,0.2532881807161199,800.7396867999744,0.19732476229816742,-1.2350247397101286,799.251373879548,-1.290988158128081,-153.21866664682784,904.2213121930569,1.2013097758484779,-151.1148660361004,556.3251128037842,3.3051103865758975,-151.5249978336473,105.9149810062373,2.8949785890290185,-1.5727155523416627,798.9136830669165,-1.6286789707596152,152.52145383172942,895.0814749918447,-1.898522590946891,152.4173225102855,544.9773436704008,-2.0026539123908234,151.9373715080908,94.49739266820617,-2.4826049145855333,0.4866900126768604,800.9730886319351,0.4307265942589079
278,2.78,-0.7147091989825352,1699.7526432456339,-0.7839708155677855,-2.1082586966754095,1548.359093747941,-2.1775203132606595,-0.792311681939029,1299.6750407626776,-0.8615732985242793,-1.6672630719093777,1398.8000893727071,-1.7365246884946282,-1.5762740354954423,1198.891078409121,-1.6455356520806925,-1.1639030775390862,1099.3034493670773,-1.2331646941243364,-0.9030327235864517,999.5643197210301,-0.972294340171702,-203.09045889034186,1501.647433584632,0.7057455577399641,-352.9394399877271,1398.6369879049516,2.42730124166255,-446.7396031216379,1197.4628344525988,2.8008127053251695,-503.23026824663555,1050.5770306328063,-1.8510990420345157,-1.4230131493227391,799.4887403610213,0.36370027389585835,-1.295824616686041,799.1715278279304,-1.3650862332712914,-2.3148385306208685,798.1525139139956,-2.384100147206119,-1.8903993781855566,798.5769530664309,-1.959660994770807,-2.1323029303810612,798.3350495142354,-2.2015645469663117,197.84854847359063,1501.8969665022107,0.955278475318717,355.18827961579433,1403.632967239977,2.656541687950107,452.8076793330024,1195.7026887679706,-1.355149039779812,498.71449337920865,1052.854800509149,-3.497706365289793,-0.21411542743783474,794.7259330144193,-1.9079144060477837,-0.16396200753992463,800.3033904370766,-0.23322362412517494,-2.6763854920366295,797.7909669525799,-2.7456471086218794,1.353141852150857,801.8204942967674,1.2838802355656065,0.7928441904875919,801.2601966351041,0.7235825739023416,-150.95406591064142,906.2561808731898,3.4794227980752286,-152.34048758317175,554.8697592006595,2.093001125544891,-151.60526347974837,105.60498330408288,2.8282252289682575,-0.8781934691512338,799.5891589754652,-0.9474550857364841,151.78100940473522,894.570762620904,-2.6524793039814174,153.20459301493614,545.9943462311049,-1.228895693780494,151.58856535823014,94.3783185743989,-2.8449233504864817,-0.5810262000756076,799.8863262445409,-0.6502878166608579
279,2.79,-1.1156319257049498,1699.3324470719824,-1.1982590601203749,0.2605289503568703,1550.7086079480443,0.17790181594144538,0.30070425757390973,1300.7487832552613,0.21807712315848482,-1.7620800740235594,1398.6859989236639,-1.8447072084389844,-1.1625621588204351,1199.285516838867,-1.24518929323586,-1.3920285704158362,1099.0560504272717,-1.474655704831261,-1.174020026895636,999.2740589707918,-1.256647161311061,-203.26085806932213,1501.3634878628914,0.5237845030837183,-352.75403368952846,1398.3681324594354,2.5265345649581312,-445.95898088091957,1198.6764244959352,3.7555813213414,-503.0513792829642,1050.3842849935806,-1.5467765172378989,-1.6867456214165184,799.6408828201187,0.4441177816816949,-3.3787540907768645,797.0693249069105,-3.461381225192289,1.605075710638145,802.0531547083256,1.5224485762227202,-0.1608906906175589,800.2871883070699,-0.2435178250329838,-0.3920664697941506,800.0560125278932,-0.4746936042095755,198.39928094473075,1502.2932401404055,1.4535367805977681,352.76771388665384,1401.5553765811774,0.4828740208080502,452.0079288188249,1194.5789426677466,-2.4633332175931173,500.2152618980064,1054.2675607359781,-2.4512123321499097,0.7613101617364086,795.8316890875285,-0.8294791406759596,0.09740290869072565,800.5454819063781,0.014775774275300746,0.43654424200263386,800.88462323969,0.35391710758720896,-1.108838087299595,799.3392409103878,-1.1914652217150201,1.3955040994992096,801.8435830971866,1.3128769650837848,-151.6130957027504,905.3559425218193,2.820612970502571,-153.1917333843609,553.7773048402088,1.2419752888920623,-150.54710480566905,106.4219334189007,3.8866038675839247,-1.1762708221879459,799.2718081754995,-1.2588979566033707,150.28438139599092,893.3153431714212,-4.149327277262038,150.59513832466456,543.6261001000948,-3.8385703485883904,152.02502861548942,95.0559903909197,-2.408680057763531,0.10228906535912496,800.5503680630466,0.019661930943700057
280,2.8,-0.6577295222256907,1699.77085351331,-0.7537852539395149,-0.4552483662068412,1549.9733346693288,-0.5513040979206654,1.5143440503344454,1301.94292708587,1.418288318620621,-0.5979903969136833,1399.830592638622,-0.6940461286275075,-0.10975191090681968,1200.3188311246288,-0.20580764262064388,-2.025580850256464,1098.403002185279,-2.1216365819702885,-0.7594199699808764,999.6691630655547,-0.8554757016947006,-203.1980385655264,1501.3069877029063,0.5704526049218779,-352.4018231936686,1398.2577959312432,2.773412791547578,-446.51303758582327,1198.572287253455,3.37903306993386,-503.3281649873328,1049.70901936429,-1.7158153929039694,-2.9480687631067526,798.7746117511288,-0.49394988598187833,-0.13140639877123206,800.2971766367643,-0.22746213048505626,0.044025032578601575,800.4726080681141,-0.052030699135222624,-0.33521902872390685,800.0933640068117,-0.43127476043773105,-0.8200969803870677,799.6084860551485,-0.9161527121008919,198.10465722388398,1501.8394223851112,1.1028872871268274,354.3823603420233,1403.523586836141,2.35479387963707,451.4390019918599,1193.7034806833399,-3.3252478062226034,501.9695450172681,1055.928100107511,-1.1337883766124301,-1.724388305187614,793.4866807616013,-3.204181468795973,-1.863456554983229,798.5651264805524,-1.959512286697053,-1.3777800107902058,799.0508030247454,-1.47383574250403,-1.9217431304957153,798.5068399050399,-2.0177988622095397,-0.5644079891762531,799.8641750463594,-0.6604637208900773,-151.28694496586394,905.4297070792111,3.133719993863635,-153.0077666039041,553.7088854411709,1.412898355823463,-152.37863773119196,104.33801431388305,2.042027228535604,-1.8109739095143529,798.6176091260212,-1.9070296412281773,149.15782246852729,892.4411704234523,-5.262842491200276,152.39689763065803,545.6802455855831,-2.0237673290695204,150.97726192139754,94.26060987632255,-3.4434030383300045,-1.4059630258704456,799.0226200096652,-1.50201875758427
281,2.81,-0.15475298318291208,1700.2541164210993,-0.264296106249555,-1.124429712762575,1549.2844396915195,-1.2339728358292181,-1.2284524858801427,1299.180416918402,-1.3379956089467855,0.5021314674582853,1400.9110008717405,0.39258834439164236,-1.0862204271344442,1199.3226489771478,-1.1957635502010873,-0.8254656056176792,1099.5834037986644,-0.9350087286843223,-0.20958451621565066,1000.1992848880666,-0.3191276392822936,-204.19542658475802,1500.1846437368363,-0.44763144202166893,-353.9806232237191,1396.2094897045936,1.0706186656209673,-446.69017454358135,1198.8607472856766,3.382048699540581,-502.9002385325072,1049.7132473987292,-1.1981291209011848,-2.027057330550602,800.068216957488,0.7272650649871037,-0.9783271195550416,799.4305422847272,-1.0878702426216846,-0.9805667829915421,799.4283026212906,-1.0901099060581851,-1.545339448853952,798.8635299554282,-1.654882571920595,0.5585202406944456,800.9673896449766,0.4489771176278027,197.47299450373632,1501.04402393064,0.4117487517818158,353.60530725625904,1403.1097508429505,1.8444733389012458,451.3837091309231,1193.36023432673,-3.656949057256998,501.0726532171684,1054.933687932805,-2.4467755657731876,-0.33545237208095746,795.0245384803537,-1.6977852151502097,1.2263108592292045,801.6351802635114,1.1167677361625614,0.29636785939534094,800.7052372636775,0.186824736328698,-1.116947519987888,799.2919218842943,-1.226490643054531,-1.168961091772409,799.2399083125098,-1.2785042148390517,-151.75311945902067,904.7002956704808,2.641308402423155,-152.53674904836143,553.9166660811401,1.8576788130823998,-151.15997459309762,105.29344053640393,3.234453268346205,-1.0462083237269761,799.3626610805552,-1.155751446793619,151.528592614344,895.0751774848425,-2.8658352470998167,151.31706934062566,544.8636542111241,-3.0773585208181555,149.70874862819514,93.25533349869357,-4.685679233248685,-0.034393159144750385,800.3744762451374,-0.14393628221139332
282,2.82,0.6862357966652319,1701.0751788343773,0.5631508174215683,-0.1716756583699286,1550.2172673793423,-0.2947606376135923,-1.1816748361319847,1299.20726820158,-1.3047598153756486,0.08530560753649674,1400.4742486452487,-0.03777937170716694,0.8130881282444795,1201.2020311659567,0.6900031490008158,-2.0954276744934868,1098.2935153632186,-2.2185126537371502,-2.0406486723857724,998.3482943653264,-2.1637336516294363,-203.83762525494964,1500.4119969286185,-0.11501991898668562,-351.6816872693613,1398.0333222872614,3.227464180536926,-447.21049435346754,1198.8203731810052,3.043790140050861,-501.2186826750238,1050.9477326132685,0.5550798030794521,-1.262679922455642,801.1813118476764,1.7668484077503668,0.6208233126545679,801.0097663503667,0.49773833341090423,-1.0167286099355437,799.3722144277766,-1.1398135891792074,0.5790066232736328,800.9679496609858,0.45592164402996915,-1.401121153289344,798.9878218844228,-1.5242061325330076,196.5658449421423,1499.968796134915,-0.5582207126899545,353.10884541423036,1402.9851737374636,1.6232449939433504,452.2072297077894,1193.915454076404,-3.0921823539959643,500.4341854034243,1054.1958362505209,-3.477372307332243,-0.15722790207653703,795.3578018858242,-1.3971779967844482,-0.05044792776686746,800.3384951099453,-0.17353290701053115,0.2207337513892781,800.6096767891014,0.0976487721456144,-0.7285748672313422,799.6603681704808,-0.8516598464750059,-1.800683113571674,798.5882599241405,-1.9237680928153378,-151.25141081180053,904.9282709217096,3.10369818482025,-152.15721430693114,554.0224674265789,2.1978946896896607,-151.8776314670968,104.30205026641319,2.4774775295239895,0.25576964851861883,800.6447126862307,0.13268466927495515,151.16470675898296,894.985025025473,-3.1904022376378167,151.24053483187328,545.0608530983633,-3.1145741647475083,150.95190920656802,94.77222747305802,-3.403199790052769,-0.15223001721089802,800.2367130205013,-0.2753149964545617
283,2.83,-1.8454586969339488,1698.5233502589135,-1.982135625556182,1.312198824034171,1551.6810077798816,1.1755218954119377,0.20832004137237992,1300.5771289972197,0.07164311275014668,-2.144875291250644,1398.2239336645969,-2.2815522198728773,-1.0910973150429268,1199.2777116408045,-1.2277742436651602,-0.04737438066914257,1100.3214345751783,-0.1840513092913758,-2.797987605813299,997.5708213500342,-2.9346645344355324,-202.51698243428982,1501.5968505941146,1.1759960229007675,-351.56643905463346,1397.6692634166682,3.183156635476329,-448.42530583160766,1198.098476891273,2.0121985588577203,-504.566597016341,1047.1314295742573,-2.739230205522532,-2.3196718620615933,800.4479683672182,0.9583441966018929,-0.37319952102410214,799.9956094348235,-0.5098764496463354,-0.07028643251708877,800.2985225233305,-0.206963361139322,-0.24607234219717622,800.1227366136503,-0.38274927081940946,-1.0099754337931999,799.3588335220543,-1.1466523624154332,197.6611930051536,1500.8919281124652,0.47107354125143197,353.6817459161485,1403.9375937819414,2.478883245300907,453.09146907151245,1194.5520619614224,-2.4480297200048025,501.93578721834353,1055.5980385127014,-2.3409016781000442,-0.7594418494759752,794.9146638171853,-1.8736314738669173,-0.7329674862919424,799.6358414695555,-0.8696444149141757,-1.888824483854629,798.4799844719929,-2.025501412476862,-0.2240156604835617,800.1447932953639,-0.36069258910579494,-0.3097386025983227,800.0590703532492,-0.44641553122055594,-151.178193363601,904.7176393982182,3.124667483894334,-151.45823366825823,554.437599093561,2.844627179237089,-151.04883313866213,104.84699962315702,3.2540277088331924,-0.221482814436332,800.1473261414112,-0.35815974305856524,150.43520885462212,894.5393760928029,-3.867651992873211,149.93158239872199,544.0357496369028,-4.371278448773351,151.68062289169163,95.78479012987245,-2.6222379558037128,-0.47050469135588824,799.8983042644917,-0.6071816199781215
284,2.84,1.1983197508068506,1701.5467920142967,1.048005192174872,-0.5577306568311438,1549.7907416066587,-0.7080452154631222,-0.10770794572010911,1300.2407643177696,-0.2580225043520875,-1.6120756092970931,1398.7363966541927,-1.7623901679290714,-0.519194033207092,1199.8292782302826,-0.6695085918390704,-0.6472145087427363,1099.701257754747,-0.7975290673747149,-1.2168934509262144,999.1315788125636,-1.3672080095581929,-201.1653617317684,1502.8074991994927,2.493615248291656,-352.7791822324823,1395.9744297973648,1.7940862259251853,-448.7736638995962,1198.2545782904483,1.8474575329277831,-500.98984904855973,1050.2207194544542,0.8733046756509819,-2.5627118169425804,800.5025461597419,0.9355893162747642,-1.208423121665148,799.1400491418246,-1.3587376802971263,-0.11194676833124717,800.2365254951585,-0.26226132696322557,-1.1783702592905703,799.1701020041992,-1.3286848179225488,-1.5174630521378072,798.831009211352,-1.6677776107697855,197.1379074691099,1500.1924984794487,-0.12138547175240255,353.3765616855229,1404.0184871081397,2.4629094539901675,452.7452453963738,1193.9798345785791,-3.0147268401897795,502.07907981931277,1055.643679522601,-2.5329069984555783,0.44482154580388866,796.2800143589011,-0.5417612283371942,0.2591726383851871,800.607644901875,0.10885807975320871,-1.7009803984893503,798.6474918650005,-1.8512949571213286,-1.253665543238032,799.0948067202518,-1.4039801018700104,0.8832047536748401,801.2316770171647,0.7328901950428617,-151.78754846986706,903.8147264853014,2.450327695475923,-152.1792396845673,553.4230352706012,2.0586364807756827,-151.32478692207113,104.27748803309736,2.913089243271865,-0.14153083628640895,800.2069414272033,-0.29184539491838735,149.7359273635668,894.1336524083982,-4.501948801776194,151.01018141968916,545.4079064645207,-3.2276947456538094,152.18034498406072,96.57807002889226,-2.057531181282253,0.4629963913628591,800.8114686548527,0.3126818327308807
285,2.85,-2.4680185307083726,1697.8599196180212,-2.6320119479281603,-0.4877409834678186,1549.8401971652618,-0.6517344006876065,0.9508970820243091,1301.2788352307539,0.7869036648045212,0.13555455805127326,1400.463492706781,-0.02843885916851463,0.12819223754765985,1200.4561303862772,-0.035801179672128036,-2.0229358606565584,1098.305002288073,-2.1869292778763465,-1.8097806944608639,998.5181574542686,-1.9737741116806515,-203.016923910247,1500.8099467679522,0.6037451328972301,-351.8229892734511,1396.4471915182976,2.5579342115876176,-448.1881949788863,1199.3545843989211,2.616170782522925,-501.6274584717456,1049.0790105781562,0.25406328744906814,-2.784873520559212,800.5512445539977,0.9042708387509394,0.24904356840031516,800.5769817171298,0.08505015118052728,-0.5468631587804261,799.781074989949,-0.710856576000214,-2.384611504489755,797.9433266442397,-2.5486049217095426,-1.1796742710505286,799.148263877679,-1.3436676882703162,200.0209297002203,1502.895663369472,2.6894617344168905,352.39205453329953,1403.4254982167895,1.7730228073342773,452.79005511198363,1193.8211647765352,-3.169901360297969,503.92139349068606,1057.391751165915,-0.9934410851452582,-2.3520966132713483,793.6442429995404,-3.210728184522871,1.4177274836618552,801.7456656323914,1.253734066442067,1.5933131522819943,801.9212513010115,1.4293197350622062,0.6885391695944866,801.016477318324,0.5245457523746987,-0.933745859460762,799.3941922892687,-1.09773927668055,-152.0202562846051,903.2791837046133,2.140130959143402,-150.90844718726098,554.3909928019574,3.2519400564875,-151.12988340414773,104.1695565850706,3.030503839600745,-0.5793114606501346,799.7486266880794,-0.7433048778699225,150.552256599437,895.2528166102186,-3.608130644311504,150.31598702939084,545.0165470401724,-3.84440021435764,150.15887732113714,94.85943733191881,-4.001509922611339,-1.1960458652007708,799.1318922835287,-1.3600392824205585
286,2.86,-0.8372226569423464,1699.469989224482,-1.0149316712768974,-1.1140408809965412,1549.1931710004278,-1.2917498953310922,-0.17508070461695402,1300.1321311768074,-0.352789718951505,-1.5848547255948,1398.7223571558297,-1.762563739929351,-1.97714523105005,1198.3300666503744,-2.154854245384601,-0.9789042407551986,1099.3283076406692,-1.1566132550897494,-1.1579422492929012,999.1492696321316,-1.3356512636274522,-202.97717726504922,1500.6988563020413,0.6009510755512256,-351.37151527728025,1396.4153534378445,2.8018559452245837,-448.226676314756,1199.8392148332834,2.7597860300306123,-502.7934150715841,1047.3949037884777,-0.9103859954442794,-2.3225772469617905,801.2571527047105,1.5269814788762828,0.3354003939520497,800.6426122753766,0.15769137961749868,-0.690825189028314,799.6163866923962,-0.868534203362865,-0.49438392036112017,799.8128279610634,-0.6720929346956712,-2.4033295825385825,797.9038822988858,-2.5810385968731335,198.48235664125707,1501.1737391501642,1.0758339236740126,352.1417274572648,1403.5709759005563,1.8216365602760467,453.24355682963596,1194.094542035742,-2.8950924360314225,503.05838808583445,1056.4394560965065,-2.1244669958006206,-1.2264553321844065,794.9292318212098,-1.958248629479755,-1.995464162361504,798.311747719063,-2.173173176696055,0.8752172763241074,801.1824291577485,0.6975082619895564,-1.7036951549175767,798.6035167265069,-1.8814041692521277,-2.841712508088223,797.4654993733362,-3.019421522422774,-151.55959597852123,903.4281875097281,2.5110690843864867,-151.36481601668322,553.6229674715662,2.705849046224497,-151.6507022133816,103.33708127486776,2.4199628495261116,-0.22962466695459177,800.0775872144699,-0.40733368128914277,150.98072752778538,895.992944039536,-3.0899375351223224,150.73830087760834,545.750517389359,-3.332364185299375,152.0801242483494,97.09234076010006,-1.9905408145583083,-0.8689678362366178,799.4382440451878,-1.0466768505711688
287,2.87,-0.16035822029229596,1700.1259405913552,-0.35181504372347017,-1.4547036386467274,1548.8315951730008,-1.6461604620779016,-1.0132065878367684,1299.2730922238106,-1.2046634112679426,-0.8920135411257369,1399.3942852705218,-1.0834703645569113,-2.274571636911113,1198.0117271747363,-2.466028460342287,-1.3667844711599395,1098.9195143404875,-1.558241294591114,-0.8228459930641392,999.4634528185833,-1.0143028164953134,-200.7977145645991,1502.722812635283,2.7337194406849763,-351.18473456655005,1396.1204136947292,2.7667409163490038,-449.2385685851515,1199.357474109421,1.928065615580857,-502.4351404247368,1047.2237125060174,-0.5667560221190884,-3.1520451112166796,800.6437938125744,0.8267690378152158,-0.8869723390456449,799.3993264726017,-1.0784291624768192,-0.18488333050508998,800.1014154811423,-0.3763401539362642,-0.7301147324087998,799.5561840792386,-0.921571555839974,-1.0369599037738935,799.2493389078735,-1.2284167272050674,198.37535494026645,1500.880116275762,0.8910230811638618,351.2760898975773,1403.104242298565,1.2581473582861653,452.8404825470971,1193.535460340346,-3.4548427358227563,502.78724230539274,1056.0853815364671,-2.6266880826863455,-2.376962890832438,793.9345239160106,-2.9844286167552037,-0.8925800843706331,799.3937187272768,-1.0840369078018073,-0.7182103681237085,799.5680884435237,-0.9096671915548827,-2.2551283430839346,798.0311704685635,-2.446585166515109,-0.08679900149444353,800.1994998101529,-0.27825582492561773,-150.88261960312101,903.7851643537241,3.086398705063216,-151.0839618005652,553.58382215628,2.88505650761905,-151.5525104962186,103.11527346062655,2.4165078119656527,-1.4103750142417097,798.8759237974057,-1.6018318376728837,151.69274298246788,897.0249590256227,-2.2762753257163757,150.1050851957318,545.4373012388867,-3.863933112452462,150.51036788045025,95.8425839236051,-3.4586504277339962,-0.603927868905948,799.6823709427415,-0.7953846923371222
288,2.88,-0.42593356170096414,1699.8392708064023,-0.6311658446942905,0.06847599222732748,1550.3336803603304,-0.13675629076599882,-0.14723689503941517,1300.1179674730638,-0.35246917803274147,-0.18377935354039682,1400.0814250145627,-0.3890116365337231,-2.0519169257755787,1198.2132874423276,-2.257149208768905,-0.3915691832852311,1099.8736351848179,-0.5968014662785575,-1.0867498107832054,999.1784545573199,-1.2919820937765318,-203.25359332405642,1500.1069419424198,0.22707716044138848,-350.48656434439556,1396.339935080425,3.2295855415442185,-448.5178586928142,1200.6138138831006,2.8262469577868283,-499.7058448442157,1049.4150862164333,2.132591795316713,-2.965812102379554,801.0186115330288,1.1106279082385582,0.3954541363534113,800.6606585044566,0.190221853360085,-2.2463594404346527,798.0188449276685,-2.4515917234279794,-1.6064678808020005,798.6587364873011,-1.811700163795327,-0.7255082200554053,799.5396961480477,-0.9307405030487316,199.58951404560202,1501.9046121003632,2.0247473183848017,352.7359143605495,1404.964853481084,3.0221960386825892,453.2546473416496,1193.81842476515,-3.1746916746581304,503.4699302057777,1056.69276172648,-2.136288800051852,-1.3446169071118332,795.1174996877388,-1.8315900779715089,-2.819414736548489,797.4457896315547,-3.024647019541815,-0.44719044688687903,799.8180139212162,-0.6524227298802053,0.31721313919609206,800.5824175072993,0.11198085620276577,0.20803349764255097,800.4732378657457,0.0028012146492246703,-150.4877239513772,903.8522176816779,3.3680683151944297,-150.00059516148895,554.3393464715662,3.8551971050826763,-150.76827539626834,103.57166623678678,3.087516870303276,-0.9573851399969998,799.3078192281062,-1.162617422990326,151.1965886323042,896.856646999249,-2.65920363426741,150.62280311031134,546.2828614772562,-3.232989156260298,151.3530255523281,97.01308391927297,-2.5027667142435184,-1.6054761166429539,798.6597282514603,-1.81070839963628
289,2.89,-1.2279971633034,1699.0159368932127,-1.4470279613778307,-1.4380430387828462,1548.8058910177333,-1.6570738368572768,0.33026562705975127,1300.574199683576,0.11123482898532056,-1.5390776048421373,1398.704856451674,-1.7581084029165681,0.4687580976195982,1200.7126921541358,0.24972729954516748,0.5388378059559644,1100.7827718624721,0.3198070078815337,0.639653185558805,1000.8835872420749,0.4206223874843743,-203.67515240620205,1499.5210949143,-0.24922499764206063,-349.21905298371496,1397.133351723616,4.249301148457628,-447.3023174960509,1202.3688803548125,4.215788090815634,-501.8020131954802,1046.7755039180122,-0.00784995427592683,-2.1792448829222026,801.966446574796,1.9629806072093892,-1.167344845312308,799.0765892112038,-1.3863756433867387,-1.0017148368176934,799.2422192196983,-1.220745634892124,-1.6068205645869387,798.6371134919291,-1.8258513626613695,-0.7902653536839812,799.453668702832,-1.0092961517584118,197.8840133832239,1500.0066377681655,0.23631785622341983,351.09106372315665,1403.7214308626117,1.6824992070363587,451.85183293594355,1192.309832174642,-4.688294482638457,502.6540244173336,1055.810268634552,-3.1041466404624694,-2.613015594238287,793.9930805953212,-2.9845690709650072,-0.49418121608164345,799.7497528404344,-0.7132120141560742,-1.2353293581173355,799.0086046983987,-1.454360156191766,-2.7147265235504454,797.5292075329656,-2.933757321624876,-2.0948286718121283,798.149105384704,-2.313859469886559,-150.1881219050169,903.8166553618138,3.543245700109506,-152.01834454540338,551.9864327214274,1.7130230597230414,-150.1067920294426,103.89798523738807,3.624575575683814,-0.4947637821930566,799.749170274323,-0.7137945802674873,152.4033965070785,898.3986192402479,-1.3279710980479162,150.59063666330198,546.5858593964713,-3.140730941824435,150.49723142704397,96.4924541602133,-3.2341361780824416,-0.46332884604464264,799.7806052104714,-0.6823596441190733
290,2.9,-0.843381790000818,1699.379111667987,-1.0762295318571715,-0.5916621511818171,1549.630831306806,-0.8245098930381706,0.08236219839835723,1300.304855656386,-0.15048554345799625,-0.5612338091479064,1399.6612596488399,-0.7940815510042599,-1.1527440959824724,1199.0697493620053,-1.385591837838826,-2.3437269873604403,1097.8787664706274,-2.5765747292167935,-0.3620014765371823,999.8604919814505,-0.5948492183935358,-202.84647145665693,1500.1813870906012,0.520827995729273,-349.251935790923,1396.6324082619237,3.9571543255143484,-451.0243006913795,1199.1887186073536,0.6635700510010967,-501.7170892486045,1046.314568036196,0.019568247155126173,-2.8567877429882804,801.4232841527511,1.3194299672891936,-0.5123887722121576,799.7101046857756,-0.7452365140685111,-2.1382492371428317,798.0842442208449,-2.371096978999185,0.12558711572828385,800.3480805737161,-0.10726062612806964,1.278526172680258,801.501019630668,1.0456784308239047,198.3092977841298,1500.2368733489209,0.5763142540489257,351.9728878759157,1405.0040620861323,2.8692502300680403,454.7561963524352,1195.1343772614525,-1.8710158818256502,502.8020617754177,1055.901366740807,-3.0664793690505068,-3.0834649358885504,793.6586354792242,-3.345811011166197,-0.32721694694664366,799.8952765110411,-0.5600646888029972,-0.2669543218989644,799.9555391360888,-0.4998020637553179,-0.8397885566647149,799.382704901323,-1.0726362985210682,-0.49723599938261276,799.7252574586051,-0.7300837412389662,-151.32644889919894,902.3363819286144,2.269710136637837,-150.50484375797558,553.1579870698378,3.09131527786119,-151.42012927921678,102.24270154859647,2.1760297566199953,-0.4063074916855691,799.8161859663022,-0.6391552335419226,149.94963422799788,896.2868034001846,-3.646524807838915,150.96875730503365,547.3059264772203,-2.62740173080314,151.04563144337962,97.38280061556637,-2.550527592457169,-2.2031091363377326,798.01938432165,-2.435956878194086
291,2.91,-1.0880436759125978,1699.1128445514134,-1.3347221331378512,-1.074234536808253,1549.126653690518,-1.3209129940335065,-0.18779620672308023,1300.0130920206032,-0.43447466394833373,-1.844965780146032,1398.35592244718,-2.091644237371286,1.6580365223817788,1201.858924749708,1.4113580651565252,-0.5408193634869727,1099.6600688638391,-0.7874978207122262,-0.37391591106990263,999.8269723162563,-0.6205943682951561,-202.6151022369127,1500.2404672872028,0.6897839533755487,-351.1238758309019,1394.2999139327162,1.8155220663533358,-449.21193247049024,1201.543594235093,2.6407164769320013,-499.3774799794502,1048.1089775734863,2.2896348622517735,-2.583219706661176,801.8049883684678,1.5954980263144387,-0.13007528577274585,800.0708129415534,-0.37675374299799935,-0.10020972448739385,800.1006785028387,-0.34688818171264735,-2.4044682513085434,797.7964199760175,-2.6511467085337967,1.0057932847396347,801.2066815120658,0.7591148275143813,199.16804830337543,1500.8982383604416,1.3475550266142369,352.2445909797466,1405.6746726386934,3.4444909040361393,454.284245393886,1194.6090256724112,-2.4059566243495327,504.43247243671277,1057.4852330696485,-1.5039263742720619,-1.6629224613989944,795.2060486678496,-1.8233036799049638,-0.6795887386181316,799.521299488708,-0.9262671958433851,-1.2898065453698724,798.9110816819563,-1.5364850025951258,2.1615701815675945,802.3624584088938,1.914891724342341,-0.23823942019715927,799.962648807129,-0.48491787742241277,-150.54828008189602,902.7663800649256,2.902333789877324,-150.81631609809696,552.4983440487247,2.634297773676395,-151.58563098258412,101.72902916423745,1.8649828891892424,-0.3561737652899625,799.8447144620362,-0.602852222515216,151.5966931953202,898.2820330484986,-1.8539206764531713,149.3504653164063,546.0358051695847,-4.100148555367059,151.60643006358174,98.29176991676017,-1.844183808191614,0.29791624626574,800.4988044735919,0.05123778904048648
292,2.92,-1.162813254068755,1699.0163108372778,-1.4233315124328203,-0.20130312964721203,1549.9778209616995,-0.4618213880112773,0.3276222478112738,1300.5067463391579,0.06710398944720852,-1.173615852375057,1399.0055082389717,-1.4341341107391221,-1.1402078116106145,1199.038916279736,-1.4007260699746795,-0.776504488828941,1099.4026196025177,-1.0370227471930062,-0.07239854317990302,1000.1067255481669,-0.3329168015439683,-203.50622408842398,1499.173361885269,-0.26743214422127015,-349.1005937087632,1395.8716077059828,3.5597578295234773,-450.0779211902174,1201.2191830073514,1.9337811706854975,-499.81479489325085,1047.1302656101232,1.772023471481845,-2.0575159806983696,802.4134304154221,2.092758481303309,0.07391845279380549,800.2530425441406,-0.1865998055702598,-1.240617546748952,798.9385065445979,-1.5011358051130173,-0.3495304932532321,799.8295935980935,-0.6100487516172974,-1.3081944966839414,798.8709295946629,-1.568712755048007,200.1412525059124,1501.6719617537758,2.231167724285421,351.6339067424596,1405.4597055879428,3.134791187338151,453.43885511610864,1193.737028398123,-3.2899387172046297,501.51080701015917,1054.5279770814652,-4.450329516205911,-3.359610174770497,793.6261172043993,-3.4261806626698523,-1.2214651867174435,798.9576589046294,-1.4819834450815088,-2.4615033606875105,797.7176207306593,-2.722021619051576,-0.643224170482903,799.5358999208639,-0.9037424288469683,-0.6981815446270093,799.4809425467198,-0.9586998029910746,-149.8563781783946,903.1044613172417,3.438832301338926,-151.0227681640253,551.9380713316109,2.272442315708232,-150.17051636204792,102.79032313358836,3.1246941176856105,-0.7568867266337047,799.4222373647132,-1.01740498499777,150.76519937996844,897.8043598843321,-2.530011099765103,149.42166417818177,546.4608246825455,-3.873546301551749,149.6183178415929,96.65747834595662,-3.67689263814064,-0.5904113429095955,799.5887127484373,-0.8509296012736608
293,2.93,0.1444394597703086,1700.3016463069155,-0.12992297259073948,-0.31990653279036013,1549.8373003143547,-0.5942689651514081,0.43216360385249186,1300.5893704509976,0.1578011714914438,-0.3323986868203303,1399.824808160325,-0.6067611191813784,-0.4541062546712803,1199.703100592474,-0.7284686870323284,-0.015996358743194494,1100.141210488402,-0.29035879110424256,-1.6451522335513056,998.5120546135939,-1.9195146659123536,-201.96092632156683,1500.5391921885425,1.2081993040052803,-348.18333487796417,1396.3476859084053,4.189719960481765,-449.8954723779126,1201.9406632244245,2.268838284221889,-500.68099429139187,1045.7296274293715,0.816129334276203,-0.8075570123910976,803.721767445745,3.2841195134163095,-0.06083276379431257,800.096374083351,-0.33519519615536064,-2.0346226983598736,798.1225841487854,-2.3089851307209215,-0.7888957053283889,799.3683111418169,-1.063258137689437,-2.45974545273595,797.6974613944093,-2.7341078850969978,199.77656912264953,1501.1059462648416,1.7749533803043398,350.52542617027433,1404.7424538785704,2.3235814355637094,455.9471460238487,1196.245798165716,-0.7956285956595517,503.8709052731043,1056.8638040602716,-2.0715698325622087,-4.241581284396254,792.8499924574676,-4.223279950445408,-2.464765492118106,797.6924413550272,-2.7391279244791544,-1.8096026354085593,798.3476042117367,-2.0839650677696073,-1.6288933131752381,798.52831353397,-1.9032557455362862,-1.3318962547254318,798.8253105924198,-1.60625868708648,-149.58963353171788,903.0123245781987,3.54082310321715,-149.84193824856823,552.7600198613483,3.288518386366799,-150.66792244109953,101.93403566881696,2.4625341938355145,-0.9598834885659102,799.1973233585794,-1.2342459209269583,151.26387114905432,898.6619130391379,-1.866585485880706,150.96439178100508,548.3624336710885,-2.1660648539299583,150.02675363027546,97.42479552035897,-3.1037030046595806,-1.0890060410620004,799.0682008060833,-1.3633684734230487
294,2.94,-0.28648558994038004,1699.8486567704035,-0.5746918307742293,0.32598642252318655,1550.461128782867,0.03778018168933728,0.6361435646248518,1300.7712859249687,0.3479373237910025,-2.041493887487425,1398.0936484728563,-2.329700128321274,0.7800994300021654,1200.915241790346,0.49189318916831615,-0.41592256189500243,1099.7192197984489,-0.7041288027288517,0.3274010813693191,1000.462543441713,0.039194840535469844,-200.90163672000688,1501.4157456586324,2.1943638511022767,-348.75261468630214,1395.3490521457559,3.326022281319154,-450.9700357987635,1201.4009740205152,1.3397383909055578,-499.3607156161404,1046.525570331371,2.0387273594797968,-2.631561495304054,801.932995878474,1.372380735704032,-0.9071909898157778,799.227951370528,-1.1953972306496272,-1.3222073989259953,798.8129349614178,-1.6104136397598445,-0.16036018179082728,799.9747821785529,-0.44856642262467655,-0.6970798449473237,799.4380625153964,-0.9852860857811729,199.65919651584161,1500.7856365720213,1.564254764491189,351.71912053434767,1406.3215879117492,3.8096798616318988,454.4031919650785,1194.7296158177637,-2.328830264043538,502.89034212851107,1055.8704577013539,-2.9901243982617736,-3.461850900679814,793.7240558750832,-3.368267943654106,-0.27161921223833085,799.8635231481054,-0.5598254530721801,-0.5888160542433941,799.5463263061004,-0.8770222950772434,-0.659457244717037,799.4756851156267,-0.9476634855508863,0.3065439738982779,800.441686334242,0.018337733064428652,-150.60513639774538,901.6334822625531,2.351751385894262,-149.76107408992573,552.4775445703729,3.1958136937139385,-149.80473850843967,102.43388015185889,3.1521492751999887,2.2341946274309454,802.3693369877747,1.9459883865970964,150.15932345208805,897.9207047917895,-2.797564331551618,149.83449252366393,547.5958738633653,-3.122395259975718,150.7186531576349,98.48003449733635,-2.238234626004751,-1.358735778374532,798.7764065819692,-1.6469420192083812
295,2.95,-1.218799314525875,1698.8941372487843,-1.520844236094404,-1.0541954377605587,1549.0587411255497,-1.3562403593290875,-0.011341779960608034,1300.1015947833496,-0.31338670152913684,-0.1987534146269273,1399.9141831486834,-0.5007983361954561,1.210302920551924,1201.3232394838622,0.9082579989833952,-1.2719530773562235,1098.840983485954,-1.5739979989247521,-0.6633685366732003,999.449568026637,-0.9654134582417291,-202.81965309032762,1499.3119440987773,0.19988128235568614,-347.8437764207248,1395.8417542812747,3.934471604526909,-450.9928782181298,1201.9072479612582,1.454538795747758,-500.20161616346905,1045.173547046504,1.0936133549467977,-0.6836540910064409,803.8943685139805,3.204653602015451,0.3891471978310108,800.5020837611412,0.08710227626248201,-0.4607600974720797,799.6521764658381,-0.7628050190406085,-0.8600551876654674,799.2528813756447,-1.1621001092339962,-0.2563215544377279,799.8566150088725,-0.5583664760062568,199.6174630505228,1500.5396093568331,1.4275465404114442,350.2554034767784,1405.2362223148355,2.6323591280239467,453.46187219584965,1193.8434811562156,-3.2346339270577373,502.6914741878202,1055.6702653137397,-3.0840199270661026,-2.4395208372313184,794.8287986907923,-2.2807590522580874,0.7147103567325062,800.8276469200428,0.41266543516397736,-1.613141190743615,798.4997953725666,-1.9151861123121439,-0.6409013885488666,799.4720351747613,-0.9429463101173954,-0.9582224501631007,799.1547141131471,-1.2602673717316295,-150.6623640440081,901.2090716329164,2.112701175881715,-151.315367207952,550.5560684689725,1.459698011937781,-151.27874298359646,100.59269269332803,1.4963222362933335,0.22092786684787236,800.3338644301581,-0.08111705472065645,151.42803782806396,899.5566021511395,-1.3470273918258355,151.43060230276936,549.5591666258449,-1.3444629171204283,152.62495078648973,100.75351510956524,-0.15011443340004949,-0.8063018054485551,799.3066347578616,-1.108346727017084
296,2.96,0.22728952247742573,1700.3178849758292,-0.08858416769551869,-0.8252378071765339,1549.2653576461753,-1.1411114973494785,-0.7327566376976687,1299.357838815654,-1.048630327870613,-0.600024384446513,1399.4905710689052,-0.9158980746194574,1.273002853560258,1201.363598306912,0.9571291633873137,-0.8694989075124562,1099.2210965458394,-1.1853725976854006,0.021082190104591336,1000.1116776434562,-0.2947915000683531,-201.4881665455881,1500.4548200977513,1.451682155989607,-346.74416643892886,1396.5398044004833,4.72888810031105,-451.0205060206682,1202.4013937548425,1.5560839094755794,-498.0168647725539,1046.863440341401,3.169096109947429,-0.3969157662269386,804.1743277007931,3.3492974990729407,-0.6943349562082766,799.3962604971433,-1.010208646381221,-0.767055909712729,799.323539543639,-1.0829295998856734,-0.3184028966782168,799.7721925566734,-0.6342765868511613,-1.3567860314570517,798.7338094218946,-1.672659721629996,200.01946607457333,1500.736211970667,1.7330740289054742,349.14076453672607,1404.4915541644539,1.7969843342495908,455.21764667309594,1195.6818873143234,-1.418641050787084,502.3937502688462,1055.3824489388262,-3.2345198205694077,-1.7171789141840554,795.6214251453719,-1.503711333433747,-1.1142669755725887,798.976328477779,-1.4301406657455331,-0.6429000838346809,799.447695369517,-0.9587737740076253,-0.437765419094695,799.6528300342569,-0.7536391092676394,-1.9190179118424386,798.1715775415092,-2.234891602015383,-150.20102302029454,901.3000109125315,2.384551162527272,-150.5369793562194,550.9640545766066,2.048594826602388,-151.97452986362836,99.52650406919764,0.6110443191934318,-0.2105176370551397,799.8800778162965,-0.5263913272280841,150.638737113258,899.1377031804319,-1.9468370695638009,150.57577758056084,549.0747436477347,-2.0097966022609772,149.59616408979713,98.09513015697112,-2.9894100930246648,0.03708337428267228,800.1276788276343,-0.27879031589027214
297,2.97,-0.29274357693286374,1699.7753815139497,-0.6224313186768244,-1.4502004899258887,1548.6179246009567,-1.7798882316698494,-0.4372708279318216,1299.6308542629506,-0.7669585696757824,-0.07207218674637916,1399.9960529041361,-0.4017599284903399,0.518216461812016,1200.5863415526944,0.1885287200680552,-1.2857364168449523,1098.7823886740375,-1.615424158588913,-1.533984655457952,998.5341404354244,-1.8636723972019127,-201.11311120905503,1500.6386670480197,1.7439579183157834,-347.36912421193,1395.5291839564757,3.7951107109146047,-451.67967158450136,1202.2550951593507,1.017001775320836,-497.79034402256497,1046.6143374875116,3.2827789427315244,-0.13507123433868096,804.4108002231193,3.444217168030275,-1.0814377717694863,798.9866873191129,-1.411125513513447,-1.6251540488513079,798.4429710420311,-1.9548417905952686,-1.2378105057976505,798.8303145850847,-1.5674982475416113,-1.2991912162549628,798.7689338746275,-1.6288789579989236,199.95332235399334,1500.4638125545719,1.5691034248680167,349.80373809771373,1405.5148366463477,2.730986383142918,454.83945934015026,1195.4137234258242,-1.71206108650816,502.9415412839475,1055.9509578539885,-2.498289205693385,-2.8169986016328585,794.5797533665103,-2.5595240323327415,-0.17325920960098168,799.8948658812814,-0.5029469513449425,-1.5365080812113887,798.531617009671,-1.8661958229553495,0.026723538221845478,800.0948486291043,-0.3029642035221153,-2.413840182824525,797.6542849080579,-2.7435279245684856,-151.31580869748626,899.812238094259,1.073213183788879,-150.02798145755293,551.1000653341923,2.3610404237222027,-150.7607756455223,100.36727114622293,1.628246235752843,-0.7792007941075667,799.2889242967748,-1.1088885358515275,149.66957148545262,898.5415246937074,-2.719450395822519,150.82715790706436,549.699111115319,-1.5618639742107778,152.1171924692758,100.9891456775306,-0.2718294119993174,-0.0763480648580076,799.9917770260244,-0.40603580660196836
298,2.98,0.17550225517376283,1700.221033852741,-0.1679799973740943,-0.9559375858498016,1549.0895940117175,-1.2994198383976587,0.5297844180762199,1300.5753160156435,0.18630216552836276,-0.35455093112310593,1399.6909806664441,-0.698033183670963,0.3655826214490149,1200.4111142190163,0.02210036890115774,0.4123327729574372,1100.4578643705247,0.06885052040958006,-1.9544565411957588,998.0910750563714,-2.297938793743616,-201.44487736576846,1500.113325710841,1.3264475659380544,-347.8080847930172,1394.7217365981992,3.0448901142716056,-453.0422754113429,1201.394914066441,-0.23519526491681386,-498.01588051127294,1045.9352772153663,2.9423133008558082,-1.2936669572892536,803.2100006202786,2.0956681471216534,-1.054977822363299,798.9905537752039,-1.3984600749111562,-2.090455393338855,797.9550762042284,-2.4339376458867124,-0.6003580763373328,799.4451735212299,-0.94384032888519,0.8682258205999778,800.9137574181673,0.5247435680521206,198.95776486217582,1499.2613965112887,0.4745183663856761,350.3045609113103,1406.3650412893314,3.4935238638034214,454.8532855716838,1195.564821761458,-1.5891636897414345,502.65105449251246,1055.6913874104673,-2.5604730245934344,-1.6517472956799744,795.7912056126646,-1.3610453303534797,-1.9674035338593465,798.0781280637079,-2.3108857864072037,-1.2601921820330952,798.7853394155342,-1.6036744345809524,-1.4912737033122663,798.554257894255,-1.8347559558601234,0.5786909162180773,800.6242225137853,0.2352086636702202,-150.3622484102784,900.3908661158318,1.823787042370797,-150.43370592356678,550.3194086025435,1.7523295290824281,-150.87771719868496,99.8753973274253,1.3083182539642397,-0.96217059603079,799.0833610015364,-1.3056528485786472,150.17717822432456,899.4240636982144,-2.0088572283246195,151.45762293872525,550.704508412615,-0.7284125139239452,151.9919808236541,101.23886629754384,-0.19405462899509685,-1.191057804331916,798.8544737932353,-1.5345400568797731
299,2.99,0.02402937021112883,1700.046850524651,-0.33322301150224354,-0.20306614377975518,1549.8197550106602,-0.5603185254931276,-1.2778786914086346,1298.7449424630313,-1.635131073122007,0.6850897994563375,1400.7079109538963,0.32783741774296515,-0.00936233323905733,1200.0134588212009,-0.3666147149524297,-0.5234561037153741,1099.4993650507247,-0.8807084854287465,0.1934641047024036,1000.2162852591425,-0.16378827701096876,-201.10113978261444,1500.2613556080014,1.5816091346062504,-346.84164759960214,1395.3380948127865,3.698815368238939,-452.1432932122347,1202.7843685429925,0.7639650226552748,-497.9316606071824,1045.5908119558196,2.910967182315312,-1.811263826143983,802.6352189958311,1.36704627606913,1.203352964808579,801.2261741192488,0.8461005830952067,-0.4760970791926702,799.5467240752474,-0.8333494609060426,-0.10246109718445379,799.9203600572557,-0.45971347889782616,-0.7744330015508957,799.2483881528892,-1.131685383264268,200.03928016993848,1500.1357035767041,1.4559571033091332,348.8877030838328,1405.2853936420704,2.328018320604383,454.1141789833642,1194.990004540351,-2.195231229718386,502.1801165303218,1055.2607685752764,-2.76490282364652,-3.956400306941219,793.5211908183057,-3.643187377072191,-0.13114483019685969,799.8916763242432,-0.48839721191023205,0.22521218825175038,800.2480333426919,-0.132040193461622,0.9761566621929919,800.9989778166331,0.6189042804796195,0.012360991303884239,800.035182145744,-0.34489139040948813,-149.42405802066816,900.9528245903289,2.5532018424979164,-149.56766658023497,550.8092160307622,2.409593282931118,-150.16509533936625,100.2117872716309,1.8121645237998296,-0.6603571218743822,799.3624640325658,-1.0176095035877546,149.8785855062506,899.5017028952535,-2.0986743569154935,149.81544604866806,549.438563437671,-2.1618138144980192,150.00660574366256,99.6297231326654,-1.970654119503536,-1.304072292884993,798.7187488615551,-1.6613246745983654
