frame,time,Head_x,Head_y,Head_z,Neck_x,Neck_y,Neck_z,Spine_x,Spine_y,Spine_z,Spine1_x,Spine1_y,Spine1_z,Spine2_x,Spine2_y,Spine2_z,Spine3_x,Spine3_y,Spine3_z,Hips_x,Hips_y,Hips_z,LeftShoulder_x,LeftShoulder_y,LeftShoulder_z,LeftArm_x,LeftArm_y,LeftArm_z,LeftForeArm_x,LeftForeArm_y,LeftForeArm_z,LeftHand_x,LeftHand_y,LeftHand_z,LeftHandThumb_x,LeftHandThumb_y,LeftHandThumb_z,LeftHandIndex_x,LeftHandIndex_y,LeftHandIndex_z,LeftHandMiddle_x,LeftHandMiddle_y,LeftHandMiddle_z,LeftHandRing_x,LeftHandRing_y,LeftHandRing_z,LeftHandPinky_x,LeftHandPinky_y,LeftHandPinky_z,RightShoulder_x,RightShoulder_y,RightShoulder_z,RightArm_x,RightArm_y,RightArm_z,RightForeArm_x,RightForeArm_y,RightForeArm_z,RightHand_x,RightHand_y,RightHand_z,RightHandThumb_x,RightHandThumb_y,RightHandThumb_z,RightHandIndex_x,RightHandIndex_y,RightHandIndex_z,RightHandMiddle_x,RightHandMiddle_y,RightHandMiddle_z,RightHandRing_x,RightHandRing_y,RightHandRing_z,RightHandPinky_x,RightHandPinky_y,RightHandPinky_z,LeftUpLeg_x,LeftUpLeg_y,LeftUpLeg_z,LeftLeg_x,LeftLeg_y,LeftLeg_z,LeftFoot_x,LeftFoot_y,LeftFoot_z,LeftToeBase_x,LeftToeBase_y,LeftToeBase_z,RightUpLeg_x,RightUpLeg_y,RightUpLeg_z,RightLeg_x,RightLeg_y,RightLeg_z,RightFoot_x,RightFoot_y,RightFoot_z,RightToeBase_x,RightToeBase_y,RightToeBase_z
0,0.0,-0.9421576245936991,699.0578423754063,0.587952947437903,-0.12459361138182024,550.1836245683772,0.18362456837705066,-2.669636233494053,297.33036376650614,-0.877938435516746,-1.768255196120914,398.2446193094238,-1.7682551961209143,-0.5071296885556881,199.49287031144448,-0.5071296885556882,-0.49570400030728945,99.50429599969274,-0.49570400030728917,2.9307669777334104,1002.8835125807394,2.9071441472015946,-217.4338777577463,499.2225433047259,-1.2733529616516377,-325.4513313104436,392.5628628469369,-8.932608143146478,-461.2622237714291,160.24073757357567,-9.914069831095828,-497.7022736377173,62.20619294580121,-12.019189247228969,12.111128827353104,-173.65352167518355,-26.142192122109048,-2.6112413261815806,-202.61139251031966,-2.6112413261815806,-2.3801030607427354,-202.48575300795105,-2.4857530079510686,-2.8758420613556703,-202.55218551541884,-3.328419017977373,-5.276533825289513,-205.2765338252895,-5.276533825289513,209.81254319376495,497.54617102243617,-2.949725243941423,330.904847996126,361.52944168969964,1.6689938917359846,429.8892090797094,175.0170180358906,15.92479891744411,513.1665500497786,73.14227356592457,7.226414461809682,18.43145159658753,-211.02368589807057,18.796665083278043,0.6314297088570376,-198.18746091678136,2.182922309996382,-0.2841668947762749,-200.28416689477626,-0.2841668947762741,-3.6645875990002104,-203.66458759900024,-3.6645875990002104,1.9935118444492725,-197.5576768065239,-1.2801071585484547,-151.5763878693938,-101.68547593671195,-2.813802322541177,-152.2461706299688,-450.6212327444266,-0.39722917089008875,-154.53557840143935,-902.9173563869253,-4.0390660463510795,-2.591732726354494,-202.59173272635448,-2.591732726354494,142.22783107581802,-109.3024988711114,-7.433331027116664,146.54346268979916,-455.5258563147595,-4.444793061854689,145.4171798094781,-906.1131501374514,-5.032086884546535,-3.3488439706656195,-203.3488439706656,-3.3488439706656195
1,0.01,-1.2105471815335695,698.7894528184664,0.2106075655831991,-0.6330007458261336,549.944265430986,-0.0557345690142127,-2.436955444955074,297.5630445550451,-1.0197197140943444,-1.9602177442705022,398.0719469900838,-1.9602177442705027,-0.5628730882408459,199.43712691175932,-0.5628730882408458,-0.3311130809210783,99.66888691907897,-0.3311130809210783,2.858737696310619,1002.7962317466415,2.82749277528701,-217.30292445204725,499.8231388395365,-0.8326669194990273,-326.0838832097443,391.92559884829836,-8.36675945802141,-461.932982395347,159.98861917510206,-9.232816330731746,-496.2363308080023,62.20407821075929,-10.68392426002126,13.063389781344915,-172.5074238946699,-25.722474845164236,-2.6915816354308664,-202.69256747984923,-2.691581635430867,-1.9603311690317458,-202.22427936298283,-2.2242793629828803,-2.698836330488254,-202.3466170001894,-3.0355488124635577,-4.8767675588514,-204.87676755885138,-4.8767675588514,209.3014605777454,497.55380744533306,-3.1019983137024782,331.74392370074577,361.37379601251314,2.253720464495734,428.9776043407533,175.40064738613324,15.481665844090195,512.7140555675724,73.9830852249074,6.82732202720893,18.855460667892686,-211.14939484937173,19.33286075498078,0.018763019122734592,-198.69022224784425,1.2459710122009,-0.562154680873929,-200.5617509832693,-0.5617509832692835,-3.315431883751539,-203.31543188375156,-3.3154318837515393,1.0295042378290922,-198.32630716869846,-1.5598805931531414,-151.35667057490446,-100.75655745192444,-2.2501458130865384,-151.92721076678487,-449.77659488066485,-0.06692344296078279,-154.1390551926428,-902.0105587632165,-3.482115867644993,-2.135266845402192,-202.13526684540219,-2.135266845402192,142.93721123978543,-109.08830454703627,-7.033859019276466,146.49147079249417,-456.12318841275055,-4.692122108879394,145.4959142444993,-906.5296015423226,-5.098535238451271,-3.143821887574616,-203.14382188757457,-3.143821887574616
2,0.02,-1.7037926077530856,698.296207392247,-0.5096333931702717,-1.2840520000792637,549.762501691962,-0.23749830803809177,-2.0093734246939636,297.9906265753062,-1.122915689211137,-2.2786491859138462,397.79736113663375,-2.2786491859138467,-0.6807976104640858,199.31920238953603,-0.6807976104640857,-0.23187232833840343,99.76773942281187,-0.23226057718816184,2.7436530733606803,1002.6538506779585,2.698768390284122,-217.41444473384254,500.5514134693078,-0.39047305614535965,-327.3187726967867,390.793534560867,-7.33909646230293,-463.3066008769795,159.3701133007478,-8.178545328791785,-493.9941136382695,61.8299801532024,-8.651969306497374,14.650590085072468,-170.54922910726344,-25.028854761926745,-2.7897624939108328,-202.7947690249729,-2.7897624939108328,-1.2605110980327416,-201.88426216456145,-1.8842621645614384,-2.3781689623473845,-202.02448396805983,-2.5457949158541404,-4.20767588400434,-204.20767588400435,-4.20767588400434,208.44046724736305,497.62493715958476,-3.316949365868488,333.2351680129987,361.08731522152596,3.299578652730545,427.6798185767948,176.41418911422375,14.994410935600861,511.68433921948844,75.26414290812295,5.907128258175,19.417962111940504,-211.52798021219246,20.108586757141126,-0.8761187291684666,-199.55199282664776,-0.10866794081769798,-1.1519762804038118,-201.1493438413446,-1.1493438413446122,-2.906448574492147,-202.90644857449217,-2.906448574492147,-0.5219700891009706,-199.62794038910107,-2.1412762222824737,-151.0707225727934,-99.18532737447855,-1.3335331127522818,-151.26731929032962,-448.174840850244,0.6027457013861041,-153.18846181984236,-900.1633979992163,-2.24425688883104,-1.5912928068120507,-201.59129280681208,-1.5912928068120509,143.88098806389974,-109.03181781458076,-6.583609038763625,146.30598476424933,-457.2110745287532,-5.152704215130955,145.54198862612088,-907.3708172523598,-5.31244693873734,-2.8797204401127523,-202.87972044011275,-2.8797204401127523
3,0.03,-2.2289828196552524,697.7709781662073,-1.3557845452828863,-1.5314925534503645,549.9862997472918,-0.01366123857082513,-1.4246344558604758,298.5753265300022,-0.9858752701352521,-2.534851451225017,397.60696892948226,-2.534851451225017,-0.8399226309122257,199.16003835495042,-0.8399226309122254,-0.3104614362171322,99.68696784912251,-0.3129931367400831,2.5738253676059983,1002.4492711815876,2.5115604816886847,-218.01331873915177,501.0280832776336,-0.2781126844776083,-328.9245808690498,389.4620148693923,-5.927190608060125,-465.2733818816713,158.37756414368525,-7.092660710980386,-491.77530339949726,60.744827033029566,-6.6496177531442715,16.298324696203682,-168.36791213297317,-24.352597163901816,-2.787627437368732,-202.8074676659723,-2.7876274373687315,-0.4601186428753795,-201.62427518560568,-1.6242361714682512,-1.8775354861598466,-201.60421031864598,-1.905880412482777,-3.4061539822448146,-203.4061929963823,-3.406153982244815,207.602249737655,497.9826616684623,-3.323534293648958,335.1846659109276,360.777451149222,4.655285974714275,426.6617434272366,178.3263800395015,14.949074582436465,510.0725414889533,76.58759261720613,4.463836448660995,19.754106254182762,-212.30017581788238,20.7425084587967,-1.5437042893144233,-200.41029675168855,-1.1645973751500622,-1.8462633324130648,-201.83293371791805,-1.8328947037806143,-2.7270884482829008,-202.72712746242038,-2.7270884482829003,-1.982803868753979,-200.97543486667985,-2.7827270979423577,-150.72592069848966,-97.22412180788137,-0.20873995205616114,-150.32200064085947,-446.0266656242818,1.5865807390857989,-151.56317359202734,-897.4294385772147,-0.25250003001505017,-1.3000966717843663,-201.30013568592182,-1.3000966717843663,144.55103960378682,-109.49514373036324,-6.4425309834329125,145.9681053937178,-458.5953164807988,-5.735276936826356,145.4616590210326,-908.5845243131175,-5.724484769145062,-2.6710354319876815,-202.67107444612512,-2.671035431987682
4,0.04,-2.4870939773924725,697.5126516184743,-1.9515349367874948,-1.065962578082885,550.653057678171,0.6533120823043072,-0.7404113102299321,299.2593342856367,-0.56599632041668,-2.486373117612128,397.7197766798364,-2.4863731176121284,-0.9901204752230424,199.0096251206436,-0.990120475223042,-0.31311432374067605,99.67377423599373,-0.3259713598728695,2.2844444243607667,1002.1216729985222,2.2029876883410195,-218.86961394342416,501.38395355492037,-0.32403368515538383,-330.4816723182753,388.2035511767109,-4.195001931624674,-467.4850118763435,157.25836714493798,-6.061372533382034,-489.9561900139495,58.976620322446294,-4.989311269511597,17.408408685548157,-166.55450452658505,-24.005865255345196,-2.53793929045521,-202.59918572901628,-2.53793929045521,0.27689167123802405,-201.4171437426046,-1.4168893384711627,-1.1069988872363976,-201.01101787461235,-1.0703339037020312,-2.487954562045396,-202.48820896617883,-2.4879545620453962,207.23386894799893,498.9469858387058,-2.760888140617875,337.4524900641924,360.5613023215328,6.155596581707655,426.26851240050087,181.14399227058226,15.537627015611552,508.09417671129097,77.84273241412181,2.7132679493824123,19.660942306746534,-213.4806147433603,21.016257705170364,-1.5999307722445213,-200.8280892337122,-1.4521804531516747,-2.230783944095131,-202.17816439630695,-2.177909992173557,-2.7762987181926375,-202.77655312232605,-2.776298718192638,-2.723034688876292,-201.83402316019283,-3.0348832044693546,-150.09751249894484,-94.9034804298588,1.1845887241783715,-149.2960551746588,-443.66789349268663,2.753108162049397,-149.44191556077908,-894.115603870527,2.2741595784160227,-1.3490412160056204,-201.34929562013903,-1.3490412160056204,144.78013201177154,-110.52246446235941,-6.697977602459945,145.62565299789057,-460.0292827883907,-6.279847981415264,145.25959354883557,-910.0430029252955,-6.293568118320027,-2.471856668525743,-202.47211107265915,-2.471856668525743
5,0.05,-2.3239127568692792,697.6747952723365,-2.055957659452107,-0.10179690639279357,551.4141656852969,1.4154576560910859,-0.030144517087086098,299.96856351211875,0.03391936942316992,-2.018850383696826,398.2137442472379,-2.018850383696826,-1.0846912786338334,198.91401675057196,-1.0846912786338332,0.21921985703661237,100.16707732191023,0.1683692927044249,1.8383526154182073,1001.636852785005,1.73704943822265,-219.53967435868756,502.0160963460971,-0.10610393045089583,-331.70814828485874,387.0035514675543,-2.3586261962331907,-469.5008343171772,156.38996197755463,-4.903506854984899,-488.4375105685024,56.882326190656485,-3.531180543656903,17.686373101569878,-165.3819141069714,-24.09570863154528,-1.9239802923625617,-202.07158454767404,-1.923980292362562,0.7967049058080307,-201.12389239597212,-1.122600425177901,-0.0746857985394474,-200.24005568866158,-0.03334536445055547,-1.4232751769317888,-201.42456714772604,-1.4232751769317888,207.54885785482747,500.65411131399344,-1.4673504096769374,339.841529761284,360.3982145146895,7.584198756852797,426.35157020023325,184.5121718555818,16.518499960517865,506.00085757258853,79.10672739477289,0.9039066839439689,19.151127836810637,-214.94670510418223,20.930863284753936,-1.0354874141122519,-200.62456584763103,-0.9901203522852832,-2.138068243445181,-201.97649697666168,-1.9752050058674668,-2.802565946559489,-202.80385791735375,-2.802565946559489,-2.592117674136065,-201.98190545598544,-2.6883401693732933,-149.00682861429914,-92.19407011307345,2.930599380883174,-148.44943641205205,-441.4368632003476,3.898476042645184,-147.36085611607206,-890.78744867954,4.7755079425831966,-1.6858905391433787,-201.6871825099376,-1.6859513644029258,144.71530557102403,-111.89425882311016,-7.19540723461549,145.50562057954807,-461.2920539005959,-6.616247210725822,145.02879935427464,-911.5807650398597,-6.9049583499895135,-2.1437598644557,-202.14505183524992,-2.1437598644557
6,0.06,-1.8806200280556515,698.1142701283295,-1.7732898447242964,0.8580529067752289,551.8957358571522,1.9008457007670865,0.6719532170685244,300.66707437635006,0.7128414573656469,-1.2091533986419787,398.99214095932496,-1.2091533986419787,-1.1017060508655263,198.8931841055196,-1.101706050865526,1.4994141416036206,101.33767353295576,1.3427833765706265,1.293078092374052,1001.055335556999,1.1717961780307724,-219.85532088941957,503.05304358128626,0.5172546705420956,-332.7199689804304,385.5918983451792,-0.7622699372931814,-471.06193157045584,155.9983979577343,-3.435639260215101,-486.94524869955455,54.84904694034533,-1.9803398092969031,17.30754093399925,-164.68802032997613,-24.407449632087797,-0.9703379609517847,-201.24879513863874,-0.9703379609517846,0.9661444573412787,-200.7327463959828,-0.7276365523679081,1.0234281221562416,-199.4523585854586,1.0474211688027235,-0.3690405579760021,-200.3741504015909,-0.3690405579760021,208.35203240053318,502.8702985005017,0.338260270750939,342.0861862496817,360.0951783464524,8.770828793061444,426.4641729105812,187.8864193916372,17.401708212982594,503.88937907750926,80.41953548483696,-0.8732822388853807,18.318594110987036,-216.5602911001552,20.571668209057783,-0.17683229134220002,-200.01028334189516,-0.16587375951579353,-1.9089639663558082,-201.52338521305,-1.5182753694351365,-2.6312389050345546,-202.63634874864943,-2.6312389050345546,-1.9416232990451614,-201.61928598565652,-1.9667187082258273,-147.55520622417396,-89.22561782660563,4.927127600974476,-147.91945915911958,-439.5069639147042,4.889416089734855,-145.8772774537813,-887.9624148000023,6.683544634504424,-2.2005036780701146,-202.205613521685,-2.2009003085855703,144.57072352381303,-113.3662837020425,-7.741968180562064,145.6729232132128,-462.34261685519675,-6.72386788894039,144.90710026600655,-913.0299069598492,-7.4111579935926155,-1.6174169699628587,-201.62252681357774,-1.6174169699628587
7,0.07,-1.4179920265728012,698.5662685470295,-1.383939862260594,1.5046223165722346,552.0470496507359,2.062800851091814,1.3012307548844517,301.2869976565899,1.357453125920247,-0.21205300535479313,399.914066963092,-0.21205300535479316,-1.0528523578686295,198.93139193880558,-1.052868634796627,3.173878138484164,102.78240103957356,2.7981404659713482,0.7862416128498524,1000.5191427175474,0.6450362426026877,-220.0037495330638,504.219542068117,1.2788792193782323,-333.86645733948683,383.78855347439014,0.4057865689355934,-472.22046373389884,156.0133691123605,-1.6953795988108116,-485.3542188878155,53.00506059682026,-0.20176181125160708,16.77948175727919,-164.06345487692232,-24.53458577154536,0.046397539409275046,-200.36705991127215,0.04639753940927538,0.7059324358422573,-200.47413808837194,-0.4581850927506138,1.8662149455841555,-198.88757261034985,1.8757065820362646,0.28560510530772265,-199.73013432109008,0.28560510530772276,209.14445958446674,505.0740870302461,2.1482584125998483,344.0082860212616,359.5009490605754,9.722771232421378,426.15731262641407,190.77693817798533,17.721532750744217,501.6979314615387,81.69069617437708,-2.6875099798254,17.21126990016741,-218.2659507363457,19.97928599234441,0.5756116874027204,-199.38439828828382,0.5776910236633508,-2.0510280245677923,-201.3368650591537,-1.32112563275588,-2.363723977869224,-202.37946340426703,-2.363723977869224,-1.2135581311566155,-201.0927688652722,-1.2240231324816406,-146.05602840662442,-86.28817125681077,6.902296448088143,-147.68223949000537,-437.869496481842,5.701896487550776,-145.11301020105446,-885.7394245509954,7.872735593567173,-2.6989809795014765,-202.7147204058993,-2.7009952354618925,144.4490659803949,-114.82947849748803,-8.253212842815048,145.84437342446242,-463.46089275659835,-6.885683332842763,144.97022818416065,-914.3083162937223,-7.733106869966683,-0.9745321670498859,-200.9902715934477,-0.9745321670498859
8,0.08,-1.0385904300244753,698.9232970876503,-1.0301143621233089,1.88333569593169,552.0782572979299,2.1160909949084004,1.6540069309999121,301.6238997751885,1.73809353372599,0.8353475205640477,400.87352246177056,0.8353475205640477,-0.9781861408647514,198.9839507991051,-0.9782922797680584,4.495402842318823,103.75567553346495,3.7934324545917635,0.4677171887349679,1000.1828421799833,0.30670544595478805,-220.22131560532577,505.1593278827304,1.828497918427976,-335.3530104851431,381.71991231335835,1.278689431336569,-473.1828485046061,156.21617310714382,0.13473472955533347,-483.8198627941479,51.147483398595725,1.6540595150953914,16.603052101981287,-163.15402093584464,-24.13648846840358,0.6646380184863001,-199.82379246661435,0.6646380184863003,0.03461594096341136,-200.627640900629,-0.588384555080341,2.1761138725721634,-198.7114165938832,2.178837740309401,0.21976914445473228,-199.8179877766721,0.21976914445473228,209.41028705935827,506.72875606250636,3.4436187467559995,345.60722131521584,358.624895126069,10.549007879308114,425.14345143299477,192.88274733696693,17.183978954318622,499.3115897310623,82.74797301326558,-4.66188907614211,15.801211144310951,-220.09857062739292,19.118519121600617,0.9750665146237383,-199.04859979471087,0.9753429919897492,-2.6445476365745986,-201.62030284410582,-1.5825459229789762,-2.213272775567288,-202.25102969669416,-2.213272775567288,-0.5812420568903919,-200.57466135164972,-0.5964049252482362,-144.82344839509713,-83.6796629142902,8.578005295444836,-147.6256283633787,-436.4194506476936,6.351384363356949,-144.7093068827433,-883.804956948265,8.700601030320046,-3.019951796856335,-203.0577087179832,-3.0279183337193785,144.27672239391123,-116.35970515861963,-8.811166001671829,145.52532052648155,-465.1245877203515,-7.575689852830612,145.11304068936852,-915.5233868631624,-7.97498814715596,-0.3914273185943654,-200.42918423972122,-0.3914273185943654
9,0.09,-0.6554064837254052,699.2717357507531,-0.6537665831113277,2.1768861373031156,552.1818865786768,2.252815693883715,1.5449665518407414,301.50468274531505,1.6614744505742114,1.7958955295291368,401.7570094237592,1.7958955295291368,-0.9041009438140064,199.02482082309862,-0.9046399616411462,4.863809754975808,103.77190965225651,3.842448867516726,0.4100314210413645,1000.1183853304053,0.22935727508765147,-220.57861193224306,505.7448053321068,2.038572241081595,-337.10409907870246,379.6770070594966,2.145936577246229,-474.0457274145691,156.50497649355074,1.9663005150868424,-482.6650192323931,48.93804887463654,3.2669898259556227,16.981452909639213,-161.82254203552947,-23.09375632384654,0.5698511948952002,-199.8984060446487,0.5698511948952004,-0.8842982211301601,-201.2216600183067,-1.143352080711914,1.89959505737081,-198.9235162145544,1.9001811066920606,-0.47256047952874203,-200.54309969478902,-0.47256047952874203,208.92529889313744,507.5951092184624,3.9984870931648464,346.9850740112884,357.5796761947812,11.278411840718126,423.39887726791574,194.19352611471425,15.761969825755262,496.7020140683868,83.49102450045028,-6.832519433246032,14.014854605304771,-222.1382569596437,17.908131591333824,1.0178890948813444,-199.04987551440627,1.0178890948813446,-3.1622821313880864,-202.02941574773314,-1.9588765324728887,-2.170607556981681,-202.24114677224196,-2.170607556981681,0.048489406586139566,-200.01082139608997,0.02125130244960817,-144.02217412465632,-81.56037662492372,9.808835838294758,-147.54881091615732,-434.9554910350272,6.925181243456456,-144.25619641483632,-881.8245545621005,9.576229130767283,-3.176366625911175,-203.2469450599367,-3.2009052869842494,143.8446761235017,-118.16523023933638,-9.627342795302745,144.47307701230264,-467.56726173914126,-9.02611941836815,145.11969517770095,-916.8902111851371,-8.352323741103497,0.0033880358377453845,-200.06715117942255,0.0033880358377453845
10,0.1,-0.19587339207105403,699.6897569124752,-0.1956215975665343,2.5012024309034273,552.4176678945565,2.5218439313576586,1.0907686353537815,301.0813279025112,1.2600794103729782,2.509580975955714,402.4172232834538,2.509580975955714,-0.7849358857148288,199.11029830482627,-0.787067742576189,4.222005566186113,102.9620181039414,3.064555455268284,0.5386037282776273,1000.2397719846203,0.33843044273418443,-221.03003682983666,506.08755542647157,2.009748855309968,-338.9025451355218,377.8964894210046,3.227863303458993,-474.7538051180947,156.9412624503672,3.8510861050995997,-482.11550695839105,46.21360545498371,4.412438505766747,17.764716595123062,-160.12407205212776,-21.493459073237073,-0.07321004688736643,-200.4492338996705,-0.07325261300085406,-1.7641753758595904,-201.97911184958224,-1.8449698422321386,1.254201346678782,-199.36607363133655,1.254318048470943,-1.2924185916794806,-201.39505254427706,-1.2924185916794806,207.87257352662348,507.8676490125099,3.9946226849590403,348.2808871023503,356.52467523330074,11.88080311902992,421.2738963549549,195.10961752711174,13.803320358186854,494.047867103808,84.04562720442901,-9.026634369436767,11.837984968350998,-224.3969290281469,16.325732060724015,0.9335572947660281,-199.1686511582246,0.9335572947660282,-2.922747279850219,-201.96337951885218,-1.8607455662545975,-1.8875008372550768,-201.99013478985268,-1.8875008372550768,0.8019523420322293,-199.29844526449676,0.7623211343630996,-143.61884874127838,-79.87494533361658,10.63610083483694,-147.1890975693729,-433.20281984439976,7.632114359417842,-143.6666314114822,-879.7484916062776,10.58403368946152,-3.2054479826086792,-203.30833767368057,-3.264313170403911,143.00187338928438,-120.38594977726424,-10.853305280531877,143.03036700487368,-470.45399252235455,-10.904740427678115,144.90772552975008,-918.4800976367986,-8.947375170119148,0.24957347607568892,-199.8530604765219,0.24957347607568892
11,0.11,0.23801454052370602,700.0753988924067,0.23801579498770092,2.884411941607134,552.7718733350385,2.892922793403142,0.6632069946511918,300.77046640246846,0.9390806867473852,2.845752584448691,402.73205132527966,2.845752584448691,-0.5308614981019494,199.34627241585622,-0.5374280795257929,2.9863916149609007,101.84842041853577,1.9640900037412647,0.6821417514791318,1000.3579980647044,0.46265043965722136,-221.54773983333536,506.34325275361914,1.880445202993004,-340.53989277612783,376.51321265382376,4.635083751087163,-475.3261340486344,157.51872008711106,5.762113165754245,-482.09558332311576,43.153179271851286,5.166044875234809,18.582388707834536,-158.2560570863864,-19.572063875439074,-0.705581691262233,-200.96847104632428,-0.7058592571889426,-2.318829586554461,-202.54261885606257,-2.32617420007218,0.5762550805167064,-199.81718016479448,0.5762550805167062,-1.7401716540701415,-201.85643127071484,-1.7401716540701417,206.6107880949943,507.9542840141779,3.789429959889067,349.685300183956,355.6768640236984,12.437484219890754,419.38685178178866,196.3126681068976,11.924491504987307,491.64885381586635,84.66884153625051,-10.9398349049516,9.39453451391772,-226.74333804923486,14.486626282456097,1.0399003493342378,-199.07639915528384,1.0399003493342378,-1.7673331896159667,-201.1537303024221,-1.0374307978040553,-0.9805868415823067,-201.0968863462004,-0.9805868415823067,1.623914492478792,-198.49201334277203,1.5790064508153476,-143.42483915411856,-78.37468011201378,11.251111367011063,-146.44497479731388,-431.0399229552825,8.623391405279964,-143.14627576703174,-877.767091440129,11.510873102762043,-2.9488123359432983,-203.06641058769793,-3.0589335588205087,141.85346866780569,-122.89927841009278,-12.384105659526266,141.85658301056267,-473.1530003916703,-12.571943266252909,144.59989903818746,-920.152848039711,-9.637166861223156,0.5127351956421179,-199.60356430897593,0.5127351956421177
12,0.12,0.4585381934680985,700.2137463868752,0.4585420574892319,3.276634702431566,553.1745775022298,3.288606001517656,0.516605485842079,300.83163456764964,0.9622706039411618,2.772729276972428,402.6703594997023,2.7724818274358727,-0.13091408400662446,199.75069955345242,-0.1466664939501059,1.69062931056974,100.88399827130942,0.9834332291707997,0.7368278623717638,1000.3603738002976,0.49821739582235763,-222.15262340288302,506.5705934978325,1.7009345730702665,-341.91538511837325,375.55560501130765,6.38037030146671,-476.0061723542779,157.99800993119277,7.447451289230046,-482.26592969729745,40.16790865593839,5.8657059089027,18.998994024050518,-156.5631650507476,-17.683232779808716,-0.8706793442666294,-201.0357149273781,-0.8720889403529055,-2.3967399774357188,-202.71028479063483,-2.357886426214513,0.11399284757270109,-200.10416846961527,0.11399284757270095,-1.7028265977337926,-201.8047814206588,-1.7028265977337926,205.34725258432474,508.12096709724585,3.5889337159442025,351.36819827673247,355.22346802843424,13.117425688570211,418.22616362022006,198.2854227046389,10.613303249439648,489.6383186084154,85.41658776372495,-12.406523877077603,6.8590766528711455,-229.00544706322268,12.556398591369792,1.4822492787688422,-198.6203846738287,1.482249278768842,-0.27956170255450524,-199.99150705823138,0.11112689436616607,0.5307350953793847,-199.57189885721817,0.5307350953793848,2.241251328567584,-197.8613533172521,2.201620120898454,-143.21023194645772,-76.75881357145954,11.884648074404684,-145.54964794192466,-428.68484257327464,9.768978363363516,-142.92937524436596,-876.085894559866,12.107353618095253,-2.2033962695182794,-202.31116686668457,-2.364364220711651,140.69239319912617,-125.40361495739256,-13.927862927754012,141.29641475801645,-475.35866056784386,-13.678954434924286,144.30406312424415,-921.7919450322747,-10.313610992601363,0.8775534779339295,-199.22508047466363,0.8775534779339292
13,0.13,0.42434340975415796,700.0147861498431,0.42435267905898955,3.4982486180360324,553.4277094027759,3.5195364338272017,0.5526396925741348,301.0896799459442,1.1718921663682975,2.3731938099117484,402.30111948119634,2.3715802362424596,0.27977437307070163,200.17980578161382,0.2503449968739775,0.6974527511915262,100.24088343696022,0.2987703826030542,0.7659002963674391,1000.3190689761561,0.5083872043959637,-222.83169378160267,506.77665095409793,1.4875314769826142,-343.1675278028242,374.8342772524374,8.276468819523984,-477.102638153086,158.05696492835006,8.589978766552836,-482.3065632863513,37.59334469706951,6.8286488381074815,18.622510308830563,-155.49750496022835,-16.225991837244273,-0.5938954484623621,-200.68981093885827,-0.5994705091319134,-2.0448197138900337,-202.5022058436707,-1.942187154954683,-0.0780411231939,-200.18608658241584,-0.07804112319390011,-1.4087204426856572,-201.4752063477128,-1.408720442685657,204.09839713011905,508.3993003275299,3.408268089480088,353.2936036728233,355.12759732662334,13.936293607027334,417.8048816122768,200.89175974209954,9.884248806719732,487.84708383123603,86.01305295242489,-13.520004427250164,4.323436448688575,-231.11265605247303,10.61762353636621,2.0674294489569975,-198.00310976630323,2.0674294489569975,0.7045842543826901,-199.2030917232998,0.867447491960404,2.1578158331811728,-197.91272338207907,2.1578158331811728,2.3533829070432843,-197.7171361659827,2.326144802906753,-142.83508308615086,-74.86554274333699,12.67659359056007,-144.85931378894438,-426.4898258247408,10.787946229945748,-143.0869063056921,-874.7672070075866,12.285484985782603,-1.0707685550397723,-201.15712974944756,-1.256939954121617,139.73992122069305,-127.68673388911648,-15.266941319861417,141.103146885806,-477.3270180281563,-14.413946871731682,143.94556036675067,-923.4810947430589,-11.051090126017291,1.2069760247624461,-198.86356319049779,1.2069760247624461
14,0.14,0.3097592922158807,699.6447965445286,0.30977660955716035,3.2727150969454804,553.2349581758187,3.303688686157605,0.47922730940177344,301.12931959420064,1.1708661852553315,1.8155362379964806,401.76958491362967,1.8073418347564687,0.5226789420365477,200.44210253120605,0.47985945233274474,0.15435889264715508,99.91926387017955,-0.0819509427459364,0.9056425226130127,1000.3881381615105,0.6294608828396481,-223.44962332659634,507.04978020876274,1.3463282857716257,-344.6680370745449,373.9425701228479,9.9278480940723,-478.7170612115939,157.572021020103,9.0802445498356,-482.17091269054174,35.46222637805553,8.097352543874978,17.233767853460705,-155.41619046714155,-15.470283960065771,-0.22588438721989457,-200.28638873291183,-0.24362528072295553,-1.4756747255056168,-202.0753789266167,-1.28272898228032,-0.12176463804659204,-200.16900462273682,-0.12176463804659209,-1.0576178844760213,-201.0762742299002,-1.0576178844760213,202.8792138509085,508.75891965204244,3.2611200848020383,355.21718765017687,355.13428838532917,14.695855297460213,417.69555237993075,203.4734216675722,9.31275432551207,486.02875649308623,86.19271332516857,-14.439122710989242,1.8194020254310042,-233.0639911764129,8.692682150896367,2.3943811484955315,-197.64337577263126,2.394381148495531,0.7918316200853504,-199.19305134911986,0.8447055720069239,3.3160150758401317,-196.72174184528666,3.3160150758401326,1.9297117904323953,-198.10803434933328,1.9151322839021265,-142.3273691281767,-72.77096081849146,13.598677759713777,-144.4513146536314,-424.5349262220606,11.620265975313561,-143.50117214346136,-873.7019859041806,12.165636422989289,0.018510401533948895,-200.05720147447158,-0.1606991409497341,139.05707575132453,-129.7054093875164,-16.348063178673108,140.7814777778022,-479.4732339507949,-15.181945310924448,143.3859372547295,-925.3765478841115,-11.987746353614238,1.2800710442645824,-198.7576858768622,1.2800710442645826
15,0.15,0.30214671502114765,699.3886130995706,0.30217191160403356,2.429245619823886,552.4135061934262,2.4643432945255324,0.13207122348868028,300.7202447662205,0.7368622617919978,1.287854647731143,401.23970572782065,1.2554451542183465,0.5406101073138101,200.47634984239718,0.49208926879483483,0.08800803840843008,99.89603062450837,-0.18171827907479932,1.2041441484566981,1000.6271526194389,0.9095454684691351,-223.78330844136377,507.5776103293648,1.4746521097444105,-346.7262086139698,372.55202868415245,11.011062674230807,-480.6628355668944,156.714310304927,9.097444088744552,-482.03791134050675,33.57453112477339,9.48746379219994,14.944860132403441,-156.29883954698386,-15.352378132550603,0.014076325151477498,-200.04755045234612,-0.03082518152999425,-0.9495525124368589,-201.6020982147232,-0.6688181125569237,-0.20478353889722012,-200.22239029122733,-0.20478353889722034,-0.6398445330919296,-200.58461024191945,-0.6398445330919296,201.77651695564913,509.2219096946185,3.2329913916185253,356.96384959430196,355.0604016967454,15.246151822490212,417.3856637228776,205.3968213118573,8.388590308598374,484.15404361464715,86.12142095020408,-15.214309144308793,-0.602070744233383,-234.83363039617095,6.823074195497197,2.2044096239719164,-197.8113298024258,2.2044096239719164,0.2287024805484008,-199.77366831721685,0.24207110918085162,3.698404678454981,-196.3172905553472,3.6984046784549816,1.3097204871701904,-198.70601444488756,1.303642844632067,-141.87907687743404,-70.73922825817799,14.4585441216472,-144.05727746280832,-422.5614801305725,12.506797597954167,-143.94182147281623,-872.6672019654552,12.021631799254813,0.6513109123382266,-199.43533770507625,0.48220419398999903,138.6426148414985,-131.47229451633848,-17.18126619158698,140.07159457293614,-481.8768690456122,-16.197272330939704,142.5779572772476,-927.5369520805893,-13.170466361858507,1.053217637021537,-198.96227586073388,1.0534635656638784
16,0.16,0.38929850428713264,699.3944764009134,0.3893270557560522,1.1012044004298684,551.0960945568152,1.1321779896419935,-0.4096248806073425,299.98817116178463,-0.007052697206299641,0.9157627349585624,400.8108246233608,0.8159344669755466,0.43519231823948834,200.38726298492094,0.39227574667417997,0.4111813505088959,100.09242567914477,-0.07712367179427582,1.5924538264330264,1000.9678132296019,1.2797069165824135,-223.69464161418273,508.4911523211009,1.9978765001680296,-349.3141099295004,370.6839649244839,11.541792578007895,-482.58957275831995,155.82986318569232,8.985092601043643,-482.0747772520899,31.730052602854585,10.825039932623547,12.217638605584293,-157.67530558206596,-15.44399093462567,0.2646488966382532,-199.83639952782568,0.16886149992724953,-0.6412454863813983,-201.20837635210245,-0.3231317354348062,-0.4037221647482503,-200.40911837206954,-0.4037221647482503,-0.11745462651892269,-199.91491414843208,-0.11745462651892291,200.84641538718438,509.80873908208855,3.3786727502910887,358.6247227153318,354.9906890645861,15.69019978099042,416.66236432487676,206.54672745150123,6.899384734255738,482.4339031063055,86.33812063070621,-15.882393839001821,-2.9289900846861436,-236.42435047955988,5.0113954665293035,1.6247809206622315,-198.38032892295257,1.6247809206622315,-0.4952308734860176,-200.49770827804164,-0.4925984344268186,3.3422126060440234,-196.66260906564855,3.3422126060440234,0.9153214134611434,-199.0897869710551,0.9133482918154194,-141.73281588954472,-69.05292047362423,15.013158708484852,-143.4123900834723,-420.32964880306554,13.654125807420659,-144.1760832917443,-871.4286558398617,12.153152658653148,0.7632712780986147,-199.34501082966307,0.562555630379255,138.44202825854208,-133.0423794214008,-17.819425491046612,139.0878777568328,-484.2421746929616,-17.390298097590776,141.5086873097955,-929.9757203701473,-14.611793468532856,0.7036221537647251,-199.2998840336569,0.7052258099579425
17,0.17,0.4090348200807533,699.5745143809103,0.4090600166636389,-0.2720070866160924,549.7267009425898,-0.25071927082492285,-0.9785904880370004,299.1992650556487,-0.8020668993481885,0.7353075392657028,400.49454000276756,0.49583197356171915,0.3663044555292688,200.33558310853851,0.3362420260738047,0.8753149270547675,100.309543811758,0.056708153992203414,1.9680834967117267,1001.3030846469858,1.637474334106333,-223.28112603265032,509.7063932082717,2.813600962988771,-352.15331624430945,368.6159879720285,11.787020036829468,-484.1345865288222,155.28250769351462,9.099564821138818,-482.3487043101582,29.820281700978295,12.034892796144224,9.614196165113661,-158.92454299059247,-15.207767430691652,0.8277856934126088,-199.35994286850962,0.6413491022845292,-0.5614443562020633,-200.9490439348143,-0.28070995632212803,-0.5797844623637929,-200.581076433158,-0.5797844623637929,0.4414946215149389,-199.08215379374195,0.4414946215149389,200.07834442760327,510.509844199237,3.6862772883519903,360.4489777622234,355.1587807756256,16.283926631718938,415.7358117135809,207.33958696061586,5.055171689432774,481.1179444389335,87.25475545420387,-16.572868028121544,-5.220487314761728,-237.90516823973778,3.1892884401221404,1.0730537328331062,-198.92823823796107,1.073053732833107,-1.0794690254078525,-201.0803572985974,-1.0790653278032074,2.496458584856993,-197.50336992816145,2.4964585848569936,0.8405370808353636,-199.16075452104093,0.8400381975559856,-141.95972911410223,-67.78104150885716,15.190913154894137,-142.55750644492196,-417.9075866451903,14.954984562516866,-144.0651804521612,-869.8436119674986,12.731234041664585,0.6840004328198874,-199.43420102949176,0.39445022343365876,138.32414670508572,-134.54200737947247,-18.37039170157686,138.1573397071585,-486.21338575074617,-18.52354461403199,140.14726137966954,-932.7188927048887,-16.342162564116016,0.4184654270552035,-199.57468250559828,0.4266094651959309
18,0.18,0.25804102879245844,699.7306583413277,0.25805834613373807,-1.1419159865648234,548.8578296093018,-1.1305214398743928,-1.494382573412679,298.49614722183816,-1.514090639962787,0.7321176419400038,400.2844639802764,0.2847183844097416,0.4298751166341918,200.41386830255746,0.4109077969699756,1.2080569303517834,100.38978557091161,0.10207564586072612,2.244538957229723,1001.5424699719774,1.8963705409846412,-222.83822202990365,510.94551441811643,3.6231904543093694,-355.0023017822541,366.58815204985933,11.976937650965738,-485.03652755408393,155.3345030931745,9.69648258048673,-482.91929645496276,27.76774478874156,13.048202245132513,7.437483257289105,-159.7123772903532,-14.36296035409616,1.7998638745096196,-198.5566266647873,1.4436277393460717,-0.5582434541449032,-200.76529856467516,-0.36529771091960594,-0.5163714627288987,-200.51662586686226,-0.5163714627288987,1.00242451654367,-198.13527781127522,1.0024245165436703,199.4597848634695,511.328262390867,4.141961423895124,362.6148423805596,355.72278949571165,17.211327080341846,414.9916337496561,208.2940390279892,3.2428798315277594,480.2936224105123,88.77578425394759,-17.391280050936814,-7.4340914648018614,-239.2443211706086,1.3902766603768888,0.9190164832781045,-199.08123792085524,0.9190164832781048,-1.4471941751981865,-201.44744857933156,-1.4471941751981863,1.4864185410649584,-198.5080477752847,1.4864185410649586,0.8022910528007747,-199.19796327868835,0.8021928168585015,-142.329754458305,-66.67427555075173,15.221362154467267,-141.75677439866098,-415.55672091932337,16.113483077466764,-143.5988760900588,-867.9032686582304,13.728488214571971,0.8608563827134996,-199.24257028556676,0.4673003182801394,138.23319575708933,-136.02256081585932,-18.854009159503487,137.5992803657611,-487.6387758761741,-19.33531197413445,138.60629493634235,-935.6494616366064,-18.248484843939735,0.2443988568245654,-199.7236452516279,0.27660915250553286
19,0.19,-0.05071960912332524,699.7072794741015,-0.050710339818493544,-1.1614987775112828,548.8384622083513,-1.1567488237645889,-1.9690252257757117,297.88258225140714,-2.1496971887694314,0.8489676962328941,400.1979666034824,0.19800561761980465,0.5855411500393966,200.57893555447828,0.5662593540127836,1.34148818743603,100.41495446939379,0.1608658549712443,2.3653930308346984,1001.6276123809523,1.9999852286396513,-222.67186308395537,511.89995912206155,4.111484850809755,-357.7823416888283,364.6755527049885,12.179088623538178,-485.24431882273353,156.03608691975992,10.821799516606646,-483.86509718501514,25.520446802360063,13.776046668773606,5.584720316143658,-160.1684991315064,-13.035142238343509,2.8758429633797133,-197.7863522022671,2.213686811870325,-0.42780854579155675,-200.51406837888982,-0.3245321316461256,-0.18050489259194097,-200.18054390672933,-0.18050489259194066,1.6422250168275736,-197.13657999565322,1.6422250168275738,198.93252521621883,512.2176923784477,4.68618883875432,365.07998272023326,356.65306051373193,18.435423819337636,414.6369127811939,209.62266993598047,1.673086641817622,479.8239932903847,90.40934845720585,-18.29298296283386,-9.323257443914645,-240.2083437556008,-0.14765618106753475,1.2093666920983528,-198.79067232203906,1.2093666920983532,-1.562809980129248,-201.56284899426663,-1.5628099801292477,0.6154223293091289,-199.36678811931387,0.6154223293091292,0.4988556488545962,-199.50118335414246,0.4988405838849264,-142.51577936217063,-65.39030553914921,15.431068211035825,-141.21230801890783,-413.45370649129444,16.95388164810696,-142.85294825593945,-865.6925773532123,14.996736329720957,1.4372410421009265,-198.63370716305326,0.9982966094554389,138.30518432617313,-137.34534476800553,-19.1157091861801,137.52689027063138,-488.63286962667513,-19.715053042589673,137.21808828092063,-938.4326937325982,-19.997943687895734,0.172274260892346,-199.72855005777993,0.2714889563574929
20,0.2,-0.5244266101559056,699.4024291423032,-0.5243241029957533,-0.4601160405038952,549.5398839594961,-0.4585739563001926,-2.4296519504858405,297.3486282414498,-2.728899700143037,0.9393541930020336,400.20171752061657,0.20171752061644566,0.6644810371918354,200.66234918033064,0.6231835620734154,1.3780799714165304,100.56045126495951,0.38579207040565344,2.3643715067167967,1001.5916201094913,1.9820608927878673,-222.96115385734402,512.3444925383972,4.070425370722287,-360.5019426781855,362.864683824973,12.373977757702885,-484.98101457031566,157.16255097752264,12.247959936637836,-485.169615004981,23.142298688840874,14.223449386152993,3.7368602092560135,-160.6797113124445,-11.567043335645113,3.503513715354774,-197.60131556827324,2.398684431726734,-0.10613578639215412,-200.13413319847683,-0.06308377180633554,0.212853200609949,-199.78714679939003,0.2128532006099492,2.3352986969430165,-196.3106654486588,2.3352986969430165,198.2557341101952,512.9418925148686,5.076804591549497,367.5504730824581,357.74002680139694,19.667610395870987,414.6409859065991,211.23941327244512,0.32030753293864056,479.4381519605006,91.65357032651073,-19.179754589459918,-10.709348233146883,-240.6343080319181,-1.2539440606091252,1.6458233391256858,-198.35417666087432,1.6458233391256862,-1.4069624624258008,-201.40696246242578,-1.4069624624258004,0.0791644756900951,-199.87806701897046,0.07916447569009544,-0.09669650109163608,-200.09669650109163,-0.09669650109163566,-142.46296589843718,-63.86760433368429,15.874276181112,-140.95682139636457,-411.6431317181789,17.497826045650843,-141.9561203499282,-863.3560685367938,16.361999606163565,2.059870322772367,-197.97808463210637,1.6738841646865954,138.64172636703873,-138.40661650264417,-19.070218214643845,137.72721228088216,-489.5305084023795,-19.851959984655252,136.25622201846306,-940.7937486741905,-21.316398833228266,0.26104059174791977,-199.50095572650224,0.4990442734977296
21,0.21,-1.2579309482938554,698.7337187043886,-1.2574604165063017,0.3668475853421138,550.3668475853422,0.36723748528887556,-2.8768017733796682,296.92178537385104,-3.2230558896176866,0.786825716175324,400.13586363756235,0.1353536757134501,0.46582917464489637,200.4652901568179,0.37133672280794905,1.3244082449798729,100.76246080100023,0.6689724710193549,2.4096555286307635,1001.6025649384936,2.0107952131155566,-223.75864858472897,512.1445556031688,3.3815477164289516,-363.18441824810634,361.1266930078227,12.527537218574604,-484.6498620010691,158.30924163991102,13.567852538744447,-486.663530474907,20.830926764181278,14.547254777340704,1.6516317360499622,-161.55935677265586,-10.225636030941583,3.271789708078804,-198.26494376333375,1.73505623666626,0.20522374640906926,-199.80185692939938,0.21920068916910296,0.40059089796524483,-199.59940910203474,0.40059089796524505,2.7816104622059417,-196.04394076127633,2.7816104622059425,197.064962771218,513.1366984540248,4.948039361099715,369.6015113135687,358.68493721305526,20.488344372449582,414.96004801966893,213.05363851212584,-0.8514150341703537,478.8912273892773,92.24652187642712,-20.056193562063072,-11.823449363919883,-240.77297700957746,-2.1671526812353434,1.7740578057110132,-198.22594219428902,1.7740578057110135,-1.112147467060789,-201.11214746706077,-1.1119649285102786,-0.1010771094097287,-200.02117502220392,-0.10107710940972836,-0.8293838596965515,-200.82938385969658,-0.829383859696551,-142.46060411431432,-62.39388593993697,16.261059897976352,-141.0029600892667,-410.20651648745195,17.767645759542695,-141.1250919772465,-861.133702203119,17.61242223236084,2.1538964409732753,-197.8619255381743,1.8888240674005736,139.01199347357493,-139.4321679822703,-18.97903176340684,137.77225292299562,-490.745678933454,-20.15298050814001,135.64994485885902,-942.802452470394,-22.27399852240123,0.581773336389918,-198.973577247327,1.0264227526729852
22,0.22,-2.282577980553165,697.7245779629511,-2.280445391702528,0.6817548218325,550.6817548218326,0.6818315976841789,-3.2369899014933337,296.6670863812599,-3.543656413569549,0.28057306467573684,399.8331738071455,-0.170151561828718,-0.11553573633898412,199.8843581247578,-0.2911699985179891,1.018458533616143,100.71766974199903,0.6786980079468038,2.690726831874077,1001.8499173272454,2.275686281783515,-224.9848436426198,511.3060085436831,2.030511362625678,-365.86806373212715,359.4176431598647,12.590991636442702,-484.5787468160945,159.1492615319306,14.45037791910488,-488.14945786227736,18.78116829737094,14.931460507698892,-0.6879106692589632,-162.84281579923132,-9.053392154593974,2.2377040795606202,-199.4741360606784,0.5258639393216353,0.1620461161857516,-199.83934861208485,0.16558004074378446,0.3053608484380489,-199.69463915156197,0.3053608484380491,2.6228635063822514,-196.58091456001648,2.622863506382252,195.21641588841152,512.6570400419547,4.154782050538818,370.91160978420817,359.23191090712,20.581316460548337,415.6400642617728,215.09475201182806,-1.782347974745953,478.10290009420737,92.19427586225058,-20.987980919399263,-13.164868112584909,-241.14891836377774,-3.3933832605058756,1.3170720434128784,-198.68292795658715,1.317072043412879,-0.9535334851841438,-200.95353348518415,-0.952343184313781,-0.07232443461695537,-199.95606758372244,-0.07232443461695515,-1.5938624088706483,-201.59386240887068,-1.593862408870648,-142.78273177235934,-61.243711672018506,16.31670272615547,-141.43318618926415,-409.2773455021725,17.682137397233515,-140.6536530476679,-859.3430277549999,18.490717205072322,1.4331311620917009,-198.57200548247704,1.2912807021675725,138.98236953542911,-140.84204774770043,-19.28531328815294,137.3677343054162,-492.50008098423905,-20.901816928473327,135.1477642488627,-944.7090696540386,-23.121589149470974,1.0938881854873002,-198.25915073130585,1.7408492686941575
23,0.23,-3.3898248317917368,696.6258616437096,-3.382665723913051,0.33290916143506133,550.3332620432841,0.3332738172422449,-3.3213414132286454,296.70653408699906,-3.53226878495686,-0.40712737200362203,399.3533970622924,-0.6634905548117919,-1.0071299835946554,198.99285373947737,-1.2625381729128387,0.3894688287613224,100.26408140559116,0.25142913597386274,3.2144668116519073,1002.3405861360282,2.7836316633955076,-226.33101551368924,510.11922716544234,0.2845164191043357,-368.5683068823056,357.7164475551351,12.538746706489668,-484.81034535988294,159.6467744868741,14.850307008000652,-489.56643081530535,17.035846784703374,15.42283568880148,-3.096294900450928,-164.26528704315598,-7.890991546397403,0.9240089952933002,-200.57710510074656,-0.5771051007465365,-0.39200237620299416,-200.3922163553956,-0.3913065051982264,0.0911712153856985,-199.9081397508947,0.09117121538569889,1.8198663538480506,-197.75851728133995,1.819866353848051,193.05250129923206,511.84374303402114,3.038131209677506,371.4458240335384,359.2903400738962,19.91665779637567,416.6242036490982,217.31411480762029,-2.5062626622594424,477.2152893299916,91.71132366727447,-21.93199793580451,-14.96348006529657,-242.01830522576688,-5.168529714565858,0.47382791722291895,-199.52617208277712,0.4738279172229197,-1.0852213256435908,-201.08522132564363,-1.079176479043569,-0.04043122643111852,-199.9086949556816,-0.04043122643111807,-2.3318251697238117,-202.33182516972386,-2.3318251697238117,-143.330854580474,-60.319966879242244,16.13897796061068,-142.24066086229377,-408.8119131168644,17.23318906937423,-140.7517140728723,-858.1868029226958,18.833728082232184,0.15467187236941238,-199.8466268747672,0.09553980315311505,138.3406466972133,-142.82137124161952,-20.175692650901198,136.6203529380395,-494.6213866397098,-21.987772542565477,134.73940796538452,-946.5218396741875,-23.868754279187385,1.6292177238378995,-197.63767932553185,2.3623206744681875
24,0.24,-4.200177334333889,695.8405483583335,-4.183165679363304,-0.23945237248274176,549.7628487062253,-0.23715129377459954,-2.9456499069810067,297.15219160154345,-3.0585511932860068,-0.9117583535090357,398.98841337850797,-1.0783784428064134,-1.9608688743151221,198.0391311256849,-2.2502658247658394,-0.326426120147791,99.63286654354434,-0.3703324511917411,3.764376077884603,1002.8580991545858,3.3181479414897113,-227.30399654884053,509.1443102488675,-1.228963365914287,-371.1768132885329,356.1258293776393,12.469321831276677,-485.14657870945007,160.0158052773815,14.963835075560219,-491.01588478712586,15.475350101602817,15.905051409185496,-5.331757272501413,-165.44983214322195,-6.5232439517701195,-0.051871824776777986,-201.0811493658865,-1.0811493658864437,-1.23743579607157,-201.2374358589424,-1.2373290807967057,0.01403516673940497,-199.9814717690071,0.014035166739405192,0.7195394797887522,-199.106188502995,0.7195394797887527,191.20248449561092,511.32439702019786,2.2260512711432483,371.4705195428845,359.01024297994417,18.765685910353973,417.6008911592725,219.41716951093326,-3.308894587486276,476.495699944252,91.0890374248898,-22.719078531044786,-16.93282272325084,-243.10549201819956,-7.2112898675168005,-0.18549641323285404,-200.1851146018661,-0.18549641323285315,-1.334168520543026,-201.33416852054307,-1.3102606884616552,-0.1499605196545829,-200.0337036687601,-0.14996051965458257,-2.840538593329042,-202.8405385933291,-2.8405385933290406,-143.72150642368817,-59.24267364974695,16.110589560553986,-143.19002601128747,-408.4846787704103,16.642861044064368,-141.35767225786634,-857.5308478657935,18.741992037439754,-1.0982441278638078,-201.09849986633816,-1.1174415000348834,137.255768515653,-145.1704466281199,-21.441684098966036,135.90490501054623,-496.6876963562226,-23.034494969727806,134.75362582189348,-947.9087176704385,-24.186013889558886,1.9655469474270615,-197.38745607638563,2.6125080306339186
25,0.25,-4.422111429976924,695.6736061533314,-4.3968261891787295,-0.4261375406279553,549.5855483012896,-0.4144516987104777,-2.132584458715306,297.96519254652003,-2.17964871694871,-0.98784741652707,398.97974308996015,-1.225990203422286,-2.633038695620616,197.36696130437934,-2.8884306080108013,-0.7278503168096633,99.26185725673199,-0.7387726626804858,4.076108526872996,1003.1381371616976,3.6149047819720277,-227.53958552917265,508.9052734938295,-1.8267945515023989,-373.41910142354345,354.9147321529672,12.647771873074603,-485.35589443106005,160.5065067267058,15.021305556406062,-492.60822461573895,13.975263340946206,16.252234300999877,-7.275627136897679,-166.21751044812967,-4.858266296286773,-0.39423092963053097,-200.9446865601394,-0.9446865601393388,-1.9456457459892866,-201.94564574598934,-1.9456457459892862,0.22669330548867594,-199.75048903147098,0.22669330548867617,-0.22841631194284515,-200.17221364308278,-0.22841631194284479,190.0942640858583,511.52524628209375,2.145149732566915,371.44436849775826,358.77453906633616,17.59188133368775,418.239870132284,221.0699181459379,-4.516652667164627,476.12584386775393,90.50715819306984,-23.227982086892982,-18.581193550850415,-243.89792277256487,-9.03418898540916,-0.23578046848678424,-200.23329074562588,-0.23578046848678347,-1.3434258552778298,-201.34342585527787,-1.2697845480796894,-0.40355328869811946,-200.32365120149234,-0.40355328869811935,-2.749848748624127,-202.74984874862415,-2.7498487486241263,-143.67902593565597,-57.744561909312566,16.50639688079276,-143.93171698575213,-407.8863876899777,16.253827145380402,-142.09112432323272,-856.8838412722778,18.591448151987084,-1.8344425873497723,-201.83448180611506,-1.83929644317002,136.09682238626036,-147.523019929969,-22.709412473897302,135.50184006790207,-498.3854206067323,-23.759957803364905,135.50860588838822,-948.5477972206231,-23.754409438258563,1.9374322784057685,-197.61768425367782,2.3820816946888357
26,0.26,-4.002545975109207,696.1758438310616,-3.9925460468521874,0.0630386893783822,550.109257090734,0.10925709073392681,-1.0824098723655955,298.97983854166733,-1.0976893999254602,-0.6790871219940707,399.312718474766,-1.180810039875654,-2.7078290333666084,197.2921709666333,-2.883357156642306,-0.5746347960961357,99.42333850496804,-0.5767580963025811,3.9980012944573793,1003.0290638663571,3.522254878130694,-227.03276541923503,509.5963145818724,-1.2172102449028623,-374.9634340250052,354.40945326488725,13.396831165483373,-485.28576557733777,161.26841258791885,15.174714104156356,-494.2461451530478,12.621105032477011,16.545774235997506,-8.965774511816628,-166.69747348024873,-2.960721510265927,-0.16248872176950285,-200.3918796270675,-0.3918796270674966,-2.1373013525690974,-202.13730135256912,-2.137301352569097,0.738654595267798,-199.1710997967698,0.7386545952677982,-0.7328251266472452,-200.71868874222216,-0.732825126647245,189.7194548545799,512.4362749629131,2.7857619247022347,371.87025094527485,359.07929782241905,16.902769330387123,418.59652410587944,222.2782359633145,-6.116625034685546,476.1234163767414,89.98958278611869,-23.46382028128695,-19.60747751286416,-244.0547012739355,-10.339341506146118,0.2641433831239327,-199.72340307369376,0.26395307033191506,-0.8492629903552942,-200.84926299035533,-0.6726066779022342,-0.5971968734790079,-200.5544283681396,-0.5971968734790076,-1.8126993144797339,-201.81269931447974,-1.8126993144797332,-143.23916169288316,-55.87744547048446,17.289811116640756,-144.18656754759945,-406.7376172091008,16.34240526192449,-142.39530717757842,-855.6347488322618,18.856422683514086,-1.8575035682797343,-201.85750356827978,-1.8584593491604984,135.27000229961956,-149.54581022386455,-23.64220423183057,135.4738136356441,-499.65008481853755,-24.0988512117925,136.9479675221022,-948.4944712246768,-22.62951245476835,1.6004285046376996,-198.16037920134187,1.8384321863875093
27,0.27,-3.088840692609416,697.1706584509761,-3.1438627194555684,1.0571982757360627,551.1995609743215,1.1995609743214666,0.04967635362975742,300.0781315383714,0.045813084057433895,-0.2019007663731529,399.7964856599576,-1.1255469923990868,-2.0581314872828043,197.94186851271712,-2.152084921292612,0.03240419654817939,100.0320933922001,0.032093392200070014,3.5256072332121042,1002.5264583731077,3.03576641977764,-225.98955431562584,511.08945969114916,0.38848789839845954,-375.6471235503118,354.7673627170104,14.870641914675602,-484.84089402698555,162.34846640029787,15.519505766875373,-495.6176721868209,11.71323797288021,17.081417818333676,-10.480329745496594,-167.13414338233537,-0.9353296112253685,0.502658363607868,-199.5715641227461,0.4284358772539353,-1.5993373860304407,-201.5993373860305,-1.5993373860304403,1.4730435548097198,-198.24898040300343,1.47304355480972,-0.7069576372182289,-200.70418534727804,-0.7069576372182287,189.8084138447286,513.7862352324546,3.8769787872534747,373.0945469401472,360.29251916429655,17.049193425886738,419.116754281697,223.4118939520555,-7.732115335300037,476.45936599408026,89.53419353947695,-23.449141155003282,-20.014863692703877,-243.5628066480669,-11.132111302910147,0.9408845062950288,-199.01034906854596,0.9396435110019918,0.22490325347232673,-199.7750967465277,0.5549406950676395,-0.40577431579015644,-200.38794575027578,-0.4057743157901561,-0.22933408833751873,-200.2293340883375,-0.2293340883375184,-142.62678047059828,-53.884362515522724,18.235089020760217,-143.8463193069844,-404.9587800684405,17.015550184374085,-141.88448062633879,-853.4571689475333,19.79628920064868,-1.2148910746347106,-201.21489107463475,-1.2150376483799907,135.11981239321292,-151.0078756179101,-24.008433544207207,135.8283991827252,-500.52558687170756,-24.03895703895212,138.60809529256838,-948.217189823629,-21.274092571921187,1.2712677389367866,-198.62481651287396,1.3704824344019335
28,0.28,-1.958845207469659,698.3352058456563,-2.1224197570372594,2.108080635362614,552.4495909957817,2.4495909957816235,1.2180234371427214,301.22775498019377,1.2172627142594703,0.20704329878020933,400.2067958492437,-1.134753743932913,-0.8959064782187418,199.10409352178118,-0.9350720964758017,0.747868514384921,100.74786851438495,0.7478685143849212,2.7998952712278924,1001.7713155290903,2.2964234440721842,-224.5576116125232,513.1289635041376,2.5506865563456502,-375.680201593251,355.77325714932584,16.851116972684988,-484.0018675829835,163.69152473146133,16.07591587047264,-496.5091206540602,11.452930745871756,18.05644952086866,-11.865348412201307,-167.6855302696095,1.145674070465056,1.4893151481395697,-198.5279718802783,1.4720281197217377,-0.40548887350160834,-200.4054888735016,-0.405488873501608,2.2581971266161363,-197.074973013467,2.2581971266161367,-0.23526246877579454,-200.23484344136278,-0.23526246877579413,190.07528072377983,515.2876897063938,5.1316889120695555,375.0639199983713,362.3764289090784,17.98208112561442,420.1716833799258,224.80458850703542,-9.022631277852645,477.1300567152326,89.1580096894336,-23.17193386269779,-20.05153629710177,-242.7023064345316,-11.661756444615383,1.4297127782169894,-198.4225558168568,1.4234104840957773,1.7842345830830508,-198.21576541691698,2.264436227106787,0.2872668919793867,-199.7069450202369,0.2872668919793868,1.3961549014217045,-198.60384509857826,1.396154901421705,-142.0691706985066,-51.9919574282808,19.114031749197594,-143.08490430688482,-402.7489819418439,18.098298140819388,-140.69892800430813,-850.6070882611381,21.20693892515239,-0.1328841735675621,-200.13288417356762,-0.13288417356756183,135.74977621838494,-151.8618280995449,-23.761131159640406,136.6010266980628,-501.05925737617986,-23.539652833818707,139.90138340441763,-948.3117252809975,-20.27487538897519,1.2604694164330013,-198.69284002607762,1.2925514132329519
29,0.29,-0.9729206581207377,699.2865784854647,-1.2319792583113098,2.761064240038128,553.3990895903122,3.3990895903121645,2.3441747522966816,302.3467109519421,2.3440580916641425,0.3167752269314236,400.31677522693155,-1.2033996192890337,0.258932489082778,200.25893248908275,0.24621727448000819,1.2208854386160792,101.22088543861608,1.2208854386160792,2.093126073531955,1001.0359215738566,1.576501489080611,-222.82672422323571,515.4307479808144,4.864513632573982,-375.65054946462413,356.8342518101841,18.74283965839373,-482.90159734964243,165.12777748281994,16.712528102109367,-497.1400495447104,11.607373682151255,19.23487985513639,-13.190656085551622,-168.44016234560007,3.186897209600123,2.5420490574850523,-197.4538421754852,2.546157824514809,0.9554893024340121,-199.04451069756598,0.9554893024340125,2.825565362356711,-195.92863244755853,2.825565362356712,0.42941794555494706,-199.57058205444503,0.4294179455549473,190.2546306401049,516.673666323216,6.283233057472428,377.23226033361516,364.80043308992356,19.159370368759692,421.6948773569634,226.42986432483565,-10.0079796582488,478.07322728117055,88.77953795118731,-22.68894119288189,-20.1233027099018,-241.93253773432048,-12.33402168030922,1.5297405420215984,-198.12567787967492,1.50481448524179,3.4945961921675024,-196.50540380783252,4.038735942253146,1.1615888394574365,-198.83694770276685,1.1615888394574365,2.452369402994632,-197.54763059700534,2.452369402994632,-141.7404515411235,-50.334383492307296,19.751578405651102,-142.39859235539836,-400.6168911717883,19.09363666191961,-139.45515749392754,-847.7762947609014,22.533552003321205,1.0210480542709082,-198.9789519457291,1.0210480542709084,136.90770726618817,-152.3004530166546,-23.093784617273293,137.71752571076215,-501.368805906233,-22.674784255622896,140.50056288484487,-949.108541470413,-19.95821789302703,1.5283457336224335,-198.42877388593445,1.5356531579667108
30,0.3,-0.43302395067201166,699.7459543973242,-0.7122985741238699,2.764241195876071,553.6931899715883,3.6925626028335645,3.2399649324312962,303.2411146803473,3.2397597629340575,-0.0005512686900046582,400.0000761000646,-1.342100861866572,0.9303583177128854,200.93098568646738,0.9271434079921503,1.2952950395150031,101.29592240826949,1.2952950395150031,1.686280124232555,1000.6006548412839,1.1569956681616482,-221.0177543793946,517.6512759340463,6.981363185303355,-376.1935497949856,357.310777901032,19.903440652371597,-481.76302553125356,166.4735000737009,17.20855967276985,-498.0969693150639,11.576631243675081,20.013883499243292,-14.590063005173114,-169.5046136034932,5.029773694959439,3.2137516298888618,-196.75527726141695,3.2440953698285613,1.8024396184929554,-198.19693301275254,1.8024396184929556,2.9548806165325683,-195.231860523827,2.9548806165325683,0.9541181258699624,-199.0452545053755,0.9541181258699628,190.08120384577725,517.6780173211264,7.065135407673598,378.86838804701154,366.86990166337876,19.85369695389074,423.35379427069296,228.03446736462922,-10.93555833663217,479.1560199624972,88.21727691529962,-22.139467514261128,-20.618327962955423,-241.67479573220746,-13.535848479832456,1.293383104601918,-198.0924360412291,1.2166054445316636,4.79388544214439,-195.20548718910112,5.2740870861681275,1.720180017431736,-198.27890444189154,1.720180017431736,2.682915825926667,-197.3164568053188,2.6829158259266666,-141.75561464024634,-48.963248782894226,20.0317672383951,-142.2988633247109,-399.07655177852087,19.489816656935876,-138.72472043676788,-845.541583294291,23.328514847576525,1.8852758126714364,-198.11409681857407,1.8852758126714368,138.16813651136533,-152.63176937829587,-22.315907348266297,138.90513009734195,-501.69145922846235,-21.726968409121604,140.53634854663605,-950.4696012578206,-20.192464419863565,1.7187170334669166,-198.21415591050294,1.7160720142294752
31,0.31,-0.3653944788412039,699.7341608792555,-0.5844512493460632,2.1796195567671695,553.2356364811799,3.2315455230098733,3.695904646548498,303.7000757141575,3.694566773367994,-0.568233048468149,399.43585790970184,-1.490265700824794,1.1194181886351513,201.12350914680502,1.1187851353764109,1.0872941080349512,101.09138506620484,1.0872941080349512,1.6694739489628534,1000.5534478562871,1.128036884756094,-219.522746862408,519.393596342622,8.553906575107112,-377.5003168820784,357.00932685937255,20.135394134358584,-480.6834635872142,167.71026394982815,17.469513655407226,-499.86447270657106,10.863608303714766,19.89281519719927,-16.156515050732924,-170.94662287745936,6.557603722967304,3.156974219057674,-196.74371842757236,3.252190614257737,1.8174782285492947,-198.17843081328076,1.8174782285492945,2.64184029433495,-195.30061613661752,2.641312335334966,1.161053148342761,-198.83485589348732,1.1610531483427609,189.43912904310173,518.1855986464882,7.360328532316438,379.63019841307823,368.29173860027794,19.726525140550386,424.96688909050704,229.4910559748953,-11.928616395303468,480.3023288769958,87.37299631039161,-21.597642560733725,-21.640722832237344,-242.03842030757062,-15.368950198315256,1.0873809626013622,-198.08828222117603,0.9032009307302246,5.19230997847572,-194.8035990633544,5.522347420071035,1.7815065905930965,-198.21435825864143,1.7815065905930965,2.268309648410954,-197.7275993934191,2.2683096484109537,-142.1001736983806,-47.83140745134038,19.968089301307987,-142.81657503695038,-398.1541366340552,19.258280273752806,-138.59498254946504,-843.9607163854844,23.58410463786325,2.2872237353571228,-197.70868530647294,2.2872237353571228,139.2537421109977,-153.0547271342349,-21.629611816033442,139.83939268121645,-502.2783469350676,-21.03640434927955,140.40516470312858,-951.9846113847195,-20.580224168146472,1.5821218188584016,-198.31911812626163,1.5655639102016996
32,0.32,-0.46716781228960336,699.5934032701217,-0.5957233807134172,1.3638559983433176,552.3129530051513,2.292177405300812,3.5825986625644832,303.60337426241495,3.5758043819352805,-0.9610020009424322,399.05977359890807,-1.4545305155840036,1.293666639665615,201.31444223951598,1.2936074158327506,0.9047092920840315,100.92548489193439,0.9047092920840315,1.8783856469179459,1000.7196183591145,1.325317356877781,-218.70942752272327,520.3485672865513,9.308016504659783,-379.1719634698751,356.33479744551244,19.831775375301834,-479.5231841867559,169.0397395949667,17.638575096068017,-502.4247161571795,9.481310570494506,18.87387492881414,-17.79439547115078,-172.65373016172776,7.843434794739708,2.4360575864114233,-197.3147545557121,2.6644698444374617,1.2992189888553356,-198.68000541129425,1.2992189888553356,2.0947040277121056,-196.07533160669342,2.0912613025702615,1.1766354378281767,-198.8025889623214,1.176635437828177,188.50848749835788,518.3854304712111,7.347719087415328,379.83522068805235,369.41199699618664,19.098692909739395,426.6032386028372,230.88479906671174,-12.90626718507852,481.5314606455711,86.31209162116625,-21.01354849857544,-22.851422617785232,-242.67736482979265,-17.49068967371564,1.398665506466408,-197.7864888502787,1.0545719064834176,4.6286022002549805,-195.35062219989464,4.805258512708042,1.5874993667035464,-198.39172503344605,1.5874993667035462,1.6646888415573353,-198.3143040174434,1.664920382706181,-142.60149934512174,-46.79034428190289,19.731703946117975,-143.4544282148741,-397.3378024192426,18.905301351664498,-138.78677176070144,-842.7203459927484,23.582864055953202,2.2787969350994417,-197.70042746505015,2.278766191746554,140.11046744877623,-153.6069302864696,-21.08392654543227,140.36766398118849,-503.2291780838666,-20.763141449389494,140.3659376168741,-953.3759452564684,-20.861582273739963,1.2737413503499218,-198.59848758297008,1.2219818875749304
33,0.33,-0.38848668535473174,699.7066021076215,-0.4457461428800993,0.7725810342522449,551.4927754758994,1.410606384526282,2.8937174939617303,302.9758865853349,2.866845592796179,-0.8793067540196451,399.2028623373535,-1.0850400474020652,1.8305904649177136,201.91275955629075,1.8308373302747343,1.0051727130086934,101.08734180438174,1.005172713008693,2.0735473959659814,1000.8282348131349,1.5093831147900874,-218.7163045393449,520.45180489158,9.169932787141416,-380.6619723704863,355.8610692505175,19.533911279354275,-478.0693497726784,170.71817891676517,17.93266813820359,-505.33094321036106,7.89239850627249,17.38872962003286,-19.256967295345376,-174.35117880454064,9.112792227404062,1.5004538825144773,-197.99064674842734,1.9271841601995892,0.7975121042538911,-199.12031880437297,0.7975121042538912,1.6111586869635153,-197.07835363247875,1.5936750860633937,1.2740326978441956,-198.64379821078273,1.2740326978441956,187.60817398338568,518.6264869847722,7.345050316134531,380.0855633438089,370.8380910561069,18.57534483807629,428.32017186478083,232.2882290511188,-13.821578603281957,482.8447547713118,85.13561566174462,-20.336450793541747,-23.62889753650888,-242.94889987921098,-19.274800325193684,2.386686879534813,-197.02737137296856,1.8860336457344924,3.4936232438581936,-196.42420766476874,3.5672645510563346,1.4250116379054505,-198.49281927072144,1.425011637905451,1.307242353553681,-198.6090787171227,1.308752191504216,-143.05422346638363,-45.67000203980021,19.52534910783001,-143.77526276994567,-396.1583537574492,18.887575694643644,-139.08218420717444,-841.5606956165198,23.50944047158211,2.0627679679975306,-197.85506294062938,2.062567496154198,140.70999451428702,-154.31274371512336,-20.735829060569962,140.55661631781902,-504.4492595292612,-20.83111198380898,140.38100325053767,-954.6471671287933,-21.07319586257716,1.1566275311645622,-198.66678020939463,1.0324630346846264
34,0.34,-0.10721256279456437,700.1491526690445,-0.1267297878315089,0.6401976441573644,551.2348066242841,0.9817080045763742,1.7764946636423202,302.0295932833501,1.6937233809097303,-0.39484557450693536,399.85825304520085,-0.46163739582129726,2.5224720851262585,202.77557070483397,2.5237257708549734,1.3582042364431763,101.61130285615087,1.3582042364431761,2.181350813137173,1000.7408853310114,1.606639354175021,-219.42563976134724,519.9066696114144,8.285638552864155,-381.82227128005525,355.7971811482337,19.385325439588797,-476.31378465353197,172.82376702157995,18.3646672992081,-508.12834299617487,6.60071724160313,15.877796995059972,-20.400007956973802,-175.83634387817898,10.490206267474395,0.8561170924191506,-198.26989539748365,1.4769585116282842,0.6115013126901823,-199.13540006760206,0.611501312690182,1.450935299483465,-197.6984392619865,1.3816322583889074,1.5406176336679858,-198.20628374662428,1.5406176336679853,186.8488175212404,519.0828553820371,7.461824323486844,380.6138787346681,372.83450161215853,18.391885639355372,429.97643935365,233.61143442361077,-14.823632622151145,484.13784039925156,83.85482318726896,-19.641460486644643,-23.531171985917872,-242.350312081327,-20.273428035302317,3.6065045662448583,-196.01738010596642,3.0391901288411205,2.3059002593690305,-197.44100112092326,2.329808091450402,1.2850391411336153,-198.4619307878071,1.2849705924852088,1.3359605362830058,-198.40327325421822,1.3436281260740601,-143.37822906989646,-44.36944288030732,19.42059199299736,-143.90833674380502,-394.68618037465353,19.098147129414226,-139.54031126707685,-840.4741628757924,23.27530834443417,1.879518535730734,-197.86738284456152,1.8785004557051357,140.92123975556646,-155.2623284301971,-20.741516390593965,140.51982316199135,-505.7835189014733,-21.1090029639269,140.3055172345924,-955.8780900983411,-21.358888152837118,1.3640537043193204,-198.31795164489057,1.1320838857140734
35,0.35,0.07125968922228765,700.6790549490433,0.066142267108807,0.7945343826077325,551.5440491069473,0.9368970811931362,0.5324462897107497,301.1400368055357,0.33388832688748993,0.17851426902456358,400.78566629477876,0.16162665192037728,2.7734531316927558,203.38060515744684,2.778411554936257,1.6696458483554677,102.27679787410952,1.6696458483554668,2.31141441786954,1000.493623862664,1.726717892176922,-220.52201087547556,519.1091626126324,6.979307287038537,-382.87891382379314,355.98708699250005,19.15607459568017,-474.5236499125426,175.1942486458951,18.672703678010038,-510.63220148791936,5.848718801386884,14.512232555048534,-21.35918683477385,-177.17709273793196,11.821983819272326,0.767158870265368,-197.92212981830932,1.470408604956123,0.6986063177425781,-198.69424165650332,0.6986063177425774,1.7106273839363952,-197.61824299577546,1.49662893628358,1.7768416537590817,-197.61600632048683,1.776841653759081,186.04525741485332,519.6416349273777,7.511460006700679,381.06384923844735,375.1153851668804,18.1944564559003,431.3968761779356,234.74872465975702,-16.086296763475328,485.26748775325837,82.41776286024665,-19.086155536220346,-22.67784121849748,-240.9099507064197,-20.59918226593738,4.307609671992413,-195.2163839009705,3.806956438192092,1.3829434188082863,-198.00990455543763,1.3889882654083079,0.9703954274022969,-198.42289954018082,0.969948434065097,1.5647680947441853,-197.79775397359822,1.595075639757522,-143.59769890211774,-42.84396009977161,19.369446995970396,-144.30353729986078,-393.30023594981196,19.082891379397605,-140.38072159386857,-839.6082161409756,22.646053805244783,1.8631270854235917,-197.52972088882234,1.8591005008122774,140.63291844076306,-156.5037529823784,-21.22393628192857,140.27217005511073,-507.1478683840287,-21.570113816850785,140.09590168996613,-957.0363082591002,-21.761205952065637,1.6714580774413887,-197.68665355450216,1.3339439829202124
36,0.36,-0.06400956348394937,701.070398397317,-0.06504526080370532,0.8518690941604796,552.032396813178,0.8980874955160236,-0.4583570413766752,300.67881159072294,-0.8293120486409307,0.567395956974963,401.7017574621143,0.5641227754780432,2.313265044683694,203.44757436234565,2.3285380635023953,1.6940791256019032,102.8283884432638,1.6940791256019023,2.5298233779245236,1000.1625784172835,1.9357169062370574,-221.5227380003787,518.533621511543,5.735943815924212,-383.93230286839395,356.31707786730806,18.74254038755432,-472.98273343189067,177.58233631975642,18.578853870590418,-512.7952024150914,5.6579437877339105,13.326761515514654,-22.369593280961315,-178.62309327538895,12.856816035457697,1.232307315342949,-197.01249447660564,1.851624176140277,0.9255428190448024,-197.94014786329328,0.925542819044802,2.265954522653358,-197.025537970934,1.7499071034415894,1.7859625312806608,-197.07972815105745,1.7859625312806597,185.0055356439658,520.0995625856597,7.299800868313121,380.94509862849566,377.1926981575052,17.49504396589667,432.6804118844383,235.79096375025608,-17.50353655625551,486.2281051198514,80.81109971173382,-18.712068614971816,-21.608020400903293,-239.1387425350195,-20.78313117787719,4.096216668027953,-194.9595339152457,3.7521230680449618,0.7908405947303851,-198.07485008760773,0.7920308956007476,0.468494896132278,-198.39946580567891,0.4662248766591519,1.724633382660573,-197.0477400091033,1.8178309451911585,-143.67884570854397,-41.05569794775229,19.357811031386362,-145.09812797198396,-392.136538518662,18.645046537862452,-141.7300752883221,-839.1017394236751,21.489407092244278,1.9978016233757323,-196.86788905896236,1.9853988696123683,139.96174629860428,-157.93209964476054,-22.06952313858716,139.82340866445705,-508.500785197366,-22.20292641563359,139.83362794248106,-958.0421031801233,-22.19764149471041,1.8077632747863963,-197.0434471457433,1.425309700691475
37,0.37,-0.3218884951510983,701.328279381273,-0.32206245189454485,0.6494542760783528,552.3113079944198,0.6611401179958301,-0.8809232198046235,300.78376545349283,-1.420659041939234,0.6990636758912726,402.34957185741507,0.6988940191421318,1.5672163076549368,203.21738418407898,1.6038543751634167,1.5089474466475397,103.1591153230715,1.5089474466475385,2.705902333891733,999.8014986718213,2.1029737516414775,-221.9306066058296,518.4935538438915,5.053654547918734,-384.7149176092457,356.8672927705703,18.409714838916173,-471.6835183113052,179.8043621996804,18.09704839802003,-514.4796450555791,5.966177372511259,12.447587228737822,-23.42227990537441,-180.3527300782855,13.589355936065985,2.109764504403962,-195.81333734148694,2.5302772844414174,1.2258221360070136,-197.124009987569,1.225822136007013,2.862676533885035,-196.43908782636333,1.887926634172322,1.6725103634967933,-196.67732176007925,1.6725103634967922,183.805291790749,520.3466348217136,6.896151990124565,380.2265240566629,378.8459029509785,16.265118873983106,434.25095732826605,236.9821877217111,-18.642037033704938,487.2595248214495,79.09555305017489,-18.299019259402083,-20.74282239644415,-237.5930283155344,-21.237336774725506,3.2650392409612268,-195.21896549403385,3.0808592090900877,0.4964496640084788,-197.85338245956757,0.4966322025589882,0.08494458256143078,-198.2748659398153,0.07596648138269502,1.7136615676858256,-196.41269766603835,1.9365264283615138,-143.51362920426084,-39.069009585014754,19.439505777876782,-145.96646961639325,-391.04864215007615,18.01866220434685,-143.4037784020163,-838.9570741193244,19.98793249254688,2.231096045273242,-196.1187360783028,2.2013433856931512,139.33425373821728,-159.30364322033347,-22.851599991845365,139.33170681984154,-509.7982979079277,-22.852077944692958,139.65667488438527,-958.9254904710476,-22.529178845677407,1.7441927013623246,-196.6009383694896,1.4066786068411483
38,0.38,-0.3295497355732074,701.5390292416529,-0.3295497355732077,0.4076127592147265,552.278492815149,0.4099138379228673,-0.6943173195130173,301.2316925234254,-1.3059160405999903,0.6560582557545978,402.52636544487734,0.6577864676510794,1.189591056295566,203.05817003352172,1.2580399778064137,1.3916070285871593,103.26018600581327,1.3916070285871585,2.6860213760130973,999.5429254162098,2.07487093151545,-221.60419529222997,518.844571974475,5.0743810719136935,-384.9623256444419,357.61335409405297,18.420198309307708,-470.36467817784774,181.70802949009814,17.49555124142748,-515.5887532303227,6.568921558574914,11.961200564928983,-24.21241325107226,-182.34856334260567,14.312172977686568,3.1155113970236274,-194.78749736772423,3.3247724140372483,1.4801062049932443,-196.65131481778062,1.4801062049932436,3.230396853323142,-196.34757704571356,1.7793509128068248,1.6841809473069707,-196.44724007546694,1.68418094730697,182.68985036040684,520.3408330558417,6.528783457918614,379.38598408129275,380.2465212461136,14.98748632534787,436.4732149899572,238.4062563063578,-19.127200690773662,488.69770162587713,77.33400472449837,-17.503141292019436,-20.10302107670698,-236.5370237533363,-21.972586448441536,2.4309770613064754,-195.76457776556336,2.3541994012362197,0.4464307399560927,-197.6849902828178,0.44643073995609217,0.12393542232724536,-198.04166285882792,0.09628092380521508,1.6109858439107634,-196.10488120653412,2.0241350141981433,-143.13874709556865,-37.20219475555672,19.584013950472755,-146.5996543660173,-390.05639559820054,17.46616648472034,-144.95467542297243,-839.0158173221585,18.5874532984852,2.5154014962152234,-195.61594351488566,2.459816210231862,139.30535847590912,-160.34730770529785,-23.014469356553196,139.00879288153726,-511.0789915511663,-23.306178028488404,139.6719194553595,-959.8470535600346,-22.647779192011782,1.576619277230153,-196.55361313327313,1.3446494586249056
39,0.39,-0.0086792040203435,701.6337025285078,-0.008679204020343945,0.391060612567542,552.0337952269447,0.3914134944165357,-0.269744276210115,301.5495369765331,-0.8094718129854692,0.5230370125324182,402.1720640529693,0.5298722231764696,1.3583770810722848,203.0007588136005,1.4579696742104447,1.413208673424773,103.05559040595291,1.4132086734247724,2.5718226789055896,999.6356832349217,1.953062724846623,-220.95175276328325,519.031422668596,5.390434445968164,-384.8809863821763,358.19930761660885,18.566403528281523,-468.8448361611066,183.12922886596428,16.96317380833966,-516.3936572238875,7.03328678936545,11.587507384704775,-24.461307551783907,-184.47858751014664,15.293808070603825,3.7576633587799284,-194.50473851349187,3.8069383150664953,1.3929938260018793,-196.96462444146994,1.3929938260018788,3.139476844868913,-196.94036966107524,1.4165595726770106,1.7758628359981954,-196.58175543147368,1.7758628359981943,181.77021806422584,520.0448564466453,6.274695495933603,378.89528972312723,381.7152145238532,14.145522804012646,439.19360376695766,239.7682301300111,-19.102516601767498,490.6446254789016,75.49953092779138,-16.20122900548862,-19.53407644465724,-235.96764994502354,-22.82349667245323,1.9384425754522918,-196.44161202593844,1.9135165186724823,0.5094902414822609,-197.8481280259896,0.5094902414822603,0.5126633329759291,-197.9444199356115,0.4463236397043826,1.5266089404565577,-196.23408774159606,2.116123214108758,-142.884289087234,-35.93246806069426,19.593226427411683,-147.12052835339037,-389.5144824939383,16.909088080242952,-146.0887965938789,-839.1338274426455,17.58089185391306,2.686435074874704,-195.67068753422652,2.605558960989817,140.12912057427914,-160.9535696889865,-22.303047965394878,138.91182796348812,-512.4700424097391,-23.50114037603486,139.844538992301,-960.9883795543981,-22.586787154761197,1.279335970266581,-197.0780482455719,1.1551714737866452
40,0.4,0.3100920052703493,701.4126476485687,0.3100920052703492,0.4994513851755902,551.602007028474,0.49945138517558973,-0.1888966168660411,301.3380189149909,-0.5598301171027051,0.3225221117542025,401.44489336465614,0.34357604274591474,1.7281098520175133,202.8306654953159,1.8409630448689327,1.2951396832232605,102.39769532652161,1.2951396832232602,2.678049552313191,1000.2635569965806,2.0523042306705626,-220.54749672132604,518.6104767775205,5.428195416440152,-385.03827080727757,358.1867631359611,18.2805406557774,-467.18848643604247,184.03692332349308,16.44332453380125,-517.4607357357047,6.90993573569851,10.752585923754369,-24.230665574392074,-186.67129289027895,16.464604366323158,3.5346775374191965,-195.3318545816478,3.4797598675251056,0.6769785654015201,-198.2204657913001,0.6769785654015199,2.5090367625326206,-198.05584565772446,0.8408865118222333,1.5459715880863263,-197.35147276861534,1.5459715880863256,180.93631552007227,519.4785076405076,5.9853724073018935,378.73987956603594,383.40219609387066,13.746871419875205,441.8004260997361,240.5934955828177,-19.16959968479567,492.80168010862417,73.44515233744448,-14.671928202206685,-18.9611298593545,-235.7699790721915,-23.703596492855745,1.7300992589400248,-197.17326558051604,1.7237969648188114,0.49896935572152223,-198.39847500098014,0.498969355721522,0.8696811272051674,-198.2827152272618,0.7457422634333084,1.519322490835219,-196.72538261193455,2.1542925275743823,-143.19781665057593,-35.578089506748,19.224632485184806,-147.90202179504874,-389.7147252387899,16.063991823560222,-146.99888439073834,-839.3755899542838,16.77447366000522,2.449748326558055,-196.44517886923808,2.358103683219339,141.44823511331637,-161.34607421167297,-21.07363229414195,138.9625709553847,-513.9918976209806,-23.498104910411712,140.00084930917015,-962.4300443126003,-22.51674007561158,0.7761773742591944,-198.12123108946196,0.7244179114842029
41,0.41,0.2734103411318767,700.7827541640963,0.2734103411318768,0.3472589886454691,550.85660281161,0.34725898864546845,-0.7345351038193451,300.56761736544104,-0.9330526360290796,0.108125817472632,400.661686680422,0.15863157236953956,1.983749758121364,202.49309358108582,2.0833423512595237,0.775297952299066,101.28464177526348,0.7752979522990657,3.170212561406304,1001.3318347405796,2.538117481939726,-220.4933404438509,517.7366142826372,5.086386904035956,-385.7421571711216,357.52632821092334,17.254923784105344,-465.50634016748927,184.6856072768814,15.833632394495558,-519.1114426722329,6.124505322389544,9.128948284865341,-23.91840670221587,-189.06035867234516,17.420933128052894,2.382447213475868,-197.10039312589078,2.26538127257302,-0.5783878676181933,-200.06904404465377,-0.5783878676181935,1.5362735427954366,-199.3142332567407,0.17177887667751873,0.7365316240290377,-198.75430443962762,0.7365316240290382,180.07248176307607,518.7853219430297,5.549342832267232,378.4613124312534,385.17115098125237,13.3578516353605,443.78962923879516,240.6446220870614,-19.822467430406427,494.6874782248656,70.97130245853442,-13.381853940128146,-18.297699091444986,-235.7361088129123,-24.51411980926717,1.7018142736801993,-197.79008289864845,1.700573278387162,0.3572248203071907,-199.1334313567284,0.3572248203071905,0.9521720492601946,-199.122702854175,0.7718420665346055,1.6506505724478995,-197.3202010465041,2.1369731864347483,-144.29718618758716,-36.099026385554744,18.36276719159524,-149.0592861042726,-390.4707756860432,14.873150997178712,-148.11088059572947,-839.9095726690035,15.74124571659916,1.6399131082359477,-197.8407875042945,1.559036994351061,142.53604848592323,-161.98850379914944,-20.051965413360836,139.1458817022859,-515.4454348917857,-23.291220684424864,140.0395859507753,-964.0731623923748,-22.531430294711946,0.16842547451721912,-199.32223070251834,0.15162163721817556
42,0.42,-0.11763751425229807,699.900831424236,-0.11763751425229785,-0.24546983332521966,549.7729991051631,-0.24546983332522032,-1.580756015914686,299.59124269636914,-1.6634684398978539,0.036775997627214826,400.1247297585632,0.13113317004042527,2.15178247549878,202.17025141398705,2.220231397009629,0.020984885189193447,100.03945382367743,0.020984885189193392,3.8391192998480084,1002.4756214995282,3.201321212298134,-220.31586853078497,517.027541735818,4.839097268598737,-386.66169105770337,356.70336858432165,15.82092122515817,-463.72857207877973,185.506386351978,15.21266823175394,-521.0682569518805,5.097989747382068,6.989666960140761,-23.930044091587433,-191.88981730229642,17.753852466838605,0.8658857697570663,-199.1141062620662,0.7259152052406976,-1.805642155062564,-201.78717321657433,-1.805642155062564,0.6361296909080988,-200.31558657004484,-0.3576399080489773,-0.3092460298367179,-200.29195009946642,-0.3092460298367178,179.2344194699688,518.1757298583622,5.115245308172897,377.5867985939593,386.7421796709656,12.502620197615979,445.1595156506234,240.08226043656185,-21.052867433560273,496.05880266874493,68.0126274079196,-12.562847557030588,-17.28155557358333,-235.51224697461902,-24.97998798023867,1.9068516419612784,-198.07486973234253,1.90666132916926,0.2579661850816952,-199.7235648764301,0.2582972326145512,0.9272544300891457,-200.22889697115127,0.7229137891220773,2.022589518617103,-197.70427495630943,2.227098044886424,-145.9922366281391,-37.15247486470053,17.09340402927635,-150.25685558030204,-391.196316710061,13.67435745517741,-149.5413090284257,-840.699383592637,14.363671405314903,0.4838511522401084,-199.46701461174246,0.428365839732383,142.95642407930902,-163.15850575584005,-19.673495045299592,139.5590995606551,-516.5775054721419,-22.782635653158888,140.1004927754059,-965.6510213565243,-22.476802396904876,-0.3163785474926448,-200.29790960900442,-0.3206272229233036
43,0.43,-0.5932423083766611,699.0505808295646,-0.5932423083766608,-1.0076700728730912,548.636153065068,-1.0076700728730914,-2.088358727724456,298.86258488895976,-2.1151639331891507,0.2607263893193569,399.9652261715935,0.3980152650882275,2.3056741231687328,201.9494972611099,2.3423121906772133,-0.45310082859018797,99.19078841228014,-0.45310082859018785,4.310423774185778,1003.3066987467087,3.6675802343231187,-219.59997260741048,516.8881865945166,5.102143569207857,-387.1561698809706,356.3715164866928,14.618871857275495,-461.71519258398587,186.78734800094648,14.729539068003316,-522.7453055709718,4.418914476292309,4.917815327769144,-24.32019587482637,-195.19289398122896,17.40761373517547,-0.2304058749021115,-200.58634671911415,-0.355051635627073,-2.355449395213967,-202.71162625727288,-2.355449395213967,0.17684079478668813,-200.79753987029818,-0.534704413655815,-0.8805520606128618,-201.24268594942856,-0.8805520606128616,178.54279734107848,517.7833507079606,4.948241391084852,375.9816967676795,387.9258097220514,10.985902942206518,446.24304401961285,239.26010504997495,-22.518014127621974,497.1300704654334,64.81997183867234,-11.990476903988691,-15.613591672975593,-234.70270344409508,-24.78878966665853,2.306392674129571,-198.04978418792933,2.3064980840321336,0.40403594999895953,-199.95214091205992,0.4057916757999076,1.142993738946482,-201.21334894360365,0.9626637562208935,2.6643699610012384,-197.69342766147196,2.598588986986602,-147.85585683575178,-38.3008111551466,15.636618369601832,-151.04431621699572,-391.34997862649425,12.894185395959395,-151.00680553073704,-841.4506017197789,12.924063662115897,-0.4898226363580158,-200.77243727379198,-0.5189233869866601,142.93056082962838,-164.61819292637546,-19.71737779866341,140.2526973128755,-517.3015367913406,-21.967433644187942,140.39627881042176,-966.9027032290155,-22.124063078909387,-0.5824231239863298,-200.93866656807023,-0.5833263198077965
44,0.44,-0.992736446347572,698.3902495546267,-0.9927364463475714,-1.5526154060504447,547.8303705949238,-1.552615406050445,-1.9374102651270029,298.59910550964287,-1.9441456870067841,0.732257486545133,400.087028975513,0.8878261637459124,2.1974310083690973,201.5804170093434,2.212704027187801,-0.28174536957762647,99.10167167664122,-0.28174536957762614,4.449355050600662,1003.6927350831863,3.8021340802689068,-218.6037544439323,517.0306693936368,5.618167360107368,-386.9173468813535,356.8359857822314,13.949682173607538,-459.5629571159561,188.44055508203758,14.29694391370016,-523.8419839508989,4.3753302813875,3.212897401736612,-24.78440943349158,-198.65834619497502,16.68783647049824,-0.5547629991091981,-201.17177699813493,-0.6405929066379565,-2.064331326102416,-202.68134532512815,-2.0643313261024154,0.2577994198381136,-200.70647787563158,-0.37719342217521556,-0.6330880591576571,-201.27366255604713,-0.633088059157657,177.94911324511136,517.556374968526,5.071946684734449,373.86926228720074,388.7460310717747,8.936749057888003,447.3091218537278,238.4516753001352,-23.939333568656146,498.36505111640014,61.87763789925472,-11.191205903960167,-13.273691458383425,-233.13400078081244,-23.906770395229508,2.5351129553218765,-198.08190104370388,2.5358003142299785,0.7007361935083831,-199.91627780551738,0.7090712532611109,1.6710656004040283,-201.74587201803777,1.5471267366321704,3.367130328333818,-197.36668687544105,3.164740197172273,-149.59907014642278,-39.26068448784613,14.147443424981592,-151.31985259390714,-390.7911196644611,12.615142939920936,-152.24613626208122,-841.9072678229467,11.68227905895045,-0.8612208085858082,-201.34080247883634,-0.8703128955196417,142.98533755780235,-165.8402909465036,-19.65974241549558,141.1102472615786,-517.7164603872745,-21.036915432816304,140.8898292361924,-967.8021061023005,-21.51149591124382,-0.7121043251943571,-201.3295524935619,-0.7126667934171728
45,0.45,-1.4283515331064405,697.853029127715,-1.4283515331064394,-1.8077227297265994,547.4736579310947,-1.8077227297265996,-1.4321003113750477,298.6420889957422,-1.4334434744170914,1.1564625289769208,400.2317798652869,1.2937514047457914,1.4072836302831901,200.68866429110454,1.4122420535266933,0.3855690214256905,99.66913871062286,0.3855690214256905,4.499034878037749,1003.8314477299622,3.848114619338479,-218.04817610272383,516.7839778052479,5.666983413023473,-386.2097577909351,357.8770303999937,13.522350889270315,-457.64591003572673,190.08961253529145,13.550593813103184,-524.6054384949421,4.75657169724936,1.6284013174128726,-25.00274745242944,-201.9099416265201,15.917903245990715,-0.4094911401122775,-201.12811047929102,-0.4554325790257735,-1.4075558366995735,-202.1261751758783,-1.407555836699573,0.6968282350418823,-200.1862324867995,-0.15894640312643205,0.00902888449567274,-200.78216189717176,0.009028884495673184,177.20812972560145,517.2941570749648,5.1674352888438415,371.60954874127054,389.4033963562934,6.667425949248294,448.3871885532034,237.73902504688982,-25.277917267734786,500.0536989848175,59.54544248518192,-9.864283935722804,-10.614953734780162,-231.00864746959786,-22.67317955717961,2.1511512931207104,-198.56746804605802,2.1546419896849898,0.7258587484375663,-199.99276059074117,0.7558727101661813,2.166317265083381,-201.73760470151487,2.0999775718118356,3.7012181169801233,-197.04522090326452,3.525354708943388,-151.2531378844211,-40.02081543907387,12.586507674266157,-151.42399849100212,-389.7955935369872,12.492438023216522,-153.31691129391086,-842.0844321126644,10.57843500028202,-0.6321350248630638,-201.1507915055828,-0.6230676681595593,143.3181489842678,-166.5791559008273,-19.310375782374344,141.938867025541,-517.9586033517303,-20.22382566841435,141.26789043889812,-968.5736828430789,-20.989158498880986,-0.7789666894186551,-201.49979092244814,-0.7811344525537498
46,0.46,-2.025832838733817,697.3370049311447,-2.0258328387338165,-1.9216930055426071,547.4411447643358,-1.9216930055426074,-1.1636263222252126,298.62357133621174,-1.164108119642856,1.2106628696321886,400.16828330832584,1.3050200420453995,-0.11970982210947967,199.24312794776893,-0.11845613638076324,1.0347295395801328,100.40622508463358,1.0347295395801333,4.787327961471842,1004.0268888268797,4.133396325240299,-218.2849928841738,515.891066576683,4.897645596600363,-385.5029263464562,359.0477371046348,12.810260654276544,-456.2327275807156,191.4481400817142,12.23183180958225,-525.5215314813518,5.092928697520777,-0.31914404323204193,-24.87695141951981,-204.8131201038641,15.201758982506172,-0.3248787135589641,-200.96204094368056,-0.34402995457138064,-1.02026473868648,-201.65742696880812,-1.0202647386864798,1.2144575109316742,-199.47993441588255,-0.13872689155172147,0.24605346092753144,-200.56519860962783,0.24605346092753183,176.16964612251587,516.8695526123097,4.9384450659930454,369.5107518812732,390.1935247565384,4.532163157575984,449.4280837777976,237.10414500162733,-26.573690094183256,502.1071710469256,57.78659708922046,-8.08426989992066,-8.109365863045412,-228.75748529470224,-21.546072243204105,1.1360156509339494,-199.5011465791877,1.149821623662108,0.13834697718267616,-200.49881525293898,0.21912173775277863,2.227856196743616,-201.39735805158745,2.200201698221587,3.326245612882838,-197.0617774977756,3.2821131825773566,-152.93374336917134,-40.67577862836776,10.890460510744415,-151.792950836177,-388.80698296951823,12.099354260193369,-154.4073186978083,-842.1493143279633,9.420637127932993,-0.1064107261671261,-200.51698535255514,-0.06709662753607631,143.66821287333158,-167.06891322732903,-18.938375532314033,142.6667532173412,-518.0703728833194,-19.563826020788426,141.28397357536113,-969.4352894726844,-20.86054790407593,-0.7528306283887225,-201.39871338285596,-0.7613090300537337
47,0.47,-2.5864547371231295,696.9751993094451,-2.586454737123129,-1.8520669983055416,547.7095870482626,-1.8520669983055418,-1.3884494692626765,298.3501040975205,-1.3899552380989726,0.8484359340015846,399.89450365952297,0.8993671586069624,-1.812693517328739,197.74896052923933,-1.8124466519717175,1.2603804693402523,100.84870234087654,1.2603804693402527,5.329856489808084,1004.3604014050859,4.673610798532153,-218.84678724414795,514.8630844205114,3.7784117416557628,-384.9624436160086,360.1111060541388,11.583168345233844,-455.11093940643855,192.64495449396406,10.563373417480411,-526.7604758792407,5.142130116225367,-2.7957972190336573,-24.42731145485722,-207.43988126179343,14.526986205065505,-0.47205918835944505,-200.9104051417914,-0.47827668600710016,-1.0617333349386717,-201.5000792883706,-1.0617333349386713,1.6571886477803854,-198.77621927838936,-0.23694961368379341,-0.33945802797595737,-201.10304662202822,-0.3394580279759569,175.07208333849152,516.455060650627,4.529394596306138,367.82229926598905,391.4610777659934,2.872853805494646,450.5860695759569,236.6430132458159,-27.663423646866324,504.2318063447631,56.27510745460984,-6.1256278169889615,-6.031259769191497,-226.74525518996302,-20.785896154384908,0.04057278993008695,-200.39777316350188,0.0830981797430641,-0.8871937061700352,-201.325539659602,-0.7293858904706313,1.8225508700645903,-201.04787282728,1.8135727688858565,2.357652304003743,-197.4589196834638,2.4573128391029,-154.51265815441855,-41.16577638865639,9.233589291752043,-152.55528166646712,-388.1510092744451,11.321286703430587,-155.48691087786813,-842.140021308685,8.23529161653273,0.47440790153508394,-199.76397519343786,0.5709592966230517,143.8038307240098,-167.60414867572882,-18.773448304944875,143.39881812567185,-518.0091612740667,-18.876001111890275,141.0587142621829,-970.3461924786775,-21.029360513593872,-0.5623967147354624,-201.0276037741882,-0.5880282203257085
48,0.48,-2.669816372868966,697.0955539459117,-2.669816372868965,-1.3367141068683177,548.4286562119123,-1.3367141068683177,-1.7865571169294219,298.03624406756353,-1.7925453174354904,0.3444732075918646,399.63132295376624,0.3683015495936899,-2.8874471665778643,196.8779231522027,-2.8874093085492225,1.045681892155039,100.87502499739561,1.0456818921550395,5.804620946131866,1004.6224621454659,5.146767571468947,-218.9102696392141,514.4662207574318,3.1334415378795524,-384.3667151211587,361.15844132738545,10.077189778600628,-453.726305971111,194.1187985715456,9.109890496021375,-527.9698358659837,5.13916744151085,-5.443213126161301,-23.64923009319697,-209.88266003514178,13.90816913234925,-0.5495402719048008,-200.78416995312426,-0.5511123014969505,-1.1332353039196839,-201.36786498513916,-1.1332353039196834,2.0196995805947027,-198.15865296640973,-0.10827945385454019,-1.461632272985496,-202.16960358447022,-1.4616322729854958,174.3858465745681,516.4097228351657,4.406694602274477,366.7255695113482,393.4772781705384,1.9297923664001697,452.22767949719605,236.61719216152085,-28.171921735226825,506.2448301360199,54.74731440578864,-4.153899724915051,-4.410804810846242,-225.13473205633096,-20.40911705420635,-0.45873073122593555,-200.69336041244543,-0.3567176242372646,-1.7351650105000858,-201.9705886949834,-1.5266065798226855,1.2636589328431103,-200.8354242013179,1.261388913369985,1.367225652671007,-197.93255206815383,1.5507798266846227,-155.67779496325826,-41.293950186147775,7.9500175162043325,-153.4946253793771,-387.91284771146616,10.37159096249248,-156.27841273773515,-841.8945667639314,7.299410181271984,1.0535186574962898,-199.0436786949479,1.2342441984118242,143.92255119293236,-168.09697717953938,-18.59453275207098,144.23020801978856,-517.7893203526833,-18.014571428104173,140.9968082749916,-971.02940725801,-21.04736945155763,-0.15837472641866102,-200.45744085124,-0.21750721691004515
49,0.49,-2.0573747622429073,697.8448170349675,-2.057374762242907,-0.2975246034583643,549.6046671937521,-0.2975246034583645,-1.8268953338074079,298.0898172602765,-1.8453485752601557,0.025224890244992082,399.59089969781934,0.0461497225797608,-3.027495031191662,196.87500611503435,-3.0274950311916613,0.6234420006237503,100.64515069752372,0.6234420006237505,5.9135736691867065,1004.586834658619,5.254827664235572,-218.07983470804106,514.9706844547817,3.3592390553935507,-383.45306237155125,362.3434355206034,8.733703163472798,-451.69114707032134,196.18827315760103,8.269643365482649,-528.6211412093395,5.537133166552492,-7.725281054056257,-22.55032328019258,-212.2041098014219,13.349703991256732,-0.19969565350701068,-200.29750385629666,-0.20000520448747094,-0.8043940598637196,-200.90220226265336,-0.8043940598637195,2.2550137969986466,-197.72924913326432,0.3805765439069797,-2.4712673578890083,-203.10606891656488,-2.4710550312644117,174.30250558666322,516.8609593359182,4.807044472472102,366.1427868348438,396.18383392548736,1.6265747520446145,454.5542921716615,237.1637921122167,-27.889480352197797,508.2215993202824,53.21607969700394,-2.0988750941608005,-3.187198953873292,-223.94043087282427,-20.341568788272284,-0.15803996884740568,-200.255848171637,0.032545605889279405,-1.869908106605846,-201.9728938610603,-1.727622333681373,0.8831248091491058,-200.6318499861698,0.8826778158119066,0.9176740622390516,-198.13858145487916,1.1100117920175556,-156.2693875630223,-40.975106424078845,7.206369379014087,-154.35085024913946,-387.9993981006386,9.471122893695064,-156.57272813880058,-841.2784469998571,6.829635049736698,1.5774111643168562,-198.44683481384783,1.8404100060656972,144.45750557780008,-168.1832975400078,-17.93251658182444,145.04832977120935,-517.5927538580437,-17.088136854794655,141.43886353791612,-971.2317094266552,-20.4870216161006,0.4359971981769898,-199.78219412988312,0.3334679785160036
50,0.5,-0.9895630526762463,698.9786832729603,-0.9895630526762458,0.9443081633737109,550.9125544890103,0.9443081633737109,-1.2872617236807633,298.6838439163935,-1.3315303801793403,0.013104466421887062,399.7992958147478,0.07055821310207883,-2.58139520506509,197.3888683295475,-2.58139520506509,0.20310758097993853,100.34524996956657,0.20310758097993864,5.6651641819451815,1004.265856555195,5.006248908432278,-216.59857125981407,516.0218348584417,4.213641422211535,-382.1641123380499,363.67754657164636,7.884375982862444,-449.06916860164245,198.78958407845587,7.989614235155294,-528.4552374715344,6.589147228801215,-9.373513612659746,-21.182656989840325,-214.44219501157775,12.813299135064224,0.5870594642920857,-199.44469421007142,0.5870119931117408,-0.08701699773425758,-200.11877067209775,-0.08701699773425747,2.1982048004577037,-197.66711697282895,0.9104605551893914,-2.8809425272576874,-203.38977544408178,-2.8795579837442657,174.47634328849907,517.4836376044091,5.442188267436073,365.6141841679711,399.0886195407272,1.4770380445655462,457.3230905844482,238.04365896869803,-27.050960781112906,510.3497710290753,51.837333102161466,0.1847633888970952,-2.2415122771819265,-223.04242958135168,-20.45146828003892,0.5652520330903981,-199.4665016412731,0.8425524080823504,-1.222597156002526,-201.28064460730667,-1.2958598757010886,0.8548178528363933,-200.202137540863,0.8547493041879872,1.0732170974931852,-198.0397210202862,1.2430199416943066,-156.42150893598483,-40.349941186786324,6.86959473720909,-155.0518974334329,-388.25374738351695,8.63152059212207,-156.47589414631435,-840.4043263971159,6.732043508637309,1.9093247553345065,-198.09176362149975,2.2073414860205722,145.60211215460302,-167.6708403410951,-16.575686006976994,145.60004728802005,-517.6747343720731,-16.369458022296275,142.42563420351928,-970.9389180935016,-19.236930435918364,1.067785202933008,-199.13912488516397,0.9431599103640989
51,0.51,0.1196122531090954,700.1115836669178,0.11961225310909562,1.9222173248660346,551.9141887386747,1.9222173248660348,-0.38500064947590434,299.60740925440365,-0.46770563821649697,0.21070970421596158,400.1264091916885,0.3826967404713544,-2.112656689147362,197.88955895712746,-2.112656689147362,-0.11707459475122581,100.07194687378379,-0.11707459475122567,5.287164218459257,1003.8588774321174,4.628810969001212,-214.91763410235052,517.1278248732824,5.246445626848006,-380.5521703191815,365.14455641341715,7.618290503631574,-446.2457780058305,201.5699153713166,7.895151647240315,-527.5951511488431,8.199883100035656,-10.499965566153149,-19.553499987912293,-216.55668210113316,12.306861449469247,1.4918438554758013,-198.51618473071557,1.491843855475802,0.6534625788727773,-199.35456600731857,0.653462578872777,1.7806642572357991,-198.0386421874192,1.09146689432735,-2.614453015798971,-202.96296707939024,-2.6074217236626085,174.3306832570277,517.7805005891278,5.802434971231281,364.5474371823325,401.55768444365486,0.8650759990428396,460.0938419869083,238.85251134687223,-26.089040768176872,512.6127250547984,50.58553930614215,2.628585095381944,-1.3065969242356825,-222.14228677297507,-20.459726917978912,1.2214577570075345,-198.7865708291838,1.5356802479645162,-0.1015786629395935,-200.21360115426654,-0.4319488725104757,1.2079532748511919,-199.44771973435616,1.207953274851192,1.3937642932358547,-197.90894344392996,1.584360662273047,-156.41323012003963,-39.67178892994097,6.660578987475685,-155.68206482429022,-388.5517121539729,7.737960484023236,-156.28390800012505,-839.5424668100263,6.71650735389119,1.9971014378487126,-198.0009715838375,2.260100279597553,147.1028732108892,-166.78182657678644,-14.794797261792981,145.7807296640923,-518.1134272166078,-15.984557860976993,143.78008892127693,-970.3224455115043,-17.472567190600493,1.5058514298118117,-198.70069003237802,1.4322390944159977
52,0.52,0.9958213272508762,700.9942404048945,0.9958213272508765,2.3642310514837654,552.3626501291275,2.364231051483766,0.4570940676136699,300.4555131452573,0.33675898649615843,0.4024582938598654,400.37605720901536,0.8142695839968765,-1.9161040973416934,198.12283170567287,-1.9161040973416934,-0.3161349042779405,99.85618023631577,-0.3161349042779406,5.025244863003964,1003.5865311640063,4.368192478610302,-213.3287292333312,518.0192157793895,6.166921924640333,-378.7281327835033,366.7694215194743,7.697628982426771,-443.70621369630766,204.07313754199868,7.511800776625398,-526.4375507928349,9.998401506112309,-11.488763288747853,-17.648517143120394,-218.48816303472216,11.859500677914049,2.119219249665706,-197.88236167269073,2.119219249665706,1.0830434478060678,-198.91853747455036,1.0830434478060678,1.1896764015137606,-198.64537635769994,0.9023761968546424,-1.9802145497620076,-202.20283655522607,-1.9524052499014246,173.54069652122752,517.5097690869965,5.626189520524669,362.6021803364283,403.2209429060928,-0.5627510763660906,462.57135479578335,239.32767305006803,-25.291787288065173,514.6118658548015,49.10197745733787,4.834451290286822,-0.056854775082296694,-220.89548687048068,-20.030376831530912,1.6081963556866699,-198.39321309893757,1.8856681984107995,1.1143242523396595,-199.20758044880023,0.6527707260883187,1.7826287871125897,-198.55440327454224,1.7826287871125899,1.3462641618732543,-198.06362012344545,1.6624584663350443,-156.54460671941422,-39.21829181341573,6.278850770649093,-156.39092029621688,-388.90248296509833,6.6704878767987354,-156.21857854394403,-838.8922636379457,6.554436206209106,1.9496229090503807,-198.04944085240055,2.1303791933188023,148.40303117003492,-166.0447619505964,-13.181562106973962,145.76409072923133,-518.7215365277644,-15.78183117664419,145.28664937214833,-969.5625182052473,-15.492207680899494,1.577181886628959,-198.5997814397395,1.677531736185858
53,0.53,1.4510419489274387,701.450799506632,1.4510419489274389,2.290838863689724,552.2905847919503,2.290838863689724,0.871335645989491,300.87109320369404,0.7349781349715117,0.35376530626017977,400.3472341490527,1.1230325852401544,-1.9755645009521412,198.14899335690296,-1.9755645009521412,-0.4409917873022114,99.67828267009185,-0.44099178730221134,5.078140345133415,1003.6353979724519,4.423134828115631,-212.02685913662862,518.5422621748828,6.781067107827599,-376.98500371755745,368.4421268576216,7.569506496647806,-441.8662343865325,205.89959656882257,6.434573828834855,-525.4708866593627,11.510488431599956,-12.8143269474655,-15.606852949851922,-220.3432247984694,11.343027958832186,2.166024082221896,-197.83421836007363,2.166024082221896,1.081905639457609,-198.91833680283793,1.081905639457609,0.6632360778035655,-199.22255936312214,0.5699633574884242,-1.469156980612106,-201.65460104146788,-1.3834983066249233,172.2164102291801,516.7853331022956,5.0162277685337875,359.8016731966464,404.08332540915535,-2.7895596643365526,464.548578927049,239.28164634857563,-24.859584339245345,515.7931927921735,46.93034176032229,6.319678512793442,1.6265128696970677,-219.17980814495178,-19.03644626980458,1.6996532532854665,-198.29947107894355,1.8913569380886526,2.1095711603312153,-198.65908808095807,1.7013544073745557,2.2029704288287073,-197.93539005967136,2.2029704288287077,0.6822350013140184,-198.6584984629387,1.226897520573059,-157.13428039539792,-39.29848782152504,5.405438467877536,-157.32111024547135,-389.4326842262691,5.345974440278235,-156.38683269828294,-838.5508194558008,6.12588506543911,1.8424517585609355,-198.1572950253639,1.9392036254922351,148.95839213506304,-165.98635793578478,-12.302680624201425,145.79156502879073,-519.2719091935919,-15.551309194322071,146.70003432865713,-968.8173845459928,-13.652497723149567,1.2642097402033596,-198.8575635006954,1.6810965209346436
54,0.54,1.2882156456156162,701.2882156456158,1.2882156456156162,1.916084973507385,551.916009140007,1.9160849735073855,0.7074026639641563,300.7074026639642,0.5870675828466445,-0.06666870133465833,399.93209297727725,1.0526085851279092,-2.1712906228322266,198.1280897338787,-2.170982757494201,-0.5532160328959908,99.51075675356407,-0.5532160328959908,5.55221854276711,1004.1078462412206,4.900012665222397,-211.23117872851577,518.5076140794965,6.870747096670234,-375.68627149177775,369.8903358881231,6.70604312371728,-440.8551821949418,206.92775660986348,4.5448468080514,-524.9789657648764,12.45977087270344,-14.745574268186274,-13.69830755492126,-222.3677231807675,10.491525219914152,1.5194271214311432,-198.48057287856886,1.5194271214311434,0.6759153663687791,-199.3240846336312,0.6759153663687787,0.21424620506899267,-199.72449625152552,0.1906631681649033,-1.4055703779026265,-201.63951079630925,-1.2000859011607912,170.75301474454926,515.8599259921514,4.221501385456538,356.4147656017025,404.4005916540571,-5.5506191544227725,465.7890909650637,238.4892976932107,-25.0226742574405,515.9201957238888,43.93072804201467,6.9263600266635095,3.5575339588723414,-217.16268807978554,-17.657036741830602,1.391723293947162,-198.60259847460543,1.499414632383213,2.5927205730439384,-198.8428710052991,2.336285129885603,2.0996877428331073,-197.94482787256283,2.0996877428331078,-0.4567004519811415,-199.6386273046293,0.32408750915914764,-158.41290744205526,-40.14150030633134,3.8094462015394317,-158.46357765990828,-390.17886270514146,3.811869957680986,-156.9115914952627,-838.6387454194529,5.299500027460196,1.5682849186613939,-198.43163906966555,1.6086170973180411,148.58642615356808,-166.77425502110214,-12.341698436858179,145.92803284871047,-519.7261017502892,-15.261381106163883,147.70758360853443,-968.2891288091892,-12.297173986940503,0.7217272637721169,-199.3472483159136,1.5519354140439334
55,0.55,0.49955159095983825,700.49955159096,0.4995515909598387,1.5056736428191746,551.5052885285262,1.505673642819175,0.14561206572947083,300.1456120657296,0.06290705461496315,-0.7902057109300658,399.2096043863346,0.4781016147778274,-2.377123609195071,198.18219253196463,-2.375116075012391,-0.6085360684846035,99.41813175648366,-0.6085360684846035,6.331766058340358,1004.8873220415338,5.68311896638027,-211.01977192869117,517.8511760391477,6.358918878779777,-374.892468950547,370.9726735527844,5.046335306096241,-440.36205956144397,207.4730963848371,2.1642427719212383,-524.8012271265835,13.012733004846885,-17.107114783860563,-12.004367576070432,-224.62764111777102,9.22636842414705,0.38728336341546954,-199.6127166365845,0.38728336341546954,-0.0034054127105787035,-200.00340541271055,-0.0034054127105784815,-0.2688183607809165,-200.24328271722325,-0.27346213608410297,-1.6519713054544587,-201.96382186178778,-1.2680757624664487,169.61622096901206,514.9734273321499,3.4809313024253177,352.88547221155807,404.6046312747788,-8.406242641863976,466.29510440967005,236.96083611547385,-25.773172199575264,515.2939629567528,40.43522825653627,6.972027087283767,5.447351062682975,-215.0686657408936,-16.17174845224484,0.602951310251146,-199.37459084872393,0.66793454108901,2.370860205918868,-199.71791321546846,2.25164704477106,1.4443585935167225,-198.56689671668693,1.4443559233039471,-1.631397825299252,-200.73952414257894,-0.7489513139902014,-160.24609384857976,-41.614467299187844,1.625123092334374,-159.59901185622994,-390.9647648418969,2.289442174343423,-157.9052889351139,-839.2663548449958,3.9622392896403484,1.0166915883239085,-198.98330841167603,1.029785529638726,147.63304000945848,-168.04199115716858,-12.943457337773406,146.12783670195267,-520.1220784043759,-14.953262645591064,148.1035160629692,-968.139548840774,-11.543929390051012,0.22401384728596851,-199.8168287821798,1.4238643672559606
56,0.56,-0.5330267825540103,699.4669732174461,-0.53302678255401,1.2512231049231048,551.2496999483469,1.251223104923105,-0.3677701843302703,299.6322298156698,-0.4120389867251007,-1.5716104564247808,398.42838954357524,-0.45233316996221323,-2.439982514270085,198.37381766917457,-2.429787414458973,-0.4623520007137574,99.54630577446135,-0.46235200071375737,7.065707956866678,1005.6225204661403,6.421384770763028,-211.13050994600763,516.8404546219393,5.5087707089149855,-374.2755071113536,371.85206072640653,2.9970655543304274,-439.81043275397667,208.11573254504034,-0.12031105614123005,-524.4312754997056,13.683194598822329,-19.38350257690336,-10.223210401793526,-226.82069064886923,7.8744277569755745,-0.7093132246379504,-200.70931322463792,-0.7093132246379502,-0.6683817108823237,-200.6683817108823,-0.6683817108823237,-0.709437903997767,-200.7011477402727,-0.7101500500054221,-1.6977010489677395,-202.04444332589992,-1.1391363298099924,169.18660717638332,514.392869429086,3.061185516061624,349.790855737887,405.2579760702995,-10.786361598278297,466.5317554426649,235.1686208513194,-26.64080325816587,514.507290267443,37.01026523638608,7.009496032310499,7.142998858346483,-212.95900162373476,-14.718281190106016,-0.4393399869777948,-200.37016496666257,-0.35635899393445825,1.565617733710165,-200.80127263754196,1.5238011761817896,0.5838361002278877,-199.41838020175922,0.5838186882533644,-2.322215063876475,-201.54195547835636,-1.5438117984714146,-162.01612585205777,-43.10191360892123,-0.5298632568323604,-160.51084580571907,-391.5960317372178,0.9797750082886529,-159.27522068877767,-840.3319065973627,2.20998094696849,0.31993854239376635,-199.6800614576062,0.3232492092232954,146.757001873754,-169.1088533899077,-13.441360841168866,146.43641838975878,-520.3295564209204,-14.499135418204588,148.03639166632502,-968.28840870921,-11.14779379052396,0.03470423985620319,-200.00755621565375,1.375891603890361
57,0.57,-1.2280866953483962,698.7719133046518,-1.2280866953483955,1.2111576911578044,551.2064660386081,1.2111576911578048,-0.46269377355913277,299.537306226441,-0.4811477559341908,-2.08739633168669,397.9126036683134,-1.3181290527067155,-2.192325500002342,198.72983091897345,-2.152003098051563,-0.041131953735467686,99.9610570746405,-0.041131953735467575,7.387422555077453,1005.9468317011793,6.7481939654996035,-211.07630803069256,515.9642471518621,4.808120320541147,-373.4198815433888,372.8385458048044,1.0445133927809078,-438.7668582892384,209.29234126620648,-1.865048494053858,-523.357575286551,14.99555841703562,-21.071035767592104,-7.889597097833811,-228.50441391735973,6.970907230380369,-1.2523699921149467,-201.25236999211495,-1.2523699921149465,-0.9349478405580962,-200.93494784055807,-0.9349478405580962,-0.8135655090927086,-200.81146943785092,-0.8135655090927085,-1.101329062556377,-201.4028903994357,-0.4689766729528093,169.63826754850476,514.4058756857681,3.2497488544472097,347.62831024207316,406.83654332090475,-12.207666932578434,467.08480528889845,233.7052068254555,-27.035081594831297,514.0615317920128,34.12647987564026,7.496445619731649,8.669031034006895,-210.75917055791365,-13.253903007339703,-1.2403249853152136,-201.0743827381214,-1.0708920415571828,0.6436917142873256,-201.44508170709997,0.6325057068095905,-0.08950706245220474,-200.08984694336993,-0.08959548775509996,-2.204805024937695,-201.66958316400954,-1.6698678399192786,-162.96528490896463,-43.848991396031195,-1.8977380032171673,-161.19530520406815,-392.0777077617307,-0.12690011415935742,-160.6966354770658,-841.490013963964,0.3703073031430706,-0.2124762300526315,-200.21247623005263,-0.21182432110118699,146.52554104806475,-169.40899329918366,-13.265188323798071,146.9733812081221,-520.0992273592597,-13.651901351310228,147.96812035917117,-968.3855705092016,-10.681679990076589,0.2877374493008409,-199.7771282853603,1.4600898724731153
58,0.58,-1.240178795122872,698.7598212048774,-1.2401787951228715,1.3268391082633157,551.3157903140058,1.3268391082633162,-0.17977936984427134,299.82022063015586,-0.18577050075492108,-2.0487086844275937,397.95129131557246,-1.6369495817678552,-1.5483496847788125,199.26545049866584,-1.4241479429011776,0.5302132466054658,100.5306442918502,0.5302132466054661,7.171440689715991,1005.7347978460198,6.5380825502355435,-210.50376076870725,515.5762356102016,4.610255673908179,-372.099508027667,374.1558106437203,-0.5453998019224147,-437.1924642414201,211.0447996037442,-3.0209837567715114,-521.3491396679249,17.20642867583647,-21.973975216169507,-4.780887552174034,-229.48303372477994,6.834661330291361,-1.1253687303721782,-201.1253687303722,-1.1253687303721782,-0.6064471987669461,-200.60644719876692,-0.6064471987669455,-0.37222429611245195,-200.37181155521284,-0.37222429611245195,0.13599094976534987,-200.06171976702353,0.6907451770964389,170.8517804550964,515.1194506421944,4.153470705900941,346.4682979922562,409.37831194079354,-12.624863288496329,468.1401169082276,232.76303924743144,-26.765608481927202,514.1863452861818,32.007609200675276,8.644109359654209,10.118189522100355,-208.4091650709483,-11.674870003559686,-1.457413598812673,-201.1473926663257,-1.1467053074176263,0.08178934408134875,-201.35380223426168,0.07949266269659916,-0.4470777295251043,-200.44707772952506,-0.44742745838230313,-1.333858892100953,-201.04752765028005,-1.047527650280068,-162.8217044465254,-43.589186844738315,-2.206472417702347,-161.76031767279324,-392.52117817109763,-1.1449540371666034,-161.87635951194562,-842.4236623663251,-1.2621681888317329,-0.39495520981349475,-200.39495520981347,-0.39485523633786035,147.21425056782616,-168.71802784909914,-12.14219716159417,147.72805429639754,-519.3757371028508,-12.358399038409832,148.30480814404865,-968.0813620998437,-9.886415902605691,0.9669892748415605,-199.12461587991214,1.7683836025002888
59,0.59,-0.6952925529850216,699.3047074470152,-0.6952925529850209,1.4421992050770016,551.4225152820354,1.4421992050770023,0.10163843804000994,300.10163843804014,0.10012364292214748,-1.3526257292691675,398.6473742707309,-1.1809789981134184,-0.6096810289073906,199.94963511225228,-0.3117365388494545,0.9974541523500238,100.9975202552794,0.9974541523500239,6.5941050003411394,1005.1627721901359,5.967397916381794,-209.41379135011027,515.6710882795063,4.909673470560298,-370.3572005372863,375.80820222011687,-1.7951347492609755,-435.3499258547422,213.11319111241903,-3.8409242348999673,-518.5964971334843,20.17031683594385,-22.324798933907083,-1.1418799103439163,-229.96377868780928,7.281582303181284,-0.6808318808757785,-200.68083188087576,-0.6808318808757783,0.09548131753631783,-199.90451868246367,0.09548131753631828,0.5218640453044805,-199.47807265882852,0.5218640453044804,1.578807894985248,-198.51354258538615,1.943352163739736,172.4110174913316,516.263678168235,5.5019643387207715,345.8098404768388,412.34690332578634,-12.567107175403418,469.44675012030575,232.09752534016872,-26.077479405940846,514.8311736390073,30.614026216539017,10.400869622342402,11.537428799325934,-205.93647731687082,-9.936402878060276,-1.1851742616540064,-200.73409646653352,-0.7339910566310107,0.01584105166499805,-200.7525757473287,0.015438076383961441,-0.571599822912787,-200.5715998229128,-0.5726770636312839,-0.11730160337709061,-199.99794098361457,0.0020590163854187216,-162.12103530924534,-42.87009665904136,-1.9914462872502467,-162.2146420077376,-392.9375132353439,-2.08505298574252,-162.77940096657665,-843.1032939892411,-2.6517041164514947,-0.3137850407224896,-200.31378504072248,-0.31378504072249,148.81922226189434,-167.12631907661353,-10.088324179899338,148.5161186808078,-518.4055210617252,-10.867232763818338,149.06543026761506,-967.3403356450932,-8.836544658057095,1.9232462680353,-198.1801305750738,2.3509940890406957
60,0.6,-0.02241910277047121,699.9775808972298,-0.022419102770470767,1.3210438972470975,551.2972687899418,1.3210438972470984,0.07832779942862267,300.07832779942873,0.07802951858437268,-0.2301509148148898,399.7698490851853,-0.1744253800311807,0.32929430289977457,200.62867465961068,0.885927891989718,1.155800991139755,101.15580099113993,1.1558009911397553,5.9876085266063654,1004.5629578047003,5.368337441018393,-208.04670307329985,515.9925675239404,5.4499482295468,-368.46067238025324,377.57015578811365,-2.959434101963249,-433.52653229167123,215.21272142827468,-4.602573390242718,-515.6620581907006,23.375680490222678,-22.656320822718584,2.4157974803979547,-230.3892375768565,7.68852553656608,-0.41166284656150176,-200.41166284656148,-0.4116628465615013,0.6964573741397047,-199.3035426258603,0.6959629133621799,1.5597937753932143,-198.44020622460675,1.559793775393214,2.680766834161106,-197.36867978342497,2.8097155366230853,173.7228352237454,517.2534636453479,6.708894491916532,344.87691458521107,414.95827697533826,-12.811330091083498,470.70478255113096,231.41483311944162,-25.260266985814685,515.6975607123375,29.659459729698835,12.469029015085853,12.868203395185827,-203.4465421801983,-8.10653120331946,-0.7684452015567843,-200.25711547587673,-0.25711547587678374,0.28592006233114686,-200.03440371645223,0.28592006233114686,-0.5035829975356569,-200.5035829975356,-0.5061671636809155,0.9002115773131771,-199.0610377029755,0.9389622970244977,-161.83654438217278,-42.68741797065348,-2.2255438692595773,-162.48609314445065,-393.2562954772872,-2.875092631537447,-163.52232980102175,-843.7120222710482,-3.9140823819342736,-0.2024941697578786,-200.20249416975787,-0.2024941697578786,151.02496643176454,-165.01065370771488,-7.44412320303677,149.21024625568745,-517.4417220340331,-9.43368415241885,149.95251307425295,-966.419409064153,-7.765209715778399,2.860744703505093,-197.23042628190683,3.0388138285616466
61,0.61,0.43291445577206733,700.4329144557723,0.4329144557720671,0.782610968020511,550.7749110246775,0.7826109680205116,-0.20133867655722026,299.79866132344296,-0.2013844194062011,0.8024793909675583,400.80247939096773,0.8165690126582743,0.9416775688836174,201.06647786903426,1.751574662097601,0.9849667484401128,100.98496674844026,0.9849667484401128,5.633260403485896,1004.216673232364,5.022214178926292,-206.64239002122565,516.266617596533,5.9568202773153045,-366.72544436433236,379.14874819352104,-4.3420775830858105,-431.84969392377457,217.21819448863818,-5.424073041560323,-513.1625539832551,26.21142971642906,-23.407446495662043,5.260658311682379,-231.14898947682616,7.37657248354106,-0.5522015792423987,-200.55220157924242,-0.5522015792423984,0.8834565108333061,-199.1165434891667,0.8802322215409673,2.424051753757781,-197.5759482462422,2.4240517537577806,3.1263286724104233,-197.01693280043608,2.9762405649158037,174.25885647224192,517.5021773132596,7.182477792784377,343.1449221979603,416.73689812672393,-13.82608934704459,471.82583746160446,230.63239836641847,-24.384124164510975,516.3480393211188,28.713781160805706,14.407645790542404,13.962770150134132,-201.08570416708326,-6.3398332973350175,-0.44670264137912513,-199.99437532737818,0.005624672621779986,0.7167538392780148,-199.38724006585755,0.7167538392780148,-0.17114398480841242,-200.1711439848084,-0.17597184276262468,1.3279186246662071,-198.6622836590248,1.3377163409751602,-162.64909902601516,-43.74709017620701,-3.5891360529496277,-162.60298217100075,-393.50745303909446,-3.5430191979352026,-164.11771567126337,-844.3643826863237,-5.06087236220757,-0.27527861892926,-200.27527861892924,-0.2752786189292604,153.16320728064767,-163.0275106438947,-4.906469664854097,149.9148297510376,-516.4606914324976,-8.036207166781665,150.72418683909882,-965.5344099281745,-6.767302427686001,3.3965702694591373,-196.66609057135128,3.4543393752590847
62,0.62,0.6356249603548633,700.635624960355,0.6352546031123769,-0.10801789509643078,549.9444527118787,-0.10801789509643056,-0.46338160296928566,299.5366183970309,-0.4633816029692859,1.2792563446479415,401.27925634464805,1.282030755658053,1.0746772717499793,201.11519399712103,1.9924109100687235,0.6436261306306044,100.64362613063068,0.6436261306306044,5.6477424173186455,1004.2406090380962,5.045713415619576,-205.38978861538277,516.2653687018372,6.202200010262878,-365.2839688197795,380.42177840191937,-6.064203691925291,-430.34478424021694,219.10615539308105,-6.32162610315526,-511.36878501554963,28.318164220092015,-24.58506416944911,7.0854044385072665,-232.4326009506679,6.016461300181797,-0.955885387266411,-200.95588538726645,-0.955885387266411,0.6664959744051584,-199.33350402559483,0.6501216822815679,2.8869001532219527,-197.11309984677803,2.8869001532219523,2.916103103199193,-197.53120603789137,2.378385273330819,173.7889648318639,516.7284682484685,6.626135591195178,340.6129386544995,417.7641060194523,-15.52321792752614,472.8267906886148,229.7726120998875,-23.410924188585323,516.395510745054,27.392796050420376,15.822370754687705,14.664019780579052,-198.98727110239696,-4.794637269166522,-0.26261495374137683,-199.94624844078453,0.05375155921547142,1.1933914594755581,-198.83290231746508,1.1933914594755581,0.4079366083985423,-199.59206339160147,0.40091211652416625,1.0937822914688495,-198.90428842379958,1.0957115762004213,-164.5430893148115,-46.031768059108735,-6.066000737030436,-162.76956543001916,-393.8967006896055,-4.292476852238097,-164.447258022526,-844.9938834193022,-5.972922538570626,-0.6584014758694152,-200.65840147586943,-0.6584014758694157,154.43477453319468,-161.89447337165183,-3.2713274511660138,150.77162824934877,-515.3237094816133,-6.538142074027075,151.36974657968548,-964.6877517925764,-5.759864239090652,3.2358978138447716,-196.79764211731964,3.2504947430900937
63,0.63,0.7370420720010524,700.7370420720013,0.734627039412895,-1.0691526535173077,549.1090810550255,-1.0691526535173073,-0.5184464689796086,299.4815535310205,-0.5184464689796088,1.1262614169822105,401.12626141698235,1.1266868866906798,0.7868431828371092,200.79708741530328,1.5967402760510923,0.32738113375138367,100.32738113375142,0.32738113375138367,6.006930396090981,1004.6106491945118,5.414714054800596,-204.50663447308676,515.7779522058399,5.974983321595348,-364.02994824845575,381.50106067134834,-8.008161101306364,-429.1151309804201,220.77488537143765,-7.389135435820677,-510.0823329424464,29.754094267665486,-25.847443060243037,7.985877277792298,-234.2811360635955,3.725898717331919,-1.3042109594050315,-201.30421095940505,-1.3042109594050315,0.1887128855744553,-199.81128711442557,0.12395130394214093,2.8018810742518596,-197.19811892574816,2.801881074251859,2.1732566737650822,-198.77631785091123,1.1237441919670728,172.47422589478606,515.0686952903982,5.14509289913709,337.6372393182033,418.43197386729605,-17.50398225494482,473.633771713757,228.76719831801324,-22.412055864985447,515.6263039518727,25.482963276834916,16.490208476101262,14.887991030614852,-197.21539598950184,-3.5542522894038076,-0.2010601594426525,-200.01002065463896,-0.010020654638966106,1.5466104697985847,-198.45834568960726,1.5466104697985847,0.9243098377517988,-199.07569016224824,0.9163500456507689,0.3464434158869548,-199.65326071871698,0.34673928128299936,-166.9504072141742,-48.91593753785254,-9.087300578682147,-163.23991255205988,-394.67940020947276,-5.376805916567844,-164.50103570898062,-845.5415451614517,-6.639821245358491,-1.3322410226078973,-201.3322410226079,-1.3322410226078976,154.39581355390337,-161.93454421980766,-2.912975582442171,151.6447858991154,-514.1324533035986,-5.0430735429313,151.89444289058594,-963.873245164279,-4.737839374886695,2.335221272697688,-197.67876025074742,2.338095578488222
64,0.64,0.8068982693770124,700.8068982693771,0.7946337219059023,-1.8742336984215586,548.4867787435014,-1.8742336984215586,-0.42200771569396567,299.57799228430616,-0.4220077156939661,0.6293920085524685,400.6293920085525,0.6293920085524678,0.20109429833321002,200.20311150730936,0.757727887423153,0.10074998532287471,100.10074998532286,0.10074998532287427,6.6181814054822565,1005.2341582732035,6.036575811763338,-204.17611077122507,514.723418989102,5.193970188255444,-362.7680460571505,382.5865850621889,-9.96781467460852,-428.3817615717952,222.0046438450213,-8.835321921855893,-508.874699979051,30.89262585116309,-26.865911103891833,8.285989091254102,-236.65316822296597,0.8714995046575458,-1.382742276092976,-201.38274227609298,-1.3827422760929762,-0.42743337873970133,-200.42743337873972,-0.6269130936461366,2.139909019978954,-197.86009098002103,2.139909019978954,0.941880043390314,-200.52145805797977,-0.5939975333390909,170.80498878310487,513.0055073313972,3.1864817790973525,334.6241248601615,419.08894571191036,-19.41346263898861,474.1291296578388,227.50476374621576,-21.546312927286376,513.9899551062498,22.932016493932608,16.350177105671097,14.635699185975165,-195.7603027714082,-2.6189472720867157,-0.30226624369741706,-200.1557862276305,-0.15578622763048183,1.5511214312420678,-198.44822891314635,1.551121431242068,0.8630502439506355,-199.1369497560494,0.8560257520762591,-0.7377728434036064,-200.73777284340363,-0.7377728434036065,-169.12859897033752,-51.567330169769306,-11.909734399452581,-164.1189637294666,-395.9616104953725,-6.90009915858165,-164.55190933996917,-846.1809984619499,-7.33405757570232,-2.0899170383339247,-202.08991703833394,-2.089917038333925,153.28984836903555,-162.79149128790283,-3.479819059773997,152.17477070633478,-513.2163654275967,-3.882035149046221,152.13410132440762,-963.2551654838302,-3.90984845702744,0.9497782371447525,-199.05476089893915,0.9502190262139621
65,0.65,0.734677795311332,700.7346777953114,0.6861705690911916,-2.5176789177927144,548.0192749096618,-2.517678917792715,-0.35790802869118604,299.6420919713089,-0.3579080286911864,0.08313828309042792,400.0831382830904,0.08313828309042715,-0.5917784672811266,199.40853088173452,-0.29383397722319143,-0.12216630053888866,99.87783369946109,-0.1221663005388891,7.342773409591533,1005.97242110101,6.772578871664791,-204.35427739962574,513.3033363311462,4.060461805709702,-361.330846002639,383.8500975357431,-11.766631378361618,-428.2841886742372,222.6568718405486,-10.779597297170346,-507.4213295849706,32.16346527949251,-27.536693033565626,8.37159881354063,-239.3691054476146,-2.1201181180464763,-1.1789048696634536,-201.17890486966348,-1.1789048696634539,-1.0148739657914496,-201.01487396579148,-1.4934009255280976,1.0728828681586924,-198.9273874009165,1.0728828681586924,-0.7524922931307646,-202.45480751670846,-2.4942261600175564,169.40525444371116,511.16224214097923,1.37747367110718,331.92163105284885,419.97880914966527,-21.001597370113977,474.3515101483563,226.03500846337963,-20.848226930505948,511.5881323893112,19.837936895661425,15.492449987665797,13.966234030971684,-194.56173195011382,-1.933857980334736,-0.6582446973663181,-200.45034181193233,-0.45034181193230893,1.0703397976902154,-198.92232869759334,1.0703397976902156,-0.09460137974608782,-200.0946013797461,-0.09942923770030129,-1.95489145693689,-201.9548914569369,-1.9548914569368905,-170.48940874671774,-53.35300259587166,-13.944080298427115,-165.26948536995985,-397.6070365528483,-8.724156921669225,-164.99031935192875,-847.2395279600121,-8.445413104250468,-2.6454550549073628,-202.64545505490736,-2.6454550549073637,151.8727480066401,-163.67381141023503,-4.162564340385605,152.16506384464418,-512.7569608667495,-3.2367195113616964,151.9385782529418,-962.9831659470069,-3.464064451845839,-0.4328749472043554,-200.43402262053715,-0.4328749472043554
66,0.66,0.3527586096931973,700.3527586096932,0.20334583419564323,-3.088825174845151,547.5234164063561,-3.0888251748451516,-0.42440402712794745,299.5755959728722,-0.4244040271279477,-0.4290144570577546,399.57098554294225,-0.42901445705775565,-1.4663209116234315,198.53367908837657,-1.3421191697457973,-0.42614210380415385,99.57385789619585,-0.4261421038041544,7.998851013370108,1006.6435884982383,7.440869629690148,-204.73554856141533,511.9031056241153,2.9595785683658873,-359.55766946580616,385.4566289714703,-13.237566496158962,-428.6752268513543,222.87936579187198,-13.042384732383688,-505.6431734662316,33.81423606108192,-27.916452863947093,8.629043209602305,-242.06993899160886,-4.828662677546875,-0.8379307265862199,-200.83793072658625,-0.8379307265862199,-1.3480971779947124,-201.34809717799473,-2.242103236045036,-0.06898170282894525,-200.07074407858187,-0.06898170282894488,-2.6665641016951955,-204.18730557576964,-4.203826221938021,168.74340925821346,510.0104432731107,0.2739283791599235,329.82060416338663,421.32151155122176,-22.04238279163257,474.50705793195175,224.58804774147575,-20.159054830936768,508.7120792796868,16.486342006675827,14.195979271146017,13.019959226547197,-193.48207362642987,-1.3652644289948281,-1.3135607390930466,-200.96142555310252,-0.9614255531024849,0.15831651581801598,-199.81268682053394,0.15831651581801598,-1.678540924423856,-201.67854092442388,-1.6811250905691155,-2.9579815994942384,-202.95765836633123,-2.9576583663312217,-170.82525259290196,-54.11174935396781,-14.981669569435903,-166.41712746338402,-399.34165432271925,-10.573118022898283,-165.97754053233558,-848.8780358363437,-10.134094577340015,-2.873119623956442,-202.87311962395643,-2.873119623956443,150.88393914375087,-163.9142405817247,-4.27843353182127,151.79358537175096,-512.5709363216304,-2.9204431529434656,151.44497657781017,-962.919545115571,-3.2822914729047548,-1.2963578884805935,-201.29658387875918,-1.2963578884805935
67,0.67,-0.36010948535823395,699.6398905146418,-0.7185321011023682,-3.567224712068312,546.9740356536429,-3.567224712068312,-0.573650879387426,299.42634912061266,-0.5736508793874261,-0.91491990313927,399.0850800968608,-0.9149199031392705,-2.1741741262504792,197.82582587374952,-2.1338517242997006,-0.7706332417001467,99.22936675829989,-0.7706332417001471,8.409869049954962,1007.0711208620392,7.864904276308147,-204.94838111576036,510.8177761888309,2.1860741684881595,-357.31281718002725,387.54622903321706,-14.23928926904119,-429.1499024930623,223.07735965360922,-15.186787345589504,-503.63399520771617,35.83183773861331,-28.088272625160805,9.350611630153143,-244.33684527908665,-6.930311104325164,-0.57894180839494,-200.57894180839494,-0.5789418083949398,-1.3347693097427078,-201.3347693097427,-2.6355404488225904,-0.9950448493866175,-201.00399493196085,-0.9950448493866171,-4.2657325794137915,-205.3170835289405,-5.3222763533481645,168.95228043181393,509.6931139704827,0.1448956103117267,328.4258524776844,423.2082654834743,-22.438783595944635,474.74135722971164,223.35403885960784,-19.310345929862457,505.815389738071,13.321923582376105,12.90137155811938,12.071249698808364,-192.25175354994872,-0.6468867298050098,-2.1397225088438336,-201.63451250438226,-1.6345125043822355,-0.9604555824137275,-200.87113957048257,-0.9604555824137275,-3.0802369838397476,-203.08023698383977,-3.0813142245582457,-3.3581675570762655,-203.35605981208656,-3.3560598120865404,-170.3641183359683,-54.16305224320484,-15.249287022175626,-167.3598213502423,-400.96245438712583,-12.242209448194615,-167.28662581657102,-850.9072999476796,-12.171829159115038,-2.9116977927311627,-202.9119148226829,-2.911914822682884,150.67456022309892,-163.2827052383338,-3.590684835542056,151.4531040656944,-512.2639859333354,-2.529932220704209,151.04006022144753,-962.6770297775824,-2.984841545051504,-1.3856699660960148,-201.3857046228277,-1.3856699660960152
68,0.68,-1.1628847942126739,698.8371152057873,-1.8325063971289344,-3.819376778026503,546.5528145197854,-3.819376778026503,-0.6900920681112226,299.30990793188886,-0.6900920681112224,-1.277079207139824,398.72292079286024,-1.2770792071398245,-2.4276771164540456,197.572322883546,-2.4174820166429343,-1.0528113525919578,98.9471886474081,-1.052811352591958,8.486406822600072,1007.1656024046381,7.955263037314564,-204.77988118330262,510.10733954945886,1.7996301695305457,-354.63409344353147,390.0854175014109,-14.797010075355036,-429.30751868552187,223.6514536728343,-16.82344822892982,-501.5467173618676,38.02892077364201,-28.128272063341484,10.551894141974408,-245.90452441298152,-8.38017055658931,-0.5624076971299531,-200.5624076971299,-0.562407697129953,-1.173819707286433,-201.17381970728644,-2.6477865113287753,-1.6154802875272818,-201.6508785507848,-1.6155485334139552,-4.995750627568187,-205.56103439960592,-5.561277757297145,169.90472476752814,510.1035523835206,0.9317964620204673,327.4983872541544,425.4141645084853,-22.410132127073226,474.97747453841305,222.30575124728728,-18.310556817034055,503.3538936806305,10.785653187359566,12.05088214938176,11.429607780514107,-190.56783398395572,0.522160191022911,-2.8468415302097396,-202.27545911214023,-2.275459112140232,-2.001755539007357,-201.78749756463006,-2.001755539007357,-3.498230021885987,-203.498230021886,-3.4985797507431866,-3.070185187157336,-203.059481174876,-3.059481174875997,-169.58221455566382,-54.04218185937388,-15.221820876810298,-168.083458616621,-402.44863367235814,-13.70894394543865,-168.49126281429395,-852.9583782784448,-14.130875959677734,-2.9963108858691307,-202.997726098928,-2.9977260989279984,151.23487516691483,-161.87461522030236,-2.193626212575042,151.45312152952837,-511.52597358648154,-1.7445545128711641,151.057290829108,-961.9218042869019,-2.240815279174503,-0.8672883887521428,-200.86728838875217,-0.8672883887521431
69,0.69,-1.6616066053161118,698.338393394684,-2.6359002886021488,-3.785741638076547,546.4135069689765,-3.7857416380765465,-0.6311378463131565,299.36886215368696,-0.6311378463131561,-1.3151423177468233,398.6848576822532,-1.3151423177468229,-2.1309477794002105,197.86905222059983,-2.128940245217531,-1.2359029576030598,98.76409704239703,-1.2359029576030602,8.27134902946269,1006.9699220746742,7.754831096922029,-204.23892559867437,509.6718100836115,1.6999369704227556,-351.7802272856034,392.8197387119443,-15.142358291938422,-429.0341389635451,224.71512591908467,-17.93479132139088,-499.531611830325,40.200183352348866,-28.128747810709122,11.912309712038153,-246.78345716980147,-9.481213618780087,-0.772935982281669,-200.77293598228164,-0.7729359822816688,-1.2097524640287292,-201.20975246402872,-2.510523603108612,-1.9988965062870736,-202.10793083319533,-1.9993415253697813,-4.6633719373156435,-204.90450259673088,-4.899305760614906,171.37512089307202,511.039320541364,2.3412801718533025,326.56363104827017,427.47616388682763,-22.414162120582155,475.04402447728773,221.2685141255465,-17.278430424491035,501.5777163788074,9.104321151078175,11.880590597039799,11.135058445826003,-188.39841402392847,2.1770784004446453,-3.1718205125414745,-202.66772861814636,-2.667728618146377,-2.7619942746461947,-202.3617076801682,-2.7619942746461943,-2.6974102544434064,-202.6974102544434,-2.6974986797463023,-2.493244551912483,-202.4509093620967,-2.4509093620967044,-168.90755864134508,-54.180512007481624,-15.325852235999886,-168.67764056155812,-403.8685541974406,-15.040084548148549,-169.28579531334287,-854.8072729812649,-15.704089954528365,-3.234415825562342,-203.2416028705021,-3.241602870502158,152.36517636971638,-159.92057843884044,-0.31886613262828845,151.82500754102708,-510.32537530544903,-0.5360349346462687,151.56065807115942,-960.5897247753167,-0.9880124691044363,-0.19263050929548264,-200.1926305092955,-0.1926305092954831
70,0.7,-1.5794878675830513,698.420512132417,-2.683507247631404,-3.5777890859563994,546.5052749386714,-3.5777890859563994,-0.24502573937974226,299.75497426062043,-0.2450257393797418,-0.8446934729154926,399.1553065270846,-0.8446934729154918,-1.478253705458331,198.52174629454174,-1.477945840120306,-1.3263690081037318,98.67363099189633,-1.326369008103732,7.888002233927708,1006.6073900243376,7.386915066580146,-203.42317167222143,509.43644875130053,1.8119178639064137,-348.99213650736726,395.51247329144087,-15.480807608121882,-428.5237253210396,226.0735912255778,-18.856219798283373,-497.6466236927531,42.28940688001568,-28.13555520192571,13.05421779882343,-247.16006912010633,-10.615827397595094,-1.0403826658995274,-201.04038266589953,-1.0403826658995272,-1.579682366665486,-201.57998894915607,-2.4736884247158097,-2.15827964606753,-202.41983939908206,-2.1605396394490635,-3.5177347708863844,-203.61657925055323,-3.595490211025832,173.07496439580842,512.2095684903078,3.9500054883758264,325.28721537508443,429.0608588971561,-22.779244129399146,474.93749392348406,220.1255793295168,-16.20953460847092,500.43938011212606,8.204006767200022,12.328624883958856,10.805316028373547,-186.13542283825674,3.9429182822296953,-3.0285540013903143,-202.68209704684713,-2.6820970468471326,-3.1635809673104047,-202.58116740895815,-3.1635809673104047,-1.0935659204251411,-201.09356592042514,-1.0935833323996647,-2.1873535761382548,-202.05695201116555,-2.05695201116555,-168.53084592229317,-54.74524088469336,-15.750917787847015,-169.15289992613384,-405.1886440848602,-16.20055123004756,-169.61892717719155,-856.4862352407282,-16.838607384870606,-3.5376926754768454,-203.56611798962487,-3.5661179896248947,153.7221470889051,-157.76627133760488,1.6865857230971497,152.37083857670436,-508.86016394162345,0.8656903421992093,152.39551238969753,-958.8354901286303,0.6173669320717361,0.2246280106942069,-199.77537198930582,0.22462801069420635
71,0.71,-0.9298815743764426,699.0701184256236,-1.9041752576624786,-3.3155408967521955,546.711426043792,-3.3155408967521955,0.5201025417611238,300.5201025417612,0.5201025417611241,0.20760673665053475,400.2076067366506,0.20760673665053564,-0.756027170673018,199.24397282932708,-0.7560271706730178,-1.255957352788056,98.74404264721198,-1.2559573527880563,7.423659639035622,1006.1653023808676,6.938807758092393,-202.35758487320732,509.47875340578145,2.212719691629662,-346.22036492607714,398.2171769697959,-15.739543749887112,-427.97208791725984,227.52985012527995,-19.83244038957067,-495.772471873305,44.46143385107726,-28.040853838410342,13.953785553033615,-247.14253844219317,-11.826229023858904,-1.1750586835711831,-201.17505868357122,-1.1750586835711827,-2.039739506045681,-202.04173867501237,-2.5182664657823284,-1.9454974898270772,-202.43368277927175,-1.9544359370443365,-2.001805381391145,-202.0899978133382,-2.0273506299450124,174.66641942688872,513.2213944956702,5.335608912520586,323.73481361258007,430.2283586417744,-23.440524728072454,474.8667264271543,218.90852949696523,-14.915674850038307,499.6780446108903,7.814203647033761,13.119529691650317,9.960183392800703,-184.2701662588758,5.36688783141875,-2.4711693788483657,-202.28576983422255,-2.285769834222511,-3.1757955077919524,-202.51583448509996,-3.175795507791952,0.6115879233241576,-199.38841207667588,0.6115852531113819,-2.330445704809517,-202.01762861230188,-2.017628612301851,-168.40844254406858,-55.67182189739887,-16.453100739383046,-169.38766666536958,-406.237066202205,-17.017095043434622,-169.57404924790956,-858.0682982713232,-17.61615351306559,-3.665180017194081,-203.7527361487687,-3.7527361487686903,154.87673858543087,-155.81174128440404,3.4208873719948656,152.9289723061538,-507.29223775358366,2.2501267142670196,153.36330824627447,-956.8579018134631,2.375116273316951,0.2513254598712608,-199.74854284000992,0.2513254598712603
72,0.72,0.015025958340692647,700.0150259583407,-0.6545956445755666,-2.934413762256306,547.072404548091,-2.9344137622563062,1.4713576520879137,301.471357652088,1.471357652087914,1.6885116982295831,401.6885116982296,1.688511698229584,-0.11619630277306592,199.883803697227,-0.1161963027730657,-0.914885854590165,99.08511414540982,-0.9148858545901648,6.895189784433527,1005.6605299408357,6.427376879449904,-201.0509251802649,509.9109781003757,3.0142325097431186,-343.2246973046903,401.1780420969613,-15.679201544734521,-427.34745059032,229.11412368462578,-20.69114765079906,-493.72461886519704,46.93876357995976,-27.63869808002599,14.943217047768762,-246.6744066578167,-12.78341485482898,-1.0810741965344857,-201.08107419653453,-1.0810741965344848,-2.2355138035577067,-202.24566642129662,-2.4349935184641414,-1.2794620062467292,-201.98737298813444,-1.306994361968497,-0.541185015418202,-200.71013437120848,-0.5694931509016247,175.88241234932124,513.7230689905869,6.233275508721465,322.2028127736487,431.26722369007905,-24.105001107938442,474.9776945052939,217.67509913847954,-13.276979928146755,498.97393314010765,7.6409168030982,13.917994888196613,8.518289656101203,-182.8965210277586,6.3994777599035535,-1.6297243391045173,-201.55271603920949,-1.5527160392094608,-2.8072643071083903,-202.22485074875618,-2.8072643071083903,1.8340687391711339,-198.16593126082887,1.8340687391711339,-2.6214327992406012,-202.03660402337033,-2.037013530747453,-168.40389943448628,-56.81330930119949,-17.30066455577919,-169.2762827649302,-406.91451260980557,-17.38909790089929,-169.24944789425726,-859.4514598054932,-18.133243088013774,-3.3706770319233015,-203.580713272793,-3.580713272792963,155.5420186798516,-154.25531947991456,4.683032528876282,153.52610697834157,-505.5953634317998,3.6185252051860117,154.30303517943446,-954.8184352307071,4.122456183158246,0.00013640035416151441,-199.99900480699256,0.00013640035416112584
73,0.73,0.84664127476008,700.8470424439688,0.488619828224619,-2.2771034784590056,547.7246402956622,-2.276702309250335,2.185875283389796,302.1862764525985,2.1862263057858504,3.1453448921125777,403.14574606132123,3.1457460613212493,0.3777897722676572,200.3781909414764,0.3781909414763286,-0.33745158219593757,99.66321315655412,-0.336786843445817,6.3481051973157205,1005.1381856494703,5.8977325156408575,-199.67227786754142,510.61465317507714,4.097610048438893,-339.98323668328385,404.4211984238314,-15.29050244050352,-426.57997630483754,230.89473128425942,-21.121547278078,-491.5309395371821,49.703815613876486,-26.852186674521597,16.2135636094845,-245.78803291518437,-13.266904563633645,-0.7843691862370101,-200.78396801702837,-0.7839680170283383,-2.145405417114681,-202.1851586300018,-2.2097658295383242,-0.43312721148281974,-201.22273439297692,-0.4987727301998105,0.48683571616313465,-199.8218598224222,0.4111944727737109,176.63225620614048,513.5899597307257,6.602259463090421,320.84275328592884,432.3214968598933,-24.624501729714176,475.1116400808987,216.3584003485857,-11.477144437259717,498.0716850691374,7.4736665408576215,14.451482586731462,6.875381934523466,-181.63216058095105,7.414217135741948,-0.7596681820581429,-200.73567650112648,-0.7356765011264573,-2.2221113800298795,-201.82142361634325,-2.221710210821208,2.286780988285058,-197.7128178425063,2.2871821574937288,-2.691650210401687,-201.83825369946325,-1.8409240229980361,-168.42117171151605,-58.069274530229364,-18.21494475950442,-168.8690165338726,-407.3953499876634,-17.4897231584413,-168.81894016938432,-860.4985538107676,-18.561416158875566,-2.6500312787273916,-203.04202946743777,-3.0420294674377275,155.75355530569112,-152.9340712173137,5.628312058050332,154.2087561605958,-503.72330192499976,5.039504041282213,155.09533279974175,-952.8367252858538,5.738554152582745,-0.4025466827799258,-200.3977842046119,-0.40214551357125494
74,0.74,1.1535908131288974,701.1562067649753,1.0067939894777351,-1.3911957488031041,548.6116260981751,-1.388579796956714,2.2740122836425827,302.27613723206684,2.2758102337722916,4.01592233797356,404.01853828981996,4.018538289819951,0.5777464050404801,200.58036235688687,0.5803623568868703,0.20590620019855305,100.21024084135028,0.21024084135036336,5.937399718201451,1004.7518518184875,5.503454347897867,-198.49936786359956,511.1896488342425,5.062333676357286,-336.8995719682884,407.5481331638714,-14.980464688371196,-425.87265049543066,232.6678211522131,-21.186947970648774,-489.55026107651406,52.39406813216506,-25.88669000267442,17.422316094003577,-244.86832076805422,-13.573764131003669,-0.40025482268801227,-200.39763887084166,-0.3976388708416221,-2.1283329187071507,-202.24940117115,-2.142091258984351,0.10204822638340735,-200.5444224727605,-0.018727279489107962,0.8130902345879356,-199.6331582464974,0.6346917231628835,176.94971696633587,512.9279922428386,6.5344519516742015,319.5558823366915,433.28620710263675,-25.10019303635511,474.91773119309875,214.7895051613743,-9.895383051050242,496.8563873043693,7.201489483379792,14.578285346304167,5.488464927887524,-180.03371143753702,8.734670130907773,-0.23950552464259467,-200.23650328791103,-0.2365032879110161,-1.7383987381358876,-201.52152481191226,-1.7357827862894974,1.9585935673834123,-198.03879048077025,1.9612095192298027,-2.4104655713630496,-201.43074411867048,-1.4443051405449983,-168.39156943916993,-59.36802551900453,-19.164332526366266,-168.3270255328286,-408.0321017710023,-17.670402714481206,-168.60195742142227,-861.3712155098301,-19.216714444735825,-1.8260327093061968,-202.3943544543337,-2.394354454333657,155.7377279812893,-151.54188245473568,6.542208115538962,154.81961108935542,-501.8328370313818,6.402026816410067,155.69009462993765,-950.9623534907996,7.172742393858389,-0.929936637840479,-200.91007137444728,-0.927320685994089
75,0.75,0.7104577101474208,700.7237426098045,0.6752353835843348,-0.6245078084263544,549.3887770912307,-0.6112229087693006,1.7396021753826811,301.74968533053647,1.7480246961723642,4.002441027993254,404.01572592765024,4.015725927650308,0.28144963459655536,200.2947345342536,0.2947345342536092,0.36508175045438995,100.38709487459903,0.3870948745990874,5.840490774389665,1004.6723055651532,5.415317094109386,-197.64117914103034,511.2455827533413,5.51762040744551,-334.51831158311694,410.02435242482585,-15.277641443423864,-425.61469893572564,234.04817480245651,-21.325950636571694,-488.23248102353875,54.56423231490345,-25.105199708104998,17.92839246272408,-244.47894299500155,-14.308427683439373,-0.04957827516446489,-200.03629337550746,-0.036293375507411074,-2.4677042098800195,-202.7511222921463,-2.4576435995153045,0.06818923830229195,-200.2164984530144,-0.09805937365888617,0.42184433190769366,-200.0734664537942,0.09694969232111106,176.88396215243424,511.93411086756106,6.140629824906691,318.239042771248,434.0577070254018,-25.632251664247693,474.14217591726015,212.8377271466461,-8.80899122216135,495.37271512006345,6.788501198480629,14.29392739871172,4.4660534640230525,-178.00217804171615,10.275706975156247,-0.325774528727085,-200.3295960328573,-0.3295960328572811,-1.6299544663715935,-201.52735355478342,-1.6166695667145397,1.0532891585864834,-198.9334259417565,1.0665740582435372,-1.8133994364393131,-200.89615463663228,-0.9497895185872807,-168.19304222614758,-60.57957221823936,-20.064002677065442,-167.79837366015767,-409.0615130740965,-18.166906689977132,-168.89738249112344,-862.5160860827025,-20.3893060990959,-1.25019954243092,-201.88387181078403,-1.8838718107840053,155.63166508752505,-149.9544244142587,7.507838714962036,155.07552938793597,-500.2015702014995,7.456303401363896,156.0819480660365,-949.1951515233989,8.424219034569491,-1.505447018644287,-201.4390304989284,-1.4921621189872332
76,0.76,-0.31548059601698,699.737062201383,-0.27520234608814054,-0.320925483531985,549.7316173611009,-0.268482724548635,1.0685265903235113,301.1048095874858,1.0982416511671185,3.234800115944034,403.28734291334393,3.2873429133439824,-0.5253074415896501,199.52723535581026,-0.4727646441897011,0.010846831368531151,100.09791042627191,0.09791042627198476,6.071899216728136,1004.893932521946,5.627704219761716,-196.906985151534,510.748852904372,5.429456139468581,-333.05670512655723,411.65600473035613,-16.363101225542,-425.9735649070515,234.8855031561081,-21.839102628226396,-487.70317796350446,56.11749532349101,-24.675664266625784,17.37133346140586,-244.88488244487505,-15.8040279351935,0.21422769352234328,-199.73322950907774,0.2669531314798581,-2.966364846166774,-203.46813619530315,-2.91431650954435,-0.3714764835660884,-200.12306303962126,-0.5223718071299943,-0.4087947124504634,-200.80503604952153,-0.8483002412495442,176.53086102787967,510.839785027734,5.579867153041778,317.01440237071813,434.7716928556139,-26.081853320631254,472.7535363253315,210.49827729718385,-8.233354974162577,493.7754604165739,6.247506113520306,13.673914980801111,3.5919059231642034,-175.7508264407144,11.731084860921161,-0.8453859113838811,-200.83668506344304,-0.837187285128072,-1.9497898320961955,-201.86825037104822,-1.8972470346962464,-0.036207274973539504,-199.98366447757363,0.01633552242640899,-0.9948470408773995,-200.1926779078966,-0.3578849749843034,-167.69239797678975,-61.549275454568615,-20.752206777400097,-167.364415334383,-410.4420795542418,-18.93687682752259,-169.66986228762417,-864.186274766448,-22.02153703868387,-0.9389154448789878,-201.45731034435295,-1.457310344352889,155.41785702856433,-148.2420642929415,8.4083084553862,154.87792411503142,-498.90926501762533,8.118281902222074,156.20893828500934,-947.5782508476474,9.449003030001899,-1.852846230113915,-201.67284730202627,-1.8003034327139662
77,0.77,-1.3647611806621598,698.7970820291785,-1.2053330034097087,-0.4347877248270873,549.7270557930108,-0.2735968474062024,0.8464486009638181,300.9439830533651,0.9237523852537041,2.0684508731173006,402.2302940829578,2.2302940829579088,-1.5053141814942093,198.65652902834634,-1.3434709716536013,-0.5950714650979694,99.67310328685093,-0.3268967131489777,6.4095828639657695,1005.1532358325663,5.877116935161858,-195.97831038578272,510.08414446980584,5.1821029936162555,-332.2471838544057,412.7551450413068,-17.91267600759045,-426.69958473125973,235.46760438736496,-22.55254093304286,-487.59028710450195,57.4876871748246,-24.318660929019533,15.927311351060562,-245.83201494967813,-17.847887414385568,0.3997579488532098,-199.4383988413062,0.5627921247337416,-3.0656637416991632,-203.7103428560703,-2.903820531858554,-0.8704556030034752,-199.96305422528758,-0.8881459047810986,-1.2538880326097366,-201.40043270926037,-1.64960862243568,176.19345316382703,509.97313148193155,5.1683654816713736,316.14092912311094,435.722832422123,-26.15155272948602,470.90481121251867,207.91913212303206,-7.924620547635985,492.24166290890787,5.644666732143926,12.826327554942234,2.6614937797831084,-173.46076340163708,13.009914340923977,-1.2281687192432231,-201.14859104739855,-1.1518659441650843,-2.4645737189425305,-202.2953990043855,-2.3027305091019223,-0.8063274138838658,-200.6444842040433,-0.6444842040432577,-0.133424436375695,-199.26245298240195,0.34123586597257866,-166.8904305782662,-62.23495115302194,-21.07106349557103,-167.0462391018463,-411.9455208513111,-19.75130423136516,-170.4476797043527,-866.0671353716928,-23.597983659162516,-0.616202020742869,-200.8467581688213,-0.8467581688212678,155.09011292306937,-146.45340989328213,9.200504635293298,154.45240407325917,-497.6903812891862,8.630113566968959,155.98950846021367,-946.1532769022317,10.20474427263132,-1.6304616352801782,-201.23049902453226,-1.4686184254395696
78,0.78,-1.8577627652726314,698.5302731355847,-1.4698914449321503,-0.5878338990502024,549.8002035659458,-0.20290503884612793,1.2377463213234172,301.4276973039833,1.3793722307959517,0.7982823322106238,401.1863182330678,1.1865240097935914,-2.1534590936052487,198.234576807252,-1.7652174160222813,-1.0117445305048542,99.63136747968558,-0.36842674358866334,6.56361034775297,1005.1134325767482,5.82656484466409,-194.7054146148456,509.7189483243192,5.242824010759256,-331.61965628027593,413.8414975242625,-19.396695552480363,-427.3915101513362,236.23892943192857,-23.074245756361336,-487.3455334011247,59.29276950164328,-23.52499368160631,14.046392895617252,-246.8159032093742,-19.94887849070794,0.5436647324587607,-199.06829936668396,0.9379546346515106,-2.346285240096204,-202.87215886328323,-1.9580435625132364,-1.2031189193281755,-199.60705653882115,-0.9382686994641127,-1.7941873321629394,-201.57116958944076,-1.8979939807790014,176.35558662222954,509.65262434294965,5.262271464242271,315.6772058100394,437.0121425086836,-25.73770749186424,468.8903673246058,205.40015992239773,-7.461179216548012,490.8636963046781,5.114583098809503,11.891459387930151,1.6531242047131796,-171.12560063476332,14.299206146977703,-0.9818789085161788,-200.7135386591619,-0.7299641805203393,-2.7129053029751793,-202.3234257432424,-2.3244324146782134,-0.8849291670378896,-200.49689326618062,-0.496687489454922,0.5382960158361478,-198.20285981142425,1.0569392583918193,-165.9889941202572,-62.78986888678406,-20.99493161253009,-166.84725796344378,-413.3758029153112,-20.41334997105613,-170.66840357010963,-867.5585366928074,-24.506825392381373,-0.09710437909865152,-199.91910471911103,0.08110105761465371,154.73448369403678,-144.5778656435644,10.008947751024706,154.08877610927243,-496.2099935821912,9.30370086954133,155.49883984678263,-944.799929844681,10.811352675232099,-0.7749745668970995,-200.04047698206563,-0.3867328893141316
79,0.79,-1.6560107236079888,699.0679783882359,-0.9306797789569062,-0.5348934577620899,550.1891018403702,0.17733503998644573,1.8717270131994763,302.1205351086721,2.031209377318538,-0.40587220645342803,400.3181169053904,0.319458738197655,-2.2430218066621777,198.4809673051817,-1.5176908620110947,-1.0650663282777553,100.13546769366538,0.1368095264726621,6.452237751123155,1004.69990812952,5.400707357825334,-193.2640540175203,509.74619285932295,5.704674355235402,-330.88410700238154,415.20046103666414,-20.518081029503975,-427.89187373158126,237.345850937106,-23.3075312820443,-486.77919425704886,61.71418941787821,-22.114892123670458,12.079577582666122,-247.4971975870436,-21.766063592248678,0.6918271819354775,-198.58418370622064,1.4410793189557056,-0.8920624127474497,-200.97459562511528,-0.16673146809636674,-1.365345821715757,-199.2413219685157,-0.7060615649903352,-2.01128824317045,-201.35605458155607,-1.6241368377630034,177.30115859311607,509.81640120180197,5.854696358059742,315.2689409460728,438.27835103093867,-25.19880899511878,467.0791662448805,203.28244191364627,-6.4446125166036605,489.5514799879694,4.80361786764339,11.004806153159588,0.5491353114313231,-168.79015106351844,15.66894542859631,-0.1865409376513963,-199.598184768147,0.33737900473569593,-2.2893099458988058,-201.56509944179595,-1.5624713180030585,-0.28798309905597197,-199.5639939872121,0.43734784559511075,0.8666368094624712,-197.28975348699865,1.6343029439293322,-165.30274640711465,-63.53387556029426,-20.75310244142983,-166.8082428393671,-414.7429130073763,-20.931810926016848,-170.2180182828843,-868.4717154827604,-24.638045354704445,0.4831102815294899,-198.88045673820125,1.1208850946059639,154.39396466654637,-142.73485488939406,10.891568968060081,153.78955543589205,-494.47465616772195,10.129164326631019,154.9564820157891,-943.307729587825,11.479569874204875,0.29442470557026346,-198.58899366134358,1.0197556502213465
80,0.8,-1.1115797623398076,699.9369561456118,-0.056229465115572586,-0.40052602180707964,550.6480289412542,0.6144658977058755,2.213121492958123,302.3739023880255,2.2487962498599554,-1.3484872504035514,399.70055920814,-0.29262640258726147,-2.0669485556896556,198.98158735226195,-1.0115982584654197,-1.0139983702699835,100.72790629055606,0.7347206798287864,6.271034826922365,1004.2293960328423,4.912870569552585,-192.01304751982283,509.7900944813648,6.194281030799475,-330.04443197731166,416.70920340044074,-21.37796569073972,-428.39099948422404,238.47261261213308,-23.626925820662407,-486.2030630744039,64.26909449183432,-20.484838094271655,10.173902908024967,-247.85819682337842,-23.27246472530589,0.8516650323431603,-198.09975216709717,1.9807446819571743,0.7902304442854825,-198.71554779429925,1.8455807415097172,-1.5033542751905815,-199.2131560000846,-0.4755363336881133,-2.1443725375861202,-201.11813986865212,-1.2700367036333278,178.77375048938944,509.8514367362435,6.387493576210494,314.38352908624205,438.8787130865403,-25.17250843452679,465.74895021827444,201.71471712494764,-4.767866943353475,488.0555584919217,4.716768640836676,10.165837976216668,-0.8549482609297028,-166.8021764581359,16.775247692021225,0.5613229016052276,-198.50983684194622,1.2943668588577086,-1.2136876862816195,-200.16515177833008,-0.15068074176564428,0.5883610573625877,-198.36310303468588,1.6437113545868227,0.8555247138674458,-196.8645110792487,1.9215790233730197,-165.05520057163193,-64.80950382093397,-20.7737384846168,-166.95996871098868,-416.25063347186324,-21.506734085995404,-169.54873772960755,-869.3074848907906,-24.55914159304175,0.8495967056440429,-198.13029270055245,1.876521688720229,153.96564250528036,-141.22618801014414,11.638494405243414,153.31249393616233,-492.8499252263755,10.772115001106098,154.49041673492826,-941.6720024276096,12.217149113102046,0.9044178011138224,-197.70058460696043,1.959768098338058
81,0.81,-0.6667709188781181,700.5021462054721,0.5290976378651386,-0.3908181301316733,550.7786462620896,0.7082357114154034,1.963191794112659,301.84043299643207,1.7178988872307794,-1.7337322558446278,399.438514076568,-0.5345344910388052,-2.1410755461415683,199.02784157820864,-0.9452069893983104,-1.2073924702654246,100.74721438380931,0.7742364067488196,6.26560193741134,1004.1402519886673,4.791081207249008,-191.18212336264025,509.3845838444121,6.252890678313632,-329.26438568537037,418.0131416313774,-22.289652535532607,-429.21580466125135,239.0949855222303,-24.51769891501204,-486.0235682664807,66.27974429519571,-19.198517371976333,8.360377117003658,-248.0706440987417,-24.622311057785772,0.9781418816018947,-197.85263521583232,2.351071248929762,2.1414288995999606,-196.98635695797324,3.3372974563432174,-1.766249515256244,-199.74301016519763,-0.5793194057302462,-2.4193782850454437,-201.25609263756502,-1.2989677830525415,180.15356170098804,509.0396066037004,6.189042163272774,312.81821800442015,438.4455922597532,-26.014799541647186,464.8771113578361,200.47857434741468,-2.73317032947931,486.13977866054427,4.605976400650981,9.135775355967475,-2.7995462459633114,-165.62582971638926,17.11916554656076,0.74727366883734,-198.16595046856634,1.3748389127232965,0.05011125997356214,-198.78097161567638,1.2762624441959933,1.2495141282298998,-197.58156874742,2.445382684973156,0.615208938023383,-197.13648079075756,1.8131852397563644,-165.21175785718864,-66.77256572593097,-21.380240574494294,-167.18406334809896,-418.0880465310421,-22.31668453665996,-169.17962685596717,-870.7411162206688,-24.96936388746004,0.9096799178138477,-197.92859000277585,2.0983614296172894,153.35387748210482,-140.25598591240816,11.966887009758766,152.53810266306454,-491.6503895707051,10.973776824336714,154.0294174793248,-940.1590747544449,12.767904814009679,0.6730707179029138,-197.91989275683966,1.8689392746461713
82,0.82,-0.49255011045028146,700.4797839306142,0.5628001867739534,-0.44170087360214677,550.5341828697199,0.43277572333687275,1.1323520068162052,300.641025474968,0.5921212036893992,-1.3908811680193114,399.5983599866489,-0.31862375719141306,-2.6737735397016054,198.298560501363,-1.6184232424773701,-1.6526625103298889,100.01304028360912,0.09651684795312931,6.48635156179036,1004.5956826916128,5.1772819218728365,-190.72943263790168,508.37757135142726,5.741475518553566,-328.7196022641418,418.8254592505639,-23.484625922078322,-430.57157468845486,238.89006242149793,-26.043728919113594,-486.32182960753426,67.5134603861839,-18.419937810991744,6.6052630986851515,-248.29276768513262,-25.94613009136689,1.0789260952394106,-197.94718699378444,2.4660511370543707,2.866163900362416,-196.28518626286228,3.92151419758665,-2.1679693347867843,-200.7382048941628,-1.1148790309440828,-2.8280965317295355,-201.8568689057259,-1.7972438781620648,180.97818989269916,507.24674365662116,5.136809355276158,310.9528435724538,437.27879681780865,-27.403671930363892,464.0834849905409,199.0786632552884,-0.8785357101209912,483.7341271625211,4.086665230972407,7.555488194646486,-5.229977169244376,-165.37244223336512,16.604598615331547,0.40103810276408647,-198.66985104266115,0.5043167225585881,0.9966915955898203,-198.0309743633457,2.1453189522049154,1.4102074557008084,-197.61745850323473,2.4655577529250428,0.265726975406195,-198.02120904345668,1.3214005057934468,-165.53485687799815,-69.29575383510249,-22.538960475100584,-167.20481506079196,-420.224156543507,-23.30935711962225,-169.17166624237734,-872.9325631994818,-26.019662358594424,0.8150338106700424,-198.21404736132433,1.8689688948354108,152.66715050625692,-139.6476754554128,11.897445530860555,151.63607287062752,-490.82169243191277,10.832308917490241,153.4517320975272,-939.0060332050132,12.915968910581892,-0.17080275108540066,-199.0710125793332,0.8845475461388348
83,0.83,-0.48609884200666414,700.0400864567453,0.2392321026444182,-0.2880156142604373,550.2561665738776,0.1741456493454312,-0.06644844596557986,299.1680609307557,-0.7234609875059959,-0.5857120294385839,400.0073422007789,0.20648784667812056,-3.3667622660755114,197.15942303267644,-2.641431321424429,-1.996109747634377,99.00662046121681,-0.7918962550381026,6.779039482178109,1005.3740400994179,5.825687375568753,-190.45140414972133,506.9862061183213,4.884926941924039,-328.4784250624772,419.1465008070681,-24.937289739090424,-432.3717162198467,238.00675959607133,-27.671289483993938,-486.8867670834413,68.29305954016547,-17.846240974732737,4.815072591481684,-248.56381543235761,-27.25434049197017,1.276136172535156,-198.19153680907164,2.488078829404769,2.9933502476906924,-196.52061883565318,3.718681192341774,-2.558299676039346,-201.84142901706477,-1.8334137504709713,-3.1595802228764986,-202.6335639691825,-2.4404432525457613,181.23582779437362,505.0740850920495,3.769241385306178,309.51885591707514,436.16989142761827,-28.522863278795455,462.89373358993697,197.1057301721453,0.4003695621990491,480.9497637953432,2.946524928797981,5.243411370532778,-7.743636511817662,-165.66012456448232,15.71101169438045,-0.0800154709536276,-199.56807063094374,-0.6942281003206807,1.435378227767195,-198.03843647348094,2.3844692056849137,1.1475386527567155,-198.32627604849142,1.872869597407796,-0.07648452826822427,-199.15398807789086,0.6488464163828582,-165.785415673115,-72.06985151962421,-23.923095890284376,-166.79502721434105,-422.42541896330613,-24.227169848511263,-169.13300736000963,-875.417443206519,-27.228835891761776,0.7441635122988077,-198.72986821890106,1.4692774269981697,152.13620970128238,-138.95263155165702,11.788717352498754,150.86527164276018,-490.0402937452102,10.67006283101171,152.73647685961575,-938.1690885283547,12.72936780454883,-1.0488615055146202,-200.46954458670385,-0.32353056086353743
84,0.84,-0.43571086082328414,699.5804777688683,-0.047469183240317125,0.17906058669134278,550.267496826687,0.26909194730383545,-1.2744167658531942,297.85401685095434,-1.8224609510674261,0.06008220693599453,400.28224164599715,0.6542946938885149,-3.653693577950578,196.36249505174106,-3.265451900367611,-1.8977181468579423,98.3734726867794,-1.2452287282984087,6.942739648932343,1006.0886745677979,6.352934207623382,-190.10115652739162,505.62102179490654,4.0719390944206335,-328.38249998445144,419.3212888797541,-26.373152111740133,-434.2061225605514,237.03559247480354,-28.63168385156893,-487.50097135108206,69.1134449538169,-17.08140195389286,2.903410678607368,-248.79905269059276,-28.461857418066913,1.659888941356259,-198.3050046006315,2.6114922760937684,2.729421938181897,-197.2645420498654,3.1176636157648625,-2.713306154828869,-202.6352110524519,-2.3251327231325756,-3.166821725509985,-203.1506327809418,-2.779799713786609,181.2252939216204,503.2985839542581,2.730334998559508,309.1265691403579,435.82350880750823,-28.670845582668733,461.1604328402083,194.59544766028318,1.1512223425327124,478.0156870782407,1.3435360661424194,2.3618198829068158,-9.938493087890699,-165.99822370222384,15.035552134289038,-0.41687445316618743,-200.3903681434826,-1.5316938145066499,1.4730537375868413,-198.5107576327216,2.279535955204731,0.8295120425907792,-199.15429932771764,1.217753720173745,-0.24917314535646823,-200.0677774485772,0.13906853222649898,-165.78856414778093,-74.73134949051786,-25.12742301000003,-165.9701773816979,-424.4634452283362,-24.845267955619576,-168.62071019135016,-877.5634955340871,-27.98345232026682,0.7224809579012487,-199.26133041240718,1.110722635484216,151.86050118146807,-137.82328280186778,11.97901533138141,150.36093612108476,-488.98814837390944,10.749025172772047,151.96207928320055,-937.3870052117936,12.46629823583879,-1.568569153810041,-201.5351312125716,-1.180327476227074
85,0.85,-0.11117309217764937,699.5093361271985,0.0506701176629587,0.7506925586652241,550.5985861388218,0.648908650897335,-2.068808601362738,297.0765196016422,-2.4023770760048673,0.07506187692069743,400.1896693821718,0.7310033726363333,-3.058558388790127,196.561950830586,-2.8967151789495187,-1.3484255245999963,98.37793331322104,-1.0522544373749514,6.84677742255521,1006.4307397315486,6.510580495123463,-189.42489535108587,504.70846531976923,3.670520083027572,-328.09209429428563,419.86832375978656,-27.441190936577126,-435.55848165819486,236.66551654810974,-28.474371693018817,-488.04102925887764,70.34149650925781,-15.89230257273977,0.9264831071990531,-248.7800051784052,-29.406844645986595,2.146812842766464,-198.1872964268834,2.8345075561583,2.3021062256089357,-198.0793837239816,2.4639494354495426,-2.4423429092206295,-202.80618128231308,-2.2804996993800213,-2.6586264587469683,-203.03811719108296,-2.4969702907238203,181.2758983100777,502.2763015768934,2.2508306244730223,309.9165522884312,436.41841173613415,-27.729457790472907,459.1874221011081,192.02691106426715,1.8053497913526102,475.23249877916766,-0.26927620364122623,-0.6883607363997826,-11.74690965485945,-166.15006687093037,14.763729785337507,-0.6094896048343302,-200.94035051692416,-1.7703407922310566,1.3259305895490467,-199.05356019107484,2.097332288193051,0.8349459581685175,-199.54454482245535,0.9967891680091242,-0.07879632988227367,-200.40465222855113,0.0830468799583345,-165.36708397486262,-76.9217637861583,-25.817040201022174,-164.93022678150732,-426.2442972156969,-25.13051493291674,-167.46938969638455,-879.0240695076802,-28.027748395630194,0.7213737657673953,-199.6581170148565,0.8832169756080035,151.74682807921667,-136.19390385811852,12.519736168878907,150.15718948771098,-487.4560553189801,11.174489518316527,151.27336821626696,-936.3398765904241,12.386659599645895,-1.7347921112414575,-202.10992158290594,-1.5729489014008495
86,0.86,0.6702251586761729,700.1093561821888,0.7227679560761217,1.1501898026100497,551.1499783865287,1.0188760386365883,-2.1463921788611104,297.09465392645416,-2.2983783214087348,-0.4426505366978273,399.919577611975,0.5329893858623325,-1.4740787790372094,197.96505224447537,-1.4218373540148408,-0.5940617202775158,98.87699909708255,-0.4411297438957202,6.435514806981878,1006.2446064218934,6.236573980986558,-188.27793206977088,504.49301290355277,3.8762799144215045,-327.38017370828527,421.11486936342885,-27.95952389746244,-436.1948621410929,237.22473436120748,-27.32127545697934,-488.3663427823277,72.20866095583395,-14.144737672337188,-0.8542946233890643,-248.16234718905244,-29.834315726800384,2.6084639535271874,-197.86762119854072,3.0760124500256794,1.9390298710116536,-198.62214568796634,1.9915726684116013,-1.6306330475917123,-202.1884198822911,-1.5780902501917635,-1.5159956226066413,-202.07686459909405,-1.463452825206693,181.61807132172737,501.9114386123957,2.2043531438479627,311.54775342166556,437.64341415279,-26.104038069653853,457.394474810665,189.91669910154815,2.7880156137171754,472.9674163284946,-1.3389264628129678,-3.4388744302202623,-13.356892333686538,-166.02981670034063,14.678564290107381,-0.7075037756864992,-201.14839796237288,-1.5632957821874156,1.2525595609972635,-199.30830941549013,2.001013237687329,1.2810790414732494,-199.2797899350141,1.333621838873197,0.5053044682021043,-200.0420034864107,0.5578472656020533,-164.37500867622816,-78.39187159338697,-25.827051384173654,-163.81060338970966,-427.72716539597445,-25.13622667441598,-165.80911059307664,-879.8259735102354,-27.516809489142073,0.8809108885595683,-199.67995808792784,0.9334536859595169,151.67335563892527,-134.15936705711582,13.263219698065189,150.3046238716633,-485.296696441001,11.9831245060797,150.86515403697751,-934.7361662756869,12.688959884568488,-1.666068863536224,-202.22607904737032,-1.6135260661362756
87,0.87,1.8856389691748623,701.3575898783674,1.898923868831916,1.3958337013976037,551.9470157363909,1.297155667322927,-1.4820790970271722,297.9255630547261,-1.5339555646856644,-0.9183898957152706,399.89665940544415,0.43799339590863373,0.7208388763207242,200.19278978551324,0.7321585812157181,0.16051459369827842,99.63057768558532,0.30047872413861504,5.717749014762816,1005.5391670918245,5.586759979710326,-186.7936326379625,504.84222882313986,4.579363505816034,-326.36819235307644,422.93925070894113,-28.036970827439134,-436.3542537655502,238.46827200269252,-25.69447843147652,-488.3436266853348,74.76184060365092,-11.768326218257814,-2.1440185056916032,-246.66938850942296,-29.51073678615485,3.0472541311584576,-197.35743522302013,3.3606537998132966,1.8792201697063358,-198.64887836700137,1.8925050693633887,-0.2579618712549322,-200.7855383003107,-0.24467697159787796,0.2295229820893404,-200.2985261087181,0.24280788174639406,182.36638000396113,501.966669184015,2.4329530133236474,313.4532283343174,439.0013721564725,-24.339634338705363,455.8969127141205,188.3766021686476,4.159510988594827,471.59183180964556,-1.419046021943829,-5.480964433697524,-14.893725073129986,-165.48234909251812,14.555237947117021,-0.655273706644102,-200.9586715803605,-1.1280720816317165,1.5285350941612914,-198.99951399664616,2.1764884921723584,1.9839140296519415,-198.5441350611555,1.9971989293089947,1.4277660381758897,-199.09761272909677,1.4410509378329435,-162.82477110258097,-79.15077222923532,-25.228023984994994,-162.58781739591552,-428.8812555843698,-24.879263049520183,-163.88998019419432,-880.2159813208486,-26.740413231049576,1.449617094848627,-199.07843199595882,1.462901994505681,151.60127824364935,-131.84038736931544,14.0620448896824,150.85888755867836,-482.45794746879085,13.194891130637785,150.8780258301578,-932.4388091973115,13.464012492067447,-1.2786139188483578,-201.80653130953692,-1.2653290191913042
88,0.88,3.221487425095591,702.8520503290507,3.2241033769419807,1.8482031758389,553.0886028930965,1.7505483834503395,-0.3317928343047296,299.2825102694126,-0.34166019404911163,-0.7826714065213756,400.3698213626074,0.7418744104987929,2.8526771115466083,202.48324001550156,2.845312980901587,0.8786762960470084,100.47638716936683,1.0388969513237831,4.799780368359171,1004.50911946993,4.708884508277238,-185.35352290450697,505.28751734136506,5.392757697874174,-325.4019391328946,424.9067867361535,-27.94620249052645,-436.5513392989605,239.7870152550945,-24.168405105514587,-488.0706987720689,77.69886203435026,-8.919808328793533,-2.907564821006912,-244.3734112036908,-28.459232105461993,3.5090009664262993,-196.720651234887,3.725084272786061,2.2303197866158553,-198.13943973720117,2.2329357384622446,1.547814286176244,-198.8216228098688,1.5504302380226351,2.288628764258066,-198.08080833178693,2.291244716104456,183.4729924392424,502.20595984267675,2.828939585015809,315.10746560918386,440.01835618648727,-22.864778755065625,454.44562916818643,187.06545080279514,5.616682110233164,471.26723196715193,-0.4048786962005352,-6.653139812763499,-16.294831247469894,-164.401091756301,14.376866475867821,-0.4093208611957402,-200.45182616329566,-0.6093155978181217,2.271872957041043,-198.09756413900396,2.773924468098769,2.6147125967074727,-197.75472449933753,2.6173285485538624,2.513063300783454,-197.8559642878844,2.515679252629844,-160.89488060648463,-79.46178826928161,-24.258844879749123,-161.26809352056185,-429.8267882954368,-24.433727422762885,-161.97081050840907,-880.537718171206,-25.910620658736597,2.4138210000488085,-197.95561609599622,2.4164369518951987,151.52216536807006,-129.38180464099707,14.82562472184519,151.72473873511046,-479.12703180523425,14.72090451953791,151.24836688334773,-929.603403656997,14.604025705845327,-0.397610030615527,-200.76704712666051,-0.39499407876913717
89,0.89,4.26973620558868,704.0709917288982,4.270137374797351,2.8826186459763887,554.5041280584944,2.6853742874577495,0.9201446566362291,300.71819843544233,0.933523540213792,0.12169422651241601,401.26604814178876,1.465193787687938,4.387405545453539,204.18866106876294,4.348434302491295,1.5998702346220905,101.31105849681245,1.7394386129425292,3.8789658415026853,1003.4655227760944,3.8204310255693428,-184.3212778977736,505.3528024996351,5.898302618105955,-324.7094701068509,426.6748518690777,-27.861076362077313,-437.2122028263475,240.63502329540827,-23.103263600181712,-487.9242201381837,80.46441310974026,-6.014597549198877,-3.438267701320545,-241.7011957819966,-27.017186411893036,3.9012235698676196,-196.17416117019408,4.048905668074293,2.783511637165785,-197.4168702628603,2.783912806374456,3.4642348409842665,-196.73450963570633,3.4646360101929385,4.181893137240598,-196.01682138835744,4.182324257541775,184.7011265359551,502.35426186282945,3.2147793513106357,316.19244019519334,440.35462708711987,-21.928138237156148,452.7360154823449,185.56106113457366,6.816531060439204,471.76833174842193,1.3671157032568133,-7.188112418063392,-17.489711942053823,-162.99585750907696,14.179960163353282,-0.01335164595610494,-199.8416338660794,-0.07872853667199442,3.265852452204107,-196.93289202448642,3.685274383130564,2.9109392559879064,-197.28780522070267,2.911340425196577,3.5338310277580653,-196.66491344893245,3.5342321969667365,-158.8158400047995,-79.6653939211832,-23.163892840992965,-160.0041550480004,-430.8522202034059,-23.995438399852844,-160.30278875755357,-881.1523426739373,-25.163620502607873,3.3620123412116665,-196.83673213547888,3.362413510420338,151.4030407340582,-126.93746590505695,15.496068244692216,152.5689155558742,-475.7546443969254,16.27217949680702,151.71651538240076,-926.6070445703989,15.82648957935029,0.8871880765636236,-199.31155640012693,0.8875892457722948
90,0.9,4.845864082057313,704.7628478258977,4.845864082057312,4.496912275703754,555.8681730595827,4.050903621061763,1.9506985480920251,301.86719128851007,2.000198249551463,1.500152121179823,402.3402329901803,2.4232492463400344,5.216877237248456,205.13386098108862,5.095944284327021,2.341923619206445,102.06735359627744,2.3940011194926143,3.147136767952233,1002.6672434592816,3.1198626905328455,-183.82450092574277,504.8447194076592,5.892475441294881,-324.23585159767936,428.2301031908614,-27.727753683055774,-438.4747663787771,240.8010895152094,-22.5690574048932,-488.26803571984453,82.65420047283698,-3.443293450402172,-4.1427097784697455,-239.1466808397275,-25.637786110360192,4.041369092588807,-195.95686333915148,4.13220114161808,3.0927253620399684,-196.9967670290397,3.0927253620399684,5.038644711504425,-195.04437154465535,5.038644711504427,5.462397063989144,-194.62042388651395,5.462592369645829,185.7398006220418,502.13797530085606,3.344027231721288,316.69924175762196,439.945113694219,-21.54024755981651,450.72479740039955,183.74906590176357,7.682611200644851,472.6311360978717,3.3525482751294096,-7.559360797875551,-18.579536006684528,-161.7492800322185,13.85528638317574,0.5409671044956884,-199.21511735771898,0.5243358064115421,4.057316003912344,-196.02570025224742,4.515388129877335,2.8348062319365566,-197.24821002422323,2.834806231936556,4.277766826271966,-195.8052494298878,4.277766826271966,-156.82593650718078,-80.06304322376869,-22.12772255602191,-158.8829660209738,-432.12049676449976,-23.66776576333131,-159.0454874236995,-882.2825941402875,-24.59647883515197,3.8688841472405784,-196.2132138474945,3.868884147240579,151.2227552411504,-124.58463621823867,16.058066966129626,152.98038552271188,-472.82272114335893,17.461151105688284,152.02402984485346,-923.7790768212174,16.863626363150928,2.158472695174824,-197.92454356098494,2.158472695174824
91,0.91,5.045715916627284,705.0187644842342,5.045715916627284,6.173564051342994,556.7360549402024,5.345847010584414,2.5694142387468593,302.5424628063536,2.689335705615293,2.8192679920092005,403.2864148454911,3.313366277884228,5.513535215835182,205.48658378344197,5.2251720824890056,3.0285382296613745,102.66819880909796,2.961747049406723,2.7322382559049636,1002.2469150499426,2.7365279046920334,-183.7968726194955,503.8261432236446,5.395700193764298,-323.8513802214535,429.69594000385473,-27.44579892457108,-440.28946620011425,240.32377098674885,-22.48530831328468,-489.21678158748705,84.21981408985636,-1.3440582137583872,-5.3234115249535305,-237.03781019677479,-24.689402339953403,3.821565955673342,-196.16000396574574,3.8681384326873456,2.793618740007915,-197.25328059228127,2.793618740007915,5.844542871907217,-194.1824254677029,5.844525964690269,5.825964475775386,-194.1999951126528,5.826956319740365,186.3754240252195,501.40359375461577,3.0371059959402684,316.88949314174613,439.02531355827966,-21.476290483972697,448.60811969564367,181.8167018403583,8.381008287147562,473.4574554614311,5.124371007187319,-8.179861267295475,-19.768229776589823,-161.0771754000341,13.196539447442039,1.3449830543109846,-198.4572716612078,1.3417081575444147,4.25779308495755,-195.7691583474356,4.81884940239716,2.5405197332685217,-197.48643169912464,2.5405197332685217,4.630035283445587,-195.39691614894758,4.630035283445587,-155.24087142478032,-80.97112990905468,-21.37543615032424,-157.7918095950643,-433.5247284539414,-23.340833811775802,-158.2086420451829,-883.9389005294573,-24.28409070694498,3.876133642700828,-196.14482997303674,3.8761336427008284,150.9878672682658,-122.31207156136509,16.52746846157295,152.71972885141008,-470.5793662523906,18.01355311580273,152.06471664767008,-921.2343784561308,17.605161566807446,2.9799231560934314,-197.04702827629973,2.979923156093432
92,0.92,4.95991611004715,704.9531017207746,4.95991611004715,7.107953017451969,556.7334521199925,5.904480929068629,2.673301339306827,302.66648695003414,2.8973441349931215,3.5236682853400554,403.722824705437,3.7296390947096083,5.3486413395881085,205.3418269503154,4.816789676225072,3.3856688055129096,102.89914834212902,3.233901389098885,2.753172174206925,1002.2996925603047,2.7897201336755626,-184.16306431322008,502.39736286664623,4.481139429643841,-323.6754910552995,430.97468599996284,-27.16019761735462,-442.66912504697893,239.20763150685895,-22.85978003750305,-490.76523551543403,85.22989113421072,0.26067615550518386,-7.111274759163999,-235.50272297546985,-24.374683546753158,3.2365021815772517,-196.75139437937474,3.2556026504555353,1.8192406003225186,-198.23542631317727,1.8192406003225183,5.621376993046078,-194.38554764513015,5.6210653935305,5.098500511751944,-194.9043910585421,5.1024233307305975,186.54906613281958,500.14293156829723,2.2471597082394963,317.0366693626596,437.8881414396512,-21.49403857916063,446.5088881752388,179.90626407557167,9.02578558031277,473.9954124842159,6.428196305475739,-9.317129914862651,-21.19364974085596,-161.1170062299943,12.061833414311938,2.2871312097271286,-197.59941169388784,2.2866289880420703,3.7402998730360233,-196.2665145162366,4.349401906035003,2.139194538830873,-197.86761985044177,2.139194538830873,4.558420861956703,-195.448393527316,4.558420861956703,-154.43975753090467,-82.74090633318947,-21.239077977004442,-156.72721713234108,-435.03624091376923,-23.009799893058428,-157.81089489427802,-886.112043696563,-24.375252355460482,3.5650627778693424,-196.41134296930844,3.565062777869342,150.66042677744923,-120.13159458200838,16.869784229682597,151.77582744458988,-469.016064525321,17.85330776240903,151.7884911412963,-919.0034008286146,17.99797798307639,3.1544913161330825,-196.8523230731396,3.154491316133082
93,0.93,4.42008387545129,704.4187420426442,4.42008387545129,6.711629788972617,555.736795797906,5.348297846557928,2.2554429634357853,302.2541011306286,2.5814233076664044,3.243539847991327,403.30906694664986,3.310408779456949,4.558456633038544,204.55711480023135,3.8058138331943168,2.9895485868694722,102.41790338088705,2.82507636522718,3.321854297093722,1002.9162165682271,3.3913451607560448,-184.92442909405366,500.57948158065597,3.166166438049169,-324.04677607930824,431.74666735815913,-27.222376808503462,-445.7598324866441,237.32148159585296,-23.843736056768435,-492.95656971200594,85.64864722055964,1.2892212574047053,-9.461479668130252,-234.496391933877,-24.66160432075057,2.3702154833350955,-197.62498462983072,2.3763572029764783,0.36944894117586646,-199.7212931765716,0.36944894117586646,4.385948774744012,-195.6159529481938,4.384075913692598,3.3545245027044905,-196.63473419698937,3.3666076358177914,186.31981280716957,498.4450853914892,1.0368706713152391,317.2047558836548,436.63461655217867,-21.543843120746835,444.30195333352594,177.90940709585647,9.525434402464583,474.0804496214942,7.121154336403485,-11.124124995288906,-22.891138126805274,-161.81709227556067,10.411221996362759,2.877295159905648,-197.07391005848055,2.877295159905648,2.636418091252803,-197.36492374155438,3.1686994644579034,1.5799216936335772,-198.4214201391736,1.5799216936335772,4.051256975547859,-195.95008485725936,4.051256975547859,-154.61983311663485,-85.54411503373777,-21.958100836841343,-156.09888724599278,-437.04074308253803,-23.082006695088673,-157.99471480647998,-888.918996723583,-25.09529542630603,3.0318579443879674,-196.849215375894,3.031857944387967,150.1186178255459,-118.1458247996178,16.962755547317116,150.26015429472702,-468.0042883304367,17.049263510309157,151.03668168785646,-917.2277609373073,17.880819409627705,2.7072472663837615,-197.29409456642344,2.7072960778403568
94,0.94,3.1689638181345066,703.168758041409,3.1689638181345066,5.047783223265717,553.989799467911,3.8465483375694856,1.5104765614786317,301.510270784753,1.8798606842737489,2.048501053479722,402.0652023903578,2.065408167083385,3.0615699081069874,203.06136413138134,2.2595623736566153,1.611137026018437,101.05931703791009,1.4942308813392193,4.382695454479169,1004.0305573562725,4.485803409534351,-186.07691134150735,498.3880430078233,1.4713771770444586,-325.0954818368077,431.88925729507895,-27.767885656893757,-449.58663607385347,234.64425193418248,-25.469735249439243,-495.7275070986824,85.5097133787774,1.7493004120288962,-12.189971674489971,-233.84540832381555,-25.256191913059986,1.479341339825324,-198.51931156698868,1.4808942097369973,-1.1929083809706,-201.32319080474878,-1.1929083809705998,2.5155658637689773,-197.48685432137972,2.5066836388265554,1.1258947464735236,-198.84532510075292,1.1548806759727366,185.8618542031374,496.4979846892097,-0.4180384377841221,317.3879860079302,435.2652828229367,-21.63526059227359,441.8444594870472,175.68905550866862,9.79525369891356,473.7248221143966,7.280281268884481,-13.522853580324146,-24.81367648818796,-163.06191052977692,8.287905708810596,2.6150268775902084,-197.36890192355867,2.615026877590208,1.2788555307534215,-198.72135024597225,1.6438818080415514,0.8264651550808568,-199.1737406216448,0.826465155080857,3.1828226204878076,-196.8173831562379,3.1828226204878076,-155.51035459223473,-89.09535525268365,-23.34853729088853,-156.42880724337613,-440.03995114897805,-24.0768927710992,-158.76450286729136,-892.3495035277404,-26.450722453910803,2.244321519480832,-197.38543115857036,2.244321519480832,149.25373124499617,-116.45699189814152,16.695600862608902,148.34346035682523,-467.36726278631255,15.76746483412862,149.66714815741142,-916.0435749857263,17.10901777502415,1.8040785608969925,-198.19612721582868,1.8043968515764504
95,0.95,1.314304293253033,701.314304293253,1.3143042932530336,2.809996673600794,552.0337658346403,1.994354518350851,0.8374584796045654,300.8374584796046,1.1634388238351845,0.5266846349396406,400.5300138430022,0.5300138430022057,1.2199539351364592,201.21995393513646,0.6071822558410429,-0.4529668438126133,99.14043282271254,-0.4925991300595305,5.603260203546839,1005.3068600442788,5.740648618908171,-187.48847549582945,495.9596146106473,-0.46287337380239346,-326.45895957585424,431.7654463707301,-28.43689464009019,-453.75597919200084,231.5665969152357,-27.352841489077584,-498.7146929737611,85.14197102237215,1.943798665704855,-15.071483401250092,-233.3418273586512,-25.751978627082824,0.9514578787285487,-199.04823634305575,0.951763656944231,-2.421613844643992,-202.5690099960317,-2.421613844643992,0.664183040007357,-199.34263781812774,0.6309904559638295,-0.7260505840176379,-200.6718977384083,-0.6718977384083176,185.4801377209359,494.61202751793974,-1.8126645640080352,317.797609108347,433.93147183252614,-21.556583542710385,439.3052497061032,173.4130142812864,10.028115425948437,473.25973521131993,7.32661135583,-16.0843495682669,-26.780224625203257,-164.64208530041023,5.870811616192493,1.5384477154828715,-198.45756062104263,1.5384477154828717,0.11584179448222293,-199.88415820551774,0.31110252293337337,0.02030820550075299,-199.97969179449922,0.020308205500753074,2.2174356141737803,-197.78256438582622,2.2174356141737808,-156.44421659427573,-92.71970077010246,-24.798458697329757,-157.70504437661143,-443.9921106134149,-25.980042189056093,-159.68152827300364,-895.9570124488304,-27.966167885486072,1.2002027028741225,-197.91112651114216,1.2002027028741225,148.10679573190566,-115.0249197737314,16.107016713627655,146.26153479335267,-466.8701807122844,14.257238760219863,147.86571024434846,-915.2660052612886,15.865931226070472,0.7526155917354436,-199.24738440826454,0.7542320051813598
96,0.96,-0.5218149763562865,699.4781850236437,-0.5218149763562864,0.8175824392755302,550.4195737755255,0.4229539939153248,0.6132372222489397,300.61323722224904,0.8372800179352347,-0.5477770038100173,399.45273354678204,-0.547266453217963,-0.2897304311058393,199.7102695688942,-0.5726613105189792,-2.4771407143851323,97.37633844032467,-2.4154635798924806,6.5361842878998955,1006.2970220053799,6.708505305787785,-188.83915011321068,493.61598236316934,-2.3135119496386336,-327.5305381974669,431.97921818023417,-28.625639289574565,-457.5425971015583,228.80826663244255,-28.776699880238013,-501.4407030540544,84.99539556571068,2.329804856801137,-17.889412708039437,-232.78864667577952,-25.851664128806107,1.0033937571593892,-198.99655935023247,1.0034406497675175,-2.9327373737357005,-203.0628140207882,-2.932737373735701,-0.5676291245565458,-200.58399151262046,-0.6652221470986764,-1.5551882861054636,-201.47639636066674,-1.476396360666758,185.5304053996232,493.1454630355681,-2.7962608345067315,318.79686932036066,432.8980740500153,-20.94307971976253,437.1093384851596,171.5029602883405,10.604208314564152,473.225752870139,7.846314217782205,-18.211832532677352,-28.457441593736164,-166.21897154553767,3.49303769215186,0.2737130909087498,-199.7262838065451,0.2737130909087499,-0.5050984983695384,-200.50509849836948,-0.42370171674349477,-0.6512146426741191,-200.6512146426741,-0.651214642674119,1.496679019319598,-198.50291319898776,1.4970868010122549,-156.86484884203912,-95.85536827699852,-25.752024097746883,-159.2135620524858,-448.13571504522474,-28.07501045372316,-160.06257687200082,-899.0530963069602,-28.925923856235595,0.02964972912114383,-198.31045284231612,0.029291554281673515,146.8889936984811,-113.64216230151928,15.405800063942682,144.33217911698688,-466.19897688301353,12.848096029486495,146.13487686906484,-914.3962791309357,14.651683234526415,-0.050828686015977675,-200.05082868601596,-0.04443564682141821
97,0.97,-1.6243864313040868,698.3756135686959,-1.6239247809230122,-0.5253631860968513,549.399668715935,-0.5499551964185168,0.9162498545836517,300.9162498545837,1.0366329718331602,-0.7509529111841778,399.2490470888158,-0.7504912608031037,-1.0090707621437822,198.99092923785625,-1.003426723102106,-3.7633184828593302,96.46622871079377,-3.5540905919279764,6.91570561586592,1006.735060855796,7.123138096773465,-189.66954398197845,491.8177963798645,-3.6196285584664483,-327.9669576507532,432.87028920567303,-27.993755044017174,-460.3585811951131,226.95123362625247,-29.162104916994295,-503.6922625823437,85.26143630631029,3.185017363871161,-20.39304848564425,-231.95471439323438,-25.425596493708987,1.4557837415564459,-198.54421625844356,1.4562453919375207,-2.590143708890344,-202.67997930629997,-2.590117370978626,-0.980322535554332,-201.01089150090877,-1.2052920126906472,-1.333817274144906,-201.24453432571983,-1.2440726753388058,186.24593055798482,492.33356791805744,-3.152877688153134,320.503965689596,432.2374212437783,-19.67404369582974,435.5224206125098,170.22289373501263,11.71081576790337,474.01970584219754,9.196187794594893,-19.53697143769714,-29.507917363825804,-167.45711624512106,1.494189580828186,-0.46294605722795,-200.4669214888821,-0.46248440684687564,-0.5515248645175905,-200.55152486451755,-0.5246375481465921,-1.1557769503927608,-201.15596903197374,-1.155315300011687,1.1709958456763931,-198.82634508366525,1.1741165667158624,-156.7827456475424,-98.50821953025644,-26.193903047271107,-160.108574946754,-451.57810596113035,-29.513227578997068,-159.5331270476606,-901.2584771106056,-28.93807083703628,-0.9956999470283661,-198.58237789134802,-0.997573889988929,145.85662730450974,-112.05673311240531,14.846414974937716,142.94310107983924,-464.97025933707596,11.932752348237702,144.8942753295383,-913.0190850873769,13.884062999966268,-0.330703493771463,-200.3307034937714,-0.3105498963475131
98,0.98,-1.740473051418621,698.2595269485814,-1.7374627127868052,-1.3423311013802688,548.8565732084564,-0.981426617325598,1.445937643176361,301.4459376431764,1.4989386866897618,-0.2586747060888212,399.74140294901076,-0.2556643674570051,-1.0395514937140704,198.9603951778709,-0.8962136163801326,-4.045504273980991,96.68548009205551,-3.636962489148755,6.803457348247236,1006.6825945976432,7.0445427331194574,-189.59508792699796,490.9506408675382,-3.9943978652542014,-327.97919407490673,434.22360850491935,-26.75463308685252,-462.1575117174873,226.03608879334223,-28.47039582027261,-505.6338268720326,85.75597910364604,4.459610079285401,-22.320666063048986,-230.59736291206468,-24.43211490475516,1.878846438486375,-198.1211535615136,1.8818567771181915,-1.5723472949122097,-201.62328032305032,-1.5721755501538865,-0.8326686404698314,-200.87714622261427,-1.2381863306999255,-0.5234423404350547,-200.44465041499632,-0.44164007636453273,187.61916920538965,492.1706084686863,-2.9287348201906074,322.58253755995213,431.67263556997625,-18.08192487670824,434.39893346863533,169.43097773141074,13.149797962693267,475.6110768929225,11.26385560556682,-20.15935251326094,-29.816078449344452,-168.24289356164684,-0.004814453050137835,-0.39451542054944155,-200.41073007982075,-0.3915050819176249,-0.2372268437119402,-200.23722684371194,-0.22753505037236,-1.6165943865647268,-201.61784691581073,-1.6135840479329104,1.087300192423088,-198.89919593252415,1.1038144061077035,-156.6913278225557,-101.16751064911463,-26.593365150654964,-160.0786737147578,-454.0130117497756,-29.979430178194654,-158.2971257959352,-902.7725012161764,-28.197882259372044,-1.5860334909920921,-198.8605958845531,-1.5948842740495577,145.14089994241039,-110.14199913614036,14.559485636102817,142.3763417355625,-462.9065573429883,11.794927429254924,144.19678222196148,-911.0861168565893,13.615367915653877,-0.12680140145041474,-200.1268014014504,-0.07655253756733504
99,0.99,-1.199548753037793,698.8004512469623,-1.1842609920216183,-1.9763100855706188,548.4917129504113,-1.1111377408187484,1.7022113620505537,301.7022113620506,1.7337287287515177,0.36301308878641186,400.36351946364493,0.3783008498025867,-0.8756863335502361,199.1239659215014,-0.7201738368964476,-3.570760983179766,97.71980882345026,-2.962349412263336,6.519464373795046,1006.4596323221781,6.785089978665473,-188.60363272960868,491.02764084516514,-3.417590867106907,-328.22342691888053,435.37860983634243,-25.561519871328095,-463.4139416855626,225.5830765028527,-27.178051876402186,-507.6078665950884,86.11742299530417,5.8628506843123045,-23.572271532372653,-228.63438587419725,-22.912905934105694,1.8991110712587551,-198.1009632714119,1.9143244896042888,-0.30796924332448805,-200.34391016398445,-0.30709705147428246,-0.5982633080345933,-200.64866301143775,-1.1630655248833812,0.2783038728289031,-199.6675432815618,0.3477444794543987,189.41603658059205,492.424320666517,-2.404160800710678,324.4655951513212,430.74886380596604,-16.723555515423417,433.3467393538781,168.74751494352523,14.524580892671452,477.56831725286463,13.56772220578247,-20.541929941131897,-29.573676055358163,-168.7687547064095,-1.182387015854099,0.15264293604917878,-199.89730173063776,0.16793069706535402,0.214056877900885,-199.78582256426526,0.23078085319022013,-2.215186389829973,-202.22154725819763,-2.199898628813798,0.903487872784737,-199.04310326532476,0.9721844956914666,-157.07684983603087,-104.31690721259483,-27.417039450115418,-159.4308515780174,-455.84582646135027,-29.77084476514414,-156.89127315567086,-904.1272301846193,-27.23126634279759,-1.7070512852332298,-199.3383052825123,-1.7386751705180608,144.6291653155542,-108.01521355226363,14.437907292940059,142.48006005696428,-460.1643188108536,12.288802034350141,143.78891961129997,-908.8555019540455,13.597661588685853,0.236733984755288,-199.7632660152447,0.34027492960719585
100,1.0,-0.5467266581088212,699.4532733418913,-0.48626239036817415,-2.5989267353144125,548.1009906312994,-1.1251338276841805,1.3440263304759328,301.34402633047597,1.4085940851579917,0.5714644424756117,400.57403602619706,0.6319287102162592,-0.9487301434107254,199.0495038620232,-0.8036410911585852,-2.8536369514934865,98.85631938932632,-2.1206031704209964,6.432659492222936,1006.4350903975649,6.6905294619918525,-187.13821762693902,491.60669256488495,-2.3086775330465956,-329.3277706109883,435.70249499486283,-25.024718936735326,-464.7394709159131,224.97802162231295,-25.8832175351385,-509.8670070630665,86.07441131422067,7.070669213785406,-24.32133737216559,-226.25475304368072,-21.04258309336528,1.3774470716740894,-198.62303770343408,1.4374265643065605,0.6619969264536749,-199.4095048507474,0.6654465121383445,-0.6191161326953941,-200.66359371483986,-1.20334716221016,0.5996640342099556,-199.37135003629083,0.6891142314498161,191.2904880949011,492.75094182959526,-1.9212134054751986,325.7837528990126,429.1722411683304,-15.942417202012482,432.0141706751302,167.83518582963416,15.514621826814675,479.38325124436267,15.603359846221686,-21.155178177143767,-29.09080235851981,-169.34356932666398,-2.317799917114667,0.5395122609415773,-199.58029876603905,0.5999765286822243,0.6303104239948887,-199.36890344017704,0.69176259001326,-3.0734934832828475,-203.09877030110064,-3.0130292155422005,0.2958733397856903,-199.5396157839375,0.5208484838031601,-157.99126522803002,-108.00991332278278,-28.688445380774905,-158.63382449068476,-457.69188023457446,-29.331004643429665,-155.75716466702733,-905.7595955723692,-26.454344819772235,-1.673291617821932,-200.1575340577666,-1.7573253934281259,144.0223276151736,-105.97996775044273,14.203903368106207,142.64134176358453,-457.36121797345095,12.822653145098123,143.3093345335185,-906.6929610274901,13.490774746725545,0.37704828047600514,-199.622951719524,0.5659201730103653
101,1.01,-0.10683939681947166,699.8931606031806,0.07940365943276048,-3.057720536521621,547.7375782626269,-1.0381715027746574,0.4800154115176193,300.4800154115177,0.667066492257663,0.16275717692337685,400.17292798784115,0.3490002331756093,-1.308451379639874,198.68456397635882,-1.0909848101592479,-2.3165184790007527,99.4570524877842,-1.5366696891848541,6.707089630778544,1006.7729986904553,6.877191704184288,-185.81428345086084,492.0732493518588,-1.2350361965432066,-331.33034264759146,435.15218221225643,-25.140634875884082,-466.4706931807628,223.88827823601775,-24.884608353538418,-512.3956196861432,85.62420972102433,7.983275629375812,-24.909046049206268,-223.80793471284136,-19.07297155470578,0.4549678547738353,-199.5474940363643,0.6387490198879535,0.9407272785742089,-199.26821169138094,0.951352750521916,-0.8534928837438767,-200.88406184909832,-1.2275090673078983,0.31551459352029254,-199.6724022733664,0.5138407828858258,192.9438945130178,492.855272436716,-1.6531640498452407,326.63801650955224,427.0558704060501,-15.586862744604137,430.22022249244293,166.5026725208795,15.990345134831925,480.8409139596213,17.18608288338349,-22.125562802617242,-28.485225239653396,-170.08195813795592,-3.471555518068535,0.3456195659200136,-199.87821690089237,0.531862622172246,0.8266657566476006,-199.1693419161972,1.0169011400550403,-4.0532374814871766,-204.13150532151798,-3.866994425234944,-0.8271585822220527,-200.4325175055327,-0.2462744492804727,-158.95941620364925,-111.77948864282622,-29.8821395893423,-157.9033136543917,-459.835454205307,-28.82603704008477,-155.030453225394,-907.8005732045056,-25.953176611087066,-1.8175455149382516,-201.27550751516588,-1.9779352448973433,143.12571044325603,-104.23510386695186,13.709113512171522,142.3121904362211,-455.05034779219096,12.893869586932492,142.48923487826434,-904.871179108914,13.071754117145925,0.07387529560112954,-199.9261247043989,0.40562325325034293
102,1.02,0.12282767845224893,700.1228276784523,0.5696015447686533,-3.0773562819441116,547.6210884263106,-0.7559219835589902,-0.4110877581234018,299.58891224187664,0.03581002276154055,-0.6179455571938353,399.41338274596234,-0.17117169087743056,-1.6805290737306895,198.29766854214677,-1.2428165860682558,-2.07317786957182,99.3767993797333,-1.218298662340855,7.1737718721676345,1007.3043565991751,7.121930456351522,-184.9818428045125,492.07815046622,-0.49221042510058155,-333.56779077943963,434.38579688202515,-25.198364553342493,-468.52809922154484,222.40751526428917,-24.058463003055827,-514.8978787766354,85.04480788132133,8.837362780149936,-25.63412083496216,-221.5823450699324,-17.194897786597863,-0.47039440644108743,-200.4801313747758,-0.03335750845940133,0.577501849158066,-199.94169873735171,0.6029910313001624,-0.9096158886526835,-200.92597827671665,-0.8432548571176985,-0.2615651537959698,-200.25764233481732,0.18913153149908712,194.27788625156833,492.64827977667187,-1.4744189220391037,327.5227572406028,424.8759774991761,-15.105242220963179,428.02831697299484,164.75040624458762,16.058972652792498,482.13290960512455,18.536565300887307,-23.168056637725694,-27.59900317962462,-170.82109688451212,-4.420320633737317,-0.3221940447103322,-200.6478741822008,0.12457982160607262,0.7016206839851478,-199.282589355813,1.1641845105033957,-4.6868182288093605,-204.87672289756517,-4.240044362492956,-2.173275376688296,-201.43598878052677,-0.9892149142103177,-159.24753302672605,-114.90170930521259,-30.208245438241676,-157.18130238307077,-462.1385588634837,-28.142014794586427,-154.61428260448253,-910.1486291606448,-25.574995015998148,-2.111133457990265,-202.3882756608686,-2.3119505882174023,142.10106861281577,-102.62126582576684,13.16995231523349,141.53447167048668,-453.19661754712234,12.594600593878058,141.34916346825034,-903.3697141878949,12.41339413821228,-0.6285744329106615,-200.62857443291068,-0.0533929418005441
103,1.03,0.22427098554902813,700.2242709855491,1.058954455181015,-2.6433385839251318,547.8207326052159,-0.30657918785175675,-0.936689064470202,299.0633109355298,-0.10200559483821481,-1.2566148402181716,398.8185378522252,-0.42193137058618424,-1.8024199724379015,198.1440910229345,-1.0179278778905727,-1.9581704579578543,98.97645790163861,-0.9042868608440898,7.502539882564043,1007.6989794872486,7.101938642870935,-184.539702438803,491.7233978257798,0.01389876392517575,-335.2676867055657,434.1702971315966,-24.440035774978718,-470.6383831217731,220.82607954568113,-23.14844863937389,-517.0310379559647,84.66179859914004,9.940506583201255,-26.633453449032167,-219.6725453656269,-15.490705561949795,-0.9458730542757097,-200.9758650281977,-0.14118155856570347,0.0261423255150246,-200.99508510350472,0.0737623870102504,-0.43851862794748897,-200.44533948608262,0.19448182138642722,-0.6560911197028858,-200.65509927573794,0.17958419389407831,195.38312062873837,492.24519700737056,-1.1432953287968366,328.92500234969367,423.10505565071696,-14.014596899792592,425.7795438413317,162.81951308982042,16.029036311408227,483.6275760580057,20.04525459232247,-23.88974033729083,-26.302534970787985,-171.42506201115273,-5.029285813194205,-1.061678067672272,-201.43072201166416,-0.22699459804028466,0.37202604003913686,-199.5793374585034,1.2553460111285868,-4.5277550800478465,-204.8910947453636,-3.6930716104158603,-3.1827985564077963,-202.11005288887964,-1.2753694192476406,-158.3893819313128,-116.9036981072952,-29.206279887561422,-156.37831148453733,-464.3599374001261,-27.195209440785952,-154.3563219587962,-912.646766740466,-25.173219915044807,-2.262779013842753,-203.08475610522396,-2.3703130759306226,141.28525510802857,-100.799427118891,12.92110774444334,140.79658323661278,-451.3227248130481,12.397810050286243,140.2040391125454,-901.8625010722017,11.821066396202703,-1.4883461836592171,-201.48834618365925,-0.565409530191498
104,1.04,0.13313410473246534,700.1331341047324,1.3475913869707385,-2.1148813935247066,548.0805393771989,0.008400039415739968,-1.1424821529977165,298.85751784700227,0.07197512924055682,-1.39387553087065,398.7465281829768,-0.17941824863237632,-1.6985122304352236,198.19552498642386,-0.5893683895803644,-1.7251218793114478,98.74912778828315,-0.4156089526468332,7.535387040053157,1007.7988418176068,6.794709882452611,-184.18745541657637,491.31016300279657,0.44842208224328617,-336.27410779496415,434.6559126483279,-22.852980692647844,-472.6635803615303,219.2742374836037,-22.160873363704248,-518.6788122491115,84.57514694924652,11.287383138346353,-27.866596878807414,-217.97526108508208,-13.988211576911016,-0.8032779562099273,-200.87522496146866,0.33923232076960086,-0.32267522295717344,-201.90522933284373,-0.2533884423180295,0.4697745323359068,-199.53243987608718,1.6007867716729423,-0.6635871663082717,-200.66339186065161,0.5510654215866857,196.31121704269387,491.74629151165357,-0.7093600158860283,330.93295248910044,421.82936741516346,-12.358775859387972,423.88008218104017,161.05150281934283,16.141845637190382,485.5161794579813,21.925636512841514,-24.203198410656043,-24.81952876780014,-172.11169038732746,-5.645687739727272,-1.656537820815364,-201.98221795830585,-0.4420805385770902,0.06033201232300511,-199.82299508594573,1.3914621962925808,-3.6054556004262186,-204.16109173728384,-2.390998318187945,-3.4587850919706336,-202.24320499827695,-1.028747716038676,-156.58560852775014,-117.94511254452784,-27.210926686875727,-155.56833808738153,-466.475189560801,-26.19365624650712,-154.14654622393311,-915.1803192840073,-24.771864383058702,-2.144027719696549,-203.1813232260772,-1.9971320236073895,140.73675656618892,-98.70169930089634,12.89810966846342,140.42969923561515,-449.1154116740857,12.484397295274121,139.36131389125546,-900.0116685374944,11.462536450149837,-2.255120112718294,-202.25512011271832,-0.9934243052287575
105,1.05,-0.23836431412475578,699.7616356858753,1.1377960765592854,-1.8335359319289306,548.1089487705972,-0.1330482730525966,-1.321311885348588,298.6786881146514,0.05484850533545371,-1.0855071408076467,399.118779057421,0.2906532498763952,-1.585332896781941,198.23663448225187,-0.3871055472803593,-1.254336304169386,98.9339571381276,0.1668660672322173,7.383876635829533,1007.7154873597964,6.521727668371046,-183.80033584950232,490.9639317106432,0.7263880504925884,-337.0779665289328,435.345836987462,-21.146315445929442,-474.61026616426955,217.6859050485175,-21.316625381985837,-519.9444324670801,84.66628146845409,12.575753223630826,-29.100000416009962,-216.24516639680152,-12.653599106896623,-0.2653889863997707,-200.39980368812377,0.9763567025602662,-0.46971598426428085,-202.40375356160206,-0.3912037759650544,1.3668459656140615,-198.63380805801665,2.716074740259045,-0.45907811570810564,-200.45904816461564,0.9171122260684403,196.9406887032111,491.08504690490633,-0.6092046565514386,333.2696888976048,420.7781304194589,-10.621024091871723,422.47507552180093,159.62876282752185,16.328947782511005,487.66798471393645,24.07638998315271,-24.410682884483315,-23.570516844143675,-173.29977292172245,-6.892326024741751,-2.1983550745314964,-202.4221915413439,-0.8221946838474543,-0.10764415997683963,-199.88967048297548,1.4864899077085938,-2.4006339421682723,-203.0975091314919,-1.0244735514842307,-3.0782010621030444,-202.00545539457488,-0.6292950038908345,-154.53893370880044,-118.66776162737705,-25.1335186808896,-154.91189455136845,-468.6397947297929,-25.506479523457628,-153.88938747923132,-917.6491138681032,-24.48424623971954,-1.920216197184469,-202.85600705664405,-1.4857375654680576,140.13345004610406,-96.6388730055149,12.583995145867169,140.31585007574455,-446.7123251225819,12.510052843485898,138.85865411446014,-897.7431610284207,11.155982187798092,-2.768886316558004,-202.76888631655805,-1.373033978831087
106,1.06,-0.7438869613569965,699.256113038643,0.4705703208812766,-1.694715846275639,547.9958608410706,-0.6305337638654712,-1.5521522908264784,298.4478477091735,-0.33769500858820534,-0.6245647082337581,399.606921881272,0.5898925740045153,-1.5268324452115718,198.1979433340535,-0.5875993837082364,-0.6254072020831114,99.42847535895277,0.6420748987516767,7.202697990764843,1007.6035853128074,6.543001760198997,-183.51328746171257,490.55043452716336,0.6076740155321831,-338.21167181859664,435.7015891231766,-19.96655101290251,-476.36448272806797,216.0855934804723,-20.60018088526396,-520.964323632726,84.7845543570015,13.560034039311004,-29.94052669527899,-214.22561690797096,-11.338435631458651,0.3278404582474851,-199.86773177875946,1.3467255034788654,-0.6062108209784534,-202.47250498101658,-0.5369240403393097,1.8829498879180302,-198.1175875958994,3.09062910473339,-0.34742732292887424,-200.34742732292892,0.8670299593093981,197.20532506356835,490.1898472047299,-1.1771846351999211,335.6699750988764,419.6955431847368,-9.168178019960646,421.41497135411646,158.53024828293766,16.38542692416068,489.81004109111416,26.256404195837824,-24.850113078897877,-22.686162394278966,-175.12586119663086,-9.005393959292466,-2.7823464260886936,-202.90215745306938,-1.56788914385042,-0.10174747963718955,-199.78459765098742,1.4298596312508696,-1.4251220267107663,-202.17357373666292,-0.21066474447249306,-2.4001541256722154,-201.66286752951066,-0.4484102472723669,-152.85550155647803,-119.64498107656868,-23.68437297884987,-154.36912966135583,-470.8619528190236,-25.198001083727654,-153.44337114757715,-919.9071197109643,-24.274027894576516,-1.7644315815481684,-202.40806387000737,-1.195832836182182,139.18822741106897,-94.90473709699621,11.584749276975732,140.14609091572734,-444.42486833112434,12.061421633077373,138.57136895714464,-895.1972658577602,10.653239278807838,-2.886987087866183,-202.8871623880566,-1.6661367664333508
107,1.07,-1.0516268534715034,698.9483731465286,-0.21694338383951672,-1.2875620929467777,548.1431901658083,-0.9704986225012842,-1.6130335130152398,298.38696648698476,-0.7783500433832531,-0.25442128470216147,399.94986491352654,0.5802621849298255,-1.3587614480149408,198.22206828469308,-0.9432482456749545,-0.0340774883954085,99.95885839405824,0.9028317257463064,7.014980519406246,1007.4862443755749,6.7763106286122206,-183.52675418002264,489.8698556556009,-0.0027129040579011443,-339.8449181645475,435.5472481864143,-19.387278161492347,-477.6918115433757,214.66117147766926,-19.647072137487246,-521.8488247766422,84.80665212698378,14.222749862372417,-30.06057716009437,-211.8607224953098,-9.884964054889952,0.7762426967763718,-199.44536968105086,1.3893137885811795,-0.7759795318596647,-202.19894125648494,-0.7278683919000204,1.9027035544364064,-198.09921388949957,2.736057145930662,-0.5118325817832852,-200.51183258178332,0.32285088784870075,197.34639952057677,489.1708120829914,-2.186687233555552,338.0833062410678,418.5413805911878,-7.94156202551668,420.495385021055,157.68431233952998,16.293692145315365,491.78498303437044,28.317811194178166,-25.556004865083253,-21.87170652876788,-177.30191833315433,-11.586100969036979,-3.308829623632162,-203.35877429031913,-2.4741461540001755,0.10469293746510133,-199.53592922481002,1.2987542448220024,-0.9578469923564313,-201.6851679293233,-0.12316352272444445,-1.7034247781703729,-201.30878370148105,-0.4741002318490377,-151.67476952344563,-121.03998512795721,-22.896616038916356,-153.62495228629868,-472.88636395636115,-24.84679880176941,-152.6651308597622,-921.806364820738,-23.895933752585947,-1.7010090692945823,-202.03217933066705,-1.208792103990464,138.01358674589386,-93.43103427201036,10.085568235414353,139.7475294776243,-442.3925697814469,11.107800017749923,138.45565914726902,-892.5435821411783,9.995575569150578,-2.493990030479435,-202.49513313131257,-1.657690147401532
108,1.08,-0.975302488908375,699.0246975110917,-0.5285286225919709,-0.44632194231105893,548.7559151030433,-0.7843029159668367,-1.3528657373070285,298.647134262693,-0.9060918709906243,-0.1593890680416329,399.98101464580594,0.2873847982747718,-1.0440125000219553,198.33855113887387,-1.2146749948097928,0.33141013944737885,100.26751951833816,0.9403993462886906,6.826231979385794,1007.3689510031311,7.017211335258458,-183.94030390300264,488.82320857146715,-0.9943312404989607,-341.95997909434766,434.8941848596789,-19.19049820315479,-478.61310017031644,213.431301584488,-18.238697925742443,-522.7385423493712,84.580363283504,14.618529006803872,-29.51621895511952,-209.42151449887524,-8.357861466787849,0.9674487986304735,-199.22812343837643,1.2186504279399852,-0.9079081334934179,-201.76337419211478,-0.8792167175109546,1.3495517940722013,-198.65659816266805,1.79612430977658,-0.9600580332942431,-200.96005803329427,-0.513284166977839,197.70763468695856,488.16747431205187,-3.114907921419623,340.5037434103389,417.3204425577071,-6.733243723198239,419.5633386030438,156.98114735852818,16.149275833269975,493.573750069638,30.204329820561945,-26.367228499068784,-20.813166643743028,-179.49575042167606,-14.08721797814094,-3.6525939317102445,-203.66880859098157,-3.2058200653938407,0.4758650619672458,-199.20698510938297,1.2397887569334363,-1.075608915551375,-201.7411809495767,-0.6287215079205685,-1.1695066359620379,-201.0049957596852,-0.5582218933688105,-150.87621136242603,-122.78413169230856,-22.438964254178067,-152.44912768527047,-474.52992423135856,-24.011880577022467,-151.56916775065352,-923.3565394429709,-23.16706093089051,-1.8172214094217982,-201.90056398070084,-1.5071619471659463,136.95525644561155,-91.93805276688931,8.604290459511414,139.10763452502462,-440.57375478059635,9.904386839342507,138.51463035697884,-889.9591735788972,9.397869236544935,-1.6996911484050936,-201.7054962934376,-1.2525989914092315
109,1.09,-0.6481884997335798,699.3518115002664,-0.4619454434813478,0.48977735418406787,549.542961937863,-0.2679671519349067,-0.9673113585057967,299.03268864149425,-0.7810683022535644,-0.5335341784772093,399.5416185139662,-0.3472911222249767,-0.9022990093717811,198.28801678477635,-1.5257401589715478,0.3732470271734718,100.21395487007801,0.7325425618244912,6.768703781430032,1007.383934723601,7.2624245788629604,-184.74241306344274,487.42255094134515,-2.220109437929305,-344.58018771063956,433.71260649767066,-19.27408736607495,-479.5426719924908,212.06410740429965,-16.66855339370747,-523.7852849848043,83.94375421425384,14.717482541849375,-28.813240220818795,-207.37894138041926,-7.096217134542359,0.7568521769982981,-199.37756252472573,0.8086805315265261,-1.0953706598237387,-201.48884053381454,-1.0684829025796079,0.1274030926568459,-199.886134262187,0.3136461489090776,-1.5946141493816297,-201.59461414938167,-1.408371093129398,198.33153106358554,487.12077160357535,-3.7492230356177245,342.80448480918085,415.9168587415776,-5.5305008643699445,418.44775084835885,156.18330138901294,15.868246455733775,495.1520051857953,31.827239225164888,-27.230081564597196,-19.529931572707984,-181.658361143096,-16.319492894167666,-3.838759911772048,-203.84285961966833,-3.6525168555198158,0.8034202780578107,-198.97860604494082,1.207637011311435,-1.6963984386803195,-202.2685741937558,-1.5094150000541853,-1.0322366030268098,-200.97882774113626,-0.7925846848840228,-150.4429394883751,-124.8925412003748,-22.15837155180882,-151.0504993377275,-475.9975922768948,-22.76593140116122,-150.4107684568902,-924.806766755979,-22.233003690983743,-2.337931186326247,-202.19647071716045,-2.1872746480389855,136.16506373723678,-90.30918641093716,7.4473715599901045,138.26701537758055,-438.9027130117604,8.656090089215246,138.57800678739318,-887.6744535687824,8.87305684844584,-0.894590994230247,-200.91755078822138,-0.7082991265214196
110,1.1,-0.3459397464163778,699.6540602535838,-0.2854754786757311,0.9882126514663199,549.9786992362735,0.04152118162522633,-0.7957391422287028,299.2042608577713,-0.7352748744880558,-1.4110148224391077,398.6203134807172,-1.35055055469846,-1.2708292993184,197.8486457854258,-2.090889946833717,0.16592764207159394,99.86905816367155,0.3065671358943225,6.9783833241175275,1007.6671604801807,7.640548062205543,-185.85736430935026,485.74408648893774,-3.5969644678677652,-347.5771792028688,432.12434101844667,-19.51272296579255,-480.865477323944,210.22722793610765,-15.420683733063958,-525.0285592945293,82.84877260668866,14.475566914925732,-28.52072309192402,-206.05684486353383,-6.420191760537241,0.0709367648512994,-200.00101024040748,0.059454027333202375,-1.607303933863348,-201.69759350444542,-1.5395357621413002,-1.5636484710608303,-201.5794717206649,-1.5031842033201834,-2.26629515186675,-202.26629515186676,-2.205830884126103,199.01660904541308,485.9343705222134,-4.234499078692011,344.86253896650834,414.21872483537044,-4.444887813196932,417.05990786995795,155.09481879246633,15.278054687249146,496.5184192053347,33.15915868173229,-28.15825335677576,-18.198859607922113,-183.8686176386668,-18.350077197923444,-3.933701260734598,-203.9345085410843,-3.873236992993951,0.8066692634541892,-199.0766578348145,0.9838064329261388,-2.548448387290531,-202.99446825370185,-2.4842241476074665,-1.4339600385140452,-201.4204561634612,-1.3599918957205988,-150.44440564970114,-127.43239996991649,-22.11645604457191,-149.89457918395675,-477.66288217967247,-21.566629578827513,-149.53221674458405,-926.4895540767734,-21.454793008833153,-3.2531514895759375,-202.81313139739956,-3.1917152918698104,135.4934739290207,-88.66724167966787,6.560645692137056,137.33586300535518,-437.3028473421199,7.450650757896424,138.33456962104637,-885.8550063050706,8.191704786695144,-0.4472641060514081,-200.51798525035053,-0.38679983831076115
111,1.11,-0.22882417426220453,699.7711758257378,-0.21353641324602954,0.8259057320454899,549.8274635847847,-0.14711808988709207,-0.9397669929130348,299.06023300708694,-0.9244792318968598,-2.485914730331918,397.52425608058604,-2.4706269693157425,-2.0479336323201167,197.18700744418388,-2.797704794800067,-0.030482338603310732,99.5450279665931,-0.10694348854930424,7.36634356235431,1008.1296782070677,8.116787679216747,-187.15667446328533,483.917265350325,-5.05008254791649,-350.4302612631467,430.6434935187421,-19.4505967439338,-482.50868568688406,207.99439194967613,-14.63519152929614,-526.3346723578593,81.42223182426628,13.962505102896536,-28.722505308294117,-205.30357882251926,-6.235979820052734,-0.8956709729721727,-200.92566294689414,-0.9103751858779777,-2.5203087318997186,-202.36829307096986,-2.3213213476385994,-3.080933186498483,-203.0705507866108,-3.066017831496968,-2.7861488195035697,-202.78614881950355,-2.7708610584873945,199.70936850235597,484.7625396769256,-4.644867499030509,346.73600994994274,412.295350425935,-3.4683508319108434,415.64457313052924,153.8932958488358,14.509669520931464,497.8988013793405,34.47692605928265,-28.92334755699663,-16.76816176849632,-186.01539631206936,-20.118091354485266,-3.862678283256135,-203.8628020837074,-3.8473905222399596,0.3897913022409396,-199.56157219630163,0.45371556471457786,-3.2355885302870275,-203.53858888455568,-3.2054297917625636,-2.1731767629838137,-202.1705176923254,-2.1552299313092433,-150.75054425206278,-130.25498226259987,-22.23702934271426,-149.1850928827181,-479.58801259729137,-20.67157797336956,-149.11565888092207,-928.5715188328547,-21.052687298671543,-4.0217116235246895,-203.1798219658222,-3.9974343275141164,134.76850476345538,-87.12665485560746,5.771549467092898,136.5462213836897,-435.60479038208064,6.407138101351519,137.66352574272338,-884.4125380127838,7.216182192134774,-0.378598230847944,-200.5482494366682,-0.3633104698317686
112,1.12,-0.289287884408345,699.7107121155918,-0.28627754577652875,0.2699347293255212,549.3687156739436,-0.5881396656221715,-1.2279900628035865,298.77200993719646,-1.22497972417177,-3.319787187607213,396.68278439611436,-3.316776848975397,-2.786934822918859,196.69028285769116,-3.3067068036771214,-0.011123884024383746,99.53734285875414,-0.2308915804977903,7.660882226968045,1008.4997620567451,8.467127230561246,-188.43445267138156,482.15022966373795,-6.4195035099260895,-352.54304078915067,429.8598471216221,-18.550032193721158,-484.0854654481457,205.7287490436919,-14.05018669635034,-527.5434155874267,79.81920076343661,13.283156460562203,-28.89146020017582,-204.51174809478618,-5.98754070598461,-1.7264200066992381,-201.73615697503396,-1.7331466364021397,-3.4928110099051093,-203.02840692356978,-3.017385624712708,-3.76872781969248,-203.67899598900453,-3.7681458733215822,-2.9975454115807407,-202.99713558848163,-2.9941252498498256,200.49951592025587,483.8297092193695,-4.923031421573937,348.5863406368784,410.31946460723566,-2.4830343258244305,414.68781967217245,153.0567940930927,13.995717531605703,499.669031810421,36.245494576542896,-29.1030317937092,-14.946697847254143,-187.82738897038777,-21.39649749356084,-3.4646414822078997,-203.46464148220792,-3.4616311435760836,-0.27965194645516434,-200.2638619862533,-0.26085164762150426,-3.478132562146273,-203.6520934345849,-3.429316388033545,-2.8499011426050593,-202.8494933609124,-2.846483022280587,-150.9950701203403,-132.97718879520912,-22.201428578956588,-148.69206415425168,-481.46990128771387,-19.898422612867964,-149.1079647305547,-930.9825795170823,-20.927878067619403,-3.932217809166623,-202.70423549173302,-3.921782006087987,134.0388351639971,-85.60293259905829,4.976907980493703,136.12577224738862,-433.6226505582823,5.667666284150788,136.76109738830996,-883.0715729786668,6.057410539299257,-0.43626158439198415,-200.7532117638392,-0.4332512457601675
113,1.13,-0.44906160604033707,699.5509383939598,-0.4485999556592631,-0.19713523239278652,549.096470036892,-0.7794240939540333,-1.5117213528373135,298.4882786471627,-1.5112597024562393,-3.728120117889837,396.27238625696873,-3.727658467508763,-3.1693063776775525,196.55146593506709,-3.4480724145518713,0.04790158273128964,99.74048643270373,-0.13648001209945793,7.698093863036114,1008.6134824462254,8.550814163576671,-189.41978813254087,480.7229829554368,-7.448864584852629,-353.8772519323414,429.8050628865843,-16.807185407981517,-485.3401869002814,203.66532518671016,-13.343181440008216,-528.6427092726275,78.04841920317774,12.421025587554011,-28.36625235408373,-203.06340679873261,-5.083672850883757,-2.1234811288061843,-202.12594301994432,-2.125481369563224,-4.059658174980026,-203.17378024655142,-3.171741144572395,-3.4992457903882075,-203.28898632310228,-3.511116533494726,-2.896728594140682,-202.8940562118401,-2.893594561459051,201.28452996228322,483.0423197670366,-5.188859120616791,350.4803470756296,408.3692125143871,-1.4411792606924787,414.39031317381284,152.80601227257966,13.934180321502147,501.9280028288555,38.62509366348074,-28.555802545046067,-12.563735572076311,-189.1926454953513,-22.093589639035713,-2.7063997064684706,-202.70639970646852,-2.7059380560873967,-0.9862468829339351,-200.98225455577875,-0.9817929053976534,-3.312578633460434,-203.39509580329127,-3.2022344960246794,-3.254217733956085,-203.25421773395607,-3.2537560835750106,-150.8449592701707,-135.25588862353644,-21.69991402438982,-148.1184007047403,-483.0766499255701,-18.97335545895944,-149.29740996213056,-933.508880224515,-20.76918116007525,-2.8268716083831493,-201.43497947972457,-2.8222436761186196,133.51098876803218,-83.8912306639697,4.139476949859375,136.06308162400217,-431.3737636307411,5.195722155178795,135.83035172056447,-881.6961109283923,4.820595998525273,-0.4659131833661384,-200.9270729733236,-0.4654515329850639
114,1.14,-0.6052175311319341,699.3947824688681,-0.6052175311319344,-0.29816426143190977,549.2434344779574,-0.45995294733602954,-1.8161821319925642,298.1838178680074,-1.8161821319925646,-3.8181872980594185,396.1818903570403,-3.8181872980594185,-3.177311798788571,196.70638041679848,-3.293619583201516,-0.30970598692017726,99.69837419836827,-0.25015400512580505,7.547961596619893,1008.5407978319297,8.445455538994615,-189.87426493731726,479.90076905090814,-7.881025168400401,-355.0368814747624,429.86858268502107,-14.84513287868533,-486.2990693740075,201.76774357788278,-12.358558817307461,-529.6398064750745,76.10113940569809,11.358103656187376,-26.89477871257076,-200.77586813039156,-3.3527903510594763,-2.1530565774237633,-202.15357622743886,-2.1535762274388475,-4.047133422191225,-202.7555019975278,-2.755260087490263,-2.665007219321634,-202.35641475497306,-2.71378278174231,-2.603043559140126,-202.58947208199038,-2.589472081990356,201.85561868711204,482.14050512906647,-5.656290875939842,352.37292808579855,406.4108270644655,-0.3914368114702851,414.3943877795127,152.80137298155142,13.978230319854053,504.3389851811017,41.29276037345359,-27.608466206505614,-9.764704015143769,-190.2863558597335,-22.389811366753033,-1.7388076466384255,-201.73880764663846,-1.738807646638425,-1.660150110235136,-201.65936397440709,-1.6593639744070408,-2.968809018392134,-203.00056873044457,-2.7635215061596274,-3.41191376914057,-203.41191376914054,-3.41191376914057,-150.1609618857609,-136.94602681882347,-20.60118876504012,-147.4579895009383,-484.5360799240631,-17.8982163802175,-149.33271286696493,-935.827746691783,-20.20315999847146,-1.324300366430466,-200.0959598741574,-1.3225636017499784,133.34786420715943,-81.84825487112775,3.287115398077935,136.0967283933138,-429.1081454639998,4.7377010680870955,134.83149034085739,-880.4220870939959,3.410335773546823,-0.5753650823177971,-201.0979275849247,-0.575365082317797
115,1.15,-0.6099055944070673,699.390094405593,-0.6099055944070676,-0.10472914130972467,549.6564079288067,0.21055425800980782,-2.155330676156334,297.8446693238437,-2.1553306761563342,-3.7017850495448816,396.29821495045513,-3.701785049544882,-2.8642840175872317,197.0979736864316,-2.902026313568356,-1.2274917369973561,99.1916631865489,-0.7919710703734848,7.312141892511088,1008.3833394758026,8.254315140696402,-189.72107867320548,479.8152673294359,-7.586383403589057,-356.59947256125906,429.4663538986195,-13.254645084754364,-487.0541614656459,199.94059214937195,-11.047616772567963,-530.2406623272235,74.27178747372089,10.386018049414592,-24.706344237907473,-197.92066180059618,-1.0713561636357118,-2.062567834671112,-202.06286959030157,-2.06286959030154,-3.560563951877404,-202.09667968110278,-2.0966796811027266,-1.7208749427508465,-201.40019515138152,-1.8711142519344652,-2.1949180818738183,-202.14136103949693,-2.1412418485031135,202.3607527216551,481.22836302031067,-6.176244723160609,354.247139095347,404.4386650378806,0.6516741857657251,414.22891297685885,152.58025937858943,13.664075942143157,506.5353496160474,43.87235486216933,-26.635640457005614,-6.808658307640986,-191.34803323049005,-22.52448006970645,-0.7068285671616061,-200.70682856716166,-0.7068285671616061,-2.2815458540023403,-202.28142529616855,-2.2814211501910893,-2.5308843244052746,-202.54069139663426,-2.2321927565786486,-3.3136822427424817,-203.31368224274252,-3.3136822427424812,-148.93468985395498,-138.03516993494395,-18.899000425242093,-146.85602188581134,-486.07865316440495,-16.820332457098434,-148.75293489125536,-937.5247666705959,-18.883618198980887,-0.2016900577401448,-199.35746480669604,-0.20112621280140308,133.5719521359187,-79.46907911964101,2.539075880137358,136.0141392903871,-427.0286158833768,4.093263277133367,133.7260278347858,-879.3347866810202,1.784437076034104,-0.8746250355746851,-201.33578482553213,-0.8746250355746849
116,1.16,-0.32771006961362975,699.6722899303863,-0.3277985334743081,0.16443780528276142,550.0660915736104,0.8723698915226646,-2.3767602099263243,297.6232397900736,-2.376760209926325,-3.356421240745865,396.6435787592542,-3.356421240745865,-2.220126508402814,197.77033074473653,-2.229669255263424,-2.1729304184871796,98.62516954644704,-1.3790027746999072,6.940686860047173,1008.0911337597154,7.927888360189522,-189.13128636021855,480.3576295383883,-6.674691439072422,-358.52733053425226,428.62965207667196,-12.010201848813985,-487.57681901131514,198.21208484873443,-9.391125590055308,-529.9084337458687,73.09947913708574,10.042692925000713,-22.240350610741803,-194.95003829570476,1.3047966150278218,-1.9294800471626026,-201.930581687024,-1.9305816870239578,-2.715239584704363,-201.42336625000343,-1.4233662500034003,-0.8887929805616985,-200.64250041693188,-1.2491983475449668,-1.7159630291364032,-201.5514058136328,-1.5506285907215016,203.298913346708,480.78970635635824,-6.243083245787344,356.15855623919765,402.51953366078993,1.747260012807525,413.8572360685341,152.10873848192114,12.957797042593928,508.46881601092565,46.30760504811745,-25.691562900950682,-3.83786322926508,-192.4766170229002,-22.59576856737182,0.3821199257178074,-199.6178800742822,0.3821199257178076,-2.689195025330836,-202.6891950253309,-2.6891679901621446,-1.846730170744651,-201.8491325272043,-1.5082682827178047,-2.8803472429817956,-202.88034724298183,-2.880347242981796,-147.30137086213125,-138.65496733792787,-16.72974900485358,-146.28143030985896,-487.67468347334875,-15.709808452581283,-147.2849479514971,-938.3485133190493,-16.688260653968328,0.3555862301799188,-199.19273400885112,0.3557287925063273,134.0681013711243,-76.87906041268957,1.9966013250760688,135.8507047637703,-425.09672139146267,3.3045510745144253,132.79421738361506,-878.1581160881699,0.24274261062040248,-1.1716839039701434,-201.48863408341742,-1.1716839039701434
117,1.17,0.22845668709675016,700.2284566870967,0.22787983026258357,0.36290644543729567,550.3311729255314,1.2448059764409107,-2.3387993894531265,297.66120061054687,-2.3387993894531265,-2.779728851546211,397.2202711484538,-2.7797288515462104,-1.3419371083645397,198.65618381336503,-1.343816186634912,-2.3941551618001746,98.6322976363438,-1.4107860051308119,6.367454475006522,1007.5980124161697,7.400014512370674,-188.5136882091498,481.1107565088511,-5.563480310662529,-360.35535404360957,427.81732910899217,-10.658482084953182,-487.8016141301424,196.64818528027584,-7.500048206161237,-528.4536141662207,72.777885178142,10.521506665349868,-19.92349222052895,-192.28706837149133,3.349697446940199,-1.6420651653340124,-201.6462855880617,-1.646285588061663,-1.620702996364126,-200.73281230386823,-0.7328123038682135,-0.25549446553476307,-200.11284365287963,-0.928820335438131,-1.3675757723834903,-200.97490613645687,-0.9709590728280588,204.90958755821185,481.07666142875814,-5.5976371858932525,358.12220392067195,400.6795810243641,2.9142590749585717,413.5288749652909,151.63858811843073,12.110289790170187,510.20756822219187,48.66673424988977,-24.706162518722245,-0.9649208793182747,-193.7436368070775,-22.67459406205026,1.5017796414034428,-198.4982203585966,1.5019142776298915,-2.646074377366413,-202.64607437736646,-2.6459370814510574,-0.844819159062785,-200.84526875982314,-0.5461275912361585,-2.2157415711325337,-202.21574157113258,-2.2157415711325337,-145.6544307007653,-139.19555341265888,-14.487771746922473,-145.57843777292842,-489.12958726570935,-14.411778819085628,-145.2516027217489,-938.5933901624303,-13.996062620199009,0.7183547547671791,-199.0945867676665,0.7183828269536939,134.57930728178113,-74.34068588865131,1.5452831231616235,135.70192493667008,-423.2187027210706,2.4695129337454307,132.399479284108,-876.5215870383021,-0.8333728964406126,-1.0837846832269338,-201.25343588904727,-1.0837846832269336
118,1.18,0.8908633792910499,700.8908633792911,0.8879338585626917,0.44487106323804826,550.4368836042793,1.2431619418056448,-2.1099230100003137,297.89007698999967,-2.109923010000314,-2.0803874133632227,397.91961258663684,-2.0803874133632227,-0.5281300571870964,199.47158177682704,-0.528418223172948,-1.7078943031667109,99.37509105558061,-0.7640313147149331,5.717792152631775,1007.0292961103419,6.796022066217284,-188.30280581840458,481.48502586133714,-4.842793406447416,-361.78992907660125,427.31702478648276,-8.917675793490988,-487.80170709636644,195.17695376378254,-5.69054685991849,-526.4087751927134,72.7804745474925,11.296064274666197,-18.003624958339582,-190.16972199608887,4.822730524965376,-1.1711841489319004,-201.18349001314095,-1.1834900131409127,-0.5689383903878427,-200.0936847499538,-0.09368474995376475,0.06382591510392488,-199.87315757006763,-0.9158574448458076,-1.4526366486132398,-200.7272700425007,-0.7116591030186945,206.81613475227596,481.7515446463277,-4.576464963881233,360.04751329634496,398.839217934323,4.065920627066687,413.2738997269672,151.20639588369744,11.15320180598711,511.6413938477606,50.84418931048466,-23.783786524630244,1.5778230726479392,-195.34967209659442,-22.96155934979784,2.407515864217511,-197.5924841357825,2.4083938026972254,-2.101531774410239,-202.1015317744103,-2.1009887585312637,0.19972048188044955,-199.80034846662932,0.40500799411295685,-1.622140190469172,-201.62214019046922,-1.622140190469172,-144.52684420587224,-140.18678233630018,-12.707155509294331,-144.74683322612958,-490.4083957354005,-12.926794518173228,-143.4791112178292,-939.0323528662341,-11.588585242953878,1.1612430769844047,-198.78427265466925,1.1612473819936375,134.77441273311518,-72.1886570518769,0.8624658158281687,135.4991166642982,-421.4680904976642,1.5188406292821413,132.50046655876457,-874.4627677994135,-1.4758465381702826,-0.4580389079351197,-200.52824720312464,-0.4575260588254493
119,1.19,1.5013858544651475,701.5013858544652,1.4897993752231047,0.42646442696752995,550.4248916030433,0.9790380601466435,-1.8058839505993385,298.1941160494007,-1.805883950599339,-1.3571397416614337,398.6428602583386,-1.357139741661433,-0.056697261412777145,199.94324771342485,-0.056697261412776784,-0.6402705641190272,100.41221398703829,0.10271244552044778,5.2317358480791825,1006.6249935497663,6.355927752666754,-188.59272783682138,481.1459700628765,-4.84750794066745,-362.9312976446307,427.02336055409506,-6.899808988652996,-487.76767627697296,193.6095322103015,-4.2772336170005225,-524.6040729161407,72.28497750129885,11.544648347232915,-16.366396079393702,-188.4727447051246,5.846789443663344,-0.6976182756691196,-200.72439387198835,-0.7243938719883023,0.018500306866498395,-199.78338450072266,0.21661549927741203,-0.023724958741574764,-200.00232553288856,-1.1338516425639247,-1.9857877535253956,-200.9557568650803,-0.9076717862604655,208.38390407453136,482.2322456194513,-3.7616889918319245,361.8492616171617,396.92402125426923,5.12072644698892,412.88279154094033,150.61626506861973,9.879079100526956,512.612047520242,52.687415586073634,-23.076415122162196,3.5879783876861158,-197.47139688811717,-23.634013787394252,2.7396598024590086,-197.26034019754104,2.744118341947863,-1.2605674737518608,-201.2605674737519,-1.2588948670922115,0.850004384133439,-199.1499956158666,0.9598868711881205,-1.2794264401475524,-201.27896473119392,-1.279426440147552,-144.22598022171047,-141.93308010591113,-11.696580798710933,-143.9507959337402,-491.6559162395989,-11.419114149851724,-142.61371877336308,-940.2763409465751,-10.048908265950637,1.5669172725804208,-198.44400532513316,1.5669172725804223,134.44560570391266,-70.63380981526085,-0.31594482003420066,135.1247376528764,-419.97568920026697,0.325993188906504,132.6799621938273,-872.3994533253463,-2.09782103834739,0.3995644068985551,-199.6200511908125,0.4029086031787368
120,1.2,1.9803858610971996,701.9803858610971,1.9446969925162183,0.38348314457869903,550.383241944218,0.6798551684558101,-1.3397231077428564,298.6602768922571,-1.3397231077428564,-0.6578705678268278,399.3421294321732,-0.6578705678268277,0.03677597890864481,200.0363037993713,0.03677597890864548,0.1804739266519808,101.18870426501209,0.6824608140192661,5.018868113333918,1006.4946595506929,6.189294629101762,-189.0247443466716,480.3316631683904,-5.3399477543315585,-364.006542822286,426.7060297371829,-4.843685068560306,-487.81165476176056,191.83600813799245,-3.281568754750142,-523.4624961690333,70.8780917015839,10.854909995700481,-14.560506706168026,-186.7349534733787,6.8810103969828225,-0.44136495258796005,-200.4829342741051,-0.4829342741050692,-0.06734530072327627,-200.00302671468594,-0.003026714685898768,-0.44453174834312825,-200.43889773969903,-1.4242151082928607,-2.516729900170548,-201.41041456722695,-1.2950644596376484,209.26409674657492,482.1945937019461,-3.4777970259389583,363.58172729431357,394.9988537393547,6.136528752830012,412.30482082139076,149.8332566935051,8.23992967361199,513.1887273236937,54.27130319364784,-22.510033372648266,5.133511467284713,-200.01772690630378,-24.60254586660893,2.347479642264781,-197.65252035773528,2.3651135080153702,-0.3625740949695724,-200.36257409496966,-0.358561720177214,0.8863049846282898,-199.11369501537177,0.9321108201092019,-1.0792102803188155,-201.07619955974573,-1.0792102803188155,-144.6187846172935,-144.29863401127022,-11.324503146108556,-143.3266583299694,-492.99491693895806,-10.020786073796366,-142.6373353816683,-942.3027449770301,-9.33039943649587,1.7527337115018433,-198.3254934358759,1.7527337115018453,133.66440502368098,-69.60732845705999,-1.9675330692694062,134.6232120360502,-418.73162288259266,-1.094825746627416,132.65077480479798,-870.6209586759431,-2.9843596979226636,0.9351743839349711,-199.05364753104428,0.9521576139883107
121,1.21,2.197978755635694,702.1979787556357,2.1123656105271387,0.39780992182019426,550.3978099218202,0.5214567095393435,-0.5869205792007364,299.41307942079925,-0.5869205792007366,-0.11918874020519787,399.88081125979477,-0.11918874020519699,-0.09810876625990095,199.89924192117195,-0.0981966277931291,0.530291278897924,101.45429707998188,0.8312976649722341,4.9933462565729325,1006.5524232070968,6.2102602464202405,-189.18721209449205,479.57462626831705,-5.788270145179644,-365.1236265698076,426.25652736737607,-2.8691303441398923,-487.8687103521603,189.9240333781524,-2.4422992629260305,-522.8458041778279,68.70948416510245,9.377852741462604,-12.175979990101933,-184.53676758433758,8.343268216612907,-0.4318466078122783,-200.47204933473017,-0.4720493347300777,-0.6372461879499853,-200.62098390265362,-0.620983902653562,-0.9609512558577097,-200.95978141016423,-1.6342771257610775,-2.487726570750869,-201.62511297567903,-1.4096106034859388,209.51869047163552,481.65643687897045,-3.706930346348339,365.3954601371842,393.22459993249635,7.267303887216701,411.78155679228973,149.09762527352586,6.480724233999119,513.6277362851079,55.85878860864118,-21.825277596673253,6.467683587762908,-202.7132000646317,-25.5948785196028,1.4619545863152776,-198.53804541368476,1.5162707167118028,0.4866118514405784,-199.5133881485595,0.49410795442610556,0.4189075571665582,-199.5810924428335,0.43377853467484695,-0.8420366574180174,-200.82674695674382,-0.8420366574180173,-145.2762546283658,-146.85187280410673,-11.16362509217247,-142.94046539182187,-494.4702411236561,-8.781993411721807,-143.14091311239548,-944.7128803352913,-9.024906411755943,1.717239464158328,-198.4772547587672,1.7172394641583293,132.75353355514187,-68.78900217016479,-3.7924337754317268,134.17123439831784,-417.6272717761832,-2.6305831973241514,132.53671639770158,-869.0058193276051,-4.00974111818635,0.7743509157523933,-199.15962220721687,0.8415208936163605
122,1.22,1.9715995645647049,701.9715995645647,1.8116531523125874,0.47016876065528784,550.4701687606553,0.5103109953692437,0.2648737151067957,300.2648737151068,0.26487371510679525,0.03227517745306763,400.032275177453,0.03227517745306829,-0.27166689573715924,199.71679898880365,-0.27223982490297816,0.49339235989620117,101.23783734499779,0.6541242683685635,5.0001901439585765,1006.6432757023221,6.263824458670387,-189.0734703686073,479.12287944917705,-5.9458586529960264,-366.30599977204724,425.65119256852097,-1.0119429890365497,-487.7692226849543,188.04644368614856,-1.4638299453327692,-522.3867412218063,66.15950192280718,7.495522363588001,-9.225507314153187,-181.87980889728954,10.230600659754144,-0.4500199209830317,-200.45768702953973,-0.4576870295396048,-1.2947177955998557,-201.29151556175958,-1.291515561759488,-1.3051581494282036,-201.30494626971984,-1.6655635164114724,-1.7017801582448717,-201.2743567140211,-0.960802612650327,209.40459651845214,480.7809035631956,-4.284906468888003,367.36816985316113,391.6890213342604,8.594024931758794,411.623822271499,148.6828812310814,4.916339623709286,514.14666310701,57.68394559825981,-20.803395103316902,7.736788812128899,-205.39013228913745,-26.45152438586846,0.5498853517888154,-199.45011464821124,0.6801829750609333,1.2419080835991525,-198.75809191640093,1.2528148490861888,-0.2520925620970901,-200.25209256209718,-0.24833259015467313,-0.5630447679965196,-200.50257282875936,-0.5630447679965199,-145.77177228486678,-149.1638053056986,-10.78922654322701,-142.82546218280754,-496.0762905355223,-7.701711773050667,-143.84248413899863,-947.2337982445897,-8.859219482118,1.4899547254872523,-198.87428065619565,1.4899547254872536,132.155713734932,-67.73842436096312,-5.3541006361314025,133.9409101722203,-416.5672691102329,-4.181481185230543,132.71352419201065,-867.1806139038846,-4.79629017905274,-0.013369828687996688,-199.8066470313204,0.19352826887004443
123,1.23,1.317632241961006,701.317632241961,1.0849115853351905,0.5175315906856458,550.5175315906856,0.5276811370854214,0.7912505921967671,300.7912505921967,0.7912505921967664,-0.2629120509829517,399.737087949017,-0.26291205098295145,-0.31191749645215955,199.64812560132447,-0.31482707083481143,0.1857007103162665,100.67940137398429,0.2600666253129443,4.9217416408437735,1006.6495297603337,6.232308872228467,-189.01052010899778,478.8093190972523,-5.985022261088667,-367.61769211329033,424.8160184069434,0.6484198734210997,-487.3452552107827,186.3748815359765,-0.1748551711958023,-521.7597403386465,63.56837994593144,5.550191413859323,-6.103947575090478,-179.14597654721751,12.160155733881956,-0.20127320829209777,-200.15291189396038,-0.1529118939602881,-1.7299911007224429,-201.7295000222581,-1.7295000222580237,-1.2922935222375935,-201.29228298100807,-1.4425328314212131,-0.40689663331252257,-200.36558327867817,-0.010279933757091547,209.21416866840661,479.7710046823314,-5.005290264896446,369.4040977309901,390.3060958853662,10.024018243814888,412.04286486005003,148.7421899786335,3.762716189586187,514.8170229119036,59.862356856161526,-19.373487030105665,8.88682629918169,-208.08192461193352,-27.22594355280558,-0.006553268021752157,-200.00655326802183,0.23687473991940866,1.7857432344611377,-198.21425676553895,1.7981022189007356,-0.7899911120795172,-200.7899911120796,-0.7892507297056153,-0.3898858570694917,-200.2036191709443,-0.3898858570694918,-145.8982246156354,-151.02514512896997,-9.996281191943993,-142.94473554622434,-497.73292366982,-6.704059732793954,-144.65140161562485,-949.7782118797367,-8.74934794271054,1.029892948616457,-199.5000664046323,1.0298929486164576,132.23947674009077,-66.08917898555424,-6.283601146370022,134.05885927881252,-415.41697641131657,-5.6086630860826965,133.5237845632194,-864.8048711624257,-4.999293323241346,-1.0172327720747045,-200.52091003747404,-0.5209100374739262
124,1.24,0.5211143109787826,700.5211143109789,0.2574072589265436,0.4111961592314224,550.4111961592314,0.41319472341556457,0.738177373849114,300.7381773738491,0.7381773738491135,-0.7606205337168013,399.23937946628314,-0.7606205337168015,-0.15468820154328464,199.73481532565984,-0.16619579145771715,-0.29296715660066297,99.96775751771455,-0.26426433269515437,4.7417060040725865,1006.5548610482602,6.099398246200209,-189.25185068065784,478.4033996179221,-6.151344872430183,-369.21172309425765,423.56575378928034,1.9352984456322866,-486.5676020299592,184.9427421022795,1.3984688840514279,-520.7805381815186,61.13652494834099,3.7446171752445383,-3.261102504812179,-176.7710656284405,13.695592345896749,0.37932420984811843,-199.52496992022355,0.475030079776553,-1.8537956473927628,-201.85379564739281,-1.8537956473927626,-0.8951051743296067,-200.8950834406558,-0.9438624253126082,0.9235487978195794,-199.22467086513632,1.08888323623448,209.2269050619997,478.8206174828063,-5.667089452873983,371.25930057368794,388.8412709406258,11.316233048802324,413.1145864641104,149.32335581134942,3.1010710773485832,515.5001404559498,62.34675837989718,-17.676500102286937,9.797229562490394,-210.8900783902286,-28.05744322773848,-0.14663405803945384,-200.14663405803955,0.20755160359254676,1.8938270434368527,-198.10617295656323,1.904733808923889,-0.9842069321615448,-200.9842069321616,-0.9840933908471425,-0.47609079572239144,-200.02926024428746,-0.47609079572239177,-145.74020707167168,-152.5185179432982,-8.871655449607863,-143.23059922495716,-499.37607467880247,-5.729212185112109,-145.4586043332013,-952.2369152048279,-8.590052711137497,0.3492417142701157,-200.251280907052,0.34924171427011624,133.0227266899724,-63.825272526776246,-6.56142174651824,134.54260227108114,-413.97453394501383,-6.706490725867223,135.00469706902413,-861.8433021477246,-4.579239037294928,-1.8336367251133332,-200.90638378261383,-0.9063837826137235
125,1.25,-0.1669603213069999,699.833039678693,-0.399680977932816,0.02650756256793252,550.026507562568,0.026814052312128744,0.19030809358603906,300.190308093586,0.19030809358603873,-1.1089256017580016,398.8910743982419,-1.1089256017580018,0.07798490070879836,199.8333341144949,0.04253902836392448,-0.8347731508046516,99.27337106899786,-0.8258070414876084,4.58103040987797,1006.4801867147257,5.986019028544513,-189.78635474548733,477.8842226599238,-6.496305084388334,-371.2488477663996,421.68620047695276,2.6512273422773434,-485.6572558467759,183.53369618276187,2.986563770911126,-519.4457355538414,58.88484136620657,2.102339547629039,-0.9474327720991874,-174.9913433492825,14.600520643261039,0.989633149264286,-198.90401167619547,1.0959883238045975,-1.7679074370805843,-201.76812110123723,-1.7679074370805847,-0.2893344807473465,-200.2892142098977,-0.3015474686620299,1.8344731077378205,-198.32735303108456,1.8881493411085246,209.60690048146003,477.9966108431463,-6.195390250030686,372.678807609105,387.0485905703151,12.218384879861027,414.72466270498035,150.34400984365686,2.822999060396346,515.8227186937136,64.8764530431367,-16.089932481613317,10.436962625239264,-213.8291459538804,-29.002193537666905,-0.08809973708221036,-200.0880997370823,0.31324519749454155,1.368443503439982,-198.63155649656008,1.3759396064255092,-0.8651317616157816,-200.86513176161586,-0.8651317616157819,-0.9036438478266731,-200.06885447645107,-0.9036438478266732,-145.55509264610473,-153.8995337496242,-7.675172376199525,-143.703947643607,-501.12761864738843,-4.903257273963788,-146.1276276895111,-954.4720687930305,-8.247707419605867,-0.42881604923615824,-200.95877540248492,-0.428816049236158,134.05751966332878,-61.396351842847,-6.633762410552012,135.21599149671312,-412.1292600182286,-7.360775965255308,136.72360426012798,-858.7302672460478,-3.966293247110318,-2.298370063855703,-200.94922499333939,-0.9492249933393065
126,1.26,-0.7298918822063374,699.2701081177937,-0.8898382944584562,-0.6078121590124882,549.3921878409876,-0.6078121590124885,-0.5578869471587149,299.44211305284125,-0.5578869471587153,-1.092092443255436,398.9079075567446,-1.0920924432554362,0.21959630281810583,199.78483363742652,0.13456607537687648,-1.359288860218358,98.67571802303365,-1.3571016254966248,4.581843697327072,1006.5676051439151,6.03427910786663,-190.41207934636842,477.43315995964883,-6.873184766205065,-373.69446804778136,419.16688038484904,2.790902382852023,-484.90473897089066,181.86234815424842,4.274533976900495,-517.8593584524485,56.728045616807194,0.540965159369427,0.9152359727908408,-173.71459226597807,14.967472311234399,1.2173942378283935,-198.70038178005015,1.2996182199499278,-1.6127212091767804,-201.6141144744945,-1.6127212091767804,0.23887764711242543,-199.76051579096995,0.23705564638611665,2.1098855792898927,-197.99189305114967,2.1234570564396624,210.32731151929767,477.2473369857489,-6.643467089762332,373.6141693844651,384.88821629791533,12.684491931139686,416.56176090048984,151.55483902768563,2.6237663814211585,515.4623646555692,67.14568387417343,-14.943331727618567,10.935409515100119,-216.762241366655,-29.913521425571815,-0.041070665140317986,-200.04107066514035,0.31311499649168295,0.30161411973634916,-199.6983858802637,0.3056264945287077,-0.5661257706649768,-200.566125770665,-0.5661257706649774,-1.6350691381059783,-200.42045776973998,-1.6350691381059785,-145.51707375690037,-155.34083122393946,-6.583647685130556,-144.41248285795444,-503.1928711108452,-4.435687572036293,-146.57395369322828,-956.3977111602674,-7.64052762145841,-1.1405738951088347,-201.5047796380415,-1.1405442563586043,134.75977416047704,-59.38799126565947,-7.0855541419674495,135.83499168900698,-409.9819107364758,-7.668462094471255,137.9941378700192,-856.1536275561174,-3.8441590228297557,-2.3875565263336376,-200.8587748767153,-0.8587748767152488
127,1.27,-1.2116029732540294,698.788397026746,-1.2972161183625859,-1.187142293586164,548.812857706414,-1.1871422935861644,-1.1267387579201285,298.87356565982327,-1.126434340176636,-0.7034517287128023,399.2965482712873,-0.7034517287128027,0.2680962215147499,199.64696918329224,0.10923884283813093,-1.772276218852998,98.23696435792769,-1.7718455291133688,4.706461306245971,1006.7794009043035,6.2064727598095395,-190.84721286857052,477.30048199429814,-7.027341810730971,-376.1996407656146,416.3687051528724,2.6971842707674782,-484.29236412086607,179.9519622368266,5.271234842326026,-516.0776760246965,54.62971326082168,-0.9728174614603975,2.706097413084717,-172.54777834674616,15.19024296585378,0.9234713408561623,-199.02955416147103,0.9704458385290459,-1.4189126649502712,-201.42598825006345,-1.4189126649502715,0.5123037888265383,-199.4852978600009,0.5143297078553937,1.8879830505421715,-198.15742964597712,1.8907386383762521,211.26873112447112,476.59133312433227,-7.014596090642167,374.3127114867275,382.61565421300804,12.964117222446308,418.280136647237,152.6515583784785,2.1650313602684483,514.5928094727727,69.11498037684687,-14.074061134231174,11.477789433088553,-219.51803596547407,-30.498637240135942,0.0021279485070392345,-199.997872051493,0.24555595644820072,-0.8268925635893624,-200.82689256358938,-0.8252199569297128,-0.08114386773435278,-200.0811438677344,-0.08114386773435323,-2.4798449312807787,-201.10350993813944,-2.4798449312807787,-145.5684210205856,-156.7833382520841,-5.5421419643693195,-145.21319327433037,-505.5073404060909,-4.266144118376115,-146.66935609491816,-957.8842733264167,-6.6430770387019225,-1.6103450801048902,-201.80511296189243,-1.6101518111756856,134.90604658659808,-58.02491537801818,-8.148150254602589,136.31152368158232,-407.766618247518,-7.859222760195497,138.40582652674567,-854.5251354378706,-4.620475436597727,-2.0330061630352656,-200.6838610925189,-0.6838610925188695
128,1.28,-1.552406548838683,698.4475934511613,-1.5880954174196649,-1.3366448297348545,548.6633551702653,-1.3366448297348548,-1.2137148240613047,298.78827022898093,-1.211729771018971,-0.15356297523942786,399.8464370247606,-0.15356297523942852,0.3164480648410663,199.602605589764,0.08531194271783343,-1.9104073326851863,98.09387509412045,-1.9103412990055197,4.7613358592235535,1006.9219953416452,6.3090312376399424,-190.9054029854309,477.57748725499096,-6.781839003120062,-378.30479861596643,413.84483074630054,2.8936530566111744,-483.4690853886716,178.15959674435595,6.325258432140831,-514.0616317728814,52.64970385299574,-2.3758466502552364,4.78410307892343,-171.11835789371764,15.642592524510144,0.28894018694517076,-199.6907287219861,0.3092712780139554,-1.1944372433947328,-201.22235247046865,-1.1944372433947328,0.5712884777519378,-199.42132416103988,0.5786758389601567,1.4704688345397003,-198.5447322818432,1.471421225872722,212.31928498815665,476.1370755379817,-7.233844759734978,375.0780888212935,380.54228428276235,13.362912359409851,419.68437545454304,153.44542451533775,1.2605775676877258,513.8385247253166,71.01526914043316,-12.87180483032266,12.1060020323356,-222.10165564964183,-30.55655851780192,0.16379684514512594,-199.83620315485493,0.2940944684172442,-1.4696999429420181,-201.46969994294204,-1.4691569270630436,0.6604084993429711,-199.33959150065706,0.6604084993429709,-3.178591446519026,-201.963980078153,-3.178591446519026,-145.51529945231675,-158.0320891884776,-4.359769665389197,-145.7616294929157,-507.64558381129535,-3.97355589657816,-146.22542705828073,-958.7422167944417,-5.069897271353192,-1.659626548187384,-201.7399169466247,-1.6586450475780163,134.71688210518838,-57.08764712349388,-9.62025355282978,136.66913755097266,-405.74943286426765,-8.194359979175125,138.1080731501869,-853.6965038338121,-6.142895148890199,-1.1959848645809492,-200.26873192208137,-0.2687319220813399
129,1.29,-1.7205568846638362,698.2794431153362,-1.73214336390588,-1.0296541536786978,548.9703458463214,-1.0296541536786983,-0.8524118201806127,299.1576691109793,-0.8423308890206139,0.18527396849272215,400.1852739684929,0.1852739684927216,0.31126873570310776,199.6516274067867,0.049357196471301525,-1.6892493556729713,98.32391475678216,-1.6892494322852905,4.6610529085889105,1006.9099423371108,6.256518527919934,-190.73411637893457,477.9813128734829,-6.286696579031631,-379.7834548331815,411.9480317226811,3.7117167868683483,-482.1836331581305,176.74295257291095,7.6871235492943875,-511.76336671209015,50.85748597195905,-3.595197581612682,7.115437337830041,-169.44689398102625,16.305632824900783,-0.43751051054366086,-200.43076244403989,-0.4307624440398462,-1.1356832623131623,-201.22142993649302,-1.1356832623131623,0.5697150040356598,-199.41256363767437,0.5874363623256685,0.9974805996011921,-199.0064664640276,1.0002359884493184,213.32709156691743,475.8654115871119,-7.337303913798987,375.9492878562194,378.71433935373045,13.921353521033978,420.7213233477454,153.8760350064166,-0.12978971585178664,513.6544594338088,73.00577983564878,-10.896011472172676,12.745429198305947,-224.64460487794491,-30.080274367293836,0.46516239329438447,-199.53483760670565,0.519478523690909,-1.4777012791063213,-201.47770127910633,-1.477563983190966,1.4804583660526391,-198.5195416339474,1.4804583660526387,-3.5328308489978104,-202.69804147762224,-3.5328308489978104,-145.21290243952052,-158.94135918594776,-2.8948252258690808,-145.80784868483627,-509.19757304152455,-3.1529406068885066,-145.2866017540434,-959.0150585004707,-2.968524540391948,-1.2081584443818065,-201.2306616567206,-1.2042765341681632,134.4981671448144,-56.271154965801784,-11.219147786822642,136.82715174223682,-404.1981408175738,-8.937216789830698,137.5669702141267,-853.2026633002724,-7.942349641969559,-0.08720800263581951,-199.5908852680351,0.40911473196495846
130,1.3,-1.8482885979786376,698.1517114020215,-1.8512181187069963,-0.663967027875499,549.3360329721245,-0.6639670278754994,-0.4148277584518668,299.62504309772436,-0.37495690227558937,0.010340424855086905,400.0103404248552,0.010340424855086239,0.059940043618269545,199.57057342172885,-0.17119607850496332,-1.3193610703080036,98.73155946367123,-1.319448797809509,4.553288189850522,1006.8908855720583,6.196588612749286,-190.79865766563785,477.97887229152605,-6.008467379222586,-380.7309284879992,410.6386957110855,5.10453959749233,-480.60361035833205,175.5412588132242,9.189501745407298,-509.2278650039773,49.2303331718298,-4.650022475162657,9.297163474987077,-167.92354112659228,16.79117466239396,-1.104756383162742,-201.10302758066155,-1.1030275806615284,-1.5440664503772075,-201.7485519500564,-1.5440664503772075,0.6176193318040221,-199.3492728122105,0.6507271877895398,0.4285883264405418,-199.57218889647078,0.4394861007363634,214.0742732832181,475.550758118325,-7.534076974434421,376.70499968156156,376.91725677146974,14.418715631063469,421.37708436637615,153.9294698662337,-2.0013885581719477,513.8632394899813,74.94210900656236,-8.336980193906951,13.441685818188859,-227.08027304126352,-29.096422402927793,0.8122145176592023,-199.18778548234084,0.829848383409792,-1.2096983151325882,-201.2096983151326,-1.2096712799638978,1.9263326203445066,-198.07366737965555,1.9263326203445064,-3.42807523544111,-202.98124468400619,-3.4280752354411095,-144.6896613005332,-159.53887341065902,-1.1789841588250036,-145.43501187894114,-510.14301932094986,-1.792786812123559,-144.32639112647198,-959.1756032365979,-0.8157139847637469,-0.38690294544146575,-200.38161702391687,-0.3749458201954129,134.3797993869268,-55.44618326736291,-12.81252821690858,136.6480394996093,-403.2610445925822,-10.232141767853408,137.15638484034488,-852.6711792528436,-9.642474586059594,0.8590536915096962,-198.9340482109323,1.0659517890677366
131,1.31,-2.0889035967411083,697.911096403259,-2.089480453575275,-0.6332368924735582,549.3667631075265,-0.6332368924735581,-0.23071354630462607,299.8920973366703,-0.10790266332966855,-0.6583427990030146,399.341657200997,-0.6583427990030151,-0.4932683591656198,199.21595844088944,-0.6521257378422386,-1.2149442455151043,98.94160124829129,-1.215515258155668,4.631661192916281,1007.0584121107547,6.322839049893954,-191.4825602740616,477.2529192794144,-6.331430607020394,-381.39834638669015,409.60047548811735,6.7553728155030885,-479.1276204140369,174.16312508096595,10.43464112784359,-506.6445746110754,47.601539633323306,-5.703372006720041,10.911398972947339,-166.95399773649257,16.695515687483493,-1.6422814171813278,-201.6419341285084,-1.6419341285083746,-2.4370996091445063,-202.81434286376503,-2.437099609144507,0.6861305096231418,-199.26569784416154,0.7343021558384866,-0.20217150687287652,-200.20229069786672,-0.16860399887118055,214.40253634869111,474.96256629494485,-8.021636089362342,377.1387155229012,374.95075432798546,14.64546117642109,421.7424910969471,153.70508430236487,-4.243010457035169,513.8661555186505,76.52132351885572,-5.806401407755533,14.335103183168968,-229.08344020000607,-27.614475512877704,1.129926745192523,-198.87007325480752,1.1343852846813776,-1.198192392947911,-201.19819239294793,-1.1981882469705134,1.6601286193592057,-198.33987138064083,1.6601286193592062,-2.8426576386905293,-202.6562858966164,-2.842657638690529,-144.17876409495523,-160.05732481405818,0.5511872013676153,-144.9461846335584,-510.77890290875473,-0.20858405281806824,-143.91491842269133,-959.7934791417945,0.8150328736314947,0.491264494806555,-199.48136549075429,0.5199481471461815,134.41248286697177,-54.56245824960198,-14.292735404446635,136.20909999691432,-402.7868524536293,-11.924168245159073,136.98949089961127,-851.9917049291397,-11.129070822844085,1.2894516055772298,-198.64337841655887,1.3566215834411959
132,1.32,-2.4598681462718357,697.5401318537283,-2.4599566101325134,-0.9781587333473221,549.0218412666527,-0.9781587333473221,-0.36286881333314136,299.9317391796658,-0.06826082033423081,-1.5360079741670338,398.463992025833,-1.5360079741670338,-1.160225147349491,198.70180086493298,-1.2452553747907196,-1.6608324903988825,98.71317307462296,-1.6637298309670103,4.940997354514734,1007.45731460446,6.680073174217761,-192.7563344141958,475.96551410683844,-7.226867282988213,-382.1101469774324,408.38798511986226,8.217781064982432,-477.9907344352281,172.3810549115145,11.188893611050476,-504.32908096415304,45.67857888986222,-7.044074296475986,11.777471790192585,-166.7074756206218,15.84968795106157,-2.054772465294493,-202.0547192068516,-2.0547192068515665,-3.4045111723140487,-203.9386550943741,-3.404511172314049,0.5482461625413767,-199.39716821106805,0.602831788931977,-0.7521501503300665,-200.75215015033012,-0.6716258847047549,214.34413541474834,474.07345831825535,-8.806080588376915,377.1920646474167,372.7621505391105,14.531280319385473,422.1705267833421,153.5560364191168,-6.49377250538475,513.1974177981651,77.58610064200487,-3.7857365696660263,15.303309555993573,-230.49716516085937,-25.85529204621701,1.363237753133916,-198.6367622468661,1.3641156916136303,-1.726920413911555,-201.72692041391159,-1.7269204139115555,0.7790122707546521,-199.2209877292454,0.7790122707546528,-1.9708583876392654,-201.9097827783158,-1.970939768393459,-144.02546493003194,-160.84168171394893,1.9469320255846907,-144.61861183229354,-511.42323783122254,1.2477326949390053,-144.23552621564062,-961.0517429995577,1.736870739976038,1.0644476748613587,-198.88216566050744,1.1180357923892577,134.71007168305638,-53.506346032916696,-15.455794919993254,135.82982031174876,-402.3907347811946,-13.624855794541036,136.95001726498546,-851.2856663208208,-12.519797199870471,1.1379495576613716,-198.8450672122853,1.1549327877147102
133,1.33,-2.9163857515209917,697.0836142484791,-2.9163857515209917,-1.5330473164696439,548.4669526835304,-1.5330473164696432,-0.7925388366223597,299.757861355325,-0.24213864467492413,-2.3813586801667634,397.6186413198333,-2.3813586801667634,-1.704996264143802,198.24288708742688,-1.7404421364886753,-2.621027995409882,98.07166480235281,-2.632482527360083,5.395499337163143,1008.0017625822192,7.182471385759326,-194.30494212215663,474.51703632801946,-8.380534038039363,-383.2530453981455,406.5372204077167,9.024086607193722,-477.09816408433164,170.29775409073824,11.549034341335911,-502.56698747851357,43.199053194547005,-8.930823651393869,12.01043115189076,-167.0583070551678,14.374358125680697,-2.4300422627242053,-202.43004226272424,-2.430042262724205,-3.9380523861666745,-204.5076536152011,-3.9377529351657654,-0.09319022098838878,-200.04501857477308,-0.04501857477304393,-1.2025840158737384,-201.20258401587378,-1.052144882144051,214.1574846672944,473.1135750354473,-9.656308095259007,376.89880657175087,370.39034121739115,14.084069227330431,423.19371865315657,153.98988127778009,-8.23971684156466,511.8392781161685,78.26716868268039,-2.3117928900767204,15.898298905324143,-231.62707252672828,-24.275373038259257,1.3870693775654286,-198.61316507670065,1.3869695595258076,-2.6495289257892836,-202.6495289257893,-2.649528925789284,-0.28925105453223793,-200.28925105453226,-0.2892510545322376,-1.233611713803829,-201.21537370707767,-1.2341423829818057,-144.44177643096856,-162.10387786297014,2.792620692781915,-144.61335966899907,-512.2731787401118,2.341108417579008,-145.02701401930884,-962.6891154513105,2.2073831044416283,1.0828182625266898,-198.83921148654468,1.160788513455334,135.3648859753482,-52.18553908276205,-16.155917999132537,135.78333880016214,-401.76772074525627,-15.025635395134213,136.81359733506068,-850.7830441422093,-14.040960305041908,0.5684246905151341,-199.42823111320467,0.5717688867953147
134,1.34,-3.394561702386863,696.6051507251157,-3.394561702386863,-2.163215780956098,547.8367842190439,-2.1632157809560986,-1.5315348902141608,299.2692926636736,-0.730707336326432,-3.085293070230028,396.91470692977,-3.085293070230029,-1.9889819983289596,197.99539729038264,-2.0004895882433917,-3.7433827582255006,97.24586991696422,-3.778658402394341,5.8275239616359835,1008.5240793953109,7.66236809140434,-195.81241253158345,473.2275070138839,-9.477277099870285,-384.97163755771777,403.8981964484151,9.019014254788367,-476.12033048970756,168.2510412229149,11.847182963808663,-501.3332470173457,40.21119085315959,-11.31172147704116,12.041083821702156,-167.56601733562243,12.696445043006353,-2.80231986390738,-202.80231986390737,-2.802319863907379,-3.780702098859482,-204.21561696769834,-3.778749433047153,-1.1972749309878388,-201.16416707500235,-1.1641670750023203,-1.6598988439509708,-201.659898843951,-1.4410111959516765,214.2757032586993,472.5073772590237,-10.156506240484525,376.4087255950253,367.989680412536,13.42388278682299,425.18999314683094,155.3434243285154,-9.136735160697786,510.13321851314936,78.88884089359969,-1.0643701856448717,15.862409972982725,-232.86245614671083,-23.098833579312767,1.1034472073434325,-198.8980816265176,1.1019183734824023,-3.505168508747219,-203.50516850874723,-3.5051685087472197,-1.0920516004502412,-201.09205160045025,-1.092051600450241,-0.9513918419795555,-200.93731646791082,-0.9540868024354392,-145.2280412539829,-163.64438089617093,3.2841899594741495,-144.93672412473111,-513.3527137555408,3.0486167965349886,-145.8434762410052,-964.2598158831934,2.668754972451849,0.6144876697746499,-199.29716046100032,0.7028395389996744,136.3071620566736,-50.66960916848816,-16.482566114676473,136.14146459734556,-400.83530662781624,-16.040454875648184,136.5214087132617,-850.5417061501623,-15.746854397994266,-0.12452949988190798,-200.12401665077223,-0.12401665077223889
135,1.35,-3.6354681278285192,696.3626566639308,-3.635468127828519,-2.6395200877225173,547.3604799122775,-2.6395200877225173,-2.390782058066822,298.51667444579437,-1.483325554205651,-3.4616924605832256,396.5383075394168,-3.4615786961778623,-1.9019948344190978,198.09430129812287,-1.9049044088017488,-4.412154556283781,96.66417395594769,-4.496768724256638,5.939865731354754,1008.7270257537668,7.822535238570434,-196.9809586759966,472.3597145298809,-10.220147778852244,-386.7231878731436,401.04288314292387,8.768689828363701,-474.66079340722524,166.6458840263196,12.48286257496369,-500.12258882927773,37.2432484284366,-13.654912192988494,12.504240871126994,-167.58717680047246,11.443875373282456,-2.962175997909338,-202.96217599790933,-2.9621759979093376,-2.9326821325981385,-203.12689160427107,-2.9227656773635546,-2.1528575176997453,-202.13513615940974,-2.1351361594097353,-2.022866739917537,-202.0228667399175,-1.7748345401917012,215.13407437121344,472.6889149535198,-9.879891760309764,376.0807003217876,365.9230384251253,12.913814277021494,428.14908365471837,157.58462599567122,-9.206688438476133,508.4965218876973,79.77115956856247,0.3515063977317844,15.55220001455083,-234.1153566257151,-21.941742015747685,0.6875436722114736,-199.32022038677306,0.6797796132269334,-3.779100986796297,-203.77910098679627,-3.779100986796297,-1.302714673483648,-201.30271467348365,-1.302714673483648,-0.9803171943094613,-200.9481316659962,-0.9909759696777203,-145.74258781197827,-164.82184434292031,4.059498393065061,-145.33699673735697,-514.4162532682991,3.697959352552159,-146.2480032131503,-965.3272597440923,3.5540829918930297,0.1568605619580643,-199.7651691871133,0.23483081288670815,137.3567515988311,-49.13831191505085,-16.66988110873057,136.93474600979465,-399.56031750408727,-16.63267920968001,136.42512030137084,-850.1955724648897,-17.26793417048227,-0.5374253236344012,-200.53742532363435,-0.5374253236344015
136,1.36,-3.2229027528899246,696.7675741538816,-3.222902752889924,-2.548363399843278,547.451622789657,-2.548377210343005,-2.913125614135997,297.88770193975176,-2.11198358005425,-3.252083007464524,396.7479169925355,-3.251341170354816,-1.378930758458131,198.62038294196978,-1.3796262810791036,-4.0362471845726215,96.83080207238856,-4.194320463688763,5.419312640548767,1008.2973555468094,7.3497381327507405,-197.52579551583352,472.16749585822106,-10.325219149063681,-387.4974144737029,399.0079196653966,9.303903922153662,-472.5011977181615,165.70958687382364,13.678232466398834,-498.2406307009926,35.01222950376285,-15.239940016525697,13.848910099163042,-166.6652962625036,11.080560527810484,-2.554884687275269,-202.55488468727523,-2.554884687275268,-1.5637341408488872,-201.5248467350322,-1.524513799576699,-2.222986002906454,-202.2155986416982,-2.2155986416982336,-1.9121129936224646,-201.91161727224224,-1.6927296242429755,216.84088482243257,473.7666303227499,-8.71961203225909,376.31275656173386,364.5918453134149,13.02710804534533,431.70115263215956,160.36153975388453,-8.786598170729253,507.1422376494635,81.03004215822236,2.1259928454760724,15.558408736801848,-234.96927522493203,-20.20407532142945,0.545487646195572,-199.48521980276954,0.5147801972304331,-3.1963487054240747,-203.19634870542404,-3.196348705424075,-0.7799246780105207,-200.7799246780105,-0.7799246780105205,-0.8589331544451068,-200.7900939345363,-0.8917644939232511,-145.36093763919857,-165.01231064727423,5.739130607694704,-145.42961577091324,-515.080988778989,4.801180172714778,-145.99622109584794,-965.6475941039237,5.1038471510453185,0.32839080682176847,-199.61802107565032,0.38197892434966696,138.3403497794121,-47.764363025033134,-16.93013629913239,138.1993861276806,-397.9053266767646,-16.761533103616575,137.04937917206044,-849.1976902253773,-18.053896652229348,-0.3487180202112782,-200.3487180215568,-0.34856792529396485
137,1.37,-2.051026781335973,697.9113086543052,-2.051026781335973,-1.6617224462008773,548.3381874980286,-1.6618125019715553,-2.747775471627337,297.8026247203201,-2.1953246112177793,-2.4649647943223725,397.5350352056777,-2.461197434621944,-0.5565150947253663,199.4433970437414,-0.5574023660049932,-2.5871639788594467,97.89086753888924,-2.8171545705648033,4.2708359205660935,1007.2400056015824,6.248925193291575,-197.42709441736923,472.6552514821765,-9.773539153674559,-386.8033486310585,398.29784476538015,11.123433907061365,-469.8542279877239,165.23907028712716,15.225411446663086,-495.4534896768862,33.774108067460936,-15.807620176324942,15.96539540699807,-164.90376733937688,11.557794404503323,-1.4590913515895765,-201.45909135158954,-1.4590913515895767,-0.029118215524006175,-199.81232140175342,0.0916889404829031,-1.248084178396635,-201.24568585335308,-1.2456858533531192,-1.118785488059462,-201.11555297860508,-0.9651138448754388,218.9515124360608,475.2965710675721,-7.114166172559556,377.1506232493913,364.0446395613752,13.925830026512273,435.2934936923639,163.15895445184125,-8.374149018132941,505.9504674475015,82.48048285223747,4.115745749921277,15.932653543888257,-235.38304330394357,-17.829198102106062,0.8888868185158167,-199.2056987831739,0.794301216826105,-1.9134794280912386,-201.91347942809122,-1.9134794280912386,0.3024988451647155,-199.69750115483527,0.3024988451647155,-0.36268055868073956,-200.25149323625817,-0.4414388478227069,-144.11698770326407,-164.25038852528826,8.28522695730258,-145.11569266969946,-515.2490934917237,6.519391875733034,-145.27312639677763,-965.4065272188019,7.129088263789041,1.2874574413797748,-198.6838589062806,1.3161410937194011,139.09463584454798,-46.71030269546051,-17.445455829331923,139.72542600071856,-396.07951253929,-16.63296720529906,138.5059571966485,-847.4246105957384,-17.97806526174756,0.3349399791859846,-199.66506002958818,0.33591872099266995
138,1.38,-0.6049511444458973,699.2790338298088,-0.6049511444458973,-0.29633970006798016,549.7032029589918,-0.2967970410081975,-1.9705456181862808,298.3240623748127,-1.6655234714303853,-1.47830388930839,398.5216961106917,-1.4634036926503566,0.24829178250760453,200.2482917825076,0.24426913787950966,-0.7879786809733069,99.34799099750433,-1.0485896632879754,2.941288013471581,1006.0017936693075,4.966925936537508,-197.08413638280263,473.4180839714443,-8.965282436009895,-385.28403772518163,398.2752444251638,13.5842563149894,-467.29957345689235,164.66693143347487,16.552525283339214,-492.29512585382446,33.01632339461307,-15.867977690169619,18.258238077609697,-162.89292947259193,12.36743289077619,-0.01764058046415684,-200.01764058046413,-0.01764058046415684,1.2177639847962247,-198.3952033838297,1.5075652866756293,0.24168935805134928,-199.75793877334473,0.24229574958596078,0.023840889814808586,-199.9597430726344,0.12078119299088819,220.67746289482176,476.4908522549955,-5.837807432456139,378.1592630629806,363.8485936040366,15.232808863358041,438.40478789710653,165.4851557335096,-8.45089177280647,504.6014239584424,83.76527473107959,5.977014713565475,16.060595225510024,-235.90370039332868,-15.40950193983787,1.456179868336026,-198.7707191947224,1.2292808052775634,-0.3964947486568242,-200.39649474865678,-0.3964947486568242,1.4289202051252425,-198.57107979487475,1.4289202051252425,0.23938805184836642,-199.63138256938464,0.09224819654460759,-142.7962630484776,-163.32250006550478,10.908243263298699,-144.78280211178745,-515.3090391288147,8.39446389641945,-144.65584727693005,-965.1820842939572,9.048659034846274,2.549827564501256,-197.43821531025267,2.5617846897473093,139.49545234901723,-46.099321945627324,-18.349731905723573,140.98612819801596,-394.60864609662866,-16.76965395989219,140.31517711448873,-845.365940818418,-17.526948681681638,0.9459447109291186,-199.05395207546758,0.9509151719526736
139,1.39,0.41283874239337015,700.1345331634038,0.41283874239337015,0.9001892842617506,550.8983804657546,0.8983804657546609,-0.971350485656826,299.1514010523254,-0.8073508255687019,-0.7011881548646455,399.29881184513545,-0.6552923180663783,0.7476534454620962,200.7476534454621,0.7318387485310471,0.426994912680016,100.43195110854347,0.19700757053642426,2.006188242327772,1005.1582041082543,4.07923665573587,-197.0429686037462,473.90811107562763,-8.447405470609187,-384.1654185390937,397.7170545053157,15.45786283696943,-465.35150385862306,163.49790072329273,17.160091020250583,-489.6267913292828,31.898175692878716,-16.260665906275662,20.0733282509956,-161.28262650674515,12.903367983519697,1.1194928118679188,-198.88050718813207,1.1194928118679184,1.8507264093924114,-197.54790587090176,2.3921465200872043,1.5319833508801353,-198.4694265251577,1.5321027564530452,0.8474546042675934,-199.08761870773276,0.9459488002689216,221.42075468501946,476.75204055278994,-5.472241394418679,378.7581312308236,363.4247697072084,16.307888513633863,440.7208003691396,167.0467909520835,-9.31721653594823,502.86351662303116,84.62804314570636,7.453839507106533,15.310781827432505,-237.10542551061022,-13.52046687752918,1.7220083448423575,-198.70189491246177,1.2981050875382256,0.957341617899998,-199.04265838209997,0.9573416178999983,1.996372831555297,-198.00362716844472,1.9963728315552973,0.48527560370242984,-199.41564425245016,0.27118837748729624,-142.3140499430479,-163.1450077697585,12.688830363798413,-145.00125783849737,-515.8322156652081,9.719411070287581,-144.6731655421406,-965.5041233688513,10.329714764705711,3.4191573068775,-196.57696078290886,3.4230392170911434,139.59947828739047,-45.87359561775178,-19.58522062395847,141.5338888832999,-393.9391850218424,-17.61508825036258,141.84240250604398,-843.6768878182581,-17.35279104677825,0.8931721230136801,-199.10615472542145,0.9128306777101294
140,1.4,0.6302746211887991,700.1103313483106,0.6302746211887986,1.4653753000016578,551.4598037467595,1.4598037467594853,-0.1759213534816162,299.8635625247311,-0.009180132055033763,-0.3020502111619058,399.69794978883823,-0.19195182217059634,0.7962193895972256,200.79621938959724,0.7479900128942836,0.6369085117574435,100.76957341109744,0.4788410157040144,1.7789287142575558,1005.022593799624,3.899226333795754,-197.63968717422904,473.78810737506507,-8.556927832505224,-384.22659202852515,395.8469251859085,15.962637555665541,-464.1182368682124,161.65325928118054,16.965395336824187,-487.9410001923409,29.946707915627744,-17.459855866958435,21.01121098039255,-160.46796461136546,12.736144950694454,1.3844151123475523,-198.61558488765243,1.3844151123475517,1.7850295509371348,-197.40066267755012,2.5727911636996956,2.1634108269584034,-197.84433719444905,2.163429138396078,0.8562407414370281,-198.94377098024205,1.0671267940537619,221.12146019955742,476.02069470142106,-6.079161997039662,378.63097700056255,362.4579206773757,16.7165090943123,442.19901922612496,167.82317096082986,-11.012567219820694,500.7575153230906,85.06954549859945,8.542393653005032,13.588203361752958,-239.05928829277173,-12.193600394448135,1.2885829945987266,-199.32819260540748,0.6718073945925245,2.005483646748784,-197.9945163532512,2.005483646748784,1.6484806370041263,-198.35151936299587,1.6484806370041263,0.12293499628178495,-199.8432883788545,-0.11965761292526156,-143.04934112582757,-164.09815315645127,13.243901846881613,-146.08540413793762,-517.1342161685614,10.090195621399399,-145.3832991970429,-966.4321112276666,10.909943775666274,3.4960650239673408,-196.50295347542328,3.4970465245767093,139.6677467505675,-45.770771389541515,-20.877451451677274,141.3714506785305,-394.0670674615785,-19.162387533255078,142.77279542314324,-842.6851491044163,-17.780308658475597,0.012433953044428847,-199.98414714908125,0.07298656444580853
141,1.41,0.14039019624805205,699.3838771981218,0.14039019624805205,1.3982877420138258,551.3852403044671,1.3852403044670334,0.1185364202085426,300.1266521151114,0.43296353610408056,-0.2491610446800468,399.7508389553201,-0.043470174527232563,0.4002458947505292,200.40024589475055,0.28646119922849944,0.12646625712198145,100.62982411938427,0.04185890895796396,2.1884730039282907,1005.523890843977,4.355835336537433,-198.91094085937436,473.02038242652384,-9.331434503026435,-385.3296762125885,392.8057475808831,15.234395757669791,-463.34901403004085,159.41611441386485,16.247828940008684,-487.1087921047164,27.309302424781222,-19.320190264652602,20.979158510583247,-160.53621394086147,11.704162547513446,0.6408589152105342,-199.35914108478948,0.6408589152105337,1.16282338646073,-197.93566882184837,2.0554742393480536,2.010025290888199,-198.02069115136996,2.0100252908881986,0.04551300797501423,-199.47474005207795,0.5280153367701926,220.1536436775104,474.6713029021788,-7.323955635345248,377.84522311756075,361.0158707405381,16.448327202808464,443.0510914640917,168.04747591212328,-13.317642157136138,498.51356472378444,85.30031094340228,9.448185556159226,11.28217006445013,-241.3736589504524,-11.069999142350202,0.11576442027333644,-200.58313389676312,-0.583133896763055,2.6691731627233435,-197.33082683727665,2.669173162723343,0.4298409746083942,-199.57015902539163,0.42984097460839377,-0.7441912939652411,-200.7683329086159,-0.9582785201803751,-144.71170966082846,-165.89292346306559,12.859773416274118,-147.91127555886146,-519.0924893610986,9.62201435875187,-146.3878432674641,-967.5690570697013,11.183639809638482,2.84619236241335,-197.1536143686575,2.8463856313425544,139.97614356476518,-45.51347831309512,-21.932882747476995,140.86022631065433,-394.62939556720596,-21.045981431666526,143.222930952422,-842.2739923439626,-18.689531502076044,-1.3430217721466926,-201.32949892397602,-1.1977636086707317
142,1.42,-0.6921165354733254,698.450641930975,-0.6921165354733254,1.050055493149134,551.027159300043,1.0271593000429002,-0.159896252232415,299.83447843710155,0.4108446265692962,-0.4002209922843767,399.5997790077157,-0.10094254214668463,-0.27132554707432566,199.7286744529257,-0.4780153107224796,-0.490505577000631,100.55113343246938,-0.5257751501850205,2.9030689260899845,1006.3303073468351,5.117288195060928,-200.6593623528493,471.80079316762567,-10.574505647389564,-386.6952332555918,389.3764733869108,14.051215156865366,-462.67899907072433,157.1579483926954,15.375527388511241,-486.6765352649039,24.45687907402683,-21.36817949254424,20.123195192932002,-161.3338724621983,9.913558854558016,-0.7273044188649523,-200.72730441886495,-0.7273044188649523,0.3333884451334267,-198.87655653451787,1.1211500578959877,1.2220723696780376,-198.87254093330426,1.2220723696780378,-1.1306003895880876,-200.23431510844154,-0.23379891458430652,218.9948284666872,473.18174960860574,-8.790454330266932,376.69973247260134,359.3972857344089,15.792416656792302,443.68455109417164,168.14595394049172,-15.81125720190364,496.4470092917571,85.61574122768612,10.462079009052148,8.911229276842622,-243.5369104909302,-9.855164944575083,-1.4248168211793448,-202.04159242118556,-2.0415924211855465,2.7496154303515614,-197.25038456964842,2.7496154303515614,-1.2492820299905487,-201.24944561751596,-1.249282029990549,-1.7512464790729025,-201.79671577498976,-1.8983863343766618,-146.67602490104287,-167.9057599797872,12.157460343335165,-150.01580958507748,-521.2455446638219,8.808018916292784,-147.24475600018584,-968.4744910789302,11.588729244192189,1.8736509337119904,-198.1263194275378,1.873680572462221,140.6238110887382,-45.00093067400757,-22.638667702906634,140.3901040885496,-395.2346376741961,-22.871819693770323,143.5456589426115,-842.0859798724719,-19.717846278607148,-2.543963856471008,-202.50230897345267,-2.2725858797730156
143,1.43,-1.4129720475304008,697.830905331085,-1.4125816707888297,0.8251174010037843,550.7997081911841,0.7997081911840485,-0.7755001780635011,299.2023114434946,0.053551625856060325,-0.5128751060348765,399.4875152707068,-0.1733578164835421,-0.9252390520599589,199.0751513246816,-1.2114558481545459,-0.705031107622692,100.8474960866508,-0.7160910822539388,3.526336723947769,1007.04503724349,5.7867914272684935,-202.49071894628838,470.52015358831136,-11.892475412735347,-387.4884799372728,386.3982884162051,13.24762035024393,-461.7818573230183,155.1584996522474,14.625285005433197,-486.2678098565503,21.782482187331766,-23.198385744092384,18.734847569433125,-162.56027958557434,7.6695919729282656,-2.0098023365620223,-202.00941195982045,-2.0094119598204516,-0.22420537014711495,-199.681943283981,0.31760511728925,0.17673796029841438,-200.04983717796486,0.17712833703998587,-2.0429403906729546,-200.73846262481447,-0.7385514018208357,218.04773287544322,471.9554413647896,-10.106224840727544,375.49578442307165,357.90304547119456,15.066763425885751,444.6081989564598,168.6401433515594,-17.974977943473966,494.8264000520212,86.2616793476363,11.82888581782404,6.866072508635337,-245.16774974662098,-8.495007177387961,-2.6702070843480703,-203.09371996491063,-3.0937199649106306,2.1077594206827266,-197.8918502025757,2.1081497974242973,-2.760136760344892,-202.76081310826677,-2.7597463836033214,-2.512929043537228,-202.54891436120977,-2.591296955937624,-148.39216031676727,-169.5878674247487,11.683373581218495,-151.81765069986102,-523.0135217872045,8.255981672682084,-147.83145640239087,-969.0271635103724,12.244077495594908,1.053685820825981,-198.94592380243245,1.054076197567552,141.5258571842897,-44.31597419869553,-23.07080868565653,140.24515675910774,-395.5965371719951,-24.351286545519514,144.0265719490029,-841.8364570448632,-20.570182759407118,-3.056358717642703,-202.95604117483305,-2.6611157146890956
144,1.44,-1.5953468459138955,697.8872554573285,-1.5928012697933256,0.9750624113703767,550.9780923757392,0.978092375739116,-1.2368624804945587,298.71362499441557,-0.2914901373821804,-0.3234472354047885,399.6790983407159,-0.021623209146526046,-1.2218077082533616,198.78073786786717,-1.517642270038901,-0.2527966701357045,101.5182194083846,-0.25311566536374674,3.7324867500972307,1007.3408803008151,6.037157536336133,-203.88465441944987,469.69049786019923,-12.764578618650324,-387.28002883916986,384.30641107684977,13.254391543774027,-460.3558391176932,153.64274542572272,14.21951319293813,-485.6993866811317,19.487166945410895,-24.59334186729634,17.173600277976828,-163.84581886612773,5.37925357291617,-2.491655080311408,-202.48910950419082,-2.4891095041908384,-0.0953247965121645,-199.80290866360394,0.1970220814878108,-0.6128010307318751,-201.0342828604956,-0.6102554546113049,-2.205484516173192,-200.72521433241084,-0.726087731815436,217.6671972680831,471.3488272842454,-10.88389080690511,374.41919616187056,356.71896655251066,14.458615867058835,446.30727326311353,170.00428109965083,-19.327525820740693,493.7413300849997,87.29778193375688,13.615988879307498,5.344066340276536,-246.0790734998987,-6.972150907780533,-2.9844957912868155,-203.2088492782247,-3.208849278224708,0.9797314542582187,-199.01772296962122,0.9822770303787886,-3.4880667537957386,-203.4909384525136,-3.4855211776751687,-2.825877848087771,-202.84240399749388,-2.856163611445346,-149.56813806891074,-170.64775633608903,11.72678255304787,-152.81649097968645,-523.8971785266242,8.478138033900954,-148.26960584689851,-969.3492241140768,13.025314775060082,0.6730544937352485,-199.3243999301442,0.6756000698558187,142.5790528839152,-43.5590122492047,-23.326105609383745,140.69280404222783,-395.44436479202955,-25.211458152208564,144.73809540093495,-841.463878617257,-21.166214548818246,-2.6604362493343623,-202.47119954709535,-2.2104640306322487
145,1.45,-0.9860816329169451,698.7485402903247,-0.9731541306856519,1.5731974011761443,551.6780938006392,1.678093800639208,-1.0779069819512839,298.84897889863385,-0.21642413382062076,0.25788192682173816,400.27159213596195,0.47728300611471464,-0.8346933971562884,199.17823410507492,-1.046690639175682,0.9027518163572672,102.47850603772895,0.9153083217065829,3.3287709828747274,1007.0185902579653,5.669153148021977,-204.4072114714509,469.7332644348695,-12.751368281789826,-386.1369751941338,383.0450291426797,14.011510866546505,-458.1213814797475,152.86229733283102,14.40761012118924,-484.88525948779056,17.68271852572744,-25.43826224872774,15.782211657249523,-164.8375434205405,3.436476197011064,-1.7998366829280146,-201.78690918069674,-1.7869091806967214,0.8346678338319506,-199.0315975079298,0.9684024920701542,-0.6790624761639743,-201.28309120905715,-0.6661349739326807,-1.4614910524273044,-200.14447616107907,-0.14793052273401208,218.12042534126735,471.6355871866249,-10.787944442894595,373.54814081624795,355.92773366024016,14.03551701767632,449.0635620817209,172.48456955204404,-19.59136954011655,493.0632750460343,88.55768407031357,15.678476767654686,4.3766222436706865,-246.2457770078707,-5.115254722662291,-2.1338343042425807,-202.21549240370098,-2.215492403701,-0.0554492567344016,-200.04252175450313,-0.04252175450310869,-3.074271017375799,-203.08276925275965,-3.0613435151445056,-2.6323434220056607,-202.6265957199127,-2.630074695142627,-150.11296254654746,-170.98996435422345,12.381098728438388,-152.74839716883258,-523.6308292271954,9.745664106153304,-148.61032114838295,-969.487322956059,13.883740126602943,0.7636136842190165,-199.2234588135497,0.77654118645031,143.81822330515547,-42.689172084985884,-23.361360947760993,141.97011110930796,-394.53252563319734,-25.204714495972375,145.66653292629726,-840.99144881182,-21.508292678983096,-1.412448642571993,-201.12788485833065,-1.0046685141286629
146,1.46,0.3268796617084808,700.2619938991236,0.37800892486897286,2.4896004932379032,552.8235354589013,2.823535458901291,-0.21982424350197338,299.7406620346942,0.46537361693600265,1.010692464558917,401.06692561789635,1.177600642069662,0.3714347544499139,200.42256401761034,0.31148266425409854,2.4913843885642244,103.61780628208332,2.5434372512306256,2.3502093904743564,1006.0935574581944,4.698181639040869,-204.02076870829626,470.68423032998487,-11.796607331943424,-384.39566470854606,382.3020832849842,15.202954723874148,-455.03663852632974,152.93226591396765,15.302821657357557,-483.8584545399906,16.380423983937497,-25.74359961614408,14.708061877931389,-165.39241084827592,2.0081193819884016,-0.2107854049026018,-200.15965614174212,-0.15965614174211026,2.201026362087706,-197.70870299333504,2.2912970066649425,0.13369777657043497,-200.51427596371033,0.1848270397309268,-0.03437658224601148,-199.08696203793897,0.9023977790893458,219.35514980118162,472.7826031690564,-9.811120484271122,372.815905292446,355.47971295236914,13.755559262943635,452.7292280048116,175.92236695763722,-18.881419253282694,492.5398088675552,89.7613357214202,17.761589065473828,3.8102042749788856,-245.8155722766383,-2.768800156993085,-0.45801835116112655,-200.43759653696577,-0.4375965369657737,-0.5454799190153694,-200.49435065585487,-0.4943506558548778,-1.5798959294620927,-201.59476258430433,-1.528766666301601,-1.92151392053611,-201.87239456699098,-1.8730796178315023,-150.09278027280004,-170.66316317469725,13.595773196435132,-151.74680658442372,-522.3386665444119,11.941746884811447,-148.81576141013912,-969.3861443120363,14.872792059096067,1.1993003848622352,-198.7495703519773,1.2504296480227273,145.3506012839015,-41.58506353210828,-23.053248264933803,144.00671288676028,-392.90960034678244,-24.37778507960794,146.81644312178872,-840.3900927718133,-21.56805484457949,0.4085597515758823,-199.23250517426942,0.7310669914343666
147,1.47,1.8524403947284243,701.9722650482294,2.0100784506236593,3.328157358943078,554.0472817699673,4.047430608002809,0.9116399370812028,301.0492907477061,1.5306907006729522,1.5010980571325763,401.6845069680307,1.7343117765845562,2.042419265380474,202.1999084832401,2.178994560640608,3.893763788503257,104.63031998606174,4.055537800798842,1.1579777325166,1004.8865826171403,3.444908063822141,-203.2338926432796,472.0769273983432,-10.369356196011784,-382.37882064016736,381.79879866668784,16.546382308716904,-451.5449107146217,153.5473197786488,16.59845740360544,-482.89494532620813,15.369982003165166,-25.752594844784113,13.755011538571157,-165.74928802455736,0.8570053063287852,1.3531851438888844,-198.48932563825142,1.5108231997841195,3.2190284264870046,-196.6140807833538,3.3860680546817075,1.467101162986013,-198.99236585427877,1.6247392188812482,1.5475290956491903,-197.81523474654406,2.159389619437393,220.85116747614495,474.30746576172567,-8.430866497623988,371.93275259520556,355.1224421828608,13.436061877830422,456.655095051127,179.73774314909298,-17.749035764188477,491.8927873120515,90.6582322232892,19.606842337281773,3.2354673993182503,-245.17209806838449,-0.12439259825050808,1.341224068759334,-198.50905077236547,1.4910980656700288,-0.5839501856685548,-200.42646096780885,-0.42631212977331934,0.4799202296131001,-199.52090652972657,0.6375582855083353,-0.8424809096757457,-200.68541730504512,-0.685373522958488,-149.80158647458722,-169.92324156040215,15.113366673318502,-150.41172537509942,-520.5995344571113,14.503227772806321,-149.03883239794993,-969.160487483765,15.876042839872412,1.730233659973521,-198.1122771221668,1.8878717158687568,147.10645823233176,-40.291398973470265,-22.44465810055476,146.2446414294007,-391.09091325403165,-23.244172381116094,148.06090502824347,-839.6969211339028,-21.427908782273324,2.2529723190132236,-197.3178999435574,2.555868538384419
148,1.48,2.902672733962686,703.270946634524,3.2814402736604285,3.565281926008704,554.7741283823791,4.77509892828699,1.6626024004788107,302.1777202378888,2.4616792019966347,1.362240062985463,401.8425514313766,1.877517708609083,3.3471005408198815,203.72489753460968,3.7434761522103104,4.430454422833531,105.06029234430794,4.822433927259707,0.3109055576433342,1003.9106688164571,2.4218247888681486,-202.8236794128192,473.230150940955,-9.201380605366063,-380.2847546881489,381.38427312709973,17.887957462172743,-448.3966361321628,154.06990638437523,17.656345138796468,-482.4144946158657,14.28481644085026,-25.842460824271335,12.540752793848842,-166.37648619164997,-0.49358872943166465,1.8698626517360133,-197.75234035447417,2.2486301914337554,3.165213508991347,-196.45765162270607,3.543318923201804,2.5885792875229265,-197.45765112457156,2.967346827220669,2.7137630277504177,-196.70845170013882,3.244832854038438,221.86176986547355,475.50134573025605,-7.363432889493844,370.5043785572499,354.5038090888841,12.83245830806272,460.0015638092939,183.2078298835226,-16.911910756383644,490.85845560137454,91.08891463329198,20.977241813395842,2.1004060628238674,-244.83692161591418,2.2969787757997113,2.6669169548030913,-196.9568148852681,3.0441556606398033,-0.6694289605463706,-200.29163196675654,-0.29066142084862795,2.3306094613232995,-197.58736672928643,2.709377001021042,0.1942829754303642,-199.428001411534,0.5729691343739115,-149.69459010004928,-169.18195456586372,16.521130462194822,-149.58663296319418,-519.2326926160824,16.62908759904992,-149.64358039126807,-969.1309448570827,16.571632133414646,1.9801851609875722,-197.6420178452226,2.3589527006853146,148.72347516762525,-39.14880358532042,-21.874200558201103,147.972917961107,-389.73924409070605,-22.464641063586722,149.05542156590016,-839.1352367587917,-21.382137458793537,3.4574021764115948,-195.9781062354392,3.896722327510717
149,1.49,3.0290233567769116,703.7329658549141,3.739769901969904,2.914378746725137,554.5664034444787,4.5713322832937475,1.6037350669599593,302.62920558454397,2.782621464490181,0.5142195465233106,401.5358037568044,1.6200242599913337,3.5505821009972482,204.256698306425,4.281468307921918,3.84715188387329,104.66034307409157,4.5919909345738095,0.19066586952685805,1003.5536869641328,2.014352459851385,-203.27041317500215,473.73555196023403,-8.777719748884136,-378.2684105898368,380.8987297023248,19.06717222968515,-446.0798586330217,154.0228467050137,18.000994124455307,-482.6441527570594,12.862906852808756,-26.239242905024035,10.872855413138021,-167.56604205164834,-2.3368019157526345,0.9799516217174663,-198.31423067190457,1.6906981669104586,1.9966843800222653,-197.3075401628033,2.6973886760117667,2.8926316318480345,-196.62851617677887,3.603378177041027,3.1721824791423847,-196.05707312648005,3.8784730037693818,221.91148864303167,475.8661481536029,-7.102118914865808,368.36049538711245,353.44317661642066,11.820683382390405,462.27451373497627,185.86248037019197,-16.84115145903062,489.2597595467139,90.97048217081377,21.673843607906253,0.09285166156514713,-245.14436847380918,4.071610625209197,3.317189348370068,-195.97722739951809,4.02770143929699,-1.166574953806168,-200.46075724742823,-0.4558284086131752,3.3521972630761407,-196.37233247452164,4.062943808269133,0.7526648497961064,-198.541517443826,1.4634113949890981,-150.10285976529605,-168.77947690062862,17.480021044315883,-149.88173164844437,-518.8543887885216,17.701590798137442,-150.81627152030552,-969.4921981375612,16.764470898652927,1.6099582492485758,-197.68422404437354,2.320704794441568,149.74744390389932,-38.63439749428563,-21.815226430667153,148.89921759822303,-389.15064909262634,-22.331478029007815,149.49407224820374,-838.9780659213595,-21.73662337902714,3.6946658582966707,-195.4995859057247,4.4250709581861125
150,1.5,2.3119027487751818,703.3383240849128,3.358355387508996,1.5489610892725703,553.4118336727904,3.4315774028888835,0.767550929046093,302.2206261660308,2.308216671962257,-0.8469169888854822,400.93727638462536,1.1903931875854785,2.590199778718519,203.619242482288,3.6495035410953167,2.4588595779861353,103.56044628185269,3.578492246049316,0.7568624968613417,1003.8900462287099,2.2891938174497795,-204.4651062273162,473.6259508323925,-9.097491290845028,-376.56233589723104,380.002667962791,19.749320573359082,-444.52187956494765,153.36491677468956,17.59849448695499,-483.4344206533136,11.08772585230912,-26.891356696003108,8.89725750751347,-169.23972646293427,-4.580435406773899,-0.7798754406089831,-199.75316653197382,0.2665771981248308,0.4002659800948358,-198.60487979048605,1.4148639396125966,2.288760328894094,-196.77914406545307,3.335212967627907,2.9717857341503233,-195.98508931966376,3.9560335015541774,221.07815676901646,475.3456498022322,-7.683673031388773,365.73226896269017,352.05225636497966,10.467881077259952,463.58757807291124,187.62410345415452,-17.59990147094855,487.1005649537228,90.23617474514714,21.576859388052263,-2.6022832200619765,-246.04070945311946,5.179174672912832,3.3399795588129315,-195.6333115325519,4.386432197546746,-2.025685806655427,-200.99897689802026,-0.9792331679216129,3.3969329688357206,-196.06400566295144,4.443385607569534,0.6786806027152084,-198.29461048864965,1.7251332414490221,-151.0611255854443,-168.86944927453865,17.84292735284796,-151.31211275216288,-519.5489348497463,17.594167089282976,-152.33654362593825,-970.1403645715529,16.560231029251625,0.5513181092591263,-198.42197298210573,1.5977707479929406,149.94423580437498,-39.0784808082735,-22.589198702437727,149.28003061193033,-389.1808929974699,-22.691610891634124,149.37980719255197,-839.3713390769076,-22.591834311012466,3.209333117598668,-195.72230070246286,4.260756217356038
151,1.51,1.2324912834687654,702.394559084914,2.4562334983083387,-0.04467241053268517,551.6923059897281,1.7539804031223751,-0.4601076958810212,301.1049697019543,1.192636262644736,-2.3951451653782962,400.1820899253886,0.8019314272382625,0.999039733170448,202.17351821761565,2.2367256995671503,0.816969020632256,102.06322718614744,2.176409085786835,1.6652647820944098,1004.7538815316504,3.0642383038777115,-205.94943941547058,473.1404126743383,-9.86550015505125,-375.4144161128254,378.2907478749173,19.542670079834735,-443.3643814657057,152.29483397890453,16.66378651295155,-484.3837596060249,9.153780655662494,-27.548642464690893,6.886267282491145,-171.10808165977983,-6.9078352820994,-2.4971831664481385,-201.33511536500296,-1.2734409516085654,-0.8642457642588128,-199.77859336578229,0.2830810476121226,1.110815594048027,-197.75783304676497,2.3345578088876,2.31451501795033,-196.52018467115016,3.4721070336786113,219.81612735163264,474.2159031444496,-8.820462188417578,363.0960325927026,350.62389042280415,8.978199087569898,464.42820323086767,188.66078424646795,-18.979280336411172,484.56259788036834,88.8193079073915,20.691066451751144,-5.483094045923934,-247.2190487275917,5.898282561599986,2.759453076339107,-196.07847912221575,3.983276793761354,-2.954315309135496,-201.79224750769032,-1.7305730942959232,2.74646475258764,-196.5218148899429,3.970206967427212,0.11327743370973337,-198.72465476484513,1.3370196485493053,-152.41190946040854,-169.48269334619965,17.594171327611637,-153.34051617127113,-520.8854906382695,16.675931975460603,-153.808819998262,-970.8567370658452,16.18075516665187,-0.9327389068663513,-199.77067110542117,0.2910033079732218,149.45069775213364,-40.454138434394956,-24.152017192635412,149.5265811835453,-389.5944934376349,-23.292372195875373,148.98995608537754,-840.2864635314145,-23.828882250882778,2.5232669004002,-196.30114115655056,3.747987857046459
152,1.52,0.2984835764304222,701.3171702240414,1.4694840637384412,-1.3982000454574992,549.928248463427,0.08056230312393842,-1.6215876898882744,299.6824268833878,-0.15683382581646088,-3.7699338965785043,399.30780900724403,0.5027037136289716,-0.6194287884146497,200.45118034680377,0.5917731187270469,-0.5936654366760308,100.51662490779309,0.8011996803694397,2.5232299742300794,1005.8457205400854,4.01843447484029,-207.33124473904235,472.4975547749625,-10.762169612574766,-374.803125402652,375.719955927667,18.42342682452656,-442.3114328482254,151.04817308834413,15.454370180831845,-485.0616222708181,7.416740697168,-27.838760904607145,5.0058302074281364,-172.87890367250242,-8.994984451823708,-3.508642403572267,-202.48995575596126,-2.337641916264248,-1.563878670109899,-200.68795479018064,-0.5356409504835918,-0.17486653435577904,-199.16394621958992,0.9961339529522393,1.4462838498828718,-197.53453378112596,2.5700940668404515,218.58174914162564,472.8812149046299,-10.133261912672701,360.8958010235826,349.5033432259005,7.651559118504052,465.25984904385234,189.27011847179028,-20.628930399509485,481.95326590040725,86.80814226165467,19.2393055374184,-8.086466268096503,-248.3261957846742,6.58296105674113,1.6031899921462665,-197.37814006359883,2.774705239697685,-3.646086416217091,-202.6273997686061,-2.4753811588075996,1.84498401222265,-197.43210252456598,3.015984499530668,-0.6562396041660712,-199.6375529565551,0.5147608831419472,-153.92706511025204,-170.5090858774031,16.863946205480435,-155.23990979777182,-522.1954657800514,15.58732241963167,-154.96066872661416,-971.4522494733435,15.814312425774359,-2.3680946940388212,-201.34940804642787,-1.1970942067308026,148.713568595392,-42.31302822561396,-26.03301444593431,149.8650157834469,-390.25578760927056,-23.975773829590867,148.71296509021633,-841.4726228212867,-25.127101437349836,1.9807756102206884,-196.99711830279864,3.1519261924460213
153,1.53,-0.18445727881321697,700.4886438135862,0.7910233141499292,-2.227322955250445,548.5740781252923,-1.124099779616699,-2.388879539558052,298.43711677647434,-1.2568898291065937,-4.581661430852626,398.42465607305064,0.2434243782176323,-1.8645317301535291,198.97972355994398,-0.7689435540752666,-1.321307654226033,99.43210902250226,-0.017862786246118256,2.9994477718665324,1006.757679903367,4.733752854580075,-208.43392388433813,471.89824272605154,-11.525176597276518,-374.2502137073993,372.8634152092984,16.97278217827099,-441.1061091446703,149.95877030271112,14.314940522182317,-485.1813863405535,6.279564881694254,-27.376730779326778,3.3336892419521784,-174.32347610275377,-10.594974117476507,-3.506721262666883,-202.83362017026744,-2.5317980751763995,-1.8716312783624418,-201.40624878726697,-1.1044266921759813,-1.0597711447187925,-200.38819933393012,-0.08484795722830951,0.7265075553796597,-198.60039135222087,1.6759062708160595,217.69505631966894,471.8042994977152,-11.221350047514168,359.387828227723,349.0174315866513,6.823228150099957,466.37112768302313,189.8896970289928,-22.09943495545997,479.70413074635496,84.6271963134978,17.72884745376017,-10.124661111757565,-249.0148095229478,7.579530032227747,0.1717152766379033,-199.1552925505262,1.1492285394258848,-3.843797099266234,-203.17130530222323,-2.8714083478993895,1.10937333566769,-198.3758415491322,2.084296523158173,-1.2607145617969024,-200.5876134693975,-0.2857913743064193,-155.28693523936855,-171.60077092525458,16.007389969308825,-156.4685732574872,-522.900721515163,14.918403851946106,-155.64275339644556,-971.6780142076118,15.694912653636436,-3.2162848892436564,-202.54318379684423,-2.2413617017531733,148.28854799470804,-43.957428621108484,-27.523771924848432,150.396093065256,-390.9847045817837,-24.551047885523577,148.93706557630574,-842.4649323797989,-26.00644231830976,1.6293019152447006,-197.69692366455638,2.604225102735184
154,1.54,-0.05468601522059813,700.2223367129532,0.7182918834786056,-2.3662113972986267,547.952464238588,-1.5552153311505799,-2.5940605206833593,297.73684698481554,-1.7592422942626766,-4.4673514680252495,397.8687275163601,0.07997319795487287,-2.4244569811881553,198.29770852042904,-1.3661967026085269,-0.967099098981778,99.36512366922102,0.2185818384520805,2.8449895662589895,1007.0890819456174,4.827408595097512,-209.1843586339824,471.5633893196416,-11.948534012142542,-373.0699310172563,370.5555966487009,16.005520619292867,-439.41630565148273,149.43245709642886,13.63451246468589,-484.73618132345376,5.9267186927844255,-26.030448582041636,1.9891769175468845,-175.29517996216305,-11.572554247541197,-2.3804473121241503,-202.1034245839504,-1.6111041536888604,-1.8527123902488352,-201.8110656738159,-1.318745243554404,-1.0443938063193863,-200.76741675719438,-0.2748618040021312,0.6120515279119167,-199.1109257439143,1.3707545033755135,217.44641652046536,471.4649665096977,-11.660320832633113,358.61314348192474,349.35251864029664,6.691450628896947,467.9338167854647,190.98817895716113,-23.002189476204144,478.2865037065235,82.88783109878965,16.755912112373732,-11.42596519964123,-248.978859717792,9.167307666881353,-0.8873451901313987,-200.61087560114277,-0.10788043913096235,-3.402732735037741,-203.12968311167413,-2.6471393529340346,0.8413086181083358,-198.94766457172057,1.610651776543625,-1.3391171778429851,-201.06209444966922,-0.5697740194076957,-156.12343537248827,-172.292498367091,15.466743451154532,-156.8319235368456,-522.7322763385306,14.922249241443271,-155.72297750053679,-971.2237741106543,16.10824347245766,-3.0261768703446883,-202.7491541421709,-2.256833711909399,148.5650967286995,-44.858653620661926,-28.113142487668824,151.2599425331911,-391.4865846109145,-24.741073477921383,149.91194280880444,-842.8407970518924,-26.074902624955243,1.4131948192544597,-198.3096791944094,2.1825379776897496
155,1.55,0.8031045809089176,700.7188489027146,1.422732463692307,-1.7434223740793726,548.1828534520764,-1.1317217210972617,-2.1810679054329016,297.71156375248535,-1.5586421144290623,-3.31282108036911,398.0180905307583,0.22046156766054714,-2.0304499916026675,198.79984811458735,-0.889581900162338,0.4816678205111482,100.42695859459701,1.5212200282645665,2.0041513567184115,1006.6988923678892,4.19676560811909,-209.53814346888157,471.6419860230783,-11.941608014132978,-370.90739629155775,369.2195388326304,15.90477484667441,-437.02104021604595,149.65087053124546,13.557760717689224,-484.0476664194494,6.127741767958833,-24.122026420754068,1.0787809119068263,-175.8057116604536,-11.972111631242399,-0.3005209497030139,-200.38477662789737,0.30064819892891204,-1.3532752424212198,-201.64524952191957,-0.95929058412411,0.026995299541205164,-200.0560289618569,0.6293958649694117,1.3771871732654541,-198.70706850492886,1.974901960242476,218.04766396964862,472.14078684887676,-11.178544535296286,358.4015205870688,350.4169148759954,7.152942044881406,469.98038869678635,192.7781574536852,-23.262367189688018,477.9344205537727,81.93317099505958,16.594663186933563,-11.949481301616892,-248.11260221331924,11.406161553564042,-0.9722271604360369,-201.05867054654593,-0.3403652311248492,-2.422219484834712,-202.52665225413355,-1.8798949132694027,1.1130940521913715,-198.9925873636181,1.714263200823297,-0.7937655829613022,-200.87802126115565,-0.19259643432937656,-156.24994558290305,-172.30807700059862,15.474237601820194,-156.44804848499186,-521.7738355255303,15.442741912675494,-155.1864962144125,-969.9957991400506,17.148885266107655,-1.6716534625253257,-201.75590914071967,-1.0704843138934002,149.55283000753187,-45.006494296358085,-27.82915946625671,152.52937980444943,-391.60046917355055,-24.423134343449192,151.59673040462448,-842.5377133915181,-25.312920131703827,1.3188497877573522,-198.76540589043697,1.9200189363892777
156,1.56,2.322462911157923,701.9219532495356,2.8381440487408756,-0.5578267586859325,549.0437373558557,-0.11307755471599767,-1.2181796039909782,298.250200965984,-0.7701296553195787,-1.460130880680123,398.8968439225732,0.7826098786893276,-0.681333885465131,200.4037011888478,0.546565235877931,2.4467059840494882,102.058513116199,3.2603184948913704,0.751065647987492,1005.8509816360637,3.1436588570006267,-209.56575809532296,472.0906298956693,-11.602581177469531,-368.03930594001633,368.56873586321865,16.34485365087202,-434.0811295613536,150.4043331336602,13.838833801155854,-483.6489357162659,6.355535948296396,-22.28291254523637,0.45599219447860173,-176.1171049456387,-12.088412468995624,2.104956920386549,-198.29555274123578,2.5476323481924683,-0.4109051905517646,-200.95417761985578,-0.10750968940717143,1.631964775164387,-198.762291235957,2.0808938534712427,2.781234008223167,-197.61927565339914,3.223036036624497,219.30200292318682,473.5975492357443,-9.98055119069257,358.3856616412981,351.8464401908235,7.820218691421896,472.2890618062792,195.05541640219144,-23.169514691279296,478.4258657639628,81.57346448244616,16.990786052235187,-11.912883892981801,-246.65220756281525,14.015169542019908,-0.10585642809776252,-200.51310470450204,0.40895657666983576,-1.2535530484054611,-201.73386465339138,-1.0097838057289983,1.7031652657657976,-198.70276167069494,2.145840693571717,0.019093606767286497,-200.38141605485504,0.46176903457320584,-155.85622493338633,-171.7001976709994,15.939995991931873,-155.65503974089307,-520.3586812587805,16.122461356268868,-154.31424940500682,-968.3394522572157,18.524387738834793,0.44549723803832547,-199.95501242358398,0.8881726658442447,150.91650031173043,-44.81937008304971,-27.128249593115072,153.9805280060546,-391.5371395103013,-23.84601902036662,153.64843540832356,-841.8803215793837,-24.077704635299405,1.310670335507809,-199.0898393261145,1.7533457633137282
157,1.57,4.057312649507649,703.4131093936725,4.564219050173907,0.660773168892973,550.0168879369327,0.9431241761116697,0.034218530965476,299.0636647914972,0.3173098202163378,0.4257584349126331,400.0973216829807,1.5816112462095284,1.1846721660897854,202.44902381522812,2.356298950241324,4.105413115008169,103.46520853666102,4.626866207491385,-0.39691130351315795,1005.0351324383839,2.197250416874972,-209.49406154732657,472.7175848813314,-11.166523032632021,-365.14524377288075,367.927397406373,16.60965347210528,-431.062827718992,151.32704796644578,14.07469463935907,-484.0139612547535,6.153244712555913,-21.041619624775272,-0.33111184282117245,-176.6592194946826,-12.385925005038882,3.9892536159476846,-196.6549496398874,4.271286599291505,0.5218366502937258,-200.19878200850997,0.7451415568103047,2.8140400636304816,-197.80542952467505,3.1208067145038356,4.113947455816263,-196.5302558000188,4.3958084566202045,220.47966136999247,475.09520012734515,-8.798762572276631,358.10127121590324,353.1969066874364,8.216783557426082,474.4465277283282,197.39932090868305,-23.1260960017596,479.21776063376467,81.3035835819025,17.387053781103862,-11.793663851920005,-245.08956888108133,16.457002743901157,0.9561420686167694,-199.70422628373433,1.3693700818072871,-0.27557117426141553,-201.16558172062147,-0.5253407532785632,2.248133632225616,-198.39713634827297,2.5301666155694362,0.5308348296458627,-200.1133684261892,0.812867812989683,-155.41781847940297,-170.71884225754908,16.58842845861102,-154.89622073648763,-518.8861735125524,16.708869195388445,-153.6115459226707,-966.842821594156,19.702926741666143,2.526920169982238,-198.11728308585282,2.8089531533260588,152.2746881918023,-44.692884421925,-26.445637574289023,155.1737259292643,-391.70583902915166,-23.45859218151567,155.57532519578686,-841.3304569597311,-22.87520719875129,1.2638484120448943,-199.38035484379014,1.5458813953887145
158,1.58,5.356178001610649,704.6140968757657,6.042208647058548,1.3717974728789053,550.6297163470339,1.5183848332420564,1.147964378797461,299.79436540193353,1.294714035627899,1.7766652995352739,401.13709854829153,2.2583982702514573,2.8717140003569215,204.0684105724912,3.8024448597786993,4.938272522130992,104.1972024202858,5.168161727081543,-1.0220227323240574,1004.5958085896043,1.7479284022696917,-209.5561722255908,473.3647095893177,-10.826323874843595,-362.7933719848769,366.7787876621153,16.13586666239113,-428.4140516063799,152.182579898794,13.985465020672642,-485.27711684770077,5.443731757907443,-20.488889697516214,-1.7011521636283937,-177.72776660305937,-13.201977861142222,4.847920899357341,-195.89416022648766,4.994508259720492,0.9843178963899989,-199.789617908671,1.1690053094496364,2.9366669883399856,-197.72953510894348,3.159133377264613,4.728709425969498,-196.01337169987545,4.875270411955949,220.77555244087966,475.87650047258677,-8.42316894808991,357.1877159202942,354.1732158720202,8.005901944364636,476.1356964518767,199.53520690610802,-23.343170311760133,479.824328665444,80.71477239970585,17.32499918186943,-12.082213576976226,-243.8866442733199,18.218489251413008,1.3562370829542427,-199.4160444191083,1.6870317858146515,0.36592475840168703,-200.96581740376064,-0.6127567232290192,2.5100534593820756,-198.23219125398833,2.6566408197452267,0.5009217730077825,-200.24115935283717,0.6475091333709341,-155.35875429655357,-169.61682153176744,17.1421998544454,-154.5314265155784,-517.6287547527352,17.18497411426043,-153.52061512333884,-965.9172846232066,20.24899947224735,3.871246948291134,-196.87164330565724,4.017025180550852,153.48535712497988,-44.68203701578575,-25.88268828769923,155.83401844373034,-392.3053852427291,-23.50603651464254,156.98821069673346,-841.2001731622267,-22.098181981009557,1.0720586641780303,-199.67002246166692,1.2186460245411812
159,1.59,5.835167409004414,705.1781584602878,6.903416071466982,1.432776415282715,550.775767466566,1.4932123411217446,1.7312163215591267,300.18421800975767,1.7916522473981566,2.424706288487073,401.7936170328088,2.586586212035895,3.8375470283255755,204.73479284661664,4.433276617006573,4.909196031584451,104.25238616529727,4.869464207666907,-1.09231118525301,1004.5277956047928,1.8035298919969518,-209.82715066180717,473.9935258829833,-10.605434624245296,-361.09329977263167,365.0697755388968,14.856947835783618,-426.4092241540277,152.8246187233481,13.414598686552496,-487.1816638793264,4.502550244377902,-20.297110867964264,-3.6698116242342573,-179.2792632483127,-14.502333441065804,4.776061184958788,-195.88094776375783,4.836497110797818,0.9996100220693465,-199.66774062685164,1.2651799916025226,2.1712398960388493,-198.30500616790425,2.4124387066513577,4.557465083519384,-196.09954386519723,4.617901009358413,219.94750936271328,475.71581771788635,-9.094528576652888,355.5447792789225,354.70430374444135,7.107411403265177,477.3634072320838,201.49256107501748,-23.73212958929892,480.09267311667924,79.69362324365545,16.6780802534118,-12.998027116768633,-243.23502574365602,19.090495549749416,0.8966005309670755,-199.80434970586427,1.15605094347861,0.8209292564826436,-200.9377115395891,-1.0061647110777028,2.4813227675738387,-198.1756861811428,2.5417586934128686,0.21979346326575067,-200.43721548545085,0.28022938910478046,-155.74592925090258,-168.52746452020162,17.466085243485402,-154.6587942942059,-516.641995169513,17.634060314630034,-154.19733979593244,-965.5922063590351,20.04117111498485,4.305379019856042,-196.35690610686822,4.36053876768741,154.63087374428744,-44.63329086705233,-25.299555684369437,156.05792913101112,-393.19924755313525,-23.865512370452358,157.83640630119288,-841.4920361134289,-21.81536210314837,0.7879990557706771,-199.86900989294588,0.8484349816097067
160,1.6,5.555873293331949,705.1024830891656,7.0417261083304465,1.1231666967375522,550.6697764925711,1.1426606324059287,1.6547380850530964,300.19285781086114,1.6742320207214734,2.5623713052064603,402.11408499121694,2.606064665718358,3.977660343463354,204.49990199121606,4.272465088652732,4.245690117523557,103.79233044363647,3.909571909108724,-0.887059980451379,1004.6161760452256,2.0888334133275044,-210.27410277357973,474.5715318949864,-10.443677457061273,-359.76714111113813,363.1176396994587,13.150399526378212,-425.1705606984612,153.07648449200815,12.248860986073984,-489.34309998658455,3.632455813611942,-20.057933510383144,-5.908683430378096,-181.09521463464802,-16.00492233602033,4.1762244918555975,-196.27716571231082,4.195718427523975,0.9560987402593049,-199.4999062552067,1.4898773231154734,1.211013718139909,-198.91107308923966,1.5618110505951142,4.029094604164837,-196.42429560000159,4.048588539833214,218.42120029497534,474.96903090399576,-10.404547136561515,353.3069417470472,354.85203532516164,5.647443112981991,478.3949708397121,203.4679988964412,-24.0280525204513,480.1816361571377,78.3381868763189,15.605597726311242,-14.431306238177008,-243.02526227627658,19.239115278510145,0.10170569027063614,-200.40147651654877,0.2858153420008165,1.355455985149483,-200.70079909898863,-1.1445310709597347,2.2596888852123684,-198.19370131895403,2.279182820880745,0.08839016047815634,-200.36500004368824,0.10788409614653338,-156.2773764204922,-167.41681970688265,17.644660905890696,-155.13686673877322,-515.8489046451722,18.032047861628346,-155.4737105486777,-965.613404301793,19.280342504548997,4.140064646009702,-196.34012020099436,4.132763938840412,155.7519526980741,-44.543322587542164,-24.63395713968773,156.10551724917127,-394.1889168957837,-24.279043650021123,158.38656368067154,-841.988625116528,-21.776109417634764,0.5764033724237684,-199.8769868317426,0.595897308092145
161,1.61,4.747581277667907,704.4969426510529,6.414112412236675,0.7735340670160704,550.522895440401,0.7784629058311064,1.0811797695905825,299.94055177989065,1.0861086084056186,2.488807202973124,402.23895128326694,2.49827888241714,3.5631783840707363,203.77526684976885,3.6559794736230677,3.1848824372516344,102.93424381063653,2.4963741153028645,-0.6669428500513853,1004.719652342199,2.3619750055103386,-210.91142889966517,474.9637471384724,-10.379551733278454,-358.4884269819522,361.2821716905261,11.47677906591695,-424.60511224431286,152.88246499443792,10.536563732139385,-491.54726627356825,2.912133296309297,-19.585023523056364,-8.122592743854954,-183.08546348106995,-17.516318077500753,3.348305006355093,-196.90233362025998,3.3532338451701293,1.1076835787315584,-199.1434699308186,2.07779282096456,0.6012094112274906,-199.19272236076853,1.0628451046615408,3.5349349107569914,-196.7157037158581,3.5398637495720275,216.81089543081353,474.15048035591167,-11.7539974649042,350.68703880226525,354.7014221812839,3.8157677796800593,479.4833546722468,205.59448523050878,-24.020346191412592,480.32849705407705,76.77157430324979,14.332801545523225,-16.110565993210884,-242.99814669788344,19.02131424572716,-0.4221072238110817,-200.7166871385409,-0.31375954674808315,2.0597813454673055,-200.00714114036282,-0.6408072357412615,1.9056526115257397,-198.34498601508935,1.9105814503407756,0.11682730826625905,-200.13381131834882,0.12175614708129545,-156.56781870305323,-166.15141267247782,17.892041918991133,-155.77325497720412,-515.178679876704,18.23288355435512,-156.9785406375617,-965.6642676795832,18.320805166487446,3.763454115776573,-196.5931593790247,3.6624080864053843,156.6869211811577,-44.677739911964224,-24.053755175384502,156.11024586731207,-395.2574866150683,-24.630190620180144,158.88130562361266,-842.5577255918632,-21.722070509459385,0.5340345438787204,-199.71660408273635,0.5389633826937567
162,1.62,3.5810647576643673,703.4451151053265,5.04839418290237,0.4544149442924355,550.3184652919545,0.4553854902003157,0.2976710652818965,299.55004126545776,0.29864161118977695,2.3640180894190728,402.2280684370812,2.3655652705089336,2.9516113821672016,202.95020712235657,2.9308645742567205,1.9392658147448416,101.80331616240693,0.9257533904664913,-0.47640431834593844,1004.8809378804142,2.594257583280226,-211.78870150217733,475.03223920268715,-10.559987727657216,-357.1312218206268,359.68349629682575,10.028096898450675,-424.36594827190225,152.47656569545657,8.586886665274038,-493.7809115407681,2.2520170570321594,-18.91876771411479,-10.241788357994217,-185.3178565645681,-19.030851470414348,2.389200351943149,-197.74674930039475,2.3901708978510294,1.3920925266286153,-198.7439360855647,2.7980624634620517,0.41601639002360835,-199.2804592602293,0.856460938016479,3.098177695550438,-197.03777195678745,3.098905849199388,215.46811015426914,473.5553601480189,-12.794672933660003,347.87915338757927,354.3507757692305,1.7865179094242554,480.66178796628225,207.81785258747186,-23.71174021355506,480.6438034411005,75.0242454089405,12.963488226558,-17.8014971076668,-242.95726600048252,18.7029829228893,-0.5172192932374677,-200.6833693217929,-0.4675729318034736,2.68193860160206,-199.05687593070752,0.27619947918397525,1.445778745172143,-198.6901709071658,1.4467492910800235,-0.021768235994626572,-200.1577178883325,-0.020797690086746146,-156.43938188853042,-164.6503292564589,18.348251614480894,-156.44816777437532,-514.6012721141458,18.133897331448537,-158.36694320741952,-965.5863859351307,17.397683655785116,3.341780797700892,-197.12059442918607,3.016325769059695,157.23905655741254,-45.30570754310647,-23.766337526810176,156.07605632874314,-396.48487576377414,-24.9286897902473,159.27451922436126,-843.3362769493455,-21.666196548479142,0.6206348704398079,-199.51531478189804,0.6216054163476883
163,1.63,2.270423855040762,702.1293594222146,3.278385429699824,0.06491834386069964,549.9238539110345,0.06506718189622393,-0.45660066633910046,299.0749261112945,-0.4564518283035762,2.1017780036750784,401.96071357084884,2.101926841710603,2.374190063350386,202.20525923420382,2.2957414189082153,0.8352066871064536,100.69414225428025,-0.31415992348357485,-0.2417757287554156,1005.2054049988,2.86679751136093,-212.84268915567424,474.8074779930876,-11.054987149604072,-355.73868221901387,358.1853825489826,8.69312452652707,-424.07017491016416,152.19907790439953,6.768436075874888,-496.1071952611144,1.5412119675351623,-18.187876187124708,-12.260432984256555,-187.7894653529578,-20.519856390823243,1.346705837120236,-198.79435859570594,1.3468546751557604,1.6425790209146118,-198.4984854119116,3.2348902185753134,0.45325997899827425,-199.48718462612248,0.6540286447392367,2.5158312603096578,-197.62515195977454,2.5143995022685326,214.46395446163282,473.24157660851785,-13.455028292520296,345.07327629117003,353.9496364822901,-0.26189500347063155,481.75759310763146,209.93338255904928,-23.29068717656258,481.10693687733453,73.05277090745375,11.480741769260028,-19.383423191349987,-242.88199224894487,18.327963910507993,-0.36985046898991913,-200.52707999833217,-0.3529916731857548,2.7756536625303343,-198.46704261765097,0.8839222606927588,0.925434439296251,-199.21597882248324,0.9252344483784944,-0.5387968355759213,-200.6798612684021,-0.538647997540397,-155.9555259973411,-162.95963235337734,18.992167395176217,-157.1126891254047,-514.1021704735814,17.764112105803413,-159.50379369268063,-965.4639932504742,16.485523284397914,2.8719519305373318,-198.05216674839366,2.089046522468059,157.4258264651313,-46.41254524078659,-23.75967492222863,156.05429024327407,-397.8466750100212,-25.12729629044734,159.37763093085104,-844.555004917786,-21.77588106156491,0.7514330896219343,-199.38963134320426,0.7515819276574591
164,1.64,1.1338838888132714,700.86569892757,1.673327173898019,-0.41649670831074403,549.3153183304458,-0.41649670831074403,-1.078339631536962,298.5169911179514,-1.0783396315369618,1.4858800361384916,401.2176950748951,1.4858800361384912,1.9023242821951993,201.54864889668863,1.8040070306132068,0.3012094458832596,100.0330244846399,-0.7097111499244748,0.07022352534470938,1005.7284989005773,3.215316750623623,-213.91642279559966,474.44356983482896,-11.773117257252913,-354.3605104096779,356.6037221884087,7.288489543250415,-423.5704892427841,152.1934329968168,5.2287090694569756,-498.62915869738333,0.6578348102884357,-17.562070588400502,-14.073463678003463,-190.3286389270113,-21.811124428746826,0.3207302099974328,-199.9474547512459,0.32073020999743285,1.730925039362048,-198.53725992188131,3.1360033901430473,0.525860191157536,-199.9542038664568,0.3139810947865719,1.6454103654466465,-198.62224502219587,1.6373834362408957,213.77668539107242,473.18320433195345,-13.761632740391503,342.43555835276663,353.6525559420933,-2.1703901612268948,482.5104779178456,211.67786264477144,-23.02118379279979,481.7093218350384,70.85707169535128,9.886769800977556,-20.812060449998288,-242.8562439943138,17.811924973036714,-0.157327157893141,-200.43230551608724,-0.1534812592472301,2.072760328726901,-198.78508566883374,0.6299050755655288,0.36582822817532357,-199.90463138357632,0.3635535776670442,-1.320539041428577,-201.58872400267194,-1.320539041428577,-155.29274763579664,-161.2149937498326,19.69485725560502,-157.78655098554188,-513.7059172647803,17.18231161417029,-160.44314132881675,-965.4598200795772,15.450213227351737,2.3587143575744394,-199.37240853340433,0.8957764278390147,157.4115708011979,-47.78075337262473,-23.87062664348591,156.14576494980963,-399.23276595126697,-25.117778924724355,159.14941916900244,-846.2665076301512,-22.08198993834372,0.8548486746171158,-199.41333628662625,0.8548486746171159
165,1.65,0.3704587796561696,699.8832486798347,0.5953321969786076,-0.9342318462389093,548.5785580539396,-0.9342318462389092,-1.6406824352105505,297.82779750370133,-1.6406824352105505,0.4564397992703194,399.9692296994488,0.45643979927031897,1.4698624530721331,200.8969941909326,1.38167853869918,0.5352145283986929,100.0480044285772,-0.14835489262949264,0.45287433645049163,1006.413362030921,3.6335980244408175,-214.96456572099288,474.0171313597041,-12.60527631172387,-352.9776562055362,354.90580180422756,5.752111097123621,-422.97283809977216,152.38531377138526,3.867361702630086,-501.4523324197389,-0.4907384230990619,-17.190977588540004,-15.584889945566662,-192.76750903834179,-22.767260941167624,-0.606794389975569,-201.0940923657817,-0.6068822659602254,1.5089722974502735,-198.97823780237124,2.4746675838033556,0.512612634304447,-200.59691026717616,-0.10974797295098815,0.5007954475539402,-199.98372525561152,0.4690483266957441,213.3503600199545,473.3420886435023,-13.778752111541259,339.9895742170329,353.50226394365285,-3.9218954591130055,482.65678894354926,212.8165994742125,-23.166340957656853,482.5351303680887,68.56381849347868,8.280445118087464,-22.06300999751093,-242.9081555967549,17.09686725989312,0.01698731922932062,-200.4727677131214,0.01696142192414185,0.7559687699255158,-199.97704862042093,-0.3603389262332989,-0.27562301418532464,-200.774384742451,-0.2871746426295011,-2.1464073238493167,-202.6336174236708,-2.146407323849317,-154.70298632205726,-159.61863055118496,20.23002387979827,-158.55281140182018,-513.4680139939779,16.37638278785721,-161.25504399955096,-965.5507056579181,14.299819363868796,1.819837341449031,-200.79593488625682,-0.3087247864353371,157.24013882571106,-49.27419966491554,-24.055060929069302,156.31722072793946,-400.6185573410253,-24.907984299022353,158.71537555044927,-848.3248478525272,-22.435871693414498,0.8027611295827517,-199.68444897023875,0.8027611295827516
166,1.66,-0.10344388215848976,699.1897897946234,-0.030438172381456408,-1.5039399556379522,547.7892937211438,-1.5039399556379518,-2.302799371265513,296.97923099281957,-2.302799371265513,-0.6981213866802182,398.5951122901016,-0.6981213866802178,0.9299092293305333,200.1627172286279,0.8684883163526141,1.225775005765632,100.51900868254748,0.8868151544553371,0.9054565188102606,1007.1678634706343,4.121047954375187,-216.0955411621745,473.51703070456483,-13.52867821695173,-351.5248527781534,353.2530713975565,4.1554281681930085,-422.4590729939027,152.68590598837642,2.508913672360764,-504.47952095894084,-1.7335727884377667,-16.985716233147286,-16.861838948987874,-195.08719723588104,-23.46128671602183,-1.4472694758034506,-202.1546088224226,-1.447842499204416,0.8200808237481527,-199.88668549947005,1.336980262235559,0.2756985506080123,-201.26714796440405,-0.5606933728325849,-0.7741726264730112,-201.47101761620456,-0.8719606430450642,213.07225564416092,473.68722226451837,-13.62488157100951,337.596196341329,353.4323673576712,-5.66919684779356,482.0730917472566,213.3159660893025,-23.84879683915375,483.6948792637929,66.38891531258145,6.789225947510669,-23.096808275494016,-242.91576707200562,16.21490563157,0.028723214817242493,-200.6804103838647,0.02617564878150702,-0.6183196133580086,-201.4048878799398,-1.4419882033212557,-0.9881822250002632,-201.7406361249898,-1.0338698017716512,-2.928815697256654,-203.63558202047483,-2.928815697256654,-154.512868732132,-158.40095859311452,20.280008553689175,-159.46271815565473,-513.3508080166372,15.329506198522507,-161.89560445213905,-965.4522111643319,13.238039370344193,1.2220717210075482,-201.89667148467944,-1.189905161461255,156.86041458652005,-50.85818930032465,-24.36369165972878,156.3731653281126,-402.0570312973058,-24.64441350088922,158.20829868887256,-850.5245088408624,-22.671257895417426,0.4036191070013221,-200.3031472162169,0.4036191070013223
167,1.67,-0.47655888855480133,698.7228529997831,-0.45810015440333773,-2.124588613351662,547.0748232749862,-2.124588613351662,-3.0306242420322254,296.1665815832347,-3.0306242420322254,-1.4918855590524405,397.70752632928543,-1.49188555905244,0.19399640982769617,199.36085743736203,0.1574815504437903,1.7646256374912395,100.9640375258291,1.6736351983700035,1.368814783225158,1007.8065453185216,4.6184894008500255,-217.31871842105136,473.07356565768475,-14.458170998289255,-349.89561770065643,351.92462634386067,2.6530283889728494,-422.1085744233717,153.14344185999013,1.0804321045998164,-507.27301863587036,-2.5246134591368303,-16.499797398413833,-18.033706366528584,-197.31819947898668,-24.050579591036065,-2.18868275714362,-202.9921209935834,-2.191532881921196,-0.33630952885481186,-201.13689764051702,-0.12083378495626479,-0.3059969543795419,-201.8869226570793,-1.0879176493463016,-1.886663339522723,-202.65915312549737,-2.121244596523466,212.83304311488428,474.2324034958098,-13.410322186274247,335.19251462040296,353.4678129727105,-7.508336298174617,480.96826352897597,213.50911370443006,-24.859205950248242,485.2182620285813,64.50385482790526,5.461633951448352,-23.81079707975872,-242.62277334816497,15.298672897769762,-0.19545465329171102,-201.00332673268542,-0.20484947563166006,-1.4974183799613197,-202.318183582728,-2.024052781372192,-1.577343795877069,-202.5186595512967,-1.7180714396345351,-3.650881217697045,-204.4514693293592,-3.6508812176970453,-154.93049775044798,-157.6446546362437,19.638778306697326,-160.42750590391387,-513.1416627897095,14.141770153231434,-162.22693986393196,-964.8029140148338,12.517053152681953,0.5882958512991532,-202.3408543882474,-1.5402662765852155,156.45920042654564,-52.36624681394443,-24.609424865849398,156.2306538869156,-403.45216461476105,-24.35948572235898,157.74134466827815,-852.648476431305,-22.683364221220124,-0.4002051336113495,-201.20057404634724,-0.40020513361134946
168,1.68,-0.7642972487356161,698.5292906007841,-0.7606625084717021,-2.5583143604258636,546.7352734890939,-2.558314360425863,-3.4381397353197873,295.8551098034708,-3.4381397353197873,-1.60472253400015,397.6888653155196,-1.6047225340001496,-0.6036842315794989,198.67633440036332,-0.6373842950104902,1.7722973447522339,101.06588519427189,1.8159563086830957,1.6502654339243852,1008.0744236022074,4.933217008157966,-218.35285202815913,473.04562177932894,-15.092337776779747,-347.9383458547991,351.17616911898415,1.4403473435568683,-421.7973521526104,153.94490698933248,-0.2880304801645479,-509.27868553798976,-2.2654979862231053,-15.182502603200469,-19.069938097856358,-199.39145058836567,-24.52746474494093,-2.624534638322689,-203.34206549072007,-2.635653340239698,-1.6827358774879269,-202.38914802796833,-1.6127811455753875,-1.1826670436459248,-202.43614238830128,-1.735991535321187,-2.4091297396172133,-203.06063820625076,-2.847385224698221,212.61219504161886,475.0196338996549,-13.154347011971462,333.0606138719545,353.8833409699829,-9.221428091224979,479.83435008408924,213.94793580814508,-25.70576376930837,487.0421784049255,62.92474498709169,4.254993053492265,-23.982984241196505,-241.71917374968422,14.599410671282374,-0.5374238860619275,-201.26595344415705,-0.5648004851780168,-1.683316316736315,-202.39370157202683,-1.957641261246299,-1.748597752062885,-202.79259797033123,-2.0861858198508725,-4.169438323357808,-204.87585047383817,-4.1694383233578085,-155.76154526402405,-157.09499435176215,18.501278949396497,-161.23919605116785,-512.572645138906,13.02362816225271,-162.1221687520709,-963.4107564739794,12.298050161276414,0.1392635448793943,-202.03008653533644,-1.3236743848560302,156.53297038077352,-53.46817263809439,-24.295756981114224,156.1470829374348,-404.49851432356706,-23.812374436626726,157.5035321284914,-854.4379579869519,-22.388239848071716,-1.3363089843488258,-202.0412917782795,-1.3363089843488252
169,1.69,-0.7975302615695046,698.7175691349695,-0.7969728560968415,-2.4101524243838495,547.1049469721552,-2.410152424383849,-3.0743432045651597,296.44075619197395,-3.0743432045651597,-1.0833359890441914,398.4317634074948,-1.0833359890441911,-1.0695093816006442,198.44118473497184,-1.1535337014176388,1.380844167755372,100.89594356429441,1.4748284818855262,1.512706029504767,1007.7950212268347,4.8281068754526215,-218.80404871603758,473.7630765784736,-15.072482047174123,-345.551001180063,351.07411514009857,0.6466893129740653,-421.25985721941123,155.29529883263,-1.3252693200979548,-510.23505061365137,-0.7734253847660242,-12.79666619084361,-19.763321143927197,-201.17432179041123,-24.69239810184766,-2.464319740143506,-202.98268749761576,-2.4977868941547383,-2.728744288721531,-203.21364489218257,-2.711056962580135,-2.0796655059620113,-202.85950385733156,-2.3938894079270026,-1.9885256679929653,-202.42029389564112,-2.6261836361951665,212.4476838421022,476.0266642179946,-12.818002032622546,331.6823943291332,355.0224379119817,-10.398797918842952,479.1008386507108,214.99842089971557,-25.959933645828634,489.0770571098484,61.519588166182785,3.1015972132951752,-23.3130663973769,-239.9505541879326,14.436600949856542,-0.721483638191686,-201.25940107507822,-0.784325934878887,-1.3561265673778122,-201.84163646619527,-1.4693122065235524,-1.335221049774827,-202.45081919615808,-1.96591859269709,-4.243567172491641,-204.72846777595268,-4.243567172491641,-156.4604844292575,-156.2693299087395,17.41336084842964,-161.69383001744148,-511.50267549692353,12.180015260245629,-161.54362955163245,-961.3411323015109,12.611511890571654,0.19493245911103907,-201.07302239045478,-0.5881217869937582,157.45937330401568,-53.96055466685482,-23.045273665567148,156.51399411115005,-405.0049526918674,-22.753814746272656,157.7340555867544,-855.6424225206665,-21.7088511401734,-1.907390530392896,-202.38503226234087,-1.9073905303928953
170,1.7,-0.49715075967287015,699.2463928693671,-0.4971507596728699,-1.5032446353292588,548.2402989937108,-1.5032446353292586,-1.912313387625621,297.83123024141435,-1.9123133876256209,-0.24621375126781397,399.49732987777213,-0.24621375126781353,-0.7826637916045864,198.95976600822917,-1.0290215288530764,1.04275453845446,100.78629816749438,1.1344603816903365,0.8837296043742257,1007.016297468987,4.230730788194112,-218.54131104446657,475.19414664935823,-14.33797310059626,-342.81970514361103,351.42625103138647,0.20269188000088306,-420.34928840522036,157.2205008837375,-1.879253368663135,-510.3741629174401,1.5813326210323586,-9.60847710312349,-19.940790134668518,-202.62290332047172,-24.365055120227915,-1.680986951175091,-202.01463849390953,-1.7581821229494272,-3.0180263139474253,-203.27448268490753,-3.0145434729270395,-2.661618989795648,-203.04134819303914,-2.831156900560618,-0.6473311358636573,-200.97877000296353,-1.3698922761177172,212.31903353953692,477.11218297140204,-12.421730176242367,331.1972434408211,356.9047494579024,-10.894770464639116,478.8971492682414,216.66633357138915,-25.493952553442362,491.22952908799596,60.094008248319284,1.9310584343157093,-21.635658883352818,-237.26224420162453,14.99061038315122,-0.49352902891006156,-200.84903388459324,-0.6068734783235339,-0.8157364679752749,-201.07219283893542,-0.8522846557526562,-0.4637818937211473,-201.63789777485394,-1.3814414038938345,-3.805183566236942,-204.06168309744618,-3.8051835662369413,-156.6120982054424,-154.8749663495329,16.790783179981954,-161.68290844646666,-509.9457765905571,11.719972938957703,-160.58844077506885,-958.8490754032719,13.321013539714976,0.911068902034154,-199.67181304347503,0.5846433274850764,159.07003177009585,-54.01411565921832,-21.026851982968303,157.41551943985962,-405.2101865608045,-21.304502075068967,158.5209553551848,-856.1846497605696,-20.638945922386874,-1.7765855355792843,-202.00433251278338,-1.7765855355792841
171,1.71,-0.07635288059201217,699.8289701610037,-0.07635288059201173,-0.09940867390988384,549.8059143676858,-0.09940867390988362,-0.4418850479157239,299.4634379936799,-0.4418850479157237,0.5087025369392109,400.41402557853485,0.5087025369392111,0.2901701686099114,200.1952738842307,-0.2983587093637373,1.1103782798738884,101.01596032417308,1.1750098782122658,-0.038156135620074805,1006.0103210551639,3.339575423725092,-217.85564475667934,476.9091941087506,-13.258211279434267,-340.0049979362866,351.90842613527474,-0.13953812817964173,-419.23951596470556,159.47190318257137,-2.119066782776651,-510.2942132405924,4.109507968538576,-6.248833517018932,-19.646882579821625,-203.86370740054156,-23.57742205511041,-0.6308428124058079,-200.86022652870474,-0.7655495703003845,-2.4229754647508663,-202.51715965026062,-2.422441353781659,-2.771421426715805,-202.90627317832644,-2.8980307657655997,1.1200956755221827,-199.4248714535913,0.48243770731998115,212.08520026108425,478.06052792792093,-12.107152486707307,331.121731860894,359.1371580324414,-11.023153566825208,479.15454672437943,218.80567938052866,-24.378913621401743,493.36536426704697,58.46059307177078,0.6328252205300873,-19.139033849709506,-233.90783358080085,16.087609167815124,0.2209550266117951,-200.01783662669555,0.06064088143476126,-0.23823829634277716,-200.33291525474715,-0.24747912536780614,0.4382225131628139,-200.6962988996358,-0.6016219412314285,-3.0861291530941424,-203.18108755167628,-3.086129153094142,-156.3292699817833,-153.10040084949583,16.521469564966463,-161.2334183258816,-508.0049167531697,11.617321220868185,-159.5263049727426,-956.2970933197003,14.058586611417182,2.1298675970276526,-198.07078422956295,2.0238927288414277,160.7534603549226,-54.080445017473735,-18.852258475215145,158.5330461128791,-405.5966090843418,-19.875027727760873,159.6457224427899,-856.3007942633087,-19.316502212829214,-1.0479164896944253,-201.0541622897293,-1.047916489694425
172,1.72,0.13010427075520936,700.1370380987101,0.13010427075520953,1.2646879544169733,551.271621782372,1.2646879544169733,0.7486721202589983,300.75560594821394,0.7486721202589987,0.8329375343228507,400.8398713622778,0.8329375343228509,1.637955634419887,201.6448558276472,0.5388150574518007,1.557926641853597,101.56654937959006,1.5942783639877187,-0.9089410361414298,1005.1145696488936,2.4986301382106366,-217.22442524245918,478.40418859808995,-12.34781891515961,-337.35141887714394,352.2915129281666,-0.6127624504579359,-418.2953285770799,161.68944398339647,-2.4051718438868046,-510.62203125027753,6.173774571113561,-3.372700926591416,-19.132377205487252,-205.14825858932113,-22.587178013637836,0.2638054660960917,-199.90243783799644,0.09062833404863646,-1.260696791431338,-201.2505496805635,-1.2606967914313383,-2.5132186078194145,-202.51702332058454,-2.649718670668168,2.6009513046361077,-198.4720093938493,2.1626958195550996,211.5466000496727,478.677324590308,-12.074682922941635,330.75945445796793,361.28855575622885,-11.21576939240348,479.7473730589831,221.29323424823468,-22.74352549447015,495.3573623494446,56.51992473150803,-0.8977781475560422,-16.32592789152799,-230.3802357677273,17.23519666863804,1.2793702416984627,-198.87699927394016,1.1017709334145236,0.3552531122518166,-199.63781305979325,0.3534334851282227,0.8701053131648733,-200.04062036905287,-0.04755419700781438,-2.400884705046083,-202.39538014824785,-2.400884705046083,-156.09083592285978,-151.4198820833295,16.127655006453324,-160.5339546724266,-505.86539762240466,11.684536256886489,-158.74708642108564,-954.0761325815554,14.302919626870885,3.4349760327247805,-196.58488478215793,3.408181389887114,161.95166714364504,-54.55829276606059,-17.078811131881373,159.52000643216329,-406.3935354862474,-18.69923727267345,160.6768520647392,-856.4677189213085,-18.01208462380641,-0.15110972400759648,-199.93204057502322,-0.15110972400759626
173,1.73,0.018579954942600285,700.1107009791181,0.018579954942600452,2.1252171944020426,552.2173382185775,2.125217194402042,1.394985914171623,301.487106938347,1.3949859141716232,0.5539025934187444,400.6460236175941,0.5539025934187445,2.566868739827185,202.65898976400257,0.96767757512002,2.0401873469066745,102.14088536266866,2.063213948458386,-1.4859339805072844,1004.5279532357246,1.9505654903217455,-216.92967644684202,479.4718998444663,-11.858270290004794,-334.9334892011209,352.55302275374135,-1.2801611740981877,-417.76329318041974,163.6679075949323,-2.980282919315633,-511.6912905120308,7.467839582877804,-1.3385956565269734,-18.68374906964057,-206.71606651923088,-21.729883239091823,0.9208928863857928,-199.14058803343693,0.7672909423877641,-0.09698789620886217,-199.98854847491685,-0.09698789620886206,-2.1162799373125862,-202.0292228112169,-2.2638503096477014,3.295435238067375,-198.34769690859343,3.0608539810666313,210.58705819924216,478.88877410267736,-12.441396031793756,329.8165495629359,363.23465727141405,-11.634812609599763,480.4236371442395,223.91629954768365,-20.843512029941742,497.2365980636017,54.36882406309924,-2.611764342558533,-13.720847957796764,-227.16761367513408,17.90929355668282,2.4139131891263355,-197.63808048160132,2.259973030961645,0.9729379331425911,-198.93494104268208,0.9726588842853823,0.6737256563672427,-199.86485086237968,0.043028113444979255,-1.8701016191274444,-201.78363347203484,-1.8701016191274444,-156.22087335478793,-150.11553936931676,15.286595893140905,-159.8864572896364,-503.79329520563255,11.620974670046198,-158.54229277324592,-952.436806918995,13.699137860117807,4.348283734191481,-195.56487141964084,4.343007556183819,162.49896705011483,-55.551610542092476,-15.865478714760364,160.3389561457066,-407.40140037834647,-17.609382290849325,161.25546355196911,-857.1059851306672,-16.981313721154347,0.5172059827172852,-198.99435203716553,0.5172059827172855
174,1.74,-0.22843183772520104,699.9585372900685,-0.22843183772520081,2.327259165810168,552.5142282936039,2.327259165810168,1.5656397598395526,301.7526088876332,1.565639759839553,-0.2044144737130673,399.98255465408056,-0.2044144737130673,2.70086201938806,202.8878311471817,0.8887410249419998,2.1962581631983986,102.41714995076916,2.2348719245030733,-1.7485488098786175,1004.2449375980907,1.7159473308066464,-216.96634728701025,480.20639824287855,-11.72137302507906,-332.71529068801215,352.7628993411413,-2.094640623236687,-417.66412135832184,165.4096533588998,-3.8617450866841043,-513.4717338018895,8.032442616725302,-0.13917860408035138,-18.454810376805863,-208.67196276779507,-21.232613636181924,1.5987787196668377,-198.28777408092907,1.5252567912772919,0.6447769342417171,-199.10371342537312,0.6447769342417169,-1.7494625840767308,-201.57493495170547,-1.8876656016278093,3.1965573692289926,-198.67056433742732,3.09876935265694,209.2745735363012,478.787536258889,-13.140235009068583,328.48043102461156,365.0468222475182,-12.229134365047386,480.7494120266335,226.26220217507603,-19.117201684208133,499.2121189890953,52.26497736168966,-4.290074879838754,-11.611517339279311,-224.54461743474909,17.817782434311113,3.3639497312246567,-196.5481296257048,3.2596420550002794,1.5342259601124635,-198.2788049120939,1.534225960112464,0.20038469845552742,-199.95023424153885,-0.13720336933246058,-1.44365581111595,-201.2740987705575,-1.4436558111159503,-156.65470308175287,-149.0982908566743,14.064565179087204,-159.54019087021248,-502.0319194493009,11.178834240718768,-158.87060542891868,-951.3132028949972,12.353992554236306,4.573646586370771,-195.24019341393904,4.572837458267339,162.5144881371576,-56.94871102760733,-15.070402486031046,161.1557089723766,-408.33005762935045,-16.313640785318334,161.31586968794036,-858.3227017369944,-16.2857412437034,0.8435228295132422,-198.3928644543645,0.8435228295132422
175,1.75,-0.4615283480351444,699.812606060429,-0.46152834803514464,2.028836037394227,552.3029704458584,2.0288360373942265,1.4028813588273101,301.67701576729127,1.4028813588273101,-1.0574530252824847,399.2166813831815,-1.0574530252824847,2.1256845004312597,202.39981890889524,0.5264933357240944,1.9190144450663014,102.29763800173598,2.024689689486122,-1.7939380525233943,1004.185678289583,1.6976030829174653,-217.28051402631087,480.68454733486544,-11.842426641529494,-330.7290188047287,352.8791680053624,-3.0774276352985814,-417.9307746745159,166.96074957738267,-4.979649778030284,-515.7218718868189,8.077014793127576,0.44542780386956493,-18.45479185941661,-211.00750637864576,-21.141537690185302,2.452372866242969,-197.25346792531016,2.472132717681721,0.9336721683663571,-198.59339464884744,0.933672168366357,-1.4633275418373333,-201.2265729956692,-1.5871419499766501,2.6867211264515847,-198.88847015952507,2.654974005593389,207.81032720737778,478.55598975323915,-13.970984223155805,326.9740667246923,366.655621694023,-13.04492410944503,480.3356015569108,227.91930730778972,-17.958745110193547,501.453804562208,50.38386150922609,-5.75472025611468,-10.024306989286538,-222.5572422199772,16.941382729776894,3.9395461941799335,-195.8393362307816,3.884337003563312,1.8735937859325924,-197.85227180560346,1.8735937859325922,-0.09049525905918587,-199.95708849435272,-0.23122290281665225,-1.1218598588044082,-200.88949487622526,-1.1218598588044084,-157.20042847449304,-148.1951473924147,12.655309901175375,-159.51889079196928,-500.6618938260067,10.335612766573211,-159.3602296924759,-950.3499194071161,10.770491321387404,4.1411307442890735,-195.58473484724698,4.141130744289074,162.10863480224546,-58.657374613451196,-14.534415637509362,162.00111871232195,-409.1965868470851,-14.779928517035703,161.03294221095027,-859.9624740497385,-15.794083566919692,0.9616271740397804,-198.11081562741077,0.9616271740397806
176,1.76,-0.7669713492039606,699.5429788017328,-0.7669713492039608,1.535273147256297,551.845223298193,1.5352731472562966,0.9781544471347883,301.28810459807147,0.978154447134788,-1.565638035945299,398.7443121149913,-1.565638035945299,1.200143413051864,201.51009356398853,0.10103647081138173,1.3592397726428307,101.91984635969786,1.6101297649536819,-1.6912064618658467,1004.3247018680395,1.8264082139764426,-217.8920499348394,480.8440744248785,-12.239532690254762,-329.110197249072,352.7297975430521,-4.353324415780429,-418.5101894278854,168.32636313974362,-6.278567884710428,-518.0814105985501,7.904472954767291,0.755260310408807,-18.634066892168487,-213.69480069715453,-21.37179419772569,3.1813805121904624,-196.4343336576121,3.2539885099185786,1.0038652203213512,-198.20929116054936,1.0038652203213512,-1.2062870711866116,-200.98600654840334,-1.3422217778215524,2.1434787805326554,-198.82947406370522,2.135451851326905,206.3812968918977,478.33595355049096,-14.747653564642256,325.26313005774927,367.8030113660117,-14.29065718142443,479.1532470102681,228.80944574865774,-17.402790320371984,503.8890414985009,48.632355377336395,-7.048991023076399,-8.844873139671112,-221.1167233000342,15.4226116263921,4.031332485472497,-195.68081806784957,4.008520027042354,1.880860613688281,-197.80918923537504,1.880860613688281,-0.14688293291773868,-199.8826203587525,-0.19257050968912723,-1.0016759749557356,-200.76976138507266,-1.0016759749557356,-157.82915021935426,-147.42231972319917,11.089832151919818,-159.61200709417417,-499.56089170065695,9.302091480628128,-159.56950903362159,-949.1427876526329,9.481897556583249,3.3627204200414678,-196.32732942902186,3.3627204200414686,161.33420383011438,-60.635691641305044,-14.148000746879513,162.676233764997,-410.29146168486864,-13.263431673949691,160.59992850352924,-861.8465320266291,-15.351960672078796,1.0538098138655867,-198.0595964468692,1.053809813865587
177,1.77,-1.2675791186190728,699.0009275774682,-1.2675791186190728,1.0866753010561814,551.3551819971435,1.0866753010561812,0.3721585740404121,300.64066527012767,0.37215857404041197,-1.4458234431474983,398.8226832529398,-1.4458234431474977,0.3199781636726773,200.58848485975994,-0.26833138832610265,0.7274460612605642,101.46424063083037,1.1957697517452495,-1.4932557070875159,1004.6349811779725,2.049441554311737,-218.70988956126843,480.7326830149915,-12.838562847412305,-327.9304401268014,352.22399056948683,-5.983510053415323,-419.3197157453761,169.5584117714585,-7.673995216938614,-520.0682256739715,7.9582259532230335,1.253411166952745,-18.87694248097788,-216.65015484382894,-21.736125185384623,3.231170326156348,-196.4186481151046,3.304071298022197,1.019259720700906,-197.82127928913513,1.0195467311617694,-0.8253402269859285,-200.72435845120066,-1.0121513013443222,1.6568869829011599,-198.76429886696945,1.6553063868245104,205.1127907025445,478.22530278179477,-15.345943080609082,323.2724203433039,368.3712433183033,-16.05227891563139,477.5357564759759,229.23424045009324,-17.122232702332,506.2663063722858,46.756231527667325,-8.351226435203955,-7.8731741251270915,-220.02030931741717,13.50088835224187,3.6628045961155555,-196.07586375596514,3.6554495883105904,1.6461097567244154,-198.08538354718834,1.6461097567244152,-0.2764707043610325,-200.01951563671798,-0.28802233280520895,-1.0989325626846917,-200.94396693796529,-1.0989325626846917,-158.5890885942802,-146.85525903804086,9.3222616506308,-159.56658491823822,-498.4973186644995,8.32972217449374,-159.28372267387698,-947.4886248790332,8.725430034213225,2.647745623986051,-197.0837476799267,2.6477456239860517,160.39581204211703,-62.71965397902965,-13.707026569481524,162.98863359494175,-411.789740215743,-12.005256213197988,160.13327214897532,-863.8585697219853,-14.863116444562259,1.2302632783350322,-198.1049090696359,1.2302632783350322
178,1.78,-1.8798550529146874,698.2849050146074,-1.8798550529146874,0.7219941594714934,550.8866681901329,0.721994159471493,-0.25551237762456,299.9091616530369,-0.25551237762456025,-0.728678767894627,399.43599526276677,-0.7286787678946268,-0.25000453094192415,199.91466949971948,-0.49524843898429405,0.12114795601047157,100.96717682215879,0.8025027914973704,-1.3092696459238076,1004.9924275020195,2.2575000339150466,-219.43078945541117,480.6530229199718,-13.35121189032937,-327.0824383591478,351.4901935576613,-7.850565146949322,-420.23079701172725,170.794640438447,-9.036036301079779,-521.2537278246124,8.669615389540088,2.350490489911741,-18.933957791225822,-219.62848091134578,-21.93767442344717,2.314397849811179,-197.43973918374124,2.3608853743804548,0.9020186995573176,-197.63697642108247,0.9038902428582508,-0.17906335878474844,-200.25813664889733,-0.42907197705899647,1.1159171188465415,-199.0075070118782,1.1156747265876115,204.11141838245896,478.34387775151566,-15.660270286374338,321.20385851201127,368.6391027525184,-18.060005837664228,475.85218591087255,229.57142880515372,-16.754911067604112,508.36440613844957,44.572248176030854,-9.784214376155052,-6.821048901206344,-218.94235666106204,11.498371410441507,3.0437988716737845,-196.79334123394352,3.0419492992415265,1.3902891342939832,-198.44503683504465,1.3902891342939832,-0.6697887164056472,-200.50738933625254,-0.6720633669139268,-1.261434906247127,-201.22541976496575,-1.2614349062471266,-159.37327785249084,-146.3733276845978,7.462448013909693,-159.31732392770743,-497.28430765942323,7.482022623392687,-158.66417089182295,-945.5172458600368,8.327474467850625,2.2586531953503517,-197.5766727739883,2.2586531953503517,159.6927824506389,-64.63746565889974,-12.927784173748833,162.95341785098594,-413.54572979492,-11.015121944783228,159.74177123308357,-865.8618091741521,-14.227201323800006,1.5217365638110547,-198.10145408449813,1.5217365638110545
179,1.79,-2.36683313113885,697.6606746003035,-2.36683313113885,0.3542049716724098,550.3811516723094,0.3542049716724096,-0.7567031647171898,299.27024353591975,-0.7567031647171903,0.1891493814477705,400.2160960820847,0.18914938144777083,-0.46542201654913995,199.56152468408777,-0.5450410563996995,-0.47346322522675477,100.32555965323175,0.2986129525948269,-1.261417501962657,1005.2463424842003,2.3283955145104818,-219.78869152692653,480.8916829986167,-13.518850392329407,-326.3615424837829,350.76733429396955,-9.740091564994797,-421.14543718804174,172.15458834672077,-10.265874058723716,-521.5502618695011,10.141293953810457,4.115202549305891,-18.507047462386023,-222.31048572105175,-21.67332649031269,0.6858698467770263,-199.15902888444634,0.7071365434051986,0.4631896090210163,-198.04092839447623,0.4726940901493824,0.621659528648558,-199.62759567018878,0.34387452524515805,0.471973354167498,-199.59470243876518,0.47197335416749814,203.4468647761305,478.78797238376615,-15.62199517998205,319.4884874842251,369.12025046073313,-19.82279325349928,474.26519919118937,230.00568775028387,-16.145622483146127,510.1131150455011,42.061461075907886,-11.356184015759114,-5.410952048683414,-217.56527014324504,9.716123988364036,2.478525677952526,-197.49488484602426,2.478163019028686,1.2334217003207995,-198.73963159904233,1.2334217003207992,-1.16495453262591,-201.13835666094232,-1.1653033615791912,-1.2993222716719726,-201.38591664240295,-1.2993222716719726,-159.93709826100707,-145.70448583141024,5.7588669524765645,-159.02514745008042,-495.8882146730432,6.601490589818333,-158.1403104265968,-943.6331128016875,7.830150471255579,2.167876739656754,-197.80517655970635,2.1678767396567546,159.5171716854398,-66.28725871618317,-11.6813937988914,162.71489675718857,-415.32416108862947,-10.158786046360774,159.52391845072867,-867.7242139511941,-13.349764352820692,1.8571273272959463,-198.02792127902597,1.857127327295946
180,1.8,-2.551139396566346,697.3161389425816,-2.551139396566346,-0.02120728620152862,549.8432219034238,-0.02120728620152889,-1.0936250141443948,298.770804175481,-1.0936250141443948,0.7786960482159009,400.6431252378412,0.7786960482159013,-0.4944655796076871,199.36996361001763,-0.5145964254618645,-1.0418250273976333,99.50395899771453,-0.3604701919107347,-1.3856440973102584,1005.3516425326959,2.2261645661657705,-219.82927489668702,481.4088826338028,-13.389819144949223,-325.5821070563895,350.25543978210317,-11.457092409471528,-422.02118083870687,173.6786667284508,-11.320750186905462,-521.2108291855991,12.110343975775365,6.2705201920390135,-17.459293320444893,-224.53795110086236,-20.820985323864292,-1.0214822549033693,-200.89336637308242,-1.0142062369016562,-0.32605238594206476,-199.16529984528685,-0.2884689315367065,1.1690389981120581,-199.21027913303664,0.9249799456913605,-0.12749290850015726,-200.2867557261041,-0.12749290850015732,203.10117220660527,479.5456919421388,-15.250136328999288,318.4976302920491,370.21836289428126,-20.940119321373732,472.8034655903605,230.56803817781832,-15.273749374947332,511.5796988916811,39.322565835390336,-13.010877938306903,-3.527098558489091,-215.75767897619414,8.288900647055105,2.165224686704568,-197.97040090583897,2.165169904535781,1.116258287465607,-199.01931252290916,1.1162582874656068,-1.464942664221038,-201.60051347459577,-1.4649426642210384,-1.1352522127421152,-201.34885858417042,-1.1352522127421152,-160.11766603965336,-144.67769617783694,4.382298992993363,-158.90203299583035,-494.42911495781334,5.490146489801276,-158.04022496577755,-942.2007360022001,6.849846238221312,2.1654314772891263,-197.97013933308563,2.165431477289126,159.80055215629534,-67.83559826208133,-10.08200227709275,162.37033668455484,-417.08780101518573,-9.3435538023881,159.46671042104055,-869.4478327007879,-12.247180065902391,2.0618461679332993,-198.0477961519521,2.0618461679332984
181,1.81,-2.453704014747125,697.2392854621346,-2.4537040147471254,-0.29502323581736056,549.3866976361071,-0.2950232358173606,-1.298307382462986,298.38341348946153,-1.2983073824629865,0.8162008591232439,400.4979217310477,0.8162008591232439,-0.6225473333722262,199.05921039395787,-0.6265113319526499,-1.4436369070710837,98.70637183833588,-0.9753490335885515,-1.6181663102459405,1005.3674774228998,2.0145720188197918,-219.8365345432676,481.9238811380021,-13.248905239894016,-324.6070199452252,350.1009705041091,-12.855535343813058,-422.808316853406,175.40008638317238,-12.151167233866358,-520.5637767296023,14.224540676664299,8.455102519927987,-15.899238460882442,-226.39255695798093,-19.500906321424864,-2.1674909063201926,-202.00483515641935,-2.1655942338491414,-1.1748756963608304,-200.60224942130225,-1.059136303357485,1.0783384365149082,-199.40746561186265,0.9107657106165805,-0.41566470971190667,-200.73860907061993,-0.4156647097119068,202.98254474307458,480.52385638704993,-14.637565047768813,318.3389756303204,372.0495836405684,-21.293906382703415,471.491748117121,231.2808411250549,-14.123220736267976,512.8660171216625,36.483721672184785,-14.693867586089315,-1.2324919247813435,-213.57047816436415,7.174166319840975,2.1071457916950576,-198.21113333638053,2.1072964318924496,0.9433473400016767,-199.37493178807387,0.9433473400016767,-1.4073659427342364,-201.7256450708098,-1.4073659427342364,-0.8358486765075568,-201.1958972304679,-0.8358486765075569,-159.94187825555773,-143.31608465210468,3.323541480425366,-159.03101221599815,-493.0705508773624,4.085185805888172,-158.26683739571183,-941.1883293401276,5.413229773661575,2.090120111882777,-198.2281590161928,2.0901201118827766,160.25997040056365,-69.44514723843312,-8.31461671569782,161.93679729224516,-418.95124898780796,-8.556032083128462,159.45698187865634,-871.1400991910884,-11.0358474967173,1.9728957591157117,-198.35224708953672,1.9728957591157112
182,1.82,-2.295987600734451,697.2591942975695,-2.295987600734451,-0.4518021818918585,549.0686699695594,-0.4518021818918589,-1.3886113671131903,298.1318607843381,-1.388611367113191,0.5383082683110535,400.0587804197623,0.5383082683110534,-1.087487616708902,198.4332248621759,-1.0880955155797765,-1.5332374918260943,98.23789109574346,-1.282581055707714,-1.8414546579329947,1005.3696925894529,1.8111293886557316,-220.0203146012613,482.26752325745935,-13.306353248243001,-323.38719546479933,350.3988637894519,-13.877878106753638,-423.457012497844,177.37353884179186,-12.7083165740957,-519.8626051870847,16.24215371685734,10.381577554261455,-14.090042128927443,-228.0730441780488,-17.97870048213955,-2.424347026706778,-202.20648761821025,-2.423956245945841,-1.6304145652789046,-201.6332972343287,-1.3529012002837633,0.3261941127133321,-200.24300336398886,0.2365244845599639,-0.2253675542741045,-200.70561083944924,-0.22536755427410468,202.93347251071674,481.59599050106317,-13.942879515484817,318.79018414790136,374.42981204311906,-21.10177009556369,470.3081546153729,232.15662916968304,-12.725774588997993,513.9930339341101,33.62846075013101,-16.406222940320884,1.2942737662539292,-211.13120659222636,6.2167578367750185,2.1866696237006833,-198.29285822484815,2.1876519211801293,0.6775990767801239,-199.80192877176867,0.6775990767801237,-0.9898321752184641,-201.46936002376725,-0.9898321752184641,-0.5723608760267713,-201.06930081181073,-0.572360876026772,-159.54548460254227,-141.7144574081292,2.47963270534745,-159.34716560406935,-491.8757586251614,2.4635153959316383,-158.4322617004352,-940.2017154042612,3.8760320756861493,1.8891412405885188,-198.59038660796028,1.8891412405885184,160.697453984815,-71.04643828958669,-6.530037726253619,161.39095651927988,-420.9836575151305,-7.822986248257775,159.39617229185055,-872.8571493973345,-9.817770475687112,1.5515364087783632,-198.98241801846302,1.551536408778363
183,1.83,-2.3434207767487365,697.1932312026198,-2.343420776748737,-0.6756708716404068,548.7777167535435,-0.6756708716404074,-1.3936306212262874,298.05975700395754,-1.3936306212262877,0.2935239794724333,399.74691160465625,0.2935239794724332,-1.8782599905164763,197.57634811808117,-1.8782599905164763,-1.39751314285474,98.16036363053473,-1.293023994649015,-1.9185961547291404,1005.4224631180715,1.7527320287723134,-220.3122358867874,482.5801018811797,-13.494347798889013,-322.01545600641305,351.1326375523713,-14.608980750512115,-424.04507211785943,179.55198849655474,-13.072192006583874,-519.3005582238799,18.041496901031213,11.852123668754807,-12.337638582284672,-229.7913680534362,-16.55594383780233,-1.9240604135705652,-201.68081238132146,-1.9240004853999282,-1.4751907103063748,-201.823986311633,-0.9572456245053633,-0.7407786540901627,-201.32477089120226,-0.7781585163859969,0.30384330557589967,-200.2427690692403,0.3038433055758992,202.73569815963782,482.604695187567,-13.38543672050403,319.37069962827,376.9467101674536,-20.83805204402712,469.12351742700173,233.13151458295044,-11.222613184935092,514.890261886604,30.77898373693457,-18.192774170284768,3.761952284807718,-208.64906611066266,5.150795287844884,2.221992314591426,-198.3246200602248,2.2269808328112184,0.2870461177535714,-200.25956625706266,0.28704611775357114,-0.2778317882795571,-200.8244441630958,-0.27783178827955735,-0.5414071462550876,-201.09367239815407,-0.5414071462550879,-159.04839029903567,-139.92060250612036,1.7642865668312908,-159.7046734731789,-490.7406148173812,0.7661249089158748,-158.3470604800255,-938.9446874917976,2.4657418280862533,1.5184116826508771,-199.02820069216534,1.5184116826508767,161.0265207884397,-72.51124776132839,-4.938835334669572,160.63912216636626,-423.21016203129926,-7.241751313435773,159.22548482831507,-874.5844215102013,-8.655388651486952,0.8418609606146414,-199.87658060812075,0.8418609606146411
184,1.84,-2.652924212053599,697.0197540759802,-2.652924212053599,-1.1551154399581312,548.3620045549719,-1.1551154399581312,-1.4160260215055513,298.10109397342444,-1.4160260215055516,0.15924693406805412,399.67636692899805,0.1592469340680539,-2.6534963667072557,196.86845073376344,-2.6534963667072557,-1.3379830316525168,98.21316398243195,-1.3039560124979857,-1.7576401168119866,1005.5810540426405,1.9313133334339123,-220.41405400167167,483.1957541209116,-13.516031439470614,-320.663125753039,352.1706746066342,-15.212728078734727,-424.821985662374,181.71366728833107,-13.498618481237362,-518.9529183815495,19.641049158561472,12.84572895556186,-10.8801330406435,-231.72676834318895,-15.461574348495905,-1.1711732754138033,-200.95705680419945,-1.1711732754138036,-0.9157383106378286,-201.33710257862694,-0.16372863028349566,-1.643867447056209,-202.13888291665012,-1.656002911580067,0.7866158713337912,-199.69653833785333,0.7863416672167194,202.2271340391472,483.4242363571858,-13.128433686937187,319.64085305582836,379.1926081053357,-20.935785531826575,467.80619810693395,234.10291436006958,-9.760574428598598,515.5343352705441,27.96748383527278,-20.01864058183827,5.842682761029376,-206.41386852149247,3.6746422540384045,1.9932829375543313,-198.48959706751572,2.013012909847296,-0.25264993458042156,-200.73552993965046,-0.2526499345804217,0.6070035500422298,-199.87587645502782,0.6070035500422297,-0.8304107443036787,-201.3147200205305,-0.8304107443036787,-158.49123592877737,-137.93948139619394,1.1227498119952046,-159.8890807126971,-489.4325379670121,-0.8056211494802461,-158.24195007686706,-937.5427176492003,1.0245709963487362,0.9391571423956717,-199.5428735951926,0.9391571423956713,161.10269153257508,-73.95163055832826,-3.813379079555673,159.56614832975833,-425.6734538349109,-6.931304780056035,158.88730594677807,-876.3423399359002,-7.610147163036331,-0.10382414301951881,-200.99942678705327,-0.10382414301951925
185,1.85,-2.97116655605693,696.923219436363,-2.97116655605693,-1.8738531957126767,547.7941968157686,-1.8738531957126772,-1.5760002507595323,298.0920497607217,-1.5760002507595323,-0.03808488799970133,399.6299651234814,-0.03878514364332886,-2.970248042439316,196.71267050085982,-2.97040615497684,-1.5196808202689585,98.15762669142218,-1.5104233200589383,-1.4012149832002398,1005.8464235934229,2.3042279258149994,-220.04301688822906,484.3528845665261,-13.094452260827058,-319.45270742000304,353.34931196610813,-15.804733120772092,-426.02905683877725,183.63205401237147,-14.244534501021327,-518.7044576224575,21.20398668806485,13.56697291311734,-9.747956753694236,-233.9277195659613,-14.71254973736529,-0.73466242988493,-200.58757421289852,-0.7346624298849302,-0.3364900454023969,-200.6593776960467,0.511820021030968,-2.0407217329603844,-202.37574004742442,-2.043790058905499,0.9260655556093759,-199.407672468359,0.9242775201599027,201.421337691513,484.048324225739,-13.159430371667952,319.54013659216673,381.05915734697146,-21.455214656843637,466.3205899334574,234.98386005652907,-8.391562773364049,516.075433051742,25.318215552992484,-21.658785465529288,7.4343835870842145,-204.59190253276302,1.7126480594063724,1.3750925732733057,-198.9568574152456,1.4358651663587823,-0.8422928889313307,-201.17424287745024,-0.8422928889313308,1.4409921240336054,-198.8905018048152,1.4414481837037298,-1.337828716443686,-201.6700601451404,-1.337828716443686,-157.8528417461203,-135.7956613850016,0.46694246473413364,-159.6322466903052,-487.69808218188166,-1.9904850510205676,-158.4253791247026,-936.303650349576,-0.7073060946343883,0.23832864836786585,-200.08808342051734,0.2383286483678655,160.75574828383725,-75.65710662349419,-3.2534606056359454,158.29940512415214,-428.2582930737816,-6.768285485342051,158.3855044535675,-878.1702332362006,-6.682186155926643,-1.1846096633529002,-202.28762705365648,-1.1846096633529006
186,1.86,-2.927610543518121,697.1511816981044,-2.927610543518121,-2.682346232715529,547.1399737422331,-2.6823462327155294,-1.8659738860788142,297.95634608886974,-1.8657820185701146,-0.4535646782883356,399.3687552966602,-0.4581309186784196,-2.687282235474623,197.17070549310966,-2.688313258732475,-1.75825973411342,98.06920505856442,-1.7531149163841353,-1.0233018895204558,1006.1284161362337,2.6974780928853694,-219.23688401107518,485.9291804203466,-12.284620921655886,-318.4395902630136,354.5311544720271,-16.434069786567942,-427.65209838222034,185.3252076400325,-15.324580436557714,-518.3324464937626,22.915893117472663,14.28296401654994,-8.73328931270689,-236.24321990353764,-14.086037476000046,-0.8761898101516982,-200.79745916100924,-0.8761898101516983,0.01804832684281816,-200.16997451864174,0.7595266793617743,-1.9171737952327823,-202.0954580094862,-1.9177779844347076,0.7670214862580891,-199.41973893205918,0.7579410929923329,200.45400502567088,484.56654470989645,-13.34385487363367,319.37958272349397,382.76975336883663,-22.098650557814395,464.6437454718902,235.65928908142047,-7.14825375836381,516.7762505347066,23.02637600008329,-22.780465969503382,8.810246777959524,-203.04934629072153,-0.43562894579868083,0.4786747784111177,-199.69900524664035,0.6244606505141832,-1.2736236843410005,-201.4513037093925,-1.2736236843410005,1.924106825310928,-198.25059931712363,1.9270807079278875,-1.843067784696213,-202.02079096999688,-1.843067784696213,-157.11316740245675,-133.56153303336862,-0.3430716476235812,-158.75636047848565,-485.40367673191577,-2.6070440367200245,-158.84477460668148,-935.2565912475452,-2.670683483610423,-0.3663522977004917,-200.5159084462578,-0.36635229770049194,160.01446526118048,-77.7421543893861,-3.0235312022760703,157.32469422776438,-430.54733495171087,-6.2710659752846984,157.89818596923635,-879.9735425565741,-5.69757423381273,-2.223923545112548,-203.52350001985275,-2.223665321002758
187,1.87,-2.3177443880168687,697.8345235388224,-2.3177443880168687,-3.4784659550654062,546.4474659908351,-3.4784659550654062,-2.101287715974289,297.8246442299263,-2.100036582654988,-1.01885486247038,398.9070770834301,-1.0420441445957231,-2.1193076579743177,197.87326042446688,-2.12454362611477,-1.74726339614499,98.19259593353979,-1.733336012360775,-0.804168912107154,1006.3007297303676,2.9307795498445923,-218.42615644668217,487.43948038340795,-11.552402663335199,-317.6654057298624,355.6218075764252,-17.136650989189093,-429.39309283903435,187.05781141931269,-16.46928936016345,-517.6642780641398,24.850218761950952,15.11755975694316,-7.545081583696654,-238.4169479143788,-13.283870278528429,-1.3904987759904917,-201.3576789585784,-1.3904987759904919,0.10700626282322995,-199.98629303236578,0.606209335472924,-1.5864520889645064,-201.66061279847906,-1.5865447443795357,0.5952007431311402,-199.51478096300872,0.5592870910907832,199.47572128752586,485.09356203419827,-13.53225084104214,319.4742015540354,384.5820792179268,-22.572205755837757,462.6950279074151,235.9852179386848,-6.10692517486857,517.8450944971166,21.261185629730107,-23.16381356218169,10.38334086418861,-201.49217247021522,-2.331066062164884,-0.43289796966001537,-200.50696602375956,-0.16053410345273234,-1.4456037350114823,-201.519671789111,-1.4456037350114825,1.8041567543930248,-198.25480867761019,1.8192593764893337,-2.121931440512248,-202.19599949461178,-2.121931440512248,-156.28585896639515,-131.33012812307223,-1.3791244492340302,-157.3832266992345,-482.6722008709163,-2.7683697521273753,-159.11628947002967,-934.0896453392439,-4.4951685025150745,-0.6794814285575438,-200.64231739337663,-0.679481428557544,159.13022374956125,-80.02375993112778,-2.734495422431034,157.1032766373311,-432.1281355751226,-4.982712050805468,157.74092108757677,-881.490491124877,-4.345067600559795,-3.0418243322203633,-204.3871676127858,-3.040140499507914
188,1.88,-1.2168350554645588,698.9146768611234,-1.2168350554645593,-4.189337487643285,545.786616135841,-4.189337487643287,-2.0662190702834624,297.90973455320074,-2.059865291016674,-1.4196170846137908,398.55633653887037,-1.511332474568973,-1.7355772549397526,198.33733137511442,-1.756285910654007,-1.370784208051313,98.64727099313501,-1.3286826303492243,-0.8156592370330649,1006.294422094496,2.9322732795052504,-218.05815542254516,488.432902707115,-11.385213871523199,-317.1332159873634,356.6158870498846,-17.910437385571196,-430.9382409183619,189.07773262322488,-17.352887805106562,-516.6358596243533,26.978037488409356,16.031890410402895,-5.977376572575458,-240.2434672696749,-12.109965861047199,-1.8146285911842002,-201.80397355648316,-1.8146285911842002,0.032621701816657356,-200.01377491063351,0.28803311957115096,-1.4080036373318303,-201.43205001384771,-1.4080036373318308,0.6397246231905671,-199.49494358944622,0.5291027870696803,198.62885409317911,485.7472824994163,-13.58338281251321,319.8437396134557,386.510076398181,-22.86560478639743,460.47076849975406,235.94045143034458,-5.258790277446337,519.3550681588733,20.106329090338733,-22.835009480719542,12.326258688089823,-199.7293128740034,-3.775530552352752,-1.179053836262817,-201.2031002127787,-0.7827667492789998,-1.4826174374772703,-201.50666381399313,-1.4826174374772703,1.0090040474985735,-198.95531029990914,1.0687360766067515,-2.0382644882507903,-202.0623108647667,-2.0382644882507903,-155.3817287686564,-129.16720958494943,-2.502938780151742,-155.97291586746343,-479.90698647530286,-2.926181889811708,-158.90841583934775,-932.4899690806265,-5.860448402944078,-0.6911859308468342,-200.3726133518207,-0.6911859308468342,158.3342776422463,-82.2621559425442,-2.161857324416569,157.57128742191293,-433.0663316910229,-2.971554738724276,158.12656490741267,-882.5110542055234,-2.416277253224536,-3.5088041744361846,-204.65474700064075,-3.5002529663338557
189,1.89,0.0822157078455821,700.1594001859115,0.08221570784558202,-4.618634237794288,545.3752858860869,-4.618634237794288,-1.7175723883887142,298.2763477354925,-1.6924427039080634,-1.2906687028794865,398.7032514210017,-1.5731719923245249,-1.709807036912696,198.39397750268034,-1.773594187162185,-0.7309852237995885,99.36393133466822,-0.6299887892130112,-1.020230795681135,1006.125469205564,2.73948590500968,-218.09735353770975,488.96591641113,-11.742063343216074,-316.76627966319137,357.6117253920604,-18.674145153662906,-432.2539810116942,191.40847307336685,-17.859854182109984,-515.2625004082981,29.24980341068693,16.9169558120431,-3.9476087392882384,-241.6260237611383,-10.501468591748186,-1.8228763482427641,-201.8201823335757,-1.8228763482427641,-0.029742139205827023,-200.05554602930874,0.06632213075608484,-1.4300491556711843,-201.43612903179007,-1.4300491556711843,0.9159443936007803,-199.3555034721618,0.6505764039571078,197.9891917696342,486.58383418910717,-13.422596249914026,320.2976947314463,388.3823658346847,-23.155659974469465,458.1822438007056,235.72985081237766,-4.392015946916866,521.2277080203257,19.51713518523546,-22.03632333711574,14.437118571128165,-197.73917943686195,-4.9460758453698705,-1.7440554052632016,-201.7505145583229,-1.2953825826179535,-1.5485682673265058,-201.55464814344538,-1.5485682673265062,-0.31009406637353687,-200.13218634001336,-0.12610646389446378,-1.6442489593071667,-201.65032883542605,-1.6442489593071667,-154.37737740312548,-127.08678936308716,-3.432856487118488,-155.0449025003077,-477.57771480583654,-3.593460984215969,-158.15995496236343,-930.3823938595019,-6.7083242892457005,-0.6506794142788268,-199.83485914270318,-0.6506794142788273,157.68964468055225,-84.36199587357527,-1.3161108554522154,158.18181206877514,-433.8869971677966,-0.7891001369444092,158.943056929172,-883.1257523073998,-0.027855276547559482,-3.5557335732879425,-204.33288085119153,-3.5219128891695703
190,1.9,1.202420008683478,701.2359325569446,1.2024200086834778,-4.500227747435435,545.498575053973,-4.500227747435435,-1.226923848383618,298.77187895302484,-1.1495189708383236,-0.5363374523263297,399.46246534908215,-1.214027613840468,-1.7897934040848529,198.30596440389354,-1.9428108228909173,-0.004505367751680631,100.18298361428819,0.18418081287976054,-1.3384674857522365,1005.8542852694836,2.4318184769826727,-218.0543184283771,489.5463670453937,-12.033205738711754,-316.4894865238743,358.70301804832025,-19.348580809117436,-433.6262022837757,193.86429119050393,-18.17196709249984,-513.5619048757876,31.669053718567934,17.679440252470606,-1.478484500486387,-242.5614297864405,-8.486544616718842,-1.4395379157907173,-201.43900743284965,-1.4395379157907175,0.023850479893532617,-199.99090282204403,0.04788532862182504,-1.353453373583721,-201.3546505721754,-1.353453373583721,1.302626213792412,-199.1946472386918,0.8068535399087053,197.455361016074,487.4936044649903,-13.15239825211765,320.7360893290279,390.1159924042558,-23.51702223317929,456.1501323983199,235.64411848988692,-3.2090399204980953,523.2034189807003,19.26548827917859,-21.106360792223,16.3346820757206,-195.57767218249725,-6.200014824616428,-2.145725090060414,-202.14939548497966,-1.7519111994042165,-1.629386384698474,-201.6305835832901,-1.629386384698474,-1.82481798423833,-201.38465186884667,-1.3834546702550419,-1.2205106015753597,-201.221707800167,-1.2205106015753602,-153.2853789249031,-125.07428831810861,-4.030323526751036,-154.78012726489362,-475.872513216309,-4.94556393816763,-156.984072359001,-927.8634800244429,-7.149742684525723,-0.9498991236705352,-199.4155846939189,-0.9498991236705359,157.18722279077073,-86.31330119914213,-0.2624192305497057,158.46005935851204,-435.04603848651766,1.0851577585669487,159.7869432980005,-883.7191545470291,2.412041698055381,-3.2088395917047743,-203.6227594292601,-3.1046645506414303
191,1.91,1.873141581750559,701.8842265903573,1.8731415817505588,-3.7636355544776974,546.236180849172,-3.7636355544776983,-0.8054281651878707,299.19438823846184,-0.6197435168119153,0.5640517506582441,400.5638681543079,-0.7020401539821346,-1.5780031462710773,198.48844939391924,-1.8638773203722212,0.6683796186284926,100.94273279515403,0.9429163915043386,-1.722164764295061,1005.5198299856386,2.0574608885301013,-217.55959651201115,490.5524006536294,-11.733772978918996,-316.31532949677876,359.88645475600595,-19.941828994558882,-435.41908872667625,196.1867384735808,-18.6319147797896,-511.45502561613546,34.35477234497153,18.34127090932038,1.3213516885201513,-243.11375541569518,-6.151044139158348,-0.9227782941919047,-200.92269694199814,-0.9227782941919049,0.13857737355628846,-199.86886228203616,0.14082579544255214,-0.8680002678291994,-200.86818386417957,-0.8680002678291994,1.6992217765764988,-199.02428639420324,0.9778767924733957,196.8286890983968,488.2840090219421,-12.972593739313758,321.29820829517274,391.85797049676296,-23.7928884350393,454.5674088510938,235.83175796636056,-1.550972768866743,524.9088514384879,19.00305267473587,-20.32421520416483,17.821013291532665,-193.27598984529044,-7.712443739862669,-2.2962855447098898,-202.30902906837315,-2.0364816058154744,-1.5719307072263973,-201.57211430357677,-1.5714950769787412,-3.097493094112875,-202.2731014633551,-2.2729178670047077,-1.1082843782966212,-201.108467974647,-1.1082843782966214,-152.23840982440754,-123.10527423329171,-4.478997514848327,-154.86605373826578,-474.5222014642408,-6.6641718687737646,-155.51093012575149,-925.054477329159,-7.310571860323276,-1.7408135895165682,-199.5068409495811,-1.7408135895165693,156.8760765843927,-88.06295642079193,1.0280878034757257,158.4289221731625,-436.511520123297,2.66931260208397,160.2328784670257,-884.7075638294338,4.473268895947155,-2.566196512935977,-202.73850828387248,-2.3163733624218152
192,1.92,2.092116375612986,702.0949655251356,2.0921163756129855,-2.6438476131627704,547.3561523868373,-2.643847613162771,-0.4871430304347235,299.5128569695653,-0.14023843674912131,1.6000825852100098,401.60008258521003,-0.2420702661593478,-0.9211742977920498,199.11449345584367,-1.3371187667702829,1.2308557850381536,101.54194670453235,1.5419467045323776,-2.191949973334766,1005.0984073052437,1.5957715575033822,-216.764782887401,491.83497529973033,-10.91729898969039,-316.2629330631236,361.14783612009944,-20.46672854726344,-437.7532464715222,198.20618343079792,-19.45448786510525,-508.8137098138428,37.467124106015305,19.0744915842469,4.309123339500727,-243.37354058426857,-3.6014734782778333,-0.5192705603824559,-200.51927056038255,-0.5192705603824561,0.23464528617336686,-199.76837948933724,0.23349205396373043,0.02608214761244685,-199.97391785238761,0.026082147612446892,2.1109621557321345,-198.71648198633056,1.2935712028681894,196.07751417109932,488.9348636878701,-12.915973516093647,322.2301221185261,393.85638672826167,-23.733321228117116,453.3696507924744,236.23283842708432,0.49427431574661823,526.0345049909533,18.445346502465725,-19.820292535997986,19.07339738544388,-190.7952399885277,-9.284497542984827,-2.029589400782302,-202.07926487693908,-1.9334790048359347,-1.2599454747859822,-201.25994547478606,-1.2571048087376693,-3.71532313197571,-202.51557325582652,-2.5155732558264723,-1.4450889827609437,-201.44508898276098,-1.4450889827609437,-151.41692073865892,-121.12809542282241,-5.109294320464909,-154.73367851461796,-472.9851748685177,-8.1714674123855,-153.8458887457697,-922.0575485856307,-7.291415143420016,-2.626502214572732,-200.09487153151588,-2.6265022145727324,156.8472996435794,-89.5214775678105,2.638879298851233,158.47142407666468,-437.89763064063106,4.3415074126387125,160.08606416383768,-886.282990553458,5.956147499811681,-1.7121156169942298,-201.76849179453683,-1.245755716358846
193,1.93,2.0855477625076375,702.086108793313,2.0861540528468434,-1.510437791437931,548.4895622085621,-1.5098315010987253,-0.09245003226909365,299.907549967731,0.41289946357427876,2.3209327626709273,402.32093276267096,0.23410639916830345,-0.06984349636250134,199.94502503545544,-0.5405640376076827,1.679127911789822,101.95366468466563,1.9542709750048741,-2.7884352638716825,1004.5487295014022,1.0055182199157904,-216.11654625918388,492.94761960445055,-10.107619738562375,-316.25288419801734,362.57250847250515,-20.833625784498413,-440.357483084185,199.96689897244215,-20.488616266183005,-505.73062102677534,40.93320166218858,20.034308941255752,7.328883055834595,-243.45755909854302,-0.9700668400209256,-0.3292880586904076,-200.32928805869048,-0.32868176835120183,0.349815514584911,-199.65116648624786,0.3497268145522687,1.0247934253483062,-198.97520657465176,1.025399715687512,2.5959371354567846,-198.16516898323735,1.8751984416928873,195.41837124093234,489.67057999160863,-12.76652041084296,323.65670396510865,396.23619683262797,-23.215404700357553,452.2864701870112,236.69285430499247,2.652537010238874,526.4585134363556,17.493386622537763,-19.60111121284637,20.394744913530364,-188.1223512478089,-10.592502478601514,-1.2860477704390099,-201.43905900907498,-1.3776801256502142,-0.6942547484897075,-200.69425474848978,-0.6792223656124785,-3.529780680687888,-202.17028596446232,-2.169679674123057,-2.0790839043160902,-202.07908390431618,-2.078477613976885,-150.87938101683721,-119.0854155366597,-6.082157958304349,-153.97934853060892,-470.8469084602766,-9.046490119927757,-152.10736112517304,-918.990078439519,-7.205105120171829,-2.9426802661766676,-200.7085240298909,-2.942073975837462,157.10228912811613,-90.6892805311765,4.558171417447771,158.8519345258598,-438.9396776903418,6.361771553283669,159.42783434336081,-888.3637778728407,6.937671370784693,-0.7433862872178782,-200.7601508877093,-0.06611540565304974
194,1.94,2.0925680358184313,702.0926540726789,2.096521545454795,-0.6434321959872307,549.3559973590941,-0.6394786863508666,0.5771940382284639,300.57719403822847,1.1530965303778657,2.6900978313423862,402.6900978313424,0.8518984896093938,0.5279540626592215,200.5327811681999,0.11596310331735249,1.9730423027282824,102.16172848335967,2.1656819929960878,-3.4677244865900807,1003.9144804439775,0.3284489889053042,-215.86260007307723,493.64239184432347,-9.705441317448962,-316.20913308812976,364.24242704246717,-20.95433020897741,-442.7490883381721,201.69704345275866,-21.302141512316027,-502.6841809149879,44.28789008546445,21.10985972248968,10.159096832794447,-243.5677867377341,1.521762229558377,-0.30112867801155413,-200.30112867801165,-0.29717516837518987,0.5211788295150703,-199.47906945917862,0.5244228777449605,1.7755159429257672,-198.22448405707433,1.7794694525621313,3.1225574736527957,-197.49568811693018,2.630738309405453,195.05421376124048,490.6971109732071,-12.320264027552584,325.46874836239874,398.88826915743766,-22.347837128355515,451.0282942932571,237.10278619264128,4.643770457055632,526.2626706237941,16.229417274185302,-19.57712680783582,21.78582058593526,-185.44284480152658,-11.614976473456498,-0.2730246134949209,-200.64007949355792,-0.6163960116285243,0.04233820252450782,-199.95766179747557,0.10334801496070645,-2.784692777670282,-201.58494290152112,-1.58098939188468,-2.7061556632883756,-202.70615566328848,-2.702202153652012,-150.51730055934337,-116.98289221427875,-7.300863315940504,-152.64086944007747,-468.1066024345236,-9.295744034361574,-150.45169393523886,-916.0077838624106,-7.20083057511581,-2.4312661748945157,-200.89575454655133,-2.4273126652581514,157.45399380401088,-91.75432612995236,6.581903602710428,159.42980456120333,-439.77851537275995,8.586594250089508,158.49125198312984,-890.7170679508334,7.648041672016013,0.14673789986425656,-199.86649234933265,0.9099972860959105
195,1.95,2.2074243184406805,702.2074243184406,2.2275018970416665,-0.10260690087905522,549.893673330988,-0.08252932227806942,1.5006159378696542,301.5006159378697,2.025436721974807,2.78447263556524,402.7844726355653,1.538458309525848,0.6205921620530771,200.6218126454669,0.35479556655291944,2.0465428319405676,102.14753926652709,2.1676168451281312,-4.08552419393072,1003.3399253927747,-0.3011915736829088,-215.8633872854149,494.05847473077074,-9.661197341475056,-316.21471958772463,366.06954916765216,-20.90263830854196,-444.5813405032469,203.64729003486883,-21.522910687311807,-500.2617461045088,46.95506249083836,21.914620835388277,12.565357883559791,-243.9316444792298,3.627058322299603,-0.2928587111242895,-200.29285871112438,-0.27278113252330316,0.6016798399931972,-199.39836905094947,0.6187013038078529,2.1120956115409326,-197.88790438845916,2.132173190141919,3.504781337061202,-197.05438390663232,3.2594909260185156,194.9244208804604,491.95422380332946,-11.62889898057075,327.36177953105613,401.50846538126746,-21.42391913495538,449.48283115996617,237.43264585318087,6.370754782016732,525.6925507071339,14.855504346706594,-19.54072493335888,22.90933602743374,-183.10057096667143,-12.66230148811951,0.596812707855202,-200.08893608797825,-0.06386999115736258,0.8620530680268415,-199.13794693197326,1.0578764318488476,-1.8967680530319748,-201.07219282592388,-1.0521152473228204,-3.0565347577223614,-203.05665153029798,-3.036457179121376,-150.14454003476416,-114.86263598100348,-8.53793028834899,-151.14331040244082,-465.1494024698835,-9.301799479896669,-149.03429539790795,-913.265570150104,-7.418907367695242,-1.4835659105389993,-200.66166576284454,-1.4634883319380134,157.62585994520836,-92.99376447600653,8.429767745148753,159.79744361074555,-440.8221808104693,10.613390340037226,157.5325654075575,-893.0870590136574,8.34851213684922,0.7670756960978419,-199.26553702062478,1.4342736229315936
196,1.96,2.3799285893348388,702.3794038811774,2.458812244954796,0.27480792233811246,550.2552567341825,0.3536915779580698,2.405885134401982,302.4053604262446,2.831396236612762,2.723715114556163,402.7231904063988,2.1249086086619826,0.34733142228952457,200.34704704156565,0.27319765910341703,1.9507951503808487,101.99223039106442,2.0717803837028956,-4.5175453066829885,1002.9498504546955,-0.7890320721579505,-215.81307054582336,494.5008443915383,-9.644323929083987,-316.40926779965446,367.88706323079555,-20.81080589196214,-445.8280084394281,205.95768091588653,-21.064293445012147,-498.65373312096426,48.755136056348725,22.130362684511496,14.554052134049412,-244.541612309356,5.356779664674792,-0.17936962277791646,-200.17989433093538,-0.10048596715795899,0.3723977719896078,-199.62813443383675,0.4360019871235999,2.115331165743134,-197.88519354241436,2.194214821363092,3.5288901529534598,-197.13114192350804,3.49715197245253,194.78829876681976,493.20246494035916,-10.904314046595893,328.98899191007706,403.7502313405465,-20.757818873891438,447.7382876592711,237.65422445232437,7.93889537871835,525.0274470493148,13.579973658132555,-19.227656037741852,23.505612979083196,-181.2766602697062,-13.949216166658545,0.9628968246120295,-200.03538649406772,0.04500416718914879,1.7313566654391042,-198.26916804271838,2.231832543244614,-1.1021338589197902,-200.66129525309395,-0.5818868893165441,-3.0167763993689074,-203.01806256036974,-2.9378927437489506,-149.56888191769576,-112.68006362884142,-9.539801865914296,-149.977704643018,-462.464730492077,-9.524442865187417,-147.95071942807698,-910.8589638730514,-7.919910829727495,-0.6731713320093154,-200.33107708462478,-0.5942876763893581,157.49976491901703,-94.52678215876546,10.008021383499248,159.6183308900212,-442.40821618776124,12.130495822621665,156.78511987498436,-895.2414272027981,9.297284807584804,1.1308179850929267,-198.94691752633966,1.5993709803733798
197,1.97,2.4757807964125766,702.4723592694271,2.716954249479201,0.6583154079783121,550.5792939091526,0.8994888610449367,2.9511461982063785,302.94772467122095,3.3761970735741755,2.623841516090736,402.62041998910536,2.582511679712323,0.012075740831472004,200.00869106925163,0.18946204364860808,1.893594334074785,101.90291765198464,2.148436168222072,-4.744291976531052,1002.7655717191687,-1.1763904486734036,-215.53757427964942,495.14143052197846,-9.379565086282067,-316.7770230707808,369.6693922141461,-20.63772915698189,-446.7514665664501,208.56727242679358,-20.113410788064137,-497.4740203372671,50.08404975523486,21.873838458629944,16.474340871607545,-245.04780111958297,7.127988789797371,0.037560746636477765,-199.96586078034903,0.278734199703102,-0.17603671004767307,-200.17945823703315,0.004735037469326464,2.0044040648690507,-197.99901746211646,2.245577517935675,3.1255032677762937,-197.71245564818412,3.3307630688025616,194.45953742034646,494.26168277544906,-10.273106486074713,330.1766500106843,405.4391886035879,-20.460445209838337,445.89524186916617,237.65067108526426,9.469561258678889,524.3662361532784,12.459507424902842,-18.504891491460302,23.68166294845404,-179.79741270142708,-15.294817485749554,0.7341866979735665,-200.3998434550594,-0.15509783480984862,2.599994021627812,-197.40342750535768,3.6288054394774623,-0.4198876770353606,-200.2393216015418,0.0049362067433464385,-2.6629388899594537,-202.6702273935605,-2.4217654368928296,-148.66463824269675,-110.31877548283242,-10.101902481283215,-149.37064795795436,-460.349906228914,-10.192981366115973,-147.2783455722581,-908.8665987282122,-8.715344729642911,-0.21529352042759697,-200.1074829581326,0.025505369942834033,157.18394314245216,-96.24753109299296,11.484151028622469,158.838167306301,-444.5933069291441,13.139363407970528,156.39933936088633,-897.0321348745588,10.700535462555875,1.4137049665181358,-198.73396533155616,1.7605325807508005
198,1.98,2.3298134450270935,702.312437497248,2.8991903519232913,0.9345962707084268,550.6825847462085,1.5039731776046255,2.895734064212675,302.8783581164337,3.5333379973515036,2.503615249856421,402.4862393020775,2.9812767667974374,-0.30429061107059896,199.67833344115036,0.24437764011134466,2.02876585436207,102.01015571078531,2.6015986692060076,-4.7782531107142665,1002.783259139532,-1.5381971704735982,-215.0802177730464,495.92796806939384,-8.81216447777257,-317.1986298812335,371.5043276311509,-20.220573179422264,-447.80925740556074,211.14843257129309,-19.06612531441788,-496.1216685899966,51.546094886821955,21.602715542201622,18.65307829303488,-245.11510552405605,9.400336490052222,0.18724146138240372,-199.83013448639667,0.7567007226390561,-0.8210656732527096,-200.8384416210318,-0.4377391174938519,1.9348884020433625,-198.08248754573575,2.5042653089395603,2.3764250342417745,-198.55499055889294,2.936721547872216,193.85110471247373,495.0542789614962,-9.760954803352547,331.037787609927,406.6813063236916,-20.35801411115625,443.8945399726763,237.21664728562678,10.905934110467655,523.5184581886896,11.318055772840964,-17.51589784661277,23.712409391347997,-178.36420652163554,-16.35069950423819,0.10551695160241081,-200.909617606699,-0.3228647520236745,3.260540015939889,-196.7568359318392,4.975923399422743,0.06864264007481205,-199.88900127859608,0.6955529399741585,-2.194159794469882,-202.22682993144923,-1.6247828875736838,-147.50487852551296,-107.80089667626564,-10.225425537560362,-149.1967459817367,-458.80202718749894,-11.220785450898699,-147.14162609529797,-907.4209861408362,-9.862173107345374,0.034101101467943984,-199.95515096981694,0.6010355527730415,156.77266147885342,-98.07100297610091,13.012902019250092,157.65952009158906,-447.18414436336525,13.899955223155125,156.28657187638697,-898.5570925785673,12.527007007953046,1.657141412158168,-198.57011525912438,2.1208126366142457
199,1.99,1.8350270353305977,701.766303828731,2.8625024774898087,0.7810790797599398,550.1424888775935,1.8085545219191517,2.1672384104170312,302.09851520381744,3.1835444310033005,2.2555286709289852,402.1868054643295,3.2598148309628545,-0.8091097699847718,199.1221670234156,0.2131297040339879,2.256476970150754,102.16988455202264,3.2846329209333067,-4.592300784958803,1003.0563497875323,-1.8113169014877628,-214.59106525882189,496.6838355990448,-8.110674624149379,-317.6659114627066,373.3848821817314,-19.572193357363815,-449.4542078264998,213.24202461220096,-18.418120654804063,-494.2969419107635,53.426941428904094,21.588401023734903,20.94605971114727,-244.86969769401372,12.099860564860844,0.03667152270621077,-200.03205168389343,1.0646839827537145,-1.3557003713117342,-201.4244235779114,-0.7745365199297919,1.8790030400814843,-198.1897201665182,2.9064784822406953,1.4263628594472595,-199.44277211953647,2.4520502661569976,192.90406905713002,495.51579886192667,-9.463871301218527,331.8548624860615,407.7347307812621,-20.211887075463217,441.5845312600611,236.1746957149701,12.008291211188467,522.165304564674,9.865045906668868,-16.625894538247017,23.731846552566537,-176.8604430102614,-17.009947154532426,-0.6021294093934331,-201.35660141182643,-0.2604027630675647,3.42356244725742,-196.64516075934228,5.749633355565365,0.14590575259002625,-199.90771483191332,1.1773182213939313,-1.7789627924185014,-201.8947954182833,-0.7514873502592904,-146.36139437695297,-105.37192376890133,-10.212221843100247,-149.12436380076608,-457.5860325373045,-12.360525517690153,-147.58468583554944,-906.5919350520944,-11.435513301696703,0.2146412790949821,-199.8485876883668,1.2297129082828806,156.16019689220929,-100.12985503622805,14.448889064128709,156.37018862810794,-449.9198633003294,14.659048327313162,156.07760343773626,-900.2124484907013,14.366463136941443,1.6451120992143,-198.66143712455187,2.468582208325386
200,2.0,1.0712169087848464,700.8595345299049,2.4544941525651196,0.15694929511327538,548.8590367233,1.5402265388935492,0.945170139411996,300.7334877605321,2.223142009489353,1.8302524017854602,401.61881385549,3.20896340517565,-1.6404349992230347,198.14788262189705,-0.25818877870061363,2.3627795626066135,102.09406438254959,3.7461611657642564,-4.231767656221949,1003.5937045464594,-1.8089011791639047,-214.17046662576834,497.2542805421605,-7.601560811024506,-318.25795175881785,375.2055645474019,-18.972359785818277,-451.7662527157111,214.62844987117109,-18.489682717096805,-492.11950410545586,55.565064136650456,21.589476001510953,22.854239393346568,-244.80596171338192,14.549875492669369,-0.4075852821286353,-200.61926766100862,0.9784191635188497,-1.7011749716551468,-201.91285735053512,-1.1517175530996515,1.7496582053656426,-198.46202417351435,3.132850232251731,0.4869760079135097,-200.27386610726666,1.8699790475767115,191.67013040792062,495.63900947129173,-9.563394328024991,332.88185439545407,408.80163420499616,-20.00960154803572,438.9830950739119,234.55536175402995,12.550557341460204,520.1948307810753,7.971633771935295,-16.18395114163449,23.79729089151834,-175.2840882950865,-17.44066819270353,-1.137514243220638,-201.71625150216352,-0.12129187950329795,3.01151155349991,-197.20017082538004,5.54079527386684,-0.19829208016651156,-200.40700057642954,1.1437982595624885,-1.393416070988534,-201.7181080718567,-0.010138827208261428,-145.4274158721258,-103.2533911059974,-10.482470748864845,-148.77109991282725,-456.3398458815286,-13.403701610085164,-148.32490395175893,-906.1497108720935,-13.379958828497934,0.2873081235148295,-199.92380982049565,1.6215273353368045,155.24031305358866,-102.58515914909262,15.448737152252697,155.18528329711484,-452.64018890556645,15.394605219737763,155.42335114806747,-902.402121054614,15.632673070690405,1.2037561863952122,-199.2178069159882,2.3857039147743495
201,2.01,0.3272389595291253,699.8194393306658,1.626765359787289,-0.46382168616225417,547.3961589921472,0.8357047140959102,-0.27667457294315856,299.21552579819354,0.7568647249367014,1.4528495734207159,400.9466399327355,2.7516757180352527,-2.5450625376204825,196.9468928776006,-1.245694249899843,2.329238852959591,101.68437430127469,3.628765253217755,-3.94366209025012,1004.2098362441246,-1.44071267920251,-213.78831629835315,497.6077170630597,-7.590313374003543,-318.9245897627987,376.97004925352167,-18.68954303059465,-454.26631067373074,215.56120543956908,-19.146795179262263,-489.8415377306536,57.659036480996775,21.116796468643145,24.087843238951567,-245.24192330392583,16.0740050774703,-0.7127628067866169,-201.22056243564998,0.5975498860952632,-1.781098690315912,-202.28889831917922,-1.694772977098249,1.6292025565377002,-198.87859707232565,2.928173272842892,-0.1523808829595919,-200.95397776587268,1.1471455172985718,190.44868549294222,495.6038633805368,-10.098412440277256,334.2895754079044,409.9935124848795,-19.91149220813396,436.44771741398364,232.70309087107665,12.582855363939148,517.881215778197,5.862445062004605,-16.247444994814128,24.099736144822014,-173.50989592587092,-17.784569984086904,-1.3797217221948581,-202.0405325896941,-0.233206560572581,2.259237160222199,-198.24856246864118,4.3464015252633885,-0.5307298716251486,-201.03807344081838,0.6332277891461742,-0.8221908552075348,-201.54112025350133,0.4773355450506288,-144.56501437430626,-101.35991406462725,-11.230586997820067,-147.77500352656924,-454.6533990205288,-14.2144532577516,-148.77437941364852,-905.5649409181217,-15.439952037162342,0.19861766800903768,-200.3106284602153,1.3470346916544929,154.2137301616441,-105.29836681678434,15.868844436777717,154.19921827801613,-455.31287870041234,15.858892079434735,154.3793001751416,-905.132796803287,16.038973976560175,0.5553932796963519,-200.0966551202558,1.7123547415781415
202,2.02,-0.09821657978084686,698.9530888164097,0.5481873542254848,-0.5635516712398085,546.5417714929456,0.08312529854543715,-0.8982744342210154,298.1530309619695,-0.7478061731377943,1.4985079346725538,400.55788795709543,2.1450737716536104,-3.0515976531701776,195.99811042980173,-2.4051937191638464,2.3355578223533673,101.13112053879404,2.9819617563596985,-4.025157093477641,1004.5991671260831,-0.8741151714392122,-213.34882998028385,497.84820286221543,-8.110133729500577,-319.5047750817363,378.8412706101742,-18.69558026792709,-456.2926863294306,216.5508189613396,-19.865416668120126,-487.65237902214596,59.54000624506391,19.91118978323683,24.80203340437297,-246.03041364250328,16.59471074326163,-0.3825431946652815,-201.33123779847483,0.29708485961797976,-1.4758498383787866,-202.4245444421883,-2.2041823861520093,1.7237968843346527,-199.22489771947488,2.367378822375555,-0.292524881368781,-201.3636924018775,0.35387905263755026,189.65888593116412,495.7491176431806,-10.780603825098666,336.191624779893,411.43353496590987,-19.895912890085114,434.49887836795415,231.14885991426019,12.526857291322935,515.6805152501904,4.002854167999185,-16.476730494732976,24.8080995408513,-171.36689642712332,-18.000235339825835,-1.2607567597812224,-202.25912683974747,-0.6640283019315885,1.4435233667557916,-199.50517123705373,2.5115195229476757,-0.3415566535294673,-201.29025125733904,-0.02145924958761758,0.08879087499437627,-201.16709573070676,0.7351948090007074,-143.4849414046037,-99.39141782887233,-12.292309644759332,-145.93025876413913,-452.19296568725656,-14.643364958701913,-148.43869147797895,-904.3231367766508,-17.246059718134582,0.04150085659679664,-200.91291476316525,0.32541224036013217,153.4821543015948,-107.86001771325773,15.969405421396345,153.39994417556713,-457.94222783928547,15.905228571645914,153.3530536115104,-907.9891184033422,15.858338007589172,0.19493823114049352,-200.83096717594412,0.7643895859815024
203,2.03,-0.13174837228629366,698.4879091240763,-0.41498638656211795,-0.16534603951833138,546.5978182490524,-0.4466556829119934,-0.6634063349468909,297.9562511614156,-1.6560898325194826,2.036828625333206,400.6877807211545,1.7546463510706065,-2.963025213747142,195.64852045675758,-3.246263228022967,2.4384087581767147,100.68762600401561,2.15517074390089,-4.4963205582129255,1004.5875806908193,-0.42203794321633636,-212.85691601895638,498.1247856279431,-8.872552823022826,-320.0116564926055,380.94302154941283,-18.724567157665692,-457.6598148025903,217.9165455627424,-20.174857716804194,-485.77314212194733,61.15264825757107,18.078818482284113,25.245490611574105,-246.810182461186,16.58504338241554,0.5271226943484748,-200.85321980928902,0.3235852013687698,-0.7963401703981762,-202.17668267403565,-2.2927788717145012,2.0286824372890253,-199.35166006634847,1.7342832124581573,-0.04513234901584662,-201.4652359872443,-0.32837036329167146,189.50158367567326,496.38432856282,-11.117255271896674,338.5787755634934,413.26081849512275,-19.62930374714044,433.38293828170185,230.26014356572637,12.909866635968159,513.8428514044106,2.7840422761819994,-16.3336184699034,25.692582956548016,-168.9386333049311,-18.024532239915462,-0.7592939310268962,-202.15219636197725,-1.0550918726155891,0.6321050293428627,-200.74823747429463,0.5246128002880586,0.3782327772785711,-201.00210972635892,-0.5146260926739568,1.1403241314969226,-200.58811251387857,0.857086117221098,-142.19575441699288,-97.20126620577057,-13.37860960486758,-143.42537577270718,-448.9107600856572,-14.577628554901917,-147.30941652098963,-902.2277935177399,-18.49227170886431,-0.03420999108947148,-201.43217446445686,-0.9946732469560695,153.17105941775512,-109.99123129153162,16.14978738082177,152.6810815100925,-460.48120919919427,15.71537146797398,152.66732397018598,-910.4949667391008,15.701613928067474,0.3759819585797466,-201.036546796452,0.060557692909658734
204,2.04,0.07164496374317497,698.507511991044,-0.901134916119066,0.22652983360936046,547.2348224093582,-0.7362435620579111,0.10767098309197673,298.54353801039275,-1.6307725042957886,2.586506971964903,401.11656215185405,1.6190885822841354,-2.548639850683117,195.85514428298683,-3.5214197305453587,2.426426406945634,100.45097582457714,1.4536465270833923,-5.023028418017851,1004.2705674366825,-0.26698525449064836,-212.49229104533694,498.49632833590533,-9.539787694575843,-320.7475559297842,383.1951139326088,-18.5755487477899,-458.85721205317384,219.5491230699775,-20.05575403068509,-484.4735092148899,62.477177841876625,15.89108318838327,25.405171700737398,-247.37749678678935,16.546094206282252,1.3955423180968123,-200.16865036504637,0.5716029045073432,0.0034596505423225843,-201.5606733221569,-1.8031400545446967,2.2039071456972077,-199.360225827002,1.1967483170290003,0.20753399841025977,-201.3666521634877,-0.7652458814519822,189.78210985998044,497.5956148095213,-10.787385651662852,341.2393331040925,415.47831490577653,-18.802323511289806,432.78268021471933,229.91781466050915,13.880610428177121,512.2636626814704,2.3043253560625034,-15.469907541401664,26.14912250626581,-166.59972621584774,-17.946558226760736,-0.03550019133213711,-201.60210636035896,-1.010753267521998,-0.20495494851466983,-201.7690879212139,-1.1206785255770768,1.1012903442557471,-200.46284262844352,-0.7584826467882992,1.7973188115102312,-200.07400616308058,0.8245389316479894,-141.13926419505609,-94.99201136616043,-14.410056443651943,-140.90898095844557,-445.2044831741088,-14.172035707158651,-145.87156988703362,-899.455923003608,-19.14236213562947,-0.020264419287618463,-201.62667029980304,-1.978401211427173,152.89265353074893,-111.84179100754737,16.518008880590234,151.8888741663619,-462.84557037193446,15.647580087903341,152.29311971049984,-912.4413248277965,16.051825632041297,0.8493141892461147,-200.72526812938327,-0.13391503654629044
205,2.05,0.30930789022700644,698.9287362435554,-0.8082453384852922,0.16044062918816346,547.9059550179581,-0.916452407512739,0.7781790852000439,299.3976074385282,-0.9233286516300321,2.4924401443277295,401.3266111377702,1.3960920206323437,-2.2106874051215035,196.30991867868266,-3.3282406338338033,2.085596903819742,100.37544405889102,0.9680436751074428,-5.21797372299282,1003.9159173438384,-0.32632685257037175,-212.46901089737247,498.8682765558669,-10.01950211264488,-322.0424451660642,385.37419935177326,-18.283721522696876,-460.53407806871326,221.06458160713873,-19.86038725058447,-483.8289758226474,63.568271204504036,13.599529782798804,25.131866153035165,-247.74704515402976,16.670202040602955,1.7059702962883256,-199.67499071138803,0.8048353743380023,0.6151318672836011,-200.7654397793882,-0.9487329522059671,1.9183975547866048,-199.4621740918852,0.7183735151511148,0.15559834282160454,-201.22695289417643,-0.9619548858906944,190.04574394491073,499.1333857915203,-9.941993990127798,343.85420665563487,417.8333764088513,-17.508659857008723,432.0028878666212,229.54333164999662,15.019805596125718,510.6637731165105,2.3575938749343837,-13.98725147347132,25.69845847443636,-164.72044273188723,-17.943502788661295,0.5311718107932978,-200.8497791128193,-0.5867606948598243,-0.9408639777645437,-202.32143562443633,-2.043991113938819,1.283402089567705,-200.09716955710414,-0.8392460109611883,1.566022033993457,-200.02567938210882,0.44846880528115785,-140.8131666404069,-93.14123254174748,-15.575184105560735,-139.1375724458671,-441.77353138711914,-13.897864254962343,-144.75560723210873,-896.4398292669894,-19.517624697262534,-0.05910131350182529,-201.51864914931014,-2.293210203079866,152.08614041760936,-113.85357581471226,16.815406059753656,150.94577975253947,-464.9939364797823,15.924503476848376,151.98685942536304,-913.9528568069586,16.965583149671957,1.1489437701493324,-200.2342698849239,0.028748533035626633
206,2.06,0.47232339064764994,699.5221345865589,-0.340920475762205,-0.42758161395952554,548.256463240315,-1.111296841598739,0.8702370711619041,299.92004826707296,-0.17295724116598632,1.5484638101283252,400.9551583819831,0.8005362654746412,-2.060565473798362,196.75218342125763,-2.873809340208217,1.4825788650007048,100.40876806099035,0.6693349985908493,-4.979478742097564,1003.7458164336279,-0.4027069598401338,-212.81018644853214,499.09703369516694,-10.424541902323949,-323.95538630854327,387.2899695967418,-18.01173265709773,-462.8600630651499,222.19173868624978,-19.862342623605315,-483.5547117366879,64.60016909333324,11.414576700751038,24.50862718860953,-247.92350452689612,16.98364413118447,1.4984608729948987,-199.4537052694319,0.9297725995418958,0.9729858464267643,-199.97720295766214,-0.026308371120431384,1.2442331992213564,-199.70595560486757,0.276913573698093,-0.12378299903719026,-201.07427538313493,-0.9370268654470454,189.88294482194613,500.5223366216515,-9.087230174547397,346.22074988766826,419.94232468184504,-16.1605948143389,430.533325935761,228.57823105009422,15.777775065448019,508.8214324595556,2.566589491078386,-12.322870110867601,24.351593780432786,-163.4220754392558,-18.0983218062095,0.5979351948259213,-200.35225360926302,-0.21530867158393474,-1.3150026247806383,-202.26519142886954,-2.1254058251421806,0.7906933452849196,-200.15946798266208,-0.909543632306741,0.3837203924413759,-200.6794780336358,-0.4295234739684796,-141.29418780840774,-91.84559798752898,-17.04205407711401,-138.43450484586367,-439.1500907737245,-14.18081991780848,-144.29593221787508,-893.6444836962651,-20.043798486581366,-0.24039444789466724,-201.3054929291365,-2.0389952265818354,150.5561438028065,-116.3430363695231,16.786031541996067,149.95746085215603,-466.94171932017355,16.551783556347424,151.56710381476756,-915.3320763575621,18.161426518958987,0.9995163543462628,-199.95119269204287,0.18575224563618314
207,2.07,0.5670352769487312,700.0516474729413,0.21375189218415994,-1.26420786891573,548.2783699647941,-1.2935650675732169,0.3535011336092748,299.83811332960175,0.12651272819344483,0.1825786294159406,400.0499726896532,-0.0140190447949462,-1.8682125496723545,197.17350896108798,-2.2214959344369265,0.8698383470290227,100.53536982759584,0.5165549622644514,-4.532101598104209,1003.7780885812274,-0.42725935663769626,-213.2446114241519,499.21148441540777,-10.760200616248103,-326.29085416798284,388.88545342217225,-17.864931034984252,-465.450257733782,223.02827711773057,-19.979645779058078,-483.1994647526933,65.7908050877219,9.514816854188734,23.946739197608082,-247.71727047269763,17.621500577301887,1.1055941840785615,-199.41761414476233,0.9664103692043025,1.2779178368260813,-199.23746996718143,0.8642327465118854,0.6111050862729457,-199.90428271773453,0.03364279479758325,-0.24480749838119045,-200.7601953023887,-0.5980908831457623,189.20592316015245,501.4337919174553,-8.605289775838825,348.3696880076114,421.6069047866332,-15.041917830070712,428.50544463788674,227.0275384463214,16.115027254127682,506.66419561793225,2.5990332593541114,-10.86769657597755,22.452585618275442,-162.61591300715884,-18.34403571640729,0.1947441244736291,-200.32064367953387,-0.15853926029094179,-1.2161696286786934,-201.7315574326862,-1.5690173831956082,-0.13415866842614332,-200.6493673054817,-1.0970629088674184,-1.300643494831283,-201.86314071810392,-1.6539740881381095,-142.12841127351282,-90.89304890377227,-18.64598889785409,-138.52250648475857,-437.34953834110905,-15.033393065974128,-144.25626108299286,-891.2707496306896,-20.773838707334136,-0.4794263283493706,-201.1250238552651,-1.5099349547047154,148.6497009736891,-119.2060417547145,16.53966408737109,149.15816936538567,-468.6975733630179,17.46606250679393,151.06859310845348,-916.7870678041418,19.37648624986174,0.39274837238706567,-200.12245468770868,0.03938520588179206
208,2.08,0.6482596329678842,700.4065654392061,0.691695257063089,-1.9317783727013706,548.2464555763768,-1.2514962872728095,-0.40421924685902955,299.354086559379,-0.025553086454239288,-0.9450895446570841,398.91956551816713,-0.6089264752325628,-1.3707751134237112,197.74312854818714,-1.3273394893285066,0.3842821096440823,100.68071267354651,0.427717733739287,-4.1837085380909835,1003.8703723626488,-0.48896443236421755,-213.35610827479798,499.46239926993405,-10.794818840818866,-328.8199151429683,390.21382307163464,-17.841030915745723,-467.80705949546365,223.90135242104614,-19.949720608718728,-482.4779482749874,67.26805770854347,7.986752417787104,23.86065725797056,-246.88360584285272,18.770364882102935,0.710247578032995,-199.55568076255742,0.8991988776146584,1.7185925856508626,-198.52337829633473,1.746479578705376,0.39228459362081985,-199.84940960014117,0.18169223636647946,0.037431344527080634,-200.20426284923488,0.08086696862228526,188.28814325046983,501.95150353513,-8.442743122728244,350.4607360311912,422.9884106916802,-14.04640773795743,426.60600848052104,225.469495148359,16.57641463586718,504.2533483754454,2.3414310094077146,-9.708676182561415,20.29679013375172,-162.18614696138064,-18.563428806976187,-0.27296186527796157,-200.51521511015866,-0.22952624118275639,-0.8736210344553933,-201.11531522821736,-0.8301854103601887,-1.1518921221451015,-201.39267643104742,-1.434763028114379,-2.795384657177399,-203.0523730401396,-2.752256871447174,-142.6857139727319,-89.81849231218914,-19.9717373462708,-138.90981533438722,-436.0385587880353,-16.169375119007597,-143.97515531951493,-889.1247549334298,-21.261178693053836,-0.6652275110851463,-201.0217198307894,-0.984172886022319,146.96171624849703,-122.01366721352537,16.474839429491343,148.69790165338304,-470.2774818086394,18.59443681546839,150.6575244488843,-918.3173255070498,20.554059610969656,-0.5606723737245417,-200.80064164355423,-0.5172367496293372
209,2.09,0.7378610366297579,700.5766949321642,1.0357231876323043,-2.060728069498895,548.4748530551294,-0.7776243261497197,-0.9195645761728155,298.91926931936155,-0.2640273067022026,-1.4531784646845285,397.8678456761071,-0.7299372797028186,-0.5771266543993977,198.53150394779766,-0.279801389194963,-0.015728920290798087,100.6766955332341,0.28159634491363755,-4.087193294325006,1003.9018120988899,-0.6611342387454338,-212.8681144576876,500.0944375942174,-10.290957879548927,-331.3828793848075,391.39230615593715,-17.868084217685706,-469.67918495615004,225.02287143249578,-19.63420414642742,-481.3662551554071,69.0308244303912,6.793991574992351,24.302967013988926,-245.42025559898474,20.381555915198796,0.3234905125318065,-199.89640893635544,0.7060043842764367,2.2784604371267534,-197.88450990119782,2.5709742446285855,0.6136890315067808,-199.5474770729589,0.6868353900004249,0.5349681065071404,-199.62619799795854,0.8322933717115757,187.4993158207122,502.3906477033813,-8.311583759599488,352.60723833170266,424.42455455243,-12.869967155781541,425.5239734819444,224.4984914041571,17.717201017128772,501.75496892302715,1.917272888443243,-8.679371939097251,18.004301857990402,-162.05973388419253,-18.67021049472801,-0.4148729497369353,-200.57968452542673,-0.11754768453249975,-0.7034596584607966,-200.8646257629265,-0.40613439325636147,-1.9852196543953795,-202.14277460875746,-1.8239191883479107,-3.5880885910638307,-203.75312167214508,-3.292326658072481,-142.64062068321076,-88.32807362295154,-20.769576827941425,-139.27957067243278,-434.8911808839325,-17.327013224693875,-142.9083578155011,-886.8456616726792,-21.03731396023177,-0.8270377297035857,-201.06645261803868,-0.6800944358447619,145.90956864897097,-124.38098919771785,16.885093895481873,148.5209032736155,-471.76965457307335,19.797741307187025,150.3945782588432,-919.8932702203699,21.67141629241476,-1.6586720699258106,-201.81107828785613,-1.3613468047213755
210,2.1,0.8247098820486828,700.5855749504764,1.224783993186514,-1.5284365111099394,549.0412646268873,0.07141639449314469,-0.8851752882870081,298.87568978014053,-0.2264855882697241,-1.3880872588683868,397.12692882061265,-0.5087369984029859,0.21474861316890848,199.33121153696925,0.6114729080021559,-0.33571190433148423,100.43261335308088,0.06077049312612759,-4.224135018279379,1003.856140611795,-0.9136923730064692,-211.77017029863367,501.15291848025333,-9.248198235211785,-333.8541489651509,392.5706414270548,-17.840751330322163,-471.0291926488104,226.35827974240885,-19.06784992208452,-479.9339878329723,71.05005951084033,5.873593747042457,24.966306678336238,-243.61520207256896,22.119010104982742,0.015376355935078648,-200.33652709596635,0.48661545168447684,2.8514910627700107,-197.39680652437886,3.2385915293140046,1.0371310907610367,-199.20200384081144,1.279779626480876,0.8891580711579059,-199.34997686041459,1.2858823659911534,187.00137501817312,502.9330205016251,-8.066212565068438,354.8233770871314,426.0955193565797,-11.366734800753147,425.43997054668375,224.2082217373562,19.56694943917396,499.40639732640227,1.5849209861504694,-7.536089480040454,15.6715510341574,-162.1214198265967,-18.60182919163299,-0.1941191963579837,-200.45176735839448,0.2026050984752643,-0.9191534982638139,-201.15828842983632,-0.5224292034305666,-2.404829262222777,-202.63279811016187,-2.0522657540577636,-3.6155559147942524,-203.85545229921007,-3.2250147188071727,-142.07984870177597,-86.47346942164424,-21.134249140685156,-139.44551610218033,-433.64471253832585,-18.30437559799168,-141.06560510085797,-884.256367119995,-20.120005539767185,-1.020985964610151,-201.29869973524268,-0.6696256329790322,145.54645883146958,-126.22047170881078,17.731231580028545,148.5127271430622,-473.25420339721813,20.946242291425577,150.15569138129302,-921.6005234027504,22.589206529656394,-2.524039077380929,-202.72852798562187,-2.1273147825476815
211,2.11,0.9434281915544844,700.5257063395729,1.3222426430509662,-0.5524520568272223,549.747211112578,0.9688845730401976,-0.3209958023748023,299.2612823456435,0.1843501528302367,-0.9801704654634121,396.9267915609083,-0.19223389120667833,0.6457239787625999,199.7851114415487,1.0077446332420592,-0.4302103303006519,100.1179374873889,-0.06976704485339724,-4.532624728586197,1003.7373693023089,-1.2051229550951135,-210.2292836062534,502.5289391127011,-7.894504150412708,-336.15140463551,393.8790073458272,-17.665332496200207,-471.846884254221,227.80789735113552,-18.28762944840497,-478.2140751870802,73.355360556461,5.230238376994901,25.461953501344446,-241.8060135292377,23.606865317548703,-0.0457827624448498,-200.63960601636674,0.4387432621321317,3.432408861411801,-197.02155199636033,3.758190510100892,1.417551038901362,-199.0001708130804,1.6971008824576306,1.0244372947014637,-199.39328991806298,1.3864525883981949,186.73769012651627,503.56754553245236,-7.751601972726487,357.0843691838861,427.91358458252796,-9.65648138036951,425.9508734890968,224.17478628194525,21.633473355010914,497.4057101489029,1.5860448072716915,-6.100596556106874,13.48539097124627,-162.14304137009148,-18.3128278470653,0.15070643973950815,-200.34023665911644,0.5127270942189679,-1.2984219019092904,-201.71614375389103,-0.9364012474298309,-2.2591060273803905,-202.64982367725833,-1.9082509683525473,-3.1713415435844947,-203.58918016814175,-2.8283661743495268,-141.19978391726139,-84.39288718348317,-21.23832643802007,-139.22831406870017,-432.0562700037284,-18.90153801300384,-138.9150058151541,-881.4642652149159,-18.95347663084555,-1.1294226257761208,-201.55015612213737,-0.7651954589175805,145.69385859421922,-127.65302620134916,18.796718401764853,148.6724054582279,-474.6744793373406,22.055944432004395,149.8400705627446,-923.4738073799138,23.223609536521074,-2.706206089289727,-203.01721067645758,-2.3441854348102678
212,2.12,1.2043778393280193,700.6010497152276,1.520331417503308,0.446552291271783,550.3367484974139,1.580072770261978,0.430463958395806,299.82713583429535,0.7413268347254678,-0.36545125195087147,397.44288106582053,0.17791597855984298,0.5746429004529188,199.73425247549727,0.825282685634316,-0.17073715394302985,100.06675384766885,0.07189209031655891,-4.979113599383211,1003.4854301710719,-1.5593072258132572,-208.51264362443072,504.0491699353882,-6.571187347689262,-338.2609373491081,395.4164059795244,-17.280076707446035,-472.11141197469806,229.4205448883389,-17.214101984321815,-476.2846075961976,75.96557516840632,4.8592520462494875,25.521290325472926,-240.17124259142793,24.63062030521791,0.23764111040234748,-200.60227310522743,0.6734974243912208,4.094846129167884,-196.62010599115618,4.233861918125749,1.6707065274614026,-198.9326215966391,1.8869673638368343,1.2116931477103572,-199.39166993308464,1.462297976197239,186.64424996172895,504.3133703680394,-7.384110106686554,359.37728904228277,429.713461202198,-7.939468510402644,426.4350669751726,223.86509909899507,23.326199576635553,495.754604519356,2.0035071224468775,-4.371023567391612,11.659172794089468,-161.83480502027373,-17.77583131587909,0.42060880812748463,-200.40825663429382,0.6712485933088819,-1.374328201692839,-201.97723628629694,-1.123268377015065,-1.5791321166799355,-202.13114691004483,-1.330690967603568,-2.559912325911446,-203.16324045001193,-2.354959804969615,-140.06767458895587,-82.05975614081797,-21.088428459666627,-138.60313022045204,-430.06367637997164,-19.09234869882022,-136.9469701752869,-878.670657672619,-17.967256470224097,-0.9415941958853404,-201.50564036562594,-0.6483938959825887,146.16311893830203,-128.77388705074603,19.9514442023125,149.02081717734205,-475.916188811706,23.201958300912906,149.53725691715547,-925.320569747915,23.718398040726328,-2.0102804820861384,-202.35760719618494,-1.759640696904741
213,2.13,1.6855939280126555,701.0025281697334,2.0168351168377,1.1096835691863463,550.690855111663,1.775866560538783,0.9108380197654051,300.22777226148617,1.0649182368845553,0.4143231484618104,398.60393638936125,0.7054475245132736,0.22546042061197813,199.44357239280856,0.35989908610975674,0.35242589032979776,100.44922846796194,0.4551822518897277,-5.527906710717037,1003.0231127471084,-2.0124113308684306,-206.96478032109258,505.48226406379246,-5.62549697980389,-340.17593065773434,397.2970939074007,-16.616034417806198,-471.91226465546333,231.36337200101585,-15.720763429254063,-474.40139046797185,78.73976148565323,4.591334569038827,25.06699375512996,-238.68119410049297,25.180095877645908,0.783228456303254,-200.19747108395086,1.097056428909984,4.826127795491171,-196.12471000954267,4.692794414234441,1.8849230445260432,-198.7981427137533,2.0082004994687788,1.7580775493520613,-198.92516573367016,1.8923386901069355,186.73128877005655,505.2950311446973,-6.881140152725054,361.7057592309997,431.4549147227576,-6.297541825430302,426.53170650988056,223.0617556387611,24.381647933102954,494.2670469827661,2.7524089942273147,-2.5091959349566473,10.289152834099685,-161.00516745584122,-16.9549446655995,0.5998973483348996,-200.62420431073173,0.7343360138326782,-0.8770577158748241,-201.55738447257488,-0.7398800487977777,-0.5454809360159902,-201.15122850640358,-0.41137944228520246,-1.8865602514878332,-202.56962600976715,-1.8374766327117633,-138.71642067224903,-79.39395370005337,-20.642758351301012,-137.80459969670852,-427.8798242169296,-19.12849940167317,-135.38826030187133,-875.9786585376482,-17.312093968709544,-0.446808345898668,-201.02336408990135,-0.2047877294593996,146.79953168243122,-129.62497420541507,21.176376308736565,149.41951055101111,-477.00499533683524,24.314728003861845,149.38440117853256,-926.8921782573802,24.279618631383297,-0.7130697033945562,-200.91786186234125,-0.5786310378967776
214,2.14,2.2711757579191474,701.6683723419762,2.7861973469975485,1.3038550604421317,550.8112021393666,1.6132341213251373,0.9006443118685286,300.29784089592545,0.9616528474637418,1.219881120311186,400.00464689743353,1.3412398156896441,0.06246464529587199,199.42757833572182,0.11850701891815932,0.8704750518538868,101.07252996459178,0.8289290590742696,-6.097908001866687,1002.3773650420628,-2.5259678321790577,-205.87704072684556,506.59133437278774,-5.2672455042161905,-341.8829059582743,399.58379526688327,-15.627238483522884,-471.5550577848479,233.6445686448136,-13.843322836578452,-472.9309717673624,81.36607279644767,4.115766198040863,24.227306703582947,-237.16313816833565,25.418604950187387,1.3663434327626276,-199.6070090790514,1.4805999571664912,5.449276844479414,-195.65379061532616,5.005055174239238,2.2093395798560134,-198.39346383608708,2.262559957512872,2.7205081041164902,-197.882997435805,2.77584835376037,186.932119344885,506.5246719504393,-6.24487505203899,364.0641682079688,433.18324533161,-4.69801054271895,426.3123573796846,221.91789183749898,24.94427765068023,492.810140895131,3.7356102681327448,-0.6403578701376469,9.257931497681291,-159.73529390024962,-15.831669946599408,0.767674037590482,-200.8459175128242,0.8237164112127693,0.03402276557057449,-200.5548708526095,0.10397493695588222,0.6719692180125411,-199.83684564477625,0.7280115916348285,-1.1797552894274217,-201.7825587053705,-1.2479037759795557,-137.3079356569185,-76.50321920090447,-20.01833516094925,-137.10016303580096,-425.76391118744436,-19.27818291983414,-134.24349837154202,-873.4167507899313,-16.943662137453714,0.06473965237995727,-200.33665927599344,0.3224713461843225,147.376292289209,-130.37896339299797,22.375706045814425,149.61185303107445,-478.1434095127986,25.17752796807497,149.3331039815387,-928.206926844776,24.898778918539215,0.6058354862009356,-199.30108394887463,0.6618778598232231
215,2.15,2.6740900349876884,702.2597897099915,3.5190954570225816,1.1273604284386334,550.748820733382,1.2410042386023141,0.6046969085273619,300.1903965835311,0.6238690986738802,1.7622162608122096,401.0908407759025,1.8016156607022165,0.4521144843630809,200.02970233350888,0.4703087792361751,1.177140466095881,101.56801464257836,0.9614674463709773,-6.577262347424623,1001.7117853977225,-2.9908679875129915,-205.28755067982542,507.2868571169414,-5.4396303369821934,-343.4682494785644,402.12555461697116,-14.408008961922523,-471.45765823508424,235.93385141216828,-11.885891327051336,-472.10077292479576,83.5644644828251,3.2195384241512617,23.215150974292435,-235.46849168369107,25.552251275714898,1.7205768230733114,-199.1335761115272,1.6259123053763946,5.698942815661425,-195.44323739819697,4.989257221672451,2.7043907099783464,-197.70990961501792,2.722029320898468,3.8390802303463665,-196.57738278875823,3.8551118311111416,187.01073395777303,507.7521144372311,-5.674272200828962,366.40917252272993,434.8738489315107,-3.112414449042877,426.05983079384026,220.67858260969066,25.31580384844078,491.48187955126804,4.9671599908740856,1.308486033412077,8.260116965470312,-158.40037535053574,-14.503872167944667,1.0125354569745166,-200.87245292567584,1.0307297518476106,0.9583423583762808,-199.40094364926694,1.0315509706024284,1.9444133508358932,-198.37503123769915,1.962499888650594,-0.5338199346308685,-200.94812025962716,-0.6563523208494584,-136.07258442678193,-73.66973128507409,-19.442451907055503,-136.5383664675843,-423.7701947494214,-19.53862802960809,-133.46943548695694,-871.0622441594013,-16.80608773666745,0.2712234364230081,-199.849664339784,0.5828739605812066,147.61960484643285,-131.361299041886,23.320392703131482,149.41640765311925,-479.5645409788826,25.60919907177481,149.16313127072792,-929.5739278734719,25.356243877536677,1.4918922268312251,-198.13386824173102,1.5100865217043196
216,2.16,2.744350321500585,702.5227645676283,3.900023182534881,0.8688401590702011,550.6561228784965,0.9018602443545938,0.47661858119709,300.25485959740365,0.48136878445598896,1.8139163955818929,401.50842496582527,1.8238781239250317,1.4256409874955307,201.20228469048342,1.4302412256571961,1.3043394052414472,101.76739427223806,0.87311136346094,-6.906413485429136,1001.1901172698184,-3.3312637913595506,-204.9252698097376,507.7360634793707,-5.822141569085259,-345.100968752296,404.619127117323,-13.155973469087462,-471.826418804234,237.8114726253134,-10.194519510347048,-471.8323082044574,85.30690775521386,1.9749041765246005,22.143892388809945,-233.60271055981863,25.667425610772746,1.6645042952463283,-199.01428145232347,1.486799283561629,5.422781977359428,-195.62377297651653,4.602586245438587,3.2868501328928668,-196.93490885090057,3.291365154160348,4.710845265675201,-195.51610175158308,4.710257470372012,186.7602765165133,508.6822278052682,-5.375560404344488,368.6739436133803,436.41848600740286,-1.5627318437462392,425.9960122767105,219.46725268538256,25.706731915569147,490.50654847096246,6.5272587435858735,3.520612588033404,6.968592526259139,-157.44975797456337,-13.19114300373376,1.431551217054866,-200.45671566421316,1.4361514552165315,1.609866914982861,-198.44243604156796,1.7839231803871258,3.080169496044097,-197.0590655659971,3.084067069919043,0.019369636274586766,-200.20238934751882,-0.10021046624664975,-135.08039040704182,-71.06787288551523,-19.00571501259323,-136.00386614593347,-421.795807681309,-19.716693042651464,-133.02242997129747,-869.009247167424,-16.861403413440378,0.17943838537753498,-199.70966771123585,0.516568047525127,147.4513846995378,-132.75396710531209,23.873876766247008,148.84561145398104,-481.35996757804037,25.603679905657714,148.72873892543902,-931.2616083890242,25.488901786966267,1.9233240910098843,-197.602550911916,1.92792432917155
217,2.17,2.690955637937232,702.5996423410529,3.941909094466589,0.9016776801478101,550.8110151992096,0.9092634997501443,0.8715127344188867,300.7788785642558,0.8724185750216388,1.4317563624319742,401.3180809362407,1.433717943047951,2.7212877734757726,202.628599919694,2.722193614078525,1.4405861953741397,101.82020621464328,0.8129182982777934,-7.139441836169964,1000.8255291536741,-3.586883194820842,-204.37854497724226,508.283767590152,-5.99077664022801,-346.82956235831176,406.9058873593209,-11.950168001592822,-472.460347539948,239.17707369171046,-8.822197402584262,-471.86460281958256,86.7833538275402,0.6368770120110844,21.004331458935482,-231.65839904621248,25.729278642338343,1.2196724457104378,-199.2626572898763,1.1843667197352918,4.765737448203197,-196.0545853385249,4.038763399943881,3.7976207008466267,-196.2948221970194,3.7985265414493785,5.10753665266966,-194.9945987677441,5.098691715528788,186.2724954404301,509.31145739935533,-5.289474046299151,370.8221882396357,437.74699821388253,-0.06806001199441436,426.1982104643794,218.29683037543572,26.180250393495093,489.9974888033702,8.434433164470036,6.071796449539087,5.222124478503667,-157.12979536165273,-12.083845541601425,2.075658175304234,-199.4874727802159,2.0765640159069862,1.967357735045661,-197.71858128565427,2.3747674528144995,3.825558202383794,-196.20307469079836,3.822895619296121,0.6286749732087508,-199.46376792465728,0.5442943627912293,-134.1448286707987,-68.5786467263585,-18.5473930584068,-135.42375344240313,-419.7760579054933,-19.692573722019766,-132.81492786431713,-867.248745919877,-17.035615933482447,0.14312095054893392,-199.65506095164358,0.4374827056682846,147.11039807021774,-134.38482715301362,24.177347438045224,148.10947691944176,-483.3866470046864,25.35469350882975,148.13521848828285,-933.2129789839116,25.39107136852758,2.2379949495292046,-197.3761743490042,2.238900790131957
218,2.18,2.8197775465234427,702.7955023187704,3.9270783484038034,1.4439174972751843,551.4141787181721,1.4452942291850461,1.7822826622352568,301.7510235953015,1.782421577390859,0.8990330086072262,400.8648402610038,0.8993338267375532,3.9860739394590263,203.956062124577,3.9862128546146285,1.6888553691777606,101.9373172178403,0.9986881532425114,-7.373160020121743,1000.5248543087175,-3.8475679678688977,-203.36142376747893,509.21271695140575,-5.662662455920642,-348.5239853157691,409.0764530410968,-10.689647760962657,-472.9932188178986,240.23918357661154,-7.566063936589552,-472.0518352191806,88.1307706947167,-0.6490141079792553,19.741516839693126,-229.7116496820342,25.664141267083508,0.615398578409919,-199.6791806554446,0.9125906893942282,4.0745082413924765,-196.45576761735197,3.5743831126856147,4.080352700857877,-195.94965911402414,4.08049161601348,5.100184839284423,-194.94392951269054,5.085841345751877,185.89840115322204,509.9365572673436,-5.107487256883125,372.88182519702247,438.89840698625926,1.4052692384351269,426.60981930744134,217.1098391912627,26.672307721904623,489.8279419613974,10.554960459330534,8.806417133479732,3.082020270855921,-157.4003678129772,-11.209137182411766,2.79802309126718,-198.24277685808642,2.798162006422783,2.1684247577681903,-197.10218713276666,2.9280128981198588,3.9876340530185104,-195.99844720338467,3.973846429183828,1.4377969968498654,-198.59221481803212,1.392597005481937,-133.04338042094844,-65.98356919158667,-17.865463761649025,-134.82067528160934,-417.7344004633291,-19.49100054011486,-132.78746980884154,-865.7276585794798,-17.295625126074295,0.4816749634451875,-199.34256059030733,0.6835016002564941,146.89252461940583,-135.96054707399006,24.466323666069282,147.4979088725634,-485.35816680153914,25.14351361548177,147.6280427326862,-935.1486178303762,25.31571482199015,2.757566530608649,-197.01644387427163,2.7577054457642514
219,2.19,3.1047992914740297,703.1198997585528,4.026432700661543,2.3628760238168334,552.3552878486727,2.363023977771321,2.7867010363549864,302.77277879264705,2.786701036354987,0.4543489027108784,400.4461195607679,0.4543489027108788,4.954135640186102,204.9465474650419,4.954135640186102,1.9371663627486404,102.12750390550232,1.3953517057928,-7.606072369054539,1000.262697705112,-4.1095237567233305,-201.9023847229254,510.52179486800367,-4.881407668247787,-350.10045014778194,411.2301737048814,-9.31668261826298,-473.29935166153194,241.1390364341383,-6.316027146146352,-472.54026760573845,89.22317465716868,-2.0263950180370602,18.23694674478324,-227.87273643844253,25.339166724679387,0.1258840996292645,-200.02264777819488,0.7770291303801511,3.555926804096222,-196.71943341780246,3.2881547573417134,4.011957845027158,-195.995630330117,4.011957845027158,4.817796526047998,-195.20588820558552,4.7997708224179,185.92977043353534,510.8453191505924,-4.563204244146805,374.90258219696454,439.95681008521524,2.9099518317681836,427.0650714214006,215.7704816176766,27.01467211383605,489.68092205538295,12.608007643777938,11.384645021797247,0.7518557755110065,-158.0480648939361,-10.440618483737614,3.234702616240229,-197.31392145969124,3.234702616240229,2.361505036428378,-196.54141251813542,3.4664971389270995,3.5235563678157735,-196.45834997837272,3.4813024859746857,2.371373843270921,-197.63621433187322,2.3537063395203734,-131.83652593351627,-63.31673334428154,-17.01926093099415,-134.2108329862363,-415.6843493538759,-19.152796010036027,-133.0189106294578,-864.499118040223,-17.75381490345046,1.1438896052186294,-198.73957789127897,1.2518397965618628,146.81438449570408,-137.4363076905214,24.752388709763814,147.12853102226694,-487.1303392400861,25.084087864529934,147.31385776641767,-936.9104681182398,25.398991157806975,3.44427557473815,-196.4565953355921,3.4442130506816033
220,2.2,3.1836189466751015,703.2520106844496,4.080997363491445,3.263050072254911,553.2615558719755,3.2630500722549116,3.2595007182944586,303.232954790877,3.2595007182944595,0.1289939987782982,400.1274997984989,0.12886192936411622,5.4855937360142475,205.4840995357348,5.485593736014248,1.9471291026379673,102.20654573440652,1.7354610200134706,-7.704642329087374,1000.1489057163883,-4.238725125470031,-200.30723581204234,511.92938396629575,-3.9644694049101092,-351.70817894428035,413.25769963293396,-7.9902671585504255,-473.5464675167753,241.79017566601811,-5.184683470577342,-473.65881165631066,89.74718094211791,-3.8216785525583843,16.296441393699666,-226.33183703270723,24.54745701110237,-0.13535480960017998,-200.19550048706895,0.6986123554434466,3.1353575999808303,-196.9777605965221,3.0237336037572975,3.5063455855564714,-196.4951486147229,3.5063455855564714,4.211658103651401,-195.8046969293312,4.18916734599679,186.3720142764534,512.0720432109881,-3.653406417025139,376.83258483215343,440.90001969879324,4.397233374862382,427.36507216145253,214.1071938274887,27.008455900145712,489.2283832029225,14.291279139883738,13.458900298130605,-1.5402088335015922,-158.837452591646,-9.599226607803132,3.0600538634942,-197.16697765510597,3.0600538634942014,2.603002787796153,-196.14800394078003,3.8551228793936385,2.5513958735875466,-197.44030986578392,2.4532988852740387,3.2107737341159313,-196.79072046616346,3.208834501041536,-130.90983389105747,-60.94063842835547,-16.35574870996524,-133.5823223366972,-413.61180932948446,-18.686333866814522,-133.60388774275353,-863.6346922800517,-18.520583287190366,1.780537369126084,-198.12616472743184,1.8255208654006496,146.64583352126976,-139.0180518491834,24.825621320750827,146.81051724156822,-488.87358250722525,24.98401190896164,147.0399608774628,-938.6256149199535,25.524293527232803,3.914610238082684,-196.05223793886518,3.9142025300192698
221,2.21,2.727698323722946,702.8951168308818,3.7452771203971515,3.7864338728656626,553.7862047298314,3.786433872865663,2.7419768237643023,302.6648077220977,2.7422016171570847,-0.17123946159712045,399.82853139536866,-0.1721006623583312,5.459400616341281,205.45917147330692,5.459400616341281,1.5306455217793098,101.9637825590343,1.7126039272183662,-7.515979041317286,1000.3248567953591,-4.082141947299776,-198.90903614892005,513.1144662642741,-3.224120285862058,-353.5925076423637,414.96266836160487,-6.934899927809644,-473.90680069626114,242.08291889965562,-4.295594318353245,-475.6084054984503,89.5034180988101,-6.235189166230694,13.81609533216982,-225.20190768825654,23.17243807046986,-0.2745964951019851,-200.2938475997771,0.4933578497309544,2.678037053908361,-197.35819197372558,2.641798048117992,2.539553252627667,-197.46067589040666,2.539553252627667,3.180421704265841,-196.83335090417904,3.143376415463893,186.98595059331808,513.4118477586486,-2.608833969802986,378.4436053803363,441.51665034876424,5.641523620472228,427.3903186246054,212.01617993940147,26.53523083333907,488.3227276336228,15.457676850107598,14.86404214149615,-3.6803717511298397,-159.65884312869846,-8.603138814235198,2.2602586981944275,-197.8131916917141,2.260258698194428,2.7728002597176307,-196.12889391775906,3.8777923622163524,1.3149595539355539,-198.69632841622453,1.144602805984151,3.7724690596939965,-196.22776008334029,3.781086232231728,-130.70228501346688,-59.28349326590293,-16.254375320051725,-133.0015123384204,-411.5825185388617,-18.167466383743324,-134.39523126673186,-862.9764395191678,-19.43174156112861,2.0539189990145026,-197.81226189662652,2.068482608576528,146.20428575425274,-140.87812677661944,24.519614822444574,146.28636454203541,-490.84498088972816,24.58484645131809,146.5943516887019,-940.503402364739,25.47355540197605,3.8294893095727645,-196.16197994692615,3.827418797181909
222,2.22,1.6932309220340889,702.0065285320966,2.775938682410423,3.8265340336332234,553.8266245989494,3.8265340336332243,1.2161533140068914,301.03260109917863,1.2176191510606682,-0.5037897006841683,399.496300864632,-0.5081632390247361,4.69895257463698,204.69904313995303,4.698952574636981,0.6801286656602226,101.30011443213135,1.1658016569616028,-6.9908680822346785,1000.8358708876071,-3.5905588776259236,-197.84972524375326,513.9395527784409,-2.7538571587067713,-355.82207944628374,416.31980641858377,-6.180642992668851,-474.3601159147328,242.06575709635598,-3.6066495175326567,-478.193936332161,88.67724740367785,-9.07526894837019,10.943461437717282,-224.35278253625052,21.3485947381024,-0.4983220515613565,-200.50304099133797,0.03763941254898856,2.162579166694642,-197.84493365753306,2.1534165111182393,1.217825535819735,-198.7820838988642,1.2178255358197352,1.8024902778197822,-198.21783796480725,1.7256935263800142,187.46046866602813,514.5740990199433,-1.733051864247906,379.48065036986003,441.56079546894296,6.390311763342014,427.1808019855581,209.54606463504402,25.636914734473592,487.0512901965741,16.18183368415554,15.671769439957849,-5.785905410936076,-160.6403061629456,-7.5947490578719865,1.1041854446980155,-198.9142372204499,1.104185444698016,2.601468249875353,-196.65888134161426,3.3609174750714192,0.1027278021277182,-199.95988802489313,-0.1054748664377263,3.933381957898937,-196.06660304468437,3.9520182384798876,-131.4041068211228,-58.53249310680073,-16.87532716886428,-132.63826180903737,-409.76664809471526,-17.768896412499124,-135.03341538838876,-862.1618016740667,-20.094655594177574,1.808094435981132,-197.96498151492597,1.811701228154536,145.46751927476484,-143.03711804111057,23.817722872855505,145.56147486886846,-493.0587400752769,23.891491063112728,145.98470887261308,-942.5398492753042,25.159670305946545,3.2578691583663426,-196.7403153523853,3.2496801230047523
223,2.23,0.29283497106247813,700.7486027962839,1.2380542501006946,3.5270585489195785,553.5276491089643,3.527058548919579,-0.8685944929765012,298.79361177610133,-0.8611503581772026,-0.7952362562962771,399.2053543037485,-0.8125339359838585,3.1159044762261674,203.1164950362708,3.1159044762261683,-0.3847542201760654,100.31673780620136,0.17640183151479366,-6.2208983215803695,1001.5892233347936,-2.85556329452813,-197.08103385653848,514.4546308867223,-2.4801687400987515,-358.25250281035807,417.4820511372584,-5.569186003671652,-474.74262015146707,241.91133689141935,-2.949073946885745,-480.8237246772404,87.84032444883402,-11.761766427830754,7.970074450147024,-223.51362885496968,19.35148865126789,-0.9295495259017246,-200.92990601356175,-0.6410427321292209,1.6021722609190405,-198.39112280659106,1.6003680270601723,-0.1557711314421235,-200.15518057139744,-0.15577113144212368,0.31713647879022944,-199.7313497434434,0.16273183148592912,187.5464596106537,515.3144458463495,-1.2716699243866438,379.94954153934185,441.04444475606317,6.651526719601978,426.9340893084885,206.9008225916375,24.51370731187896,485.64566062355686,16.681921794321994,16.09991682707192,-8.091913479748388,-162.0294283103346,-6.8326022985267665,-0.09365686370994067,-200.09671177488937,-0.09365686370994028,1.907427654489219,-197.73319005539628,2.313931531655306,-0.8265297880985485,-201.0237967586122,-0.9676274530650159,3.6257169747138986,-196.37418522984473,3.652850482637021,-132.83395505237232,-58.50614315004556,-18.066733526392817,-132.61284515574837,-408.2850332534217,-17.61140769586877,-135.24741538530375,-860.919603482977,-20.217050036655813,1.0656592019599729,-198.60835689961024,1.0662596205484487,144.4596278774861,-145.47037644754417,22.745034354499765,144.8346621285242,-495.3415819971475,23.102554614540093,145.46810118370016,-944.479872215566,24.693442060316123,2.5629706460966455,-197.43617426820623,2.5377466413994885
224,2.24,-1.0906723147726085,699.4252208246705,-0.4411528497837104,3.1448461566970423,553.1478452680707,3.1448461566970423,-2.783647585803987,296.7456162594159,-2.7542054615370004,-0.8442220638186118,399.158777047555,-0.8975026682394873,0.975539972648357,200.97853908402186,0.9755399726483573,-1.291710572800763,99.33024680937397,-0.9398665664002948,-5.419506969209719,1002.3697392653759,-2.090590343575307,-196.4776601087407,514.787347725209,-2.3093783154245706,-360.73075529325524,418.5628333213335,-4.983277522664883,-474.8351328344984,241.84224977065338,-2.1049891402710093,-482.8193799317471,87.64051073955412,-13.639535425696119,5.112378257760009,-222.4884933552524,17.373927336974223,-1.4820198345965352,-201.47916595769237,-1.361502756104,1.009795152329133,-198.95616372904962,1.009518464105526,-1.1300780514466164,-201.12694788102402,-1.1300780514466169,-1.0116237620551787,-201.12186782171008,-1.278118072416487,187.13554042783076,515.5230473457173,-1.3321188159632558,380.22780200483544,440.35170899335014,6.804306777942743,426.9167273937052,204.35452925222992,23.4354843023573,484.42553566466313,17.26893593565722,16.456403871257738,-10.593924503546624,-163.8324158329093,-6.334565045678669,-1.101161093464875,-201.09872103321007,-1.1011610934648748,0.8742231002534587,-199.04245978706336,1.0436791274960584,-1.2527431091513264,-201.72528998271866,-1.2019784978096473,2.929008087857264,-197.07049526591146,2.957863784978932,-134.51657051782553,-58.728555578471386,-19.41278301584356,-132.84930265253695,-407.0612877131828,-17.619340324867785,-134.97809795041672,-859.1900830110627,-19.738744112283477,0.020334565870841936,-199.60866007166885,0.020302222323021122,143.2737400222171,-148.08036120310817,21.395239120596568,144.18570075562647,-497.60711966265274,22.29790517668847,145.33723988856698,-946.0292675199585,24.294389548718186,1.95497760901653,-198.0420232796099,1.894468367333608
225,2.25,-1.9717342539069502,698.4780813407634,-1.623715339710257,2.8453583226178787,552.8572200382009,2.845358322617879,-3.830755329880119,295.70161983136455,-3.73993846776538,-0.45320277623973576,399.55865893934333,-0.5810163018326082,-1.069467771658511,198.94239394392446,-1.0694677716585108,-1.7126663944499663,98.72790386686614,-1.7720479948968832,-4.862411450890431,1002.897147133425,-1.5713548118002272,-195.90144229987712,515.0810508728807,-2.1637819969764402,-363.1791439958257,419.58165870805635,-4.405577077164641,-474.4078608557341,242.09435435042678,-0.8467727017539691,-483.84801560294375,88.37938437057255,-14.403186229266627,2.5122743662671123,-221.15337078721336,15.522014298571168,-1.8773232750671325,-201.86546155948412,-1.8381499574468896,0.45989138754611497,-199.43177852339403,0.45989138754611497,-1.332188620092217,-201.31947229215632,-1.3321886200922175,-1.905287294894258,-202.10385746025065,-2.2893754672993745,186.31067906586716,515.2837342624898,-1.8314404440180212,380.84408798002113,440.0204454821186,7.377695246723233,427.34241709895934,202.1317341126528,22.619959495591893,483.8299743991612,18.379210130895423,17.170571086473846,-12.874227030571522,-165.63809380001595,-5.70448509335933,-1.7377833983020605,-201.72592168271908,-1.737783398302061,0.010040925555407254,-200.05277810395705,0.06505524290846121,-1.0281020794673317,-201.90481684880382,-0.7456009095214474,2.083150357994834,-197.91448691000227,2.1013248554834068,-135.87559752766867,-58.62005353616882,-20.377756673558114,-133.11026094978487,-405.85471695828505,-17.55571888327934,-134.26297373679463,-857.007429745295,-18.706389846631836,-0.9915555267365007,-200.6550278780355,-0.9916825134151214,142.25007718178563,-150.517943427003,20.106768570348805,143.553349175986,-499.8415937532766,21.416693831300044,145.72245620029184,-947.052204959839,24.166522659597337,1.320201828219917,-198.66793645619708,1.2071556820585088
226,2.26,-1.9814458354894264,698.2980569605022,-1.8363341105154964,2.5180390458765376,552.5545757020725,2.5180390458765376,-3.704337517502621,296.046571256153,-3.485948552757625,0.33524638202568996,400.3717830382217,0.09645927953164585,-2.357867225998565,197.678607749432,-2.3578672259985645,-1.5624003563896733,98.71713616214362,-2.037541837006077,-4.74182195292598,1002.9698706182799,-1.4900636707189703,-195.26140030022017,515.436741402241,-1.990916761852084,-365.45668770400636,420.64595640651936,-3.737689530042356,-473.3376655134241,242.80301020762914,0.9464647209725957,-484.16641715283015,89.7980165484019,-14.313349009083685,0.3512905343706134,-219.33987035793706,13.938721643614917,-1.8500283545508376,-201.81349169835497,-1.8401237887574047,-0.01307107946089836,-199.74511882548228,-0.013071079460898305,-0.7672980298130024,-200.72642129397482,-0.7672980298130032,-2.090101223186796,-202.3595178068374,-2.5493056023661067,185.3193161653242,514.8511955488616,-2.5223577703797506,382.0925802606557,440.35862532572895,8.663600179011901,428.2806718173532,200.3180972021514,22.14132836949981,484.2592570248814,20.41708221498788,18.635102486489338,-14.439780204982464,-166.953709874249,-4.469937760968216,-1.872801102724892,-201.83626444652904,-1.872801102724892,-0.2916711638099168,-200.38818846923496,-0.27776136604689655,-0.24602376089854694,-201.5023950950706,0.16288268277976742,1.3010605000842945,-198.69029083730504,1.292669709348138,-136.46021092848764,-57.72180213274127,-20.520370426914738,-133.17189037165747,-404.4334815759112,-17.197411155210933,-133.25198762357905,-854.5135788278328,-17.279210451680417,-1.6519260746472653,-201.39225000343072,-1.6520133512300308,141.89444207830005,-152.2645836662134,19.373251336019422,142.99861249126548,-501.86605277404965,20.520616710404884,146.52178515862659,-947.6400087795312,24.3546273601426,0.5162875799195135,-199.44717576388462,0.35180640779898953
227,2.27,-1.1742358015661687,698.8647015115869,-1.1270758608957165,1.8757241037736367,551.9633709856462,1.8757241037736367,-2.732628084779777,297.41562635996553,-2.3219289824189357,1.1529220538931135,401.2405689357657,0.8054888698427229,-2.6907837135065895,197.39646095925235,-2.6907837135065886,-1.0238162381216362,99.20860509439288,-1.7248555270330737,-5.01798696680711,1002.6170312071976,-1.8069616195988736,-194.5692254951977,515.854034668714,-1.803618987741775,-367.31240002055097,422.00580691642006,-2.7407133318832195,-471.7661761577699,243.8464660277429,3.1308083660821993,-484.44915393868484,91.27271622941626,-13.997422311705384,-1.2490918656406058,-216.9382674832089,12.739221295145121,-1.4070118243238965,-201.3193649424514,-1.4050614996813418,-0.5369301162646539,-200.01694197934776,-0.5369301162646543,0.12406469190172906,-199.7711230782569,0.12406469190172864,-1.4702919041730071,-201.72930121240177,-1.922275959300201,184.46334710940937,514.5369023304916,-3.103175609783299,383.7967457310085,441.20452825098016,10.47920149033176,429.61390537689965,198.81390942456233,21.88733865694165,485.6525821403125,23.328270210190365,20.783769258638564,-15.195407712880458,-167.68157627715726,-2.555264629039111,-1.4929974646680195,-201.40535058279556,-1.49299746466802,-0.11918435823636495,-200.15849353723314,-0.11644535665709718,0.6405024084334467,-200.73700797074258,0.9834217172971211,0.5903160846752038,-199.38197466637627,0.5436727519892456,-136.13462212483276,-55.88886150054038,-19.704595279464996,-132.9831479799575,-402.7373873556651,-16.494369555138125,-132.33317075761346,-852.0874101333211,-15.855338868870836,-1.8399758117021958,-201.6328910077869,-1.840022527490563,142.47242796838376,-153.04247030302105,19.432401726854152,142.7793458332335,-503.3567329081999,19.868516713997643,147.4152220603487,-948.1007594611871,24.633784941005047,-0.3471265224220312,-200.25947964054959,-0.5335081081690207
228,2.28,-0.06312026073129759,699.6514976229416,-0.05119636039400513,0.8730350582340598,551.0367809909739,0.8730350582340595,-1.6996617501628863,298.87033643944045,-1.0914399342528815,1.6009082459954649,401.7646541787354,1.2072148709446828,-2.3920601551433007,197.76964319117752,-2.392060155143301,-0.3834800033377573,99.93712514311012,-1.055033345957285,-5.4603135465496955,1002.0706620166186,-2.2914513416343754,-193.87737256358116,516.2797332902641,-1.637602464215007,-368.58200556093124,423.8275828002774,-1.247662835028773,-470.08598231979227,244.85532871808857,5.310624887050572,-485.2884587471094,92.2799500005429,-13.971357004530056,-2.437610477852602,-214.12084327970592,11.835018170291727,-0.8578897995538908,-200.6941438668141,-0.8575907075829954,-1.2300882914772937,-200.4372895444626,-1.230088291477294,0.8190084220462006,-198.9643726511826,0.8190084220462004,-0.27468674599235965,-200.4168590964045,-0.6369829726409746,184.00844879014554,514.6045151049989,-3.308376812505162,385.4342165787251,442.038270460465,12.294529353191404,431.0795689001793,197.36287409271887,21.601407446925084,487.33060260448747,26.42725506140532,22.933994349693204,-15.453685387107685,-168.1422034343646,-0.29131629635385187,-0.6962077548431514,-200.53246182210336,-0.6962077548431518,0.12835781267366986,-199.79661424102318,0.1287778521700465,1.0539579819550178,-200.07580357575102,1.180835057545376,-0.1585791252835072,-200.07954030833065,-0.2229643623021855,-135.13121457209593,-53.356654659829374,-18.166562645514826,-132.70361146303765,-400.929051550771,-15.607462394681733,-131.97272900403613,-850.1981690917696,-14.920157924756271,-1.64691787290443,-201.43338280675567,-1.6469373469423199,143.78135869336177,-153.0549251180696,20.04316218552337,143.11077848123733,-504.1520455671194,19.676905003050788,148.00592421867947,-948.831790232098,24.612914674704136,-0.9745678287068789,-200.8108218959671,-1.139049000827403
229,2.29,0.7446183867441,700.0359984761893,0.7469663419344837,-0.05918585144005939,550.179063074875,-0.0591858514400605,-1.2588580541221632,299.572325779815,-0.5369774753365453,1.6831572893551958,401.92140621567034,1.3357241053048057,-1.9131516479595008,198.31701869235553,-1.9131516479595008,0.12933925260115542,100.62583200993062,-0.34558442682158397,-5.8608606581182165,1001.5652834614805,-2.7355868524310667,-193.17509995980976,516.6987164599034,-1.4672577519805472,-369.37952368463834,425.97317659239127,0.6289215021330121,-468.71702468962906,245.42721904566724,7.057151848764084,-486.80255576191684,92.70177536336325,-14.321188311327726,-3.5625013938378576,-211.2840690017545,10.977204983755687,-0.5352811390868703,-200.29703221277182,-0.5352811390868701,-1.9579677605481187,-201.0069086108401,-1.957841829350348,1.1429800333898483,-198.49217134919314,1.1429800333898477,1.0106039389537202,-198.9614014909277,0.7768477593658989,184.10996063273876,515.1823580360863,-2.982741132414428,386.5595663123712,442.3914956910162,13.665402304485688,432.41141959994974,195.6802837127297,21.023867869951545,488.49285625706955,28.878159366145127,24.28429410159043,-15.51428849405488,-168.6666411339688,2.0053336938233155,0.3749102374792681,-199.3868408362057,0.3749102374792678,0.20797367113278598,-199.60148954964845,0.20797367113278575,0.746398824128154,-199.90638611848695,0.6357091516545025,-0.9020412567310344,-200.70356537749637,-0.876167198388806,-133.8921957627168,-50.59568620538691,-16.34140815129147,-132.58537161741904,-399.2888620600892,-14.790362760858594,-132.3037829714783,-849.0072734141486,-14.643003771111829,-1.2606925835151421,-201.00627949219123,-1.2606989058095923,145.35641461433755,-152.79233843850662,20.719188386723815,143.94725556844074,-504.42973113868356,19.90169910050598,148.09549630500052,-950.059412922823,24.05446469662627,-1.1109421112830453,-200.872693184968,-1.223988257444454
230,2.3,0.9397488647693935,699.8052063799839,0.940108935359768,-0.3844357355496637,549.8855356667491,-0.3844357355496645,-1.4723486263772507,299.3639319228451,-0.7574083695863318,1.8188146893449164,402.0887860916438,1.5800275868508726,-1.463382714653242,198.78170489093299,-1.4633827146532425,0.36672139735967824,101.03050774234619,0.10987991479700426,-6.156299934090216,1001.2054036601526,-3.0760342539542247,-192.41779566985744,517.1151518228369,-1.2402367998964612,-370.0499231873679,428.05358272531697,2.5400797882290984,-467.87970083887785,245.33450183140195,8.125548225104719,-488.71382670876653,92.71492182886058,-14.824524136896304,-4.876889080901835,-208.74329769387177,9.959288462796644,-0.5000065458126208,-200.2300351435139,-0.5000065458126206,-2.4312504430412014,-201.53222622646757,-2.4304292684789304,1.2517269438717125,-198.24288043024575,1.251726943871712,1.858289557351277,-197.98428008740007,1.7381185853497878,184.685648316121,516.1466729715371,-2.2085814589471497,387.14011217852544,442.1937019381761,14.579191114225017,433.4859561378858,193.6099695210808,20.03838007729467,488.8621813377019,30.34643856996094,24.558686779835057,-15.392242007834625,-169.31412841552242,4.3042594329991175,1.496191489931051,-198.23383710777023,1.496191489931051,0.17880513665490438,-199.57111284304813,0.17880513665490438,-0.013170146151821882,-200.2263569626683,-0.26954304402199725,-1.3553296513985704,-200.9337758770908,-1.0019844327857133,-132.82379509018077,-48.05519840494568,-14.595458126664393,-132.77586091929183,-398.0072642340568,-14.192372513488346,-132.9753343754187,-848.2067376901837,-14.713846175576652,-0.8566649928722363,-200.58260664962614,-0.8566665913986096,146.76638535384978,-152.72561165820463,21.067748405365744,145.01136028305336,-504.5757668808069,20.267340516977868,147.8458459763194,-951.6703290770646,23.079749440430973,-0.7010202862647719,-200.431048883966,-0.7615295279476944
231,2.31,0.587029218885408,699.2306563516083,0.5870292188854078,0.00400603499744534,550.2422549613126,0.004006034997444452,-1.9101082157358296,298.7282426306545,-1.276028389719232,2.3465976987108492,402.584846625026,2.218784173117977,-1.0024895403495233,199.17606626081198,-1.002489540349524,0.26844838565954565,100.99198735165523,0.16073515533619037,-6.371574651154621,1000.9867398573148,-3.3377307115356096,-191.56484732105073,517.5497437398201,-0.9127072680015553,-370.935357040181,429.69993773295664,4.136360377140326,-467.4699595406678,244.6024453039683,8.57048041117779,-490.71335188237526,92.50495550232421,-15.271526726961646,-6.393751788931994,-206.55245647282504,8.70787388662888,-0.5039078263665467,-200.2656589000515,-0.5039078263665466,-2.4833307540923615,-201.81274057273288,-2.479160485562474,1.2435880676741142,-198.1812039494132,1.2435880676741133,1.9533950763341088,-197.85527008552089,1.9045518410233444,185.39564432474708,517.1366477299002,-1.3258032779213087,387.4653204336135,441.7167532595681,15.356186751479921,434.38334770799975,191.2203239192798,18.73283376688106,488.80094696406786,31.156699539596747,24.122898505605587,-14.975927341178668,-169.99493335310274,6.703283355433007,2.315521502117111,-197.44622957156787,2.31552150211711,0.1459283210627208,-199.62227988956334,0.1459283210627208,-0.6749256861160569,-200.65301325007758,-0.9541319971576835,-1.2248376986074454,-200.49964426178417,-0.24100724511867389,-132.1775570888151,-46.00934131513225,-13.120559625990023,-133.2177391238396,-397.04952335015673,-13.758302353582415,-133.45864318021745,-847.2904274065347,-14.600781993040087,-0.5175305603463884,-200.27847686764295,-0.5175308751148945,147.74540221481385,-153.13944257580766,20.936684222427917,146.00576125945912,-504.90998851346853,20.47863660996392,147.65536727388013,-953.3039299915991,22.05411133768045,0.08227762265480304,-199.67947345103013,0.0570536179576448
232,2.32,-0.017258912819641203,698.7473995273084,-0.017258912819641314,0.7763376421341174,550.940083574874,0.7763376421341163,-2.1089020519595314,298.27114613660905,-1.5729188644335648,3.1226632170306567,403.2864091497705,3.0693826126097816,-0.44121556488883584,199.6110089280964,-0.44121556488883673,-0.07407380252789068,100.56367034479665,-0.11061871134604448,-6.5563702039056775,1000.8389391111805,-3.5703549274010395,-190.49867051717925,518.1415125474487,-0.3656173657363223,-372.15438273234264,430.8073825191961,5.290880599496864,-467.06340402462536,243.47361189962453,8.76073387910244,-492.6587773138405,92.16268227533953,-15.589340872251583,-7.9586579612518245,-204.55582776303694,7.264455294346054,-0.2000433164198132,-200.03629738368005,-0.20004331641981296,-2.1148024211126053,-201.71964089059009,-2.0983086891217226,1.016374595171683,-198.45980882292193,1.0163745951716825,1.3695060356134499,-198.48220599079826,1.3538953895399852,185.90113116022184,517.833908380661,-0.6732215325240165,387.7701283327102,441.2189990507354,16.246144519780596,435.33711514048065,188.77476267130555,17.34900065079777,488.9564280297945,31.98328415591991,23.62969625024131,-14.293172573711601,-170.71560176481768,9.16247924654079,2.5352959642009916,-197.3009581030592,2.5352959642009907,0.09166173682001388,-199.74622495033447,0.09166173682001366,-0.7794440885702096,-200.71381810542198,-1.0032322010486936,-0.46668965516937855,-199.4982056082531,1.3082781855295444,-132.05400073423976,-44.54001912987078,-11.988724264075632,-133.74212147325804,-396.2281398688891,-13.321693560806793,-133.4558266262508,-845.9415256392572,-13.910366639799904,-0.2181327539198863,-200.0542634062573,-0.21813280219120013,148.2842128021328,-154.02038743240826,20.434023232397834,146.84023485836119,-505.47232336404903,20.447776392900654,147.90858588955766,-954.5746165474943,21.337525221586333,0.9327683869629224,-198.9034856802973,0.924579351601331
233,2.33,-0.5203274328576148,698.6332981212179,-0.5203274328576147,1.5565066669129264,551.6441535487855,1.556506666912926,-1.899257476541011,298.27888626026964,-1.4871208304090562,3.6718088500981167,403.75945573197066,3.654511170410535,0.19702911631725312,200.122413260801,0.19702911631725234,-0.4571725995630388,99.99678888992028,-0.47402640593674517,-6.763031827375626,1000.6684694173584,-3.826244863162564,-189.07754067004623,519.0741526214329,0.5438813164006566,-373.56620429647154,431.5511822495699,6.136262999872221,-466.19057023242294,242.24190853762565,9.17427293273036,-494.5444845238144,91.71532230637646,-15.790128917256759,-9.382046875612893,-202.54100084986226,5.7450933899093055,0.5449645376881923,-199.36738858043935,0.5449645376881924,-1.3910753079290916,-201.2069600525798,-1.340271036749235,0.5448500247232606,-199.11597451891393,0.5448500247232603,0.480301006633437,-199.4373844845179,0.4763918085746721,186.14984492880848,518.2272141367887,-0.30305716824339846,388.02523851131275,440.714749589299,17.202713591866,436.56125386826994,186.5381795441446,16.109626813817815,489.8424283449523,33.43498444865452,23.600452155281737,-13.55571969603259,-171.644215637049,11.45978337142968,2.164811378716407,-197.74754173941113,2.1648113787164065,0.016801379886375457,-199.8958732201595,0.016801379886375402,-0.2021297058885166,-200.17986499452556,-0.3550500413824091,0.6929371421773085,-198.36108187884554,3.0637858660334727,-132.41423556131414,-43.5693104555488,-11.194559246995672,-134.24398342157642,-395.3990583158111,-12.78021532862684,-133.06683466837208,-844.2201205111533,-12.593107983726597,0.06382225892427085,-199.84853085920327,0.06382225892427096,148.59434556936563,-155.11358202586757,19.777401720759478,147.67082302235718,-506.0394028079074,20.333481000981493,148.7714816458714,-955.2701187921912,21.10046678166642,1.5424715150575548,-198.36988160306998,1.5404010026666985
234,2.34,-0.6853222298153518,698.9176590654012,-0.6854950567844562,2.133620813027923,552.1701574692239,2.133627656256172,-1.376432240714407,298.6895465397486,-1.1577835256381095,3.644070221301571,403.68060687749755,3.639703526189252,0.7779102910197477,200.63057917735324,0.7779171342479966,-0.7294513421301805,99.53102259406953,-0.7628763986116467,-6.9938940074689455,1000.446409905449,-4.107733993666941,-187.41400997898288,520.2624945180291,1.704226215418162,-374.89583636030926,432.22663072307876,6.93967382514803,-464.76547787754606,241.0589706148441,10.038634485352418,-496.4508039530891,91.11505108239028,-15.947417251369124,-10.545958117301698,-200.38059256614798,4.261329633675599,1.4437887817747672,-198.51938651111055,1.4440836759218036,-0.4626495701384903,-200.39479421847133,-0.3407696159488778,0.08595710154969793,-199.85894404591937,0.08596394477794705,-0.33842909622176354,-200.31017405876764,-0.3391805486037589,186.35332188694122,518.5545843664825,-0.0036839361285891936,388.0852002772857,440.0872293271847,18.047393967217833,438.0895324918954,184.5813528513014,15.057705656161936,491.5877645149865,35.74900479519502,24.173559096111887,-13.012708967958911,-172.99899465225815,13.337579937308673,1.4812833954796323,-198.4821799483245,1.481290238707881,0.06455601810274253,-199.8989566265503,0.06456286133099197,0.8056850196605253,-199.2168737564516,0.7064493746842638,1.895314319895059,-197.52928575143625,4.336508142032017,-133.11163921902914,-42.92626022278837,-10.655781134484515,-134.73002125449818,-394.54464225825745,-12.143510255833762,-132.67837531628788,-842.4843342339318,-10.958489540133204,0.23125646511308917,-199.73220687869102,0.23163926422177028,148.80415168329287,-156.26183513878343,18.992513418851736,148.66740322357867,-506.4018280529468,20.308572197310234,150.10153795752285,-955.4499399861614,21.257215809646542,1.7293434923423727,-198.23411985146174,1.7289426275072075
235,2.35,-0.47747674487953806,699.4776854846073,-0.47860371828418113,2.4161667657745443,552.4280284813577,2.4162113892281583,-0.7237913270424943,299.29551452334,-0.7627882669871693,3.0393195897522345,403.0511813053353,3.038503012444637,1.1946078172283072,201.04420679542267,1.1946524406819212,-0.8520429755386775,99.26808378302108,-0.9498804504353001,-7.1679521009665095,1000.2523180668423,-4.333833334725134,-185.97279058719312,521.2440816865909,2.6517037093938143,-375.85969538088693,433.1130495813704,7.977379291877167,-463.17231797362194,239.9066839930926,11.18864625787781,-498.4840316152515,90.26076366123857,-16.163792392659293,-11.44875967717336,-198.08688485064357,2.8418397323240496,1.9279708320706852,-198.05828912440745,1.9298937834631535,0.40045051753896965,-199.57976916057393,0.6281840878658396,-0.022033306129684904,-200.2704389760542,-0.021988682676070903,-0.8910664299967526,-200.90907632300838,-0.8911380949413061,186.73457513347577,519.0404364327578,0.4480584555607306,387.91280932148106,439.3024309901592,18.720728418363088,439.81760303887563,182.81426865635046,14.098564359080536,493.94395602997537,38.723624892908106,25.11204039406591,-12.805218341685523,-174.91338733449314,14.648219263253434,0.7580692709430463,-199.23006901347395,0.7581138943966599,0.35039358684285515,-199.63774469757413,0.35043821029646915,1.7797638493854584,-198.25957092509515,1.7164868878638369,2.7793739702324505,-197.19498233908573,4.74614497074648,-133.97511623642282,-42.44067150654436,-10.244103170257535,-135.22631083205286,-393.69186610217434,-11.440833528230694,-132.71591044251284,-841.1493570395528,-9.499900048689026,0.11877274688922866,-199.8688474940776,0.12178695408651431,148.75536008538887,-157.61962498010718,17.86543631731954,149.73801198700244,-506.64624042647074,20.28429715069754,151.5307981642704,-955.3943204146533,21.5269498145379,1.5679046660846967,-198.42023361833228,1.5678867654817632
236,2.36,-0.017212924750752867,700.1478459121972,-0.022936167943286623,2.3893825095934105,552.3923816209672,2.3896091261897494,-0.1446686712664229,299.8597962771611,-0.4247545567992278,2.0563965318082333,402.0593956431819,2.0564910789903896,1.4377783951949212,201.32925606681403,1.4380050117912602,-0.8271947111194764,99.21717003382918,-1.0611345970662458,-7.181451566005679,1000.2005715128914,-4.4008926058435875,-185.23065038344703,521.5323423866143,2.9106237276185296,-376.237199526955,434.41527563850343,9.463243745644718,-461.859629420031,238.70844913490853,12.287042368893868,-500.68116956767005,89.09914780431792,-16.482830028659546,-12.200472670548102,-195.7931961754195,1.4031131142603193,1.611650757780889,-198.37581119448276,1.621416310739973,0.9803035597568901,-199.0151380628369,1.3118156392572757,0.29943453873172143,-200.14349213091214,0.29966115532806026,-1.1430187953050601,-201.23167252254558,-1.142792178708721,187.33392962812,519.7144896404034,1.0927709814072972,387.57408870366714,438.4171604650636,19.285396688488103,441.68102987971804,181.18068198505722,13.17792892341318,496.5117803018086,41.91956701353758,26.030071213430915,-12.881910915517079,-177.33867762871284,15.438473392366642,0.11164073901773147,-199.88536014960872,0.11186735561406974,0.737421408162873,-199.25957948046351,0.7376480247592117,2.3184337302354066,-197.72043289489375,2.2813155806766545,3.1082806151089626,-197.2951256325722,4.354026461023803,-134.87232072084154,-41.99325289573265,-9.832666076068056,-135.73339805004895,-392.85433022494004,-10.676061456137353,-133.40990185681338,-840.4404379148255,-8.584169351984158,-0.33678865873954844,-200.33041147973105,-0.32073402561127234,148.28033763015245,-159.3627763527506,16.310757943463297,150.54936649478478,-507.11597870022126,19.930911980549045,152.66896459575094,-955.45964050876,21.56501895990735,1.3708858901488354,-198.6261149984776,1.371112506745174
237,2.37,0.47592521230597273,700.72198719046,0.4532893463755705,2.1267862554790433,552.1273768155238,2.12768254150425,0.1728679636453061,300.1736833170829,-0.2348896265101188,0.8710320676811965,400.8716226277261,0.8719283537064035,1.4989917551680696,201.43988919005932,1.4998880411932767,-0.6949311831055848,99.31813665043956,-1.1315155188225812,-7.005327600841113,1000.329594264926,-4.280180875150411,-185.23880584093627,521.0676745689175,2.4310664093878884,-375.96929390076326,436.178485880405,11.450369579658613,-460.89178115491717,237.45399162644352,13.163335876649043,-503.00453587479035,87.64724248577704,-16.879730136598585,-12.986445013738695,-193.69874983448906,-0.21795719131750957,0.662697736588044,-199.29898447819753,0.7011469905254326,1.337836217789016,-198.66133410097558,1.714128113627471,0.8063119876957805,-199.58657862777574,0.8072082737209878,-1.1601718929483296,-201.379445063077,-1.1592756069231218,188.00699587748213,520.4230728327238,1.7858912174191857,387.1230934172397,437.47717199563476,19.801203582701135,443.7048232130112,179.72425994088098,12.331561376947722,498.9844202533176,44.95452701489354,26.636263377894295,-12.955097221920779,-179.98675633474568,15.993629770960752,-0.428039716519826,-200.42744915647512,-0.4271434304946194,0.9146494854734992,-199.08475995448174,0.9155457714987063,2.2991051607219077,-197.75046504395368,2.2812282580411405,2.875905465395648,-197.65999693254906,3.492891577630102,-135.69983342497386,-41.49245467011952,-9.305544952663553,-136.27198697879476,-392.06460822394035,-9.873227809611311,-134.65665155278847,-840.258622752448,-8.201471994312824,-0.9804299846182796,-200.96268418158752,-0.9131379525228722,147.61100764382854,-161.26621484255986,14.658084197091515,150.8664993372692,-508.052261023433,19.017442214530814,153.26516652855753,-955.9457288006602,21.082441065163444,1.423507901355151,-198.57585612951164,1.424404187380358
238,2.38,0.7418215425818917,700.9707156496862,0.6720981669532174,1.7787363024703886,551.7788268677866,1.781497057786681,0.2246842612592208,300.2247748265754,-0.16371521088032526,-0.36323082906867965,399.6368597362475,-0.3604700737523867,1.3518682260782349,201.327074994682,1.3546289813945274,-0.5522954344636917,99.45076238398605,-1.1860652278441381,-6.745059165295445,1000.5384546128598,-4.077874054701075,-185.5212745859615,520.3228605624353,1.6906615147678108,-375.24090735070627,438.20930281546737,13.74879596849565,-459.8741826413049,236.30696792523645,13.998524391487718,-505.38457831367407,85.95720963950977,-17.29995589809643,-13.907634780805653,-191.89478719440427,-2.0890463116835325,-0.30835739604835866,-200.1920587961016,-0.19052490615816575,1.7516452924095018,-198.24826414227442,2.085691510629842,1.2133922942086874,-198.8558030382357,1.2161530495249806,-1.0249062565006375,-201.4355752162669,-1.0221455011843443,188.60265390448643,521.0106562430292,2.3747177939797575,386.6467302270981,436.56553437963896,20.35987415975564,445.9135744204184,178.4955834965188,11.59548998460539,501.26742440332265,47.69096538142355,26.853802607389277,-12.564713489826719,-182.39060923362348,16.773645266294544,-0.7644611325954189,-200.76437056727934,-0.7617003772791269,0.7108662775262478,-199.28904315715766,0.7136270328425401,1.937772183041212,-198.16852847169312,1.932893592344599,2.3060447948341674,-198.12062106280905,2.5215923078939406,-136.3441379305998,-40.83188956774456,-8.538457177180575,-136.85374888841187,-391.3415005255566,-9.04718780258203,-136.02895448576396,-840.2233729983272,-7.972638264428662,-1.4752669034671015,-201.40732603594086,-1.252984418691638,147.3717026137205,-162.70757330544512,13.494281277140537,150.86156212852651,-509.27817384838295,17.72060146364833,153.30489009031754,-956.9529880313589,19.985356580788192,1.7532805896710928,-198.24633274056038,1.756041344987385
239,2.39,0.6343748074968952,700.793496244386,0.4671171242892813,1.4860250879026988,551.4856558755771,1.4926477956236408,0.2860871388784081,300.28608713887854,0.012373099928268516,-1.4194010700710062,398.5805989299292,-1.4127783623500627,1.0990067668887322,201.09092818088885,1.105629474609675,-0.4368618454147559,99.56369368798065,-1.151522744279301,-6.6016876505597555,1000.6276128654183,-3.9958054710713875,-185.404655950105,519.9730424012712,1.3645382951325822,-374.4211709825585,440.13382143178376,15.9850321901678,-458.30297937916816,235.53261531509673,15.160413262033638,-507.6870457433066,84.14951905885599,-17.624541950428693,-14.81441785354978,-190.19009667840766,-4.001610578759996,-0.7302571905406374,-200.4514886073046,-0.4506365074239791,2.369556915017679,-197.63044308498232,2.6038685696118775,1.4821346175318502,-198.14745770660917,1.4887573252527933,-0.7733705238705424,-201.37102210633793,-0.7667478161495991,189.13121848097137,521.4858473790807,2.8587556391513713,386.31196439602365,435.8480711962415,21.129297146391316,448.26952758284494,177.4634369320234,10.943772856403722,503.42621321230376,50.20104778954749,26.768758367035222,-11.352735204948502,-184.18078270408392,18.138233986490874,-0.6962539184229766,-200.696253918423,-0.6896312107020339,0.27743606975161295,-199.72256393024833,0.2840587774725555,1.6393519547809765,-198.60024672186728,1.6435297641657995,1.7159657197635345,-198.52715903187357,1.6718856130714919,-136.70231566956448,-39.912786478292844,-7.425002317167655,-137.39227535594614,-390.60274616467444,-8.114827000201663,-136.99750853204907,-839.8985977823105,-7.421696858981549,-1.4977638622352818,-201.28877021816334,-0.9183066708140404,148.13283927244524,-163.1152909507822,13.253768660754917,151.00432565459732,-510.3124306142347,16.51496384836311,153.02876134691215,-958.2938213511732,18.46509615733327,2.1983541464024823,-197.8001421111092,2.204976854123425
240,2.4,0.21915804542889558,700.3046166715703,-0.09332044507320761,1.235302904170297,551.2328953373778,1.2476757510972032,0.6687568526543588,300.6687568526545,0.519627435580365,-2.1015569292050755,397.8984430707951,-2.0891840822781687,0.9592207297367494,200.95717814331795,0.9715935766636559,-0.2603086654797132,99.73976100339422,-0.8844663672495461,-6.695964927166559,1000.4766394097583,-4.154606375644458,-184.54170236339962,520.3732696950276,1.800745102729641,-373.8648319327154,441.59433900987415,17.799654037567844,-456.10096176728536,235.1281464586956,16.722494360380445,-509.70742043684425,82.4170653145782,-17.664765706036277,-15.459439064454795,-188.28542712879576,-5.642015415655129,-0.45650247110490905,-199.93569419241513,0.053855457765534354,2.992625782669414,-197.0073742173306,3.126871740557683,1.7542420607117162,-197.57172092845974,1.7666149076386226,-0.492271037688373,-201.16949900383423,-0.47989819076146667,189.6809394474434,521.935412542073,3.290405434239159,386.16653715048557,435.37221376199136,22.154593216901922,450.64120582614333,176.45704838524702,10.256075905014397,505.45890657086784,52.51351016928521,26.404132158835726,-9.393852491343146,-185.4183357110541,20.014827027170853,-0.14093843700660913,-200.14093843700664,-0.1285655900797038,-0.05943967421561669,-200.05943967421558,-0.0470668272887107,1.660165251658792,-198.78351450306977,1.6719199314786095,1.3159530020872356,-198.7882987437838,0.9572740852334332,-136.78837031938482,-38.752282428414276,-5.981457573681668,-137.78966319974836,-389.7534656559511,-6.9826408012185395,-137.28966938263176,-839.0737353226516,-6.30508008824043,-0.9983094223736766,-200.49746534876255,0.19465167594881366,149.91049975606998,-162.4709064615767,13.858904683815346,151.5516996229777,-510.890726962926,15.661370453030962,152.74315926437978,-959.6624181329306,16.82924858314227,2.583689077328376,-197.41036350575885,2.5960619242552823
241,2.41,-0.3277258141801846,699.7077455023739,-0.7825324740518654,0.8789765137206069,550.86659674175,0.8968257608353746,1.40357891660453,301.4034257776664,1.3351883976243155,-2.3960227697783463,397.60343738324184,-2.3785602307053337,1.011562476580294,201.0110071285286,1.029411723695062,0.03548703033482219,100.03533389139668,-0.38414434429261307,-6.931605554985383,1000.1820676060274,-4.455817506443918,-183.14005241819095,521.3314872828095,2.790374239730861,-373.65930801214756,442.5012028407756,19.099123976987414,-453.7964701875903,234.60552034614784,18.215358916987704,-511.26218668630577,80.93310206907671,-17.253713770551375,-15.790108644129537,-186.14192611551346,-6.95971127340181,0.26192664269147187,-198.98045492209104,0.9672470687980075,3.290452248224914,-196.70970089071335,3.3591057665195394,2.057196816311507,-197.24187511807907,2.0750460634262753,-0.3844315775692966,-200.98223629897495,-0.3664757911440608,190.21070031021048,522.3116378398562,3.5525089492253974,385.99822583968324,434.9251594476916,23.217670220758002,452.830137110861,175.211417939715,9.343216248174128,507.1531225604339,54.444764880987535,25.577607708687722,-7.1773031291031435,-186.5801194251339,21.913308259508824,0.6077929653090517,-199.39236017362919,0.625642212423819,-0.11704748625217665,-200.1172006251904,-0.099198239137408,1.88630751838022,-198.758618151015,1.9040350411743752,1.113707670837311,-198.9207361322774,0.20079553519867333,-136.7850783479371,-37.53653642929916,-4.397140343774482,-138.1241113224051,-388.87485437751843,-5.735458291993745,-137.0745087119227,-837.860220477477,-4.7211571140048285,-0.2703151052911872,-199.33712074266685,1.6699035861992444,152.05211028438916,-161.4244929825229,14.659459307701423,152.20977089704405,-511.31018204846515,14.867725463092883,152.55191743539285,-960.9307972628155,15.205576876602368,2.7762695762748435,-197.2055642288812,2.7941188233896117
242,2.42,-0.8300856167319339,699.1804813593253,-1.3462741419757278,0.3913054735385061,550.3419496105153,0.4107062581293034,2.243358923740147,302.2423603324236,2.2075197650313947,-2.3443999175788015,397.65207983791197,-2.327520786180667,1.0764972035592333,201.07543693147736,1.095897988150031,0.34762264198531684,100.34662405066872,0.13285692403300692,-7.107559939171248,999.945491262522,-4.694725677724698,-181.64600603813508,522.4187093977303,3.8843488067364373,-373.51154366567124,443.14509110407624,20.16951174850225,-452.0124529142746,233.40706031075553,19.068239606842226,-512.2629112387325,79.77690000730209,-16.316092623559985,-15.897653143735095,-184.00127290649922,-8.186256412336578,1.0723677329889023,-198.06996317129523,1.781794323497349,3.14029379564605,-196.86070479567064,3.1761883122277306,2.2125759513232874,-197.2720465894884,2.2319767359140856,-0.5637584836039999,-200.97551660000298,-0.5436629754404394,190.55446238829637,522.428106278511,3.3915012610216007,385.58664882111304,434.2853108405725,24.090331525154497,454.73982607756466,173.60167611850602,8.1166550158183,508.32614040504814,55.83204660154823,24.137576830442292,-5.177409533773412,-188.1341918682346,23.35158223630816,1.0470804519261787,-198.9539181393905,1.0664812365169762,-0.004825358490292642,-200.00582394980694,0.014575426100504885,2.002094244779194,-198.7290552210441,2.0218292186051112,1.032784626507413,-198.97698474845282,-0.6927900170410338,-136.90723899422989,-36.485430548420695,-2.8967508454779494,-138.6039863522414,-388.17860991846567,-4.589930215522937,-136.77923977342382,-836.5487356776288,-2.9600559746859627,0.31685682866143905,-198.3380757064146,2.8030323540406554,153.693989852768,-160.83748898439413,14.84101087399506,152.457728754497,-512.1003383874539,13.613647002199727,152.3553130963681,-962.1773691529686,13.514385024582113,2.7076464505679763,-197.2494063435367,2.7270472351587745
243,2.43,-1.0936777726946896,698.9041751955324,-1.5541510635640245,0.008943981662830058,549.8549218334313,0.0211265977799433,2.9029956348842387,302.89792436973124,2.8703895456411876,-1.8605080083418677,398.12161471492635,-1.8611314038035398,0.90549248082846,200.9004212156754,0.9176750969455731,0.5323172087855823,100.52754748803252,0.4471862481114931,-7.142937117635057,999.8503421122145,-4.785582048011148,-180.3095215467125,523.3809800009376,4.828719723565873,-373.01363396521674,443.92893457641287,21.411176610681853,-450.80358439562707,231.52126660814145,19.252651952319507,-512.7276488535535,78.92073901704268,-14.872205707349975,-15.763927961473104,-182.06859386486758,-9.516295459206791,1.742725026974618,-197.50457466402278,2.1976147046007486,2.6513552218623495,-197.35371604329077,2.6677081065093495,2.045616193747387,-197.67432822265977,2.0577988098645004,-0.8439192298935236,-201.06885422521998,-0.8282085163589148,190.62465876295954,522.1535381177539,2.7268713041902934,385.0004107652523,433.5177273116948,24.831837257425263,456.50441197893986,171.80898848370805,6.716722167618816,509.21173202654563,56.92164016621069,22.333079134239558,-3.480687628332051,-190.17291063236598,24.224523005327235,0.9794613764806713,-199.02560988867242,0.9916439925977847,0.03955454047914586,-199.96551672467393,0.051737156596259104,1.820220850279866,-198.8272003091348,1.8347043782717716,1.0685487334457267,-198.9382496014075,-1.4588876987852006,-137.22721769447799,-35.68196761373052,-1.5675632220431135,-139.30725566114293,-387.7480561075115,-3.6336517158240538,-136.74567794158185,-835.4082016533789,-1.2937972616915054,0.6631312744620459,-197.8638968249207,3.142378999162584,154.4169188993605,-161.12883911397012,14.025994884604062,152.17401636625036,-513.3890183915072,11.777692885233934,152.104466380313,-963.4414761822518,11.7159677465122,2.4354511845396,-197.48751852262606,2.4476338006567135
244,2.44,-0.9403104955695462,699.0400371530181,-1.2777270931338065,0.006719211734594249,549.6293473755401,-0.005846048400657611,3.2243604903475434,303.2043032475847,3.175775614853494,-0.8587050527013662,399.0705889462271,-0.9219190711453236,0.4189868840831981,200.3989296413203,0.40642162394794623,0.5930887186963044,100.57499779242241,0.5507987851038049,-7.1223567310895195,999.8196932839287,-4.80423265356143,-179.1600283096737,524.139486595738,5.5861302859059245,-372.11356545406215,444.8887890216842,22.865313413653126,-449.63440994787004,229.49852860458597,19.307825356119846,-512.7771723841842,78.23060874703314,-13.030154124475619,-15.272326955103326,-180.32241643163798,-10.917136076519075,2.1827950148841873,-197.31645394918894,2.2326218724869067,1.957565250051982,-198.06249199271093,1.9458211644790016,1.603891777142937,-198.29558774146042,1.5912082003375811,-0.8780789720395394,-200.9897890534166,-0.8766903362026583,190.52778525229598,521.5399990985804,1.8676999060119828,384.4785858178519,432.8524608494888,25.667751725564827,458.36381369689906,170.15352444500297,5.383954018140746,510.42371831361163,58.33255961918172,20.757790035120607,-1.844859787777698,-192.46687676873057,24.750507093831246,0.7073143004284544,-199.3127429423344,0.6947490402932027,-0.08980313895097647,-200.10986038171387,-0.10236839908622825,1.3750289875784154,-199.07642185572536,1.3741487221109838,1.2609756002336445,-198.75934649724587,-1.6293550559162344,-137.71089616602382,-35.11284142534289,-0.39942099479986526,-140.10016386606665,-387.45996540936454,-2.7465449788215137,-137.07511973383941,-834.590197337556,0.12322309298710266,0.9736971873514408,-197.88753025677676,2.799705903635342,154.47945090647144,-162.04484758026706,12.489183618412381,151.7777651692967,-514.7605333608825,9.776906750941249,151.94631154140885,-964.5779869453297,9.956444499107537,2.1032563967068207,-197.79734378405755,2.090691136571569
245,2.45,-0.3544060302519916,699.5827870501191,-0.6082314447358963,0.39679107371152345,549.6674588719002,0.3168460501561743,3.1887149460030657,303.1269342889019,3.084551732192044,0.5023889663210093,400.28459915050064,0.2664347840464088,-0.2253109743472601,199.71290836855152,-0.30525599790260904,0.6826431496192416,100.6308482716087,0.6046711680658519,-7.163231749288748,999.7519634525923,-4.842974118331018,-178.23514259885906,524.5757234991518,6.094671949850243,-371.2206608470081,445.57514589069626,24.096086807232194,-447.95282950849895,227.88291343800475,19.761674016607575,-512.5811562032284,77.51711164370327,-10.957665574870525,-14.388435084402065,-178.59230233040785,-12.215876503398459,2.4030551468083834,-197.3799569270568,2.082425142845668,1.1401564032280573,-198.92162425387318,1.0603373108704797,1.1723568940566855,-198.85001426410992,1.091640348896667,-0.4772574327243224,-200.56879341002204,-0.5142214307982584,190.50787429852292,520.8226640924927,1.3601070272953497,384.0846905181344,432.33555175963534,26.63150710137744,460.46417964195695,168.8260894352193,4.239866356490882,512.4275381145245,60.52673249123782,19.822568844008245,-0.027504187993669493,-194.76530489957673,25.161643005555142,0.6414445317454103,-199.4203361253558,0.5614995081900616,-0.28839893700389196,-200.3501795941051,-0.3683439605592409,0.7865672309317528,-199.46626305746327,0.7528372577945514,1.5731281576730933,-198.48865249942813,-1.0464359142302961,-138.3653199525247,-34.813462901482595,0.5608025977354837,-140.82359242564473,-387.1738955943549,-1.7996300951368025,-137.72434629137052,-834.1512591821829,1.2230063170352135,1.482848803571697,-198.1316097896168,2.214066683557441,154.48496714276519,-162.99512009228664,10.820489550341787,151.7727275386593,-515.7172122011239,8.099158151750563,152.11382426553538,-965.3662629695164,8.449346673111986,1.7789853258449857,-198.1474327462447,1.699040302289637
246,2.46,0.46544593723259076,700.3115816083963,0.1494836895396512,0.9043080453579262,549.7848221870242,0.6608299286099526,2.877426131943767,302.72922203997865,2.6210676168047993,1.8294694206758406,401.3070188122265,1.2117447874436635,-0.7623589055107927,199.08943700252402,-1.0058370222587665,0.9295234383120505,100.8208138687884,0.7239620425224718,-7.29904031213579,999.631645398192,-4.881748412344549,-177.62497291731785,524.5493933599183,6.211500619621535,-370.7769805548912,445.4778694401899,24.607156112440954,-445.6548810779499,226.76249931195292,20.66130751414434,-512.2857770332959,76.61392160436488,-8.871754891111891,-13.156358034108294,-176.71004183602,-13.268727940174648,2.483251336349779,-197.54874472098473,1.8975650932806762,0.3128428928095013,-199.83536119915576,0.06936477606152813,1.0825586198444128,-199.05562151311565,0.8351623930916895,0.2592482395396447,-199.8964791755571,0.11887624292840315,190.79813902840704,520.3355589916192,1.548233506111466,383.5857219713296,431.7140775947785,27.431383363828,462.81193637720537,167.8283926994501,3.214756387371138,515.0920713581745,63.36693319108902,19.340121754029653,1.9928436484950738,-196.9804914796669,25.50126272118503,0.852742178525445,-199.2954619134398,0.6092640617774718,-0.35076999556575383,-200.49897408753094,-0.5942481123137275,0.12147750985234129,-199.98379782207962,0.02035177007594191,1.8527582390282853,-198.29544585293695,-0.13617282186262836,-139.22265054480297,-34.828525251517306,1.2305688708331077,-141.44085178380712,-386.87397225888196,-0.8148781365314826,-138.62461668162211,-834.085612686811,1.9734154057439564,2.181284438108067,-198.37974468440603,1.6766527180601725,154.88558399679187,-163.54266694878856,9.425026549933749,152.29876562315567,-516.1243574104346,6.843485881016632,152.74008719225696,-965.6881637533236,7.2795297453988415,1.4212492980960238,-198.6074977318707,1.1777711813480507
247,2.47,1.2682615547069347,700.9689931879227,0.6667756116465459,1.219826181788801,549.8423380550474,0.6418723906840206,2.436169366340792,302.15884858911767,1.8528462263484786,2.7077706745363654,401.7317044373428,1.430632341926881,-1.019097488227562,198.70402081608353,-1.597051279332342,1.294984748716217,101.1397547464916,0.8384406873815617,-7.4819600924739245,999.5041247562458,-4.797928672062538,-177.31719610752052,524.1091809846077,5.874910725391694,-370.81155100306256,444.5140874761878,24.294599486319,-443.0492675298143,225.83713038655316,21.624262106398632,-512.0142266495911,75.39986399549274,-7.081082760612604,-11.558092415591888,-174.58733408032344,-14.05413869984287,2.51908809662937,-197.72026066568571,1.6637970180476103,-0.32988779266776236,-200.60676948835675,-0.9078415837725411,1.4668617655526694,-198.8080460955764,0.8734115487702621,1.089808253573624,-199.18855487227626,0.7044820546008148,191.45400104799512,520.3202834422507,2.2493543716162816,382.67967479238973,430.6862295882145,27.685196554203905,465.3324428643294,167.07869588415113,2.1000935147374387,517.8242422903555,66.27396024427819,18.6933889060372,4.089483361480602,-199.1174570172461,25.678917024541192,1.0956217422017984,-199.1812599534871,0.5176679510970188,-0.09129864651945141,-200.3681803422084,-0.6692524376242317,-0.618504428757386,-200.58822335238142,-0.854972619707566,1.924988980410081,-198.35189271527886,0.4127615530106735,-140.1799855727021,-35.015920245263146,1.6723682857229538,-141.9601963134888,-386.56884667774773,0.11944185323843759,-139.63289113903076,-834.2491810627068,2.4386768999259134,2.82434608165929,-198.57365833888667,1.1745100687816616,155.7604891789463,-163.60303015423426,8.312788171396281,153.15541172608755,-516.1635327339451,5.752308563144484,153.80222058339245,-965.5612987497882,6.354519575842431,1.067321782637892,-199.12745835506365,0.4893679915331129
248,2.48,1.9594971069597595,701.4876808153684,0.826528883876732,1.254157183603609,549.8800149271427,0.12705032203440403,2.046254310223256,301.64053064886696,0.9174927745646553,2.902536924814984,401.4823689295996,0.7582110563977202,-0.9823659375732098,198.6147735723345,-2.1093843008673647,1.6248658306715795,101.51383258249994,0.789674709298079,-7.674960168745923,999.361489453373,-4.51082181992326,-177.1169999981713,523.5616038184355,5.236802086579351,-370.94092047516415,443.1235476166321,23.4987673997549,-440.50000719366767,224.8031540390777,22.253397412524055,-511.89574356353205,73.79201397131833,-5.922917710831974,-9.49357087446017,-172.19912093371812,-14.625861196878152,2.5686725289180963,-197.82591596646884,1.282551220871778,-0.5514431539827859,-200.95430364407514,-1.6784615172769408,2.1699949909456704,-198.23256280181323,0.9952442761812799,1.8793693400328997,-198.52371833473268,1.032622469509339,192.33379528407426,520.7726871699786,2.952058508495359,381.32228856487063,429.25017279454664,27.29947775961662,467.9355795761313,166.5244453311514,0.6933338280248189,520.1282078849848,68.80778869689956,17.419886408510347,6.199745426233022,-201.12253899003616,25.652124005418536,1.1615668747250263,-199.24129361536734,0.034548511430871225,0.5954332656091774,-199.8074272244832,-0.5315850976849786,-1.367471127234994,-201.1473288317444,-1.8565103985190006,1.7824017995244774,-198.62022536363762,0.26592024127215985,-140.9694930990098,-35.01683071186784,2.1539464440071154,-142.3250448608319,-386.1598073098128,1.0109698460621888,-140.4592993254514,-834.2956568056579,2.8729337436943654,3.193975620448261,-198.6482538732846,0.64003820241061,156.96171286985827,-163.27642392539826,7.297421465318887,154.1464391653078,-515.9695429203747,4.604302470342541,155.22085772599422,-965.0172790692624,5.556566321454851,0.9374475779024637,-199.4214671149779,-0.18957078539169092
249,2.49,2.6037898711250254,701.9818727613831,0.7928337618785019,1.1086552183425744,549.9846029324824,-0.7017063752897497,1.856690483488157,301.38564935888445,0.046465228103845874,2.4665705869117835,400.85717953330675,-0.496104237931664,-0.7272766094822696,198.8162226493679,-2.5370611218705355,1.82656947292227,101.91527379675924,0.5619900255208616,-7.900413150321485,999.1117379516207,-4.12367139614088,-176.78482543699727,523.2592397867395,4.618327385373033,-370.742919217486,441.9499075226514,22.72390937466323,-438.1463993522833,223.61102374981456,22.50561390033073,-512.0192367365862,71.77426882948383,-5.491400244119584,-6.940536312314423,-169.57353660402475,-14.991732158092567,2.6183888821727006,-197.84266759166997,0.7401823025593441,-0.18295281513544515,-200.6394535562854,-1.9927373275237108,2.8649896828956214,-197.5915110582543,0.9407012118424541,2.6708925905093532,-197.7856081506406,1.178697286592816,193.2681399452741,521.5019116151665,3.357592698930085,379.7791027726218,427.7382959633086,26.614940372141856,470.55801158051315,166.17332662827465,-0.9655346707954408,521.9613689576653,71.00563169744036,15.614187433886471,8.344159248255593,-202.9312264695768,25.489771139005548,1.0696002023493456,-199.38690053880055,-0.7401843100389212,1.6479335959304682,-198.80856714521946,-0.1618509164577997,-1.9005376322075251,-201.44684172528235,-2.7820680430151103,1.6393481739293596,-198.81563108451252,-0.29687652564734,-141.3858996351811,-34.55267209724368,2.962736594145589,-142.48657120007238,-385.5311801736389,1.9840720989975473,-140.8647431067106,-833.9096456651498,3.596958410927192,3.2876560872600797,-198.4818057798327,0.16736198922245138,158.32219020219932,-162.65750302811855,6.298063394768178,155.27234147513775,-515.4725785800383,3.48275352438914,156.88748221819193,-964.092211012126,4.863355410760791,1.221315555775098,-199.21686585159267,-0.5884689566131682
250,2.5,3.2001528372494192,702.4882538852419,0.8280383247520803,0.8311393567612859,550.0709642732372,-1.5437261459145168,1.8493721758011994,301.389003353568,-0.522649453940471,1.7145752208032095,400.2935602577045,-1.675514094503158,-0.4004867543630646,199.19665275554462,-2.772421596663049,1.909980653716228,102.30038885238608,0.33131450017848085,-8.14045017499038,998.7378087807723,-3.87290899758392,-176.27968609279486,523.2811544457019,4.315467644314939,-370.1212206508236,441.35985251696115,22.3225029294458,-435.92726006247347,222.37373827343094,22.708584691619468,-512.3607174581985,69.4105329529932,-5.4378705042026425,-4.128292449057539,-166.8822653518149,-15.095787379031268,2.535599598446526,-197.89242004416514,0.14112961031908694,0.6649145816549034,-199.7379459084375,-1.707020260645081,3.205312690261507,-197.1975477998309,0.6194562900758352,3.4435771522820593,-196.95928333781035,1.351913802752669,194.15085581730978,522.2544305163417,3.6032751354853705,378.30663887295725,426.4390256446884,26.136580983125576,473.09205606607725,165.9594037732804,-2.517342514267906,523.5280837780471,73.11614718337592,13.7550358715324,10.427422471454644,-204.67772972043855,25.270848447253403,0.9035707668335632,-199.4992897232588,-1.4683640754664216,2.712592300660013,-197.69026818943237,0.34065745836002725,-1.9817603372113604,-201.36376661750245,-3.3018454802522585,1.6484030163799517,-198.74673074696327,-0.7555009117422328,-141.57763365037263,-33.79344834372349,4.146029290578546,-142.5644707281036,-384.77046956141805,3.1679880944899352,-141.0040038484753,-833.2100026817898,4.701816653362694,3.2074540080685674,-198.10620313429814,-0.07490153062529833,159.6345373464691,-161.91598173174194,5.366996169062632,156.5633938695975,-514.6422921955277,2.6391577569868736,158.47914766445103,-963.0713714137601,4.211606487044548,1.7994919124221436,-198.5974211607575,-0.5724429298778407
251,2.51,3.548412419160205,702.8218824145979,1.0402694129001042,0.3643360391063645,549.9385034603388,-2.1553979537889196,1.7970914600855925,301.34307163078324,-0.7110648554597512,1.0464465202309194,400.0660790252149,-2.1651822853561846,-0.22650749549108085,199.49661080881998,-2.734650501751182,1.8635026021868373,102.4855120940351,0.2542507834640152,-8.245370836729816,998.424356751266,-3.914143085111267,-175.8118951109342,523.3659037937771,4.423883328750839,-369.32123143198066,441.19698339647977,22.356933723500216,-433.7438834992338,221.16628545392706,23.272975622655323,-512.7789182168392,66.81389897205547,-5.167022550934217,-1.500822123721694,-164.48644971483333,-14.951439082488433,2.121182666151277,-198.23408193432545,-0.39273094794911567,1.503456904185673,-198.77342479150332,-1.0046861020744284,2.952635562948388,-197.3242461327406,0.13323852656286173,3.8994228942205633,-196.37745880146844,1.5839074800924327,194.86155535286719,522.7575779325514,3.958993048011231,376.8685809256739,425.2778384147945,26.127461942301018,475.25072429756756,165.5694452528467,-3.6209352896699594,524.8901918958195,75.1744257716307,12.21146694370935,12.205614528652227,-206.6803994226866,25.01181216752463,0.615262392595479,-199.66161930309352,-1.892880613664622,3.2442283032902703,-197.0326533923987,0.7360852970301688,-1.588532228583695,-200.9819014474599,-3.168421133263114,1.6208726154075535,-198.62544928317146,-0.8935654770965438,-142.02802453515463,-33.32441833546716,5.45872192159705,-142.8217581481922,-384.17833133243136,4.59893765013074,-141.4010913193087,-832.7576645035479,5.956393866288929,2.983690257440106,-197.7819958612933,-0.013257171864404338,160.58673054319163,-161.3961514485609,4.502887844823622,157.87727122872758,-513.7083165079465,2.1829632237543377,159.4115798276622,-962.5713021640904,3.3277371292941567,2.3173164999178404,-197.95806145328285,-0.19082650634225984
252,2.52,3.4364341070073943,702.7787117294182,1.3191488196062786,-0.22427849289015026,549.5791601434379,-2.3772665326205393,1.4634118499130049,300.89027546560305,-0.653873437488111,0.7398444455733103,400.20038203243155,-1.7688758408062544,-0.3353119132421496,199.51648399479262,-2.452705001767138,1.6353045859628645,102.28036918275981,0.31128798732398627,-8.071470173589415,998.3847398221442,-4.204774395141884,-175.5933573772954,523.2177680054057,4.833409426783007,-368.5924781885587,441.03270340735924,22.68188622167797,-431.5070055898741,220.01631575668154,24.39273181490631,-513.0725790742705,64.12451857733747,-4.281278264172576,0.571160620794728,-162.73764417644483,-14.732857442362402,1.3342574117447303,-199.0019774939852,-0.7841641757131639,1.7939576996478959,-198.35424639231738,-0.3233275877532201,2.1414711057518576,-198.0067329862134,-0.3285112043966989,3.693195163821532,-196.4550089281437,1.679015996557148,195.2853726376407,522.8213141727423,4.485948138447219,375.26273899694775,423.97942925402333,26.4804868155159,476.65762461414124,164.5661970041206,-4.384366888580594,525.9438102347322,77.01350966479278,10.986262684622897,13.58598208559221,-209.08210177717868,24.735825820996794,0.1108128762860372,-200.03739121567924,-2.0064724111150785,2.9590503254243776,-197.18915376654087,0.8417650380232615,-0.8787149692355362,-200.4396388720841,-2.358021164626503,1.2269252913056743,-198.82714799870183,-0.8913253788376753,-143.09550299588977,-33.59405358661413,6.628193181650146,-143.40744864819627,-383.9760574369292,6.221194044114139,-142.44624616085804,-833.014854949591,7.06752033399535,2.6403505949090196,-197.7118334487132,0.31908535585091136,160.98314960271236,-161.360661600022,3.6166068799815365,159.02199508280546,-512.9472610828248,1.9993177353836267,159.28722449036837,-963.0565867123661,1.9206817676375711,2.583860966786631,-197.56404702072615,0.4665756793855156
253,2.53,2.881042517525964,702.3696135515513,1.4659334657327228,-0.7025369062228831,549.223915918862,-2.202832293286757,0.8153029140852502,299.95964421962856,-0.5998061377079918,0.8091481060332888,400.5389582427691,-0.8155222359121572,-0.6007117159323476,199.33750762696639,-2.016523719355329,1.2516769658310323,101.73510137371659,0.3817729790246485,-7.6741242969669985,998.6085489385005,-4.584413120384777,-175.62768815270155,522.7816949034926,5.325267329935251,-367.9271207447365,440.59405583773514,23.093148692061817,-429.1538448472268,218.9487608596317,25.91765355063622,-513.0626294653346,61.48676134473432,-2.815204755999396,2.0235250464156955,-161.72998742687113,-14.699221802042553,0.39469038383334887,-200.0183780809565,-1.0205929252174262,1.4311937121142675,-198.630586944987,0.016084660321025235,1.1163764289755624,-198.9454042281257,-0.6099342258673948,2.849030233851121,-197.21275042325016,1.4769022075392926,195.43306981832683,522.4596164077809,5.0159481022877515,373.3824801152392,422.38854687401295,26.867187007877682,477.14898010305006,162.749494941683,-5.333106209685781,526.6521547715571,78.55402980959562,9.843449297643883,14.790190814703465,-211.6585358495024,24.49239976868561,-0.5775336221050332,-200.6393142792063,-1.9926426738982745,2.167068530931725,-197.89471212616954,0.7519594791384825,-0.00540080657794384,-199.77043748829252,-1.0790242582165859,0.41460967870886556,-199.42136292317463,-1.0004993730843765,-144.59464832110075,-34.43745517296244,7.661890926318776,-144.205122173636,-384.0947452079122,7.918601144863257,-144.01500964050626,-833.9046326747825,7.95790592445649,2.304544312439045,-197.8234589392593,0.8232126660487237,161.0076069323622,-161.66811650429662,2.6815653429186126,159.9993705397953,-512.3454714225489,1.9096796113175385,158.39052107814575,-964.2852023585131,0.06447948870215914,2.770575617846292,-197.29115963016648,1.3554665660530503
254,2.54,2.0841542104217496,701.7550585057437,1.3397124778606602,-0.9907608614878238,548.9897746570723,-1.8922109008284358,-0.021467823248052964,298.8033892053829,-0.7659095558091431,0.9967849275595462,400.8003777472728,0.07014249221057756,-0.7997845330503512,199.1801582241867,-1.5477961485501284,0.8140714439984422,101.08637214748416,0.36145695335800687,-7.241713907737983,998.9098641422167,-4.8985934465623515,-175.8142185438774,522.1542865992151,5.657849391429158,-367.1585476143689,439.8818973770235,23.418793158132402,-426.778443077533,217.86931143622155,27.40885445153256,-512.6555316809181,59.003633073821575,-1.0599792567915982,3.0445503461513046,-161.2996401935832,-15.022209554957634,-0.44454271756848374,-200.9757207045784,-1.1889844501295734,0.7700168281051119,-199.25004041465786,0.02557509554402171,0.2738355649786217,-199.74622167778435,-0.6841858579904423,1.7803040884504857,-198.2397531543125,1.0498162518615282,195.41108371357205,521.8190669089275,5.325255070127788,371.2264715646122,420.4975781390999,26.93728058267724,476.9378127627116,160.33806939768493,-6.898584646634976,527.0782606801466,79.84981294378247,8.525439170278315,16.044618862624844,-214.14169479825236,24.205906486777373,-1.3198960738776564,-201.33995331664062,-2.064337806438746,1.4946001945613365,-198.52545704820164,0.7501584620002464,0.8897940125813721,-199.01866129222867,0.287704656991856,-0.5565867037379819,-200.15477896018467,-1.301028436299072,-146.0010339072369,-35.30370559609108,8.785829827129028,-145.03406377102158,-384.358606986799,9.488995109274608,-145.67542595238422,-834.9999691681617,8.741355992929085,2.0601339485820915,-197.97666698823195,1.2989485219699344,161.07620912106967,-161.90240376306232,1.7763542069609108,160.95671299949663,-511.6686204497146,1.7833698876477042,157.52176894967664,-965.4568439344554,-1.778085964432131,3.1200404393682657,-196.9000168033947,2.3755987068071756
255,2.55,1.2601758407467132,701.0896882070016,0.9531361941525314,-1.304328236339007,548.7054682096021,-1.8289421495504412,-0.8974324664296253,297.78861266188767,-1.2044721130238076,0.9965905913344257,400.7438725946894,0.4187639877411844,-0.8487556035065633,199.14617313134028,-1.1699144110150974,0.38645012806980683,100.50698837611854,0.20155936774785313,-6.88975486367665,999.1552226928377,-5.061055308051163,-176.11074064016873,521.3959678813324,5.672124032816343,-366.15377003671495,439.0341375896788,23.594914792900383,-424.6437022114442,216.5205093630808,28.385112769877395,-511.8163301408896,56.7415550693336,0.7817832859753036,3.9066948972628994,-161.17274674128473,-15.643725092501192,-1.1124811638331966,-201.6964727416564,-1.4192654424236726,0.2249576221186399,-199.78011364303455,-0.08208202447554236,-0.20700537009187825,-200.21207663524504,-0.626812829043949,0.9128981047197171,-199.09217316043345,0.6093865555430302,195.30710684674187,521.0265606062451,5.303119371102877,368.82854470782115,418.35433477916433,26.516712068459107,476.53083948154375,157.8643133150438,-8.967342556265733,527.243544105034,80.91968203289109,6.872216532327438,17.275113570401714,-216.55572771237112,23.629970445545364,-1.9588780324850588,-201.9639492976382,-2.265917679079241,1.292394815631746,-198.71269680267113,0.9853551690375637,1.5810946502539442,-198.39422108839779,1.320270054077909,-1.420987167744566,-200.81169995734652,-1.7274782720057227,-147.0476612553851,-35.897891781396936,10.069795464938098,-145.8899297930488,-384.74772481697784,10.658221309781199,-147.12797008760327,-835.9857651115323,9.525406723989194,1.7748454375132545,-198.23352285648463,1.4645087620743702,161.4543029326144,-161.7778571564854,0.9698233384545698,161.95049163668637,-510.80527277401495,1.5187500079297231,157.32698245928879,-965.9051776298111,-3.1574971348710625,3.5835435177099706,-196.42152774744318,3.2765038711157883
256,2.56,0.6124804965745262,700.5425261037587,0.5134471251587754,-1.823769123664867,548.2354954861654,-2.126348933780953,-1.629638547406847,297.21427713267036,-1.7286719188225985,0.7624285733677885,400.4172170975822,0.24790540498806624,-0.7296806169024876,199.26932079178079,-0.8722040656592099,0.005065900173923055,100.06437844934767,-0.0512308444315982,-6.6277946008214075,999.319269529468,-5.085195437526352,-176.45893109531642,520.5813358146179,5.430610641952703,-364.8132468872805,438.243266956264,23.730341767468936,-422.91062062790866,214.72066937090182,28.64890319537026,-510.48216863751725,54.79421361375284,2.760371185077478,4.897425435044787,-161.04628911724188,-16.269665416805175,-1.640622050805661,-202.15107617780802,-1.737990213660126,0.010028535941917882,-199.99097005537482,-0.08900483547383309,-0.33549107872807804,-200.33648967004484,-0.4753902097676147,0.3790620642853263,-199.6219365270314,0.28072341644233756,195.21549849931813,520.1998147756501,5.0490896029849175,366.29651132420065,416.0783451476251,25.71104841157686,476.5166477046551,155.9398833736577,-10.948559330991054,527.1604974161651,81.76676422282044,4.91574644476935,18.305980173600588,-219.036493547776,22.615013539126288,-2.2677576670548203,-202.26875625837155,-2.3672859951311076,1.3885990944143867,-198.61253221611008,1.2895657229986355,1.8600252553970873,-198.1361496916347,1.7726768786491562,-2.0604164697391716,-201.36230033941916,-2.155872895821416,-147.94877075509126,-36.42211925719586,11.25035950847897,-146.85426963534192,-385.33010904917074,11.262271437957056,-148.33038427783643,-836.8062236916653,10.3358889231129,1.2697519982646641,-198.73175220880125,1.1702130110997464,162.1212507042251,-161.29703814252468,0.2503945057032767,162.91230953071334,-509.87243947030004,1.0585748427831336,157.8987767935649,-965.519512053185,-3.9720794049569284,3.8909487617216554,-196.11004982959508,3.7919153903059044
257,2.57,0.31312633568586734,700.2905865256523,0.2881861225725537,-2.380684095342287,547.8047864932619,-2.452811770950353,-2.009116094460933,297.1968527292454,-2.0340563075742475,0.5364653979428737,400.14873866081564,-0.04703283777397435,-0.33233162262609994,199.6675152384356,-0.4615991078053887,-0.23460003680018615,99.8612059178723,-0.23308970627616543,-6.458818106755993,999.3913508939554,-5.069460876676882,-176.66669292524088,519.9103607471533,5.220788355403096,-363.0303497922559,437.706073264094,24.033135774976095,-421.4315371936731,212.58214397121617,28.39665697827087,-508.57160395341793,53.26714739075852,5.048980926769797,6.260191903923751,-160.65899228606122,-16.548846526294348,-2.03664888930164,-202.37963320907,-2.0531324755564433,0.17949302063876604,-199.82066011829954,0.15455280752545197,-0.15305710781069948,-200.15321024674898,-0.17234315470156436,0.021334413232653532,-199.97881872570565,-0.0034992605701936186,195.29676044381165,519.5088266545622,4.819254262812166,363.77129150113944,413.8140054442473,24.750619480721856,477.26441314218073,154.94839198883358,-12.288310587989052,526.9882105562882,82.56261387830781,2.9230637460082445,19.223480859068033,-221.46981561839084,21.36198165191636,-2.0338024731475057,-202.03395561208578,-2.0619702091165815,1.3295450079404798,-198.67128213474905,1.3046047948271653,1.7199334849367638,-198.28014629645793,1.6972941836982418,-2.43306924500071,-201.8012472234442,-2.439844230837391,-149.0711069453689,-37.240549960961786,11.975266753357602,-147.86886600921395,-386.04202842148595,11.460742991668564,-149.34115674871376,-837.5143191609857,11.17462499673108,0.6454412094656609,-199.35471192947264,0.6205009963523461,162.9093781449864,-160.61779744416427,-0.4490200701499629,163.80174706715218,-509.02260604326955,0.4476778478333877,158.94500749033529,-964.5821680988154,-4.413390724801054,3.873767760093844,-196.12638537884447,3.8488275469805298
258,2.58,0.2927838873452694,700.2871236504741,0.28790302304605064,-2.6184940289258973,547.8267941450497,-2.3380953541447087,-1.9907974214592468,297.584270286196,-1.9956782857584663,0.5439849489833324,400.2022937177071,-0.12202810628853511,0.3746857812224498,200.3746857812224,0.17489591263604165,-0.26646463397171294,100.01472249629643,-0.20425977477485446,-6.37322645467596,999.378548916864,-5.084110857891231,-176.5291457926972,519.5886050345667,5.32525641959541,-360.8239596170568,437.45503974587757,24.57075504826402,-419.9532215502496,210.37788761462997,27.975130018451377,-506.15001804939675,52.11521064992162,7.6640333797159945,8.036143330926555,-159.95282849205034,-16.344715175617154,-2.3395528027690027,-202.49413700849118,-2.3109870590256993,0.6471539443564625,-199.3528460556435,0.6422730800572435,0.2672327379707332,-199.73276726202934,0.3091713960286401,-0.4006853771722516,-200.40068537717224,-0.4055662414714709,195.64633531401392,519.0497265394739,4.786377924502583,361.29203024646637,411.5987066561146,23.748443089542523,478.6616776935018,154.78614764393524,-12.939974023293406,526.9119442256457,83.56369876554702,1.170321462210358,20.30614113828256,-223.5560873284197,20.24752546130036,-1.3312094222899309,-201.33120942228993,-1.3524810001027803,0.7644826255294929,-199.2381831110181,0.7596017612302738,1.2969396502136992,-198.70327070745884,1.2924116421787515,-2.561466816728171,-202.0677569628436,-2.4945028134590155,-150.55344849964817,-38.48586873488297,12.142097373270861,-148.78867817624788,-386.7379568897884,11.676467793962253,-150.21404391260097,-838.1633226261415,12.043311771693766,0.2544550894224983,-199.74554491057756,0.24957422512327876,163.63708866914487,-159.9171833603943,-1.2251365294748564,164.6076741521313,-508.3293271124447,-0.2536986166700399,160.1420325478809,-963.4119749059182,-4.719928074998702,3.5415248575081426,-196.45847514249192,3.5366439932089233
259,2.59,0.16836614931829175,700.167251582594,0.16761764453551053,-2.337232770828604,548.4946750600934,-1.5917198951786076,-1.764756768266944,298.0581050981196,-1.765505273049725,0.7499141583006661,400.5150734383876,0.049541079769205854,1.1284027351674666,201.12840273516747,0.8440633025150425,-0.24190150194608384,100.47258451221796,-0.04176656767399023,-6.299422068717913,999.3519409074559,-5.095632974707881,-176.01335205701716,519.6424524772104,5.807639328889162,-358.4352601122664,437.2709832303313,25.147065930269182,-418.4283355545197,208.29850338619983,27.609131869732728,-503.5217122524359,51.053511674022126,10.343277979308677,10.014626471626272,-159.12260475778356,-15.814260258198601,-2.6259469029845466,-202.60130700214054,-2.5236726021355937,1.1749433574773507,-198.82505664252267,1.1741948526945698,0.7481578799786539,-199.2518421200214,0.8414282301409608,-0.9233920183394235,-200.92339201833946,-0.9241405231222042,196.15890548285398,518.7086035153334,4.873790367012284,358.85055432048296,409.42047069791295,22.728537680735183,480.2233475950645,154.9742857455139,-13.308289233591232,526.8424184912843,84.78643960074159,-0.3836640183401161,21.658342578313338,-225.17333150135892,19.431602876464474,-0.5686008629187393,-200.56860086291874,-0.6341758971913384,-0.2823167759157479,-200.2905278225444,-0.28306528069852843,0.6987595703412225,-199.30135133305862,0.697592711557514,-2.582259450544502,-202.13515362373437,-2.36171018373489,-152.17945494849505,-39.91859540731566,12.035126618039309,-149.57050564141377,-387.37607265539907,12.300130463760961,-150.99455265781842,-838.8001196718037,12.928477095196355,0.3012307045093685,-199.69876929549068,0.3004821997265871,164.16998970241605,-159.32716923594614,-2.169358312641201,165.23011491720538,-507.843255583815,-1.1091023735052983,161.30391655188762,-962.1915171359292,-5.033197580411221,2.9413325155050014,-197.05866748449506,2.9405840107222208
260,2.6,-0.3809828425374773,699.6188462331195,-0.38098284253747683,-1.5673932623134157,549.6430254894319,-0.39267726289738836,-1.4896743253275124,298.452780647187,-1.4897110206721236,0.962349911686302,400.8366487324712,0.3099796274869536,1.6060435458574809,201.60604354585752,1.2846929246382093,-0.44262426775398,100.99808261842534,0.03854668375078285,-6.194524199877965,999.3542741756294,-5.073667465309386,-175.21247684438396,519.9635289173301,6.571606788382544,-356.1309750089573,436.9040290073906,25.51528715184334,-416.96945055621666,206.447061567486,27.410949628011895,-501.04224639164545,49.74655029667368,12.749077707577944,11.968466514027298,-158.37967146801788,-15.157117130715616,-2.8326213600989147,-202.61016343493668,-2.5854824969537726,1.5393094265379024,-198.4606905734621,1.5393094265379026,1.0744385067809588,-198.9255614932191,1.2122393741791782,-1.2257968198365363,-201.22579681983655,-1.2257968198365363,196.69568452234535,518.3267947533336,4.934872624386141,356.5690555326099,407.3972675814871,21.819839158832153,481.57317656889484,155.14184055675307,-13.738323370395806,526.4924958425224,85.99423984816659,-2.004838716173275,23.105955302224473,-226.47986628690788,18.769233051930847,-0.11962262674715751,-200.11962262674717,-0.31930239513857495,-1.3781362322173885,-201.39783350911233,-1.378136232217388,0.05097475374322469,-199.94904225384403,0.048246742974911716,-2.6448426481700347,-202.01984608932935,-2.113976891287069,-153.46983679238997,-41.008880028206384,12.21230373867474,-150.22596169305206,-387.969613123302,13.485242569273002,-151.7232896687245,-839.4669410989745,13.804686923815977,0.6082818371762992,-199.39171816282376,0.608281837176299,164.49319430637755,-158.86075101438726,-3.279281478139092,165.55028565311554,-507.5768920349884,-2.2221901314011054,162.36961485792565,-960.9755689176259,-5.390782682717483,2.1806568128509056,-197.81934318714914,2.1806568128509065
261,2.61,-1.1837663845261763,698.8162336154737,-1.183766384526176,-0.44228958675313207,550.9292945493501,0.9177035627149507,-1.0534723760463416,298.931747956795,-1.053711659751112,1.0876383513785,401.0352383039349,0.5704544500993249,1.8257833610398415,201.82578336103987,1.5421924331701993,-0.8962045183731082,101.39885771357866,0.0027411666094797615,-6.166951924607652,999.2771501322213,-5.129246118347464,-174.1802240305153,520.4805806072687,7.548175367972146,-353.90983081802597,436.3848406539995,25.687153867675434,-415.5885800604133,204.9240102026444,27.48068708508689,-498.8361033432291,48.09064404420867,14.765983399211493,13.90606415834878,-157.70003727681828,-14.348249907596735,-2.6781734328183466,-202.2178946330236,-2.2164572508230407,1.7157832856170512,-198.28421671438295,1.7157832856170518,1.1571438755408678,-198.84285612445916,1.3137608910248197,-0.864576905264848,-200.86457690526487,-0.8645769052648475,197.39614214123154,518.020902020173,5.088496780876485,354.65773953626615,405.7349214806626,21.2295300002145,482.7597808266626,155.3419740850145,-14.169701171164332,525.8041379358962,87.0706129163363,-3.7416148437124654,24.456217219437335,-227.65430296430395,18.08565460430112,0.036020184362281965,-199.96397981563774,-0.44298667873696207,-1.9368178747983908,-201.9736172327298,-1.9368178747983902,-0.36658306501502924,-200.36658306501505,-0.3804370468344621,-2.690483156329078,-201.6681355549833,-1.6986953520932797,-153.96516768244405,-41.23949823591904,13.176899804788814,-150.65975724154842,-388.4249173375932,15.165525892846698,-152.41599712708359,-840.1811572231284,14.659493399362987,0.852849741720344,-199.1471502582797,0.852849741720344,164.7661490594503,-158.3568949581629,-4.388226211577093,165.63908389954895,-507.3894293047155,-3.5152913714784275,163.36436247122163,-959.7240289628621,-5.738516630658868,1.568480753870625,-198.43151924612943,1.568480753870626
262,2.62,-1.6829668348385654,698.3170331651614,-1.6829668348385654,0.8222735482396384,552.0326922999849,2.029761639609121,-0.25016240679821383,299.7457592390162,-0.2513775897198073,1.1784657564116519,401.1614539517193,0.8420129920230438,2.0571293104561215,202.0571293104561,1.8622203061689326,-1.2103349312639164,101.67963062809298,0.09762332259382744,-6.391345495539386,998.9459497945828,-5.4377345695375405,-172.95959423643433,521.1537264092035,8.697828803280633,-351.49803817161074,436.02252132354914,25.945426665267508,-414.1739922513717,203.7463471503184,27.833309516254293,-496.763728833691,46.246891271009844,16.541629303723155,15.965346977433944,-156.9304131537553,-13.236113715260831,-1.9149766772495673,-201.2190753112464,-1.2431835964561024,1.8019961191345835,-198.19800388086543,1.8019961191345835,1.0742414033878043,-198.92575859661224,1.2143392283933343,0.23885377033367572,-199.76114622966634,0.23885377033367605,198.6514908396972,518.1867211295653,5.730823523642467,353.1506554773174,404.46311798025124,20.986913833203637,484.02481164770296,155.82028475807803,-14.353229964549055,525.0575199256907,88.18254417939623,-5.307905825965929,25.719033003203954,-228.6741913521174,17.40382255652357,0.2077376266790778,-199.79226237332097,-0.6871650088883743,-1.5941625434533617,-201.64773555193588,-1.5941928020822174,-0.2459066515219781,-200.245906651522,-0.3007002125357806,-2.416942786509381,-200.96632279350257,-0.9740495202516812,-153.57260691577798,-40.52766941834424,15.020522775491594,-150.77738344345195,-388.64894737238274,17.11188153842985,-153.0325018915146,-840.9040658204455,15.5280413833679,0.9293572615108715,-199.07064273848914,0.9293572615108714,165.226119331666,-157.57690731964752,-5.253745397911629,165.7656309205191,-507.0067060689994,-4.714233809058531,164.32987660638113,-958.3664125732865,-5.97645695626369,1.4767959465286937,-198.52320405347132,1.4767959465286944
263,2.63,-1.473981878644727,698.5260181213553,-1.473981878644727,1.863503512939347,552.6954113438613,2.6948342626173853,0.8770973046171566,300.87185208139556,0.872291162929871,1.2788920216341761,401.27459076381183,1.1036063393973294,2.3792641667314065,202.37926416673136,2.274936894665431,-0.9218125171341791,101.95641490186989,0.5602983549007101,-6.889102751238168,998.3392973717862,-6.020507058426421,-171.743212588,521.8365327509605,9.873731611492406,-348.66055028319477,436.0571250536788,26.533739452400795,-412.7010833770008,202.74085979264981,28.293026009854508,-494.6377554587318,44.42479019540659,18.271554081488265,18.103426498720722,-156.09870013999313,-11.851985825183238,-0.6778977263966266,-199.81648975878966,0.08334356388548603,1.8298546525991688,-198.17014534740088,1.8298546525991692,0.9242045094537112,-199.07574725440256,1.0301071737579832,1.6154769761239944,-198.38452302387606,1.6154769761239942,200.6610459345357,519.0852894430361,7.122488303568189,351.7818761528417,403.311608674196,20.820757407247896,485.395994285209,156.60783132742193,-14.255702150439777,524.5068346211124,89.50759001001649,-6.446222065169524,27.016554600415517,-229.40652362621597,16.851680574228737,0.5858870983295912,-199.41411290167042,-0.716188553340253,-0.4193498168612153,-200.48021901207647,-0.41954712790681525,0.46934662177826214,-199.53065337822179,0.30057057193132897,-1.5818864423986492,-199.9461580039287,0.05232051336334731,-152.6381844867978,-39.37132835561913,17.37449380321046,-150.72984325943608,-388.7940122414526,18.954798501352798,-153.50155861177575,-841.5658712160771,16.46887378655184,0.9717717927813598,-199.0282282072187,0.9717717927813596,165.94307225889392,-156.44955900513827,-5.801617539043704,166.1538764640681,-506.2309952382805,-5.590813333869519,165.18708838914944,-956.949492991211,-6.095206838209124,1.9747886479281218,-198.02521135207195,1.974788647928122
264,2.64,-0.6753879261988829,699.324612073801,-0.6753879261988829,2.2815014311945467,552.7267896051699,2.7267011068949927,1.9840507786004422,301.9692468199969,1.9692468199969775,1.344806583946852,401.34395961606344,1.272682703568562,2.558822817591489,202.55882281759136,2.515332740250517,0.03927949985779977,102.30677368839011,1.3472377537155436,-7.446250029719538,997.6711893457846,-6.663565853528256,-170.85013474139075,522.2811405848242,10.827604893260675,-345.5201250572847,436.30451912377686,27.338252580206426,-411.3301769977036,201.6220601753693,28.57197673247404,-492.4564627992089,42.648965705018185,19.966389103549783,20.053999807881183,-155.45672756860827,-10.45193290991363,0.45214832972048313,-198.56692504142677,1.1239414105139482,1.7235822658094353,-198.27641773419066,1.7235822658094353,0.6615722452602298,-199.33811321557096,0.7563835897776765,2.5868530402942227,-197.4132644151789,2.5867355848212004,203.0511615463182,520.4378786528971,8.98434296133357,350.1552498896682,401.87998735070653,20.329813825534547,486.63658854741027,157.47058054226054,-14.109020552123289,524.1131254337193,90.99414677782214,-7.194105160969469,28.311925833385878,-229.8790601675147,16.388396499373897,1.0439917084715433,-198.95600829152852,-0.43145330199412,1.1256277432601631,-198.9289170347638,1.1246257150899406,1.5173979149818324,-198.48260208501824,1.112525218790665,-0.36597797608945726,-198.92765180888054,1.0721148641893246,-151.6772478421934,-38.52568524821427,19.703192405935777,-150.8579559051551,-389.2020651788439,20.32553320691452,-153.8421527378734,-842.1871985465037,17.448350786663482,1.0569559024297397,-198.94304409757035,1.0569559024297392,166.6495464686077,-155.24122300871153,-6.295242153509921,166.73047208532785,-505.15876944370154,-6.2143165367897915,165.72436120551276,-955.6880441117356,-6.24399248641852,2.7073902902149847,-197.2926097097851,2.7073902902149847
265,2.65,0.20240875216267418,700.2024087521626,0.20240875216267395,1.9364727818297476,552.122096509372,2.1220965093721276,2.689173267250309,302.6536604167034,2.653660416703546,1.3116442851430181,401.3115143984112,1.2883741729041682,2.3432491985937687,202.34324919859364,2.3291300376794166,1.260117214244859,102.67266547433661,2.1590628992274468,-7.756600783082815,997.2478358511762,-7.060699873995601,-170.50171013550212,522.3021975955853,11.37365889744921,-342.5668113464689,436.1745389944997,27.878132163941768,-410.28844083561535,200.16298711840318,28.441037997425518,-490.48174169629465,40.6815698438782,21.373788367785817,21.598568965383183,-155.2091672000687,-9.24569867806001,0.8083767671962561,-197.9883342198325,1.2700929491915616,1.3758191002380376,-198.62418089976205,1.3758191002380376,0.11308485204255359,-199.88531778625412,0.27062054757423937,2.744652142476487,-197.2561137634179,2.743886236582219,205.03203900490774,521.5030191414832,10.574480443347056,348.0259339428121,399.91924745441355,19.264378075438536,487.52080805648006,158.18481564740011,-14.134796735807127,523.6774382505878,92.4608101715782,-7.750860481098032,29.315230621955813,-230.37443735173173,15.71656225679746,1.3586548068534887,-198.6413451931466,0.056579155183644536,2.422465966417758,-197.61829648980552,2.418502868126,2.508080279287437,-197.49191972071264,1.7516785013536038,0.6428269225030493,-198.38496250756108,1.6150374924390227,-151.11390964395204,-38.55606769239295,21.570749795650034,-151.35677376060326,-390.06911388633216,21.107964970135107,-154.20432963952055,-842.9214258821255,18.314055031564187,1.0421234996583701,-198.95787650034174,1.0421234996583697,166.89126804356286,-154.4052650992262,-7.185036795460843,167.13227098130037,-504.16402784302943,-6.944033857723321,165.83781903805328,-954.7626983587716,-6.5997871235842105,3.160137670905605,-196.8398623290945,3.160137670905605
266,2.66,0.7156607018665184,700.7156607018665,0.7156607018665184,1.1454973549277017,551.2057605560744,1.2057605560745888,2.868318455828497,302.80197171635746,2.801971716357612,1.1788389977913978,401.1788389977912,1.1729882325273284,1.7088598212084554,201.7088598212083,1.7052899382697682,2.139888238249453,102.83516059652625,2.621059189754215,-7.654628929742043,997.2347873170953,-7.046358049088612,-170.65894887317015,521.9038190402686,11.515554235621824,-340.32316685603,435.09967661214375,27.640296739198483,-409.7137801394962,198.2858854450426,27.820503788822606,-489.0652890874446,38.199589488891306,22.152123224460716,22.775106096748537,-155.30499421429056,-8.188134481581038,0.18701003565759988,-198.18041065758482,0.4341488988027409,0.7500083784549533,-199.24999162154515,0.750008378454953,-0.7970278040264205,-200.7907101159351,-0.46050454004749786,2.1687894155754686,-197.83510017549878,2.1649955499152425,206.03722679549384,521.6687260114968,11.280461206850013,345.4837811499827,397.51519245254076,17.709695003699526,488.0301433440586,158.73345090627848,-14.348043020145061,523.0700359340743,93.79117467051277,-8.248158212090035,29.74767868146408,-231.16602299134098,14.570131997611792,1.5248322669352001,-198.4751677330649,0.6299296313677476,3.05101351819736,-196.98089096082987,3.038806316065169,3.1319533544689393,-196.86804664553114,2.031395261573269,0.9095932330134763,-198.6198431370492,1.3801568629509062,-151.18717261101398,-39.637043549068196,22.73188549586618,-152.1073037141163,-391.2769357524404,21.520804127687022,-154.69165969635455,-843.8801025418265,18.98569763780762,0.7623359048935561,-199.23766409510654,0.7623359048935558,166.43961054982321,-154.16958990552715,-8.695989318363768,167.03870287855094,-503.5704975767994,-8.096896989636058,165.7294984339969,-954.0909801200203,-7.208348234407459,3.009158447562236,-196.99084155243787,3.0091584475622355
267,2.67,0.8184062401131293,700.8184062401131,0.818406240113129,0.5152043939838232,550.530743906265,0.53074390626522,2.742757670974632,302.6462237346565,2.6462237346565836,1.0359475709647425,401.0359475709646,1.0347954869753682,0.8731230413850688,200.87312304138493,0.8724200897553293,2.291196088303351,102.56128653293163,2.491777982958256,-7.2482624641112565,997.52414085137,-6.728442935296782,-171.06317351635047,521.2746068278778,11.44142135428256,-338.95722113484817,432.9777380877712,26.466417951441592,-409.6181967713645,196.0320947562824,26.749976169453003,-488.2919437958502,35.157668301685725,22.227032643743012,23.81119789372504,-155.5044601949148,-7.046138207637664,-0.9197276195608473,-198.8009008630081,-0.8167048139291135,-0.019326497222032557,-200.01932649722212,-0.01932649722203289,-1.8388401010573785,-201.81938025175214,-1.2135673556300506,1.3043759688919612,-198.71100766222713,1.2896165458822966,206.24274613257256,521.018894793865,11.18570932026967,342.92044215046457,395.05556130559023,16.053081953410178,488.28196362569395,159.2346270259569,-14.628583278493371,522.2667265665214,94.96182319621686,-8.712583391273354,29.654135915378557,-232.20541190553055,13.050244095469427,1.749819900712394,-198.25018009928766,1.2708130376131503,3.061668159008519,-196.97582644322355,3.032384603405144,3.264150200962766,-196.7358497990373,2.0170545004878613,0.4123509593530875,-199.51100855155795,0.4889914484421667,-151.85259783099173,-41.55146169229527,23.2270275830312,-152.84577495318686,-392.5621049025441,21.90881317021612,-155.20221763418948,-844.9767241278437,19.603524923123,0.2924099952118492,-199.70759000478822,0.29240170473489485,165.56509833935783,-154.2631431630691,-10.554166132294036,166.50715387259677,-503.3210876298302,-9.612110599055109,165.73675766264677,-953.3952546316483,-7.99993016490575,2.2870375789265727,-197.71311149468696,2.2870375789265722
268,2.68,0.758522470583951,700.7585224705839,0.7583551378324495,0.5092348412675118,550.5142082966169,0.514208296616866,2.700770823283867,302.59145608174316,2.5914560817432664,1.040838921093149,401.040838921093,1.0406622432911559,0.206650677629864,200.20686861099983,0.2067008250116137,1.7959622303337925,101.87865615102115,1.8610816373409202,-6.847088608550503,997.8063350821484,-6.416515875917395,-171.4040951301534,520.6795820833756,11.415988037915447,-338.17507431300015,430.2235006529687,24.660284758097106,-409.94056355261415,193.49149964935503,25.31781647515853,-487.78348617481277,31.989627747277844,21.987507273611662,24.923227812663345,-155.58001877306643,-5.59954231776152,-1.6925381131894897,-199.37488637647476,-1.6590915051469677,-0.63861353240359,-200.63861353240367,-0.6386135324035904,-2.5349025385769535,-202.48822078685413,-1.6089524346250825,0.6244796600753859,-199.42290525969497,0.5802647306507176,206.3937469194601,520.2397376768613,10.975949102217545,340.79080795316634,392.99149372135594,14.745390759626252,488.3617491577952,159.773939413978,-14.888830584850037,521.244186754933,95.9440190922736,-9.168140965477178,29.362713721302082,-233.16284722548284,11.565925765401948,2.1419928980513503,-197.85800710194871,1.9423131296599327,2.8978439078315503,-197.15953071309133,2.8431350234563046,3.0004114358313285,-196.9995885641687,1.8998533429356583,-0.3459038855849996,-200.54431440126666,-0.5443144012665719,-152.71479965569665,-43.74763560573658,23.448123365984845,-153.37105361972203,-393.7230442155667,22.50702222801978,-155.51290553448962,-846.0054238004983,20.408377771203426,-0.041342977568201156,-200.04134297756826,-0.041397038268840114,164.87144329982166,-154.0818799248491,-12.152686243855554,165.9104421131928,-503.0428125430317,-11.113618862038141,166.01557351664704,-952.458301497617,-8.87388510167534,1.3153904331777522,-198.68558164889117,1.3153904331777517
269,2.69,0.7277514274324596,700.7277514274324,0.7266602808270156,1.1677022607211867,551.1781827428467,1.1781827428467244,3.012003774124814,302.91594285193946,2.9159428519395294,1.3283432853725712,401.3283432853725,1.3283432853725707,0.07514291482817792,200.07699999960658,0.076172868463668,1.1468560787622106,101.16678147023863,1.1633208433089375,-6.748021409472151,997.7844825550894,-6.407464604987816,-171.4721202294288,520.3256479742709,11.646338506166977,-337.40812690864163,427.4874266366449,22.80053596267371,-410.53676464660805,190.82121300153864,23.679828922540775,-486.9315603824036,29.352553815418982,22.05284967625379,26.177296317260932,-155.45550262697927,-3.7802499439884505,-1.5849611655832017,-199.56070058780364,-1.5765045387246917,-0.8313556437680303,-200.83135564376806,-0.831355643768031,-2.4739501923049643,-202.38673719836288,-1.3907305847317426,0.3210989652981098,-199.79286299475945,0.2199660069823962,207.10974059251924,519.9489557881379,11.268377830414625,339.3462528110272,391.57079504575165,14.03426897641457,488.3036293809863,160.38497448904658,-15.093256463814912,519.9310275890475,96.6587210869996,-9.683117183838144,29.15454023074702,-233.75710258434887,10.441406742601625,2.520457853711964,-197.47954214628808,2.4556170152222783,2.993264949857439,-197.08701001096318,2.9136639927881163,2.616136059137675,-197.38386394086234,1.8597342812038415,-0.73055041300637,-201.10560444811279,-1.1056044481127618,-153.24296676454944,-45.543330366062506,23.92279758120067,-153.5614917221065,-394.6343978206245,23.41559045598096,-155.45805447961044,-846.7984238256802,21.541989656264498,0.12152134073644602,-199.87847865926358,0.12124679784515872,164.86654419854605,-153.1177695672801,-12.980731896062082,165.58065055654077,-502.40321608684985,-12.266178415631817,166.49285100870355,-951.231125371201,-9.71568825659908,0.4598116553867471,-199.54512498469737,0.45981165538674684
270,2.7,0.6821631303832597,700.6821631303833,0.6762075591236724,2.1965977314400407,552.2358716793278,2.2362290513484546,3.6204595386860445,303.55651496319183,3.556514963191843,1.8796470141949884,401.879647014195,1.879647014194988,0.5730577131016803,200.58311762638047,0.5782882492515675,0.8719297598912386,100.87570256858808,0.8751718642599773,-7.029743924981363,997.3799275387515,-6.779945442943122,-171.2284487905248,520.267042824402,12.189411736720853,-336.10879571537527,425.3316970848241,21.444906213689897,-411.14277736255417,188.29181869383768,22.105503012353285,-485.3919658898574,27.56299928750433,22.77826530550357,27.470752058490504,-155.22467808669367,-1.6907455209894946,-0.5716141681188613,-199.18450851594505,-0.5699489595575755,-0.5365880037197871,-200.53658800371977,-0.5365880037197877,-1.6509752393941826,-201.5240421824493,-0.645115697698003,0.23876564600917893,-199.97549930232896,0.06501955721683195,208.41793044686455,520.1993782938182,12.115305284304881,338.4943342252242,390.69765751289674,13.823877078366264,488.1899595990389,161.1490967609279,-15.158609012952427,518.2593633227809,97.02082346220027,-10.32244433625103,28.98313270969443,-234.03556983561262,9.598800593450065,2.6019338723391066,-197.3980661276609,2.585449852425543,3.391153042492812,-196.69917937808071,3.3009533411270704,2.3645707439813295,-197.63542925601868,1.9596980477901622,-0.43015122870933675,-200.87215008226124,-0.8721500822612338,-153.20078612103123,-46.53938527888231,24.883639389797242,-153.37403196899538,-395.24128631108647,24.637841810546504,-155.03627670549594,-847.3121586028346,22.961253981328156,0.8914223534998227,-199.10857764650018,0.8903365153010498,165.64926243538386,-151.27202375626703,-12.936781960714908,165.59106055349565,-501.3279549630666,-12.992713167514513,167.01751182005378,-949.7838304632814,-10.444839546973768,-0.15550902727782545,-200.17503381756376,-0.1555090272778259
271,2.71,0.42363979990043354,700.4236397999005,0.3991091114162355,3.156916559512423,553.276659260534,3.278989618839181,4.095712852227175,304.0697007445093,4.069700744509234,2.4498521731284835,402.44985217312853,2.4498521731284835,1.3405863915176375,201.38356772777718,1.361273563292454,1.1096820595956585,101.11017925240371,1.1101792524036345,-7.465491830326613,996.8194624119012,-7.307166910272345,-170.84228655448996,520.3412610773697,12.891931178766498,-334.0774449617379,423.93823138962136,20.803256422096,-411.5250592382954,186.14173614124496,20.83237710503043,-483.3745911918869,26.23952736506964,23.96481241462265,28.578897024423213,-155.10461355922118,0.44258358531960473,0.9586358667988257,-198.2995359342214,0.9588912348025314,0.02679529750659304,-199.97320470249338,0.026795297506592597,-0.5708536420596557,-200.42681006715856,0.1772666826564493,0.07102759114109913,-200.24761228936597,-0.14532020226814457,209.87866163944557,520.5741190132387,13.09931081954617,337.8076043596736,389.94141575784073,13.683639561712065,488.12085880035124,162.16530868077075,-14.98405788165931,516.1781277158198,96.93226853781906,-11.149389070675717,28.435747095007706,-234.40928169157007,8.560224684708409,2.3150690859526453,-197.6846569123225,2.311367714099169,3.690412589668612,-196.3892087205504,3.610811632599289,2.20933752444511,-197.79066247555488,2.0405614745981766,0.3126406422096981,-200.0800300778403,-0.08003007784030136,-152.8771714244028,-46.96534715866238,26.036224139846166,-152.99338190280267,-395.70389077499027,25.978961295583808,-154.48175115861568,-847.7152700802485,24.40257524509591,1.9459336808171472,-198.05406631918282,1.9425890637020888,166.8608269613808,-148.9036945987525,-12.377215296425863,165.7910761975888,-499.96446466835624,-13.437985366029658,167.39513233083017,-948.3030560511254,-11.140002132390416,-0.7319358228153874,-200.7920764108257,-0.7320145364672692
272,2.72,-0.25885381660649004,699.7414294031784,-0.3390930409383608,3.542792449835012,553.823659859261,3.8356304959129535,3.83784825111632,303.85217253998053,3.8523086406514286,2.624207632050943,402.62407153137997,2.6242076320509424,1.7154889533834312,201.86037565120108,1.7792099284406815,1.487821802110336,101.4876857014394,1.4878218021103362,-7.615903753598683,996.5426134209799,-7.549740071609257,-170.6960826260393,520.1538025985002,13.379084797603415,-331.7064599652218,422.9001381226484,20.493461520889912,-411.7447971744948,184.31351380703944,19.802466458152445,-481.47636235045803,24.544175740924892,25.026339400929597,29.213511066587646,-155.37735182904333,2.3279602395289167,2.344009123634659,-197.34699342897693,2.343999539350802,0.4788316707033131,-199.5213044299677,0.4788316707033132,0.014136714693836178,-199.85781705349717,0.46565803121490484,-0.3719151689132849,-200.76035308657333,-0.5489693908455244,210.97008867986565,520.5630454292067,13.709848954494426,336.69738831942067,388.7100924020938,13.021921878718029,488.0171551496205,163.35527195401718,-14.646041300586173,513.5994721335969,96.22510592279049,-12.293847408688048,26.971692866599753,-235.40764047808432,6.755923843528013,1.8035252235357466,-198.19482416144893,1.8011561577341633,3.3507248250110866,-196.70412016003513,3.296015940635841,1.775145369124353,-198.22499073154663,1.72035180811055,0.8414575197047245,-199.42893396421624,0.5712021364547767,-152.87005817283645,-47.555857908415035,26.774134829170343,-152.90788713709495,-396.4826734427286,26.974152167701504,-154.23481669456248,-848.4150287769255,25.421974777281015,2.6600244635838064,-197.34011163708718,2.652001144218714,167.841056496922,-146.67359093139592,-11.960095911796229,165.91065226139727,-498.57633268136703,-13.862837661767355,167.3759798274813,-947.0707189127427,-12.031538336269676,-1.5394110051597933,-201.68381687657336,-1.539924282646015
273,2.73,-1.4200299535321605,698.5818168714561,-1.6306150749002923,2.9650522044862244,553.4644517146114,3.5132737700294956,2.5658079629156427,302.63031585511436,2.6312033429720323,2.0344817881158153,402.0335943002581,2.0344817881158153,1.198945939174628,201.58485616273123,1.3518046119469596,1.454418130123726,101.45353064226597,1.454418130123726,-7.131211085169663,996.8996578473975,-7.157868353746474,-171.1981229003448,519.2760210927167,13.244959802071616,-329.7592619478744,421.4516731706109,19.762074079857854,-412.1292583470043,182.4827160673936,18.69135488883251,-480.2077997539654,21.918985384670883,25.46281731324848,29.146148336015187,-156.26686796315894,3.7315182713979738,2.9099913389558223,-196.9905351797812,2.909928841574394,0.5663278646679201,-199.43455962318984,0.5663278646679198,-0.3966741481807503,-200.3052538109371,-0.16957858115115243,-1.017194671433352,-201.44464864631274,-1.074359637848536,211.40255750832222,519.8809645806373,13.661642738273088,334.7539150404741,386.5895385222283,11.425372822623828,487.58666087586715,164.4337088656287,-14.427661817219398,510.4838315480037,94.80062217890898,-13.855223385841942,24.36619473251507,-237.22803293570655,3.99364988793004,1.1485889919690206,-198.84322480493324,1.142816329416056,2.1870456417664648,-197.84312540169464,2.1577620861630904,0.6808069155738353,-199.32008057228393,0.666952933754402,0.5818216572432726,-199.56372311311782,0.4371643747399586,-153.56809063399314,-48.93011020845696,26.699673663805033,-153.5818506226066,-398.04552799246574,27.165794247850748,-154.63836152867933,-849.7869280105781,25.68544940416283,2.5712025578072892,-197.42968493005048,2.5562130238382683,167.98612207607175,-145.18672448993658,-12.287416883323875,165.71658435488376,-497.3899033579604,-14.490595751347648,166.8477754765554,-946.2372290541603,-13.236845006641117,-2.5341907662294827,-202.80460967005678,-2.536797404386869
274,2.74,-2.7617262070992648,697.2476527440792,-3.2061235950688545,1.4900733804263508,552.1374085214144,2.2934456587246155,0.6890597965562559,300.8144912876058,0.8189983228378739,0.6298180229043318,400.62531098767226,0.6298180229043318,-0.11672994131115821,200.69472717356098,0.16884765615420538,0.8142588021835961,100.80975176695142,0.8142588021835964,-6.076356808352433,997.8279357714956,-6.196466385050665,-172.43369571676487,517.6243672841338,12.404576095551658,-328.6415569112139,419.1903656965038,18.212606615797174,-412.90437373641157,180.42390268731816,17.27560207174265,-479.61465946322517,18.6684894655784,25.23859221816452,28.406193771995547,-157.74247701412622,4.675379042006659,2.441520684450567,-197.53761112391456,2.441203296558947,0.3858887794109133,-199.61861825582125,0.3858887794109131,-1.6951870980512727,-201.6373191967814,-1.5890529885625284,-1.5813414475251961,-202.0802679099129,-1.5083524873955412,211.31979764866958,518.671621865664,13.100113662388596,332.0633048181121,383.6574360576361,8.974352178265212,486.5925040772786,165.1794080312798,-14.546253579791435,507.0456566821322,92.91491932229334,-15.656792302880683,21.011182476798005,-239.4497836536314,0.7227361250331172,0.2905515833845027,-199.67806830795854,0.2767036858057863,0.6498830402374471,-199.36683119712688,0.6376758381052567,-1.0040132363513712,-201.0085202715835,-1.0067412471196844,-0.48829642128051476,-200.55310558345826,-0.5485985482260505,-154.79240139223305,-51.05592716005411,25.991077529117025,-154.94058403677826,-400.38819797971547,26.56711266127831,-155.55076135464662,-851.7560520233253,25.342511607081576,1.7645320124230153,-198.23997502280918,1.7427223691889613,167.19191648255807,-144.5503001374209,-13.461664461769814,165.23225539460805,-496.38605854652735,-15.297422870876314,166.03259326189482,-945.6118939590879,-14.546512391198906,-3.28368884096912,-203.6803617724068,-3.293998294870475
275,2.75,-3.6927442853833967,696.3443501861079,-4.44386096812215,-0.29117107355274285,550.2471521019198,0.6481901504475314,-0.9184625211045634,299.2543000459406,-0.7278742839233285,-1.2162932630636472,398.76588106680026,-1.2162932630636476,-1.5448895690866618,199.79887065065984,-1.129376616567265,-0.04606407407928281,99.93611025578457,-0.0460640740792827,-4.94143620266582,998.8442137268352,-5.1556007076612085,-174.02615559173887,515.6262238990307,11.234454641028304,-327.9011658890761,416.5663805038116,16.30268877934097,-413.9429354616635,178.26020591212054,15.68512163911633,-479.27814331664615,15.775152840556684,24.782074269661138,27.3588459821272,-159.44371982746583,5.515670159777347,1.4287837870469964,-198.58404520465805,1.4275284935847123,0.24261175169237514,-199.77521391844374,0.24261175169237503,-3.2331469227228116,-203.19386675030313,-3.164977028556276,-1.755556120793873,-202.41400032461308,-1.6174031096992159,211.23991140403635,517.4480464349713,12.54453194021519,329.2227776525424,380.4942300147619,6.256661666282749,485.07796747579096,165.6490449010238,-14.936760689784844,503.7650952843604,91.17816481461027,-17.210315222932486,17.6971163334799,-241.30536552672436,-2.2581852785724035,-0.7145180938945621,-200.6218035787639,-0.7403893725649346,-0.48062690053985113,-200.50241566896776,-0.48458999883160847,-2.6693728610253937,-202.68719853116153,-2.6697912150263217,-1.8429422963040318,-201.88034520074,-1.8625195306038562,-155.96398964567948,-53.36838572565861,25.243955058496944,-156.27752983528376,-402.91683571633234,25.77558075691876,-156.37260147827357,-853.7709079742215,24.99587244366323,0.7517506570322963,-199.26607501310383,0.7270370935396895,165.97958181866295,-144.25088353886065,-14.96018560009676,164.8000147878605,-495.250825881433,-15.959839936834783,165.3551668153663,-944.7899530279199,-15.561808924906634,-3.3168353215909616,-203.77926515160075,-3.3485906752010623
276,2.76,-3.7779535574967644,696.3363054585924,-4.77295874089637,-1.6501037998408523,548.4448618389404,-0.7065567663118075,-1.5680435687311998,298.5932487165223,-1.3520616434362727,-2.846361347563543,397.09873172294,-2.846578637018559,-2.2689687773596052,199.47270289870036,-1.7983482074380364,-0.5046097619114457,99.44048330859198,-0.504827051366461,-4.281410349095607,999.4076257423044,-4.589986002404569,-175.38185527506297,513.9499180391726,10.327704478506977,-326.63244945679816,414.46702983430464,14.933557228265855,-414.90446447896,176.32169278957394,14.263976854157026,-478.63388415122665,14.10506332187473,24.666440793068247,26.487300747908503,-160.90090754982248,6.724543134489382,0.7068317788053996,-199.34730888523603,0.7027479132775204,0.28878389047608055,-199.76612303902044,0.2885666010210653,-4.213598137755662,-204.19185540445704,-4.134987123478293,-1.3759008660687673,-202.24489756087962,-1.2504274668003301,211.64593505061902,516.6807686771169,12.478671793059341,326.9859410922926,377.82876488984266,4.015612766630093,483.28288116070553,166.06002156887718,-15.366462925653396,501.11981430014157,90.14922087633666,-18.007859237759657,15.04258745927702,-242.30267289432044,-4.427407153470598,-1.5518093352171376,-201.34154414528658,-1.5896691130227405,-0.7541075685948762,-200.81001652626165,-0.755326886220114,-3.5771087868653835,-203.63201571636193,-3.577326076320399,-2.8235432562045104,-202.88340008570842,-2.8287104456668684,-156.6083165005528,-55.34838632381589,24.95934457707875,-156.78394399317972,-404.88914164068115,25.533902603508267,-156.56054402047468,-855.3033567564912,25.18915267953074,0.015010363186081621,-200.0400486941405,-0.007016569502987249,165.09401046922954,-143.55779778876916,-16.0361512633177,164.81540382502985,-493.63626647016895,-16.1127419107664,165.14711978839205,-943.4494181615662,-15.981129734858277,-2.5231141844605105,-202.9716345096951,-2.5995086071419853
277,2.77,-3.163197827393226,697.1108953034163,-4.133448955491504,-2.2053124235555637,547.2699325560776,-1.2045400043918801,-1.1928263415708886,298.8662863026784,-1.0034157259177943,-3.6582675970983995,396.2100175262649,-3.659684502331311,-1.9222050603360923,199.8190344957671,-1.5081090130496064,-0.2654667241920194,99.60281839917117,-0.26688362942493016,-4.323203677024052,999.3072437032015,-4.725752187046304,-176.06701168089026,513.057907426251,10.116981901253135,-324.4039797845646,413.2885161428559,14.516496817036717,-415.5569144001345,174.83512231766275,13.25447076490638,-477.3790378800254,13.765682308936432,25.20212665190073,26.040877058938335,-161.88212529357415,8.538035700641862,0.7811188502682023,-199.35059602636858,0.7704265112218539,0.4188186307930377,-199.71289624584375,0.41740172556012717,-4.1227102808057765,-204.150495376372,-4.019863299559404,-0.48271070341263855,-201.49859625816254,-0.406870542320398,212.58831164929745,516.4058288054978,12.953158043746257,325.76733509786214,376.0594056674661,2.6654790973314304,481.44037549373434,166.5622699799162,-15.668837449588471,499.29819099983473,89.94870353350206,-17.848564892689367,13.146464120599394,-242.5276562629466,-5.845334592538842,-1.889948951423078,-201.5262570879164,-1.9340203841000427,-0.37825493658179477,-200.5101671242642,-0.37986915286030576,-3.3750207518277575,-203.50673562846453,-3.3764376570606687,-3.017853450517637,-203.15054302025698,-3.0202450488530865,-156.68040251859009,-56.914905418213735,25.194569325596685,-156.19773175872808,-406.00383281584175,26.142036500619376,-156.0693094842386,-856.306173942351,25.96646653885181,-0.30666598638383386,-200.43937286108337,-0.3230724255857655,164.9509865526187,-142.06916565994695,-16.27026488892253,165.33417788926846,-491.5245572634581,-15.716119049063845,165.51912517644257,-941.484837823779,-15.716469840556888,-1.1950855164816647,-201.60337300013524,-1.3385102247786196
278,2.78,-2.4935350783986827,698.0185383051962,-3.060734036299841,-2.0818170497603523,546.8996342312346,-0.7044565025052018,-0.26608380840251655,299.61899411499047,-0.14212573770799897,-3.5187308651146125,396.2351933490752,-3.525926503623307,-0.8407546830198062,200.45413069317453,-0.5618487173814476,0.4345130880082464,100.18843730219794,0.4273174494995521,-4.864262525977315,998.7434804649695,-5.356718980593394,-176.05578190577666,512.9340462928067,10.62413080414383,-321.6703948014443,412.5549191544048,14.569905153073364,-415.9651478099996,173.76767152756682,12.61854499656381,-475.72761478692917,14.120269528877941,26.179129967682588,25.904163298819483,-162.50494725021895,10.823015625831104,1.440188135704862,-198.80588765010546,1.415663705470783,0.4929675972494745,-199.75310818856082,0.48577195874078016,-3.006330799514495,-203.1361342234514,-2.897254076149794,0.6992598818059355,-200.31738841310997,0.7267930404640985,213.71167361456014,516.2715956957715,13.60996319241531,325.3777453825979,375.020408847456,2.0355388547566347,479.67846037313006,167.18431960010548,-15.819815402630343,498.11271852717067,90.24648708187397,-16.939308613167793,11.700197300710823,-242.3793146649047,-6.908510827453154,-1.6735894025517835,-201.19885263470934,-1.7184275294110647,0.04382562090853015,-200.20228042353062,0.03659972377097953,-2.2807404611863054,-202.5268162469966,-2.288036072667881,-2.404461591296968,-202.65068685113567,-2.411806703834086,-156.49965082179466,-58.35893523260268,25.61180809933188,-154.9476614044102,-406.5788563176829,27.27624912634559,-155.27350047119813,-857.1371456086463,26.949397296645216,-0.40017883883540617,-200.6512924064926,-0.4153977967091925,165.42983216704766,-139.89781935257656,-15.778997843398367,165.96308935626215,-489.30734775825727,-15.150804928810992,166.35155927828924,-939.0106026214514,-14.904811527062144,0.24224475712645066,-200.1751543367146,0.029998469643124304
279,2.79,-2.3536495930798425,698.39103668915,-2.3089545697552603,-1.6396906816296162,547.1842105825003,0.4935210764484698,0.6096652929968726,300.32171380946204,0.6512926627890472,-2.8849511720278698,396.7570106722728,-2.9134104744001585,0.24432442694663004,200.8854684009588,0.37214075013581316,1.0956734011737306,100.7376352454744,1.0672140988014425,-5.489141876436134,998.0918631265861,-6.056505376112151,-175.71232663891124,513.1658580368866,11.473642438347037,-319.2644598254511,411.48737411076957,14.264612792285515,-416.4231184187309,172.9259945644377,12.112716117654433,-474.2625983443916,14.343349311949332,27.010345902312217,25.78496217203618,-163.02968827972907,13.26074432316556,2.0046931178691745,-198.3533450378302,1.951020572310745,0.5075824606271367,-199.85045569507224,0.47912315825484864,-1.4159656156805163,-201.6716231158689,-1.342044262541839,1.8349727588830562,-199.05066796595287,1.818285105644342,214.62098633331678,515.9245484475742,14.044072297315612,325.250795973714,374.2192889913215,1.5833176838920424,478.0030935825798,167.91744311245742,-15.87775497367629,497.14519135231694,90.55260800031833,-15.739037632458132,10.305813318855666,-242.15339843657432,-7.955781195136334,-1.1248206255635471,-200.66607115114016,-1.179151206606208,0.02987362269130145,-200.32816453300805,0.0014143203190132292,-0.872621557619612,-201.23065971331897,-0.901732765664978,-1.31412683400351,-201.67216498970288,-1.342586136375798,-156.4060309703227,-59.97049474812766,25.830884999879505,-153.69211145799653,-407.1616971836668,28.372934371790354,-154.5527103017418,-858.132496803411,27.747728057902144,-0.5386821136345512,-200.91664508305163,-0.5704860331218973,166.09711815509186,-137.43076729231325,-14.998176567698064,166.21704571088867,-487.4303315104397,-14.881550939571323,167.28109114313006,-936.3569734949203,-13.92867027255493,1.4841753314315507,-199.01329726967958,1.231333707360525
280,2.8,-2.762016202160692,698.0795757045411,-2.3027434417241137,-1.0466640015602808,547.9408912365969,1.8729040765798637,1.0656272596533312,300.68821038376615,1.0064818717842385,-2.3730175112048415,397.22105017810145,-2.460678333880417,0.8227618851297294,200.9266815444647,0.8161747556049161,1.3334898580889778,100.92755754739528,1.2458290354134025,-5.881139641774341,997.60745833036,-6.485925851597264,-175.4669078798819,513.3278127342836,12.212320093914357,-317.6672560205482,409.75859722512143,13.191867173605566,-417.19503780145436,172.17771095503878,11.521379490136377,-473.4343914363726,14.017554189672502,27.22882169427922,25.4399290648889,-163.6480209301407,15.568386712339755,1.980081483472474,-198.42585082722127,1.863850313283725,0.5250088405546282,-199.8809234701391,0.43734801787905325,-0.013883782851598414,-200.34914470246457,-0.031212630823395204,2.5919304142776234,-198.09573387614833,2.5073221264746457,215.17268828227358,515.2843548631042,14.090383548919593,324.95230399227546,373.3005430435012,0.8701279581995983,476.3262997446741,168.7759785881527,-15.911298797794807,496.00113324938644,90.50423115304069,-14.693321726077997,8.70394720756848,-241.90882612172334,-9.122686391629042,-0.5852320314731069,-200.27035178851412,-0.6867407517273985,-0.46087339857224774,-200.866805709266,-0.5485342212478228,0.2758871488712291,-200.13004516182252,0.18491567601504755,-0.22332385119074938,-200.62925616188448,-0.3109846738663242,-156.4190653864253,-61.70360540194157,25.78917366545923,-152.78881841857907,-408.04255604037166,29.11279295471466,-154.0150669974224,-859.3448515829273,28.23296964030198,-0.8254622395002067,-201.2927672971189,-0.914208900374554,166.57294555466046,-134.98956690190647,-14.331536634342255,165.98710048242356,-485.9566179123615,-15.01986269321072,167.83852461786506,-933.9367557246278,-13.280088873408161,2.3598759580375464,-198.23983095347637,2.1057223862578773
281,2.81,-3.228667905817077,697.5024927746827,-2.878039199034099,-0.20894006581868174,549.0957391523525,2.953521527452871,1.021017165744871,300.6672293020401,0.8164272310855356,-2.193998339336688,397.4465163498526,-2.4042857211019557,0.9161879660713043,200.7611334583759,0.7952190874919022,1.024747557062943,100.66526224625218,0.8144601752976751,-5.961674803767797,997.3386090265557,-6.540881371684863,-175.45433547544351,513.3124024880085,12.679345968552177,-316.82730458977244,407.58771350981783,11.5229191443911,-418.2906219834505,171.54024698249123,10.807272040892434,-473.2404141120296,13.261891569550762,26.816621132932575,24.69769904691576,-164.5063084366812,17.53077349789682,1.4306002628714836,-198.92913722785624,1.1948474580031427,0.5355252113491379,-199.82396009946166,0.3252378295838702,0.805603698131379,-199.514022346628,0.632962309616617,2.7206640948333676,-197.75504260498184,2.5110009211774367,215.44275262812158,514.458816108643,13.800281294097449,324.4341344208536,372.22887107522183,-0.19408936363081597,474.56442403702056,169.79425117758407,-15.940825149687463,494.46047749710823,89.92602557818138,-14.070985406782267,6.82025376470518,-241.60678055566996,-10.418811509732626,-0.3694178728384054,-200.23349644350577,-0.5854779171566382,-1.105136623437537,-201.46462193424836,-1.315424005202805,0.8128417435404338,-199.54664356727037,0.5894604863081154,0.49356355056456447,-199.86592176024624,0.28327616879929673,-156.27815021133824,-63.264789648111304,25.71779514137033,-152.24537943638282,-409.22403301941364,29.464205925583357,-153.57317320562507,-860.6621773668483,28.473320603894102,-1.1797517459485838,-201.68646262308056,-1.3903136706051384,166.67599531618805,-132.7487730619509,-14.007545935791095,165.5549337094555,-484.5709383732303,-15.308984483033434,167.7557389458816,-931.9799687013501,-13.24077673256934,2.712063886911551,-197.9287200097853,2.484448440378622
282,2.82,-3.2931953196734574,697.162270137962,-3.533138056254711,0.8404491775707787,550.4449591178011,3.4171513348299047,0.5209603957509783,300.25489518746554,0.115451682461712,-2.113367908822646,397.6332070452992,-2.506236459704614,0.7946818461254263,200.60557596423013,0.6184432147693376,0.25519923946056566,100.00177419358243,-0.13766931142140265,-5.791359424835619,997.2594665453107,-6.285423277587705,-175.50730903179928,513.2751239171259,13.044931729575179,-316.46376059166687,405.2937817506341,9.631050075713363,-419.529005816501,171.0020660319393,9.998291785410636,-473.42778027701934,12.35388707263651,26.03409956610183,23.389604518363782,-165.8019549442289,18.96324501013207,0.6828794685192535,-199.57218999698304,0.2710377062878105,0.40826527251299355,-199.8451597733652,0.01539672163102554,0.9550961708561598,-199.27139576351615,0.5779208047534014,2.077576626491965,-198.21076607454035,1.6848038010239093,215.52479814878768,513.5083715243162,13.271737414933394,323.85036193906546,371.0895474010585,-1.4848043857458295,472.7196403805707,170.9930853851438,-15.906339932336522,492.47014795307797,88.74508808381945,-13.94147625682984,4.707071601920044,-241.24226929224363,-11.793791395704734,-0.5854602297100557,-200.5734111117921,-0.980202889733071,-1.558506707953815,-201.81193175383203,-1.951375258835783,0.6075579285122463,-199.64586711736592,0.17435740179903325,0.6268493461876097,-199.62657569969056,0.2339807953056416,-155.85512604773197,-64.55880759121413,25.75605890261663,-152.0461187424889,-410.7469769790349,29.394203528397643,-153.19496262913123,-862.070566543694,28.517061214930436,-1.5638519282668835,-202.0923305432552,-1.9567745398494898,166.2954861374257,-130.88920369460402,-14.167076494158957,165.16641899946944,-482.98822343934194,-15.508443267861068,167.1150730795394,-930.422166253102,-13.709323119782306,2.3866872222437125,-198.15183853676973,2.217475897062592
283,2.83,-2.93075569800709,697.1625431727426,-3.8685833290482803,1.6811779089579595,551.4747792107635,3.1494581303363356,-0.3419800003883612,299.4513220362539,-0.9594609820372215,-1.890939599546567,397.94827863639136,-2.4625599681533243,0.529731266367896,200.38480830404933,0.46626160933717337,-0.7717570117983914,99.06746122413946,-1.3433773804051494,-5.4156895355320716,997.3976012274109,-5.828800106386193,-175.46640272706765,513.3225510243607,13.53169028619945,-316.35209981576884,402.97181117660983,7.766186378110911,-420.8344201117103,170.3157685024389,8.985248019871337,-473.8499420356516,11.37464582244096,25.09476551723533,21.38973590625459,-167.72234197489593,19.78321302067552,-0.1839365082638472,-200.3530693242501,-0.773183362608135,-0.056474352026453456,-200.21725611608866,-0.6280947206332109,0.4957423363572311,-199.61548982398165,-0.0707832010902455,0.6949445204446181,-199.46940874177233,0.12332415183786061,215.46831426020879,512.4110201191205,12.618890891339873,323.2804930620586,369.8683527632364,-2.8783154119193735,470.8336766304581,172.33582385857738,-15.706800242665983,490.1252240990795,86.98559761073223,-14.164450588977491,2.494741158917285,-240.8166296825682,-13.105197262149868,-1.0498426738375952,-201.0981146759364,-1.6219368914420689,-1.6996840218294262,-201.86046578589162,-2.2713043904361836,-0.2651008073398593,-200.42588257140204,-0.9334725563250681,0.09237042449484978,-200.0684113395673,-0.47924994411190797,-155.39311512396844,-65.9023379089468,25.7369614385226,-152.30221125094045,-412.80470206397433,28.787688036819105,-153.00644937817995,-863.7170584867488,28.316615499294635,-2.0674578058729787,-202.62844015155054,-2.6390864649566894,165.34086145153583,-129.59363644743956,-14.85444557364921,164.78378261658577,-481.19815908674286,-15.600434920861765,166.1699680329884,-929.0756825972475,-14.37308144988967,1.3742207053112807,-198.8882625621588,1.331009312059646
284,2.84,-2.422424303136707,697.2383273509278,-3.7549780989543082,1.8199543667541422,551.6681850145455,2.263941770011809,-1.3445322619949924,298.39958996976713,-2.103339052866252,-1.5624748201174636,398.2930859339926,-2.2102055565457,-0.02048165483867881,199.8381399838732,0.27937186319109375,-1.8106767592794777,98.04488399483054,-2.458407495707714,-4.8638659470792955,997.7867327752864,-5.298993018389059,-175.38138117837735,513.3518470808569,14.188035245790832,-316.39636295996314,400.53391046462684,5.999780299571,-422.36395573510276,169.12315829893282,7.5731860647508,-474.4815116736952,10.306845409364824,24.125427803926303,18.762936358914722,-170.26651970068633,20.133024977897154,-1.3257409262699547,-201.5032092232368,-2.010367289847936,-0.9542626597274911,-201.09870190561747,-1.6019933961557271,-0.40393655111184085,-200.41015728248442,-1.050379112489071,-1.077084765061875,-201.21457829232395,-1.7248155014901108,215.40849460665063,511.2406010007099,12.076594636460287,322.6935312848602,368.47592429642907,-4.301139990007037,468.9281450397796,173.747433192468,-15.254742181556665,487.70591419799837,84.85887106595116,-14.38001815651219,0.37574936358416056,-240.25445410458786,-14.109232998874372,-1.4903775963342656,-201.5889273625442,-2.1382016391624363,-1.5507107425819022,-201.69514998847194,-2.1984414790101385,-1.4586300605882518,-201.60306930647826,-2.287116172284518,-0.9413793606397437,-201.0858186065297,-1.5891100970679803,-155.2176210394308,-67.6906293146577,25.441062142320007,-153.01269890593812,-415.4601480521752,27.705113591340936,-153.10698244326966,-865.707531462501,27.87094087881387,-2.650344828951885,-203.24827074481578,-3.2980755653801213,163.96585367795586,-128.75775114835338,-15.802093924295512,164.30140055834192,-479.309932142742,-15.596621947648341,165.138457443521,-927.7989993190499,-14.956046386847483,-0.04838417494690084,-199.96175212141085,0.10860992414327286
285,2.85,-1.9743212296879855,697.167987160606,-3.2409080471662697,1.1769338325120486,550.9598163071696,1.0604092925344202,-2.1019126544023927,297.45599113924607,-2.881185933507869,-1.258737842324539,398.5086596257313,-1.8303582109312964,-0.8256045454923457,198.9422289032554,-0.0187277729549431,-2.642734652669845,97.12466281538602,-3.2143550212766034,-4.260985963502267,998.3300062578497,-4.870646569944789,-175.42057057226887,513.1697200719385,14.89454960726275,-316.5580382749911,397.91456408351326,4.299240227939359,-424.2767841550409,167.3232343411582,5.740577697813395,-475.2175945963685,9.324502407042505,23.284480307907828,15.859404266110552,-173.14201908337242,20.390722556586557,-2.644294992934448,-202.9786341645094,-3.3189072946342715,-2.066751054003001,-202.29935358594716,-2.6380726460481965,-1.404655431481677,-201.3085254983782,-1.9760221433811849,-2.5810877121900315,-202.8039576444104,-3.152708080796789,215.62285375671962,510.24794037651077,11.972769911834972,322.1074237153102,366.92652463503157,-5.660045803071462,467.0704196667116,175.23585607492953,-14.463720916705059,485.6469366947529,82.76313890820273,-14.125599601098417,-1.4822390623428754,-239.45247567727247,-14.618448641804225,-1.7953517210765528,-201.97932055660362,-2.3669863986831787,-1.0941410526545234,-201.32674358459872,-1.6657614212612812,-2.404531967069426,-202.6371344990136,-3.239149854837258,-1.9376764877069363,-202.1702790196511,-2.5092968563136946,-155.30110931523876,-69.9408550948986,24.93408207862308,-153.84567199154168,-418.4073817151959,26.526768821310153,-153.33789891203077,-867.914736484418,27.355881816485876,-2.9372209292069957,-203.5700240427665,-3.5088412978137535,162.68713001034928,-127.86348392786618,-16.412734380941174,163.78411983327607,-477.3568816498106,-15.385504631804793,164.20440877547642,-926.4606718556341,-15.280285849964883,-1.3428273165507787,-201.05322650647594,-0.9934994790624954
286,2.86,-1.6048480791577,697.0137947911024,-2.4949935097996567,0.1368113394092494,549.7855661154897,-0.10830922782377944,-2.250697511796439,297.0341258846646,-2.9456992646745244,-0.9333416642939092,398.66089529665106,-1.3262102151758774,-1.4841835342520606,198.11005342669293,-0.31501018208948145,-3.136314480736672,96.4579224802083,-3.5291830316186403,-3.8266412857631273,998.7883593116042,-4.713740869551346,-175.69231662374276,512.6880080948627,15.492602870707032,-316.75326122635744,395.2193505282713,2.631550391409153,-426.4838844634038,165.21872646552487,3.7228882635817753,-475.8979210543524,8.753135932566,22.691545241243077,13.196229937447622,-175.871294548856,21.002208807209193,-3.589530172699223,-204.23934672305575,-4.226769622774327,-2.892618566461532,-203.29838160551657,-3.2835388494281617,-2.082640326122671,-201.87468525987765,-2.4754699774887086,-3.175744801297003,-203.57236779376018,-3.568319495519758,216.33777078277666,509.68042807160975,12.485022847454186,321.6778908384169,365.4341621109365,-6.8088978511778615,465.39942418183597,176.9383649859729,-13.26491621970328,484.34893634871753,81.11100838852727,-13.076262167415134,-3.096775963588621,-238.43343412230774,-14.718598895033118,-1.9818106398454471,-202.26393356784814,-2.3746791907274156,-0.33244190801941165,-200.73808794663057,-0.7253104589013797,-2.6047151484126756,-203.01047818746773,-3.2955989312924285,-2.308358684117157,-202.71412172317218,-2.7012272349991253,-155.23688087148943,-72.2441161919902,24.545654502344526,-154.32137354621173,-421.1441454458262,25.699193166031296,-153.35337529776004,-870.0505866310154,27.01687527234818,-2.4912902359468307,-203.17210684411202,-2.8841587868287992,161.99812611283963,-126.38006424848948,-16.223350476269385,163.34697234717174,-475.3389818995349,-14.904190647135412,163.53130014635443,-924.8946070317609,-15.242998852529029,-1.9903874849330565,-201.79594421299203,-1.568735023881481
287,2.87,-1.3200087566909597,696.9764180183955,-1.7913203468491248,-0.7937315081286644,548.753195694108,-0.9666623494271684,-1.7382459663143028,297.3122556395384,-2.2908951185415978,-0.46669740615564637,398.9485910653603,-0.6769847879209143,-1.5588072561954083,197.85648121532057,-0.39059749681651545,-3.287920221348618,96.12736825016734,-3.4982076031138862,-3.6897198221671785,998.9537332872516,-4.858319157791177,-176.18467539809754,511.99802056184313,15.894586854266795,-316.8319627660167,392.7169580221855,1.0526517897014798,-428.7155353722138,163.29176109259404,1.826172653073773,-476.5408085506227,8.722856674667982,22.24695079211115,11.104589428079118,-178.12356515039835,22.1813087327406,-3.6299213346715926,-204.67058484904186,-4.296223199704485,-3.02516088817411,-203.6098724166582,-3.2255541490685973,-2.1909626054910856,-201.88277615822958,-2.401249987256353,-2.6801027579443075,-203.2568182088075,-2.8884739535875426,217.4836501664712,509.5491635451683,13.44572983759204,321.5656756409991,364.27781330438825,-7.645503844265969,463.9510626729548,178.95381345238366,-11.736940694378072,483.9083758983013,80.07186910653834,-11.261039125207652,-4.718710211571951,-237.38905346998334,-14.77371144192327,-2.044842580624588,-202.33696900775436,-2.2551299623898564,0.49760697007247473,-200.0863416196798,0.28731958830720694,-1.9542829438228566,-202.5389944723069,-2.4275678447491993,-1.9461106102758507,-202.53082213875993,-2.156397992041119,-154.6469120690112,-74.13114580984582,24.54761723707223,-154.21236328307066,-423.36039944208187,25.36613209991009,-152.96058099804256,-871.9214271139681,26.92366551378774,-1.340160228781129,-202.07209732358632,-1.5504476105463971,161.82314820524678,-124.3062942930747,-15.409537730323944,162.92601833613853,-473.3290415699408,-14.31938329205721,163.11754601520508,-923.0273878654205,-14.865555603943308,-1.8921926241957554,-202.00629344868378,-1.542394390647682
288,2.88,-1.1977604798212438,697.1497022053583,-1.3774865131201552,-1.2797459773819757,548.3044921399586,-1.3600508610944073,-0.9249861295140994,298.0573902524768,-1.3147801541857913,0.0019271060322851863,399.34023169686236,-0.0857337166432901,-1.0894116164402035,198.24889297438995,-0.2296461331633915,-3.197584279295288,96.1406885822968,-3.2852768312088454,-3.7483128847633056,998.8203233451487,-5.138655964552235,-176.81755504282336,511.2875352802915,16.116035843542683,-316.68908262686193,390.6551651625962,-0.3259627757666753,-430.76650094240745,161.8936143964453,0.23223807884211303,-477.3820579694325,9.024403395614161,21.670092700593546,9.415781086915725,-180.026928231579,23.685623087222858,-2.8190677500982684,-204.14416938421073,-3.570144382000235,-2.521984248454219,-203.18367965762417,-2.5705130639800107,-1.8168649999489992,-201.46677444915633,-1.9045258226245743,-1.5627211337733096,-202.21143101545343,-1.640650760367973,218.6983194749365,509.6011943693213,14.42969493257252,321.7536341879689,363.54741696461053,-8.250208605836802,462.5387821993245,181.18011610789705,-10.15293930387001,484.00076747610035,79.42433229286506,-9.081281803008125,-6.628529827967936,-236.51097889146132,-15.141632016951771,-1.9710118676931243,-202.08659824666776,-2.0586726903686996,0.9662397702120962,-199.69161735005466,0.878578947536521,-0.7761674683239967,-201.43786287749393,-1.044583666267602,-1.3018563822800386,-201.96355179144996,-1.389517204955614,-153.56644819001707,-75.46160595198764,24.893194706215183,-153.67075121933092,-425.09695601046894,25.320414099509712,-152.31803757478514,-873.583747387775,26.882831107172123,-0.11046724210855619,-200.83353539820342,-0.19812806478413192,161.53662729329014,-122.17205671455542,-14.671593463221514,162.32612862301048,-471.4226603659434,-13.897480605197497,162.73847095671888,-920.9741298859669,-14.306444969742369,-1.4895228634100195,-201.8804577189598,-1.2773493271582876
289,2.89,-1.2719320262126446,697.4584752405301,-1.3076758299770854,-1.2468195612147888,548.5271875677985,-1.2741507938112708,-0.3457047360720664,298.76231600873825,-0.581816948943073,0.06705719463612503,399.48323315400984,0.038597892263836586,-0.6451260748206964,198.77104988455307,-0.16646461925244016,-2.968392203334664,96.44757685541731,-2.9970584063286556,-3.7734202403685666,998.5642786955764,-5.3222475667071025,-177.48531046562243,510.71499331633333,16.258318290749457,-316.39462762574135,389.0362839328758,-1.4883601270989182,-432.6103860540554,161.0971877997561,-1.040198579375543,-478.6030752396981,9.372513860264908,20.77021880977096,7.563306097716517,-182.06672417447896,24.950069611124107,-1.748503938900479,-203.0840657170753,-2.5287009788213037,-1.8683521262439033,-202.45217616687023,-1.7762763608614476,-1.2542374338289684,-200.9451634987097,-1.2826967362012562,-0.669610643124644,-201.21359044948136,-0.6595823183911419,219.57763829145063,509.48671799222257,15.03004296663875,322.0878876774234,363.0625870707192,-8.858496771674492,460.95887678204224,183.41901270645724,-8.767132144011018,484.10929880340507,78.70151711003423,-7.0428810921024185,-8.865033514214687,-235.80322247099153,-15.877802997264258,-1.8132604834207466,-201.60250057366747,-1.8417197857930354,0.8168153777104814,-199.75192090209947,0.7883560753381933,0.4158225159637666,-200.16800152466254,0.29061183321302675,-0.9154086217878951,-201.49923266241422,-0.9438679241601834,-152.41638563362366,-76.51071459936185,25.250204515909864,-152.97784769581756,-426.57854361355453,25.282020377788623,-151.78596480914973,-875.2904166092505,26.586082340339736,0.4544801633960952,-200.14926869094796,0.42602086102380665,160.59827773024307,-120.47595485326073,-14.563466320036834,161.46655056260485,-469.61706765344985,-13.735099314371936,162.1516472074378,-918.9233566465759,-13.745792414625596,-1.406101411829685,-201.87228690520692,-1.3095711577705256
290,2.9,-1.4581894450640631,697.7627289152355,-1.4479959313238706,-0.8826133592528859,549.1216064732605,-0.8898089977615804,-0.3438676147430443,298.997497798361,-0.46221184676140903,-0.5247847303041114,399.073959265873,-0.5319803688128059,-0.7947040145436286,198.80403998163354,-0.5905002696763315,-2.6459013499660333,96.95179191815498,-2.6541477165307885,-3.620041515366932,998.3807984530071,-5.289547482573177,-178.0735606722742,510.3444947441908,16.4604645857508,-316.1877522417176,387.5803933630641,-2.593564488837446,-434.36031253690476,160.71708737645736,-2.09894018212627,-480.1369076013631,9.678076383004056,19.583192859373618,5.0522901891180325,-184.59802306246084,25.51725292746292,-0.9966680136729558,-202.06133024243837,-1.6672698771241854,-1.5911756319717072,-201.9924316357946,-1.309222674386896,-0.7776040154068838,-200.5651808134457,-0.784799653915578,-0.6392129804816893,-200.9214783209555,-0.5278583815042533,219.9322822412288,508.96767665997345,15.083646501533387,322.480120431865,362.5602564504222,-9.656524135166874,459.24821290203363,185.5711594916655,-7.602888870204829,483.9189619833227,77.53704374405197,-5.4044889922839445,-11.227075768478972,-235.13229222970557,-16.768751650474172,-1.6394239878144508,-201.14029841743303,-1.6466196263231454,0.21780217910784605,-200.13745237136487,0.2108817754224781,1.1335270816318181,-199.267909094476,1.0858192950069485,-0.992405064226207,-201.3936610680491,-0.9996007027349014,-151.65396411401943,-77.75249285237022,25.238249176694225,-152.3032601129812,-428.02110010661363,25.110203647861375,-151.63224364742385,-877.3073494333203,25.827983309557094,0.08474944955922536,-200.32154433611055,0.07755381105053116,159.0767841525091,-119.20698381028592,-14.997595693600623,160.46218870984404,-467.819478655228,-13.704305781562951,161.29165131201808,-916.9922349289404,-13.287952405243406,-1.9372860019648113,-202.29941133743074,-1.9039034725840107
291,2.91,-1.619490658046593,697.9881287982754,-1.6127263401126677,-0.5421167458729743,549.6009375619586,-0.5435336511058849,-0.8820044492343313,298.6911847753169,-0.9297549816421089,-1.5321817036964664,398.25304143449546,-1.5335986089293774,-1.5321993175995736,198.25302382059246,-1.4649848914214352,-2.242337019361984,97.53873040875327,-2.2479096346715393,-3.3192683705544477,998.3396172098586,-5.094066790495228,-178.5233575234254,510.13405252901475,16.803007509562807,-316.275484690828,385.98485045262254,-3.818305147606327,-436.1897754021095,160.44737910783815,-3.125480941531939,-481.7868608801453,10.01992708950594,18.241819142000004,1.8665479188443803,-187.491736255942,25.37733642971684,-0.6964283867702478,-201.3671572344645,-1.153797277889355,-1.8625158394789956,-202.0772927012871,-1.3237320489630118,-0.5296342696517303,-200.41560670436084,-0.5307255561260795,-1.4314818047413955,-201.36176007365287,-1.1486807532373455,219.88568208323542,508.06811694891644,14.737071929464378,322.996100936869,361.9448260523943,-10.61538862588132,457.61655674934184,187.64882723080035,-6.5244415936841795,483.46876434877436,75.86970369877626,-4.094180255261226,-13.513399683753313,-234.41446448751597,-17.604052604258705,-1.4513115064430684,-200.87150441787156,-1.452728411675979,-0.3837496606881084,-200.490042050228,-0.3833718094224906,1.0840546645025622,-199.13189706818602,1.0683690129220722,-1.3889980270015185,-201.6037748888096,-1.3904149322344295,-151.45066505812073,-79.52451943574818,24.66923653244098,-151.71677649478127,-429.59124376543105,24.760919014310623,-151.83177790055936,-879.6918567390571,24.661099395540447,-0.896191347322856,-201.1119602071937,-0.8976082525557667,157.5589720644645,-117.88471900089164,-15.369513779925907,159.45887808372794,-465.9641431072175,-13.628175756655686,160.22814654616948,-915.2151573440067,-12.970315664296711,-2.821313879855956,-203.02605295533914,-2.8124710175211898
292,2.92,-1.6167894142463544,698.2067697956888,-1.6302540822452318,-0.48142182631517183,549.6749793838019,-0.48163911577018703,-1.5913075865158206,298.15788778114324,-1.6065672023548188,-2.343832428751,397.56663525485544,-2.344049718206015,-2.2457177388814182,197.66474994472514,-2.2285823102429223,-1.7303221653150789,98.16734503009405,-1.743339942967391,-3.044443654135364,998.3325900231282,-4.920013816708233,-178.88617915454816,509.9668528810668,17.244416716020208,-316.5757309391312,384.27053129435484,-5.083467651180011,-438.20875201349054,160.0850360615863,-4.249763477679697,-483.404275848672,10.506232510246832,16.859158189863273,-1.4683783911045036,-190.24296831758264,24.982196625145093,-0.5444097527063678,-200.87799558040143,-0.7886805534628991,-2.343703750770017,-202.43323606716356,-1.5579336657396123,-0.4925259411651909,-200.44267899830703,-0.4902943108348802,-2.364704066046846,-201.92290915130027,-1.8348891690838336,219.80203191792708,507.08851872613195,14.366082561085264,323.8083137167397,361.39186618953266,-11.482190216286664,456.20205417551654,189.72351121535627,-5.3840013597978515,483.0058198463479,73.88406406620487,-2.885726129169236,-15.565566203190844,-233.5724471613965,-18.229506069152524,-1.2065716695688329,-200.74999495576714,-1.2067889590238483,-0.5779176055161855,-200.47052586526078,-0.5690203694019703,0.4193242284636014,-199.67617457457584,0.40982980218207377,-1.8051471932949272,-201.89467950968847,-1.8053644827499429,-151.58473928554022,-81.76800313452509,23.690769840155134,-151.23456034492258,-431.3660408573544,24.232392143880098,-152.03911169185122,-882.1668753123,23.43167935384212,-1.8792807235749,-201.9689651677985,-1.8794980130299153,156.67358547202122,-115.95191324457096,-15.045138566132648,158.49352692676786,-464.0477011985512,-13.402135128741213,159.0605485311886,-913.5620383109066,-12.767967924323656,-3.411327431713999,-203.49883948008858,-3.4095244531500577
293,2.93,-1.3162254066829677,698.599590343274,-1.3456735734895093,-0.6525599322724736,549.4500119110229,-0.6525599322724734,-2.0057764550261235,297.8608510577608,-2.0095797507490127,-2.427947670993372,397.5429854415811,-2.427947670993372,-2.270511834303346,197.70042127827122,-2.2670948815142062,-1.0425935341394295,98.89763280354785,-1.073300309026641,-3.0174231495971955,998.1415190375064,-4.992764058691682,-179.29729521129983,509.7037907698616,17.651699926032226,-316.7286335572868,382.796926773099,-6.038317027765186,-440.3112440504982,159.72457589042858,-5.384132392506823,-484.91279583040085,11.227376978607733,15.549642899332865,-4.169249948015494,-192.3299276551955,24.980342937707064,-0.15738512348967526,-200.28818865054598,-0.25912176312045654,-2.4128115607863068,-202.4418784482118,-1.5221711832580969,-0.5131734391774276,-200.4848792406562,-0.5002671257946776,-2.655997991960556,-201.91201686137384,-1.8896629274485894,220.05677105073454,506.4024882205757,14.3503973767463,325.122888331848,361.2367778300609,-11.912987897160338,454.99209311385914,191.97245243001555,-3.996731563429075,482.82755706179955,71.87965396323438,-1.530288521704281,-17.086135111707282,-232.3280703320844,-18.364934380797504,-0.8896126454415946,-200.62636843323767,-0.8896126454415947,-0.18684665267523637,-199.94318814772748,-0.1505227699325813,-0.24171193395419321,-200.29455690611547,-0.2661419243630401,-1.9458917045873223,-201.97495859201283,-1.9458917045873227,-151.55122116731178,-84.02218073465602,22.758042237567242,-150.74587125799275,-433.2330046045346,23.643185909737134,-151.77415711496963,-884.2605346048438,22.61565590942795,-2.3209333545619817,-202.35000024198752,-2.3209333545619812,156.68138338163425,-113.1647138264219,-13.772338148297539,157.53202888735936,-462.0481196500855,-12.951732102756065,157.93922060814123,-911.8915304195241,-12.535744467832387,-3.122282220604715,-203.15103928989515,-3.12197240246965
294,2.94,-0.7060140351968556,699.2465344523891,-0.738155155355052,-0.8274090526531349,549.2201168744351,-0.8274090526531347,-1.8934181039171343,298.0446887158397,-1.8941670172492258,-1.7260395898767853,398.26661115005527,-1.7260395898767855,-1.4861949243563437,198.50645581557572,-1.4856709176746545,-0.22135180649884967,99.71393112538433,-0.2787196145476646,-3.3485160885772367,997.630459002399,-5.423145097475976,-179.92060159735738,509.2063393104849,17.85883536639628,-316.49009073127735,381.8371895286533,-6.4436873082107775,-442.1956144049598,159.70928701896852,-6.241263824350705,-486.32640103751663,12.1889582903634,14.373710866743975,-5.679006505977815,-193.49835454705212,25.82026482775612,0.5155857173754007,-199.52479259376946,0.48255666629852023,-1.6875185795407857,-201.69486783960878,-0.901531205055365,-0.47247682539020586,-200.41515550520342,-0.419046171862097,-2.0346998766590225,-201.16607478140043,-1.186502455853328,220.7702040651672,506.1594681447249,14.81196420063613,327.02461379243397,361.6805623553595,-11.730041400451968,453.9248092380369,194.64818499889043,-2.1336952922674923,483.16068745986183,70.12238051450082,0.16356388654358311,-17.746255049500114,-230.34441786237386,-17.71204597472284,-0.5459073138476065,-200.43140317854963,-0.5459073138476067,0.680222348602788,-199.04386552797015,0.7930547578031465,-0.3255200593099823,-200.40673087778887,-0.39948159069375544,-1.6484278027258576,-201.65577706279387,-1.6484278027258576,-150.88331399582665,-85.76349576124575,22.34244471079691,-150.0447834403459,-434.950427687424,23.206880508267016,-150.73235606024718,-885.637884392951,22.51942380273998,-1.9722835959142044,-201.97963285598223,-1.9722835959142044,157.34520172591695,-109.77063563138043,-11.820735627321639,156.5304352578589,-459.92008537315087,-12.231393977720359,157.09811231519117,-909.9541936196831,-12.013544947266128,-1.9043640486675306,-201.91171330873553,-1.904364048667531
295,2.95,-0.08211529041414256,699.8901851506837,-0.1062031906214096,-0.874736226678551,549.141631983117,-0.874736226678551,-1.4603199159054336,298.5156929842026,-1.4604347654846466,-0.7167949916893637,399.2817578531991,-0.7167949916893638,-0.4190958194911406,199.57945702539737,-0.41909581949114066,0.4389553929440057,100.35400684040798,0.3554539955195336,-3.889220477050319,996.9263905592445,-6.062014155923849,-180.89623221825076,508.35536280521063,17.717418643470555,-316.07778864200645,381.20046818786005,-6.52015011128419,-443.66015370677405,160.2795954409235,-6.636991692729198,-487.8149986312588,13.205688670445918,13.202797703830333,-6.040430418264748,-193.88417980904416,27.444488565924598,1.121122173285705,-198.88867603374993,1.1127711213616123,-0.3937654054740678,-200.3952125605856,0.14643529027482627,-0.49598994267904084,-200.32121220091258,-0.32197831860193205,-0.9337614760573731,-200.16216397584964,-0.251180050526598,221.7657437991785,506.21401757563626,15.576073413896122,329.26041363523336,362.51416247062696,-11.16088345790705,452.96897711351164,197.81352091558267,0.2514128264811004,483.9529233134298,68.61843518236324,2.1333880248505146,-17.625578930053425,-227.70704939776022,-16.391336970069474,-0.2598422943303844,-200.22172944398034,-0.25984229433038464,1.6648959748525796,-198.1241153947671,1.940375982188329,0.16227289132483438,-200.0195070493495,-0.018059894237967097,-0.9720674939056745,-200.9735146490172,-0.9720674939056752,-149.54492791796304,-86.86857170355626,22.51947860957879,-149.1015480671298,-436.44005523483554,22.969408331325813,-148.99640658461422,-886.33491375232,23.07454981384142,-1.0168187431438933,-201.01826589825544,-1.0168187431438938,158.11365546216814,-106.38596699981625,-9.81862113564089,155.39446025078124,-457.7710816006878,-11.383261612750614,156.71420050776845,-907.5785143971157,-11.012990228151558,-0.3659003290748084,-200.36734748418633,-0.3659003290748085
296,2.96,0.03865017403892257,700.0245776553686,0.025251764408571298,-0.810752437094276,549.1935300641438,-0.810752437094276,-1.2074452036906167,298.7850525053974,-1.2074452036906178,-0.053881966926723535,399.94589610464914,-0.05388196692672376,0.1810003934442943,200.18077846502015,0.18100039344429408,0.5581461448773399,100.46313379044793,0.463355718872114,-4.29803509549438,996.3637904523525,-6.565384494498824,-182.243624398587,507.1372864036026,17.18467078274685,-315.9681783846057,380.42864250577475,-6.751090790026737,-444.84480376476597,161.2537738253512,-6.748620762279384,-489.5854415429462,13.985661432574883,11.812800132754358,-5.8362884008260485,-193.9466594532346,29.31990200405895,1.2977402485653098,-198.70412609948295,1.2960958289412194,0.8176524181513165,-199.18256951027286,1.106801014244822,-0.888242048608038,-200.44163476464234,-0.4417522525951664,-0.08911167114555496,-199.5580282959421,0.21007747800594334,222.8054954206799,506.3612377554919,16.408622134636165,331.2788717945106,363.20433572423696,-10.739672755403216,452.1264109932632,201.13458638453312,2.8319705036036336,484.78852366907245,67.05528953736057,3.961318545124141,-17.291325809429473,-225.03173924069472,-15.008935099957274,-0.08503978769298792,-200.0752593803262,-0.08503978769298826,2.338327762181955,-197.55859974233073,2.8720126446110688,0.7767943152558019,-199.57278465868308,0.4274372697410544,-0.13476451433743952,-200.1349864427616,-0.13476451433744063,-148.04759500444612,-87.74898046954911,22.83784466819686,-148.23230080320266,-437.93934838768087,22.65442861549434,-147.01469613366703,-886.7217437181451,23.87203328502998,-0.004836213131561684,-200.00505814155576,-0.004836213131562239,158.513498025597,-103.6340017027727,-8.369428812244855,153.9903496998213,-455.97154959649794,-10.803069982941487,156.70988192368014,-904.9067215875357,-9.642428063016727,0.6629416818269203,-199.33728024659726,0.6629416818269198
297,2.97,-0.623461584861672,699.3707646301148,-0.629146330242875,-0.6640780707051813,549.3368089040855,-0.6640780707051819,-1.507582146463368,298.4905770896279,-1.5075821464633696,-0.036272433935254145,399.96372756606473,-0.03627243393525437,-0.08106930260525741,199.91893069739479,-0.08106930260525747,0.038257608549635114,99.95373721230703,-0.04626278769291603,-4.33001209125084,996.1931750705725,-6.6827355458310524,-183.76472548658364,505.742247597655,16.40715925382354,-316.3557794330551,379.34482742948035,-7.348081665050754,-446.0373344253944,162.14979899110187,-6.94148342152941,-491.59257641509504,14.380223688035347,10.19206798309674,-5.711916970568243,-194.15717710051246,30.82530881927761,1.073369695397842,-198.92688248451913,1.0731175154809103,1.4295633633604226,-198.57043663663956,1.5500984311151664,-1.7777091415626645,-200.87385080203347,-0.8738508020334278,0.08500095675254721,-199.63031795078882,-0.10020578212598352,223.77395386568622,506.53705269299167,17.201964349160143,332.6298388885459,363.35969518108135,-10.839887312253527,451.4291781494343,204.0518017135355,5.086280438907652,485.20055727186053,65.16713586232946,5.167182148196526,-17.27164157328463,-222.96222572083497,-14.122376752752684,0.0071827848498387525,-199.9908476384536,0.007182784849838364,2.487818762951232,-197.49535341671339,3.32291286446773,1.1772152361272579,-199.36944819324458,0.6305518067554378,0.6735022225936353,-199.32649777740636,0.6735022225936341,-147.0772363400548,-88.93626095008273,22.706316046647977,-147.83103607922965,-439.6916206071395,21.952714096436495,-145.3510003113381,-887.211584839248,24.43274986432803,0.5285826335212205,-199.4714173664788,0.5285826335212205,158.44641937042528,-101.8140981740394,-7.706611644808417,152.33867183406346,-454.9140433861264,-10.846614494411298,156.7947097543568,-902.39108004138,-8.283593512148899,0.7843396865563995,-199.2156603134436,0.7843396865563991
298,2.98,-1.7486771856313088,698.2494340290326,-1.7505523162960324,-0.4572423326849326,549.5428936893047,-0.4572423326849329,-2.2501135563603567,297.74952397573475,-2.2501135563603567,-0.4287098654331478,399.5712901345669,-0.42870986543314826,-0.9410294586857071,199.05897054131435,-0.9410294586857071,-0.7917694612545669,99.14670702061994,-0.8532929793800256,-4.057218151731092,996.3571779504531,-6.476805261554258,-185.0882761549634,504.5230394607102,15.670461429537383,-316.97024679918627,378.242540661272,-8.07026137205859,-447.2364755461291,162.63716232248268,-7.340792184718657,-493.4294681473217,14.478311261326162,8.674792470743032,-5.896566846221948,-194.62447990093102,31.672701236911127,0.7639261499317868,-199.2360738500682,0.7639261499317868,1.4384042628889049,-198.56159573711108,1.4778350466002497,-2.8765264198042706,-201.4311931219334,-1.4311931219333716,-0.24473843597517483,-200.12427201236704,-0.8756558290496759,224.59200026122224,506.7423576954608,17.889779664288092,333.2799765904851,363.0710605306143,-11.336121336037337,450.9324172832794,206.12724786067236,6.64542069020651,485.11160374116344,63.20178095926546,5.642884808123595,-17.596074432789866,-221.71909950605573,-13.80035045311101,0.07901737904405567,-199.92068057658693,0.07901737904405537,2.262915987048308,-197.75937742571972,3.349744913722228,1.3445018120779997,-199.36695049864616,0.6330495013538029,1.3482041863702385,-198.65179581362975,1.3482041863702372,-146.88380837913044,-90.43830665395816,22.017437662496693,-147.9399453323486,-441.49478972017585,20.961300709278518,-144.33710478267437,-887.8919491705017,24.564141258952773,0.49368359738238754,-199.50631640261764,0.493683597382387,158.14439492774628,-100.84811843546166,-7.636242440901288,150.77338369676315,-454.6158281197258,-11.417056228977671,156.7593119489402,-900.5146358676011,-7.302759873040575,0.2806377032631784,-199.71936229673685,0.2806377032631777
299,2.99,-2.6031181263389493,697.3963146079825,-2.6036853920176646,-0.2905669218787218,549.7094330781215,-0.29056692187872224,-2.88272508420958,297.11721932953697,-2.88272508420958,-0.7741102383539683,399.22588976164604,-0.7741102383539682,-1.6754342414897363,198.32456575851032,-1.6754342414897363,-1.3987423494910365,98.55775038742445,-1.4422496125755448,-3.788340747948321,996.5652033206242,-6.245248752954071,-185.85165740000454,503.8198157459484,15.236107071350826,-317.3967882002696,377.5629212707299,-8.53815507947322,-448.04339436978614,162.77523024609098,-7.695807311898795,-494.5397890137335,14.46541407924003,7.746914304443488,-6.150489947657146,-195.03846451616073,31.982883230747166,0.593565323559565,-199.40643467644043,0.593565323559565,1.2499711397387483,-198.75002886026124,1.2618135285248657,-3.6361845197787277,-201.8089279092653,-1.8089279092652737,-0.5941037777974987,-200.5458849546108,-1.4958188197536897,225.0890120887696,506.90012859934916,18.316419924751663,333.49083133766584,362.75651800711614,-11.769034579333656,450.67784459443243,207.17904194953218,7.409916866852208,484.8769947642316,61.895313271712006,5.704633454164314,-17.91429337816312,-221.1752428195825,-13.762139196243501,0.13602603044042944,-199.86397396955957,0.13602603044042916,2.016976405772041,-198.01350880577047,3.2386690890964953,1.3937175575738885,-199.40601831733147,0.5939816826685227,1.7595324054800385,-198.24046759451997,1.7595324054800376,-147.06235148537684,-91.56517197068385,21.340238409642176,-148.18938786916388,-442.69226143261847,20.213202025855146,-143.92595557046397,-888.4288291339187,24.476634324555043,0.26978693378179563,-199.7302130662182,0.26978693378179536,157.90664329278073,-100.47026062555632,-7.754819936873725,149.80660934518295,-454.6733186646902,-11.961813578535232,156.6600672397117,-899.5441473339785,-6.828706645295814,-0.21025744891209278,-200.2102574489121,-0.210257448912093
