frame,time,Head_x,Head_y,Head_z,Neck_x,Neck_y,Neck_z,Spine_x,Spine_y,Spine_z,Spine1_x,Spine1_y,Spine1_z,Spine2_x,Spine2_y,Spine2_z,Spine3_x,Spine3_y,Spine3_z,Hips_x,Hips_y,Hips_z,LeftShoulder_x,LeftShoulder_y,LeftShoulder_z,LeftArm_x,LeftArm_y,LeftArm_z,LeftForeArm_x,LeftForeArm_y,LeftForeArm_z,LeftHand_x,LeftHand_y,LeftHand_z,LeftHandThumb_x,LeftHandThumb_y,LeftHandThumb_z,LeftHandIndex_x,LeftHandIndex_y,LeftHandIndex_z,LeftHandMiddle_x,LeftHandMiddle_y,LeftHandMiddle_z,LeftHandRing_x,LeftHandRing_y,LeftHandRing_z,LeftHandPinky_x,LeftHandPinky_y,LeftHandPinky_z,RightShoulder_x,RightShoulder_y,RightShoulder_z,RightArm_x,RightArm_y,RightArm_z,RightForeArm_x,RightForeArm_y,RightForeArm_z,RightHand_x,RightHand_y,RightHand_z,RightHandThumb_x,RightHandThumb_y,RightHandThumb_z,RightHandIndex_x,RightHandIndex_y,RightHandIndex_z,RightHandMiddle_x,RightHandMiddle_y,RightHandMiddle_z,RightHandRing_x,RightHandRing_y,RightHandRing_z,RightHandPinky_x,RightHandPinky_y,RightHandPinky_z,LeftUpLeg_x,LeftUpLeg_y,LeftUpLeg_z,LeftLeg_x,LeftLeg_y,LeftLeg_z,LeftFoot_x,LeftFoot_y,LeftFoot_z,LeftToeBase_x,LeftToeBase_y,LeftToeBase_z,RightUpLeg_x,RightUpLeg_y,RightUpLeg_z,RightLeg_x,RightLeg_y,RightLeg_z,RightFoot_x,RightFoot_y,RightFoot_z,RightToeBase_x,RightToeBase_y,RightToeBase_z
0,0.0,0.9853480594794711,1700.9853480594795,0.9853480594794711,-1.340724645872419,1548.6592753541277,-1.340724645872419,-0.6521920400583254,1299.3478079599417,-0.6521920400583254,-0.841576278033402,1399.1584237219665,-0.841576278033402,0.5438146366394421,1200.5438146366394,0.5438146366394421,-3.269682992085368,1096.7303170079147,-3.269682992085368,1.4045702019249333,1001.4045702019249,1.4045702019249333,-196.446179548267,1497.5851451979845,-2.4148548020155305,-341.9856288225194,1406.3643307477837,-1.637330727660088,-455.08115126213994,1207.0878524711336,3.271170623493601,-502.2984789571427,1065.0884538777882,-0.3017490271192358,-1.0312083344374623,,5.288695684050682,1.7681096640078762,801.7681096640079,1.7681096640078762,1.3734970447261043,801.3734970447262,1.3734970447261043,-1.8975283924701953,798.1024716075298,-1.8975283924701953,-1.3390919565559218,798.6609080434441,-1.3390919565559218,206.80063726127534,1500.8137563444968,0.8137563444967733,357.3044306072251,1405.273522541295,1.9733887920353952,455.85309883903375,1204.9005137140684,-7.289181639137758,495.9501107105519,1047.4661970019156,-0.5405628992219356,1.1150102485198943,811.3361300976524,4.313883838341554,3.0133641286441923,803.0133641286442,3.0133641286441923,-0.1610202336764442,799.8389797663235,-0.1610202336764442,-3.220698149949048,796.779301850051,-3.220698149949048,1.5093761991490728,801.5093761991491,1.5093761991490728,-149.81285420568392,900.187145794316,0.187145794316078,-146.96668115554186,553.0333188444581,3.0333188444581287,-148.9190841769816,101.0809158230184,1.0809158230183997,0.13757842462254816,800.1375784246226,0.13757842462254816,151.0965562880783,901.0965562880783,1.096556288078304,150.3578362973127,550.3578362973127,0.3578362973127072,151.29247329348473,101.29247329348473,1.2924732934847298,-0.9994758248169386,799.000524175183,-0.9994758248169386
1,0.01,-1.0495939154348095,1698.9390977648675,-1.055247935761267,-1.6221112587208433,1548.3665804215814,-1.627765279047301,1.257318558381979,1301.2460102386842,1.2516645380555216,-0.34232331622911155,1399.6463683640732,-0.34797733655556906,1.7778992795170239,1201.7665909598193,1.7722452591905662,-0.0513280868226899,1099.9373635934796,-0.05698210714914739,-0.25498246665347435,999.7337092136489,-0.26063648697993186,-192.11496646716319,1502.0859859055763,1.9729116374375586,-343.0579564809529,1404.891889593009,-2.347433871857651,-453.61938970874223,1208.6138770066266,5.467694543105496,-507.5185803851678,1059.9870353850856,-5.673560641163278,0.7646510031479143,789.6905166260374,6.278930322042092,2.693929776994226,802.6826214572966,2.6882757566677684,1.038228556821743,801.026920237124,1.0325745364952854,-0.1782871137106607,799.8104045665917,-0.1839411340371182,0.6884194838425636,800.6771111641449,0.6827654635161061,207.85582265485505,1502.076606414109,1.9635321459701152,358.0744140780693,1405.4437339746341,2.3018351811690962,457.1512539123828,1205.8719750310568,-6.152980400888884,499.52963690642696,1049.9125883754514,2.060697525275218,3.893040657932617,813.602586817403,6.291092036786869,-0.12330335742295934,799.8653883228794,-0.12895737774941685,2.3609937730019745,802.3496854533043,2.355339752675517,1.5313840443553097,801.5200757246577,1.5257300240288523,3.544377515273204,803.5330691955755,3.5387234949467463,-151.61566498475437,898.7613571200641,-1.502570634263684,-149.02180677268154,551.3552153321368,1.0912875778091378,-153.2392551834161,97.13776692140229,-3.1261608329254083,-0.24783703860795175,799.7408546416945,-0.25349105893440926,151.09029033864408,900.7132682338257,0.9771959881533974,149.16148098495185,548.7844588801335,-0.9516133655388334,150.8519049377502,100.47488283293181,0.7388105872594928,2.5228331878165204,802.5115248681188,2.5171791674900628
2,0.02,0.15770698992513751,1700.1350988329173,0.14640402745988626,-2.1675289561426876,1547.8098628868495,-2.178831918607939,-2.366620114199464,1297.6107717287928,-2.377923076664715,2.5358747572119995,1402.5132666002041,2.5245717947467483,0.3383503648017133,1200.3157422077938,0.3270474023364621,-2.4514118605642228,1097.525979982428,-2.462714823029474,-1.0914082675275634,998.8859835754646,-1.1027112299928148,-195.0104319269901,1499.3684706629158,-0.8575394997209232,-342.0556249210343,1405.5161350413482,-0.9464519531820583,-454.5028899957125,1207.7608765889252,5.286142890406478,-504.30065476822676,1063.2433442429212,-2.6359757427635153,1.2672974296717825,789.5064508878147,5.942664969823353,0.08477166354636015,800.0621635065385,0.0734687010811089,1.8085900629209286,801.7859819059131,1.7972871004556772,0.14230797415716062,800.1196998171494,0.13100501169190937,-0.4720574284154133,799.5053344145767,-0.4833603908806645,206.66439519046324,1501.1011380349423,0.8751278723056888,358.8208670609506,1405.6130953466868,2.631758760327769,456.4606904782854,1204.8750635772706,-6.956308078356252,499.5350335000199,1048.7727819869572,1.0678629565430584,2.243249188271694,811.4312358584251,3.8341660614788244,-0.14000910629023397,799.8373827367019,-0.15131206875548522,0.40660507986184313,800.383996922854,0.3953021173965918,-2.185741143728394,797.7916506992638,-2.197044106193645,-0.9173132087216924,799.0600786342704,-0.9286161711869436,-149.78712683355752,900.9671028172772,0.43904375485686264,-151.03940287318608,549.7148267776487,-0.8132322847717067,-151.60489473392698,99.14933491690775,-1.3787241455126114,1.7290911889831166,801.7064830319753,1.7177882265178652,149.3750476876147,898.62081803678,-0.8511229007996757,149.04235891508276,548.288129264248,-1.1838116733316246,147.49088730816834,96.73665765733361,-2.7352832802460285,1.3410975227751645,801.3184893657673,1.329794560309913
3,0.03,0.2873653258540597,1700.2534742925923,0.2704235750637724,0.32135479983154924,1550.2874637665698,0.30441304904126193,-1.7184616781617403,,-1.7354034289520277,-0.2510139553090014,1399.7150950114292,-0.2679557060992887,-1.9130807238082066,1198.0530282429302,-1.930022474598494,-1.7107219114213548,1098.255387055317,-1.7276636622116421,-0.06926146719179542,999.8968474995464,-0.08620321798208276,-191.96229268850675,1502.6027115781774,2.264042114850036,-341.6738449899795,1405.5424677707556,-0.1309148694465626,-455.5944733841576,1206.665047002321,4.861106159264946,-507.4345630738367,1060.0664304064187,-5.978329576174043,,788.9005381257216,5.128426668659764,0.14935649850333302,800.1154654652416,0.13241474771304568,0.0729654243169314,800.0390743910552,0.05602367352664405,-0.22474447410995613,799.7413644926283,-0.24168622490024344,-0.08001547713686306,799.8860934896014,-0.0969572279271504,206.851913520187,1501.5126847153365,1.1740152520093303,359.97637838829314,1406.2155473350447,3.3971677557913065,459.2067949062711,1207.3355383485034,-4.273499717511821,499.06013419555336,,-0.4178107983467388,5.636783914763288,814.2977923637164,6.420474729894872,-3.7494205025408553,796.2166884641974,-3.7663622533311427,-1.9255878193287068,798.0405211474095,-1.9425295701189942,0.2625130592412682,800.2286220259796,0.2455713084509809,2.616017623320667,802.5821265900589,2.5990758725303795,-152.36299879627097,898.768806899705,-2.023789205303596,-151.19460755794466,549.9371981380314,-0.8553979669773127,-147.49924266053972,103.63256303543636,2.839966930427636,2.0602017048277146,802.026310671566,2.043259954037427,149.76807384176973,898.6362681457937,-0.5711357491976288,148.12119009658912,546.9893844006131,-2.2180194943782565,150.316582002444,99.18477630646792,-0.022627588523365105,0.6961407074467733,800.6622496741851,0.6791989566564859
4,0.04,0.6036814475403864,1700.5585329703138,0.5811161327428717,1.8778428226732429,1551.8326943454465,1.855277507875728,1.7818157069800242,1301.7366672297533,1.7592503921825093,-0.8983266847783026,1399.056524837995,-0.9208919995758174,-1.3034441910219052,1198.6514073317514,-1.3260095058194201,-0.14516007184551247,1099.8096914509279,-0.16772538664302727,-0.37438733357699994,999.5804641891963,-0.3969526483745147,-197.8426325730067,1496.9164419539052,-3.534472302927028,-344.8618731644722,1402.0221282327452,-2.8515367583873257,-455.9989651647522,1206.220690720901,5.085300200663954,-506.92256456889766,1060.4534801721968,-5.70203048671614,1.5471425437542436,788.5063440250319,4.471256669739551,-0.6394274106006744,799.3154241121726,-0.6619927253981892,-3.241114586064863,796.7137369367084,-3.263679900862378,-0.6943296093518271,799.2605219134215,-0.7168949241493419,-0.4539895938678421,799.5008619289055,-0.4765549086653569,206.56893527141872,1501.4615673106427,1.0106530538106464,359.31935325774185,1405.0307301419066,2.3777760649214996,457.90846668900923,1205.7725617290525,-5.585561335996199,501.35250928518957,1048.2892177762878,0.8587739550147715,4.569605040804818,812.7026393791685,4.552120081673974,-0.5354561737915446,799.4193953489818,-0.5580214885890594,-1.6601616390850662,798.2946898836882,-1.682726953882581,0.6350914441238386,800.5899429668972,0.6125261293263238,-1.050422209933613,798.9044293128397,-1.0729875247311278,-148.32749934087846,903.1824292017844,2.124690880713418,-147.37433474811206,554.1355937945508,3.0778554734798114,-149.5894342498023,101.92049429286061,0.8627559717895681,-2.530307448084191,797.4245440746892,-2.552872762881706,148.6072803542169,897.0973518115541,-1.8449098673749802,149.26072427508277,547.7507957324199,-1.191465946509104,149.71361481947977,,-0.7385754021120877,1.2577682983280913,801.2126198211014,1.2352029835305764
5,0.05,1.4568006092461334,1701.4004285804256,1.4286320175829286,-0.10792017039457272,1549.8357078007848,-0.13608876205777756,-1.5885059298614665,1298.3551220413178,-1.6166745215246714,-0.8580992612162633,1399.085528709963,-0.8862678528794682,-1.6035983188734113,1198.340029652306,-1.6317669105366162,2.083790945783657,1102.027418916963,2.0556223541204526,3.098811794972586,1003.042439766152,3.0706432033093813,-194.60009358000724,1500.3608253486857,-0.20178174086283318,-341.7681734643737,1404.807034529584,0.7416270287596881,-458.4464623345047,1203.696954393524,3.226307701027544,-504.8094222759485,1062.3597180081417,-3.850667251904361,1.986107836229305,788.3624470861673,4.011424694476135,-2.2782081356932453,797.6654198354862,,1.933421501649419,801.8770494728288,1.905252909986214,-1.6791412925086893,798.2644866786708,-1.707309884171894,-0.16791810295552248,799.775709868224,-0.19608669461872733,205.95852032321338,1501.0905975555322,0.5279904659836152,360.05949113595074,1405.2694583567845,2.7844767331340785,457.90871409292095,1205.529295776597,-5.549574148901379,501.26907852925194,1047.0628925402461,-0.23788892834050412,3.5795845807525435,811.1878889221691,2.7729883598266776,1.4474175163360674,801.3910454875155,1.4192489246728626,2.6788795182407545,802.6225074894202,2.65071092657755,0.6592394877679081,800.6028674589473,0.6310708961047032,0.6997441840840207,800.6433721552635,0.6715755924208159,-147.2394311321732,904.6493382554262,3.325657207691091,-150.62911156148763,551.2596578261117,-0.0640232216233596,-151.86626900654844,100.02250038105089,-1.301180666684143,0.8834111640717642,800.8270391352512,0.8552425724085594,150.23927366516136,898.350504277562,-0.3258146747029349,150.11903023494307,548.2302608473437,-0.44605810492122533,148.6833279417777,96.79455855417838,-1.8817603980865911,0.18987845972951203,800.1335064309089,0.1617098680663072
6,0.06,-1.6913029125287171,1698.2411438446495,-1.7250494413276585,-2.0554802080739827,1547.876966549104,-2.089226736872924,-2.5254350301815545,1297.4070117269966,-2.559181558980496,-0.6205482287120991,1399.311898528466,-0.6542947575110404,-0.6037744567274435,1199.3286723004508,-0.6375209855263847,0.7599516379773552,1100.6923983951556,0.726205109178414,-1.6351605905500863,998.2972861666279,-1.6689071193490277,-195.98555939655466,1499.18477226388,-1.4888388562721093,-340.28306427812913,1406.0071358783239,2.756538572311608,-455.92963496443275,1206.100532228308,6.2892854576530866,-504.39650592071695,1062.4843065500625,-3.7241172363304496,2.0702109788190888,787.9084431660384,3.190423368508886,-0.639999222450012,799.292447534728,-0.6737457512489532,-0.15506133825359783,799.7773854189244,-0.18880786705253907,-0.713005867926171,799.2194408892518,-0.7467523967251123,,801.8688829144864,1.9026896285095125,206.7908363098995,1502.1696838399585,1.4960727198064077,358.0543780210142,1402.790310689964,0.4759302619394232,459.72385455871313,1207.1221037384323,-3.649493355759681,501.5406817228603,1046.2053221817778,-0.9693978998401166,6.2982063656449,813.3890454802315,4.720402867477,2.5490834980618233,802.4815302552398,2.515336969262882,-0.7285607054220942,799.203886051756,-0.7623072342210354,-0.22147711762510827,799.7109696395529,-0.2552236464240495,1.301856286629416,801.2343030438075,1.2681097578304747,-149.47154177504115,902.7969482294479,1.206334056367021,-146.11487510569262,556.1536148987964,4.563000725715542,-149.94392561260895,102.32456439188005,0.7339502187992191,-1.7570905189694557,798.1753562382086,-1.790837047768397,148.7300264857974,896.4615364813084,-1.9478493456107735,147.80712493762144,545.5386349331324,-2.870750893786739,147.56957178063863,95.30108177614964,-3.1083040507695294,2.132216648567406,802.0646634057454,2.0984701197684648
7,0.07,-2.6299231415246234,1697.2913931659004,-2.66921722792685,1.4967326559791498,1551.4180489634043,,3.039606628475745,1302.960922935901,3.000312542073518,-0.654930737273975,1399.2663855701512,-0.6942248236762021,-0.03753650476978185,1199.8837798026555,-0.07683059117200886,0.26416234207178424,1100.1854786494969,0.22486825566955723,0.4390179813014137,1000.3603342887267,0.39972389489918664,-192.0482039210989,1503.3388918322617,2.555101560808132,-341.0491093525129,1404.9800224044182,2.5487923761758564,-456.23367719700894,1205.6457193155952,6.487021479918162,-507.7373383706096,1058.7747987322823,-7.374101353364743,3.4061259275068143,788.7557705668282,3.6217822761107206,2.725945094653422,802.6472614020787,2.686651008251195,-1.0811631745775643,798.8401531328477,-1.1204572609797914,1.4626707748629408,801.3839870822882,1.4233766884607137,0.11810413749735735,800.0394204449226,0.07881005109513034,202.04802337125227,1497.6806962477751,-3.1030940236783024,358.80956413795883,1403.0997056575052,0.9586388356590009,456.6821091794709,1203.8791461189576,-6.557552165779974,499.0249633540606,1042.5805635025072,-4.470618042316859,5.5731839859118,812.1575898748987,3.247696697262609,-1.0085361041348182,798.9127802032905,-1.0478301905370453,-1.1776292123085375,798.7436870951167,-1.2169232987107645,0.6436330592860686,800.5649493667113,0.6043389728838415,-0.5293499414906002,799.3919663659346,-0.5686440278928273,-148.92535713591835,903.7238833345242,1.8651625284335496,-152.85735632094085,549.7918841495017,-2.0668366565889644,-150.10776283409243,102.54147763635015,0.6827568302594815,2.874224083179026,802.7955403906043,2.834929996776799,149.05622874870062,896.4069882782582,-1.7342909156512687,148.66683533730912,546.0175948668666,-2.1236843270427643,149.76363698579536,97.11439651535278,-1.026882678556548,1.0872862412667597,801.008602548692,1.0479921548645328
8,0.08,-0.5807648614251647,1699.3294801648897,-0.6255711014267797,2.79895869146982,1552.7092037177847,2.754152451468205,-1.8203204113939457,1298.089924614921,-1.8651266513955607,-1.649065712106502,1398.2611793142084,,-1.4777562289142225,1198.4324887974008,-1.5225624689158377,0.2411104762167094,1100.1513555025317,0.19630423621509432,0.24289896046679776,1000.1531439867816,0.1980927204651827,-191.60030678952893,1504.0106765207447,3.1176671392989634,-342.90654815598094,1402.8854960489973,1.2761914765707314,-454.2861256065502,1207.4045971356654,8.89012415265753,-504.03552959941965,1062.02919802128,-4.002129820138534,3.484216229956184,788.3993100843543,2.8026561104902594,1.8889231040376675,801.7991681303524,1.8441168640360524,0.7743091475120512,800.6845541738269,0.7295029075104361,0.41000622483970145,800.3202512511544,0.36519998483808636,-0.6320977052437996,799.278147321071,-0.6769039452454146,205.76549914150183,1501.6587718499463,0.7657624685004709,358.27486797313185,1402.1482041278632,0.1832473838750729,458.5759399603472,1205.5927199927614,-4.481922364542215,502.19634539946543,1044.669340858199,-2.2597667294908548,3.809666934840303,809.9021540531082,0.7653759608740547,0.9637845543569354,800.8740295806717,0.9189783143553204,2.4864649013636533,802.3967099276784,2.4416586613620384,0.9768566650951059,800.88710169141,0.9320504250934909,0.40235247662877627,800.3125975029436,0.3575462366271612,-148.79984982379182,904.2313071228705,2.1031311549262464,-146.4208461810099,556.6103107656525,4.48213479770818,-148.80368157490423,104.22747537175799,2.0992994038138275,0.9307781057329597,800.8410231320478,0.8859718657313447,148.7956559309276,895.7644989842654,-2.107325047790461,147.5386956346122,544.50753868795,-3.364285344105867,147.0961333682789,94.06497642161669,-3.806847610439145,,797.6836521091939,-2.271399157122522
9,0.09,3.0061928122312,1702.9054341045207,2.955914829235928,-0.6654632857369709,1549.2337780065525,-0.7157412687322431,0.5800792979751754,1300.4793205902647,0.5298013149799032,-1.3823999449375461,1398.5168413473518,-1.4326779279328183,2.509893186461355,1202.4091344787507,2.459615203466083,-0.76654313932378,1099.1326981529658,-0.8168211223190522,0.12778474996561673,1000.027026042255,0.07750676697034459,-197.6839274601162,1498.1578282902112,-2.8433060631759215,-342.3850700870343,1403.1937981097592,2.4069801730264615,-457.29155823352863,1204.1723379213745,6.292330122443608,-503.8942546577,1061.6464703149522,-4.208995104490752,2.9094020549851836,787.4482114861435,1.3446384577643868,-0.8551627897135505,799.0440785025758,-0.9054407727088227,0.5837129322868577,800.4829542245762,0.5334349492915855,1.3172430473402748,801.2164843396296,1.2669650643450026,0.4073965422266477,800.306637834516,0.3571185592313755,203.94620280947674,1500.106559084302,-0.8945752690852338,356.7913893203412,1400.2775214051032,-1.5084458383109065,459.3452274817034,1206.2024391735436,-3.483533810093151,500.7904886007527,1042.2134604411306,-4.594009803420212,8.253896092509557,813.8721482187489,4.524734999775438,1.8742187489678526,801.7734600412572,1.8239407659725804,1.8205457088634072,801.7197870011528,1.770267725868135,1.4063474241108982,801.3055887164003,1.356069441115626,1.6695918541606827,801.5688331464501,1.6193138711654105,-148.12115360222546,905.2932059215437,2.8940606127431354,-147.66217739832007,555.7521821254492,3.3530368166485442,-148.94864609077447,104.46571343299466,2.0665681241941267,-0.9311241070610332,798.9681171852283,-0.9814020900563054,148.36526929295482,894.9509097691856,-2.64994492201378,148.70655111034444,545.2921915865752,-2.308663104624176,151.59298802208585,98.17862849831671,0.5777738071172474,0.7482780983178685,800.6475193906072,0.6980001153225964
10,0.1,3.3705475163853724,1703.2588609705467,3.3148431872034836,-0.38054503382227317,1549.507768420339,-0.4362493630041619,0.440914155340711,1300.3292276095021,0.38520982615882227,,1398.9816192588737,-0.9623985244696394,-1.6506356916743574,1198.237677762487,-1.706340020856246,-0.47868875380472126,1099.4096247003567,-0.5343930829866099,0.17436138384679062,1000.0626748380082,0.1186570546649019,-192.9262697657784,1503.1528943037501,2.044861998995245,-343.61273137632446,1401.7766945561355,1.8109345080639618,-457.29243358357166,1203.9063685678868,6.649671589970357,-506.6106643997514,1058.3321188358877,-7.289200702698348,4.987228068464371,789.211922904157,2.559777771099082,-0.5302943163308551,799.3580191378305,-0.5859986455127437,-0.7869073288204815,799.1014061253409,-0.8426116580023701,-1.4678347387023898,798.420478715459,-1.5235390678842784,-2.845913752757402,797.042399701404,-2.901618081939291,207.1648328534911,1503.5984558250657,2.4904235203107734,355.56660371332754,1398.695621223285,-2.9083967704438067,456.0317523835521,1202.7497186432502,-6.521589452886406,501.5054121158977,1041.916884133794,-4.768397910853512,6.063582625032593,811.2281146244404,1.6881979680881798,0.35409859604815286,800.2424120502095,0.29839426686626414,2.2483758311544983,802.1366892853159,2.1926715019726095,2.937448375330699,802.8257618294921,2.88174404614881,-0.7281199812135577,799.1601934729479,-0.7838243103954463,-148.29389862357223,905.5050515182994,2.83326766416065,-148.05875260853728,,3.0684136791956034,-147.96824664971535,105.8307034921563,3.1589196380175335,-0.024695715652475525,799.8636177385089,-0.08040004483436425,152.64392634385624,898.8449762019847,1.5167600561233647,147.41256916719766,543.613619025326,-3.714597120535215,148.40789786835478,94.60894772648315,-2.7192684193780976,1.5132460807432269,801.4015595349047,1.4575417515613383
11,0.11,3.1173183991346174,,3.056238083851768,1.1440436409108776,1551.0215134683574,1.0829633256280284,-3.845389779141339,1296.0320800483053,-3.906470094424188,1.2579092234654328,1401.135379050912,1.1968289081825836,2.389707831579507,1202.267177659026,2.328627516296658,1.0116167639919822,1100.8890865914384,0.9505364487091329,0.19644648060506115,1000.0739163080516,0.13536616532221196,-192.68749056472672,1503.6354585519603,2.421886837040336,-342.9068534321165,1402.3165803566137,3.168471719273557,-457.7355818969775,1203.159881768477,6.5139906790360556,-502.5015830682625,1061.7724680335666,-3.5566797064075484,4.889979453053667,788.8662707835379,1.6266432514545537,3.5731757091809815,803.4506455366275,3.5120953938981323,-1.557823957034401,798.3196458704122,-1.6189042723172502,2.536767676855087,802.4142375043016,2.4756873615722377,-0.8547914364814231,799.0226783909651,-0.9158717517642723,205.0989318728608,1501.8116945636466,0.598122848726685,,1400.128757570849,-1.2902752412188518,457.43128125300774,1204.0298638078466,-4.801475312609735,503.07424265414977,1042.5184344273327,-4.043171436185073,5.86086486960595,810.5946628092549,0.8822416465261123,-3.0543679905050594,796.8231018369414,-3.1154483057879085,-1.0545101246129387,798.8229597028336,-1.1155904398957879,0.7218439230330944,800.5993137504796,0.6607636077502452,2.874627885107257,802.7520977125538,2.813547569824408,-146.9355526021079,907.2494579930612,4.303223208413815,-148.35091568331657,555.8340949118525,2.88786012720513,-148.1919271081728,105.99308348699638,3.046848702348912,-0.06291319161345127,799.814556635833,-0.12399350689630045,147.08779911451185,892.9027885193427,,146.97846217381286,542.7934515786437,-4.260313636708854,146.2527674590742,92.067756863905,-4.986008351447531,-0.06294913211603959,799.8145206953304,-0.12402944739888877
12,0.12,,1699.9809340087763,0.04781431461326985,2.8364979913864627,1552.703216682095,2.7700969879318813,0.002711834957172643,1299.8694305256656,-0.06368916849740913,-0.16816856120042417,1399.698550129508,-0.23456956465500595,2.1814319168678966,1202.0481506075764,2.115030913413315,-1.6743534079578553,1098.1923652827506,-1.7407544114124371,1.7132864692070358,,1.6468854657524539,-193.87556778056396,1502.6972741039242,1.3796515325473444,-341.19845557940744,1403.8820498535508,5.546225685144302,-459.67454659721653,1200.8794964546596,4.83060295241828,-506.737172280953,1056.8009771027187,-8.178482531171003,6.640815946915387,790.4375605862829,2.574410911986991,-1.1265454640814438,798.740173226627,-1.1929464675360257,1.1063104069920542,800.9730290977005,1.0399094035374723,-0.43913960718484163,799.4275790835236,-0.5055406106394233,2.276574074082914,802.1432927647915,2.2101730706283327,205.25771326428875,1502.2551694485098,0.9375468771328501,354.3782779149592,1396.8846520386815,-4.346289136346488,455.54855610665015,1202.0470637546143,-6.319766237126125,506.24562451453664,1044.772162195414,-1.6634021736249593,4.655906570994446,808.9840498313574,-0.8790368886767272,0.7746223690702645,800.6413410597787,0.7082213656156827,-1.8839710918126549,797.9827475988958,-1.9503720952672368,0.49976063723543884,800.3664793279439,0.43335963378085707,-1.6732075673821372,798.1935111233264,-1.739608570836719,-146.0967999820375,908.4758006485006,5.253172394936957,-145.1102639093229,559.4623367212153,6.2397084676515835,-145.9067497996584,108.66585083087973,5.443222577316067,1.1913567840376096,801.0580754747461,1.1249557805830277,146.9327913869759,892.3601907564378,-4.417180989998576,146.9264086398159,542.3538080092778,-4.423563737158576,147.17536426472142,92.60276363418329,-4.174608112253045,0.593071178779785,800.4597898694883,0.5266701753252032
13,0.13,-2.23649400754551,1697.6195742743735,-2.308155491335521,-0.34307260315610594,1549.512995678763,-0.4147340869461168,1.1092984896503977,1300.9653667715695,1.0376370058603868,0.12593608179067295,1399.9820043637096,,1.7841324399652863,1201.6402007218844,1.7124709561752756,1.326259690856265,1101.1823279727753,1.254598207066254,1.350155285170386,1001.2062235670894,1.278493801380375,-193.5634315074357,1503.2651323079267,1.8450757935396616,-342.4601104158165,1402.5000449462193,4.969200111588865,-456.8988365069437,1203.2760069408444,7.809049467402708,-505.10097323173045,1057.6381714912204,-6.9348454192781475,2.4245756325164054,786.1133502816394,-2.40637806129552,-0.6364596654333838,799.2196086164856,-0.7081211492233946,-0.8381288916780583,799.0179393902409,-0.9097903754680691,1.1494810573523804,801.0055493392714,1.0778195735623695,0.21866064370012503,800.0747289256192,0.14699915991011417,202.83790409185312,1500.125279532428,-1.2947769819590764,356.1380799660973,1398.3792684771995,-2.660411247128942,456.8596370411794,1203.2767380656749,-4.601877889601635,504.9971740455799,1042.6607611954194,-3.645587802615404,7.762331162339197,811.711600338324,1.7214871772412683,1.578824551523073,801.4348928334421,1.507163067733062,0.6364283494757916,800.4924966313948,0.5647668656857808,-0.9234148325934077,798.9326534493256,-0.9950763163834185,3.3462157795243095,803.2022840614434,3.2745542957342986,-149.03420095147405,905.9275551976878,2.4264749524293587,-146.75250583013397,558.2092503190279,4.708170073769438,-147.17627121815627,107.78548493100556,4.284404685747137,1.9995475216979506,801.855615803617,1.9278860379079399,148.8542392379534,893.8924830887916,-2.606436665949998,148.56808727850412,543.6063311293423,-2.892588625399283,147.39589261030105,92.43413646113923,-4.064783293602359,-0.48260837657987715,799.3734599053391,-0.554269860369888
14,0.14,-3.0450439411559467,1696.8004828536777,-3.1219008179639847,-1.5291599601754928,1548.316366834658,-1.6060168369835308,1.0009787836001052,1300.8465055784338,0.9241219067920674,2.37464674920416,1402.2201735440378,2.297789872396122,-0.5711351999233113,1199.2743915949104,-0.6479920767313492,-0.11324588935646462,1099.7322809054772,-0.1901027661645025,1.097882128380994,1000.9434089232146,1.0210252515729563,-193.7610688502239,1503.3287582715539,1.808011291686898,-343.5599316320225,1401.3018712164458,4.566789579976815,-458.9653843433538,1200.7929252524366,5.891641843018245,-503.020280629399,1058.8612390930825,-5.249593013926047,5.4629740193918765,789.1176224420399,-0.08866075082969457,-0.17485775706576046,799.6706690377679,-0.25171463387379833,0.6410899240257151,800.4866167188594,0.5642330472176773,0.2818939133667893,800.1274207082005,0.20503703655875144,-0.24753630762580903,799.5979904872079,-0.3243931844338469,206.49773800686503,1504.07992208291,2.5591751030428282,358.3618743431016,1400.3686558688453,-0.4765378860699553,452.6568615751982,1199.0105006903143,-8.357101462675079,505.4550896390158,1042.3151407441383,-3.858087658221095,6.76956058387311,810.3680350838208,0.27628230057244074,-0.9516196312058739,798.8939071636278,-1.0284765080139118,0.9722039109323104,800.8177307057659,0.8953470341242725,1.12343419717082,800.9689609920044,1.0465773203627822,1.9715039135212025,801.8170307083549,1.8946470367131647,-148.15245301083408,907.2000345090099,3.4183430302552216,-149.0432656850158,556.3092218348281,2.5275303560734894,-147.00195285488223,108.35053466496169,4.5688431862070455,-1.2527962266357502,798.5927305681979,-1.3296531034437882,146.79570677305986,891.4432192532158,-4.775089268029435,147.54333616367708,542.1908486438331,-4.027459877412198,151.3070252525584,95.95453773271446,-0.2637707885308971,-1.596923772773526,798.2486030220601,-1.673780649581564
15,0.15,-0.4188732514535042,1699.4162291239302,-0.5008555873834871,1.449311900279222,1551.284414275663,1.3673295643492391,1.857465016575865,1301.6925673919595,1.775482680645882,2.44469471577824,1402.279797091162,,1.0158603096359649,1200.8509626850198,0.9338779737059818,1.7405196031749606,1101.5756219785587,1.6585372672449776,-4.048800052347291,995.7863023230364,-4.130782388277274,-193.32812939915047,1504.0282057214374,2.4086363810542135,-345.5310479318116,1399.2537283422805,3.303314788838888,-459.2449775104629,1200.060050612651,5.707034307930693,-504.56091848407726,1056.4092212657506,-7.184944864691331,4.541723630825407,788.2378804012454,-1.6817722093541658,-1.5348310976916455,798.300271277692,-1.6168134336216284,1.062352024037272,800.8974543994209,0.9803696881072891,-0.3078375169844807,799.5272648583991,-0.38981985291446364,0.761638702804353,800.596741078188,0.67965636687437,205.78339744111167,1503.6649351788478,2.0453658384647477,357.49131505886135,1399.294331409732,-1.3531072685373338,452.066644153869,1198.373964326101,-8.460797671763828,506.28024843404484,1042.4004880561467,-3.6350682505875085,6.884928356161685,810.16157768658,-0.004745184224540733,0.12095219455903211,799.9560545699427,0.03896985862904917,1.0490866964278602,800.8841890718115,0.9671043604978774,1.5032586455814654,801.3383610209651,1.4212763096514824,0.3675956263789447,800.2026980017625,0.2856132904489618,-146.22051984348803,909.524258168699,5.459711808959249,,555.5934640612686,1.52891770152881,-145.82521333103338,109.91956468115363,5.855018321413915,3.2603157422387836,803.0954181176224,3.1783334063088007,147.13583947485182,891.3910614626649,-4.544392177595472,146.9303164218751,541.1855384096882,-4.749915230572186,146.2460655966609,90.50128758447391,-5.434166055786377,-1.8233813155262473,798.0117210598575,-1.9053636514562302
16,0.16,0.2375644016146226,1700.0623675197019,0.15053135167269838,1.7332769565521118,1551.5580800746393,1.6462439066101875,-0.04656212551948824,1299.7782409925678,-0.13359517546141247,0.11148743213206042,1399.9362905502194,0.02445438219013618,-1.381381853487264,1198.4434212646,-1.4684149034291882,1.9763150326867878,1101.801118150774,1.8892819827448635,0.9843671580834086,1000.8091702761707,0.8973341081414843,-196.3759610971322,1501.2518214838956,-0.4645795602029026,-344.1379651459935,1400.5903526843854,5.411669860976565,-459.19619025364875,1199.619537017663,5.796293652910107,-502.39750635679644,1057.6127103342512,-5.411814207573697,5.023114665094021,788.8377092616576,-1.8189005494052974,-0.2715905594289033,799.5532125586584,-0.35862360937082755,1.9869390761518004,801.8117421942392,1.8999060262098761,1.1839026587366468,801.008705776824,1.0968696087947227,1.6396047461895182,801.4644078642768,1.552571696247594,205.54085934872077,1503.725943868121,2.009542824022362,356.90163132330156,1398.531268311791,-1.9151131419470684,453.450930886272,1199.7282003554762,-6.552934983576132,504.0835227379034,1039.5315535368854,-6.361225187452784,5.074464345769767,808.0587371124484,-2.1534809357804674,-1.1985692163544834,798.6262339017328,-1.2856022662964077,2.7519507502971656,802.5767538683845,2.6649177003552413,0.24622007041622201,800.0710231885035,0.15918702047429778,-0.06932747001643436,799.7554756480708,-0.1563605199583586,-149.5995197955825,906.5390625617423,2.1893505772388924,-147.20107040377297,558.9375119535518,4.587799969048404,-148.05016934913832,108.0884130081865,3.7387010236830687,2.9432100085699284,802.7680131266573,2.856176958628004,145.83739979346052,889.6988174361356,,147.85912297731477,541.72054061999,-3.929747395506625,147.29269032861686,91.15410797129205,-4.496180044204522,-1.7709271337646324,798.0538759843226,-1.8579601837065567
17,0.17,2.517913836963487,1702.3325508994435,2.4259095915216093,0.5761729110323889,1550.3908099735124,0.48416866559051147,1.6357323985177896,1301.4503694609978,1.5437281530759122,-0.3793195306455648,1399.4353175318345,-0.4713237760874422,1.9333362879301725,1201.7479733504101,1.841332042488295,-1.9426502833790615,1097.871986779101,-2.034654528820939,-1.916483304875575,997.8981537576046,-2.008487550317452,-193.04886607477334,1504.8549900111623,3.0438682596398774,-348.2830356117709,1396.408552951043,1.9868626092729196,-459.0958210206027,1199.195455053065,5.882463235711178,-501.9194938439291,1057.087776114729,-5.315876499466858,6.758164379061115,790.7689095825208,-0.6449695019780819,-0.2164867558299891,799.5981503066502,-0.3084910012718665,3.7456311389189,803.560268201399,3.6536268934770226,1.4677404312203295,801.2823774937004,1.375736185778452,2.560087880528423,802.3747249430086,2.4680836350865456,203.3422488272665,1501.834714216249,0.023592464726619022,358.261657230442,1399.7479285506408,-0.4940734301937142,452.1914297021158,1198.4539745000016,-7.253851921031474,503.2539721686,1038.100815294559,-7.64362518563932,6.92980386328641,809.6512185255226,-0.5767038617037512,-3.28824558749098,796.5263914749892,-3.3802498329328574,-2.0336748996328238,797.7809621628473,-2.125679145074701,1.3838944916556042,801.1985315541358,1.2918902462137267,-0.19356665880698687,799.6210704036731,-0.2855709042488643,-150.32716188263677,906.2066635607383,1.5694263616482682,-147.37268666017454,559.1611387832006,4.523901584110502,-149.26389612490613,107.26992931846895,2.6326921193788952,-0.7460096160070195,799.0686274464731,-0.838013861448897,148.1084168389723,891.5745913955972,-3.7881714053127418,146.74930563366692,540.2154801902918,-5.147282610618098,146.5643374050709,90.03051196169578,-5.332250839214156,1.5705428490853468,801.3851799115655,1.4785386036434693
18,0.18,1.9007833694550444,1701.7053955590225,1.803892180184281,-0.23812470934480012,1549.5664874802228,-0.33501589861556336,-0.4349184219787319,1299.3696937675888,-0.5318096112494951,-0.6975702903689309,1399.1070418991985,-0.7944614796396942,0.48809800783697255,1200.2927101974044,0.3912068185662093,-0.2732959646994513,1099.531316224868,-0.3701871539702145,1.568555424845114,1001.3731676144126,1.4716642355743508,-194.65525413204188,1503.528980273717,1.6253668037959426,-346.63785993003154,1398.0358138054378,4.354622612639519,-459.69394820796,1198.0387347716296,5.21550785387212,-502.0293450680765,1055.9377400134788,-5.795789169906508,3.830911750587195,788.1157804554165,-4.072371650912439,-0.754299633055026,799.0503125565125,-0.8511908223257892,0.9548889820548639,800.7595011716224,0.8579977927841007,4.631096615877964,804.4357088054455,4.534205426607201,-0.0774639977817334,799.7271481917858,-0.17435518705249664,203.25118637501396,1502.0545010024666,0.15088753254560383,354.9938828183755,1396.3663174372975,-3.66797700825542,452.2228268666022,1198.484969105426,-6.631032535480788,503.16078536469234,1037.4803969438294,-8.109794052955634,6.838860914050625,809.3266022979809,-0.8854188931548823,2.139581797822861,801.9441939873903,2.0426906085520975,1.8886177570880245,801.6932299466556,1.7917265678172614,0.16030088981736318,799.9649130793849,0.06340970054659995,0.39538171975585357,800.1999939093234,0.29849053048509033,-146.9460449132542,909.9843562389697,5.0572045221674315,-149.5653208986652,557.3650802535586,2.4379285367564503,-145.47506335565356,111.4553377965703,6.528186079768087,0.7082778716848398,800.5128900612524,0.6113866824140766,148.04190470932815,891.1115035571042,-3.961344726093487,148.9752956831305,542.0448945309066,-3.0279537522911597,148.03440657097443,91.10400541875056,-3.9688428644472182,-3.136347382423117,796.6682648071444,-3.2332385716938803
19,0.19,0.972069394831697,1700.7668058131303,0.8703802039055779,2.1225298728323354,1551.9172662911308,2.0208406819062166,-1.4847393482748965,1298.3099970700237,-1.5864285392010156,1.6701254309066227,1401.4648618492051,1.5684362399805036,0.016981454464238266,1199.8117178727628,-0.08470773646188079,-0.6523297555666694,1099.142406662732,-0.7540189464927884,2.842707827700038,1002.6374442459985,2.741018636773919,-194.8720878581208,1503.5965010267676,1.6027403415191652,-345.90513481633974,1398.7684536742863,5.809563349386517,-458.57352748888155,1198.5675664385703,6.212716287730691,-499.9522366725708,1056.9434335527267,-4.072925764265468,6.198042811554214,790.8347374733936,-2.141366749798773,2.622918530306131,802.4176549486045,2.5212293393800116,-0.007080429054021398,799.7876559892444,-0.10876961998014045,1.589866697560959,801.3846031158594,1.48817750663484,-0.011067107218786565,799.7836693110796,-0.11275629814490562,204.59063917042295,1503.7078994487817,1.7141387635333214,356.68122970758054,1397.9687632013392,-1.8545054125862186,452.129842967799,1198.4048451451756,-6.102041963292347,506.2601308548264,1040.1288984899604,-5.300890810901085,4.211898453184496,806.4944239629863,-3.6687884187626323,0.6253389756414887,800.4200753939399,0.5236497847153696,-1.0139757898767106,798.7807606284217,-1.1156649808028296,1.637450754477652,801.432187172776,1.535761563551533,0.5582179840210267,800.3529544023195,0.4565287930949077,-146.4661509257295,910.8620204179441,5.642555120908842,-147.29376083055874,560.0344105131148,4.8149452160796,-147.00690792017306,110.32126342350053,5.1017981264652725,3.19717459251574,802.9919110108142,3.0954854015896207,146.73788245245007,889.4097111087765,-5.37082359418827,145.74987131179535,538.4216999681217,-6.358834734842988,146.42784542177768,89.09967407810409,-5.68086062486067,-0.3687581141009556,799.4259783041974,-0.47044730502707466
20,0.2,-0.6721429615792923,1699.112874640485,-0.7785365665368073,1.4546782016543665,1551.2396958037186,,-1.2839683686894285,1298.501049233375,-1.3903619736469435,0.3555633445489886,1400.1405809466132,0.24916973959147365,-1.1729930751519837,1198.6120245269124,-1.2793866801094986,-2.0564677527772943,1097.728549849287,-2.1628613577348093,-0.7267344740504061,999.058283128014,-0.8331280790079211,-194.37993490221479,1504.3766489376164,2.2951984461667516,-346.204147462696,1398.4861363144528,6.229697933307722,-458.93823900081594,1197.5795508687042,5.670853234807473,-500.9848237682189,1054.8143872405758,-5.440178592752095,6.004093850462527,791.0695128708309,-2.7048977581179945,-1.0876197325492432,798.697397869515,-1.194013337506758,3.150278055346655,802.935295657411,3.04388445038914,1.599027926343658,801.384045528408,1.492634321386143,0.3278658333731163,800.1128834354374,0.22147222841560138,203.0510392908492,1502.4849638983828,0.40351340693306925,353.99700319601527,1395.2278734444674,-4.381077621745624,452.9906903760924,1199.2907059141269,-4.591060100255796,507.46283686057023,1040.9590602290143,-4.304047986502616,2.7872165961603184,804.891875958792,-5.188441456591207,3.059136689889894,802.8441542919542,2.9527430849323792,1.9462271761236818,801.7312447781879,1.8398335711661669,2.0315276658770354,801.8165452679414,1.9251340609195204,2.5454635647842925,802.3304811668486,2.4390699598267775,-148.23028073304494,909.4966842593342,3.9825172710817016,-148.00773240072584,559.7192325916533,4.20506560340079,-146.93780363926615,110.7891613531129,5.274994364860483,2.5120020748486445,802.297019676913,2.4056084698911295,148.21905548383464,890.4920904914555,-3.9937425202919794,146.8663731818886,539.1394081895095,-5.346424822238011,145.43824545190498,87.71128045952592,-6.774552552221653,-0.48585573303564644,799.2991618690287,-0.5922493379931614
21,0.21,-0.7471181512680217,1699.0283453739546,-0.8581179846106666,-0.4586020892559258,1549.3168614359665,-0.5696019225985707,-1.4991144966938084,1298.2763490285288,-1.6101143300364533,0.1143088506151283,1399.8897723758375,0.00330901727248345,-3.0222079918442115,1196.7532555333783,-3.1332078251868563,-0.8547487282148022,,-0.965748561557447,0.30138010258525344,1000.0768436278078,0.1903802692426086,-197.27658783006197,1501.7712891386736,-0.3952835783370281,-346.8546272255423,1397.868025294719,6.292597598806701,-458.9281279849254,1196.9360557698408,5.450517047259549,-499.7307151291447,1054.9533088687322,-4.497470839560611,4.29071781816198,789.8604232085743,-4.719339137012965,0.4811623006889928,800.2566258259116,0.37016246734634795,2.266190279371578,802.0416538045941,2.155190446028933,2.411373621646524,802.186837146869,2.3003737883038786,2.237792427303755,802.0132559525263,2.12679259396111,204.57685719355825,1504.3297817659338,2.1632090489232905,355.15267511059096,1396.3543227429668,-3.037063622374683,450.7431759054603,1197.0792061138307,-6.162769698559229,507.3680967313074,1040.5714564896664,-4.5186812167645405,5.4387918999995595,807.3914641411435,-2.570827516149505,1.9800344739585793,801.7554979991811,1.8690346406159346,-0.0183838706827526,799.7570796545398,-0.12938370402539745,2.0419929861950417,801.8174565114176,1.930993152852397,3.6470323366761894,803.4224958618987,3.5360325033335442,-147.96222709779477,910.1643503845729,4.353125946836471,-147.08031541415406,561.0462620682137,5.235037630477196,-148.04424539890945,110.08233208345821,4.271107645721799,0.1889366410274701,799.96440016625,0.07793680768482525,144.3070629960137,886.1804855136461,-8.00829004861754,144.9871026841136,,-7.328250360517655,146.8013086469198,88.67473116455213,-5.5140443977114515,0.2708118821181168,800.0462754073407,0.15981204877547195
22,0.22,1.1064231148917458,1700.8725050145383,0.9909197870486774,0.7988736812430999,1550.5649555808898,0.6833703534000316,2.2396105361213836,1302.005692435768,2.124107208278315,-0.4952652784217364,1399.2708166212249,-0.6107686062648047,-0.8325797012690412,1198.9335021983775,-0.9480830291121095,4.387115352182603,1104.1531972518292,4.271612024339534,-0.17380197329490277,999.5922799263517,-0.28930530113797104,-197.8477391103743,1501.494380661368,-0.7546393872402226,-347.9703303614436,1396.799205643014,5.881817175023626,-457.74890453162004,1197.4329124459127,6.3468376239423785,-497.7933704984662,1055.7631387688546,-2.8446906452940133,5.957895353596435,792.1055860246719,-3.283295900919222,-0.5902701598132734,799.1758117398333,-0.7057734876563416,0.9778061259592241,800.7438880256059,0.8623027981161558,1.5230126149952932,801.2890945146419,1.4075092871522248,0.8107941113030327,800.5768760109496,0.6952907834599644,200.50930273424606,1500.583175034342,-1.6658450142661962,354.47694728849535,1395.6759212499176,-3.494716903503524,449.5575252514799,1195.9393828747852,-6.649522347261112,504.71532501912054,1037.7063443150325,-7.2046430417027505,1.8202077526030576,803.6449589298437,-6.163275216340269,0.19391694178641927,799.959998841433,0.078413613943351,-0.4957261095511747,799.2703557900954,-0.611229437394243,0.9019980734965436,800.6680799731431,0.7864947456534754,1.0243014652656042,800.7903833649123,0.908798137422536,-148.19342673042527,910.3333433328651,4.222760062296235,-145.96425283034134,562.5625172329491,6.451933962380186,-147.9784212474693,110.54834881582104,4.437765545252217,1.9467413061364027,801.712823205783,1.8312379782933346,145.9928581455424,887.4660880822521,-6.4233286471790985,146.53282665997878,538.0060565966884,-5.883360132742724,146.60404748281556,88.07727741952523,-5.812139309905948,-2.0594157406197113,797.7066661590269,-2.1749190684627795
23,0.23,1.801730779400841,1701.5586111407056,1.6818311870622527,-1.2714069868957185,1548.485473374409,-1.391306579234307,-1.5157059524465837,1298.2411744088581,-1.635605544785172,-0.39834530237583166,1399.3585350589287,-0.51824489471442,2.425351604560611,1202.1822319658652,2.3054520122220223,1.6704191554599115,1101.4272995167646,1.5505195631213229,2.6093019747764523,1002.3661823360812,2.4894023824378637,-195.85263503315093,1503.7863229484876,1.457634796748493,-349.26555113401935,1395.5641793064337,5.280394186513481,-458.16455594008943,1196.3077993620725,5.596860957946712,-497.7664225333417,1054.6566798972651,-3.07204934267266,4.3828219661188506,791.1798169530875,-5.018721841277417,0.44119336908096396,800.1980737303857,0.3212937767423756,1.1108847303611236,800.8677650916659,0.9909851380225353,0.6980821577214852,800.4549625190263,0.5781825653828968,4.004973923228038,803.7618542845328,3.8850743308894495,202.84017878300966,1503.236554357332,0.9078662055929183,354.0512736600433,1395.2731422448082,-3.6736479256382064,449.70156673575656,1196.1378462155258,-5.786144843604844,507.90514660306263,1040.7646495472327,-3.9612384030638457,3.984643708555268,805.7034087241175,-3.9139879595524105,0.6313833209846382,800.3882636822893,0.5114837286460499,-0.15869974928255215,799.5981806120222,-0.27859934162114053,-0.8037979162843258,798.9530824450204,-0.9236975086229142,-0.5122884208428553,799.2445919404619,-0.6321880131814437,-148.3240437550732,910.6032257168091,4.191059176708853,-144.7847409748605,564.1425284970218,7.730361956921558,-145.7535723879003,113.17369708398199,6.76153054388177,5.251951748719959,805.0088321100247,5.132052156381371,146.76868711674018,887.8414176448579,-5.746415815041901,144.50420264949662,535.5769331776144,-8.01090028228545,146.13528932962055,87.20801985773825,-6.3798136021615255,1.3619864532521793,801.1188668145569,1.2420868609135907
24,0.24,1.3746302733400557,1701.122496740207,1.250446088200797,1.8156440646285592,1551.5635105314955,1.6914598794893005,1.1978666409456338,1300.9457331078127,1.0736824558063751,1.266895667211546,1401.0147621340786,1.142711482072287,0.18255823725947296,1199.9304247041264,0.05837405212021418,3.6627403328803103,,3.538556147741051,0.9293502078797885,1000.6772166747468,0.8051660227405297,-193.51544097161673,1506.4225910326434,4.0171152444514675,-348.72844417053665,1396.1735495158734,6.497536663070792,-458.8713694719118,1194.8662148038572,4.505522571026603,-497.22209755739533,1054.0681289834702,-2.74853766534625,8.576701394243035,796.0914372587406,-0.9141268950923269,-0.59838911486525,799.1494773520018,-0.7225733000045088,0.8271759661837207,800.5750424330507,0.7029917810444619,1.2753959313371237,801.0232623982041,1.151211746197865,0.5452961306796271,800.2931625975466,0.4211119455403684,206.08237450428203,1506.802412833712,4.396937045520007,352.63854708943967,1393.9078147615967,-4.812132427964483,448.50973535035774,1195.0077899016933,-6.240924999683331,508.79435375169976,1041.6029252193423,-2.9322669295063797,2.628800223968012,804.2610918054359,-5.128100381563375,1.6360744661269377,801.3839409329939,1.511890280987679,-1.3816069211931647,798.3662595456739,-1.5057911063324236,-0.13106119899105217,799.616805267876,-0.25524538413031095,-0.031780680982612,799.7160857858844,-0.15596486612187077,-145.9656760838083,913.3620916376233,6.6462173856465725,-145.64258626016127,563.6851814612703,6.969307209293603,-145.52893611750878,113.79883160392282,7.082957351946087,0.9445483527484971,800.6924148196155,0.8203641676092384,145.24749606936075,885.9197283479292,-7.3643974000941,148.12539459855387,538.7976268771223,-4.486498870900982,146.1977042763695,86.86993655493792,-6.414189193085347,-1.1229337112681694,798.6249327555988,-1.247117896407428
25,0.25,-0.7347140398787981,1699.004333650465,-0.8630667611528207,0.4238325454569002,1550.1628802358007,0.29547982418287766,0.4182966084225346,1300.1573442987662,0.28994388714851205,-1.1559744992997092,1398.5830731910442,-1.2843272205737317,0.5631896138586131,1200.3022373042024,0.4348368925845906,2.0608305595586875,1101.7998782499026,1.932477838284665,3.409676970380684,1003.1487246607244,3.281324249106661,-197.77441062401354,1502.4645667440686,-0.014718186173309,-351.5299776779164,1393.4550744151798,4.359680009992362,-458.91567215370236,1194.0637319897344,4.0279031941506345,-499.5877562832392,1050.5764879839094,-5.298500748899196,6.79187997070325,795.0894265104605,-2.717438860784455,0.9310248472913225,800.6700725376351,0.8026721260173,1.0605001566449086,800.7995478469886,0.9321474353708861,2.0993934530082243,801.8384411433519,1.9710407317342018,3.4624113106578007,803.2014590010015,3.334058589383778,203.8574082771536,1504.901869429113,2.4225844988710667,353.1634940691876,1394.5035243643968,-3.9867114991662667,447.6983896823359,1194.2643152543967,-6.300284343369176,506.44826708315634,1039.2857181920647,-5.053656062050251,4.641425450973486,806.2040731264188,-2.9191291208091195,2.2675080246647994,802.0065557150085,2.1391553033907766,0.8778263092813848,800.6168739996251,0.7494735880073623,1.7099188853582767,801.448966575702,1.5815661640842542,0.5425467226142573,800.2815944129579,0.4141940013402348,-148.77074773049645,910.9571743308613,3.935591367274463,-148.0821611247453,561.6457609366125,4.6241779730256125,-145.82426489138,113.90365716997785,6.882074206390909,,799.6072582127149,-0.2601421989028674,144.3769304438719,884.6490083825141,-8.329408653899005,148.14975565050838,538.4218335891505,-4.556583447262552,148.7770436968215,89.04912163546365,-3.9292954009494165,2.5157912105950877,802.2548389009388,2.387438489321065
26,0.26,1.8232685210857276,1701.5536999408412,1.6908676463307342,0.19370082932049282,1549.924132249076,0.061299954565499415,0.6932942177216511,1300.423725637477,0.5608933429666577,2.339570118579506,1402.070001538335,2.2071692438245125,1.8305986153302776,1201.5610300350857,1.6981977405752842,-0.26549766361511484,1099.4649337561402,-0.39789853837010825,1.4678983823186798,1001.198329802074,1.3354975075636863,-195.90488175689006,1504.636543425528,2.0865225540835275,-351.9325826416326,1393.1450248005726,4.601847776519475,-457.322288427354,1194.8775358547434,5.140765912460965,-496.5586208066299,1052.4927899406773,-2.4143978897399396,4.753992068444311,793.8955903223605,-4.7038494582076575,1.3294617088520724,801.0598931286074,1.197060834097079,0.6944690504336737,800.424900470189,0.5620681756786803,2.933411835947819,802.6638432557031,2.8010109611928256,-0.4922786749651801,799.2381527447901,-0.6246795497201735,203.25476047285406,1504.624002261325,2.0739813898803057,352.73608295701194,1394.1690277320288,-4.0887777456387955,446.11937164532975,1192.7579978038477,-7.115207826277054,507.52562274132447,1040.4704662944137,-3.668562757382655,1.7129493694206808,803.219870975679,-5.599312863546352,1.3312730240106156,801.061704443766,1.1988721492556222,-0.3117430080930873,799.4186884116623,-0.4441438828480807,4.520485536507939,804.2509169562633,4.388084661752946,-0.6979160800475649,799.0325153397077,-0.8303169548025583,-147.4042041068652,912.7231510014353,5.394005540849619,-146.45254712147138,563.6748079868291,6.3456625262434345,-145.81647740654697,114.31087770175363,6.9817322411678555,1.1058968560346973,800.83632827579,0.9734959812797039,146.54407586715752,886.416720758857,-6.254133780557314,148.1821750753019,538.0548199670013,-4.6160345724129295,146.52630949331393,86.39895438501334,-6.2719001544009005,-0.08538145348564996,799.6450499662697,-0.21778232824064336
27,0.27,1.515916676957715,1701.2379416307936,1.379592296141313,,1550.5497634524127,0.6914141177605446,2.922461169105148,1302.644486122941,,0.07628326058322032,1399.798308214419,-0.060041120233181866,3.5855535434799957,1203.3075784973157,3.4492291626635936,0.30439343129453345,1100.0264183851305,0.16806905047813125,1.2407254972593271,1000.9627504510952,1.1044011164429248,-197.41936204775772,1503.4256405558785,0.8080482219679854,-351.13521867377733,1394.0431252729836,6.022595617745164,-458.25988809379686,1193.1410690775324,3.6772023481331813,-498.16893942757446,1049.7888880848147,-4.127998292284981,3.6283501873924475,793.6709765447547,-5.709411282814336,2.9803230370076834,802.7023479908435,2.8439986561912813,-0.5851954972163506,799.1368294566195,-0.7215198780327527,-1.3889768288154913,798.3330481250204,-1.5253012096318934,-1.207720372780281,798.5143045810555,-1.344044753596683,205.78453056211973,1507.4785062212898,4.860913887379137,349.4407131602001,1390.9874484277057,-7.035380176168988,448.08837927684857,1194.8032670157647,-4.372860320517059,506.31532440213186,1039.4442644860426,-4.4906052540768275,3.4314776092112815,804.8934855612559,-3.5835895731851837,2.5354399442398243,802.2574648980757,2.3991155634234222,2.0564975726560153,801.7785225264919,1.9201731918396132,0.3659690690074753,800.0879940228433,0.2296446881910731,-0.8913618768554702,798.8306630769804,-1.0276862576718724,-148.38166014732886,912.1439950020759,4.505604490136882,-146.92899521381852,563.5966599355862,5.958269423647197,-146.17011159016693,114.35554355923792,6.717153047298799,1.246878369551575,800.9689033233874,1.1105539887351727,148.06468602664768,887.5390308772429,-4.822578610818047,147.06696461631827,536.5413094669135,-5.8203000211474585,145.3224644023389,84.79680925293408,-7.564800235126809,0.7336306911877175,800.4556556450235,0.5973063103713153
28,0.28,-0.6994778463408979,1699.014357652429,-0.8395968844681365,0.9669833119397411,,0.8268642738125025,0.24888071212145924,1299.9627162108914,0.10876167399422065,0.6820678465666805,1400.3959033453364,0.5419488084394419,2.894028745362827,1202.6078642441325,2.7539097072355885,1.7891760333048303,1101.5030115320747,1.6490569951775917,1.0088319368486238,1000.7226674356184,0.8687128987213852,-197.80272149601038,1503.3466118127753,0.6647002408289024,-351.52543251886027,,6.2319624034560475,-458.0097292884074,1192.5752826327798,3.3578831649324092,-498.3066443314857,1048.5827535361816,-4.325067526649988,4.616965489560535,795.6129255003741,-4.533999993411762,0.023629286100957714,799.7374647848708,-0.11648975202628087,,800.6336674499928,0.7797129130957496,-1.9288392332611248,797.7849962655087,-2.0689582713883636,0.754378423174135,800.468213921944,0.6142593850468964,199.10089265181884,1501.1191490284525,-1.5627625434938204,352.30004197737827,1393.980110534406,-3.8053911182610305,446.5843243706758,1193.3777708289003,-5.097218175613837,504.3274753201158,1037.714915119162,-6.012809832239133,,801.8765354603406,-6.220464911869327,0.4615186579326621,800.1753541567025,,1.8666058844937454,801.5804413832635,1.7264868463665068,1.5902782805265794,801.3041137792964,1.4501592423993408,4.05221258150391,803.7660480802737,3.9120935433766713,-149.23607171166574,911.6863049061125,3.737182201395386,-149.0513316797603,561.8710449380179,3.921922233300858,-146.8558541526967,114.06652246508145,6.117399760364444,0.11971665444422219,799.833552153214,-0.02040238368301639,148.9763008349537,888.0539242171756,-3.996953078107441,145.73333264074878,534.8109560229706,-7.239921272312348,146.35996430211415,85.43758768433601,-6.613289610946993,0.9121825477771788,800.626018046547,0.7720635096499402
29,0.29,-0.24081023873310659,1699.4650599262336,-0.3845909497097365,2.2780663090656175,1551.9839364740324,2.134285598088988,1.853073559041802,1301.5589437240085,1.709292848065172,-1.0697957204935544,1398.636074444473,-1.2135764314701842,-0.5228312890070053,1199.1830388759597,-0.6666119999836352,1.5919305219268314,1101.2978006868934,1.4481498109502016,2.162659365603282,1001.8685295305698,2.018878654626652,-195.96198535279845,1505.4920526232193,2.749158151268017,-355.0740145620239,1390.3250370558053,3.256823091894152,-457.6036333802214,1192.1506539987847,3.1530760266642215,-496.0575032418526,1049.794280860393,-2.0895455144123263,4.562751334341863,796.5593065747021,-4.33708936433116,3.3624113020692477,803.0682814670358,3.2186305910926176,3.571582542325493,803.277452707292,3.4278018313488636,2.958234389224347,802.6641045541909,2.8144536782477174,2.6447516124915205,802.3506217774581,2.5009709015148904,201.17628713311757,1503.517963402072,0.7750689301205933,348.60997497903855,1390.441536007029,-7.104509311106831,448.35013534630247,1195.223185374679,-2.5482554747853565,503.30016426619727,1037.0177359838015,-6.500798897042529,2.164971915750321,803.5564209601505,-4.1228527903444325,-0.5600441034612524,799.1458260615053,-0.7038248144378824,3.467906796071463,803.173776961038,3.324126085094833,0.10159238049817176,799.8074625454648,-0.04218833047845816,1.3895915056366581,801.0954616706032,1.245810794660028,-145.78898325449393,915.5280574848827,7.266935125240207,-146.4969013395757,564.8201393998008,6.559017040158459,-147.35732004309557,113.95972069628095,5.69859833663858,1.5981088184386023,801.3039789834052,1.4543281074619725,146.27331869180603,884.9562779524294,-6.782599687928109,145.89373956856016,534.5766988291837,-7.162178811173975,147.1757540058122,85.85871326643566,-5.880164373921962,1.302032796008135,801.0079029609747,1.158252085031505
30,0.3,1.9972321928045438,1701.6953681566747,1.8499268613735338,1.8511240279500263,1551.5492599918202,1.7038186965190163,1.0208332580338615,1300.7189692219042,0.8735279266028516,0.9459393235986472,1400.644075287469,0.7986339921676373,-1.9493676261939155,1197.7487683376764,-2.0966729576249254,0.09847520739969329,1099.79661117127,-0.04883012403131659,-1.6420410664058207,998.0560948974644,-1.7893463978368307,-195.76556955583874,1505.9931652153336,3.192704566870244,-352.194017520225,1393.3223490942273,6.681879151331252,-455.6043020732295,1193.3068627656125,4.50232075792657,-496.90775694924776,1047.9426099335344,-2.9062076731765463,3.3137027689752934,796.3527338432389,-5.273546463593106,-0.24597916899771077,799.4521567948725,-0.39328450042872065,-0.2595747705207826,799.4385611933495,,-0.2317025532474416,799.4664334106228,-0.3790078846784515,0.24901914697808725,799.9471551108484,0.10171381554707737,201.58851530201574,1504.2523422086285,1.4518815601649826,348.58254410181564,1390.5823298855123,-6.722375027524327,444.2051888593773,1191.1576533522955,-5.9095015278366425,501.4642672348609,1035.580387814143,-7.727958728303658,3.191375265933105,804.5503368620915,-2.674065440259722,0.8672743506204986,800.5654103144908,0.7199690191894887,1.5139794562738098,801.2121154201441,1.3666741248427998,-0.4964623354114571,799.2016736284588,-0.643767666842467,-0.2852114695583262,799.4129244943119,-0.4325168009893361,-147.92656828437484,913.7825680654887,5.20842253730932,-144.36182194423796,567.3473144056256,8.7731688774462,-145.3313446762022,116.37779167366139,7.803646145481959,-0.917113358629058,798.7810226052412,-1.0644186900600678,148.24665420754692,886.5375178576834,-4.888336614137239,149.4420885339453,537.7329521840817,-3.692902287738847,145.1424259962875,83.43328964642392,-7.99256482539666,1.0200097972064073,800.7181457610767,0.8727044657753974
31,0.31,0.6412012644123378,1700.3318410692204,0.4905123629501956,0.7583486489419702,1550.4489884537502,0.607659747479828,0.7649342086821275,1300.4555740134901,0.6142453072199853,0.5004811530953345,1400.1911209579034,0.3497922516331923,4.53238395578133,1204.2230237605895,4.381695054319188,-1.2720271887376358,1098.4186126160705,-1.4227160901997782,1.120978500411939,1000.81161830522,0.9702895989497969,-198.28188359768603,1503.7811562422025,0.9266227059517154,-352.24743665519793,1393.3891277069222,,-453.76269928197837,1194.2954010969124,5.657039163859505,-494.0062448882288,1049.883962279143,0.07718886011487736,0.9035252199677049,795.0212336825416,-7.312973959668103,0.6359339464578374,800.326573751266,0.4852450449956952,0.5860555879457399,800.2766953927538,0.43536668648359766,-1.4939369234502644,798.1967028813579,-1.6446258249124068,0.06815717643879105,799.7587969812469,-0.08253172502335115,203.26571066277296,1506.2500102951556,3.395476758904633,349.69664572072213,1391.8799256018199,-5.181824988874744,445.05302458039927,1192.0835054562804,-4.2803152146614165,502.76911443518594,1037.3485705383282,-5.749737639141793,-2.0662254820408044,799.2574562890626,-7.475631440924884,1.3007399032354496,800.9913797080436,1.1500510017733074,1.7739792177512848,801.4646190225594,1.6232903162891428,-0.021511228234869617,799.6691285765733,-0.17220012969701182,2.217867922667743,801.9085077274758,2.067179021205601,-146.9280104217041,915.1701104575733,6.282186385854032,-147.16203063605474,564.9360902432227,6.048166171503403,-147.77125184807088,114.32686903120646,5.438944959487246,-0.0053382333818445815,799.6853015714263,-0.15602713484398678,148.16548359944875,886.0673627201713,-5.044713208109395,149.36418619803493,537.2660653187576,-3.8460106095232014,149.64963748234484,87.55151660306748,-3.5605593252132985,0.35229674403222644,800.0429365488403,0.20160784257008424
32,0.32,3.4048050608828477,1703.0881935527616,3.2508775658377735,2.1665863330066544,1551.8499748248853,2.01265883796158,4.471037795007872,1304.1544262868865,4.317110299962797,0.9459632101434617,1400.6293517020222,0.7920357150983875,4.424571525917342,1204.1079600177961,4.270644030872267,5.95272588951127,1105.63611438139,5.798798394466196,0.9160144428362144,1000.599402934715,,-195.2197248676272,1507.1468429369622,4.241802458613895,-354.03880519415986,1391.7195410282202,5.833571828827695,-454.5756906273499,1192.6219262264044,4.122886694062714,-493.65390020059226,1049.322110752611,0.5603927153361047,1.584671979545485,796.8113236359903,-6.206640240623905,3.6681937370908555,803.3515822289697,3.5142662420457813,-0.3167947908038473,799.366593701075,-0.4707222858489215,-1.6068611936302108,798.0765272982486,-1.760788688675285,2.5586061526005945,802.2419946444794,2.40467865755552,203.07676600429278,1506.3794520978545,3.4744116195060752,349.6683132042395,1392.0488648540434,-4.768612597058392,448.09169207718173,1195.1976137623737,-0.46552728486446426,502.6028844885496,1037.7064499330436,-5.183212913286294,-0.5869990459266953,800.695111789694,-5.51111538440199,-0.7812189836807686,798.9021695081981,-0.9351464787258428,3.1212338261698824,802.8046223180487,2.9673063311248082,-2.1026238566258457,797.580764635253,-2.25655135167092,-0.7464350787821068,798.9369534130967,-0.900362573827181,-149.54763266230344,912.9357888393347,3.7336230161420207,-149.67679286219004,562.8066286394481,3.6044628162554346,-146.7305500217808,115.75287147985739,6.550705656664656,2.158451272660358,801.8418397645391,,149.11343110410368,886.6300096024655,-4.167824574341791,147.4693515780281,534.9859300763899,,148.58688805886135,86.10346655722314,-4.694367619584128,1.5356569044692265,801.2190453963481,1.3817294094241523
33,0.33,1.8005367775003016,1701.4769254983814,1.6435195172751982,1.6499487439408567,1551.326337464822,1.4929314837157532,-1.1131697551696174,1298.5632189657115,-1.2701870153947208,3.256406210946273,1402.9327949318274,3.0993889507211696,1.331523258047361,1201.0079119789284,1.1745059978222576,0.8371183548892285,1100.5135070757703,0.680101094664125,2.136971104140086,1001.8133598250213,1.9799538439149826,-196.87072466392524,1505.7982076017624,2.846294791813328,-350.8620442242571,1395.0183933235448,9.457784252614555,-453.2913008031789,1193.0409947667317,4.654485733070848,-497.45865828790664,1044.6534388585724,-3.0642643186640446,1.472024210402775,797.8317359130731,-5.843763927152841,5.403255306161451,805.0796440270426,5.246238045936348,2.784841306913762,802.461230027795,2.6278240466886587,3.7516149018572724,803.4280036227385,3.594597641632169,2.1064924687605426,801.7828811896418,1.9494752085354392,200.24686332272344,1503.8654420985497,0.9135292886005828,348.5440889771764,1391.1341770406507,-5.43802848833721,443.4873615981598,,-4.301818857138928,502.131657369941,1037.8157459311417,-4.867995308895259,2.5463215810086095,803.7771136901079,-1.8677992119526783,-0.9562402628164961,798.7201484580647,-1.1132575230415995,0.10734881936339247,799.7837375402446,-0.04966844086171096,3.078995457765063,802.7553841786463,2.9219781975399597,-0.5951752084031432,799.081213512478,-0.7521924686282466,-148.48398914050313,914.3804473054363,4.863892474224321,-147.3256769532055,565.5387594927339,6.022204661521963,-148.57709945679977,114.2873369891396,4.770782157927664,-1.58346341390994,798.0929253069712,-1.7404806741350434,146.8457934143374,883.981356968398,-6.502088200390037,146.5976289087479,533.7331924628086,-6.750252705979525,149.51633907529657,86.65190262935718,-3.8315425394308655,1.7480635591458684,801.424452280027,1.591046298920765
34,0.34,0.34628218721963033,1700.0159292635042,0.1863277660667645,0.4363295150744785,1550.105976591359,0.27637509392161264,3.009926722659701,1302.6795737989441,2.8499723015068357,1.3427760381888938,1401.0124231144734,1.182821617036028,-0.8295033988691982,1198.8401436774152,-0.9894578200220641,0.5876206297296042,1100.257267706014,0.4276662085767383,0.7946765606924788,1000.4643236369768,0.634722139539613,-198.07442317284523,1504.8953231334933,1.9002371954384054,-355.9315541247114,1390.0700401234747,4.799418118576629,-454.23204894178565,,2.9320804242435923,-495.62407718245015,1045.6782916329685,-1.0004981547913023,1.2343409780335035,798.7449126686312,-5.560025599046666,3.605133800439532,803.2747808767239,3.4451793792866656,2.3207851635641017,801.9904322398485,2.160830742411236,2.39264819129552,802.0622952675799,2.232693770142654,-0.11239375804628748,799.557253318238,-0.27234817919915333,202.82320002548798,1506.7547715634769,3.759685625422136,348.15203096810774,1390.9623930997413,-5.363886562369236,444.0865607174601,1191.33112252243,-2.9454741976997347,501.7587134024079,1038.0750695785378,-4.406884173802724,-2.0147719664717343,799.1515793431687,-5.8988515615577946,1.7473084142136752,801.416955490498,1.5873539930608094,-1.156158349731015,798.5134887265533,-1.316112770883881,-2.268966409868386,797.400680666416,-2.4289208310212524,-0.12833463209283358,799.5413124441915,-0.2882890532456994,-146.33288440245144,916.9076520618321,7.076900375222415,-149.28758452195382,563.9529519423297,4.122200255720032,-148.4559647787696,114.78457168551388,4.9538199989042315,2.4309803574956987,802.10062743378,2.271025936342833,144.76926548071694,881.5287290164334,-8.640519296956919,149.51995135754171,536.2794148932581,-3.8898334201321414,148.05520841172546,84.81467194744198,-5.354576365948383,-0.07147303116089643,799.5981740451234,-0.23142745231376227
35,0.35,1.0879242959889583,1700.7510943242307,0.9251890159023087,0.9161554592206286,1550.5793254874625,0.753420179133979,2.0878425448103153,1301.751012573052,1.9251072647236658,-0.08875607964334864,1399.5744139485985,-0.25149135972999825,2.548072497416266,1202.2112425256582,2.3853372173296163,1.2732343924333103,1100.9364044206752,1.1104991123466605,-0.45486895466864774,999.2083010735731,-0.6176042347552974,-197.40130680108322,1505.867316198988,2.832816782185271,-355.91282374140536,1390.207785433309,5.191307811953905,-453.40383161206574,1191.193873673316,2.9526434301111837,-496.3980769294741,1044.1522111278261,-1.4968185750063683,0.7058056861848965,799.378599059563,-5.525980709531838,0.7678450267195551,800.4310150549613,0.6051097466329055,-0.8142365339553708,798.8489334942864,-0.9769718140420204,-0.0894065253821712,799.5737635028596,-0.2521418054688208,-0.1730967534663279,799.4900732747755,-0.3358320335529775,200.49980684719802,1504.7410669941476,1.7065675773448068,345.4175271659468,1388.4573674459307,-7.6227017925204,442.1841167533924,1189.489736223751,-4.104427905689446,497.9437674762098,1034.9391974768685,-7.346584381688694,-2.5410061361309166,798.544530042676,-5.87972835489739,0.493697419519722,800.1568674477614,0.3309621394330724,1.4033737852679478,801.0665438135097,1.2406385051812983,0.7074903509744082,800.3706603792161,0.5447550708877585,3.5850026178729077,803.2481726461147,3.422267337786258,-143.6920418331072,919.9190246191586,9.774630688140096,-146.27754075654573,567.33352569572,7.189131764701564,-147.927180868661,115.68388558360478,5.5394916525862925,-1.9147393519831974,797.7484306762585,-2.077474632069847,147.6782277955093,884.0671613432435,-5.788444725738016,146.53119427479794,532.9201278225322,-6.935478246449347,144.43240284168002,80.82133638941423,-9.034269679567283,1.742784425035693,801.4059544532774,1.5800491449490432
36,0.36,1.224919539279838,1700.8818834689282,1.0595633199187713,0.9075101170585795,1550.5644740467071,0.7421538976975127,0.4105569583755847,1300.067520888024,0.2452007390145179,0.0628645845034086,1399.719828514152,-0.10249163485765822,0.9678689213043454,1200.6248328509528,0.8025127019432787,0.7657515663567178,1100.4227154960051,0.600395346995651,1.1408704627028095,1000.7978343923513,0.9755142433417426,-195.0816923338385,1508.4834835867805,5.413386568394182,-356.40663724171054,1389.8296810522825,5.031128346804707,-450.61307394469276,1193.120738458812,4.912714172917335,-494.7805210639325,1045.0783336146542,0.4458863194051832,0.7667491889254534,800.6066139625304,-4.866293781852594,1.9021573048174512,801.5591212344659,1.7368010854563845,-1.8978491923847631,797.7591147372636,-2.06320541174583,-0.0007870605277846554,799.6561768691207,-0.16614327988885147,2.3737826173360834,802.0307465469846,2.2084263979750167,202.69917894115207,1507.24642175327,4.1763247348836074,345.80727073836994,1389.0842604258446,-6.749707395643161,441.5754117398211,1188.935241547818,-3.9859997648871235,501.9972981475538,1039.7134430128413,-2.3833258387585152,-1.9465966491550766,799.0386583601044,-4.729401868236158,0.8810830918302576,800.5380470214787,0.7157268724691908,-1.0041057534983455,798.6528581761501,-1.1694619728594122,-0.637347392701821,799.0196165369466,-0.8027036120628878,0.7505243516556999,800.4074882813042,0.585168132294633,-150.6527843682581,913.3225628478029,2.865466300902576,-146.90116278408493,567.074184431976,6.617087885075737,-148.89436783676337,115.08097937929762,4.623882832397298,-1.4671424179912118,798.1898215116572,-1.6324986373522785,146.16776966021803,882.192422444157,-7.350481008942628,148.03173408381647,534.0563868677555,-5.486516585344182,149.9914608466304,86.01611363056941,-3.526789822530273,2.917424903925805,802.5743888335743,2.752068684564738
37,0.37,0.06346930585528687,1699.7145043190994,-0.10434439746592783,,1551.5649818037234,1.7461330871579397,3.60003255188027,1303.2510675651245,3.4322188485590552,2.0487515545885047,1401.6997865678327,1.8809378512672899,0.9865830910579361,1200.6376181043022,0.8187693877367215,1.3401481372760773,1100.9911831505203,1.1723344339548627,-0.4682060175846632,999.1828289956595,-0.6360197209058779,-197.22219577250385,1506.636823880755,3.5349970812636538,-356.3482168382564,1389.9993897866398,,-451.3127030505532,1191.563112575136,3.362414429004155,-493.3344818315449,1045.8961070220628,2.2630857977584475,1.1207458037790667,802.12599417867,-3.88259804615566,2.1800100975371866,801.8310451107814,2.0121963942159717,2.454606543969771,802.105641557214,2.2867928406485563,1.2383497064520643,800.8893847196962,1.0705360031308495,-1.2917510989816208,798.3592839142625,-1.4595648023028356,199.10844298833305,1503.9575637069208,0.8557369074295433,,1386.5211810542319,-9.067211598951804,445.5344553249884,1192.9407185465493,0.6811880749986465,501.6084685059541,1040.081620893664,-1.8348890963215825,-3.5356040143644027,797.3270096945413,-5.756674504849309,0.6165157771666167,800.2675507904107,0.44870207384540195,4.836962785105937,804.4879977983501,4.669149081784722,-0.1705155473254547,799.4805194659187,-0.3383292506466694,-2.5065057046358783,797.1445293086083,-2.674319407957093,-148.11475581066992,916.2179215693776,5.449469041170115,-148.06945919794788,566.2632181820995,5.49476565389214,-146.6163163795183,117.7163610005291,6.947908472321705,0.40758666113402375,800.0586216743782,0.23977295781280905,146.72783645414276,882.3951590740953,-6.836388397697267,149.84103007583346,535.508352695786,-3.723194776006568,146.51774157817093,82.18506419812348,-7.046483273669095,2.2148960698746807,801.8659310831189,2.047082366553466
38,0.38,-0.18702793691111852,1699.4583614518522,-0.3571322171326048,0.6313204382728587,1550.2767098270363,0.4612161580513724,-1.5903108082274835,1298.0550785805358,-1.7604150884489698,3.129894296845457,1402.7752836856089,2.9597900166239706,2.5235426250130146,1202.1689320137764,2.3534383447915284,3.1122752895299506,1102.7576646782934,2.9421710093084643,-1.7060389585259068,997.9393504302375,-1.876143238747393,-199.6191567945361,1504.5306135124413,1.4009723492633392,-357.12231868447566,1389.3310952277093,4.858692901647554,-450.6033270996447,1191.4231276070986,3.2042579508923468,-494.3644490248575,1044.3030688674078,1.6484024978389882,0.07259145261483724,802.2350209485213,-4.275471683700662,1.6999900889160284,801.3453794776793,1.5298858086945422,-0.827046322626803,798.8183430661365,-0.9971506028482893,2.4709401070850983,802.1163294958485,2.300835826863612,2.8011396344305757,802.446529023194,2.6310353542090894,200.2471929583847,1505.3936915167303,2.264050353552311,344.1974310712289,1387.965649301754,-7.378134733051627,443.1122671897225,1190.556323190766,-1.0543968573859726,500.2571098879668,1039.5180756842067,-2.228566432332328,-6.59401531616984,794.1209357321019,-8.25221958720829,3.4627557130001394,803.1081451017635,3.292651432778653,3.365101798473736,803.0104911872371,3.19499751825225,3.246638349963323,802.8920277387267,3.076534069741837,2.996953260118711,802.642342648882,2.8268489798972247,-147.32793778499868,917.3543976432038,6.276364112572438,-148.44310508099767,566.2392303472047,5.161196816573455,-149.9684100595315,114.71392536867098,3.6358918380396434,1.612150124584347,801.2575395133478,1.4420458443628608,147.49452996613417,882.8121945379318,-6.10977193143696,146.691850932717,532.0095155045145,-6.912450964854129,146.77307856621078,82.09074313800834,-6.831223331360335,2.5804172228261018,802.2258066115894,2.4103129426046155
39,0.39,2.259318878480345,1701.899351918612,2.08709429439215,0.6216202581336457,1550.2616532982652,0.44939567404545133,0.42458405181748815,1300.064617091949,0.25235946772929374,1.6301110688926708,1401.2701441090242,1.4578864848044764,1.7087961580760436,1201.3488291982076,1.5365715739878492,1.02041131823646,1100.660444358368,0.8481867341482656,2.297917759994335,1001.9379508001259,2.125693175906141,-198.81982265595602,1505.6172233708098,2.4637264546719044,-359.1085807776553,1387.444159234388,3.0796949627016326,-451.85035272599043,1189.3381202706407,1.0760214937500472,-494.92267467871795,1043.2484925324109,1.5472764904854373,-1.1023567631531148,802.2026076787388,-4.775051773270553,-0.30453578583461827,799.3354972542969,-0.4767603699228127,2.4496335729495953,802.0896666130811,2.277408988861401,0.7662223960675287,800.4062554361991,0.5939978119793343,2.2449772247336988,801.8850102648653,2.072752640645504,199.4710485818723,1504.9100336406605,1.7565367245225971,343.0797969752158,1387.099097267982,-8.00150731818783,442.7266405653349,1190.1990556128512,-0.7774245404354093,497.3839275039116,1037.4579330213446,-4.130899788759995,-2.734897517284432,797.8049742368039,-3.833694767602664,3.0998757783585957,802.7399088184901,2.9276511942704015,4.453198537718467,804.09323157785,4.280973953630272,1.5088345228131836,801.1488675629447,1.3366099387249895,0.7476619915225595,800.3876950316541,0.5754374074343651,-149.01187826061286,916.0117036113171,4.626313011147823,-148.40607948317725,566.6175023887527,5.2321117885834285,-147.93888359568234,117.08469827624766,5.699307676078358,3.1951294424571786,802.8351624825888,3.0229048583689844,147.57933658373022,882.5557547118002,-6.058854688030464,149.3315634092096,534.3079815372796,-4.306627862551081,148.3222157466871,83.29863387475712,-5.315975525073584,1.465115311127264,801.1051483512588,1.2928907270390695
40,0.4,2.500094736234783,1702.1350665589462,2.325923399689595,4.185320754822578,1553.820292577534,4.01114941827739,-0.5805385157319747,1299.0544333069795,-0.7547098522771625,2.2652539075037934,1401.9002257302152,2.091082570958606,-0.5465375758507784,1199.0884342468605,-0.7207089123959662,-0.5118808683200027,1099.1230909543915,-0.6860522048651905,2.1007771497136454,1001.7357489724251,1.9266058131684576,-198.81722510082128,1505.9032424045283,2.7298870832633035,-358.1597015515731,1388.484948414384,4.191627369125986,-450.90138757479684,1189.4632202162136,1.1333304732752507,-492.1777087837771,1045.5648467816413,4.788442219942781,-4.398330764885778,800.0281972657975,-7.38113755721067,1.5840584912846598,801.2190303139961,1.409887154739472,0.27507523777146115,799.9100470604828,0.10090390122627335,0.053142379066788425,799.6881142017781,-0.12102895747839937,-2.1891833716401203,797.4457884510713,-2.363354708185308,201.56419114728288,1507.2903846551196,4.117029333854616,344.64819211645107,1388.9202654591606,-5.9390729252347425,439.6815582932763,1187.1721805418883,-3.186277466799211,499.1334586249582,1040.0401037560844,-1.4046653797351991,-7.798552917245083,792.5367242141816,-8.345859042660535,-0.6238457443871128,799.0111260783243,-0.7980170809323006,1.3258552556663334,800.9608270783777,1.1516839191211456,-0.2159094481009114,799.4190623746105,-0.3900807846460992,-1.5419272181459691,798.0930446045654,-1.716098554691157,-146.9623612626314,918.3933002738039,6.703245295287303,-148.2242325016091,567.1314290348262,5.441374056309597,-148.03788209785932,117.31777943857604,5.6277244600593885,1.3186189354110327,800.9535907581225,1.144447598865845,148.44898314346628,883.0933216070309,-5.2166234144524255,149.0174854368884,533.6618239004531,-4.648121121030313,150.30398901312782,84.94832747669246,-3.361617544790893,-0.17204087844067928,799.4629309442707,-0.3462122149858671
41,0.41,2.1623699585176888,1701.7925814191165,1.9864286099160289,2.666300976808907,1552.2965124374077,2.4903596282072473,1.8748229514954409,1301.5050344120941,1.6988816028937812,2.1713043391933082,1401.801515799792,1.9953629905916486,0.7695848515652899,1200.399796312164,0.5936435029636302,1.0142320624703343,1100.6444435230692,0.8382907138686746,1.9573341701786124,1001.5875456307773,1.781392821576953,-198.23986119812773,1506.759797295529,3.570615150048388,-357.79885714778555,1388.9294215929447,4.670536700874874,-449.72090317265463,1189.8366774578583,1.4149841182839422,-497.7273176114314,1039.6548769506041,-0.22897334124626356,-1.2339034804453937,804.2870566153864,-3.517895437191174,0.49792925030881763,800.1281407109075,0.32198790170715796,2.2991972575198982,801.9294087181186,2.123255908918239,2.9592675969927873,802.5894790575915,2.7833262483911274,1.2800501664071557,800.9102616270058,1.104108817805496,198.96984801428536,1504.9775902892125,1.7884081437316999,347.71958917818995,1392.2447038731557,-2.3757861105665663,442.4947353636438,1189.9927738486813,0.2345004319402091,498.0745068863487,1039.8277641803618,-1.4883818819899006,-5.7375664501531,794.3618264687756,-5.745583383319732,0.4575079345675801,800.0877193951662,0.28156658596592044,2.0825581447406476,801.7127696053393,1.9066167961389877,0.3724220554434845,800.0026335160421,0.19648070684182484,0.781672522243136,,0.6057311736414763,-149.69261862105347,915.9851873361945,3.9936483526192514,-149.55087214707532,566.1269338101727,4.135394826597408,-151.10871898254254,114.56908697470546,2.5775479911302,0.8868673428242659,800.5170788034229,0.7109259942226063,149.44725408969242,883.7694481324445,-4.239012883980295,148.33324480171567,532.6554388444678,-5.353022171957063,149.9724503159916,84.29464435874362,-3.7138166576811216,0.04223106463278303,799.6724425252314,-0.13371028396887663
42,0.42,3.553741360462416,1703.17949890443,3.37620983806106,0.13986322233900483,1549.7656207663065,-0.03766830006235122,-0.38883193280405304,1299.2369256111635,-0.5663634552054091,3.4093608390129946,1403.0351183829805,3.2318293166116385,2.2724936119687333,1201.8982511559364,2.0949620895673773,0.5841615468618473,1100.2099190908293,0.40663002446049124,3.2351568518954297,1002.8609143958631,3.0576253294940736,-199.10342576125396,1506.1708205480757,2.969872845312424,-356.09191434816546,1390.7109212657383,6.449944435551624,-450.6736164597083,1188.0964711252118,-0.44043817615331077,-492.607641893723,1044.4824505426302,5.4554113307137335,-2.260105047098204,804.3222055313034,-3.8419285407358825,-0.17185485158828673,799.4539026923794,-0.3493863739896428,1.9469388582293354,801.572696402197,1.7694073358279794,1.2420070019025138,800.8677645458702,1.0644754795011577,-1.6875380212334308,,-1.8650695436347868,199.46457084608562,1505.7478261732542,2.5468784704909426,344.9057096813618,1389.6827534897177,-4.701829828712572,443.45509036924153,1190.9491976192924,1.7716833486895485,498.22731960094575,1040.8355788352299,-0.36907578173356814,-3.574111189015668,796.2566829175623,-3.059121656675057,2.555770620931103,802.1815281648989,2.378239098529747,0.5915510710477474,800.2173086150154,0.41401954864639134,0.132542388313585,799.7582999322813,-0.044989134087771054,2.062270063884068,801.6880276078517,1.884738541482712,-148.32396748736988,917.6652683906403,5.375931427486877,-150.636368599197,565.3528672788132,3.0635303156597593,-149.21627470848026,116.77296116952995,4.4836242063765015,2.1501360909539198,801.7758936349217,1.9726045685525637,148.0031356027809,882.0138997247707,-5.696763312075864,147.06458857899517,531.0753527009849,-6.635310335861588,149.9141606579589,83.92492477994868,-3.785738256897883,1.7605961707583309,801.386353714726,1.5830646483569748
43,0.43,0.49171578031928087,1700.1133313067892,0.31277692738686613,2.160787125249981,1551.78240265172,1.9818482723175666,1.9539715544486622,1301.5755870809187,1.7750327015162477,-1.6200096247523652,1398.0016059017175,-1.79894847768478,2.0697539679442114,1201.6913694944142,1.8908151150117969,3.440224040206961,1103.061839566677,3.261285187274546,0.3068277988807959,999.9284433253508,,-196.84537590751623,1508.6984864350609,5.489859542733115,-354.88243900644176,1391.9851691789443,7.685841397212455,-452.74432769543824,1185.2604618631633,-3.414426961394752,-495.52144730534707,1041.344314732883,3.135005617314504,-4.315935207122706,803.288947624302,-5.19774322888109,0.8373217724301932,800.4589372989002,0.6583829194977785,0.4996944618022814,800.1213099882723,0.32075560886986665,,800.6385522873205,0.8379979079181421,-0.5032581152089479,799.1183574112611,-0.6821969681413627,200.06335492816856,1506.6157176681272,3.4070907757994338,340.0029754123782,1385.029503885305,-9.122656606064831,443.23818870195845,1190.716546567442,2.0988144497017034,499.3393348964331,1042.8054923211964,1.6935224699012086,-6.145134436439383,,-5.1272645067451945,2.207279989991547,801.8288955164616,2.028341137059132,2.628762842716812,802.2503783691868,2.449823989784397,1.2390571262183627,800.8606726526883,1.060118273285948,1.9104493841361376,801.5320649106061,1.731510531203723,-149.50576998205233,916.7833938581499,4.200467538427336,-147.01461370526283,569.2745501349394,6.691623815216849,-148.3391128182326,117.95005102196967,5.36712470224709,-0.001972596365217738,799.6196429301048,-0.18091144929763248,149.3162083852168,883.0270445450146,-4.390029135262867,147.63600248514987,531.3468386449476,-6.070235035329788,148.25492154599297,81.96575770579072,-5.451315974486704,2.7185212220651493,802.3401367485352,2.5395823691327344
44,0.44,3.8389297603514083,1703.456720483037,3.6587693306543367,1.5050487097274787,1551.1228394324132,1.3248882800304072,1.0478689875123819,1300.665659710198,0.8677085578153102,2.328352020201505,1401.946142742887,2.1481915905044335,1.7205484727824265,1201.338339195468,1.540388043085355,3.0842022083510687,1102.7019929310368,2.904041778653997,-0.8191476029121696,998.7986431197735,-0.9993080326092412,-200.2544486973589,1505.5536938613202,2.341494629402037,-356.4013188866475,1390.520647111096,6.1470671704969035,-448.04356290850205,1189.2207397451386,0.38580256143128866,-495.11124217530164,1041.5969907607052,4.163156249221735,-4.296670542964573,804.2866042336937,-4.486011578777372,1.8005208172113503,801.418311539897,1.6203603875142787,0.009035591450547331,799.6268263141362,-0.17112483824652425,2.2157105483627353,801.8335012710484,2.0355501186656637,0.573067094884771,800.1908578175704,0.39290666518769946,199.89691002755654,1506.7116112289111,3.4994119969929707,340.72471158156736,1385.9970023028025,-7.926778148275623,442.34497908682476,1189.7953873664815,1.7149495766192864,496.2685188973767,1040.5901099477308,-0.4496287446508365,-6.8261389083573345,792.3654857190559,-5.3290909639441395,1.2653366677500344,800.8831273904357,1.0851762380529628,-0.4957912068318726,799.1219995158538,-0.6759516365289442,1.5868611384262516,801.2046518611119,1.40670070872918,4.025146079991941,803.6429368026776,3.84498565029487,-147.0664797175138,919.5103171375486,6.638548533657418,-149.4737278066914,567.1030690483709,4.231300444479822,-148.25253435200486,118.3242625030575,5.452493899166361,1.5366463502643224,801.1544370729499,1.3564859205672508,148.9178503568417,882.3410535017794,-4.787177894329502,149.32980295122195,532.7530060961595,-4.375225299949272,148.40421505280779,81.82741819774543,-5.300813198363428,5.506391482235796,805.1241822049215,5.326231052538724
45,0.45,-0.0011817524964023995,1699.6131065531308,-0.1823751908368989,1.9375266882249678,,1.756333249884471,0.6311690113507005,1300.245457316978,0.44997557301020397,2.8258039911901727,1402.4400922968175,2.6446105528496764,2.750334357048623,1202.3646226626759,2.5691409187081264,1.5114874259810251,1101.1257757316084,1.3302939876405286,1.24515526012276,1000.8594435657501,1.0639618217822635,-202.7354564990167,1503.3312714974306,0.11962261125786933,-359.7531552556613,1387.2122084936364,2.7289201224016995,-446.6402920483156,1189.910896578695,0.8945801355220646,-496.11862037343235,1040.4974471379633,3.7938348344197426,-4.613404931782339,804.899012640316,-4.123068594868873,2.852274643825799,802.4665629494531,2.6710812054853026,2.2138949946712256,801.8281833002985,2.0327015563307294,-1.8542976421191484,797.7599906635082,-2.0354910804596447,-0.5514829210576542,799.0628053845696,-0.7326763593981507,200.18664444527272,1507.2565589547805,4.044910068607816,340.71144753175395,1386.2245599710614,-7.475457589857594,439.51092428690754,1186.9208917212236,-0.6462053908255485,496.36282674617246,1041.5322006435122,0.5426328889380021,-4.590618344662078,794.2295080332502,-2.6413773538384158,-0.35620038211152605,799.2580879235159,-0.5373938204520226,-2.4644398588773413,797.14984844675,-2.645633297217838,4.193562085177667,803.807850390805,4.01236864683717,0.07104813147993116,799.6853364371073,-0.11014530686056534,-150.08749577142856,916.7638433761591,3.6085327021013276,-148.82238436062144,568.0289547869662,4.873644112908452,,117.47192931781223,4.316618643754487,-0.44896946159821294,799.1653188440291,-0.6301628999387094,150.4761906106928,883.6248514631052,-3.21983786283707,146.9379438245531,530.0866046769654,-6.758084648976817,149.59186451884526,82.74052537125762,-4.104163954684638,2.822932841992732,802.4372211476201,2.641739403652236
46,0.46,-0.14663182523213325,1699.464481479069,-0.3286669874701662,1.578408506668263,1551.1895218109694,1.39637334443023,1.9553673888705718,1301.5664806931716,1.7733322266325389,-0.6356890393827543,1398.9754242649183,-0.8177242016207873,0.8298210380947092,1200.4409343423958,0.6477858758566762,-0.5457072624082786,1099.0654060418929,-0.7277424246463116,0.8511460702617404,1000.4622593745628,0.6691109080237074,-200.0447841998156,1506.2744810621327,3.0675163721086296,-359.78545695700893,1387.2118871289365,2.583964296440061,-447.4511856850411,1188.4167597929095,-0.8014884609669976,-493.3882126870859,1043.199168196418,7.1777198740748025,-5.69718511412982,804.6904263563497,-4.54500640081945,0.9915040548042318,800.6026173591054,0.8094688925661988,0.3335179399548578,799.944631244256,0.15148277771682483,2.0835987215952523,801.6947120258964,1.9015635593572193,4.6996378779869445,804.3107511822881,4.517602715748911,198.9517213106882,1506.269375373154,3.0624106831297526,339.71443385617863,1385.4622745102163,-8.019185553916222,441.57222043446916,1188.9290576240649,1.8499309202923815,494.3830130164985,1040.3875473236094,-0.5754638651675936,-7.2576531489968765,791.1564301219152,-4.886169315801883,0.3485864505902876,799.9596997548914,0.16655128835225463,0.18633059058775614,799.7974438948888,0.004295428349723185,-1.5020546291759544,798.1090586751252,-1.6840897914139874,1.4424767002180645,801.0535900045192,1.2604415379800316,-149.7817410329352,917.3302539292309,3.8972680097192702,-148.82600741175418,568.2859875504118,4.853001630900286,-148.23859803178436,118.87339693038167,5.440411010870117,1.4962822951337258,801.1073955994349,1.3142471328956928,148.97104256184596,881.8590475996799,-4.707966480808519,149.4500461270328,532.3380511648667,-4.228962915621669,149.05882407658012,81.9468291144141,-4.620184966074343,-0.38325711642564686,799.2278561878754,-0.5652922786636798
47,0.47,-1.2458328148661546,1698.3624377864548,-1.4285157989062836,3.178569476585574,1552.7868400779066,2.995886492545445,,1300.5994436737717,0.8084900884104954,0.06560323234809662,1399.6738738336692,-0.11707975169203233,1.6621101711863286,1201.2703807725075,1.4794271871461997,-0.44473288680219825,1099.163537714519,-0.6274158708423272,0.13066193320261754,999.7389325345237,-0.05202105083751141,-201.25372302798812,1505.3116839888244,2.113543821709213,-359.0978915731637,1387.9196483862872,3.112778566299031,-447.8892282338009,1187.3277699675373,-2.112146757988088,-497.9621265853305,1038.6577378817217,3.267793106180862,-7.9464392663565935,803.2581193071933,-6.155063639801561,1.276190805727835,800.8844614070489,1.093507821687706,3.0575758661483743,802.6658464674694,2.874892882108245,2.0104797087472708,801.6187503100683,1.827796724707142,2.690192588778989,802.2984631900999,2.5075096047388596,197.78841907502837,1505.345998414699,2.1478582475836276,341.6411602009877,1387.6165526762084,-5.652155772907238,442.03640963304525,1189.327323430948,2.709433546673521,496.6894350917213,1043.511787946769,2.550229301097251,-7.8326987039714115,790.1413684897454,-5.071549756158026,0.6189541570382859,800.2272247583593,0.436271172998157,-0.7891047050682531,798.8191658962528,-0.9717876891083821,1.3418870362207918,800.9501576375418,1.1592040521806628,0.34475159049008774,799.9530221918111,0.1620686064499588,-148.0193224999971,919.3386489191012,5.634433375038828,-148.95482533676,568.4031460823383,4.698930538275916,-149.60183044209688,117.75614097700138,4.051925432939034,1.1993510195836155,800.8076216209046,1.0166680355434865,149.31946604258098,881.9614946234827,-4.334289832454927,150.2494325323353,532.891461113237,-3.404323342700599,150.77183291723685,83.41386149813859,-2.8819229577990644,0.2431966498177469,799.8514672511387,0.060513665777617964
48,0.48,0.7466262071056882,1700.3523911376878,0.5634918199314138,1.9337496948230826,1551.5395146254052,1.7506153076488082,-0.21763308674264437,1299.3881318438396,-0.4007674739169187,0.13914505490368367,1399.744909985486,-0.04398933227059065,-3.6480494724204866,1195.9577154581616,-3.831183859594761,1.4380040702227441,1101.043769000805,1.2548696830484698,1.2955454476142199,1000.9013103781964,1.1124110604399455,-203.07269857509357,1503.7321138853463,0.5469403421465691,-356.26425451349894,1390.7614220283238,5.741987208664942,-446.96464796107136,1187.6360417813003,-2.044429583082644,-496.5456459673902,1040.1651669710398,5.353678291250216,-7.2358776188075575,804.7235145952187,-4.832489441040234,2.621213097223226,802.2269780278054,2.438078710048951,,799.7725592365459,-0.016340081210492352,-0.6530556452300851,798.9527092853521,-0.8361900324043594,3.4664777425905045,803.0722426731727,3.28334335541623,197.67425387805434,1505.4636122525314,2.27843870933171,342.1570205346743,1388.3517802066401,-4.710593513047312,438.31124433058034,1185.5234332501543,-0.6612594444118955,496.0300470671714,1043.6484445035767,2.6618210741526696,-5.552717553998198,791.9483554037821,-2.436754074889166,1.8308106745245647,801.4365756051068,1.6476762873502904,3.6322092820852174,803.2379742126674,3.449074894910943,0.9419676390441305,800.5477325696263,0.7588332518698562,-0.8979701634349206,798.7077947671473,,-151.16605828794638,916.4224231230696,2.4540132159662145,-151.38472729495473,566.2037541160613,2.2353442089578737,-149.6035209311945,117.98496047982148,4.016550572718095,0.20891729567178796,799.814682226254,0.025782908497513635,149.06239962730874,881.4739182162928,-4.557671876603871,151.10183055852073,533.5133491475048,-2.51824094539186,150.8691767960499,83.28069538503395,-2.750894707862671,4.8330951517799114,804.4388600823621,4.649960764605638
49,0.49,0.6804464859252471,1700.2840473609158,0.4970595286219851,1.3428969438479965,1550.9464978188385,1.1595099865447345,5.6380894756218956,1305.2416903506125,5.4547025183186335,0.3428446966033525,1399.9464455715938,0.15945773930009044,0.7615547004052068,1200.3651555753959,0.5781677431019447,1.940514445151349,1101.5441153201418,1.757127487848087,0.5186222718625506,1000.1222231468532,0.33523531455928857,-202.09539441574137,1504.9417533896935,1.7736856351779227,-359.23613665626243,1387.7854360310714,2.5205912661615617,-448.99818678178644,1185.0230854054496,-4.915944661100998,-496.2501890577013,1040.606965296183,6.3187239643306885,-7.108140380486576,805.5405623460948,-4.124157504243057,1.542337796882471,801.1459386718732,1.358950839579209,1.9615554723776731,801.5651563473683,1.778168515074411,-1.4760297023045876,798.1275711726861,-1.6594166596078497,1.2256002286471528,800.8292011036378,1.0422132713438907,198.02287961797123,1506.0355478350057,2.8674800804900116,339.65573238066486,1386.0607452455063,-6.802330329994554,439.32437524187645,1186.4451254169974,0.664345368976238,495.01439822166697,1043.4029536866349,2.363422768907161,-6.1510606710238305,790.8454561506035,-2.7170379955177677,3.9916207232152843,803.595221598206,3.8082337659120222,4.159546173789902,803.7631470487806,3.97615921648664,2.855852782744601,802.4594536577353,2.672465825441339,2.76432104962836,802.367921924619,2.580934092325098,-149.7085033562667,918.0942431717285,3.869273252889562,-152.32538868823983,565.4773578397553,1.2523879209164321,-149.43414763793223,118.368598890063,4.143628971224034,1.6835909459760363,801.2871918209668,1.5002039886727743,149.56825563147433,881.7655091034791,-4.00952097768195,147.71409282972172,529.9113463017266,-5.86368377943454,150.69864042317113,82.89589389517589,-2.879136185985148,1.1144465932042602,800.718047468195,0.9310596359009982
50,0.5,2.2451365102568808,1701.8469193745084,2.0616981265177614,3.0195164553494314,1552.621299319601,2.836078071610311,0.7254798153311884,1300.3272626795826,0.5420414315920686,0.7336550134716163,1400.3354378777233,0.5502166297324965,2.602084952738372,1202.20386781699,2.418646568999252,0.894296360885823,1100.4960792251375,0.7108579771467032,-1.2977773351603414,998.3040055290912,-1.4812157188994612,-201.7996686978657,1505.462418047734,2.31558759661948,-360.99069801295144,1386.0144439227186,0.4721932338341164,-445.9587503796523,1187.5221478440312,-2.6925343126371457,-499.9622089140046,1037.093274223081,3.271145352018725,-8.836417412364407,804.4331419883483,-5.30715500782938,2.0285579537087965,801.6303408179604,1.8451195699696767,0.8709238309345224,800.472706695186,0.6874854471954026,0.6096882595331661,800.2114711237847,0.4262498757940463,1.5019317000809116,801.1037145643324,1.3184933163417918,198.14719332723428,1506.3743887141115,3.2275582629970354,341.0751253721508,1387.6804306889455,-4.991009819213503,442.37740957886547,1189.3941908097436,3.9868587885038123,492.870612282259,1041.9996751989706,0.8781678760189571,-7.602210793101645,788.860020154696,-3.8884110690763367,0.4259102376927133,800.0276931019442,0.2424718539535935,-0.6481630187447613,798.9536198455068,-0.8316014024838811,1.9884577671424954,801.5902406313941,1.8050193834033756,2.1511349435961855,801.7529178078478,1.9676965598570657,-152.7338015155299,915.2661984844701,0.7929099982249368,-150.88303878703798,567.116961212962,2.643672726716851,-148.60950055689875,119.39049944310125,4.917210956856092,1.6940550696143695,801.295837933866,1.5106166858752497,148.82476780748118,880.8247678074812,-4.701943706273651,151.97437094574192,533.974370945742,-1.5523405680129296,146.21105807734594,78.21105807734594,-7.315653436408908,1.527502542016838,801.1292854062684,1.3440641582777182
51,0.51,1.8417502092164906,1701.4420653819343,1.658463748404416,1.825841358417622,1551.4261565311353,1.6425548976055477,,1297.7498153492754,-2.0337862842542824,1.8398180163682263,1401.4401331890858,1.656531555556152,0.8903220961101002,1200.4906372688279,0.7070356352980258,0.7556594204749628,1100.3559745931927,0.5723729596628885,0.8141487605951736,1000.4144639333128,0.6308622997830993,-199.77256522925765,1507.70674568657,4.585271691427856,-359.72712201622284,1387.2492710354786,1.3985404723594868,-446.65259438899585,1186.329018515552,-4.17747294633955,-499.4516942428116,1037.850401386005,4.435567406436832,-7.638631639107988,806.1808968025259,-3.602938565103658,1.5928665050767272,801.1931816777944,1.4095800442646529,1.4844849626149985,801.0848001353327,1.3011985018029242,1.7503738372437065,801.3506890099615,1.567087376431632,3.847004360383589,803.4473195331013,3.6637178995715143,197.3436455758272,1505.7762818904216,2.654807895279473,341.5884004758413,1388.3832767834851,-4.104823035485162,442.433461837154,1189.33402325404,4.268562957516708,493.2353642726961,1043.0718942522255,1.8382253846058734,-4.590378344959153,791.3100754803006,-0.636226408426819,-0.06313907454704615,799.5371760981707,-0.24642553535912048,3.4134872080676733,803.0138023807854,3.2302007472555987,2.3614571089582324,801.961772281676,2.178170648146158,1.9014314713340932,801.5017466440518,1.7181450105220186,-151.82027174653155,916.3592178986395,1.6464658924620008,-149.5948042599625,568.5846853852086,3.871933379031043,-151.20194856221124,116.97754108295987,2.264789076782315,3.239094815294516,802.8394099880122,3.055808354482442,148.86447562937266,880.6849859842016,-4.602262009620883,152.73141679985784,534.5519271546867,-0.7353208391357104,150.38035410410382,82.20086445893273,-3.0863835348897175,0.03528841617197065,799.6356035888897,-0.1479980446401037
52,0.52,,1699.3048144793215,-0.4773165271701647,1.6772904875460493,1551.2764924048438,1.4943613983521273,0.23192458397037963,1299.831126501268,0.048995494776457704,2.793584595303517,1402.3927865126013,2.6106555061095955,0.7957315309767945,1200.3949334482745,0.6128024417828726,0.6058737687844922,1100.2050756860822,0.42294467959057025,-0.20949013150332352,999.3897117857946,-0.39241922069724544,-203.92522244952795,1503.763287893723,0.6712724396530092,-357.7802702108037,1389.1551598885533,2.9658675753158286,-445.5702971673703,1186.9550485788293,-3.8584508321742543,-498.83737143499866,1038.7556564348079,5.6878676739564415,-4.288014231875113,810.0086725682341,0.21211453584129902,1.7991701509119966,801.3983720682098,1.6162410617180747,0.44428213263591365,800.0434840499338,0.26135304344199173,1.922379144668727,801.5215810619666,1.7394500554748051,2.1456712095944908,801.7448731268923,1.9627421204005688,197.38826773006767,1506.016965502018,2.9249500479481423,342.18943394334826,1389.162488022117,-3.151199542528893,438.90578589559607,1185.6782507734467,0.9220460065371014,491.37438778112835,1041.8823508820747,0.5053394366078594,-4.60895680280235,790.7048599226143,-0.45463352822683767,1.3321929033105475,800.9313948206084,1.1492638141166256,2.922150093803618,802.5213520111015,2.7392210046096963,2.012701897575086,801.6119038148729,1.8297728083811644,2.1352579084404293,801.7344598257383,1.9523288192465074,-149.80280278685672,918.5376780255451,3.5949361236507684,-151.46792450190438,566.8725563104974,1.9298144086030937,-151.10623250947037,117.23424830293145,2.291506401037117,-0.913377486041719,798.6858244312562,-1.096306575235641,151.539647778617,883.1991669662152,-1.858091131890474,150.9912270522633,532.6507462398615,-2.4065118582441705,150.21271887959387,81.87223806719206,-3.185020030913613,3.8427277269138282,803.4419296442117,3.6597986377199065
53,0.53,0.9246108904979777,1700.523057945924,0.742246613322771,1.9847341518658759,1551.5831812072918,1.8023698746906691,-0.3872147844223912,1299.2112322710034,-0.569579061597598,3.1356756847895086,1402.7341227402153,2.9533114076143017,-0.04847917952552372,1199.5499678759004,-0.23084345670073048,1.4786093077707847,1101.0770563631966,1.296245030595578,1.8611723555530881,1001.4596194109789,1.6788080783778814,-201.39133420001366,1506.4980496889816,3.4395731001069474,-357.7862548976137,1389.0961971514885,2.5393201495742046,-445.8318509627423,1186.2820522300588,-4.852675918494356,-500.5006502725669,1037.4234449963758,4.641276165563954,-5.248762195285344,809.4508695728243,-0.32893099496303635,-0.10483644076514365,799.4936106146607,-0.2872007179403504,1.2457905950218673,800.8442376504477,1.0634263178466603,4.069769967869579,803.6682170232955,3.887405690694372,2.432062950308368,802.0305100057342,2.2496986731331616,194.88239370691517,1503.6974909967605,0.6390144078858637,341.2929803055138,1388.432238641998,-3.7165997955737198,442.56507637878957,1189.1980356388306,4.717505324511981,492.9917581893384,1044.1325414477838,2.5801406108600835,-5.558108128121022,789.1472181678275,-1.244164894432112,3.0613087189077923,802.6597557743337,2.8789444417325853,-0.8409647789416104,798.7574822764842,-1.0233290561168171,0.11571356021139478,799.7141606156373,-0.06665071696381197,0.4854909691040741,800.08393802453,0.3031266919288673,-152.04819020806153,916.434069098551,1.271432899424577,-151.09452597430604,567.3877333323065,2.225097133180075,-151.565488681351,116.91677062526162,1.7541344261351035,1.39962688659114,800.998073942017,1.2172626094159336,148.93734141898028,880.4550821123677,-4.382281688505829,149.0050710716202,530.5228117650075,-4.314552035865917,150.81418234639648,82.33192303978386,-2.505440761089629,2.264200059117642,801.8626471145435,2.081835781942435
54,0.54,0.9745970355989171,1700.5726514186915,0.793006893703299,1.3913765321808955,1550.9894309152737,1.2097863902852775,2.7710084912912185,1302.3690628743839,2.5894183493956007,0.2750554754787724,1399.8731098585715,0.09346533358315434,3.0368389063241636,1202.6348932894168,2.855248764428546,-2.042353460879152,1097.5557009222136,-2.22394360277477,0.5477379298694628,1000.1457923129623,0.36614778797384473,-198.79823053975227,1509.2834091401687,6.262525302986365,-358.9919883026372,1387.825763617898,0.8734014489844875,-445.5906339309225,1186.1583275450214,-5.310856108941186,-500.95695080832326,1037.3339829851093,4.775094335742821,-7.358885399336875,807.6686008746595,-2.066399040674715,1.7152800964777295,801.3133344795706,1.5336899545821114,-2.3108372758565823,797.2872171072363,-2.4924274177522,1.8069192557622493,801.404973638855,1.6253291138666313,0.165020689515047,799.7630750726079,-0.01656945238057106,197.9621575710439,1506.953721134569,3.9328372973865977,341.5075627478966,1388.800565052399,-3.193620535211903,441.69343165904684,1188.1760355980393,3.9367118271287223,495.06455069873095,1046.797391009931,5.036827464889007,-5.123716659713091,788.9546267722435,-0.6906945181791793,-0.6385343829106098,798.9595200001822,-0.8201245248062279,0.946388770833018,800.5444431539258,0.7647986289373999,3.3486883119699646,802.9467426950628,3.167098170074347,0.023247436253155174,799.621301819346,-0.1583427056424629,-151.56292905923027,917.041205225925,1.6693940882240157,-147.55512354087023,571.049010744285,5.677199606584056,-151.24436623570747,117.3597680494477,1.9879569117468032,0.3913964676752262,799.9894508507681,0.20980632577960812,150.26739252694773,881.6632582417925,-2.964930620506562,150.2539057289542,531.649771443799,-2.9784174185000682,149.61458270367496,81.0104484185198,-3.617740443779317,0.36988804540247777,799.9679424284953,0.1882979035068597
55,0.55,-1.1146377218357406,1698.4833898111049,-1.2952426323627833,1.5631761381003018,,1.3825712275732591,2.0318146379944775,1301.629842170935,1.8512097274674346,0.28228115055262437,1399.8803086834932,0.10167624002558173,2.3720305589179542,1201.9700580918586,2.191425648390912,-0.10265429454746644,1099.495373238393,-0.2832592050745091,3.2167828598186756,1002.8148103927592,3.036177949291633,-202.60115793967108,1505.6638375900557,2.6845692986710437,-357.5027372582882,1389.2389782053324,1.8644128877258093,-444.78616304589355,1186.645896851977,-5.169962003670027,-500.8236324893928,1037.8654098157,5.466811701686307,-6.807121643131451,808.4727782051777,-1.190904621283285,3.6911292217350415,803.2891567546757,3.510524311207999,0.3299519250678551,799.9279794580084,0.14934701454081245,-0.5489043416352493,,-0.7295092521622919,0.17561794234381156,799.7736454752844,,197.03996163244855,1506.1977984769048,3.218530185520211,340.9444555970919,1388.3783499149401,-3.4720084777523175,442.93326877145404,1189.2553165663192,5.22192549304093,494.61348172786285,1046.8959050552623,4.8938267406039895,-3.6077729382921575,789.828785659621,0.9041700187250445,3.72978687491952,803.3278144078602,3.549181964392478,0.6790900654203188,800.2771175983609,0.49848515489327616,2.7470930055306018,802.3451205384712,2.5664880950035593,1.6058067068611388,801.2038342398017,1.4252017963340962,-150.18742138005294,918.5180197337844,2.948376919179973,-153.69518681033165,565.0102543035057,-0.5593885110987369,-148.78769959600518,119.91774151783213,4.348098703227714,2.853978735871536,802.4520062688122,2.6733738253444934,152.45006516253133,883.7446240486939,-0.6857331367015727,150.8556551154471,532.1502140016097,-2.2801431837858277,148.939872117526,80.23443100368868,-4.195926181706905,0.058597715321191624,799.6566252482618,-0.12200719520585102
56,0.56,0.09491066788509173,1699.693280640305,-0.08449625352363377,0.6862888752623368,1550.284658847682,0.5068819538536113,2.1643999610906626,1301.7627699335105,1.9849930396819369,3.5400635184294806,1403.1384334908494,3.360656597020755,2.8044526551397735,1202.4028226275595,2.625045733731048,0.6257544902341201,1100.224124462654,0.4463475688253946,3.9721298593069445,1003.5704998317268,3.792722937898219,-202.85181657894,1505.5873627698743,2.653697098125847,-361.7401579736521,1384.9146614104336,-2.9075861265936838,-441.9681138760735,1189.1964806889168,-2.9772560414027245,-499.88708932895696,1039.226736328926,6.925055898735111,-3.7521316602796406,811.7049136085312,2.137459634985681,1.8198179055266424,801.4181878779465,1.6404109841179169,0.6849132332899037,800.2832832057097,0.5055063118811782,1.1898735923601487,800.7882435647799,1.0104666709514232,1.9578907322855066,,1.778483810876781,198.08285980637783,1507.3965291246836,4.462863452935237,339.50340158461535,1387.0650405371805,-4.652939648526226,441.05376472159816,1187.205791265872,3.342336647275757,494.3317907101146,1047.1200575277355,4.842689133757076,-2.1161776155311642,790.6677861909105,2.435272073723546,1.3082837152316418,800.9066536876514,1.1288767938229163,2.6883238563459457,802.2866938287658,2.5089169349372202,2.9396254459922604,802.537995418412,2.760218524583535,3.308147862022567,802.9065178344424,3.1287409406138416,-151.97315286977445,916.812391301396,1.0568824471228577,-152.2369246519198,566.5486195192507,0.7931106649775053,-150.24528567905932,118.54025849211114,2.7847496378379866,2.6971988561933453,802.2955688286131,2.51779193478462,150.57532246554862,881.7897782943782,-2.4547128513486647,151.51006892114987,532.7245247499794,-1.519966395747419,151.7990813780166,83.01353720684617,-1.2309539388806938,2.027136677251954,801.6255066496718,1.8477297558432286
57,0.57,0.4265489124218669,1700.0256339144341,0.24855428728785922,0.45601852890718275,1550.0551035309195,0.2780239037731751,1.0277356595871345,1300.6268206615996,0.8497410344531269,2.5528852614709674,1402.1519702634832,2.3748906363369597,-1.0065515845938333,1198.5925334174185,-1.184546209727841,3.394024150770882,1102.9931091527833,3.2160295256368743,2.60184141786086,1002.2009264198732,2.4238467927268523,-201.6687641914726,1506.935165350849,4.051049056306502,-357.9443199367872,1388.613309183679,0.31919193549248465,-443.3473258611954,1187.600486735586,-4.941306642210343,-501.9305144316719,1037.6301237345344,5.361872467951413,-3.560657412043543,811.9989535188563,2.5509697168849077,0.33214294558642155,799.9312279475988,0.1541483204524139,1.4749545639645032,801.0740395659769,1.2969599388304955,-0.3651957341403238,799.2338892678721,-0.5431903592743315,2.142223364157362,801.7413083661697,1.9642287390233544,196.39691586426562,1505.8557413327433,2.971625038200581,339.8909781837218,1387.5670158712815,-4.0306500741991,443.2486637735063,1189.2220234128304,5.491872581524386,496.4435646809051,1049.6931175224456,7.106422928647877,-3.8796353135008648,788.2451861771823,0.6729972721659093,0.48128935487294044,800.0803743568853,0.3032947297389328,-0.26039966801451975,799.3386853339979,-0.4383942931485274,3.478844614103748,803.0779296161161,3.3008499889697402,3.9948850615233216,803.5939700635357,3.816890436389314,-150.04307476487068,918.8007648247219,2.8719747229284893,-148.4324317718343,570.4114078177583,4.482617715964845,-152.97397249244847,115.8698670971442,-0.05892300464931033,2.3445891259459324,801.9436741279583,2.1665945008119247,152.52044855522357,883.676608965631,-0.3946009325755937,151.3103102036606,532.466470614068,-1.6047392841385524,150.74288589809711,81.89904630850445,-2.172163589702049,1.6490786206636796,801.2481636226761,1.471083995529672
58,0.58,3.7490831375957994,1703.349258891113,3.5727165520076625,0.10079002814072058,1549.7009657816582,-0.07557655744741676,1.1796202372789977,1300.7797959907964,1.0032536516908603,1.722942870667874,1401.3231186241853,1.5465762850797367,1.357970542965929,1200.9581462964834,1.1816039573777917,0.3779251449709857,1099.9781008984883,0.2015585593828484,-0.7278936651106,998.8722820884067,-0.9042602506987374,-202.1642240351075,1506.5947713606422,3.764106325430436,-356.54673252557836,1389.9040636566556,1.115229593572519,-443.939101470814,1186.8437053626728,-6.075295699149981,-500.3412025126846,1039.683624538686,7.385465341878476,-4.986336304277192,810.6024527222344,1.2954565223572703,3.8134406640434326,803.4136164175607,3.6370740784552957,3.5384332609176203,803.1386090144349,3.362066675329483,1.3299902774154035,800.9301660309327,1.1536236918272662,0.10300892146636165,799.7031846749836,,193.6108201743092,1503.203902598989,0.37323756377734574,339.1947870332698,1386.9717761302168,-4.518243829608136,443.85243731899965,1189.639384065475,6.005356117117838,494.8500972321322,1048.516006224468,5.585857029214011,-1.9964677331347822,789.4671628025275,2.520442534180832,-0.8016383222788594,798.7985374312384,-0.9780049078669968,1.450336669375156,801.0505124228924,1.2739700837870187,2.2251582588423195,801.8253340123596,2.048791673254182,2.7917946680755295,802.3919704215928,2.6154280824873917,-151.12176684107604,917.7579910815444,1.6691187469253848,-151.512159030298,567.3675988923226,1.2787265577034532,-152.34593147068816,116.53382645193236,0.4449541173132765,0.5428957207601852,800.1430714742775,0.3665291351720479,150.55869244121487,881.6789345185944,-2.232193146786552,151.86700873664708,532.9872508140265,-0.9238768513543639,152.30730051286653,83.42754259024603,-0.48358507513489024,2.8468109336960703,802.4469866872133,2.6704443481079334
59,0.59,1.901129940149453,1701.5027751285538,1.7266084592127915,-0.47402106398218957,1549.1276241244223,-0.6485425449188511,1.057557210801922,1300.6592023992064,0.8830357298652605,,1401.9256040679502,2.1494373986092135,1.193787354588415,1200.7954325429928,1.0192658736517535,1.884656078960234,1101.4863012673645,1.7101345980235725,3.871747864531984,1003.4733930529364,3.6972263835953223,-201.01603199770153,1507.8881054499177,5.114744163285548,-358.79382037807466,1387.5412346822743,-1.763778062326741,-440.8712431977868,1189.7992678664164,-3.5050633412276273,-503.9804956978926,1036.5212797771078,4.130292354904533,-3.0075922614290183,812.5386673894297,3.3924113265987677,2.6960113828965624,802.297656571301,2.521489901959901,0.5673580922188493,800.1690032806233,0.3928366112821877,3.7273200024378124,803.3289651908423,3.552798521501151,2.1516393155552063,801.7532845039597,1.9771178346185445,195.50786253408626,1505.2240928301017,2.450731543469505,343.55656810245387,1391.421056675739,0.02542320689123434,442.3947543139178,1187.9885181336042,4.412974103168115,493.75352235838204,1047.790924658477,4.483273906107483,-1.6273177402755157,789.1777720201239,2.818691276300824,2.6737350263443656,802.2753802147488,2.499213545407704,0.5850521102889974,800.1866972986935,0.41053062935233586,3.835442472389664,803.4370876607941,3.6609209914530023,1.6577155063655682,801.2593606947701,1.4831940254289067,-150.95395571705023,917.9388110100716,1.7036630217384097,-152.66645813318536,566.2263085939366,-0.008839394396710665,-151.0483295485224,117.84443717859958,1.6092891902662583,2.942159740623567,802.543804929028,2.7676382596869056,150.0307349754117,881.1379682482898,-2.626883763376947,151.4713602489283,532.5785935218064,-1.1862584898603403,150.60110881840984,81.70834209128788,-2.0565099203788124,2.434406575904224,802.0360517643087,2.2598850949675624
60,0.6,2.6219418253600844,1702.2254379215929,2.4494837207961546,0.30911265236200025,1549.912608748595,0.1366545477980705,1.5068989182356305,1301.1103950144684,1.3344408136717008,1.5839830216616742,1401.1874791178946,1.4115249170977444,1.2078311345410062,1200.811327230774,1.0353730299770765,1.968502820835329,1101.5719989170682,1.7960447162713993,3.992269369999482,1003.5957654662324,3.8198112654355523,-203.58345544268917,1505.455672405923,2.743413493436799,-358.476023282553,1387.7351964408758,-2.1060308143850737,-441.56542022548825,1189.0462755695921,-4.650481777700789,-504.8647127255852,1036.122232047452,3.5761752837128222,-5.554928338266912,809.8792426532322,0.9116858224701265,2.780130337839867,,2.6076722332759372,3.7496664299355382,803.3531625261684,3.5772083253716085,2.3175529040078016,801.9210490002406,2.145094799443872,-0.20381570892598666,799.3996803873068,-0.3762738134899164,195.57837172499345,1505.4064442130934,2.6941853006071894,339.26851748299293,1387.2071450670865,-4.1079372297941745,443.3113826886874,1188.7062414727463,5.151176266757407,493.84306368435915,1048.2075928164695,4.488652985736712,,789.5232537693602,3.7111340502100685,1.3719319015765328,800.9754279978093,1.199473797012603,2.3387004695165503,801.9421965657494,2.1662423649526206,2.195148052118797,801.7986441483516,,2.0333645885387392,801.6368606847716,1.8609064839748095,-149.90190735876962,918.9804656914205,2.6134477994936227,-150.01020238136073,568.8721706688294,2.505152776902505,-153.12311742827657,115.75925562191361,-0.607762270013331,-0.6665076986761627,798.9369883975567,-0.8389658032400924,149.3711169745262,880.4887439243361,-3.1442381837370537,152.16101639864578,533.2786433484556,-0.354338759617458,153.88722171761643,85.00484866742624,1.3718665593531922,1.2319681712859012,800.8354642675188,1.0595100667219715
61,0.61,-0.6051083883975132,1699.000622704739,-0.7752837543587761,1.3814443056259162,1550.9871753987625,1.2112689396646537,2.8958450103735576,1302.5015761035102,2.725669644412295,2.4297218818977266,1402.0354529750343,2.259546515936464,0.718803541749371,1200.324534634886,0.5486281757881082,3.5897196158174483,1103.195450708954,3.4195442498561857,1.671030624288216,1001.276761717425,1.5008552583269532,-202.4651767254691,1506.6985739811998,4.051157785396213,-359.6696776970251,1386.4105020175045,-3.9855128651076277,-445.0935147215352,1185.5134498538607,-8.581808149987511,-500.5737702286394,1040.902145283658,8.139715379177147,-3.662207352161471,811.5929084357804,2.8202003616703837,2.753628290784955,802.3593593839217,2.583452924823692,0.35071690017997126,799.9564479933167,0.18054153421870844,0.5616676621113221,800.1673987552481,0.3914922961500593,1.6635901569118503,801.2693212500486,1.4934147909505875,196.83121356813027,1506.7596395718758,4.112223376072166,343.09801336470963,1391.0976058307763,-0.15131865074257211,442.7014705860697,1187.8928174339937,4.319953279768284,494.8644363223424,1049.5126375260381,5.3490618075862075,-1.3481445439163033,788.1673747442477,2.858826264929186,1.898903081458065,801.5046341745948,1.7287277154968022,1.317656809794411,800.9233879029312,1.147481443833148,1.3142569752893918,800.9199880684262,1.144081609328129,1.660235646314362,801.2659667394512,1.4900602803530991,-151.43253737532496,917.4155884350971,0.9316954270886942,-151.8294263145244,567.0186994958977,0.5348064878892625,-153.00028203046818,115.84784377995392,-0.6360492280545397,-0.9601211980628523,798.6456098950739,-1.1302965640241152,153.88135807315504,885.033232262733,1.5171252707413956,151.2214868375041,532.373361027082,-1.142745964909567,153.41386923310222,84.56574342268009,1.0496364306885486,0.8271424641342552,800.432873557271,0.6569670981729924
62,0.62,3.447739049779554,1703.0560916701588,3.2800667582151988,1.8110936989270219,1551.4194463193064,1.6434214073626667,2.160530444016586,1301.7688830643958,1.9928581524522309,1.1523172804999555,1400.7606699008793,0.9846449889356004,1.1372609175885435,1200.745613537968,0.9695886260241884,3.5502834357047917,1103.158636056084,3.3826111441404363,3.6408065657618645,1003.2491591861412,3.473134274197509,-202.62199231889048,1506.6558100986406,4.07691431592248,-354.1065392927605,1391.8363565725256,0.8684761436025077,-439.877074040348,1190.7796768568742,-3.719142649330574,-504.89594413860465,1037.0684828646076,4.0295660070751955,-5.776415321035103,809.2356889610118,0.672165755656343,-0.0331382689589117,,-0.20081056052326685,-0.005765620905190394,799.6025869994742,-0.17343791246954554,2.544928479990652,802.15328110037,2.377256188426297,-0.49981361800219015,799.1085390023771,-0.6674859095665453,192.4561268718023,1502.4732485985594,-0.1056471841586446,339.7110178900489,1387.7586806534262,-3.4390172549537548,446.5661754475852,,7.921462077899287,,1049.787984939222,5.147050799108108,-2.220449025922297,786.6740799768655,1.823154174332271,0.30519971374152055,799.9135523341208,0.1375274221771654,0.8535487693479735,800.4619013897274,0.6858764777836184,1.6465114595335193,801.2548640799129,1.4788391679691641,0.11750231570942415,799.7258549360888,-0.05016997585493099,-149.74537038208206,919.0442476816926,2.4590515083640403,-152.57610391035206,566.2135141534225,-0.3716820199059848,-150.03620181852483,118.75341624524975,2.1682200719212474,-0.25738917459431954,799.350963445785,-0.4250614661586747,150.34833454533444,881.5587164815598,-1.8560873451116509,151.54636124231234,532.7567431785378,-0.6580606481337304,152.4988819806049,83.7092639168303,0.29446009015879293,1.4165041028103154,801.0248567231897,1.2488318112459602
63,0.63,3.6210543705385296,1703.2324173135128,3.4561063449990255,1.2624564312809294,1550.8738193742552,1.0975084057414255,2.41957052043369,1302.030933463408,2.2546224948941864,2.0726086776612362,1401.6839716206355,1.9076606521217325,2.943868450062368,1202.5552313930366,2.778920424522864,1.5831468228100156,1101.1945097657842,1.4181987972705117,0.841888568932373,1000.4532515119067,0.676940543392869,-204.37789806585707,1505.0031939143769,2.496429292884494,-357.1673723457786,1388.6330233000401,-2.922277152670402,-441.1189512601353,1189.6423644221804,-5.264074304053266,-506.2863969452039,1036.1620179721112,2.7879363440830414,-3.6413688784622833,811.0671650310356,2.72535764021929,2.641108733928626,802.2524716769029,2.476160708389122,-1.1569231267805684,,-1.3218711523200724,0.5027280304457915,800.1140909734202,0.33778000490628757,3.661387158278318,803.2727501012527,3.496439132738814,195.4742923411108,1505.5682970295272,3.0615324080348505,343.31376342263343,1391.3969725410482,0.23505458078360086,444.3461022430932,1189.1213711963792,5.397459742629285,497.4038521494814,1052.4946468754438,7.344440876611117,-0.9829998334405982,787.3131823303645,2.871538145209814,1.1907572246258546,800.8021201676002,1.0258091990863507,1.3494564125542732,800.9608193555287,1.1845083870147692,1.6336356237982155,801.2449985667726,1.4686875982587115,1.7063723433182045,801.3177352862925,1.5414243177787006,-150.8200124577075,917.8864766868684,1.21611285189671,-151.89835249170795,566.8081366528679,0.13777281789624124,-153.10696932497402,115.5995198196019,-1.0708440153698056,1.6191890605120314,801.2305520034864,1.4542410349725274,153.30768576745186,884.6011966228759,1.2715604578476645,151.32286812654922,532.6163789819733,-0.713257183054977,151.8669732621853,83.16048411760941,-0.16915204741889608,0.8433800060172464,800.4547429489916,0.6784319804777424
64,0.64,-1.3157253542950376,1698.2990387940813,-1.477727184813312,-1.8517631387691356,1547.7630010096073,-2.01376496928741,2.431130458795706,1302.045894607172,2.2691286282774312,-0.5840269791323427,1399.030737169244,-0.7460288096506171,-1.1874849335998425,1198.4272792147765,-1.349486764118117,0.9685649846377373,1100.583329133014,0.8065631541194629,-1.1175768058524829,998.4971873425238,-1.2795786363707573,-204.2154492672548,1505.257992029823,2.826898132948725,-355.29731199264523,1390.356456177778,-1.8002713718152146,-439.9626740302209,1190.9580713374742,-4.359054393077825,-507.30578695208766,1035.6182597239963,1.8520096924252027,-2.555302979021684,811.792853031421,3.6835072955120216,3.7587377836867164,803.373501932063,3.5967359531684417,2.591969066853407,802.2067332152297,2.429967236335133,-2.4633741489912993,797.1513899993851,-2.6253759795095735,1.2149589184697334,800.8297230668461,1.052957087951459,196.04054082223732,1506.1994751384862,3.768381241611727,343.91407204658196,1392.020762771814,0.8786875823567133,443.6028681556716,1188.168090992345,4.31086327671987,497.04311268067096,1052.2965518721749,6.606154706500736,0.7903061594870597,788.5158696040324,4.43295283203735,0.9519202268897947,800.5666843752662,0.7899183963715203,4.73585634568207,804.3506204940584,4.573854515163795,0.902705113286087,800.5174692616624,0.7407032827678126,-0.32044812996083816,799.2943160184155,-0.4824499604791126,-153.09671837307906,915.5017082996367,-1.2371394779192846,-153.29870294240152,565.2997237303142,-1.4391240472417488,-150.8795395042833,117.71888716843243,0.9800393908764807,2.694538697904342,802.3093028462807,2.5325368673860678,150.8116191881373,882.2131925154216,-1.0479597070224749,155.18742903008348,536.5890023573678,3.327850134923706,153.59015304502466,84.99172637230893,1.730574149864894,1.4864987972147587,801.1012629455911,1.3244969666964845
65,0.65,0.6356102982438332,1700.2541684434848,0.4767772099635934,4.055464920761119,1553.674023066002,3.896631832480879,3.0202490401902127,1302.6388071854312,2.8614159519099727,0.661908941879459,1400.2804670871203,0.5030758535992192,4.359527536163286,1203.9780856814043,4.200694447883047,0.6978357298790702,1100.31639387512,0.5390026415988304,0.5531587261852151,1000.1717168714262,0.3943256379049753,,1505.3292403879404,2.977281428095159,-354.3024038745389,1391.2017550060284,-1.568839653893772,-441.3822942759286,1189.752656323249,-5.977250016253199,-503.41107517253016,1039.9766791262316,5.7631605006791595,-4.6044804093612575,809.3305594533322,1.4626676383912298,0.9732827961000501,800.5918409413409,0.8144497078198103,1.822619021678949,801.4411771669198,1.6637859333987093,-0.15664048076258363,799.4619176644784,-0.3154735690428234,0.6532326198405625,800.2717907650815,0.4943995315603227,194.14202265251762,1504.3538073172078,2.001848357362535,344.5069065097595,1392.6255588676033,1.4869258456814698,444.39134860763085,1188.7469464685753,4.717990179625124,496.39985097873534,1051.779873530958,5.519544201157863,3.5665495668730762,790.7542533446075,6.977488279697591,1.5426957260502943,801.1612538712913,1.3838626377700545,1.0682359299385218,800.6867940751795,0.909402841658282,4.141418656672937,803.7599768019139,3.982585568392697,1.5074695449630462,801.126027690204,1.3486364566828064,-150.48732887059293,917.9778395479225,1.1877227111460813,-153.95328757745696,564.5118808410585,-2.278235995717943,-150.54406619882843,117.92110221968703,1.130985382910582,-2.7704633268966807,796.8480948183443,-2.9292964151769207,154.40312686003458,885.9379584415191,2.728075278295557,154.62290216238634,536.1577337438708,2.947850580647309,153.01587270598094,84.55070428746548,1.3408211242419341,1.7182467770466783,801.3368049222876,1.5594136887664383
66,0.66,2.448425308513805,1702.071171970768,2.2929840081303636,3.334497133326112,1552.9572437955803,3.1790558329426712,2.1370020113009214,1301.7597486735551,1.9815607109174804,0.6892601838050243,1400.3120068460591,0.5338188834215831,2.4305386365302315,1202.0532852987844,2.2750973361467905,1.3431821152918682,1100.965928777546,1.187740814908427,4.2987282480576745,1003.9214749103119,4.143286947674233,-206.2233826479576,1503.4012903583025,1.1318511054688933,-352.46902534087707,1392.8837385872725,-0.511580803382059,-438.5989940900713,1192.8046714498223,-3.3391531365055163,-505.82212045278277,1038.0141439677689,3.3003792636926974,-0.6482575241214363,812.8252768393525,5.206120225390012,-1.1881436465896014,798.4346030156646,-1.3435849469730425,2.526081277913531,802.1488279401677,2.3706399775300895,2.3924375517704863,802.0151842140247,2.2369962513870454,-0.013830475587537583,799.6089161866666,-0.16927177597097876,195.11733746768886,1505.3697820949883,3.1003428421547885,341.56827507738717,1389.687996064739,-1.4640294374038478,446.1523234430799,1190.3000872247944,6.061198660762995,496.9530726840047,1052.4262721830335,5.5676302664081865,0.6682048843849553,787.3557406706478,3.830733191839581,0.7004484594268237,800.323195121681,0.5450071590433825,0.14326912156485894,799.7660157838191,-0.012172178818582235,2.149219997246041,801.7719666595002,1.9937786968626,4.158934614885018,803.7816812771392,4.003493314501577,-152.13718474515164,916.169319272144,-0.6543393224972412,-152.7033791679582,565.6031248493375,-1.2205337453037817,-153.6331769132595,114.67332710403609,-2.1503314906051054,3.6888911968102196,803.3116378590644,3.533449896426778,155.8431578634287,887.536653846133,4.360312440774309,153.36592506152647,535.0594210442308,1.883079638872082,152.89086005840196,84.58435604110637,1.4080146357475658,0.35788060892045404,799.9806272711746,0.20243930853701286
67,0.67,2.681945495038267,1702.3092767420708,2.5301194062960173,2.384002591556687,1552.0113338385893,2.232176502814437,2.253634923749372,1301.880966170782,2.1018088350071222,1.1537777649206227,1400.781109011953,1.001951676178373,1.6518649712406748,1201.2791962182732,1.5000388824984252,1.0643127832455939,1100.691644030278,0.9124866945033443,-0.5212570706862165,999.1060741763463,-0.6730831594284661,-205.10183162114814,1504.5814345718434,2.3978163413795652,-354.4781264762671,1390.7226978070398,-3.306610531943681,-441.5759273570857,1190.1505204414443,-6.407424628509625,-505.93002822218375,1038.3365969967276,3.0719396949653786,0.15498189341658208,813.1232095988009,5.75841164653393,2.2637201466882004,801.8910513937207,2.111894057945951,1.9127938482143927,801.5401250952469,1.7609677594721433,2.873866875172458,802.501198122205,2.7220407864302087,-0.14761522519124637,799.4797160218412,-0.29944131393349593,193.94307926812272,1504.223897398299,2.0402791678352585,343.755550352907,1391.8661523565333,0.683497269221411,447.60517984196184,1191.5483027493394,7.061584090012902,498.9497541712378,1054.4856391698784,7.001844094728977,3.1444214818289153,789.3742710822131,6.045022272211944,-0.5859086262998383,799.0414226207326,-0.7377347150420879,2.5905131684649416,802.2178444154974,2.4386870797226923,1.8574705284803537,801.4848017755129,1.705644439738104,2.9496516489060216,802.5769828959385,2.797825560163772,-153.22093960312233,914.9013369230802,-1.937644128687042,-154.1454154802456,563.976861045957,-2.862120005810298,-153.9638638749673,114.15841265123527,-2.680568400531999,1.912031108998645,801.5393623560311,1.7602050202563957,150.0991249505961,881.9768484243936,-1.1841705238392186,154.61688353603319,536.4946070098306,3.3335880615978946,154.193218154471,86.07094162826843,2.9099226800356996,2.6613826078778144,802.2887138549103,2.5095565191355647
68,0.68,0.7075971245004438,1700.339910389594,0.5596099283481217,4.586575229061179,1554.2188884941547,4.438588032908856,3.508548582021011,1303.1408618471146,3.3605613858686896,0.33556933806165445,1399.9678826031552,0.18758214190933242,3.085590439790666,1202.7179037048843,2.937603243638344,2.5557803342686247,1102.1880935993622,2.4077931381163022,1.7246211431285183,1001.3569344082222,1.5766339469761963,-202.4201268637859,1507.3102143431624,5.215631067240272,-354.5498149836224,1390.4998046086705,-4.17115679665512,-444.9894238793104,1187.1132551004434,-9.858100094767185,-505.9783086938004,1038.6979213205304,2.8342521739471174,1.0927149758504706,813.5166203847073,6.410209939892787,1.7744606915253769,801.4067739566191,1.6264734953730549,1.711543474154888,801.3438567392485,1.563556278002566,4.3018107502524865,803.9341240153461,4.153823554100164,2.3799545782623386,802.012267843356,2.2319673821100166,193.6747838469031,1503.9716081531815,1.8770248772593678,343.0124411522334,1391.1045162112155,-0.12637428828478026,444.99836920152717,1188.7414726405377,3.9694289476655786,499.9494030203148,1055.5206219878023,7.386548258323204,1.9709665556868594,787.7902160102107,4.5993453329764264,5.8180888381761875,805.4504021032699,5.670101642023865,1.5100522160968417,801.1423654811905,1.3620650199445197,2.307750602620927,801.9400638677146,2.159763406468605,0.340660443876482,799.9729737089701,0.19267324772415995,-152.29690261441675,915.6154812020176,-1.22013307012263,-152.69844118970335,565.213942626731,-1.6216716454092335,-153.1286792871198,,-2.0519097428257016,-0.6263193011533861,799.0059939639402,-0.7743064973057081,151.08734650615986,883.1749626897256,0.010576961865732537,153.91217316586489,535.9997893494306,2.835403621570777,154.85428538900803,86.94190157257368,3.7775158447139137,1.1696976485267712,800.8020109136204,1.0217104523744491
69,0.69,1.2764534263415377,,1.1325289395791684,0.268656444696451,1549.906350343595,0.12473195793408176,0.737133743917349,1300.374827642816,0.5932092571549797,0.9343871821873944,1400.572081081086,0.7904626954250251,-0.4430494968306353,1199.194644402068,-0.5869739835930046,2.3651673471498236,1102.0028612460483,2.2212428603874543,1.7859184609323355,1001.4236123598309,1.6419939741699663,-203.2467300232068,1506.5190583691542,4.51663275613028,-352.9596965810685,1391.9407652310001,-3.377910852385037,,1190.0938958662798,-7.289271428507746,-504.35919004355225,1040.7036472991163,,3.6425267700645576,815.4880338568075,8.64251779263811,-0.586720649117314,799.0509732497814,-0.7306451358796833,2.1613382315999745,801.7990321304986,2.0174137448376053,2.246472064427052,801.8841659633257,2.1025475776646827,3.2404054553753165,802.8780993542739,3.0964809686129473,194.04945602009556,1504.3498536704506,2.347428057426629,343.011782833096,1391.0767723859997,-0.220292258344982,450.312357162944,1193.861509796584,8.767145479487978,496.2198945537039,1051.8024236180743,2.9948309346924713,3.132703063593925,788.5928145147806,5.4817915239481865,-0.310403750084254,799.3272901488144,-0.45432823684662327,-0.3881482753776917,799.2495456235209,-0.5320727621400609,6.204484396027738,805.8421782949264,6.060559909265368,1.6260590164585924,801.2637529153573,,-151.12083922107936,916.5559405735276,-0.25717142225786005,-152.25771960645326,565.4190601881537,-1.3940518076317459,-154.4222710386752,113.25450875593168,-3.5586032398536918,1.8861230763563888,801.523816975255,1.7421985895940195,153.9490272533696,886.2722474587626,3.085359454548088,153.06123619693585,535.384456402329,2.197568398114334,150.91071268093646,83.23393288632957,0.04704488211493407,0.471876095494002,800.1095699943926,0.32795160873163276
70,0.7,0.8473780984638214,1700.4908522454286,0.7077401519713474,4.574887370970543,1554.2183615179354,4.4352494244780685,0.45983582010427493,1300.1033099670692,0.32019787361180096,-0.5281714035656451,1399.1153027433993,-0.667809350058119,0.7463983323050147,1200.3898724792698,0.6067603858125408,2.6311514767490594,1102.274625623714,2.4915135302565856,0.9739883240798181,1000.6174624710446,0.8343503775873441,-205.8053143539035,1503.9841980926763,2.07695787861283,-350.75910030141887,1393.9955883478597,-1.9752633673210624,-440.4534650325177,1192.5586771326095,-5.233843495066188,-506.2348184570952,1039.18976887154,1.9947310767296014,1.33009508898148,812.5681774156974,5.984622059157777,2.6515175237518185,802.2949916707167,2.5118795772593447,4.9721788892275125,804.6156530361924,4.832540942735038,3.764188630144443,803.4076627771093,3.624550683651969,3.0990488664791513,802.742523013444,2.9594109199866776,193.49657582332017,1503.788063977549,1.8808237634855498,344.85810943819126,1392.8883692166137,1.5068966119658807,,1191.9150726829157,6.461987166159162,499.28919468713536,1054.8624866428593,5.360183882265172,5.717708450300941,790.8742513206115,7.783634820462356,2.015638200445344,801.6591123474102,1.8760002539528702,5.090694192835235,804.7341683398001,4.951056246342761,0.04586340713204673,799.6893375540969,-0.09377453936042723,0.4918852223994288,800.1353593693643,0.3522472759069548,-152.17060190752213,915.2448735401124,-1.5261796747447347,-151.57357886480804,565.8418965828265,-0.9291566320306512,-152.67161873113136,114.74385671650317,-2.027196498353954,3.3822378120491647,803.0257119590141,3.242599865556691,153.62273393393417,886.2072584862997,2.9783117011567866,150.59481253735595,533.1793370897215,-0.04960969542146154,151.27759338786075,83.86211794022623,0.6331711550833545,1.2160385476087336,800.8595126945736,1.0764006011162597
71,0.71,1.9172043901870068,1701.5668592132397,1.7820767067882872,0.3037562046420055,1549.9534110276948,0.16862852124328587,-0.027305079012456268,1299.6223497440403,-0.16243276241117588,2.574628034360178,1402.224282857413,2.4395003509614583,1.5699641711819967,1201.2196189942347,1.434836487783277,3.64050288692208,1103.290157709975,3.5053752035233603,1.086294920012155,1000.7359497430649,0.9511672366134354,-205.0841157483936,1504.717316851455,2.908191147905631,-352.3958048362353,1392.2178519959393,-4.408041703166479,-441.10580631434897,1192.4374646950685,-5.761118554261229,-502.48341196271883,1043.276602261261,5.355124202218087,1.1665085521626954,811.7732546359262,5.451375273758873,2.547015858366743,802.1966706814195,2.4118881749680234,1.0406700257330594,800.6903248487858,0.9055423423343398,2.6967170569650842,802.3463718800178,2.5615893735663646,3.846464663551199,803.496119486604,3.7113369801524794,195.49629611995383,1505.7663575421586,3.9572318386090792,346.4843439962014,1394.4732037484064,2.98883403127589,449.3450171861449,1192.5303164841428,6.682798815138622,500.2482966106203,1055.7953900311456,5.579392073608727,5.038090963434445,789.9504343533412,6.820117889354012,-0.9064644228682361,798.7431904001845,-1.0415921062669558,1.2228589013878557,800.8725137244406,1.087731217989136,0.4840195521934141,800.1336743752462,0.34889186879469447,1.6578066675020124,801.3074614905548,1.5226789841032928,-150.17216023455882,916.9563794715896,0.247335762867392,-151.21386200511066,565.9146777010377,-0.7943660076844634,-153.214227351166,113.91431235498234,-2.794731353739784,2.6507388427272156,802.30039366578,2.515611159328496,154.0711322655262,886.9425925593779,3.6516362680999914,152.51250360319818,535.3839638970499,2.093007605771994,151.7353583951677,84.60681868901938,1.3158623977415072,2.1149645546982567,801.764619377751,1.9798368712995373
72,0.72,3.554850419615617,1703.2110869750388,3.4244564916317044,2.1171895103597826,1551.773426065783,1.9867955823758698,2.033454467853132,1301.6896910232763,1.9030605398692189,1.6353123440556563,1401.2915488994788,1.5049184160717433,3.807423178071014,1203.4636597334943,3.6770292500871014,4.553386304523014,1104.2096228599462,4.4229923765391,1.867456323777052,1001.5236928792002,1.737062395793139,-203.7213184857241,1506.0801642907961,4.371980032885336,-353.019727227118,1391.4590080177254,-5.823209621604935,-441.7001293958774,1192.423518486645,-6.177035262633243,-505.77956877340324,1040.2884862357214,1.6042522891159883,-0.5940895640246053,,3.30080212843481,-0.4401260775147142,799.2161104779085,-0.5705200054986272,4.8405659307668465,804.4968024861901,4.710172002782933,3.165186688130797,802.821423243554,3.0347927601468836,4.381353309526637,804.0375898649498,4.2509593815427245,193.28455287501785,1503.5206516414016,1.812467383490955,344.86065087549525,1392.802468627271,1.1964988868930035,449.0608984668503,1192.0792216157838,5.802343751979996,501.49732729837575,1057.0049149701665,6.058591391020523,2.4421993676232012,787.1731679356864,3.9426304528139364,-1.2364885325042143,798.419748022919,-1.3668824604881273,1.1922784414807213,800.848514996904,1.0618845134968082,-0.3117739037477463,799.3444626516755,-0.4421678317316593,3.320744347209593,802.9769809026328,3.1903504192256795,-151.31706591533782,915.4990342068124,-1.1276833268806965,-153.55546650463444,563.2606336175159,-3.3660839161773066,-152.4059917283566,114.41010839379366,-2.216609139899477,3.4076922162536967,803.063928771677,3.277298288269784,152.0862284265795,885.2701283044291,1.896845838122364,152.44430491415855,535.6282047920082,2.2549223257014006,150.69322485572073,83.87712473357047,0.5038422672636007,1.8836399221427031,801.5398764775659,1.7532459941587901
73,0.73,0.6093996956861942,1700.2726194818545,0.48396266223199413,-0.1447930563033053,1549.5184267298648,-0.2702300897575054,,1298.6485843557375,-1.1400724638848836,-0.791848480266024,1398.8713713059021,-0.917285513720224,1.6962180597081642,1201.3594378458763,1.570781026253964,1.9529580215093365,1101.6161778076776,1.8275209880551364,0.9227194184959103,1000.585939204664,0.7972823850417102,-204.62383678834922,1505.165774949096,3.5612534478131512,-353.33917304707956,1391.0121249066835,-6.926128518433446,-443.20134013507464,1191.5504641468253,-7.447198705585084,-504.3151687234863,1042.0328852695447,2.552880872412846,2.9273085585477006,812.220166452592,6.415871495161072,4.5999237649659825,804.263143551134,4.4744867315117824,3.0445076335985375,802.7077274197666,2.9190706001443374,3.4185436612816202,803.0817634474497,3.29310662782742,3.2028532294023577,802.8660730155704,3.0774161959481576,192.95670412549757,1503.1463014072108,1.5417799059279305,346.7537623299284,1394.6439729144931,2.897529792690086,449.8000516501318,1192.6633056436588,5.923014161449203,501.4026762249664,1056.8611325030427,5.170347180349612,3.8197280016366024,788.4352239191377,5.04378439308517,1.9127026691764024,801.5759224553444,1.7872656357222023,2.0057159592601472,801.6689357454281,1.8802789258059474,1.417064073744772,801.0802838599128,1.2916270402905718,2.745474838862857,802.4086946250309,2.620037805408657,-152.1916040538402,914.2867393034514,-2.2369991597113206,-152.22722219203482,564.2511211652568,-2.2726172979059602,-150.8809289195942,115.59741443769751,-0.9263240254653322,-0.28340701269766533,799.3798127734703,-0.4088440461518654,155.95764534547848,889.4793019881869,6.003040451349616,151.2767313443052,534.7983879870135,1.3221264501763288,152.8822213155897,86.40387795829798,2.9276164214608373,2.399140103754694,802.0623598899227,2.273703070300494
74,0.74,3.2734465488051905,1702.9440513194204,3.1531890728837872,1.7942569454691195,1551.4648617160842,1.673999469547716,2.4654469462420856,1302.1360517168573,2.345189470320682,0.5199709363325598,1400.1905757069476,0.3997134604111563,2.447297808930289,1202.1179025795454,2.327040333008885,3.421411459246049,1103.0920162298612,3.301153983324646,-0.36087194359932706,999.3097328270156,-0.4811294195207305,-204.1921050100194,1505.5736781932646,4.075431795788333,-352.2965379516315,1391.9361792056065,-6.65627002330119,-441.93220566812386,1193.4939062473363,-5.895268633340306,-504.5751838682903,1042.024579514397,1.719199733684181,3.688109638475396,812.3085719078584,6.757992787135884,2.8988975883232913,802.5695023589383,2.778640112401888,2.3200126647697057,801.9906174353847,2.199755188848302,2.502741536782991,802.173346307398,2.382484060861587,1.017876514007571,800.6884812846225,0.8976190380861674,196.89513486417653,1507.0257047647879,5.527458367311428,345.41977117281294,1393.2549287874426,1.3490134162496084,450.1141220230412,1192.835649746271,5.598855717039747,502.3911094329823,,5.347717235582167,6.895538645221059,791.4641325272468,7.851207347369485,2.033767183805024,801.70437195442,1.9135097078836207,4.367390955965828,804.0379957265808,4.2471334800444245,2.1404934671436098,801.8110982377586,2.0202359912222065,5.498431923270573,805.1690366938856,5.37817444734917,-154.53318230939655,911.5823331694736,-4.817468204517352,-152.2552950159753,563.8602204628949,-2.539580911096081,-151.76785271412933,114.34766276474089,-2.0521386092501372,1.1512079494449625,800.8218127200599,1.030950473523559,153.17115438531948,887.0556389064493,3.455440280440277,150.7648367733749,534.6493212945047,1.0491226684956914,153.89425486815156,87.77873938928136,4.178540763272375,3.119734989765863,802.7903397603809,2.999477513844459
75,0.75,0.6053309045509163,1700.2837224813545,0.49047504999998437,2.357088760068831,1552.0354803368725,2.242232905517899,1.614049371320419,1301.292440948124,1.4991935167694868,2.282741154414498,1401.9611327312182,2.167885299863566,0.8934705191670562,1200.5718620959706,0.7786146646161243,1.2503487373199251,1100.9287403141236,1.1354928827689932,2.100386927486432,1001.77877850429,1.9855310729354998,-204.6861430931998,1505.0438328653113,3.654361727077472,-348.60272663685305,1395.5216294518411,-3.72164596054353,-442.2512021465909,1193.8935853356302,-5.880803736831993,-505.6615817118702,1041.1617581185528,0.004899655713371795,1.2992348482447902,809.2436163099071,3.942093733329869,-1.0575512819595088,798.6208402948441,-1.1724071365104407,2.6096318681039605,802.2880234449076,2.494776013553029,3.390112095592202,803.0685036723958,3.27525624104127,2.032060584202168,801.7104521610057,1.9172047296512358,195.62470527781548,1505.6837507048554,4.294279566621514,345.7506236461602,1393.5284382201287,1.443972671988343,452.42729601812397,1195.0218522581727,7.256519040874618,501.95619068145646,1057.3021241093234,4.090621375591415,5.512309958909143,790.1048039585154,6.210165820661034,3.6700874992748234,803.3484790760784,3.555231644723891,-0.7417789767072458,798.9366126000964,-0.8566348312581777,1.0798552355596318,800.7582468123633,0.9649993810086999,3.566555116832605,803.2449466936362,3.4516992622816733,-153.26959877101518,912.4583232903427,-3.7963102847700196,-152.50827192627602,563.2196501350818,-3.0349834400308624,-152.26614033688148,113.4617817244764,-2.7928518506363043,0.39080066728594964,800.0691922440895,0.2759448127350177,151.17455613473473,885.4466340733769,1.701267648489558,153.73907901985055,538.0111569584927,4.265790533605375,152.9678725575715,87.23995049621364,3.4945840713263325,3.7352493190832976,803.4136408958869,3.6203934645323654
76,0.76,0.5113897475086457,1700.1979698325456,0.402156855853526,1.55079506955214,1551.237375154589,1.4415621778970202,3.4847901159855574,1303.1713702010225,3.3755572243304375,0.9682976466752875,1400.6548777317123,0.8590647550201678,2.5130936697052086,1202.1996737547422,2.4038607780500887,3.5603410416284955,1103.2469211266655,3.451108149973376,3.3928804399214307,1003.0794605249583,3.283647548266311,-205.25178419625172,1504.4303997396673,3.1520887117737795,-349.8153699677675,1394.2121919373237,-5.677036392729301,-442.56708267643916,1194.3388153358023,-5.813825421607544,-506.2614669502626,1040.757870053713,-1.2729936458948092,3.427828969102901,810.6972275308564,5.639292321192312,3.011126664631631,802.6977067496686,2.9018937729765115,-3.0106055664810825,796.6759745185558,-3.1198384581362024,0.7350009921798957,800.4215810772168,0.6257681005247759,-1.6026175104610723,798.0839625745758,-1.711850402116192,191.33994404465503,1501.3150125945833,0.03670156668979363,347.37357158070233,1395.092938766963,2.810813896632414,451.4492102531247,1193.9329304885514,5.608159192957607,501.6136396044657,1056.9033139066178,2.9211479759622154,3.817480307842811,788.5064468174949,4.270483871325901,2.3821508277775307,802.0687309128144,2.272917936122411,2.1968093403847817,801.8833894254217,2.0875764487296617,0.9732403690263169,800.6598204540633,0.8640074773711972,2.088831137870509,801.7754112229075,1.9795982462153896,-152.88658397565854,912.4293441163427,-3.658651958117925,-153.7132693017105,561.6026587902907,-4.48533728416989,-155.94315280473668,109.37277528726452,-6.715220787196079,4.359200873820449,804.0457809588573,4.249967982165329,152.6143574352204,887.2984293432193,3.3864254176797863,153.48083666884102,538.1649085768398,4.252904651300423,152.19289772286547,86.87696963086425,2.96496570532486,2.211059810286052,801.897639895323,2.101826918630932
77,0.77,3.0150806157404846,1702.7102506032459,2.911691183008581,2.8580048543608707,1552.5531748418664,2.754615421628967,0.7793127225281786,1300.4744827100337,0.675923289796275,0.7417764980185195,1400.436946485524,0.6383870652866159,4.303048077687349,1203.9982180651928,4.199658644955446,3.379452423989431,1103.0746224114948,3.276062991257527,3.091547466205796,1002.7867174537113,2.9881580334738924,-205.90338411377175,1503.7190321676724,2.554147803100261,-349.6834606764133,1394.260197915453,-6.268636104836736,-442.0535544874557,1195.6538122605873,-4.869490124412133,-504.6094020882458,1042.5792921722687,-0.344468602493862,4.225743330867449,810.8258493461401,6.005343430678543,2.971927793852193,802.6670977813576,2.8685383611202893,1.3946933118795006,801.089863299385,1.291303879147597,-1.852738252121135,797.8424317353844,-1.9561276848530387,2.7435588948983822,802.4387288824039,2.6401694621664786,192.94201892129206,1502.8207187571631,1.6558343925910357,348.0165973930727,1395.6776220247937,3.178746575444245,453.16641322522213,1195.5567752652569,6.642887645442791,504.48447323559907,1059.7224486276139,4.966644242599135,,789.3636790398739,4.727653027999457,1.562472610106978,801.2576425976124,1.4590831773750743,4.918096930916105,804.6132669184216,4.814707498184202,2.0007959881678627,801.6959659756733,1.8974065554359594,2.802913649425604,802.498083636931,,-151.93139685211682,912.9485608276524,-2.9511239527788904,-154.5184458226396,560.3615118571296,-5.538172923301677,-152.31128013078987,112.5686775489793,-3.331007231451948,2.7462329534556096,802.4414029409611,2.642843520723706,151.17099375960018,886.2910360798311,2.190720860262263,151.22524863384203,536.3452909540729,2.2449757345040937,154.66603073963716,89.786073059868,5.6857578402992495,0.18308510737241934,799.8782550948779,0.07969567464051575
78,0.78,3.173816397577765,1702.8779771855639,3.0764899511290307,1.939433504797226,1551.6435942927833,1.8421070583484915,1.4859344024400798,1301.1900951904263,1.3886079559913456,1.6790228150542255,1401.3831836030404,1.581696368605491,3.284201868077511,1202.9883626560636,3.186875421628777,3.303535785480827,1103.007696573467,3.2062093390320925,0.5763086294816229,1000.2804694174678,0.4789821830328884,-207.5188163010655,1502.0318810981018,0.9825687801130654,-349.28872185185253,1394.5852180639963,-6.575433710217642,-442.9455349965924,,-5.284339854619214,-504.02320421189955,1043.3095173294464,-0.5223569598060094,5.387057324581495,811.3279257176545,6.738125275661187,3.913423926995132,803.6175847149813,3.8160974805463974,0.7855617872461849,800.4897225752323,0.6882353407974504,2.7670213867060784,802.4711821746922,2.6696949402573438,2.0148100961562867,801.7189708841424,1.9174836497075525,194.41822269501859,1504.188238396076,3.1389260780874406,349.97437446686604,1397.5783873493074,4.843738189010578,451.91184578439976,1194.2276243603912,4.696242904189516,504.9884254722956,1060.1824772675468,4.653085226032,6.929231135984239,792.0335138542399,6.939815979931671,0.36651146446883365,800.070672252455,0.2691850180200992,1.9840048516758126,801.688165639662,1.8866784052270782,1.0377500933217938,800.741910881308,0.9404236468730593,1.4872470692913364,801.1914078572775,1.389920622842602,-151.99086219027777,912.4296313773847,-3.259900256884805,-152.19385891858622,562.2266346490762,-3.4628969851932547,-150.36292026112923,114.05757330653324,-1.6319583277362701,6.061426214002802,805.7655870019889,5.9640997675540675,155.33327379001722,890.9127802223547,6.60231185662425,151.82804399253178,537.4075504248693,3.097082059138808,153.15769635699618,88.73720278933372,4.426734423603217,1.387245626770889,801.0914064147571,1.2899191803221546
79,0.79,3.071113575605235,1702.7846653772197,2.980068551033563,1.0103765778949898,1550.7239283795095,0.9193315533233175,3.477303670401307,1303.1908554720158,3.3862586458296344,2.309394973228578,1402.0229467748431,2.218349948656906,1.6718146887944345,1201.3853664904088,1.5807696642227622,1.9351034322485394,1101.648655233863,1.8440584076768671,-0.0828432026052599,999.6307085990094,-0.1738882271769322,-204.75127232624985,1504.7157946501202,3.784075846065139,-347.5368394155228,1396.2828230419627,-5.500454531222064,-443.9815252407037,1195.4408665470041,-5.798669457150056,-505.28573395443703,1042.16734668404,-2.5841588295183313,6.220090248645244,811.5158778810584,7.149617727056864,0.8581848626739013,800.5717366642886,0.767139838102229,4.962588662932895,804.6761404645475,4.8715436383612225,2.356166466749263,802.0697182683639,2.265121442177591,4.186840739316425,803.9003925409311,4.095795714744753,194.51396656034922,1504.1630749227652,3.231356118709993,347.6588633267835,1395.208431264969,2.219104613847504,453.392743555018,1195.6539579977184,5.478082984705364,505.1652884316078,1060.3262009414725,4.026365943175293,7.45465109226588,792.8788445187774,7.271247785144396,4.0425167728115765,803.7560685744262,3.951471748239904,-0.059002298493965766,799.6545495031206,-0.15004732306563806,2.259262411235511,801.9728142128502,2.1682173866638386,0.10274229983150929,799.8162941014461,0.011697275259836992,-152.65143886805848,911.286637581081,-4.170768088821615,-155.46604332667548,558.4720331224639,-6.985372547438619,-157.42153325785617,106.51654319128329,-8.94086247861932,1.0925843703354126,800.80613617195,1.00153934576374,151.91525258918574,887.9771761400463,3.4345818099488676,154.64758289311715,540.7095064439777,6.166912113880287,153.42022393443537,89.4821474852959,4.93955315519852,0.2875210938867414,800.0010728955014,0.1964760693150691
80,0.8,-0.17724800115632333,1699.5460941535764,-0.2617943829959357,0.9462281344673797,1550.6695702892,0.8616817526277674,3.8711515813381174,1303.5944937360707,3.7866051994985046,-0.35808057438785235,1399.3652615803448,-0.44262695622746473,2.809684382069093,1202.5330265368018,2.7251380002294807,0.7939108651845554,1100.5172530199172,,1.3701662879387206,1001.0935084426715,1.2856199060991083,-206.17749650180497,1503.1940834867437,2.381853130386944,-347.4824455489991,1396.2995932044735,-6.095754181721373,-445.51706810305024,1194.8140676391513,-6.769978044829166,-503.77655607952914,1043.7752069377295,-1.9037427753763299,4.430041304291827,809.098712351559,4.948510629976071,3.046402691181335,802.7697448459141,2.961856309341722,1.2843501314704755,801.0076922862032,1.1998037496308631,0.48353996330838567,800.2068821180412,0.3989935814687733,0.6814092187324661,800.4047513734653,0.5968628368928537,191.77488644717013,1501.2909722151496,0.47874185879271813,353.339381766223,1400.8383107592776,7.575574262100025,452.4178364861752,1194.6456916532475,3.799774961339902,505.81802651678913,1060.9593536266284,,6.025935114427636,791.8447241827381,5.6686309589919075,3.1897249802462246,802.913067134979,3.105178598406612,0.8688528317299096,800.5921949864627,0.7843064498902972,3.4677996312847954,803.1911417860176,3.3832532494451826,3.7551129786021695,803.4784551333349,3.6705665967625567,-152.6726446758197,910.7606594143303,-4.442554583588979,-153.25492869773794,560.1783753924121,-5.0248386055072025,-151.81909573442204,111.61420835572795,-3.589005642191298,0.7094367936474315,800.4327789483802,0.6248904118078191,153.5918947760024,890.1585906858523,5.36180468377167,151.53662477861062,538.1033206884606,3.3065346863798952,154.5845217562351,91.15121766608512,6.354431664004376,4.341729221739311,804.0650713764721,4.2571828398996985
81,0.81,1.0993328153125481,1700.8328636001224,1.021500959528918,3.014629941344169,1552.748160726154,2.9367980855605387,0.7780307337928942,1300.5115615186028,0.7001988780092641,2.6234520042474436,1402.3569827890574,2.5456201484638132,2.6645347143314417,1202.3980654991412,2.586702858547812,-0.29353337437759053,1099.4399974104324,-0.3713652301612207,4.14994654711412,1003.8834773319239,4.072114691330491,-208.36363675799373,1500.9006699263275,0.20969393166852468,-347.00316899350184,1396.759061587028,-6.236478731893167,-442.40699410567055,1198.863634306915,-3.0552073981793337,-501.73523077483,1045.8958336358965,-0.7146797217546359,5.789602431952936,809.8526048125076,5.910787083000459,1.4432814243756553,801.1768122091854,1.3654495685920252,1.7535593181283922,801.4870901029382,1.675727462344762,-0.09541932007636755,799.6381114647335,-0.17325117585999772,2.5715327334432634,802.3050635182531,2.4937008776596334,195.73927699982926,1505.1103485063463,4.419372511687274,347.9779087226852,1395.4312402864628,1.8765857803790507,455.9586424358532,1198.1754630841779,6.6354785330798105,503.4609581252923,1058.5987530343514,0.7800948265797767,9.694990456078722,795.9822926560388,9.18497624582012,-0.07123493420201266,799.6622958506077,-0.14906678998564282,2.10858307705581,801.8421138618656,2.0307512212721797,2.813804987121834,802.5473357719317,2.735973131338204,3.3117464978180964,803.0452772826279,3.233914642034466,-151.70864411505065,911.1981861439524,-3.728716566611157,-156.61977598113765,556.2870542778654,-8.639848432698159,-153.02836731979946,109.87846293920366,-5.048439771359958,1.5840193245278984,801.3175501093377,1.5061874687442682,152.08331974019148,889.1764894811884,4.1033921917519915,153.04552781356546,540.1386975545623,5.0656002651259655,152.60446654938806,89.69763629038495,4.624539000948561,,804.5128913910212,4.701528750427739
82,0.82,3.0339144287149216,1702.7780308691536,2.9630115222234794,0.8188184959994884,1550.562934936438,0.7479155895080458,2.07210338959068,1301.8162198300292,2.0012004830992374,0.5989916182988746,1400.3431080587375,0.528088711807432,2.559313048255853,1202.3034294886945,2.488410141764411,1.7393757294282908,1101.4834921698668,1.6684728229368482,2.767828659149258,1002.5119450995878,2.6969257526578154,-206.74886027012872,1502.3964722800567,1.8283851894877123,-344.0531367703235,1399.7082056402337,-3.874375966476812,-441.9302662963328,1200.3079134844734,-1.9355788894947237,-500.01622950182394,1047.6773269288374,0.13479580228590704,6.552140389590148,810.0340565325804,6.292878334910936,0.9647043855017732,800.7088208259404,0.8938014790103306,1.7303659391523758,801.474482379591,1.6594630326609332,1.9954438905488685,801.7395603309875,1.924540984057426,0.2944154450908094,800.0385318855294,0.22351253859936682,195.23859270215445,1504.4527973986462,3.8847103080773,351.5706573583387,1398.9846579689122,5.1198547914057855,453.3770478927277,1195.6062067195817,3.349716748119345,504.4589485732058,1059.6114654760854,1.0508230787340738,7.148019061495583,793.9764595876103,6.507298600194435,1.8563771330258927,801.6004935734645,1.78547422653445,3.7956374141697324,803.5397538546083,3.72473450767829,3.120951561457743,802.8650680018964,3.0500486549663006,1.4378502188189932,801.1819666592576,1.3669473123275506,-154.00236049584305,908.3570029711769,-6.271454733619852,-154.71908479243547,,-6.988179030212269,-153.98917366193248,108.37018980508753,-6.25826789970929,3.8669673728437632,803.6110838132823,3.7960644663523206,151.7914001927543,889.4320367257343,4.060494430531103,152.42981370804608,540.070450241026,4.698907945822901,155.8048022663351,93.44543879931507,8.073896504111893,2.774898336954454,802.5190147773931,2.7039954304630114
83,0.83,1.8622772303868884,1701.617374911793,1.7985161140698782,3.173068925268452,1552.9281666066745,3.1093078089514417,2.2415929360671187,1301.9966906174732,2.1778318197501085,1.7730725171663486,1401.5281701985725,1.7093114008493384,3.46789451083166,1203.2229921922378,3.4041333945146497,4.099483282914822,1103.854580964321,4.035722166597811,2.855911484732397,1002.6110091661385,2.7921503684153866,-204.68207522643263,1504.3326830286815,3.888985798187795,-343.2692319280245,1400.5111831387694,-3.6440623055401957,-442.76215189429195,1200.4688495628986,-2.0887566256640566,-501.34350643989893,1046.3985490276937,-2.0728335956605175,5.572325807580972,808.5005012606155,4.952268263180892,0.5024547192809599,800.257552400687,0.43869360296394966,-0.1598344929522535,799.5952631884538,-0.2235956092692637,2.8753473981193127,802.6304450795254,2.8115862818023025,1.6349143331514817,801.3900120145576,1.5711532168344715,194.73146108812003,1503.7771009425628,3.3334037120690847,351.3583439145691,1398.7404875961802,4.54763627415101,454.61575495980145,1196.8815945656702,3.8878130494483423,507.1551189759713,1062.3424897271968,3.0557692662686007,5.423866202359189,792.8642573322169,4.674961689637474,2.0160428168307916,801.771140498237,1.9522817005137816,1.2909607029169556,801.046058384323,1.2271995865999454,3.428842086801126,803.1839397682072,3.3650809704841156,2.210868074938054,801.9659657563442,2.147106958621044,-150.0856463112568,911.7060192123814,-2.6018862082871275,-153.94462094780272,,-6.460860844833049,-151.42722716426366,110.36443835937462,-3.943467061293982,1.2507849354780256,801.0058826168842,1.1870238191610154,149.76353876821003,887.9718732445717,2.279778665240336,153.38846524672468,541.5967997230864,5.904705143755006,151.95719753432394,90.16553201068565,4.473437431354263,3.0876527334995925,802.8427504149057,3.0238916171825823
84,0.84,0.18931861027067276,1699.955791489109,0.13291042073533954,3.633925568814765,1553.400398447653,3.577517379279432,2.3603379879985913,1302.1268108668369,2.3039297984632583,1.7467276685296047,1401.513200547368,1.6903194789942715,3.4565744353230685,1203.2230473141615,3.4001662457877355,1.3350905275207592,1101.1015634063592,1.2786823379854262,3.1346433072451108,1002.9011161860834,3.0782351177097773,-208.85642410228914,1500.0162754727114,-0.3016666033179609,-347.50788104412493,1396.3125385657313,-8.399819079971099,-444.8238826067748,1199.4223330858345,-3.4384987539124117,-499.3115299787175,1048.4680591979734,-0.9254495171432606,5.314378114850679,807.7185316751896,4.3557165321562525,-1.0548569293936483,798.7116159494446,-1.1112651189289815,0.9595254379195673,800.7259983167578,0.9031172483842341,2.5797229880717465,802.34619586691,2.5233147985364135,-0.6530409494179343,799.1134319294204,-0.7094491389532676,196.06006803776955,1504.9256147806786,4.607672704649139,351.3637978663403,1398.7227419783705,4.184328135593049,455.0861987857136,1197.4139478392392,3.6637988650383,506.2162871846373,1061.4601762237642,1.4664940468816368,4.391441671950954,792.5122706825626,3.55709813412708,1.2813773946583653,801.0478502734966,1.224969205123032,3.039835575715516,802.8063084545538,2.983427386180183,2.2241001197449233,801.9905729985832,2.16769193020959,3.6612666606440785,803.4277395394823,3.604858471108745,-155.60373410425126,905.6008158060856,-8.364497686354925,-150.88789746506214,560.3166524452748,-3.6486610471657914,-149.96842492559506,111.23612498474188,-2.729188507698722,1.9865142764272852,801.7529871552655,,153.4302456809919,892.225695770655,6.191009263095568,151.2488222975214,540.0442723871845,4.009585879625071,155.52990608327542,94.32535617293846,8.290669665379067,2.1762726694218575,801.9427455482601,2.1198644798865245
85,0.85,2.4865887173464793,1702.2648289327672,2.4377427654039803,-0.7039589848608783,1549.0742812305598,-0.7528049368033773,1.4052483196848833,1301.1834885351054,,1.0085126312986554,1400.7867528467193,0.9596666793561563,1.6083739133459902,1201.3866141287665,1.5595279614034911,2.9768016868483986,1102.7550419022689,2.9279557349058996,2.4302616524361964,1002.2085018678569,2.3814157004936973,-207.53963107135394,1501.1796562256436,0.9886970037123546,-344.1374179069605,1399.7448335747029,-5.507964553284935,-448.8954517875823,1196.385412935662,-6.7674451359791785,-502.51164984133845,1045.2977110271963,-5.007716387109935,7.06423544479678,808.9760546461965,5.791409714484849,2.6097478124539597,802.3879880278746,2.5609018605114606,3.024458675618157,802.8026988910389,2.975612723675658,0.2696438050407568,800.0478840204614,0.22079785309825772,3.83318132860548,803.6114215440261,3.784335376662981,194.7282677892422,1503.4023779872937,3.2114187653624224,352.6147437759249,1399.960298084227,5.05924640125931,455.46119019085893,1197.8768741031224,3.353046526985839,505.92237357480553,1061.2456145952638,0.5672736582848548,3.928748080320742,792.7956779534925,3.031640013621122,2.956887537368509,802.7351277527893,2.9080415854260098,-0.3539414319120171,799.4242987835087,-0.4027873838545162,1.561150269593665,801.3393904850144,1.512304317651166,3.068638947967347,802.846879163388,3.0197929960248477,-150.2439367598668,910.3549432185699,-3.2458480915380727,-151.39488894651845,559.2039910319183,-4.396800278189714,,109.33467508856847,-4.266116221539486,1.944147862988546,801.7223880784093,1.895301911046047,154.37582286206862,893.7769428836319,7.377734193739892,152.56217619943502,541.9632962209982,5.564087531106277,150.9649482102562,90.36606823181953,3.9668595419274855,2.3481956818495036,802.1264358972702,2.2993497299070045
86,0.86,0.7255156334036257,1700.5159133190957,0.6844392830025394,3.4971161028423836,1553.2875137885344,3.4560397524412974,3.719801619076284,1303.5101993047683,3.6787252686751977,0.26223690269475974,1400.0526345883868,0.22116055229367348,2.7605451141074853,1202.5509427997997,2.719468763706399,3.063653622669228,1102.8540513083612,3.022577272268142,1.9786393433111993,1001.7690370290034,1.937562992910113,-205.794291252445,1502.7603758513694,2.6974877995662627,-345.35125626541236,1398.6154686688626,-7.160034544947102,-449.6034350189342,1196.7284853960364,-6.704928007732925,-499.96277013596136,1047.8719420069258,-3.331807217075492,5.7243718939733315,807.1770977951631,4.163762894113919,1.388152898118095,801.1785505838102,1.3470765477170088,-1.3999836544873987,798.3904140312047,-1.441060004888485,0.6046510028347729,800.3950486885269,0.5635746524336867,3.376700604862472,803.1670982905546,3.335624254461386,194.75601713112485,1503.2275470682682,3.164659016465209,354.4154686029253,1401.758557751313,6.478285809281455,457.4856906451718,1200.016037086029,4.70303471305448,505.56464916332476,1060.99086718201,-0.3466825734127501,5.622428751931429,795.2978158261064,4.6848721016670805,3.0453262294130967,802.8357239151052,3.0042498790120105,-0.36785103250175055,799.4225466531904,-0.4089273829028368,0.6393469155660378,800.4297446012581,0.5982705651649516,-0.39692535498371706,799.3934723307084,-0.4380017053848033,-152.37931802096512,907.5962489555336,-5.6182415336444915,-153.14244175409073,556.833125222408,-6.381365266770112,-152.86832765521967,107.10723932127902,-6.107251167899038,1.8569716636941156,801.6473693493863,1.8158953132930293,,890.9620213797809,4.176511868959021,152.5646235943462,542.5890566178475,5.803547107025564,153.08776708264804,93.11220010614936,6.326690595327411,-0.5984548056028522,799.1919428800893,-0.6395311560039385
87,0.87,4.487489784038523,1704.2904328804527,4.454388331707496,4.886336559117254,1554.6892796555314,4.853235106786227,-1.0388527139821129,1298.7640903824322,-1.07195416631314,1.36717268931181,1401.170115785726,1.3340712369807828,1.2210601297105146,1201.0240032261247,,1.370173180059446,1101.1731162764736,1.337071727728419,2.7891628564221573,1002.5921059528363,2.75606140409113,-203.8875341291689,1504.4914653089002,4.5575957172429495,-344.1384412494718,1399.9361265200973,-6.343341227356736,-448.2668738017284,1199.129420371486,-4.572845346883886,-498.44680476077144,1049.4122793589454,-2.6729125114742542,4.137720531453484,805.1657258300609,2.3173302632923614,-2.299474210705644,797.5034688857085,-2.332575663036671,2.2627310859712813,802.0656741823855,2.229629633640254,2.799930544212281,802.6028736406264,2.7668290918812537,1.0866759287947174,800.8896190252088,1.0535744764636903,196.46138590540576,1504.719406251542,4.785536659884915,355.16481764201086,1402.517437169722,6.841909007288413,456.31152450253813,1198.9838641159831,2.868051351381352,507.89595613504844,1063.449178759909,1.480961487095645,4.068914197216396,794.6113467933159,3.112586722407639,1.5099739647425463,801.3129170611567,1.4768725124115192,1.0715014784227808,800.874444574837,1.0384000260917536,1.2089352659966237,801.0118783624108,1.1758338136655966,2.161132543684942,801.964075640099,2.1280310913539147,-150.68303616085683,908.6525317528334,-4.154073493949797,-151.09285118956961,558.2427167241207,-4.563888522662562,-153.60211061887645,105.73345729481382,-7.073147951969422,0.8171048207564883,800.6200479171706,0.7840033684254611,149.8690622097662,890.5334942960759,3.3400995428591806,152.53217709160805,543.1966091779178,6.003214424701017,151.22310762905488,91.8875397153646,4.694144962147832,1.6848039635648397,801.487747059979,1.6517025112338126
88,0.88,4.110302690085098,1703.9261767570997,4.085379244939027,2.171046138260603,1551.9869202052753,2.146122693114532,1.1613451442560843,1300.9772192112707,1.1364216991100133,4.2310359600705025,1404.0469100270852,4.206112514924432,0.40843190198434387,1200.224305968999,0.38350845683827295,3.7675577527369892,1103.5834318197517,3.7426343075909188,0.9737913401306807,1000.7896654071452,0.9488678949846098,-204.4837479273099,1503.7087114195087,3.9046650580133595,-342.9068509572837,1401.2995654571985,,-448.07326013706324,1200.397586946063,-3.561634770600946,-501.2340396127188,1046.6519380218676,-6.294656328625411,7.8826510820106135,808.5210156190257,5.831773719525845,1.9060732962412055,801.7219473632557,1.8811498510951346,0.4408208131700626,800.2566948801846,0.4158973680239917,1.9020696840532614,801.7179437510678,1.8771462389071905,2.185793477315016,802.0016675443295,2.160870032168945,195.82676643966596,1503.8605766871995,4.056530325704193,354.09804543607066,1401.4732115164595,5.386990727701327,459.23517884504486,1202.077341543445,5.146984376445424,503.3368726147648,1059.0411344130603,-3.5261892557420613,6.952854788989139,798.4167166727784,5.998527757927663,1.3717366277612226,801.1876106947758,1.3468131826151517,3.950083579267603,803.7659576462821,3.9251601341215325,1.0075121974423686,800.8233862644569,0.9825887522962977,1.5415932082251642,801.3574672752397,1.5166697630790933,-151.50788066634715,907.1720025997631,-5.205370082665336,,557.9576763933948,-4.41969628903366,-151.83669986710174,106.84318339900852,-5.5341892834199395,1.5871038945921603,801.4029779616067,1.5621804494460894,153.2586153818928,894.5787321157826,6.9561047982109985,152.17225210472998,543.4923688386198,5.869741521048175,153.7329904932577,95.05310722714744,7.430479909575894,0.4713109029383207,800.2871849699528,0.44638745779224975
89,0.89,2.6958875622479486,1702.5250755923528,2.6793429266119437,2.688367700656831,1552.5175557307616,2.6718230650208263,2.4616375218740183,1302.2908255519787,2.4450928862380135,-0.2527711229808487,1399.576416907124,-0.26931575861685353,1.3855007891586182,1201.2146888192635,1.3689561535226134,-2.573249694006158,1097.2559383360988,-2.589794329642163,-0.3319530943348834,999.4972349357699,-0.34849772997088824,-203.71035685699874,1504.2848794494168,4.611317224354817,-343.3207149146484,1401.04209644056,-6.185362061631339,-448.6896948406468,1200.8627054033634,-3.341420844938976,-500.0538608251584,1047.8650519499536,-5.919878276342749,4.031702498921767,804.3157902231696,1.7805897288057126,3.52651169990396,803.3556997300088,3.509967064267955,3.739619889807315,803.5688079199122,3.7230752541713104,3.3799722948332245,803.209160324938,3.3634276591972196,1.8474697152259885,801.6766577453308,1.8309250795899836,,1500.7701663331045,1.0966041080425595,355.4054566087305,1402.8171497131987,6.305451913108031,456.24616506282626,1199.2863723012715,1.5316744958966084,506.37885837653374,1062.257802316081,-0.8741340811326168,6.242436626568578,798.6774989713671,5.309720656034312,4.038179116715895,803.8673671468207,4.02163448107989,1.8930533819852515,801.72224141209,1.8765087463492467,2.887249912645965,802.7164379427508,2.8707052770099604,3.459242471422619,803.2884305015275,3.442697835786614,-151.39322035287987,906.6163341807815,-5.310738781121842,-152.15326924180815,555.8562852918532,-6.070787670050127,-150.60251803067368,107.40703650298762,-4.520036458915662,1.519587520687561,801.3487755507924,1.5030428850515563,149.44290994558668,891.4333554119254,3.360428373828667,152.42918595013722,544.419631416476,6.346704378379209,151.19492305745842,93.18536852379711,5.1124414857004,2.211776229022153,802.040964259127,2.1952315933861484
90,0.9,3.8273165195207204,1703.6701987515935,3.819349070225908,3.341314448919798,1553.1841966809925,3.3333469996249856,2.471643680290075,1302.3145259123628,2.4636762309952633,4.324275991023374,1404.167158223096,4.316308541728562,1.671389234756686,1201.5142714668293,1.6634217854618738,-0.04831895574120226,1099.7945632763315,-0.056286405036014564,2.870301864302545,1002.7131840963752,2.862334415007733,-205.62175928852614,1502.165774739339,2.6232125014166936,-342.31443107184015,1402.229761880522,-5.440021494460186,-448.81588634116804,1201.8218589200344,-2.615002598598911,-496.1605416839879,1051.8008464573818,-2.7964736451962837,5.307183888224752,805.2722253178148,2.8867079348932365,-0.17467172633783057,799.6682105057349,-0.18263917563264287,2.3781891131780997,802.2210713452508,2.3702216638832874,1.3008985527931587,801.1437807848658,1.2929311034983464,0.8672157852840886,800.7100980173568,0.8592483359892763,195.24962026246234,1502.8038947342575,3.261332496335241,353.37635087836173,1400.8394535974633,3.888198081312641,458.02803355896344,1201.2947870107962,2.707921390365169,505.7303534821541,1061.806833451091,-1.8523922067183354,4.557412829244756,798.0084581121071,3.664520519907601,3.185064800909416,803.0279470329822,3.1770973516146035,2.220523255715989,802.0634054877887,2.2125558064211766,2.3059802942573544,802.14886252633,2.298012844962542,3.332370570540052,803.1752528026128,3.32440312124524,-150.93197404283762,906.3936876127889,-5.062341790332351,-153.83992297319796,553.4857386824285,-7.970290720692668,-152.343935296228,104.98172635939846,-6.474303043722724,1.7744594728540863,801.6173417049268,1.766492023559274,153.5926551607998,896.2669935051733,7.723022908294519,155.05101125495364,547.7253495993272,9.181379002448347,152.19966254284356,94.87400088721706,6.33003029033826,1.6963916942832589,801.539273926356,1.6884242449884466
91,0.91,1.8784240386698432,1701.7353777724181,1.879229609074875,1.368013540716238,1551.2249672744645,1.3688191111212697,3.810375559406916,1303.6673292931553,3.811181129811948,1.391655256869973,1401.2486089906183,1.3924608272750048,-0.7111344702822167,1199.145819263466,-0.7103288998771848,0.40778856894708193,1100.2647423026954,0.40859413935211375,3.6378441721086094,1003.4947979058569,3.638649742513641,-206.2093942583578,1501.3601759845349,1.948983490507761,-341.33811858682765,1403.4127790707464,-4.677188796277225,-451.7592699313003,1199.964384926655,-4.692961252153711,-499.6829109353455,1048.3339292804997,-7.047113947916581,5.671027547986631,805.3517116966559,3.11234526362611,0.7123383906170824,800.5692921243653,0.7131439610221142,-0.4984148107302877,799.3585389230179,-0.4976092403252559,2.890524214691212,802.7474779484395,2.891329785096244,1.9660275055319676,801.8229812392802,1.9668330759369994,193.37806857586565,1500.6775448387975,1.266352344770438,355.53820005625704,1403.0684293369238,5.664289759842052,456.8796977345497,1200.4016648073266,0.9767995327339063,503.79226791785925,1060.0879563249466,-4.058523194857696,1.372139630700754,795.8786206345098,0.5356674652518207,1.8897775983473482,801.7467313320956,1.89058316875238,2.198356406845062,802.0553101405933,2.1991619772500943,2.8263738075562235,802.6833275413045,2.8271793779612553,3.7591487557518386,803.6161024895001,3.759954326156871,-150.39389895130532,906.2354213423379,-4.72918712054824,-151.91934885003616,554.709971443607,-6.2546370192790794,-152.0430548724132,104.58626542122994,-6.3783430416561036,3.196512240713834,803.053465974462,3.197317811118866,150.25088770050507,893.6215674068619,4.5861758697479775,155.44942705009365,548.8201067564505,9.784715219336567,150.63166739087464,94.0023470972315,4.966955560117554,4.701469957003943,804.5584236907522,4.702275527408975
92,0.92,2.924190941136686,1702.79559035228,2.933962703928584,2.0494550348809666,1551.9208544460244,2.0592267976728644,3.5733727893760925,1303.4447722005195,3.5831445521679903,1.8290918252071209,1401.7004912363504,1.8388635879990187,3.0665335386992427,1202.9379329498427,3.0763053014911406,0.5464621652730774,1100.4178615764165,0.5562339280649753,0.0986867905401152,999.9700862016836,0.10845855333201304,-204.58447713630298,1502.7570993346385,3.477499363723955,-341.62336232793103,1403.3597923224934,-5.127532063137177,-447.8248571630401,1204.9820364063803,,,1048.3879846274754,-7.745563541620198,5.564580640314934,804.9946602716589,2.8988019931762152,2.437417263697993,802.3088166748415,2.447189026489891,1.151816874806571,801.0232162859501,1.1615886375984688,1.716559960529884,801.5879593716734,1.7263317233217819,1.1118773645448674,800.9832767756884,1.1216491273367653,195.21333926399987,1502.2483711494144,2.9687711784999387,356.82603230031003,1404.4398663840784,6.570320287870312,458.9125017235464,1202.718398371111,2.451718126448174,507.88643909256564,1064.4214435098029,-0.16967510379831374,1.6372499746983002,797.2329867801806,0.8719817353329264,-0.6677788590459182,799.2036205520976,-0.6580070962540203,3.4398466734542583,803.3112460845978,3.449618436246156,0.03552941542393517,799.9069288265674,0.045301178215833016,0.09919319149385086,799.9705926026373,0.1089649542857487,-151.938507262186,903.9831717290866,-6.470047894739895,-151.59209963006336,554.3295793612092,-6.123640262617239,-147.21226064754754,108.70941834372498,-1.7438012801014366,4.4169767515109015,804.2883761626543,4.426748514302799,149.7903219080682,893.8686429167956,4.321862540622095,150.48643681112506,,5.0179774436789515,152.85109878280508,96.92941979153252,7.382639415358956,3.150976232658424,803.0223756438019,3.160747995450322
93,0.93,3.986781811944706,1703.8729977682117,4.005710162772436,-0.2010979254430707,1549.685118030824,-0.18216957461534067,1.3418889310307576,1301.2281048872978,1.3608172818584876,0.14013515191450243,1400.0263511081816,0.15906350274223247,-2.3807867649120045,1197.505429191355,-2.361858414084274,2.2745957957704364,1102.1608117520375,2.2935241465981666,3.0030835926154436,1002.8892995488824,3.0220119434431734,-207.14398923874194,1499.9598085286234,0.8118761549078362,-342.7844505397503,1402.456632373153,-6.404600073922385,-448.54258286201394,1205.3416456184598,0.280231352050601,-494.8861253686196,1053.2937445236469,-3.5587179760176224,4.786248616863272,803.9981625496184,2.0441128326241373,-2.0681129762894113,797.8181029799775,-2.049184625461681,2.4505414143884763,802.3367573706554,2.469469765216206,0.6859995133446344,800.5722154696116,0.7049278641723644,3.2407093743182385,803.1269253305852,3.2596377251459683,195.26254151600685,1502.023779708909,2.8758473351934417,353.2052186291006,1400.9198190010309,2.57319601650905,458.4621022988192,1202.5805735998142,1.4702956126849824,501.16752640059934,1057.9600191333252,-7.030691175760819,4.010556625394129,800.7234741634026,3.3292903554946904,2.286201528449147,802.1724174847161,2.305129879276877,0.8548703301848123,800.7410862864517,0.8737986810125423,3.9178255953532117,803.8040415516201,3.9367539461809415,0.5940340679072349,800.4802500241742,0.6129624187349649,-149.72513917890586,905.4787770409271,-4.443538140054182,-153.12601946094054,552.0778967588924,-7.844418422088875,,105.54455626407734,-4.377758916903947,0.509549224987033,800.395765181254,0.5284775758147631,151.65003150639214,896.4461152865592,6.368430467540473,147.79997340416645,542.5960571843335,2.5183723653147876,150.2937109837365,95.08979476390353,5.012109944884827,2.1969693427740604,802.083185299041,2.2158976936017907
94,0.94,2.1319871169831135,1702.0333869949934,2.160259558977013,1.971691637087321,1551.8730915150977,1.9999640790812203,3.7135459595875515,1303.6149458375978,3.7418184015814506,0.6068349692754231,1400.5082348472858,0.6351074112693225,5.835964503521126,1205.7373643815315,5.864236945515025,2.198795798872497,1102.1001956768828,2.2270682408663967,4.2848876643739295,1004.1862875423842,4.313160106367828,-207.19827944092813,1499.6582130121624,0.6418750340445931,-342.539269677032,1402.9854190798414,-6.2257203235290115,-453.3287674719345,1201.6236724969963,-3.621335009312431,-494.89717447372954,1053.3964789239608,-4.139122553266098,-0.2715349559935758,798.7529810581257,-3.0599724540253144,0.9632171444931152,800.8646170225035,0.9914895864870146,1.3078079996858323,801.2092078776961,1.3360804416797316,3.155983344556818,803.0573832225672,3.1842557865507173,1.4475266075323279,801.3489264855426,1.4757990495262272,192.57068223323958,1499.0490869188304,0.03274894071256851,357.12020514954366,1404.9533338310387,6.118862385974364,,1202.8844266764359,0.9308115143597981,505.08109070016536,1062.146955057496,-3.196027243627049,0.7450233297347797,798.5969317279662,0.15842361326263665,2.8108642916681466,802.7122641696785,2.8391367336620457,2.796166757023993,802.6975666350344,2.8244391990178923,1.123268537031501,801.0246684150418,1.1515409790254,3.4348627484948024,803.3362626265051,3.4631351904887016,-152.7310795934222,901.7461577271749,-7.626232200591072,-150.55380346865908,553.9234338519381,-5.448956075827945,-149.3791806404636,105.0980566801335,-4.274333247632448,1.175748657110072,801.0771485351204,1.2040210991039713,149.54716473053688,895.0699274099397,4.44231733770574,,547.5203792885399,6.892769216305856,153.62949592516804,99.15225860457095,8.524648532336899,1.3633295635822056,801.2647294415925,1.3916020055761047
95,0.95,1.3738694142183197,,1.4116704434482048,2.5038181649565576,1552.4207656680655,2.5416191941864428,0.6855875558235627,1300.6025350589325,0.7233885850534478,1.0022856964327165,1400.9192331995418,1.0400867256626016,4.0094688721842235,1203.9264163752932,4.047269901414109,2.347636029752257,1102.2645835328613,2.3854370589821423,1.7532808688540638,1001.6702283719633,1.791081898083949,-207.3939596985712,1499.2059721274895,0.32100665503403736,-343.56947123377466,1402.2643925843743,-7.2721683815873455,-454.70997351185196,1201.2983589038072,-4.1180083084035495,-495.5877197353031,1052.8450312668892,-5.3359443879464346,2.6609519665552916,801.5268336543813,-0.14471487803004845,2.276559682198495,802.1935071853077,2.31436071142838,1.9743306708811506,801.8912781739903,2.012131700111036,0.26780879840048266,800.1847563015097,0.3056098276303678,5.342453387208533,805.2594008903177,5.380254416438419,194.56898522434443,1500.7558383732749,1.8708729008195129,357.08800130514965,1405.057933846054,5.725786211245001,460.57755979645464,1205.4062250230397,2.6115821215674426,505.3441882829983,1062.6966851744273,-2.949150351226179,2.721307919957366,801.7277275224984,2.2377849836336354,-2.3751322711078147,797.5418152320013,-2.3373312418779295,0.5103261757070499,800.4272736788162,0.548127204936935,,800.023572711487,0.1444262376076364,0.8691814484760767,800.7861289515853,0.9069824777059619,-150.93504684311404,902.807824510735,-5.996156230558816,-150.50733320167132,553.2355381521777,-5.568442589116096,-153.11747984221307,100.62539151163594,-8.178589229657847,0.5191323238804653,800.4360798269896,0.5569333531103504,149.86638436118503,896.123513007336,4.927493748629815,151.20642967297675,,6.267539060421528,149.43305532268275,95.69018396883376,4.494164710127544,4.27068235962964,804.1876298627388,4.308483388859525
96,0.96,-0.8079958180192608,1699.1248591591564,-0.7604848260947852,2.523181653636117,1552.4560366308117,2.5706926455605927,3.145268193434169,1303.0781231706098,3.1927791853586447,0.18039466292954476,1400.113249640105,0.22790565485402037,1.3574240329879426,1201.2902790101634,1.4049350249124182,2.6430593604451436,1102.5759143376208,2.690570352369619,0.5219338421337936,1000.4547888193092,0.5694448340582692,-203.94907352195764,1502.3853263328333,3.631362533750346,-342.53913790521136,1403.6292456237393,-6.207835903337471,-452.60062968828885,1204.448115154884,-1.1274617571977947,-495.8814574405021,1052.7182521473328,-6.068545258518518,3.6992546253774936,802.4329552966641,0.9041651385607655,0.9072600483610453,800.8401150255365,0.954771040285521,1.720081977650324,801.6529369548258,1.7675929695747996,1.8601649631430792,801.7930199403186,1.9076759550675548,1.6321654469299274,801.5650204241053,1.679676438854403,195.26296766132256,1501.1498849367563,2.3959211376733585,359.557538224551,1407.6829727706152,7.84430827954105,457.9159518847377,1203.1414842497968,-0.4898278576390221,502.7007918315875,1060.3502501351393,-5.547106197861042,1.1892596857379987,801.3592922515762,0.8148765462013114,2.126741291723451,802.0595962688989,2.1742522836479266,4.723846103127553,804.656701080303,4.7713570950520285,1.0901104720136938,801.0229654491892,1.1376214639381694,-0.5332123521250485,,-0.48570136020057286,-149.49211477508615,903.5099530905659,-4.707712976711635,-150.0785056116533,552.9235622539987,-5.29410381327877,-151.80685268043476,101.1952151852173,-7.022450882060241,2.029589425079822,801.9624444022553,2.0771004170042975,151.2770425605011,898.2749746948491,6.492640762126561,152.33763245026995,549.3355645846179,7.55323065189542,148.72762778400235,95.7255599183503,3.94322598562783,1.7040051500566182,801.6368601272321,1.7515161419810938
97,0.97,1.615902389390142,1701.5650206551948,1.6733014863493048,3.338739763368754,1553.2878580291733,3.3961388603279166,4.456386395603873,1304.4055046614085,4.513785492563036,1.4272257419160754,1401.3763440077207,1.484624838875238,1.754742218818043,1201.7038604846227,1.8121413157772057,0.3154458242539091,1100.2645640900587,0.3728449212130718,1.9251306882625165,1001.8742489540671,1.9825297852216792,-206.74741384070035,1499.3127790136953,0.6892970184925933,-338.19799875025257,1408.3299073282906,-1.7824469517778692,-451.11149718337987,1206.959064261168,1.2363152758277343,-496.0848343473625,1052.711959154446,-6.639527179319411,2.6023858868237006,801.2277723728185,-0.15584851283160095,-0.20641005116510325,799.7427082146395,-0.14901095420594057,3.040834306847369,802.9899525726519,3.098233403806532,2.0068323011891045,801.9559505669937,2.064231398148267,1.9097587955999848,801.8588770614045,1.9671578925591475,194.3312723233774,1499.9102145934198,1.2867325982170974,358.1857981316749,1406.4857609626272,6.132767243700312,459.8447405440967,1205.4942798609504,1.0327010949959947,504.1542063541855,1062.107740289255,,-0.010047915619640024,801.3261992855003,-0.2716393320761801,1.11556469777878,801.0646829635833,1.1729637947379428,0.5400160215273484,800.4891342873319,0.5974151184865111,5.466251666853646,805.4153699326582,5.5236507638128085,2.539497409393481,802.488615675198,2.5968965063526435,-149.06961757433334,903.186476009157,-4.427589295823374,-150.14375929800602,552.1123342854844,-5.501731019496043,-150.45012148457582,101.80597209891462,-5.80809320606585,0.9330784917059178,800.8821967575104,0.9904775886650805,146.91847543800722,894.6623818545169,2.2764471594972395,150.98947279333015,548.7333792098398,6.347444514820184,151.9894720608758,99.73337847738539,7.347443782365838,2.2381136204253,802.1872318862298,2.2955127173844625
98,0.98,2.966784585698422,1702.9325177414507,3.0342465855017835,0.569446541651661,1550.535179697404,0.6369085414550231,3.554065969137408,1303.5197991248897,3.6215279689407702,1.1211259711447978,1401.086859126897,1.18858797094816,2.1861076192358793,1202.1518407749882,2.2535696190392414,-0.09561429135602384,1099.8701188643963,-0.028152291552661746,0.9058488565539026,1000.8715820123061,0.9733108563572647,-203.8999709155132,1501.8776482299504,3.3839791966465045,-342.24691251436354,1404.665059355515,-5.697041785188361,-453.5796671047863,1205.491054860074,-0.36696824172879694,-494.6588704080003,1054.3670845864895,-5.506588962258668,3.0201803061486654,801.5582892188381,0.3233081618603709,-0.14348320378593038,799.8222499519663,-0.07602120398256829,2.3909984708538636,802.3567316266061,2.4584604706572257,1.55121674159926,801.5169498973515,1.618678741402622,2.523887591422479,802.4896207471747,2.5913495912258413,195.58552359123397,1500.848808030762,2.3551389974582415,358.9058553929307,1407.3996033439357,6.525535408443212,457.84365042277415,1203.94365226402,-1.339756997454011,502.94334411716886,1061.2046006130195,-5.0351398422067675,-1.7060747428471155,800.7924552014389,-1.8536678837659126,1.4003683886606273,801.3661015444129,1.4678303884639894,0.40806585423702324,800.3737990099893,0.47552785404038533,1.1500745091176032,801.1158076648699,1.2175365089209653,0.9108221484559954,800.8765553042082,0.9782841482593575,-149.68481642830082,901.8214126239197,-5.1724254690170595,-149.28123514802044,552.2249939042001,-4.768844188736686,-151.87770603752065,99.62852301469992,-7.365315078236885,2.0913450594679377,,2.1588070592713,152.8396285695854,901.3333995173648,8.327237610301646,150.46390560998148,548.9576765577609,5.951514650697741,149.48853424029764,97.98230518807709,4.97614328101388,1.795024215495207,801.7607573712475,1.862486215298569
99,0.99,3.140531834157339,1703.123227090342,3.2182280798184335,0.92317155779565,1550.9058668139803,1.0008678034567442,1.8807372680920795,1301.8634325242767,,4.498253406459495,1404.480948662644,4.575949652120589,0.8383411108224816,1200.821036367007,0.916037356483576,2.316561215817689,1102.2992564720023,2.3942574614787833,0.7969865278712922,1000.7796817840559,0.8746827735323865,-205.07585871624826,1500.4111399799453,2.0464663185603964,-342.80206764067617,1404.5179358373787,-6.068176634569769,-453.6542898192654,1206.3919420786253,0.410377483586375,-492.4104837595019,1056.8783237811126,-3.473881017383372,3.2515835374197994,801.7204122279703,0.6385925867587721,-0.6960886044822647,799.2866066517024,-0.6183923588211704,1.6497691143420534,801.6324643705267,1.7274653600031478,3.20828094299394,803.1909761991786,3.285977188655034,2.9776581991591784,802.9603534553438,3.0553544448202725,196.45700045353348,1501.3973112199703,3.032637558585419,357.9975288163265,1406.704449011424,5.303666044908767,459.16273317114144,1205.7388464996932,-0.35593917802477104,504.2747786470147,1062.8437174279634,-3.4840839078163715,-1.3516064198443043,802.2987556824776,-1.3864444783987266,0.3610102636609136,800.3437055198456,0.43870650932200794,2.5465864130379687,802.5292816692227,2.6242826586990633,1.2344369855995065,,1.3121332312606007,4.406767848268496,804.3894631044532,4.48446409392959,-150.77846021552153,899.9753050064727,-6.382378489933246,-150.45736360039749,550.2964016215968,-6.06128187480919,,102.96598961174026,-3.3916938846657017,3.377522058473075,803.3602173146578,3.4552183041341693,150.25383175728655,899.5000665352923,5.857750031698251,151.88173145240376,551.1279662304095,7.485649726815479,150.17751558841363,99.42375036641938,5.781433862825341,1.1158508342449105,801.0985460904296,1.193547079906005
100,1.0,2.468449327908891,1702.4684493279087,2.5565475985776143,4.55516274831831,1554.5551627483183,4.643261018987033,1.214233571673093,1301.214233571673,1.3023318423418164,-0.03705954918941523,1399.9629404508105,0.05103872147930821,2.000830450711681,1202.0008304507116,2.0889287213804044,0.7665536188616178,1100.7665536188615,0.8546518895303412,2.36167783023859,1002.3616778302386,2.4497761009073136,-203.53605327390025,1501.652609474317,3.4159652311943107,-340.52067143008753,1407.2306346842527,-3.5536119311330383,-455.2006559420458,1205.793516519435,-0.3000462581727751,-494.16707684913126,1055.4195254548547,-5.366616992474879,1.9307713360483896,800.3451054642926,-0.5779995310821334,0.762348628488754,800.7623486284888,0.8504468991574774,1.7387783366641512,801.7387783366642,1.8268766073328746,2.570824817416517,802.5708248174166,2.6589230880852406,1.8288634220593745,801.8288634220594,1.916961692728098,195.34371193555245,1499.9541104036539,1.7174661605312862,359.53838117358305,1408.4778885137532,6.5458882237606275,457.1614634114145,1204.238409516511,-2.655301553605609,507.55106822652124,1066.4237770395464,0.06483402035278907,-1.4734416716306096,803.3118464484496,-1.399192043933407,1.4896177937258135,801.4896177937259,1.577716064394537,1.8315843764797621,801.8315843764798,1.9196826471484856,1.4237447083867623,801.4237447083868,1.5118429790554857,2.156178560313972,802.1561785603141,2.2442768309826953,-148.65493833244693,901.3450616675531,-4.361277430217866,-149.69732233894356,550.3026776610565,-5.403661436714492,-147.88453154011404,102.11546845988597,-3.590870637884954,-2.0768457993756364,797.9231542006244,-1.988747528706913,148.0605509813947,898.0605509813947,3.7668900791656297,151.90317088262077,551.9031708826208,7.609509980391685,149.5166382692464,99.51663826924641,5.22297736701734,1.7666610629095565,801.7666610629096,1.85475933357828
101,1.01,0.8891648928802889,1700.9068075381006,0.9878292960236292,1.4756209746780837,1551.4932636198985,1.574285377821424,-0.5917734090652809,1299.425869236155,-0.4931090059219405,1.8551493104465295,1401.8727919556668,1.9538137135898699,1.485113568771157,1201.5027562139915,1.5837779719144973,-0.6545990327283071,1099.363043612492,-0.5559346295849668,-0.7044806772211942,999.3131619679991,-0.6058162740778539,-206.72949125307434,1498.1534621734836,0.04373357533267663,-341.19019082814447,1407.0148777692941,-3.941551463658311,-454.8006142559001,1207.1110960598464,0.9168668540402309,-491.0678161242994,1058.8523918536039,-2.3223744502660075,-0.481775681480041,797.8895035960356,-2.8683319348110627,3.2861064592151887,803.3037491044355,3.384770862358529,0.07686244144908083,800.0945050866694,0.17552684459242118,2.381256269157173,802.3988989143776,2.4799206723005134,2.460682783365642,802.478325428586,2.5593471865089823,195.8745001193264,1500.1484346605937,2.0387060624426585,359.5853526787265,1408.7767855394375,6.310235918266374,457.8868311083937,1205.488284362734,-2.189930332536995,502.25605110683955,1061.4245981993165,-4.907732679335236,-0.7411748402790022,805.1557885211939,-0.5638739773599746,3.7891008995956454,803.806743544816,3.887765302738986,2.19139214471505,802.2090347899355,2.2900565478583905,1.4781829601764658,801.4958256053968,1.5768473633198061,1.9415024652861468,801.9591451105065,2.040166868429487,-150.81567780009019,898.4305569779156,-6.610023013417801,-150.40823886778037,548.8379959102253,-6.202584081107969,-150.61194644748815,98.63428833051762,-6.406291660815752,2.438783369724685,802.456426014945,2.5374477728680254,148.28576038748182,899.0395256094761,4.08010560080941,147.73178835324057,548.4855535752348,3.5261335665681743,147.84271604068303,98.59648126267726,3.6370612540106366,-1.2418367406938253,798.7758059045266,-1.143172337550485
102,1.02,-1.2755114096444125,1698.7601068668098,-1.1661205447630691,1.9897716247454653,1552.0253899011998,2.0991624896268086,2.1555304006482796,1302.1911486771025,2.2649212655296225,2.0614903666297106,1402.097108643084,2.170881231511054,1.5483118679305243,1201.5839301443848,1.6577027328118676,3.1467373705891957,1103.1823556470436,3.256128235470539,-0.4761724399613674,999.559445836493,-0.36678157508002407,-205.88523993640626,1498.684983397801,0.7009095551797933,-341.3775356417411,1407.3028291898545,-3.7998232734119632,-454.06244956743313,1208.733657421839,2.4498615201815017,-495.5089285610847,1054.7811656420245,-6.736407661926139,-0.760428358308821,797.5757949477716,-3.00925526506458,5.232556998532293,805.2681752749866,5.341947863413637,3.8907939595802117,803.9264122360345,4.000184824461555,1.792415540334567,801.8280338167889,1.9018064052159103,1.9639268900321634,,2.0733177549135067,197.76707770775565,1501.6983930006581,3.714319158036769,,1406.361632347597,3.35840071491961,458.6481249856126,1206.7965959361431,-1.649761246820782,502.1063219002576,1061.5586475176126,-4.688722017809567,-4.130330119578053,802.8488708854353,-3.858299391923347,1.0201231955536998,,1.129514060435043,2.03069163701545,802.0663099134697,2.140082501896794,0.5175068450750919,800.5531251215294,0.6268977099564352,1.1358551063533378,801.1714733828077,1.245245971234681,-146.99688668868373,901.4968842590957,-2.864333425102137,-150.50074912274002,547.9930218250395,-6.368195859158429,-146.94812238939585,101.54564855838358,-2.8155691258142763,0.999440370430155,801.0350586468844,1.1088312353114982,151.1114698666983,902.6176989189189,6.978916603116707,148.39909101859772,549.9053200708182,4.266537755016128,149.50850980309957,101.01473885532012,5.375956539517996,-0.6318386580848077,799.4037796183695,-0.5224477932034644
103,1.03,0.9349053554176772,1700.9888271618477,1.0551791279244431,,1551.631134746267,1.6974867123437143,0.004902160468400973,1300.0588239668984,0.12517593297516694,0.07224717944702364,1400.126168985877,0.1925209519537896,1.9499195976457377,1202.0038414040757,2.070193370152504,3.770380862178226,1103.8243026686082,3.890654634684992,1.706664322985694,1001.7605861294159,1.82693809549246,-204.13450141515088,1500.1163337166583,2.256507486453204,-339.06526573742406,1410.1108900516108,-1.1120838457073763,-455.2985101400275,1208.3462178394532,1.983704299497345,-494.08711563455324,1056.6092030983045,-5.205072963406305,1.9296438749525122,800.2353145708523,-0.1685242502103126,1.7320020965894172,801.7859239030196,1.8522758690961831,6.121048799055596,806.1749706054858,6.241322571562362,4.46221957246851,804.5161413788987,4.582493344975276,0.5098540338055444,800.5637758402357,0.6301278063123104,196.5621991371498,1500.1451449949268,2.285318764721726,359.4076422407308,1409.1601061760841,5.619285373017188,461.3494295610988,1210.06615086025,0.8699152238821952,499.17895291329927,1058.8988012315885,-7.204906896291708,-3.6828271886137913,804.3431904726386,-3.3265606836815884,3.1260883406145554,803.1800101470448,3.2463621131213216,0.042139704213621565,800.0960615106438,0.16241347672038753,1.8925476272339754,801.9464694336642,2.0128213997407416,4.063981003315237,804.1179028097454,4.184254775822003,-149.5648624024923,898.1790440140173,-5.490054891157079,-147.43048161009972,550.3134248064099,-3.3556740987644686,-149.44423420132273,98.29967221518685,-5.369426689987495,2.3683614044013632,802.4222832108316,2.4886351769081294,150.33943545885398,902.5955290423443,6.2646279475187345,149.2794666173098,551.5355602008002,5.204659105974562,151.33522989870127,103.5913234821917,7.260422387366033,2.202173814929221,802.2560956213595,2.3224475874359873
104,1.04,1.208621665721097,1701.281169643319,1.3399308045899614,0.4326177328444907,1550.5051657104423,,0.4754369768811191,1300.547984954479,0.6067461157499834,2.695380215481282,1402.7679281930791,2.8266893543501466,-0.3051527252289674,1199.767395252369,-0.1738435863601031,4.000880306850013,1104.0734282844478,4.132189445718877,1.6316761639333774,,1.7629853028022417,-205.32360036440804,1498.601560738564,0.8644297448570514,-340.4846466837627,1409.2066453083833,-2.110870070457005,-455.4675691291003,1208.9874823654686,2.556832757233667,-494.5655066368697,1056.5730118440474,-5.491788463936212,-1.3464292866832026,796.9296825989617,-3.2836693022577177,2.817511838030839,802.8900598156287,2.9488209768997033,1.169615102474817,801.2421630800726,1.3009242413436812,3.8621398606247253,803.9346878382225,3.993448999493589,0.09291352263181896,800.1654615002296,0.22422266150068326,196.3199973297088,1499.549237033126,1.812106039418992,360.76139950339973,1410.8222848755993,6.744216489010191,458.60072924537326,1207.9055449217174,-2.0204437245520603,500.3996261187331,1060.366518658663,-5.5347257523310365,-3.6790525696258953,805.3526247610672,-3.2510780361191816,0.4556421439826088,800.5281901215805,0.5869512828514731,4.0851773659212505,804.1577253435191,4.216486504790114,3.2785313345995197,803.3510793121974,3.4098404734683836,2.2029706621367557,802.2755186397346,2.33427980100562,-151.56336887981436,895.4345632545336,-7.530541069326093,-152.31958339079517,544.6783487435529,-8.286755580306897,-145.36984576242185,101.62808637192609,-1.3370179519335785,0.3204348156767236,800.3929827932745,0.4517439545455879,151.33410132443325,904.3361691900852,7.301273513944967,149.4015867743923,552.4036546400444,5.368758963904026,150.75863584346376,103.76070370911583,6.725808032975499,4.017438508093254,804.089986485691,4.148747646962118
105,1.05,1.182564875446145,1701.2740562392466,1.3250577499346092,4.087252142568875,1554.1787435063693,4.22974501705734,-0.13416037487384136,1299.9573309889267,0.00833249961462279,1.054467806908724,1401.1459591707091,1.1969606813971883,1.7113129124316384,1201.802804276232,1.8538057869201026,1.9324699084432466,1102.0239612722437,2.0749627829317108,2.1672901917910696,1002.2587815555914,2.309783066279534,-208.27221456871402,1495.3213681370346,-2.2947640504188813,-342.26713012892696,1407.9573863598225,-3.429075275326512,-459.21485731010335,1206.0098194956067,-0.47866705194827963,-495.63515897296685,1055.9807455803127,-6.288535660813409,-1.7715603422967603,796.4725036300122,-3.540306708583961,0.2407252149431205,800.3322165787434,0.38321808943158464,1.7235075325416092,801.814998896342,1.8660004070300733,3.031101999988845,,3.173594874477309,2.700829759459257,802.7923211232596,2.843322633947721,194.75365601723678,1497.6242741402964,0.008141952843104594,360.4751160585771,1410.8623927492263,6.248687252722183,460.7202471342568,1210.6315056916842,-0.0022955136710436364,498.95296362987403,1059.1422148198799,-6.497912837776093,-3.1767027626941555,806.814030572431,-2.6914171967259266,2.7900926152152246,802.8815839790155,2.9325854897036887,2.99227163506483,803.0837629988652,3.1347645095532943,2.1233922994492267,802.2148836632496,2.265885173937691,1.0392090489968564,801.1307004127972,1.1817019234853205,-150.8649742189,895.3921544272511,-6.857992755036918,-147.75780903314376,548.4993196130072,-3.750827569280694,-148.8559198210876,97.4012088250634,-4.848938357224536,3.4463498086914788,803.5378411724919,3.588842683179943,148.0488347496688,901.7917061035179,4.041853285805738,148.73397421184677,552.4768455656958,4.726992747983717,149.42063816081404,103.16350951466305,5.413656696950977,2.1742899824474193,802.2657813462478,2.3167828569358835
106,1.06,2.5660252826998784,1702.6767716547133,2.71984607175243,0.8466386293520833,1550.9573850013655,1.0004594184046351,0.9476022482480093,1301.0583486202615,1.1014230373005611,-2.100393730141609,1398.0103526418718,-1.9465729410890569,1.883362367159208,1201.9941087391726,2.0371831562117597,2.5770888911923455,1102.6878352632057,2.7309096802448973,4.451028829958075,1004.5617752019715,4.6048496190106265,-206.43916717696706,1496.8173229338709,-0.6796495967502283,-342.3063142065558,1408.468154105164,-2.9619046395671673,-453.8752346950747,1212.0760974845755,5.53977760258918,-494.29179060828477,1057.835470720089,-4.592588101226269,-1.3998623841806959,796.8062487023957,-2.9952657850776863,-1.4992871078135706,798.6114592641999,-1.3454663187610187,3.160761162420706,803.2715075344341,3.314581951473258,2.7708448434230863,802.8815912154365,2.924665632475638,3.9140372847483595,804.0247836567618,4.067858073800911,197.3747414123219,1499.8822511295689,2.385278598947736,359.0163600281544,1409.747389555802,4.6009432619418185,458.3249382307873,1208.8593900533715,-2.4585194554694136,500.1200780229318,,-4.817907146488469,-5.920830228569453,804.977237644315,-5.394311863456552,1.6406745306659187,801.7514209026793,1.7944953197184705,3.676615674133666,803.7873620461471,,-0.028557201116986564,800.0821891708964,0.12526358793556525,0.4470651873248215,800.5578115593382,0.6008859763773733,-148.83016088662657,896.6926017927763,-4.832570048983721,-149.82643765511446,545.6963250242884,-5.828846817471593,-148.03133721645332,97.49142546294959,-4.033746378810468,3.008111674293418,803.1188580463069,3.16193246334597,149.34050209767216,903.8177394182693,5.3429112600293065,149.54693710873877,554.0241744293359,5.549346271095931,150.56402878149862,105.04126610209572,6.566437943855763,0.5576374648880111,800.6683838369014,0.711458253940563
107,1.07,4.602355743385025,1704.732662987538,4.767644336341583,-0.06708715869762982,1550.0632200854554,0.09820143425892836,1.5818870051322915,1301.7121942492854,1.7471755980888497,2.613615545019613,1402.7439227891728,2.7789041379761708,1.8171155588966366,1201.9474228030497,1.9824041518531947,3.678643461905631,1103.8089507060588,3.8439320548621896,1.7806121809764968,1001.9109194251296,1.945900773933055,-205.8930262164995,1497.0212555105893,-0.35853774107869096,-342.65381598152226,1408.6858704306967,-2.76274201760219,-459.89423949687927,1206.7386428665018,0.16418652185296168,-493.54359405057085,1059.127355563385,-3.4143164816098825,-0.8258583625041174,797.3330856971685,-2.24576709536586,4.40125474242194,804.5315619865751,4.566543335378498,3.138045635600955,803.268352879754,3.303334228557513,0.720453860939696,800.8507611050928,0.8857424538962542,-0.8225886930756927,799.3077185510774,-0.6573001001191345,197.04601561099042,1499.1863654757087,1.8065722240407065,359.3982868308563,1410.489717297437,4.814726024227512,457.13848510450265,1208.3111846303316,-3.665420997716751,496.261486987448,1056.8049026861004,-8.138895885293778,-6.879943517071194,804.8689853520711,-6.329742227739279,2.1518783700466857,802.2821856141998,2.317166963003244,0.8313447931971287,800.9616520373502,0.9966333861536869,1.1073222694622025,801.2376295136153,1.2726108624187606,1.5136315450164382,801.6439387891695,1.6789201379729963,-148.5129242183157,896.2831595618513,-4.507992685830633,-149.8477193917695,544.9483643883976,-5.842787859284394,-146.62280696355046,98.17327681661656,-2.617875431065375,2.4763693496767294,802.6066765938298,2.6416579426332873,149.3625139929803,904.5664302128132,5.357582460495233,150.21681930928045,555.4207355291134,6.211887776795367,147.13338424826352,102.3373004680965,3.1284527157784514,-0.5404395042382382,799.5898677399149,-0.37515091128168
108,1.08,1.7942083662339143,1701.9443764251844,1.9711002651276994,0.9328041475181473,1551.0829722064686,1.1096960464119325,2.0193364352208327,1302.1695044941714,2.1962283341146174,-0.06649676268127092,1400.0836712962691,0.11039513621251418,1.285168430318043,1201.4353364892686,1.4620603292118282,0.6467908784371235,1100.7969589373877,0.8236827773309086,2.5061727889744665,1002.656340847925,2.6830646878682516,-205.61822223342867,1496.9491414814704,-0.3155924525607776,-340.8501299099983,1411.0684841437946,-0.37400216665865904,-457.4881533378473,1209.779182256364,3.1759702482733925,-493.5424168770668,1059.702496994868,-2.9083552467185196,-4.5267987558642515,793.5726002501322,-5.771709591436658,0.71626645190053,800.866434510851,0.893158350794315,1.8763794979458153,802.0265475568963,2.0532713968396004,1.5352957571320467,801.6854638160825,1.7121876560258318,-0.5429290042295711,799.6072390547209,-0.36603710533578604,198.6638896442891,1500.4334698275632,3.168735893531964,360.1933801437066,1411.6610427524395,5.463012116085439,459.72234062662983,1211.5465537380264,-1.0616883058183273,496.2531603894626,1056.9204265261358,-7.5897247836444475,-4.197558289945288,808.3414055258626,-3.642466652378605,1.6196444476185061,801.769812506569,1.7965363465122912,2.233699880545032,802.3838679394955,2.4105917794388168,0.7816234633198302,800.9317915222703,0.9585153622136153,0.14244430774006633,800.2926123666905,,-145.6002539502682,,-1.5710232569899771,-148.16237275159673,,-4.1331420583185094,-146.63828895298315,97.44003205574431,-2.6090582597049066,2.798753140187422,802.9489211991379,2.9756450390812077,149.5976402280732,905.5193192193458,5.56840953479498,151.13880354377594,557.0604825350485,7.109572850497717,148.06655748433735,103.98823647560987,4.037326791059115,2.7857054541857327,802.9358735131362,2.9625973530795178
109,1.09,1.2683186766637267,1701.438641410557,1.456944900155111,-1.4091426421898807,1548.7611800917034,-1.2205164186984967,0.6926564072774744,1300.8629791411706,0.8812826307688584,0.021753941189770698,1400.192076675083,0.21038016468115472,3.300203024352477,1203.4705257582457,3.488829247843861,3.259432886479557,1103.4297556203728,3.4480591099709414,0.1301169569764713,1000.3004396908697,0.3187431804678553,-202.86742135160807,1499.3487281365167,2.1967957732635512,-342.91769597883683,1409.5919076738128,-1.8201920656906851,-458.22340731449873,1209.629442795814,3.0065323691095287,-491.28259633118336,1062.5640971343307,-0.07241830542584582,-4.384108516809236,793.6403859389999,-5.457087853150675,2.671478799262598,802.8418015331558,2.860105022753982,0.12916283269561224,800.2994855665888,0.31778905618699627,2.5471477151198467,802.717470449013,2.735773938611231,-0.572915619986692,799.5974071139065,-0.384289396495308,197.00072319742225,1498.3963711787196,1.2444388154665742,356.98318792257805,1408.8419955487948,2.127747803944577,457.73376971600874,1210.220886775835,-2.9903492514133903,499.1153012807965,1059.865904210806,-4.155074091893922,-7.7426158115588395,805.5216345101788,-7.202423265134729,2.5558542090602323,802.7261769429534,2.744480432551616,1.889469053750456,802.0597917876437,2.07809527724184,1.672825562750621,801.8431482966438,1.861451786242005,3.1367325229168355,803.30705525681,3.3253587464082193,-149.95026862148435,893.4204110848725,-5.8796031557487805,-150.62693403358952,542.7437456727673,-6.556268567853945,-147.62642151585916,95.74425819049772,-3.555756050123601,0.47498565964015893,800.6453083935334,0.663611883131543,150.08344130021112,906.7127615938542,6.012775834475545,149.26088915072236,555.8902094443655,5.19022368498679,148.98622702615833,105.61554731980144,4.915561560422754,0.7426236338757678,800.912946367769,0.9312498573671518
110,1.1,1.1885193045728153,1701.3792843318056,1.3890062935651089,0.6004208266041813,1550.7911858538369,0.8009078155964748,3.181277583671729,1303.3720426109046,3.3817645726640224,2.6092051484175514,1402.7999701756503,2.809692137409845,1.0468731917566272,1201.2376382189893,1.2473601807489207,1.9904463752937671,1102.1812114025265,2.1909333642860607,2.7292585193537597,1002.9200235465864,2.9297455083460533,-203.20958813511066,1498.6514710700174,1.6099466943211511,-345.46821477587264,1407.6427072716558,-3.715218601690201,-458.40148134793003,1209.986258790725,3.3523779919686914,-494.0995645089306,1060.3738733375592,-2.2458805178362633,-6.478598602624019,791.4528680829004,-7.385175035822659,1.8150438017572479,802.0058088289899,2.0155307907495414,4.304590279092635,804.4953553063253,4.5050772680849285,3.1547235922186947,803.3454886194513,3.3552105812109883,2.7400688499961,802.9308338772288,2.9405558389883932,194.4024925829127,1495.4214982835492,-1.6200260921469605,359.239196204369,1411.5030444948998,4.280721853246566,455.7511637397485,1208.9106186839433,-4.873455170970505,497.1656635057175,1057.9555887946792,-5.522097999930971,-3.746894818259629,810.1744283042533,-3.2421275621240015,-2.274025652821683,797.916739374411,-2.07353866382939,3.2693559633812157,803.4601209906139,3.469842952373509,3.5730295314224296,803.763794558655,3.7735165204147227,-1.1351610569573973,799.0556039702752,-0.9346740679651038,-148.17745094416668,894.4968874002068,-4.048089336616234,-149.46067885104188,543.2136594933316,-5.331317243491434,-148.44835472228834,94.22598362208518,-4.318993114737883,0.6479163920450193,800.8386814192777,0.8484033810373128,147.16074838435605,904.4864100399825,3.0313867768056095,146.9581437254429,554.2838053810694,2.828782117892466,148.0410220028969,105.36668365852337,3.911660395346463,2.542205151907794,802.7329701791405,2.7426921409000875
111,1.11,1.7473044124576536,1701.958792952514,1.959773937440164,0.10853436531759231,1550.320022905374,0.3210038903001029,1.2484193751111332,1301.4599079151676,1.4608889000936438,1.0399850384684075,1401.2514735785248,1.252454563450918,1.9017161223308676,1202.1132046623873,2.114185647313378,2.9312947406099688,1103.1427832806664,3.1437642655924796,0.7711409644300655,1000.9826295044866,0.9836104894125761,-203.29160985101456,1498.2109093985955,1.2772656895907895,-343.20247405022155,1410.5182821305377,-0.7622072091322427,-457.14724506637697,1211.723236272804,5.086780117342677,-493.3752403358314,1061.7466852288828,-0.815141329151722,-4.913787259303799,792.9040156503065,-5.661816980319668,3.052613655349666,803.2641021954062,3.2650831803321765,2.5825787420885815,802.7940672821451,2.7950482670710923,2.898798967236992,803.1102875072935,3.1112684922195024,2.8486316970328307,803.0601202370893,3.061101222015341,194.77728082372545,1495.4173911752857,-1.516252533718843,355.37375165852825,1408.055423127414,0.3344874954446788,457.03160415877375,1210.8708000339636,-3.4545148136801025,498.36978061301386,1059.1517738492953,-3.7301531474968286,-6.066559727852075,808.4406376019027,-5.618209139902394,-0.5690107080902722,799.6424778319662,-0.3565411831077616,3.3010994598405103,803.512587999897,3.513568984823021,1.3374030680647577,801.5488916081213,1.5498725930472683,1.3514562195964759,801.562944759653,1.5639257445789865,-149.67686014137703,892.3135853249618,-5.4714678800397465,-149.36143750052344,542.6290079658153,-5.156045239186149,,94.67391648557442,,2.689381563322301,802.9008701033788,2.9018510883048116,147.9164726291132,905.9260271627745,3.711080367775941,147.86666369295722,555.8762182266184,3.6612714316199346,147.7174930350391,105.7270475687004,3.5121007737018264,2.145524999194658,802.3570135392512,2.3579945241771685
112,1.12,0.3011073406259752,1700.5335940590517,0.5256764107890408,2.46969092753956,1552.702177645965,2.694259997702626,0.3619643312502949,1300.5944510496759,0.5865334014133605,2.9202062069758243,1403.1526929254014,3.1447752771388897,3.489494282036892,1203.7219810004626,3.7140633521999575,1.8226875124624766,1102.055174230888,2.0472565826255424,1.6506792300202136,1001.8831659484458,1.8752483001832791,-200.3367055056372,1500.8042561962507,,-345.81415631671535,1408.5230628536046,-2.657301045439241,-459.69120564776335,1209.6085100383018,2.97753845394595,-495.34897279197054,1060.439614154919,-2.0245352217170076,-3.9747436182362366,793.7065283993715,-4.574250316619239,2.974694471712537,803.2071811901382,3.1992635418756024,1.8743713414914067,802.106858059917,2.0989404116544725,2.414991423233976,802.6474781416596,2.639560493397042,0.07903900226641847,800.3115257206921,0.30360807242948407,198.63535088901727,1498.8947738295317,2.0663519750612265,359.39327401261653,1412.5043455910672,4.295574677953463,455.4723908505822,1209.9966321626493,-4.836963057927142,496.4951186236688,1057.2189822918986,-5.016604048307229,-8.26050219926454,806.7588855333222,-7.889744696238866,2.169168728161541,802.4016554465871,2.393737798324606,1.833124185585746,802.0656109040114,2.0576932557488115,1.4113156778429876,801.6438023962686,1.6358847480060532,2.4587482987804754,802.6912350172062,2.683317368943541,-148.68534096203405,892.6347757718556,-4.386564065987732,,543.0416606643981,-3.979679173445269,-149.17063494002812,92.14948179386163,-4.871858043981799,0.3919542669956557,800.6244409854213,0.6165233371587213,147.03113406384372,905.7110173299541,2.7323571677974083,147.8333303203246,556.513213586435,3.534553424278291,146.1453930837323,104.82527634984257,1.8466161876859835,2.260998569530608,802.4934852879562,2.4855676396936732
113,1.13,1.7061181230722329,1701.9598709786474,1.942898897238261,0.5156989256133417,1550.7694517811885,0.7524796997793697,1.865258685818305,1302.1190115413935,2.102039459984333,3.341069428001129,1403.5948222835764,3.5778502021671565,1.406756074922682,1201.6605089304978,1.64353684908871,3.470205349575153,1103.7239582051504,3.706986123741181,1.3625473473494079,1001.6163002029244,1.5993281215154358,-201.3968744617517,1499.379949339543,2.6539614280828556,-340.63651271712143,1414.3218440339083,3.2636740541693734,-459.42200009356566,1210.2522556754323,3.6344931814000185,-493.31910224175704,1063.1504280165718,0.8221439070384777,,791.8333910315124,-6.149552739606811,1.9424087694549157,802.19616162503,2.179189543620944,0.44157883974529044,800.6953316953203,0.6783596139113184,4.526759183274652,804.7805120388497,4.763539957440679,4.834499813969247,805.0882526695443,5.0712805881352745,196.88441436823032,1496.761822259644,0.03583434818387632,357.2602612630523,1410.811015749742,2.1264955068462514,452.48993855366126,1207.7023707685933,-7.605260965600484,496.315580827004,1056.9285049171624,-4.612277617126729,-6.71365409003283,808.742269908057,-6.441565448344606,-1.5394872458912032,798.7142656096838,-1.3027064717251753,-0.7511064128117271,799.5026464427633,-0.5143256386456991,4.192287513182294,804.4460403687574,4.429068287348322,2.038999415117636,802.2927522706927,2.275780189283664,-145.28713607263177,895.377296013678,-0.8776556496565364,-149.0193006499768,541.6451314363329,-4.609820227001576,-147.5848935394396,93.07953854687013,-3.1754131164643695,3.694272854940281,803.9480257105154,3.9310536291063087,147.7341763077012,907.0697442213915,3.324695884725985,148.5850544777075,557.9206223913978,4.175574054732287,144.6910820347717,104.02664994846198,0.28160161179648124,1.5762228459834842,801.8299757015585,1.813003620149512
114,1.14,,1702.4590490707517,2.4328686759874447,2.839256375444128,1553.1145364696222,3.0883560748580177,4.452879722391579,1304.7281598165698,4.7019794218054685,0.5401577815924086,1400.8154378757706,0.7892574810062982,1.8292453732771825,1202.1045254674552,2.078345072691072,1.8428361158881608,1102.1181162100663,2.09193581530205,3.057011824446902,1003.3322919186251,3.3061115238607917,-201.76249421447648,1498.648053185911,2.021584741853555,-345.7896249613324,1409.7925291000738,-1.122043013319868,-460.6016728706863,1209.3914156288665,2.794252701810401,-492.6635415060809,1064.4970296233512,2.341102516574078,-2.7689237789334538,794.5633339498949,-3.1091858300108104,2.089222286119436,802.3645023802976,2.3383219855333257,1.5944832250376135,801.8697633192157,1.8435829244515032,1.3041682575326055,801.5794483517108,1.553267956946495,0.9301006788631823,801.2053807730414,1.179200378277072,198.60594341605307,1498.1004758772751,1.4740074332177224,357.4144340204087,1411.4137758644788,2.266889228620105,456.41805509546106,1212.3196116077697,-3.426613528081919,494.72755794925206,1055.1744816572045,-5.625373804388797,-5.424961993227295,810.3903996599295,-5.272229221495053,0.7116799386050415,800.9869600327831,0.9607796380189312,4.177043302707389,804.4523233968855,4.426143002121279,2.821859459583346,803.0971395537615,3.0709591589972356,0.4316260125523521,800.7069061067305,0.6807257119662418,-149.39296460640662,890.6314684170947,-4.855552114501762,-145.28678224321374,544.7376507802876,-0.7493697513088731,-149.3524215704196,90.67201145308171,-4.815009078514769,1.0221638651543081,801.2974439593324,1.2712635645681978,148.7361094447671,908.7116764212657,4.198696952862244,148.27071232182354,558.2462792983222,3.7332998299186952,148.91525990909707,108.89082688559574,4.3778474171922355,2.0830170495303175,802.3582971437085,2.332116748944207
115,1.15,1.8032741290559438,1702.1003355577277,2.06479495207755,3.5864710232981936,1553.88353245197,3.8479918463197995,1.9914858834968885,1302.2885473121687,2.2530067065184944,2.6786387776267575,1402.9757002062986,2.9401596006483635,1.344168079221866,1201.6412295078937,1.6056889022434722,-0.7372235555069149,1099.559837873165,-0.4757027324853087,-0.4762197978682876,999.8208416308036,-0.21469897484668143,-205.00942050010545,1495.0331579115607,-1.4968294285075712,-345.03451771127254,1411.1720250399085,0.4217487590781065,-457.27230095599015,1212.9830772539287,6.41357332626753,-495.92280324651273,1061.9344617520908,-0.014435544090495744,-5.454775441571649,791.6621816048647,-5.687649408154161,3.3076219066545374,803.6046833353264,3.5691427296761438,-1.232926017199612,799.0641354114722,-0.9714051941780057,3.008529740459795,803.3055911691316,3.2700505634814014,3.6422121138430392,803.9392735425149,3.903732936864645,198.3361398177482,1497.4474059683164,0.9174186282480998,356.3880194537773,1410.8433952873038,1.2488072108181971,456.17731360501995,1212.766670461579,-3.381592920529872,494.5849506843792,1054.8089522637729,-5.206405680607369,-6.740122717051292,809.3566660496547,-6.726756611991249,1.407233772139237,801.7042952008111,1.6687545951608431,2.32272618422942,802.6197876129013,2.584247007251026,2.3498669568540143,802.6469283855258,2.6113877798756207,2.4791330937540357,802.7761945224258,2.7406539167756416,-146.6923853807734,892.70873464079,-2.009958408508546,-144.87742424212823,544.5236957794351,-0.1949972698633653,-150.2442714769956,89.15684854456772,-5.5618445047307485,2.2415866184851447,802.538648047157,2.5031074415067507,145.0918957664841,905.6907757449208,0.4094687942192441,150.64854399354243,561.2474239719791,5.966117021277562,147.9377813767535,108.53666135519016,3.2553544044886364,1.309563431809709,801.6066248604816,1.571084254831315
116,1.16,2.155723552298103,1702.4748132599432,2.429762591038708,2.64117365572233,1552.9602633633674,2.9152126944629346,0.9251272102305204,1301.2442169178757,1.1991662489711252,0.3362194492016084,1400.6553091568467,0.6102584879422133,3.3254653416363302,1203.6445550492815,3.599504380376935,3.647300599763014,1103.9663903074081,3.921339638503619,-1.9554473006316282,998.3636424070135,-1.6814082618910233,-202.4745783877775,1497.1987878597363,0.7621221871946353,-344.8755686333591,1411.9538397497106,1.387812572164515,-458.5948418335066,1211.8656272999906,5.330515329469191,-498.69575353786195,1059.8591887576529,-1.8499349693554574,-5.95294739920126,790.920247226161,-6.095088595776438,0.8548713368509075,801.1739610444961,1.1289103755915124,2.5807676008676212,802.8998573085128,2.8548066396082263,2.806570721392178,803.1256604290373,3.0806097601327824,2.6822217887742204,803.0013114964194,2.9562608275148254,198.13113834368238,1496.859218453849,0.42255278130726315,356.8079534776476,1411.7252777969316,1.6989165585837347,456.7947455036217,1214.0682841420557,-2.4444404906803863,496.05108299726817,1055.9937945522036,-3.1962508731924397,-5.805716737821902,810.494111550629,-5.950768264830719,0.22720044487158586,800.5462901525167,0.5012394836121907,0.5567550892042179,800.8758447968494,0.8307941279448228,4.406608074243595,804.7256977818887,4.680647112984199,0.14035156871206977,800.4594412763572,0.41439060745267464,-146.87765518497235,891.9177949046907,-2.033333561384013,-150.50000650761604,538.295443582047,-5.6556848840276945,-147.39137607728478,91.4040740123783,-2.5470544536964357,4.618284930173566,804.9373746378187,4.892323968914171,149.13107357768288,910.3356234880198,4.2867519540945285,146.7747465206116,557.9792964309485,1.9304248970232383,148.82001379080907,110.02456370114601,3.9756921672207404,0.5164508497386257,800.8355405573838,0.7904898884792305
117,1.17,2.100175608302823,1702.4415332445892,2.3868247672468397,1.1264717609899049,1551.467829397276,,-0.8416378398980362,1299.4997197963883,-0.5549886809540194,4.799228069978285,1405.1405857062646,5.0858772289223015,1.0629673519005771,1201.4043249881868,1.3496165108445939,0.028258082821851938,1100.3696157191082,,1.1294051486481331,1001.4707627849344,1.41605430759215,-201.9095667551068,1497.3937964989798,1.0471749350251207,-346.18570742573013,1411.2628906753157,0.900285266782029,-458.0410784710703,1212.5668087880888,6.072501331467297,-498.5420995720317,1060.706646491171,-0.7319862162591757,-6.446746661407822,790.1537570826206,-6.515870425836868,3.7829766364741086,804.1243342727604,4.069625795418125,2.926656222906828,803.2680138591932,3.213305381850845,2.115653161165061,802.4570107974513,2.4023023201090776,0.012402973786727722,800.353760610073,0.2990521327307445,198.45576303329943,1496.8012095771155,0.45458801316088615,356.87394284167243,1412.2575292175534,1.8165640195204729,454.1580324539984,1212.1098106848501,-4.728869323067396,494.16655980681514,1053.7686035720378,-4.558261038831923,-4.568535456863379,811.856100581142,-4.889819075042559,0.41221209023935934,800.7535697265256,0.6988612491833761,2.0593674016800625,802.4007250379664,2.3460165606240793,2.1842710764710396,802.5256287127573,2.4709202354150563,1.4159772095348047,801.7573348458211,1.7026263684788214,-147.40733709940574,890.800997376956,-2.3844991405605276,-146.5545959027198,541.6537385736419,-1.5317579438746103,-145.4776631238609,92.73067135250082,,0.39021916317790506,800.7315767994642,0.6768683221219218,145.66230677347278,907.453972297111,0.6394688146275911,147.94820576051862,559.7398712841568,2.9253678016734206,146.71522604663085,108.5068915702691,1.692388087785654,0.004305603505942557,800.3456632397922,0.2909547624499593
118,1.18,-1.2286623058035615,1699.135195473088,-0.929316389151168,1.6408544626244932,1552.004712241516,1.9402003792768867,1.1000642361079982,1301.4639220149995,1.399410152760392,0.3897472107692812,1400.753604989661,0.6890931274216747,3.354214583498412,1203.71807236239,3.653560500150806,3.3087700329319754,1103.6726278118235,3.608115949584369,,1002.4958373818154,2.4313255195761836,-202.7708257536441,1496.1621983862349,-0.09777166696540396,-346.6943753092445,1411.3675532269272,1.2267286047000476,-457.7463587960084,1212.9509827572574,6.503579475334021,-497.82836488199985,1062.1053068127308,0.9657721990739312,-8.024786529549548,788.2740311065405,-8.039403149413566,0.3673983464587114,800.7312561253503,0.6667442631111049,1.773821205480235,802.1376789843719,2.0731671221326287,2.1499330672695915,802.5137908461612,2.4492789839219853,0.8021336755383958,801.16599145443,1.1014795921907892,197.52311686381154,1495.4869549725584,-0.7730150806420126,357.2180647953824,1413.0705629719594,2.2333778393478663,452.62480539462325,1211.2465368255641,-5.878759275250964,495.9835435713473,1055.1849860141388,-2.2439551152807353,-5.774426026775855,810.697468348932,-6.288253025459879,1.8365560177964924,802.200413796688,2.135901934448886,-0.8374576051126814,799.5264001737789,-0.5381116884602879,-1.55060799540018,798.8132497834914,-1.2512620787477864,2.4069450755366373,802.7708028544282,2.7062909921890306,-146.50636390781432,891.1342726251656,-1.288702604259494,-145.99752368398558,541.6431128489944,-0.7798623804307383,-145.89681188020785,91.74382465277216,-0.6791505766530115,1.532325343833278,801.8961831227249,1.8316712604856715,146.82446336305608,909.1838268300761,1.6068020595012542,150.81758593921808,563.1769494062381,5.599924635663239,146.21635201536054,108.57571548238055,0.9986907118057102,-2.148330479390364,798.2155272995012,-1.8489845627379704
119,1.19,2.3636086966309637,1702.7501912580622,2.6757326642300994,-0.8791739511782308,1549.507408610253,-0.5670499835790952,1.760695646670032,1302.1472782081012,2.072819614269168,2.947434620477865,1403.334017181909,3.2595585880770006,1.2529216170672617,1201.6395041784983,1.5650455846663973,1.2729391368773757,1101.6595216983085,1.5850631044765113,1.6367075227491088,1002.0232900841803,1.9488314903482444,-199.37573599565144,1499.1870694040608,3.0102464385358845,-346.14796101683436,1412.5192329030883,2.617704309639262,-455.90926626774234,1214.8194582781375,8.424754793947477,-498.11441546666737,1062.490192973559,1.6761825236416579,-6.133837800444593,789.8346385654719,-6.11297954897631,1.5231733558430598,801.9097559172743,1.8352973234421954,-0.0320759275905842,800.3545066338406,0.28004804000855144,2.0988206662763247,802.4854032277076,2.4109446338754603,0.09967773010878789,800.48626029154,0.4118016977079235,199.02010588543646,1496.6038331995376,0.4270102340127652,357.6075500361257,1413.9298892548613,2.7160532655192355,453.7116169825376,1212.992659050982,-4.379178187370748,493.92169530018884,1052.662515197565,-3.8370510682958514,-6.620652326055385,809.8221492977804,-7.341577156519481,2.9222458927075725,803.3088284541388,3.234369860306708,2.9913330602444246,803.3779156216757,3.30345702784356,2.6573020958584,803.0438846572896,2.9694260634575356,2.1026726282775288,802.4892551897087,2.4147965958766644,-148.95070111525018,888.1424686257467,-3.522280062377143,-146.39619273874857,540.6969770022483,-0.9677716858755523,-147.33353898592364,89.75963075507325,-1.9051179330506225,2.98957820599382,803.3761607674251,3.3017021735929557,149.07658342978442,911.9834136887876,3.648162376911393,146.33286019697982,559.2396904559829,0.9044391441068039,147.2204924922902,110.1273227512933,1.7920714394171575,1.1366391154310944,801.5232216768624,1.44876308303023
120,1.2,0.38040156850274,1700.7899258426771,0.7053794608375958,1.186254778214561,1551.595779052389,1.5112326705494168,0.8055525001130655,1301.2150767742874,1.1305303924479213,2.652608875818784,1403.062133149993,2.97758676815364,0.09773425182439532,1200.5072585259989,0.4227121441592512,3.1509403147929804,1103.5604645889673,3.4759182071278363,3.2352301931172875,1003.6447544672917,3.5602080854521434,-201.64307038278614,1496.550094352106,0.45280556655385906,-345.0254553455733,1414.2367190283892,4.591130763092803,-456.0679075357218,1214.634204744223,8.297702771245191,-498.310079719191,1062.9463026040532,2.482004364726527,-5.4208545871780975,790.1893751282674,-5.383797909086161,2.3306936238082523,802.7402178979827,2.6556715161431086,2.0647702161711274,802.4742944903456,2.3897481085059833,0.32456935824939537,800.7340936324239,0.6495472505842512,-0.6295551094134617,799.779969164761,-0.30457721707860586,198.39096241871758,1495.5965483370535,-0.5007404484986857,355.28049602537993,1412.0718348876555,0.5020687713578852,453.1854006263163,1213.1127513740619,-4.464916109701363,492.2477408179045,1050.4683073158444,-5.073875518104714,-5.361177801739568,810.9778795417932,-6.301760274388928,-0.05075023488579111,800.3587740392887,0.27422765744906474,-0.8198937794223089,799.5896304947522,-0.49491588708745304,-1.0010888486815546,799.4084354254929,-0.6761109563466987,0.37436531986721855,800.7838895940417,0.6993432122020744,-144.6623466894092,891.9043492204407,0.9923444387162093,-148.1340006907521,538.4326952190979,-2.4793095626266686,-144.5263459038513,92.04035000599873,1.1283452242741179,2.8138399203112177,803.2233641944857,3.1388178126460735,147.63884502808963,911.0721491182396,1.9841538999642305,147.36455349537007,560.7978575855201,1.7098623672446553,148.42812992403375,111.86143401418374,2.7734387959083473,3.66599111142435,804.0755153855988,3.990969003759206
121,1.21,-0.2787072969862374,1700.1539677773849,0.05919490138364458,0.07439374541944987,1550.5070688197904,0.4122959437893319,-1.1330255098418,1299.2996495645293,-0.7951233114719181,1.8391831806831003,1402.2718582550542,2.1770853790529823,2.384111203380881,1202.816786277752,2.722013401750763,3.067204369819847,1103.499879444191,3.405106568189729,2.021110458789202,1002.4537855331603,2.359012657159084,-203.34452594006703,1494.4800345302253,-1.5414380033032113,-346.70819033813996,1413.1364540063112,3.7625552463879313,-458.1710014612041,1212.4467621633485,6.173680815915128,-499.2316767457895,1062.6521233459107,2.5594440198735815,-6.04274681894114,789.1824892229329,-6.008732750716697,-1.0785884854262797,799.3540865889448,-0.7406862870563977,2.546088517561203,802.9787635919323,2.883990715931085,1.9663429647199395,802.3990180390911,2.3042451630898215,0.9852195325948094,801.4178946069659,1.3231217309646914,198.93428857156522,1495.7641728978936,-0.25729963563491226,352.2441098665946,1409.5017930224637,-2.40206782014707,453.81208854801383,1214.370392238117,-3.371860137067207,492.0948932561808,1049.7364498057598,-4.823920451013857,-2.444472106302286,813.7183715021525,-3.6150581812777243,,800.9351392276097,0.8403663516085262,1.0337997094640756,801.4664747838352,1.3717019078339576,2.043059500393371,802.4757345747645,2.380961698763253,3.161293222366244,803.5939682967373,3.499195420736126,-144.20698227392882,891.8549412769318,1.689008359598838,-147.4603938598519,538.6015296910086,-1.5644032263242555,-147.94784260288395,88.11408094797657,-2.0518519693563038,0.8733284821606624,801.3060035565318,1.2112306805305444,147.6035454390096,911.541621888149,1.7075548054819336,145.67692976492808,559.6150062140675,-0.2190608685995794,146.7470721941326,110.68514864327209,0.8510815606049623,2.460171586326096,802.8928466606972,2.798073784695978
122,1.22,-0.31398368001896637,1700.1420433089706,0.036907642335111346,2.384183633487476,1552.8402106224771,2.735074955841554,0.06684597750837717,1300.522872966498,0.4177372998624549,0.33687931963850315,1400.792906308628,0.6877706419925809,0.8856923111300439,1201.3417193001196,1.2365836334841216,1.9879085232365847,1102.443935512226,2.3387998455906627,0.496921563973738,1000.9529485529633,0.8478128863278157,-202.77806096374132,1494.6793900053842,-1.2700856395398314,-346.19480557739786,1414.217575570844,5.130199202663346,-458.24669791726035,1212.2294210384898,6.024709232351343,-500.47644431091805,1062.0052495073385,2.3037848383519433,-5.3741161013853045,789.4409410010081,-5.362072024068398,3.415466115453152,803.8714931044427,3.7663574378072298,0.2278395115963865,800.683866500586,0.5787308339504642,2.4651150324864246,802.921142021476,2.8160063548405025,-0.4552061661808833,800.0008208228087,-0.10431484382680556,199.23289150746214,1495.6899824944442,-0.25949315047994376,356.2050940092794,1413.9246159335414,1.7095699364533274,450.7263757828149,1211.8979374249097,,493.7804991950702,1050.7856491846073,-2.772179743243841,-1.6526316590118886,814.2641707915358,-3.0611553880599955,0.24580260177296065,800.7018295907625,0.5966939241270384,1.7093757361718525,802.1654027251615,2.0602670585259304,-1.227921299430332,799.2281056895592,-0.8770299770762542,1.472735918991829,801.9287629079814,1.8236272413459067,-146.98248120117498,888.5970252311625,-0.8306964880855707,-148.17555022998047,537.403956202357,-2.0237655168910837,-149.92988724051096,85.64961919182656,-3.7781025274215754,0.5675984054807469,801.0236253944703,0.9184897278348246,145.28219917987127,909.7026927475338,-0.8695855332181244,147.17626859725507,561.5967621649175,1.024483884165689,148.25581602430665,112.67630959196914,2.1040313112172706,1.6842577394774654,802.140284728467,2.035149061831543
123,1.23,1.9701720389094022,1702.4497439564188,2.334111671202555,5.178988207067319,1555.6585601245768,5.5429278393604715,3.501667314532245,1303.9812392320416,3.8656069468253973,1.0927633852884946,1401.572335302798,1.4567030175816473,2.2506109718493525,1202.7301828893587,2.6145506041425053,2.0826625996413046,1102.5622345171507,2.4466022319344574,-2.1682706080089122,998.3113013095004,-1.8043309757157597,-197.63665173077237,1499.4556423153979,3.574246461879157,-350.54189232753373,1410.42128127015,1.634325742135212,-459.076451776813,,5.069696281006226,-502.00184581342273,1061.0431199446305,1.7501387376279238,-6.531166083865821,787.8504827951456,-6.559431888636764,2.0337108749880795,802.5132827924974,2.3976505072812317,2.720847957931287,803.2004198754406,3.0847875902244404,1.8027642894850646,802.2823362069944,2.1667039217782174,1.0574385817067715,801.5370104992162,1.4213782139999243,199.60441711108973,1495.69208890321,-0.1893069503087699,351.53202528792497,1409.70700137681,,449.9804683420435,1211.7452771579042,-6.200787009905162,495.5017064249862,1051.8148962883738,-0.723467641533083,-6.786509302712013,808.8175003834866,-8.438318283898745,-2.3122100046153093,798.1673619128941,-1.9482703723221568,2.8781191911737487,803.3576911086831,3.2420588234669014,0.6195765076007291,801.0991484251101,0.9835161398938819,2.434352739609335,802.9139246571187,2.7982923719024884,-143.38899670013623,891.7310456200946,3.03248890681304,-147.6540519427948,537.465990377436,-1.2325663358455334,-150.29680783735802,84.82323448287282,-3.875322230408734,0.9701557243830308,801.4497276418924,1.3340953566761835,145.4575269923208,910.33748467209,-0.9639586146284647,145.8533301738501,560.7332878536192,-0.5681554330991656,145.51419388766695,110.39415156743608,-0.9072917192823338,0.2188521317668819,800.6984240492762,0.5827917640600346
124,1.24,0.9626938539609532,1701.4659954887295,1.339735283761573,2.0462886987589464,1552.5495903335275,2.4233301285595665,3.447557750393924,1303.9508593851626,3.824599180194544,-1.9338259246185951,1398.56947571015,-1.5567844948179752,-2.797550332587368,1197.7057513021812,-2.4205089027867484,1.9304991705870815,,2.3075406003877017,0.9405878935054053,1001.443889528274,1.3176293233060252,-201.4670134817003,1495.26253289852,-0.5547941795778282,-349.05936417539334,1412.4354664948942,3.9618806934242796,-456.92392888425434,1213.0996694388643,7.04553053724001,-500.99716911448706,1062.5714639537036,3.701905579691333,-7.147560008039302,786.7797884650159,-7.233621706576447,6.2480140862505245,,6.625055516051144,2.0833323966894963,802.5866340314581,2.460373826490116,-1.4665678916149512,799.0367337431536,-1.0895264618143312,4.195991280927224,804.6992929156959,4.573032710727843,201.55388807172997,1497.2759775491886,1.4586504710906416,352.5852188187707,1411.207364011597,-1.5572499836473068,448.5901366404299,1210.9258984668465,-7.058842910386092,493.272571691383,1048.8405672710544,-2.6653009208199405,-1.6631260173617504,813.5648193445986,-3.5608325035482897,1.5091239302744957,802.0124255650431,1.8861653600751156,1.4563732594497936,801.9596748942184,1.8334146892504135,0.7508794503834259,801.254181085152,1.1279208801840457,3.5902077548081035,804.0935093895768,3.9672491846087237,-147.60446171204006,887.0796101959587,-0.9000078064034966,-148.82086735771594,535.8632045502828,-2.1164134520793803,-148.77770622560877,85.90636568239003,-2.073252319972192,3.4683428940252785,803.971644528794,3.8453843238258987,148.41780440971857,913.7337325017197,1.7133505040820003,148.57612116995222,563.8920492619534,1.8716672643156416,146.76374911496038,112.0796772069616,0.05929520932382129,2.7925650834368483,803.2958667182055,3.1696065132374684
125,1.25,-1.2501609698423304,1699.277046824022,-0.8599700174578,-1.713918017296214,1548.813289776568,-1.3237270649116837,-0.05716654767111162,1300.470041246193,0.33302440471341876,1.609422263709161,1402.1366300575733,1.9996132160936915,1.2806000989782051,1201.8078078928424,1.6707910513627355,-1.747944928285831,1098.7792628655784,-1.3577539759013006,2.8147307095224825,1003.3419385033867,3.204921661907013,-203.73009702845184,1492.6395658980798,-3.117793414800931,-349.8678170389495,1412.1373731501935,3.9891442901687406,-456.7096918346455,1213.0047982161398,7.032392732012968,-499.353532083865,1064.6943399094964,6.260825067853066,-5.14824305650431,788.3066141184312,-5.308476789297036,4.393830971781231,,4.784021924165762,0.8617677354071402,801.3889755292713,1.2519586877916706,-1.1064610942755146,799.4207466995887,-0.7162701418909843,2.3178244430666215,802.8450322369308,2.7080153954511514,200.2018700426299,1495.5626730690738,-0.19468624380703986,351.94897634529116,1411.0080914455496,-1.9929901317364362,449.90559106551785,1212.7877696566816,-5.19330575269265,495.56086028545417,1050.333212264029,-0.13109290371482785,-2.4382060607370764,812.3542550271285,-4.581565619711586,2.6748688248785237,803.2020766187427,3.065059777263054,2.225236516554611,802.7524443104188,2.6154274689391412,0.11761354528815571,800.6448213391524,0.5078044976726861,2.949073029297696,803.4762808231619,3.339263981682226,-146.3993520092156,887.8727259294266,0.600647990784419,-147.17218323245183,537.0998947061903,-0.17218323245182693,-145.77506288510665,88.49701505353548,1.2249371148933417,0.8541334215958656,801.38134121546,1.244324373980396,146.1162846817734,911.8442067431313,-0.8837153182265824,147.2209782885471,562.948900349905,0.2209782885470952,146.89482878388296,112.6227508452408,-0.1051712161170444,1.093828238431248,801.6210360322954,1.4840191908157785
126,1.26,1.9656326732514744,1702.5169146023552,2.369015049019591,0.7067306610914899,1551.2580125901952,1.1101130368596066,2.257711131262182,1302.808993060366,2.661093507030299,1.7729989470056273,1402.3242808761095,2.176381322773744,0.5591680023268287,1201.1104499314306,0.9625503780949455,1.4260712788103527,1101.9773532079141,1.8294536545784694,0.6605042764623774,1001.2117862055662,1.0638866522304942,-201.2859248154196,1494.727171514622,-0.9744070071797635,-350.1389298091776,1412.353197670592,4.541342182729686,-458.56397792913157,1210.7876362778343,4.90097471579092,-501.1242974219765,1063.353763703565,5.366618138967268,-4.322191744718651,788.6450281050862,-4.571621032214332,1.2322242539574773,801.7835061830613,1.635606629725594,0.4120925818150708,800.9633745109188,0.8154749575831876,0.021227975209539673,800.5725099043133,0.4246103509776564,0.41288111756543744,800.9641630466692,0.8162634933335542,202.15747466260754,1497.1617417403568,1.4601632185551352,352.1571609235326,1411.6411267630772,-1.5696887303035598,446.216504363349,,-8.316684190488086,494.8563995690611,1048.7858938563447,-0.6317972672163,-0.9162411868912688,813.3855033658813,-3.3020605479047225,2.773540761436873,803.3248226905407,3.1769231372049895,1.20632558778872,801.7576075168926,1.6097079635568368,0.7252979546762494,801.2765798837801,1.1286803304443662,2.928770059959615,803.4800519890634,3.332152435727732,-144.8580862190534,889.0263983020764,2.4492995047403885,-149.2601223816728,534.624362139457,-1.9527366578789862,-147.95812383991625,85.92636068121351,-0.650738116122461,1.365749489188247,801.917031418292,1.7691318649563637,146.26355200476542,912.3790674836356,-1.0438337190283917,145.60282392474176,561.7183394036119,-1.7045617990520578,148.84550473059807,114.96102020946829,1.538119006804262,3.6109774211466372,804.1622593502505,4.0143597969147535
127,1.27,-0.9354961144978862,1699.6400193445118,-0.5188862982544395,1.4076524697620367,1551.9831679287718,1.8242622860054833,-0.5439430954549058,1300.0315723635547,-0.1273332792114592,1.4241652102924118,1401.999680669302,1.8407750265358584,-0.3709719480965623,1200.204543510913,0.04563786814688431,-0.4501801824074878,1100.125335276602,-0.03357036616404119,1.266396477217001,1001.8419119362267,1.6830062934604477,-202.900891998141,1492.7594043419915,-2.8906621947650564,-349.16347273251444,1413.7900912364767,6.324648623977783,-456.06026590774053,1212.8760114034878,7.078908957125787,-502.34675283442544,1062.5080705182268,4.975361316366705,-4.5290095279519464,787.9387912856446,-4.8810784725995875,3.9022961354144634,804.4778115944241,4.318905951657911,0.9556041744282712,801.5311196334379,1.372213990671718,1.0560252060927933,801.6315406651024,1.4726350223362399,0.26583110091073214,800.8413465599203,0.6824409171541788,203.1531846720017,1497.806116009207,2.156049472450413,349.6914650231903,1409.5862445817104,-3.8067493377226485,449.1482931618108,1213.04098757986,-4.805790284418006,495.9037236686571,1048.9468127397738,0.5767356186930608,-2.596300541607024,811.1639809983794,-5.218375982235998,-0.08223348296075361,800.4932819760488,0.334376333282693,1.1756371552839306,801.7511526142936,1.5922469715273773,2.7727586622411833,803.3482741212508,3.1893684784846297,,802.0884514354842,1.9295457927180097,-147.71216258639095,885.8094940563174,-0.08633640122707131,-147.32385772739877,536.1977989153096,0.3019684577650865,-146.3322179332706,87.18943870943768,1.2936082518932461,0.583736375315217,801.1592518343249,1.0003461915586636,148.46958277263863,914.9479261299304,0.8437565874747752,148.2845074427441,564.7628508000357,0.6586812575802152,147.33509699308044,113.81344035037213,-0.29072919208342973,-0.24771481324166733,800.327800645768,0.1688950030017793
128,1.28,1.4085533991589694,1702.0084530885304,1.838420732216151,1.3298574992720484,1551.9297571886434,1.7597248323292303,3.3052957843740813,1303.9051954737456,3.7351631174312634,-3.261137895557183,1397.3387617938142,-2.831270562500001,0.3689598586219538,1200.9688595479934,0.7988271916791356,1.4556020770001474,1102.0555017663717,1.8854694100573293,1.8308617428417158,1002.4307614322132,2.2607290758988974,-198.55882248666776,1496.7528867410515,1.1499857811224004,-352.11641270761146,1411.2710629838823,4.16109261186911,-455.26927991979085,1213.200666756296,7.4967601308843115,-502.07112775244724,1063.1029383690504,6.0305223850106255,-3.5556165773798223,788.4046398288535,-4.021981560636042,2.4698258494130183,803.0697255387845,2.8996931824702,-0.25718028969250795,800.3427193996789,0.1726870433646739,0.05200100372038596,800.6519006930919,0.4818683367775678,0.5971409021252887,801.1970405914967,1.0270082351824705,202.35209752498145,1496.6593375199295,1.0564365600004244,349.0592245584176,1409.348873118231,-4.197981615771601,448.31913561337,1212.6717303094006,-5.044713076240617,494.8934205305862,1047.0106318556782,-0.3148989326263912,-3.875600672836465,809.2972151095255,-6.724688004208436,-0.6787257113985607,799.9211739779729,-0.24885837834137892,1.327037236904099,801.9269369262755,1.7569045699612809,0.1278919931423228,800.7277916825137,0.5577593261995046,2.3897240427474173,802.9896237321188,2.8195913758045994,-149.1254618361331,884.0584380417166,-1.1709700535946093,-148.9260107814636,534.2578890963861,-0.9715189989250984,-144.58371317243797,88.60018670541176,3.370778610100514,2.257144208575633,802.857043897947,2.687011541632815,145.47826792975965,912.2943680519099,-2.4762238527788387,147.32263730612132,564.1387374282716,-0.6318544764171667,149.67225452525523,116.4883546474055,1.717762742716745,0.07386706942266841,800.6737667587942,0.5037344024798502
129,1.29,1.5310490940511627,1702.1554749104005,1.9741980248786892,0.07708101712845195,1550.7015068334777,0.5202299479559784,1.5411544773829362,1302.165580293732,1.9843034082104627,-0.7251539620931349,1399.899271854256,-0.2820050312656084,0.3127459891026043,1200.9371718054517,0.7558949199301308,-0.5411131140332415,1100.0833127023159,-0.09796418320571498,-0.34963785583314233,1000.274787960516,0.09351107499438416,-202.64098539837718,1492.3267918070492,-3.233363263250363,-352.9438468440081,1410.8480548258908,4.101635598017578,,1209.8748567409964,4.267621338200521,-504.6066523209262,1060.8253673331171,4.216951239093339,-2.246573723613903,789.201930775687,-2.836915952381109,1.5199614583117702,802.144387274661,1.9631103891392967,1.5636948004080384,802.1881206167573,2.006843731235565,2.1421687286703843,802.7665945450196,2.585317659497911,4.2799995961827335,804.904425412532,4.7231485270102604,202.09314157979432,1496.0607727283486,0.5006176580491211,350.4315680500195,1411.0982514336156,-2.5734468687062586,447.77832254113804,1212.5579006793082,-4.986458553585797,,1047.1337958203949,0.8456778519999891,0.2117477748102914,812.7560547888593,-2.852069125422279,1.2057090269291086,801.8301348432783,1.6488579577566351,0.8897138242630197,801.5141396406123,1.332862755090546,1.991012024807393,802.6154378411567,2.4341609556349195,1.4936955673880559,802.1181213837373,1.9368444982155824,-149.51182611504237,883.3596341788093,-1.2193157153418355,-146.784025973927,536.0874343199247,1.5084844257735512,-148.7443959604808,84.12706433337087,-0.45188556078026365,1.4065882619170662,802.0310140782663,1.8497371927445927,147.49810321594347,914.6266429220918,-0.794407183757063,148.52347868244928,565.6520183885976,0.23096828274873227,145.07272331669287,112.2012630228412,-3.219787083007674,-0.09760421078786075,800.5268216055614,0.34554472003966574
130,1.3,2.475728804090209,1703.1248137337134,2.9321773660816293,1.5153007955030446,1552.164385725126,1.971749357494465,2.5718254294724425,1303.2209103590956,3.0282739914638626,0.02522670727464771,1400.6743116368978,0.48167526926606796,1.07538448927177,1201.7244694188948,1.5318330512631904,-0.6300647302914708,1100.0190201993316,-0.17361616830005056,2.0822170265058677,1002.7313019561291,2.538665588497288,-201.58634745338694,1493.0425903982452,-2.479307336198131,-352.0757658955213,1412.0891862390067,5.713419106882638,-455.70190821556594,1211.6890359117845,6.181803265794064,-505.21108354985455,1060.4141892231887,4.27140059860755,-1.7726528103942358,789.1640383934844,-2.494513853994029,-1.3416805072970135,799.3074044223263,-0.8852319453055932,1.9850899627164915,802.6341748923397,2.4415385247079118,2.9353615548460663,803.5844464844694,3.391810116837487,-0.48516849506186577,800.1639164345614,-0.028719933070445514,202.00161011504275,1495.6361463479757,0.11424861353236748,348.70188477604825,1409.7259056808439,-4.040984433945514,446.5836208522185,1211.7553597621784,-5.5755772762874,497.5242302972102,1047.6894476664802,2.4275633272760233,-1.5123288421019352,810.3675587487159,-4.775589970221622,2.391273711397343,803.0403586410206,2.847722273388763,-1.3824921830745116,799.2665927465488,-0.9260436210830914,-0.3011112778633085,800.34797365176,0.15533728412811176,-0.6666235201199784,799.9824614095032,-0.21017495812855813,-144.05559060526056,888.528933947105,4.583379168843118,-148.16595979252887,534.4185647598366,0.47300998157479324,-146.42908085342071,86.15544369894478,2.209888920682964,-0.3577875345897019,800.2912973950336,0.09866102740171834,147.21119144036606,914.6266668880006,-1.4277783337375916,145.4253365091929,562.8408119568275,-3.2136332649107517,147.34170880773146,114.75718425536597,-1.2972609663722092,-1.0758143741033779,799.5732705555199,-0.6193658121119576
131,1.31,3.7935451845788806,1704.4674132001692,4.2633053138599255,-0.7427332505004778,1549.9311347650898,-0.27297312121943285,-1.4516220158952051,1299.2222459996951,-0.9818618866141602,1.5585064046621724,1402.2323744202527,2.028266533943217,-0.9299716870488308,1199.7438963285415,-0.4602115577677859,3.528419757509456,1104.2022877731,3.998179886790501,3.5767006898811617,1004.2505687054717,4.046460819162206,-199.25212414402256,1495.0434993951192,-0.44469392659558665,-356.07383331342584,1408.4309832360586,2.431996478656579,-455.65160640501443,1211.1303526739518,5.726328028059506,-505.9295061900602,1059.8212998230006,4.143768650294207,-1.1401894767659058,789.2889655935237,-1.9988317004671807,-1.0142847065767442,799.6595833090138,-0.5445245772956993,2.873912894071837,803.5477809096624,3.3436730233528817,3.121522616600535,803.795390632191,3.59128274588158,1.1183644705897406,801.7922324861803,1.5881245998707856,203.0271751601996,1496.3355546179278,0.8473612962128344,351.3528322973039,1412.7126647088726,-1.1191985618488736,448.1656172842677,1213.6928804274814,-3.383811633388307,496.5379845349311,1045.6870214308951,1.4361843349580847,-1.6182838727358426,809.5665341896446,-5.062768871344675,1.353293677344179,802.0271616929347,1.823053806625224,-0.031467235666339244,800.6424007799242,0.4382928936147057,0.8367686402904094,801.510636655881,1.3065287695714543,1.5751336936361666,802.2490017092267,2.044893822917212,-148.0042075182934,884.3190126870996,0.9887125135040409,-146.77480002052343,535.5484201848697,2.2181200112740136,-146.40222593335164,85.92099427204147,2.5906940984457907,-0.33221816617388833,800.3416498494166,0.1375419631071566,147.20664195354038,914.8834217481473,-1.786278078257065,147.76390716070824,565.4406869553152,-1.2290128710892094,147.4797676011059,115.15654739571278,-1.513152430691533,-0.2845490229090406,800.3893189926814,0.18521110637200433
132,1.32,-0.9527399530005232,1699.7460260076068,-0.4696624647718586,-0.3230885481773109,1550.3756774124302,0.15998894005135367,2.1107301887376217,1302.809496149345,2.5938076769662866,1.5282828943147662,1402.2270488549223,2.0113603825434305,1.56868520623986,1202.2674511668472,2.0517626944685246,2.698445618036574,1103.397211578644,3.1815231062652387,0.8350545080101799,1001.5338204686176,1.3181319962388445,-197.3701581717422,1496.5981026975126,1.139001073598832,-354.2781554116437,1410.5316160006403,4.914573202691935,-455.10541135961137,1211.0239292169053,5.726209129744619,-505.3122265440189,1060.4937951717993,5.279245045539434,-0.391064590350402,789.5393245046515,-1.3893581369351313,1.1008299132247392,801.7995958738321,1.5839074014534038,1.540447443686213,802.2392134042937,2.023524931914878,1.5994914444314867,802.298257405039,2.082568932660151,1.7923189214480328,802.4910848820555,2.275396409676697,202.07849630189526,1495.0680735548822,-0.3910280690314703,347.9451228783336,1409.617454510089,-4.248666288455809,446.6803214443339,1212.524758053755,-4.257483806778,496.25458615310055,1044.3677719971215,1.1088452078995483,-0.9525494451871419,809.5118926430171,-4.557203612801377,1.5282314896609313,802.2269974502683,2.011308977889596,1.461436797517837,802.1602027581253,1.9445142857465016,1.580033435341465,802.2787993959489,2.0631109235701297,1.4788160114579876,802.1775819720654,1.9618934996866524,-147.5641239877297,884.5234921958361,1.7892523939193596,-145.66314775005475,536.4244684335109,3.6902286315942803,-148.5766258253116,83.51099035825408,0.7767505563374526,-1.903633813982971,798.7951321466245,-1.4205563257543063,146.50786539478568,914.4202492112199,-2.8455109868633626,148.445531384569,566.3579152010033,-0.907844997080044,148.21565863898223,116.12804245541658,-1.1377177426668061,1.2490989254991658,801.9478648861066,1.7321764137278304
133,1.33,0.9884314921953326,1701.7122010464718,1.4848259418941698,2.0358387386954737,1552.759608292972,2.5322331883943114,1.0556311807631515,1301.7794007350396,1.5520256304619888,0.8118065883331379,1401.5355761426094,1.3082010380319753,3.1164644540985886,1203.840234008375,3.6128589037974264,1.060928398873675,1101.78469795315,1.5573228485725124,-0.6264543564585459,1000.0973151978178,-0.13005990675970858,-198.91587337672132,1494.7313967352572,-0.7032810442622164,-354.62504018311125,1410.4531476118666,5.222258262419996,-456.0505132159192,1209.3847546724492,4.196344543742558,-506.0282899118041,1059.760480922631,5.004829228660403,-0.6093816872145695,788.8356191833974,-1.747719386523706,0.324095336104989,801.0478648903813,0.8204897858038263,1.6541189256057107,802.3778884798821,2.150513375304548,2.693383801722206,803.4171533559986,3.1897782514210427,2.8903753587270815,803.6141449130034,3.386769808425919,203.6338648830841,1496.312402606912,0.8777248273925761,346.671559798012,1408.6313424720836,-5.237895331946608,443.98616008674304,1210.1078121735482,-6.340492529581883,494.8196334581254,1041.882950417678,-0.4070789924839495,2.478222716479498,812.2023638094013,-1.262844369921113,2.779888667894257,803.5036582221707,3.2762831175930947,0.6934607710568284,801.4172303253332,1.1898552207556656,-0.42765034863793283,800.2961192056384,0.06874410106090445,1.9427363185726356,802.666505872849,2.4391307682714727,-149.04022607734998,882.8374973964475,0.6790958835416354,-144.98690955571135,536.8908139180861,,-145.33976357200078,86.53795990179663,4.379558388890842,-0.1798398373985175,800.5439297168779,0.3165546123003198,146.50129718767343,914.623573713876,-3.2180247732182043,146.7360137245148,564.8582902507173,,146.15104005519507,114.27331658139764,-3.5682819056965487,-0.0011592609860344716,800.7226102932904,0.4952351887128028
134,1.34,0.6251279235937557,1701.3739974163698,1.1348327060407724,-0.48386398015965715,1550.2650055126164,0.02584080228735952,2.3175244723463457,1303.0663939651224,2.8272292547933624,1.9924991710660167,1402.741368663842,2.5022039535130336,1.4610236115818211,1202.209893104358,1.9707283940288378,1.3167838415336175,1102.0656533343097,1.8264886239806342,0.9397293256271212,1001.6885988184031,1.4494341080741378,-200.47737289010618,1492.8556917630383,-2.559280439546714,-356.287689389699,1409.0208492058912,4.179381830714378,-456.86732970180276,1207.8347112422741,2.758542649014477,-503.805964515937,1061.8914116832307,7.588877958168751,-0.26443970748511203,788.7132315250548,-1.540681007956559,1.3774147033556217,802.1262841961316,1.8871194858026383,0.6376192524020459,801.386488745178,1.1473240348490625,,800.9446726985079,0.7055079881789984,0.5406246683908805,801.2894941611669,1.0503294508378973,203.28765851282898,1495.6633186276715,0.24834642508638294,350.1714441455603,1412.3919519965302,-1.4489114420840261,443.5575920210578,1209.9150084118974,-6.1606892828901305,498.88471314547434,1044.8899982733083,3.5420694606086403,2.3238339058699053,811.293122964422,-1.5273523473608686,-0.06907397268597348,800.67979552009,0.4406308097610432,0.8059172428872219,801.5547867356632,1.3156220253342386,-0.9279497832059533,799.82091970957,-0.41824500075893667,0.8476354033399889,801.596504896116,1.3573401857870055,-146.04450730450017,885.6489886782042,4.04520351889938,-151.2590231070247,530.4344728756797,-1.1693122836251377,-147.89857680681817,83.79491917588625,2.191134016581383,2.23054957160834,802.9794190643843,2.740254354055357,145.84946997780165,914.1559739950973,-4.240240845597895,145.57851213304173,563.8850161503374,-4.511198690357824,149.9936857326102,118.3001897499058,-0.09602509078934274,-4.744932127700814,796.0039373650752,-4.235227345253797
135,1.35,1.6623746090752787,1702.4364309913076,2.1853768247788095,1.819067488372221,1552.5931238706044,2.342069704075752,2.38405177728061,1303.1581081595127,2.9070539929841406,-0.5276134828205148,1400.2464428994117,-0.004611267116984008,2.2252329939773485,1202.9992893762096,2.7482352096808795,0.639876041519322,1101.4139324237515,1.1628782572228529,-2.324826082779468,998.4492302994528,-1.8018238670759372,-198.09824510824774,1494.927805340913,-0.47222517545155085,-353.7856044792902,1411.7138009903572,7.2640987247826905,-454.75029386348393,1209.1817782437163,4.220725979245497,-506.50458820492616,1059.0260638226318,5.169285462907724,2.678681192794478,791.2117929634434,1.269236474147899,3.0703048265382873,803.8443612087705,3.5933070422418183,-0.2994052641601743,800.4746511180721,0.22359695154335646,0.7842695720825293,801.5583259543148,1.30727178778606,-0.43226346100039525,800.3417929212318,0.09073875470313553,202.0328658787552,1494.1142001636993,-1.2858303526651467,347.82746294023514,1410.2803582906588,-3.500364389683707,442.68837200750846,1209.2387290466695,-6.426605607628541,497.45820475764094,1042.4033089124916,1.9670093505399844,3.8073875742874024,812.0125954226227,-0.1252807006464618,0.6817949501242904,801.4558513323565,1.2047971658278211,0.5267195759757621,801.300775958208,1.049721791679293,1.7495673060021675,802.5236236882344,2.272569521705698,-0.1304332550119407,800.6436231272203,0.3925689606915901,-148.74528880571202,882.7895427757725,1.7181822557734165,-148.82424015768584,532.7105914237987,1.6392309037996198,-148.14857848824468,83.38625309323987,2.31489257324078,2.9973908871522372,803.7714472693845,3.520393102855768,148.29694655593713,916.7621149744526,-2.1665245055483333,147.51053777381958,565.975706192335,-2.952933287665884,147.5923949290828,116.05756334759826,-2.871076132402654,2.623160026264018,803.3972164084962,3.1461622419675486
136,1.36,1.3070129805221116,1702.1063337226544,1.8432934223040547,-1.0706858378624033,1549.72863490427,-0.5344053960804602,1.082186858333808,1301.8815076004662,1.618467300115751,1.8988623326626781,1402.698183074795,2.4351427744446212,2.6253535060423774,1203.4246742481746,3.1616339478243205,1.838324388090968,1102.6376451302233,,1.4888647200866076,1002.288185462219,2.0251451618685508,-198.8572840009019,1493.8693414892398,-1.5205520025161778,-357.4073973585347,1408.242088054167,4.185586556260439,-454.43575491854483,1208.6921226672446,3.849021377679163,-507.1175054252942,1058.1704140688425,4.75056852245684,1.5049289096781966,789.6209504949694,-0.03046347126355542,2.2809471328781976,803.0802678750106,2.8172275746601407,0.33861186773537166,801.1379326098677,0.8748923095173148,-0.766972449089312,800.032348293043,-0.23069200730736883,1.4177609078223776,802.2170816499547,1.9540413496043207,204.11887381198434,1495.914814005358,0.5249205136022318,350.66821232196145,1413.3236190462787,-0.3649988741805954,444.42497800815596,1211.1242065312256,-4.094017196973344,498.39042248383566,1042.2793244036702,2.7206341086872095,4.1329579519261594,811.5700814030213,0.14956552319668115,3.435418091763486,804.2347388338958,3.971698533545429,-0.311887764976043,800.4874329771562,0.22439267680590014,2.6681304231326424,803.467451165265,3.2044108649145855,1.9682689488845244,802.7675896910168,2.5045493906664675,-148.4253548131646,882.9762185141196,2.414153238275796,-148.14308938734064,533.2584839399436,2.696418664099758,-144.52104044404567,86.8805328832386,6.318467607394738,2.0118473689474596,802.8111681110798,2.5481278107294028,146.6862364843975,915.2846631571133,-4.153271567042882,149.53063321234401,568.1290598850597,-1.3088748390963856,146.05785900227025,114.65628567498598,-4.781649049170156,-1.5426307698994244,799.256689972233,-1.0063503281174813
137,1.37,0.4261007676471913,1701.2507537764234,0.9756338863579563,3.6021589574397255,1554.4268119662158,4.151692076150491,0.05367567310824917,1300.8783286818846,0.6032087918190142,1.667033289011958,1402.4916862977882,2.216566407722723,2.8096544000283865,1203.6343074088045,3.3591875187391516,-0.059161418071086214,1100.765491590705,0.49037170063967883,1.6333316982249895,1002.4579847070011,2.1828648169357545,-196.2426537664138,1496.1925255057204,0.8079285150930604,-356.4377449938656,1409.3198519720984,5.657099569749253,-452.02592593064344,1210.2661425820208,5.543802896882374,-503.0688888954059,1061.9001293133365,8.907061857044893,-0.3759158674589431,787.3551278077571,-2.0274791269813353,-0.08950899261576173,800.7351440161603,0.4600241260950033,3.0970263496058523,803.921679358382,3.6465594683166174,2.765269155209718,803.5899221639858,3.314802273920483,2.926915728215187,803.7515687369913,3.476448846925952,203.1108448573149,1494.6306922548624,-0.7539047357647538,343.19298239887667,1406.019566560591,-7.5448637886178656,441.7132804684969,1208.5161986277144,-6.219266127592498,498.12787580481495,1040.9707500801214,2.252242402262598,2.9658249636308898,809.6359484893402,-1.0356624630573423,0.6597034471056807,801.4843564558818,1.209236565816446,0.21527094028768046,801.0399239490638,0.7648040589984455,0.8363226025210629,801.6609756112972,1.3858557212318279,-1.0149882991262507,799.8096647096498,-0.4654551804154856,-147.36381348861153,883.9296973668125,3.8528943238847857,-147.12260239016354,534.1709084652605,4.0941054223327695,-147.0289440041857,84.26456685123841,4.187763808310622,1.7868684327131432,802.6115214414892,2.3364015514239083,149.26621104948666,917.9727001940626,-1.950496763009668,149.50198961368685,568.2084787582628,-1.7147181988094604,147.78905663211535,116.49554577669124,-3.427651180380973,1.8387625590820766,802.6634155678581,2.3882956777928417
138,1.38,0.26463787789042936,1701.114681416658,0.8273917507779284,-0.23541372279936934,1550.614629815968,0.32734015008812967,2.095535434075954,1302.9455789728434,2.6582893069634532,1.4923232600635785,1402.342366798831,2.0550771329510775,3.7311992000386707,1204.5812427388062,4.29395307292617,2.416601555108649,1103.2666450938761,2.979355427996148,3.439445601575056,1004.2894891403425,4.0021994744625555,-196.4485691923617,1495.70352308679,0.31935117269794333,-356.18949562704177,1409.6331903914568,6.3638703511393615,-451.4545975222833,1209.9727442064295,5.373968263189273,-506.6760459690321,1057.898267518765,5.320623698489709,-1.3483161778045114,786.0344051714424,-3.103817398974829,2.3134280025653515,803.1634715413328,2.8761818754528505,1.8771125659361767,802.7271561047037,2.4398664388236755,3.8749099388165384,804.724953477584,4.437663811704038,0.5166662066672711,801.3667097454347,1.0794200795547702,203.00872850982572,1494.262143073252,-1.1220288408401011,345.8872578530334,1408.8523153690057,-4.555805765949523,444.48079616614183,1211.341247662724,-2.876998725274564,499.9543097935952,1041.767547876459,3.848546836741571,3.927465963497816,809.8365825760962,-0.057890136645860166,-0.9750142881431443,799.8750292506244,-0.4122604152556453,0.4657435442238205,801.3157870829913,1.0284974171113195,0.24002180097165626,801.0900653397391,0.8027756738591553,3.1142198645914165,803.9642634033589,3.6769737374789155,-149.5424275730823,881.6679543631432,2.051512895299269,-150.42189043844573,530.7884914977797,1.1720500299358338,-146.55842285768568,84.65195907853972,5.035517610695875,0.7362020865137382,801.5862456252812,1.2989559594012372,147.60952611982796,916.3991441836025,-3.9844143485536025,147.30371603008058,566.0933340938551,-4.290224438300989,147.47661639789376,116.26623446166835,-4.117324070487793,0.9728130453110597,801.8228565840785,1.5355669181985587
139,1.39,-0.777943093164987,1700.0975395193764,-0.20200679141102862,0.5612333319059181,1551.4367159444473,1.1371696336598764,0.8065014405033928,1301.6819840530447,1.382437742257351,0.6236725429826006,1401.499155155524,1.199608844736559,0.14793019219718884,1201.0234128047387,0.7238664939511472,0.517102928089918,1101.3925855406312,1.0930392298438765,0.6057410007611467,1001.4812236133026,1.181677302515105,-198.32875928316884,1493.5489761925537,-1.839667963244544,-354.96818761853376,1410.8756435623407,7.998598361895112,-450.98515743526036,1209.5513128682296,5.078909133729665,-505.7316714964072,1058.3730278428202,6.198389635939558,1.626107793321387,788.7015628479494,-0.21873713186490026,-0.4743377916496928,800.4011448208918,0.10159851010426557,1.50782895607764,802.3833115686191,2.0837652578315984,0.3738366148088408,801.2493192273504,0.9497729165627992,-0.3623935263784924,800.513089086163,0.21354277537546595,202.64342765660948,1493.6404166456762,-1.74822751012203,,1408.8901953645661,-4.329537026741748,444.5105822704968,1211.3815795259152,-2.286263452288976,504.0083701730103,1044.8145539543011,7.651306193199266,3.666172286369025,808.824965649605,-0.26752545270430317,-0.10730095476435786,800.7681816577772,0.4686353469896005,0.9044479004238584,801.7799305129654,1.4803842021778169,1.1302462711436645,802.0057288836852,1.7061825728976228,0.5496060978035957,801.4250887103451,1.125542399557554,-148.35560143502528,882.7962727545527,3.6144623651453216,-149.56086664095426,531.5910075486237,2.409197159216336,-146.05538863347118,85.0964855561067,5.914675166699418,2.059105021982065,802.9345876345236,2.635041323736023,146.50005229662239,915.3481781070444,-5.470011503548216,146.16309987618928,565.0112256866114,-5.806963923981323,152.26258074412493,121.11070655454705,0.29251694395433514,4.072792414241598,804.9482750267831,4.648728715995556
140,1.4,2.348948986992852,1703.2499094249215,2.938022963484669,1.3630765050186968,,1.9521504815105142,-0.4420208169083758,1300.4589396210204,0.14705315958344145,3.6132723506299804,1404.5142327885585,4.202346327121798,-0.21056936435858675,1200.69039107357,,0.23738611963624467,1101.1383465575648,0.8264600961280619,1.4798846206027934,1002.3808450585313,2.0689585970946105,-196.14914969280005,1495.4633201178337,0.06528555755065657,-357.3557137595397,1408.4645349471848,5.977792430028682,-452.9885819196603,1206.6337119086127,,-505.19504218888807,1058.3665549299196,6.58157967475254,3.4488878179387545,790.2623478303576,1.5315308596864519,-0.8462037645935773,800.054756673335,-0.25712978810176,-1.85589957116203,799.0450608667664,-1.2668255946702127,-2.3880847944571446,798.5128756434714,-1.7990108179653272,1.032466932234274,801.9334273701628,1.6215409087260915,203.7917830320423,1494.5426891740408,-0.8553453862421754,344.6699449156078,1407.8088348245826,-5.1905531029484075,440.90750824252495,1207.7413800191086,-5.344231217636659,501.94507867487977,1041.7729065632986,5.3187670734584085,4.478638637149057,808.9022287568389,0.6331107953691584,-0.5401131634487754,800.3608472744797,0.048960813043041895,1.4572241300876565,802.3581845680162,2.046298106579474,0.9503764915311588,801.8513369294596,1.539450468022976,1.2354488714673404,802.1364093093958,1.8245228479591575,-146.13332985886768,884.9842970909422,6.210597019827036,-148.0411084391369,533.0765185106729,4.302818439557797,-149.21235524231142,81.90527170749841,3.131571636383306,1.2965739480059144,802.1975343859344,1.8856479244977318,147.87992341989994,916.7622964700901,-4.464003458794758,147.58987466259822,566.4722477127883,-4.754052216096486,149.81155964241012,118.69393269260028,-2.532367236284607,2.3625928356670176,803.2635532735956,2.9516668121588348
141,1.41,1.5260782129387191,1702.4525453666909,2.128238657676057,-0.010752988212216152,1550.91571416554,0.5914074565251215,-0.5429564066471033,1300.383510747105,0.059204038090234334,1.5770654732742433,1402.5035326270265,2.179225918011581,2.012470413026527,1202.9389375667788,2.614630857763865,0.8698414682666894,1101.7963086220188,1.472001913004027,-0.4546602130394264,1000.4718069407128,0.14750023169791127,-196.71156942531567,1494.645076307237,-0.7672825792128726,-356.24819571293216,1409.5031012273655,7.40390251109805,-452.00873742016176,1206.678971097324,2.4678317371012515,-507.4350078258443,1055.511942027351,4.102503157711486,4.451843495144817,791.0525685394641,2.480891593949395,1.4097275420924773,802.3361946958447,2.011887986829815,1.3064919156549732,802.2329590694071,1.908652360392311,-0.5958308571204036,800.3306362966318,0.006329587616934029,-1.5981086879128323,799.3283584658394,-0.9959482431754947,205.21744259800278,1495.7329318090578,0.32057292260786885,343.64239492568805,1406.8144011023714,-5.932892675750791,441.6783004795921,1208.4268434410096,-4.046143234267013,500.99320091259284,1039.877366752114,4.082997498663593,3.6614968664739864,807.3691520207655,-0.05869818647978886,1.3730158190913313,802.2994829728435,1.975176263828669,0.5664465042108167,801.492913657963,1.1686069489481543,1.2016257516063025,802.1280929053585,1.8037861963436401,1.6751091704617833,802.601576324214,2.277269615199121,-147.7501380187877,883.3570952540904,4.964235745602734,-148.26518725277302,532.842046020105,4.44918651161744,-146.5177879694825,84.58944530339555,6.196585794907958,3.5439453985201124,804.4704125522724,4.14610584325745,147.77623381635829,916.6690005434803,-4.938139948032151,147.68980313896515,566.582569866087,-5.024570625425308,148.46701164862534,117.3597783757473,-4.247362115765113,0.08036504731196392,801.0068322010642,0.6825254920493016
142,1.42,2.1837420856547647,1703.1357349191155,2.7989313189689486,1.0221987305690154,1551.9741915640298,1.6373879638831994,-1.4086568355065134,1299.5433359979543,-0.7934676021923295,-0.6454140059182796,1400.3065788275424,-0.030224772604095618,1.8694891184481583,1202.821481951909,2.4846783517623425,-0.07963045592635698,1100.8723623775343,0.535558777387827,0.2724491081744407,1001.2244419416351,0.8876383414886246,-194.87188748487094,1496.2387152333088,0.8070874571005715,-356.88387937534276,1408.7526008944917,7.037429902884701,-450.68902284395523,1207.0466343110834,2.9704662715422363,-503.683824611745,1058.5793876507787,7.530716271926409,1.61260335985342,788.0535763257308,-0.39111967204230935,-0.414664099461568,800.5373287339991,0.20052513385261594,-1.1874341221268838,799.7645587113338,-0.5722448888126999,-0.1681686191671783,800.7838242142935,0.44702061414700567,0.4791015030844108,801.4310943365451,1.0942907363985948,205.23086236835428,1495.5219110416178,0.09028326540970366,345.63395593610596,1408.8019006174068,-3.6618378906769697,441.74388892229445,1208.3585226065175,-3.4729572341817896,501.7999493546857,1039.7809749175292,4.59455538518044,5.970976253562139,808.985794108469,2.413581160380344,-0.5368307164211097,800.4151621170396,0.07835851689307427,-0.7373930945765705,800.2145997388841,-0.12220386126238658,-2.9852778615085125,797.9667149719521,-2.3700886281943285,1.6931218562283452,802.6451146896891,2.308311089542529,-148.3589255390523,882.7613165383272,4.72132172305916,-147.9883113680647,533.1319307093148,5.091935894046761,-149.30758015019137,81.81266192718815,3.772667111920117,0.6594218176969361,801.6114146511576,1.27461105101112,150.06839409528692,918.9481520179074,-3.011853166824543,149.22440915265202,568.1041670752726,-3.855838109459456,148.38686394989605,117.26662187251655,-4.693383312215429,-0.24600555457090922,800.7059872788898,0.36918367874327473
143,1.43,0.31102667751245616,1701.2885541663027,0.9391805284957232,1.6396559690059151,1552.617183457796,2.267809819989182,0.011184142881131787,1300.9887116316713,0.6393379938643988,1.149079095829703,1402.1266065846198,1.77723294681297,1.9401338316492605,1202.9176613204393,2.5682876826325276,1.269644406470451,1102.2471718952606,1.8977982574537182,-1.5111572727675702,999.4663702160226,-0.883003421784303,-195.6243974251651,1495.2502713884153,-0.20557533990493537,-358.0006175822474,1407.4748349861702,6.139449470072565,-449.1648445850275,1207.6042743375565,3.666042374224627,-504.33930657376936,1057.1740299789797,6.470856325639272,5.026381196952185,791.3640041051965,3.0124138161834346,-0.18614779192223396,800.7913796968679,0.4420060590610331,-1.1109320092315977,799.8665954795586,-0.4827781582483308,-1.2126833018198089,799.7648441869703,-0.5845294508365417,2.5436594070141587,803.5211868958042,3.171813257997426,204.59670824816706,1494.6745901245558,-0.7812566037643628,344.06986243613346,1407.1957307682876,-4.95336252275125,442.83994785142016,1209.2718725127677,-1.8907998397260208,500.82925436284694,1037.953276550023,3.3207251969228038,7.223001916947835,809.5715630310973,3.8658204069837123,,802.1606997503077,1.8113261125008606,-1.3205021776524482,799.6570253111377,-0.692348326669181,-0.8270355545232181,800.1504919342669,-0.19888170353995105,-1.3368555677018756,799.6406719210883,-0.7087017167186085,-148.40036506110897,882.7557953492984,5.040027657015509,-148.05714853497258,533.0990118754347,5.383244183151885,-149.5395972093122,81.61656320109512,3.900795508812265,2.7911330078299232,803.76866049662,3.4192868588131904,148.16916184142747,917.0130014310201,-5.271230876697013,148.56515987094858,567.4089994605413,-4.875232847175897,150.14924741902695,118.99308700861964,-3.291145299097517,3.0307124034246544,804.0082398922148,3.6588662544079216
144,1.44,-0.23937715725373399,1700.7636839162049,0.40167063395477487,2.1867958945431396,1553.1898569680015,2.8278436857516485,2.399914114899479,1303.402975188358,3.040961906107988,1.8746011113992394,1402.8776621848579,2.515648902607748,3.5797997271632895,1204.5828608006218,4.220847518371798,-0.06016783818218796,1100.9428932352764,0.5808799530263209,0.4536916138630583,1001.4567526873216,1.094739405071567,-195.722390106383,1494.9267700829444,-0.5582459945480112,-360.0387998458337,1405.229220260007,4.268684169737343,-449.1409246839373,1206.6501744631173,2.8529101023703998,-502.6683453220464,1058.032408762662,7.659102589972482,6.043308119290146,792.3370630339101,4.0430992490649675,2.236834141901129,803.2398952153596,2.877881933109638,-0.9736528674797102,800.0294082059788,-0.3326050762712014,-0.7995854300721068,800.2034756433864,-0.15853763886359795,2.058146286467397,803.0612073599259,2.699194077675906,205.1294693190182,1495.0057419567156,-0.47927412077691156,340.46730630427294,1403.5123693831645,-8.29144237485132,443.75649430583036,1209.9568510686943,-0.5113616852657361,501.7678597250758,1038.0863739923118,3.9515795366980946,4.560674624929252,806.2726717764265,1.4407015158594665,-0.3582217820230631,800.6448392914355,0.28282600918544576,4.642031856850748,805.6450929303093,5.283079648059257,-0.5219691123673691,800.4810919610911,0.11907867884113976,1.9820059166043071,802.9850669900628,2.623053707812816,-149.4793289859108,881.7351268429187,4.3143328603382605,-148.38773469227218,532.8267211365574,5.4059271539769,-149.30362630040815,81.9108295284214,4.490035545840902,2.0570471685147016,803.0601082419732,2.6980949597232105,148.48131077014546,917.266854941316,-5.312351076103595,147.76573002434026,566.5512741955107,-6.027931821908819,150.3939195824383,119.17946375360872,-3.3997422638107846,-1.4679305998642058,799.5351304735943,-0.826882808655697
145,1.45,-0.9026063968012367,1700.1259770900879,-0.24874186186378622,1.902112357102041,1552.930695843991,2.5559768920394914,0.9816109027007565,1302.0101943895897,1.635475437638207,-0.16729669524385926,1400.8612867916452,0.4865678396935912,0.7319210663403464,1201.7605045532293,1.3857856012777967,1.4176516073708592,1102.44623509426,2.0715161423083095,0.25690247286475776,1001.2854859597537,0.9107670078022082,-194.36857153562008,1496.0658091744356,,-360.7419580025089,1404.2721859145088,3.6809029838616296,-447.61638313104334,1207.1882358739845,3.5350462091539447,-505.691257538975,1054.138095523735,4.078804497938487,5.6248817329754,791.9369588713764,3.6636624458479696,1.7013167396541404,,2.355181274591591,-0.44438398691184344,800.5841994999771,0.209480548025607,1.0217935415282966,802.0503770284172,1.6756580764657472,0.4990697923054753,801.5276532791944,1.1529343272429258,206.29492428422355,1495.981415143713,0.4622841649786906,341.35563838355523,1404.2805808153068,-7.147848800065491,438.6769140639978,1204.5969468189344,-5.152865369943177,501.97518641999613,1037.5447483200712,3.849809737543004,7.831418670513931,808.9392656364155,,-2.470201604454737,798.5583818824342,-1.8163370695172865,-0.9798563422542396,800.0487271446347,-0.3259918073167891,0.9411676459099488,801.9697511327988,1.5950321808473993,1.1695969457070152,802.1981804325959,1.8234614806444656,-146.07872053724276,885.2158383489199,8.06019603264448,-148.7824660419279,532.5120928442348,5.35645052795933,-150.0060462692926,81.2885126168701,4.132870300594659,1.8180311324488434,802.8466146193377,2.4718956673862937,151.1902690751138,919.8957101889512,-2.9486474947734402,150.72934361776615,569.4347847316035,-3.4095729521210916,,113.41106525173151,-9.433292431993067,1.0011861070206671,802.0297695939096,1.6550506419581175
146,1.46,1.2219787475502317,1702.276063325511,1.8885763009458163,0.42588667623523146,1551.4799712541958,1.0924842296308162,-0.11104918694531862,1300.9430353910152,0.5555483664502661,2.317510742335891,1403.3715953202966,2.9841082957314757,1.3228372114085198,1202.3769217893691,1.9894347648041044,2.5076121803064573,1103.561696758267,3.1742097337020416,1.1324020210725863,1002.1864865990332,1.798999574468171,-196.16020270458486,1494.0704188144496,-1.4877625825708807,-358.58198443894094,1406.1319571755432,5.9037055756083685,-446.07078284062754,1207.7419223808954,4.235997609006308,-504.1487664658912,1054.7546859542256,4.993471131495564,5.664039892454019,792.05893584044,3.7680030350866986,0.12589385076423731,801.1799784287249,0.792491404159822,1.93368660688136,802.987771184842,2.600284160276945,1.6731860760208983,802.7272706539815,2.339783629416483,3.1725964616110938,804.2266810395718,3.8391940150066786,204.31357019342354,1493.8223623553567,-1.7358190416635737,340.60117531115856,1403.366226838476,-7.657337192548431,440.6252642323896,1206.2164826954645,-2.7927572201071023,504.72594285460485,1039.6078299445376,6.293304011377309,6.151263213462209,806.689686796852,3.6131693498747968,1.1435320524121257,802.1976166303727,1.8101296058077103,-0.09433512995733195,800.9597494480033,0.5722624234382527,0.9624191973726419,802.0165037753333,1.6290167507682267,-0.269289704898671,800.784794873062,0.3973078484969137,-150.47216603430653,880.9236996805382,4.0028668322160526,-149.17032067851588,532.2255450363289,5.304712188006706,-148.02069568951967,83.37517002532515,6.454337177002898,-2.3336346162534873,798.7204499617071,-1.6670370628579028,,918.6204656058557,-4.458701545822129,149.46456913967268,568.068703424828,-5.010463726849902,150.21842007060542,118.8225543557606,-4.256612795917152,0.48692167706473444,801.5410062550253,1.153519230460319
147,1.47,-0.9075941767241688,1700.1719599720625,-0.22835386583085415,0.4321479990027798,1551.5117021477895,1.1113883098960944,1.8593795673383027,1302.938933716125,2.5386198782316174,1.225146218642199,1402.304700367429,1.9043865295355138,-0.818486717157029,1200.2610674316297,-0.13924640626371443,-0.4268868701440772,1100.6526672786426,0.2523534407492374,-0.2832996604307757,1000.796254488356,0.3959406504625389,-197.17118310984748,1492.8669775284727,-2.7351745737924924,-359.6729440177536,1404.6947446168713,4.822712536461031,-448.49430778402086,1204.324072016731,0.9686916579852933,-503.8253075273861,1054.102464585114,4.623432094017169,5.12517154744887,791.6692607658313,3.3211893333523594,-1.7855527930086108,799.2940013557782,-1.1063124821152963,0.9919838493351806,802.0715379981219,1.6712241602284952,-2.4444907859750833,798.6350633628117,-1.7652504750817688,3.5169079619316785,804.5964621107184,4.196148272824993,203.0100806733877,1492.3534982070862,-3.2486538951791957,341.8831396933765,1404.448210413691,-6.14170237511697,440.6360071489898,1205.8503504976395,-2.397968173185858,505.36314723640146,1039.6229839364057,6.628139118142476,6.360978589192202,806.366597818861,4.164873256540369,0.8747911823885166,801.9543453311753,1.554031493281831,1.427596113839086,802.5071502626258,2.1068364247324007,1.6063663930942371,802.685920541881,2.285606703987552,-0.4724047663506875,800.6071493824361,0.2068355445426271,-149.12146681329693,882.3962738800905,5.679437787853476,-148.4407114216563,533.0770292717311,6.360193179494124,-149.03704007352525,82.48070061986215,5.763864527625164,2.0458800023897497,803.1254341511765,2.725120313283064,151.93191508024807,920.4141743868606,-2.868989520902333,150.09097953533924,568.5732388419518,,149.47980587221076,117.96206517882338,-5.321098728939638,0.13725655701116934,801.2168107057979,0.816496867904484
148,1.48,3.393351865163956,1704.4983338236812,4.085138132808366,4.14402009875168,1555.2490020572689,4.835806366396089,-0.6283576708709524,1300.4766242876462,0.06342859677345736,-2.89336024478389,1398.2116217137332,-2.20157397713948,3.8233389476780673,,4.5151252153224775,0.42449407577137366,1101.5294760342886,1.1162803434157835,0.7453752881767685,1001.8503572466939,1.4371615558211783,-195.54416334758224,1494.3130992374715,-1.3379234321616504,-357.5622012092574,1406.4136177001487,6.890439708738698,-447.91050949163287,1203.914140334469,0.712678082839822,-503.0409167365018,,4.653911399236455,4.871060557618546,791.6321436200591,3.1863889819703894,-0.48238620338631977,800.6225957551308,0.20940006425809,-0.7943621552521227,800.310619803265,-0.10257588760771297,-0.17788500850804412,800.9270969500091,0.5139012591363656,1.6164866048694637,802.7214685633866,2.3082728725138733,206.7729414068199,1495.9635344076983,0.31251173806505084,343.2371850325188,1405.5620037163292,-4.566249495175298,438.9019049258838,1203.6919054191378,-3.777014477347275,505.14045564500435,1038.8478039526817,6.110879407137974,3.415344255826845,802.9262407779495,1.592867346897802,1.3969939852773918,802.5019759437945,2.0887802529218016,1.161648176062652,802.2666301345798,1.8534344437070618,1.006729885529786,802.1117118440469,1.6985161531741957,0.11927763862886243,801.224259597146,0.8110639062732722,-149.45146194979287,882.2080572378053,5.663985385239718,-152.98298429915343,528.6765348884447,2.1324630358791694,-150.36083692123276,81.29868226636543,4.7546104137998375,0.42909529335040064,801.5340772518675,1.1208815609948104,151.51256780540294,919.8530486178048,-3.6028795296296496,147.03652214811018,565.377002960512,-8.078925186922408,147.65728456662663,115.99776537902842,-7.4581627684059715,1.1506282383867688,802.255610196904,1.8424145060311785
149,1.49,-1.3730654182612638,1699.7572923089037,-0.668836535666421,2.0132320557528347,1553.1435897829178,2.7174609383476778,0.7314238648780647,1301.8617815920431,1.4356527474729075,1.0379064193857863,1402.1682641465509,1.7421353019806292,0.08358107156523031,1201.2139387987304,0.7878099541600732,1.2803945229320295,1102.4107522500972,1.9846234055268723,0.08832836996739835,1001.2186860971325,0.7925572525622412,-196.21833882281442,1493.4698391816128,,-357.8692158008417,1405.6697091567153,6.487503205438813,-445.7527372417799,1205.0817601244987,2.0376872842630833,-505.14057508737443,1050.7071809243832,1.7456414787018226,6.926698932086908,793.9735311570057,5.388671956521236,3.501515468626698,804.6318731957919,4.205744351221541,-0.2827132240463096,800.8476445031188,0.42151565854853323,0.6449127604417785,801.7752704876069,1.3491416430366212,-1.6132585576039888,799.5170991695611,-0.909029675009146,204.15776394510286,1493.2082932597596,-2.496474225426347,341.02633554736076,1403.0705905493771,-6.568850304356644,440.278629600143,1204.5975755878617,-2.075383254116968,505.8652036351701,1039.0931228902664,6.5515913308414255,,802.2210659982682,1.7463392600338112,-0.42108237536898807,800.7092753517961,0.28314650722585477,1.3696969922212556,802.5000547193864,2.0739258748160987,-1.3627041522021068,799.767653574963,-0.658475269607264,-1.3597140765368412,799.7706436506282,-0.6554851939419983,-148.29848468071236,883.5220256741165,7.1191174154393755,-147.49512821095522,534.3253821438738,7.922473885196524,-148.79987089167983,83.02063946314907,6.617731204471905,-0.07749128827344076,801.0528664388917,0.6267375943214021,148.48088455886779,916.6603742040388,-6.936717537283952,146.17523113536615,564.3547207805371,-9.2423709607856,151.13194965084833,119.31143929601944,-4.285652445303405,0.8727382441419104,802.0030959713071,1.5769671267367533
150,1.5,0.9667207686936583,1702.12239190815,1.6832823849545382,-0.8265048946054151,1550.329166244851,-0.1099432783445351,0.2867850307866325,1301.4424561702428,1.0033466470475125,-0.052813141744167624,1401.1028579977121,0.6637484745167124,0.09390669763366055,1201.2495778370899,0.8104683138945405,-0.09755544259720483,1101.0581156968592,0.6190061736636752,0.05898150742563413,1001.2146526468821,0.7755431236865141,-194.6248484961171,1494.9062948237245,-0.8570609331528689,-359.2763532688009,1403.7814041225529,4.931809038936264,-445.5819573530725,1204.2689121709268,1.3857996406503426,-502.28804066978483,1052.4665119552728,3.7409859136123615,6.759692652337816,794.1614969832954,5.395409237174172,2.0060412123740257,803.1617123518305,2.7226028286349058,1.3037022205547626,802.4593733600112,2.0202638368156425,-1.043920742152086,800.1117503973044,-0.3273591258912061,-2.2636369681830946,798.8920341712733,-1.5470753519222147,204.04107115682856,1492.9644928149842,-2.798862941893276,341.0300091776698,1402.7534914195073,-6.370916547116201,441.68682701277623,1205.4889247376318,-0.3734648186780887,504.4003867578645,1037.2249659175243,4.815799065554408,5.952875665987906,804.592249854405,4.963301481162023,-0.6130861231641594,800.5425850162923,0.10347549309672055,-0.1078450144233577,801.047826125033,0.6087166018375223,2.726737516252496,803.8824086557089,3.443299132513376,3.139631676355444,804.2953028158119,3.8561932926163243,-148.34523909180953,883.6547609081905,7.36110000596138,-153.30672307632048,528.6932769236795,2.399616021450435,-150.4127736560795,81.58722634392048,5.293565441691402,-1.6681389718919641,799.4875321675645,-0.9515773556310843,151.48492628160017,919.4849262816001,-4.2214128161707585,147.8436813278334,565.8436813278333,-7.862657769937533,153.3692820203374,121.3692820203374,-2.3370570774335224,1.2423317040625217,802.398002843519,1.9588933203234018
151,1.51,2.874147161111569,1704.0550590098112,3.602925094686845,0.6738473459392176,1551.8547591946387,1.4026252795144936,1.6925610386734182,1302.873472887373,2.4213389722486944,1.3296348221034942,1402.510546670803,2.05841275567877,0.0037402637785258763,1201.184652112478,0.7325181973538017,1.2203459415308875,1102.4012577902304,1.9491238751061635,0.6444085892354352,1001.8253204379351,1.373186522810711,-195.29050371046748,1494.095876690273,-1.7308748406165353,-360.7119256967052,1401.8212981406755,3.2955114734673203,-443.8649218361225,1205.011746826885,2.293265599209606,-504.0678488799933,1049.5659052102899,1.0618908858563105,5.478026665961963,793.3039948131158,4.314033827537587,2.6592515268213077,803.840163375521,3.3880294603965835,1.5705758038913724,802.7514876525911,2.299353737466648,0.8781413332377253,802.0590531819374,1.606919266813001,2.5991003469471736,803.7800121956468,3.3278782805224494,202.49921463192993,,-4.518087526085644,339.7895475037604,1401.1522949950463,-7.4318667417860595,440.7013748178868,1203.9419084151336,-1.0972913682415926,504.0172654824411,1036.5171316019125,4.177066946700145,6.730405341899472,804.9937349987779,6.194645214343548,1.1260653880132083,802.3069772367129,1.8548433215884843,0.8817022062502109,802.0626140549499,1.6104801398254867,2.431742555424439,803.6126544041241,3.1605204889997154,2.753092088005906,803.9340039367056,3.481870021581182,-150.23639976531854,881.9608537066863,5.7442616262690365,-151.80711428394466,530.3901391880602,4.1735471076429045,-150.68047711413496,81.51677635786982,5.300184277452628,0.5154843993386152,801.6963962480382,1.244262332913891,152.4763264966998,920.279073024695,-3.5043348948877555,149.46755642017777,567.2703029481729,-6.513104971409806,151.0235654788296,118.82631200682484,-4.957095912757971,0.7323285788358158,801.9132404275355,1.4611065124110916
152,1.52,1.3899481228268993,1702.5960176035028,2.1308194295673535,-0.011401224236103069,1551.1946682564399,0.7294700825043511,-1.8745290724480652,1299.331540408228,-1.133657765707611,1.9076357443089071,1403.1137052249849,2.6485070510493616,-0.4760303040353208,1200.7300391766407,0.26484100270513333,1.3244117749087956,1102.5304812555848,2.06528308164925,0.5520978974067006,1001.7581673780827,1.2929692041471548,-194.63785131052776,1494.616244938061,,-358.1497508891219,1403.8166363827677,5.6054524543749125,-444.50946974460203,1203.4052731037746,0.8551932563688343,-500.84739525845333,1051.6441373780644,3.3477512126261075,9.812972877242537,798.1317588558459,8.874948017732844,0.8753506012839978,802.08142008196,1.616221908024452,0.6917632737142867,801.8978327543903,1.432634580454741,0.31456890754130445,801.5206383882173,1.0554402142817585,0.858405361171211,802.0644748418472,1.5992766679116652,206.1599885040753,1494.8687642091768,-1.0261495041256563,342.28298375102133,1403.2454271059612,-4.774355197248933,438.911728693117,1201.5472177968,-2.6581879779212763,504.1467990256225,1036.4026058427485,4.06841342430785,4.298617545700778,802.2255054377829,4.237428365723461,2.769842842727657,803.9759123234037,3.5107141494681113,0.5833289802924813,801.7893984609685,1.3242002870329355,-1.395982451109203,799.8100870295668,-0.6551111443687487,1.1688637853950947,802.3749332660711,1.909735092135549,-149.93999996102335,882.4715186279607,6.299608481078734,-150.71614089566813,531.6953776933159,5.523467546433943,-150.3029738733406,82.10854471564342,5.936634568761476,0.5416408791585496,801.7477103598345,1.2825121858990038,152.67521939917805,920.263700810194,-3.564389042924032,151.24053372711361,568.8290151381296,-4.999074714988449,152.0266423640782,119.61512377509419,-4.212966078023865,1.1178355914570572,802.323905072133,1.8587068981975112
153,1.53,0.722097874967757,1701.9532315125148,1.4749330930552609,0.2555859553454235,1551.4867195928923,1.0084211734329274,-0.8167093124918956,1300.414424325055,-0.06387409440439185,0.751330376942815,1401.9824640144898,1.5041655950303188,-0.6355682670413858,1200.5955653705055,0.11726695104611795,2.083479970671544,1103.3146136082185,2.836315188759048,1.6003483648075458,1002.8314820023544,2.3531835828950496,-196.9140265884079,1492.2204561130382,-3.747339984051605,-360.34808948216056,1401.0103742914555,3.104222317167209,-441.47254420751057,1205.4953323266607,3.117520486808431,-504.02232096623743,1047.311902319071,-0.7900286297948282,3.7129413417487283,792.5921516310459,3.025377137289364,-0.06798507997824421,801.1631485575685,0.6848501381092595,-1.2626483163805746,799.9684853211663,-0.5098130982930709,-0.2142986259450056,801.0168350116019,0.5385365921424982,2.9119185737534337,804.1430522113003,3.6647537918409374,202.9729017028837,1491.5944492755532,-4.373346821536666,342.9077935333633,1403.4309019320608,-4.001518622972011,445.68366823690064,1207.6720226069876,4.308975572928173,504.1671987103513,1036.261099402134,3.8698473348759164,7.523616454087203,805.1529904777599,7.954291596199422,0.47533932048957955,801.7064729580364,1.2281745385770833,-0.009609745081842813,801.221523892465,0.7432254730056609,0.9576452477913624,802.1887788853383,1.7104804658788662,0.12348968171695174,801.3546233192639,0.8763248998044555,-150.06934181288625,882.5726867680155,6.412917796118132,-149.55322460712242,533.0888039737794,6.929035001881973,-149.86695341025785,82.77507517064389,6.615306198746535,-1.4959155764921188,799.7352180610548,-0.7430803584046151,152.0442879191222,919.4022593382205,-4.437971689882178,147.04877363814623,564.4067450572445,-9.433485970858158,153.26832258170379,120.62629400080205,-3.213937027300604,0.5986350956274801,801.8297687331743,1.3514703137149837
154,1.54,-1.027027275800139,1700.2290666259792,-0.2623641128602703,-1.4185445419194276,1549.8375493598598,-0.6538813789795588,-2.0316702939990963,1299.2244236077802,-1.2670071310592275,2.9235765455597478,1404.179670447339,3.6882397084996166,-0.3598582296915836,1200.8962356720876,0.40480493324828526,-0.4832868744846636,1100.7728070272947,0.28137628845520524,0.24473364344795195,1001.5008275452271,1.0093968063878207,-194.2179745624008,1494.8097415951465,-1.2356057992693188,-359.829359187296,1400.881460511858,3.2704426471866537,-446.05097993255674,1199.9878015989295,-2.2137831285434633,-503.04381709994135,1047.1244601283845,-0.7953942564510093,5.55421122230986,795.0598958187774,5.140106361848952,1.7834870457005372,803.0395809474797,2.548150208640406,-0.19309091416322038,801.063002987616,0.5715722487766485,-0.8710392229922519,800.3850546787869,-0.10637606005238309,-1.5823259176755515,799.6737679841036,-0.8176627547356827,204.37402822820897,1492.9219235805754,-3.1234238138403607,340.96329708854756,1401.0087241267693,-5.8145715896699315,441.94974335812265,1203.250413951146,0.7362329430993722,506.5375124522209,1038.5526207667738,6.0419382322235435,5.789122611907149,803.1588384139426,6.725243259315323,1.0625758387134216,802.3186697404926,1.8272390016532905,0.7938128072997142,802.0499067090789,1.558475970239583,-0.46743838322181946,800.7886555185573,0.2972247797180494,0.1300362127366113,801.3861301145158,0.8946993756764802,-154.15428214485047,878.7337228929835,2.5534553797641406,-155.238969997694,527.6490350401399,1.4687675269206268,-150.16129818742846,82.72670685040553,6.546439337186181,-1.7842220646978335,799.4718718370814,-1.0195589017579647,152.19735415385833,919.3093491160245,-4.510383370756288,153.13534775805255,570.2473427202186,-3.5723897665620705,149.5006764354145,116.61267139758051,-7.207061089200129,-0.5634421361817674,800.6926517655974,0.20122102675810138
155,1.55,-1.6799959483377789,1699.6009438917472,-0.9036472958572253,-0.22522701706515275,1551.0557128230198,0.5511216354154009,,1301.2842025918849,0.7796114042804256,0.12459750766853334,1401.4055373477536,0.900946160149087,-1.6560360575626398,1199.6249037825223,-0.8796874050820862,-1.0215050258319347,1100.2594348142532,-0.24515637335138107,-0.13217018917072781,1001.1487696509145,0.6441784633098259,-196.78792154214818,1492.146035776148,-3.98147549806738,-359.996982875951,1400.0279854122673,2.7019145923623706,-442.01966911880976,1203.1104191699126,1.089107525438401,-498.4733384305618,1050.5268757881718,2.7775879678591613,4.6176904832244,794.8138391353924,4.498249525109469,2.3154163774067187,803.5963562174918,3.0917650298872723,3.9641450685227886,805.245084908608,4.740493721003342,0.8027695191393673,802.0837093592245,1.579118171619921,0.15087997718480142,801.4318198172699,0.9272286296653551,206.46829245987118,1494.9562251482018,-1.1712861260134781,343.3705997128385,1402.9008285804523,-3.2928641418888995,441.92929653470327,1202.503422450787,0.8425447128364669,509.00070850282657,1041.020552568959,8.328889022092223,2.9508501737439166,800.0973126687743,4.402065878452991,-0.08972369212478387,801.1912161479604,0.6866249603557698,1.975706154639837,803.256645994725,2.7520548071203903,0.6009538183145993,801.8818936583997,1.3773024707951529,1.5297563937747292,802.8106962338599,2.306105046255283,-153.3105353868415,879.8381254655708,3.604675966852966,-150.9692374690376,532.1794233833747,5.945973884656877,-151.47192475650408,81.67673609590827,5.443286597190383,1.1225870547059438,802.4035268947911,1.8989357071864974,150.47305941761152,917.3243985651992,-6.442151936082953,151.18290002328004,568.0342391708677,-5.73231133041444,148.14069381537448,114.9920329629621,-8.774517538320005,0.3986597248686701,801.6795995649538,1.1750083773492237
156,1.56,1.5145531283023121,1702.8202141356783,2.3024383449240204,3.0768116247168034,1554.382472632093,3.8646968413385117,2.176619220374579,1303.4822802277506,2.9645044369962874,1.2967046995067464,1402.602365706883,2.0845899161284547,-0.8184989154689242,1200.487162091907,-0.030613698847215876,-0.10188811941968223,1101.2037728879563,0.685997097202026,0.08826679729509418,1001.3939278046711,0.8761520139168024,-193.30443418310523,1495.548916767931,-0.6653096370935219,-358.5381512027418,1400.764414505584,3.71285194376583,-442.6183525360794,1201.6259849786018,-0.21092789357227415,-499.95879635636595,1047.8777780180908,0.2884800353529272,6.172170921197336,797.1202188091097,6.366516477112941,-0.36013487801741023,800.9455261293587,0.427750338604298,-1.4568330847505693,799.8488279226254,-0.668947868128861,-0.7857534721445054,800.5199075352315,0.0021317444772028793,1.9032638502313035,803.2089248576074,2.691149066853012,206.74740205254935,1495.1891583742406,-1.025068030783989,340.20857672335904,1399.1870641504063,-6.357895241333334,440.35865716214846,1200.169207913797,-0.6360065731393052,504.3368301715639,1036.4448033501924,3.5116827070046175,3.9479927457395334,800.9057999971923,5.919833733955781,-1.9559678178845936,799.3496931894914,-1.1680826012628853,0.32617762977294634,801.631838637149,1.1140628463946545,1.9394433843887393,803.2451043917648,2.7273286010104476,2.996218314178859,804.3018793215549,3.7841035308005675,-152.011969194137,881.4112339508007,5.091930729139941,-149.91578109893044,533.5074220460072,7.188118824346498,-149.83370684689493,83.5894962980427,7.270193076382,1.6670356615179989,802.9726966688941,2.454920878139707,149.84830053152967,916.425097386592,-7.255599391747259,153.1448161474789,569.7216130025413,-3.9590837757980313,152.0896727530183,118.66646960808065,-5.014227170258644,-0.7121018746300964,800.5935591327459,0.07578334199161185
157,1.57,2.5853912356912665,1703.9156381864211,3.3846576425666886,1.1947848258421017,1552.525031776572,1.9940512327175235,-0.43200043995144377,1300.8982465107783,0.36726596692397817,1.5335842349848678,1402.8638311857146,2.33285064186029,3.2496150417002756,1204.57986199243,4.048881448575697,-1.1254581347918031,1100.204788815938,-0.32619172791638107,-0.7458258007326418,1000.5844211499971,0.05344060614278012,-193.19664467869887,1495.589380993251,-0.7160455097801637,-356.34477528823044,1402.200631262378,5.412923478372162,-444.6871428682971,1198.6968293053633,-2.951488057347308,-500.06534934409365,1046.6185204526198,-0.8203766362414828,2.4439127670961476,794.2022598279668,2.9688131339916675,-0.7436368299382038,800.5866101207915,0.05562957693721815,0.8885696772003703,802.2188166279301,1.6878360840757922,-2.273350308208162,799.0568966425216,-1.4740839013327398,-0.7685108567039428,800.5617360940257,0.03075555017147913,204.7574972643246,1493.16694320604,-3.1384832969910716,338.98877333274754,1397.3800917430158,-7.498411661981401,442.6719477717418,1201.683860334379,1.734589976651855,505.2699652377255,1037.548778403745,4.3150470070910565,7.170839198921989,803.9724519076827,9.664562667583471,1.7773145032599338,803.1075614539897,2.576580910135356,0.30284964406348513,801.6330965947932,1.102116050938907,3.521326774010285,804.85157372474,4.320593180885707,-0.5294247348662678,800.8008222158634,0.2698416720091541,-152.1197358892605,881.5911002705373,5.153338821278233,-149.7855607006525,533.9252754591453,7.487514009886251,-151.6109291013147,82.09990705848305,5.662145609224051,0.6115947394124797,801.9418416901422,1.4108611462879015,150.74901189634903,917.0381757365512,-6.524062814189721,149.94838275098402,566.2375465911862,-7.324691959554729,150.90592057003303,117.19508441023528,-6.367154140505712,-0.8443945325674286,800.4858524181623,-0.04512812569200664
158,1.58,-0.3655280883664664,1700.9891591250002,0.4449577108581002,-3.4439952148763995,1547.9106919984904,-2.633509415651833,-0.4732790099426853,1300.8814082034241,0.3372067892818813,0.14672794401169165,1401.5014151573785,0.9572137432362582,1.3962296128128437,1202.7509168261795,2.2067154120374104,1.1394942034220363,1102.4941814167887,1.949980002646603,-0.24711974299921652,1001.1075674703676,0.5633660562253501,-194.02166151726362,1494.7104322321384,-1.6906081531643375,-357.8453219629666,1399.9100968276334,3.375412080059962,-445.3791525625508,1197.1721773176748,-4.283286926091936,-496.13488976399265,1049.4136466448329,2.1165933956302063,6.995067707468687,799.618615710777,7.864682948223615,-1.9891425621665997,799.3655446512003,-1.178656762942033,3.4739963903518443,804.8286836037187,4.284482189576411,0.3258958826771945,801.6805830960441,1.1363816819017611,1.8149244868370706,803.169611700204,2.625410286061637,205.59620698405857,1493.9872710427396,-2.41376934256313,342.3855349565355,1400.1555122716159,-4.040276820634952,442.340373481209,,1.4255626867566311,505.91103746076215,1038.4421770907265,,1.1146544684474333,797.7900940620432,4.127126831618217,1.6553682559800336,803.0100554693469,2.4658540552046,1.894988449664767,803.2496756630317,2.7054742488893337,1.419663455064706,802.7743506684316,2.2301492542892727,-1.3836321665841955,799.9710550467827,-0.5731463673596289,-153.24418465525133,880.7665794667384,4.177878021912836,-152.49125551005133,531.5195086119385,4.930807167112846,-152.42773775521823,81.58302636677155,4.994324921945956,2.018998871877335,803.3736860852442,2.829484671101902,148.948077520156,914.9373133981662,-8.47398515700818,152.20105092356388,568.1902868015741,-5.2210117536002985,149.38400084374783,115.37323672175805,-8.03806183341635,-0.21147810672583695,801.143209106641,0.5990076924987296
159,1.59,-1.4493728528304728,1699.9295984858086,-0.6278358558379356,,1553.4632759859799,2.9058416443335116,1.5668060448702585,1302.9457773835093,2.388343041862796,1.4273808705607272,1402.8063522091998,2.2489178675532644,1.6480756736856308,1203.0270470123246,2.469612670678168,-1.483407541670563,1099.8955637969684,-0.6618705446780258,,1004.6849288168429,4.127494475196437,-193.98828267955489,1494.703368248467,-1.7976237796795136,-358.2093535039844,1398.7253047259517,2.432668728004187,-443.6897929047495,1198.0588428149956,-3.199461482042632,-497.0247016501038,1047.4121847683264,0.24948367141859198,6.2779643041185835,799.8176756450595,7.503613627852587,-0.8484181003217421,800.5305532383172,-0.026881103329204903,-0.1510069413633897,801.2279643972755,0.6705300556291475,-1.5993154818707407,799.7796558567683,-0.7777784848782034,0.07505011767504638,801.454021456314,0.8965871146675836,204.54269019766343,1492.929346096329,-3.5716459318175406,341.1647226670677,1398.2805792091758,-5.217754831558309,440.0889715980283,1197.4069388595049,-0.8378939706885045,504.96223335302165,1037.8254297430767,3.819499944739758,3.26752297427507,799.8441010111869,6.791139710284836,1.3253804463568448,802.7043517849958,2.1469174433493823,1.7012599483222737,803.0802312869612,2.522796945314811,0.7016215112592579,802.0805928498983,1.5231585082517949,2.5806805689869607,803.9596519076259,3.4022175659794978,-150.48310652787654,883.8390875148755,7.0671424112403525,-152.05873331536955,532.2634607273825,5.491515623747359,-153.80951285808803,80.512681184664,3.74073608102888,0.12964193206680594,801.5086132707057,0.9511789290593431,153.62167335806956,919.2994793153175,-3.9285755810473493,151.73527427989316,567.4130802371411,-5.814974659223726,151.4902254807333,117.16803143798128,-6.060023458383597,,801.4590560061292,0.9016216644828274
160,1.6,-3.4616543254077796,1697.9414345486152,-2.629240691697076,1.86004410477949,1553.2631329788026,2.6924577384901935,1.8284241580986977,1303.2315130321217,2.660837791809401,-0.666409660327505,1400.7366792136954,0.1660039733831985,1.9914130015411202,1203.3945018755642,2.823826635251824,3.7251244477947805,1105.1282133218178,4.557538081505484,-1.1434183206280526,1000.2596705533949,-0.31100468691734906,-194.70659947748288,1493.9581767963095,-2.647023834246748,-359.50993787287643,1396.5753645640589,0.5136953660901513,-439.94524681999695,1201.0327486990573,-0.024052704169914563,-495.7050353718243,1047.650026429004,0.6152738604300477,4.807103977987227,799.3095859889899,6.3970570923838705,1.2289781349313316,802.6320670089543,2.061391768642035,2.97630560946142,804.3793944834845,3.8087192431721233,-2.2436946301523144,799.1593942438707,-1.4112809964416109,0.2676910299916168,,1.1001046637023204,205.0748164000858,1493.4710657205123,-3.134134910044142,340.6005195585643,1397.0310015078849,-5.756704021479729,441.6793707094058,1198.1065968614023,0.706138306851229,505.6064588024763,1038.8791686529448,4.405463807082549,1.4656495068967565,797.9677308082465,5.488293931156849,-0.04731833709787983,801.3557705369252,0.7850952966128237,2.601504481860973,804.004593355884,3.433918115571677,-0.2841319320466976,801.1189569419763,0.5482817016640059,-2.4551080609609293,798.9479808130621,-1.6226944272502257,-151.76017812535122,882.8841603382135,5.89690113589834,-152.68757795021637,531.9567605133484,,-150.2885880353789,84.35575042818577,7.368491225870663,0.1440729088154446,801.5471617828384,0.9764865425261481,151.33841631775084,916.6940778541862,-6.318662943498699,152.98988522645925,568.3455467628945,-4.6671940347903,152.85467681756336,118.2103383539987,-4.802402443686201,0.2784377799374644,801.6815266539605,1.110851413648168
161,1.61,-1.2792471877983391,1700.1477821873257,-0.4361378118159056,-0.3470278787641575,1551.0800014963597,0.4960814972182761,0.05904347679228239,1301.4860728519163,0.902152852774716,-0.44195255083636054,1400.9850768242875,0.4011568251460731,2.9431019242390537,1204.370131299363,3.7862113002214874,2.135791870056093,1103.56282124518,2.978901246038527,-0.22608442312349683,1001.2009449520004,0.6170249528589368,-195.20165966155182,1493.449872378829,-3.263708303855422,-356.04181859078517,1399.1678256152152,3.325967543105134,-439.90516907763646,1200.3362205122069,-0.5147134342472333,-496.7860747712602,1045.5229144210623,-1.389193342775773,3.5377613586346035,799.04487973603,5.497056260936884,-0.7024912491219629,800.724538126002,0.1406181268604707,-0.8396268534494656,800.5874025216744,0.003482522532967991,0.3861831951002959,801.8132125702242,1.2292925710827296,-1.583549267226278,799.8434801078977,-0.7404398912438446,206.3341835220047,1494.754038276504,-1.9595424061804967,341.7848885169043,1397.5003973888522,-4.565119410656266,444.86664205683763,1200.3771821590472,3.8131511093983788,503.92490490828476,1037.6818123868659,2.688783826722359,2.4674527784092666,798.9162543754557,6.972494725640454,1.0874842273032783,802.5145136024272,1.9305936032857118,-2.442445274023898,798.9845841011,-1.5993358980414645,0.46510238421223193,801.8921317593362,1.3082117601946655,-1.320896134683502,800.1061332404405,-0.47778675870106846,-152.23431379032633,882.7421043377437,5.507748576407787,-152.50128394953518,532.4751341785349,5.240778417198916,-151.89368685495506,83.08273127311496,5.848375511779054,-1.1836419654157182,800.2433874097082,-0.3405325894332847,153.8492680628435,918.8728499347735,-3.8927943038906028,151.5615849178465,566.5851667897764,-6.180477448887618,151.68881447209952,116.71239634402951,-6.053247894634582,1.566468318740463,802.9934976938645,2.4095776947228966
162,1.62,-0.012353109957222635,1701.4384292997238,0.8412648163852745,1.2340274694661604,1552.6848098791472,2.0876453958086576,1.1852044348661759,1302.6359868445472,2.0388223612086733,-1.810600881713131,,-0.9569829553706337,-2.4990016733744285,1198.9517807363065,-1.6453837470319312,0.17699580819180902,1101.627778217873,,-0.42310084111319796,,0.4305170852292992,-194.253091280399,1494.3988722765264,-2.4271697627566975,-357.66198959386946,1396.6480949638171,1.0148515075030233,-441.5634892812397,1197.9771776842479,-2.6635184868591404,-492.0715500120436,1049.2327865581096,2.439120747894795,4.6393538128470855,801.1878785214388,6.969643255084856,1.5557272302476113,803.0065096399285,2.4093451565901085,-2.8042103928127617,798.6465720168682,-1.9505924664702645,-0.08623158063763553,801.3645508290433,0.7673863457048616,0.5352112120776122,801.9859936217586,1.3888291384201095,205.21140590184706,1493.6688710664757,-3.157170972807317,339.5236850940885,1394.496402713636,-6.837020457726474,447.00474349955704,1201.5752094352326,5.8376508601711254,503.4059486369776,1037.7184888727988,2.1570175836494876,2.752871224300325,799.1662988678768,7.719206270469014,1.4987748498730835,802.949557259554,2.3523927762155807,1.5158109285454218,802.9665933382263,2.3694288548879188,2.197789993783808,803.6485724034648,3.051407920126305,-0.21215468497494155,801.2386277247059,0.6414632413675556,-153.93787422954713,881.3797903422504,3.866897822343173,-153.6013811438787,531.7162834279188,4.203390908011601,-151.7373327800203,83.58033179177725,6.067439271870025,-2.1822308125392382,799.2685515971417,-1.328612886196741,150.20639195195366,914.8887273801561,-7.598380099936653,152.76346413129744,567.4457995595,-5.041307920592871,150.87339987168352,115.55573529988597,-6.93137218020681,-0.5895639700199276,800.861218439661,0.26405395632256967
163,1.63,2.522992907541033,1703.9973304691196,3.3869259336517388,-1.1647907699398694,1550.3095467916387,-0.3008577438291635,-1.4911237650309879,1299.9832137965475,-0.627190738920282,0.4864217208410021,1401.9607592824195,1.3503547469517079,-1.7205166266438794,1199.7538209349345,-0.8565836005331735,1.4253997857828957,1102.8997373473615,2.2893328118936016,-0.24644937208066756,1001.2278881894978,0.6174836540300382,-191.19859950915037,1497.46749962831,0.5250096302622032,-355.9108649515091,1397.4782603515882,2.042425903983649,-441.77047082357893,1197.1070693265162,-3.3190301577830987,-496.5867418562441,1043.7597302238355,-2.9186054359462514,3.587948232126488,801.2092349864149,6.287376841682345,3.075070490490649,804.5494080520691,3.939003516601355,-0.7446089131333581,800.7297286484451,0.11932411297734768,-1.1751968794958614,800.2991406820826,-0.3112638533851555,3.413492569682492,804.8878301312609,4.277425595793198,205.618093654026,1494.1271496856325,-2.8153403124150556,339.54050352426094,1393.7445119883282,-6.84860602758116,445.0772582596464,1198.6869142108164,3.763894654657849,503.75210954812735,1038.6880183153023,2.51160271138594,-0.290104529426394,796.1024190908906,5.112024962285414,2.5545460737209926,804.0288836352994,3.4184790998316985,1.0266781143892005,802.5010156759677,1.8906111404999064,0.05724491114655368,801.531582472725,0.9211779372572595,-2.216342155421615,799.2579954061569,-1.3524091293109093,-152.25372317863142,883.4135994413211,5.591125918990005,-153.5207841259706,532.1465384939819,4.32406497165081,-150.61820150871495,85.0491211112376,7.226647588906461,2.9063012470753087,804.3806388086538,3.7702342731860146,153.81084326376754,918.143520643815,-4.034005833853872,153.84019886042103,568.1728762404686,-4.004650237200387,151.85164529181947,116.18432267186691,-5.9932038058019526,0.4195859359981624,801.8939234975766,1.2835189621088683
164,1.64,1.1001403110730388,1702.5978247459325,1.974188769311647,-0.6149438016759499,,0.25910465656265846,2.157401273611707,1303.655085708471,3.0314497318503153,0.5783172865051023,1402.0760017213645,1.4523657447437106,-1.1151457186184417,1200.382538716241,-0.24109726037983337,-2.3647630237426007,1099.1329214111167,-1.4907145655039926,-0.4064191905940064,1001.0912652442654,0.46762926764460194,-193.77893395174533,1494.915016060386,-2.1478093224054033,-356.19020483331343,1396.2591563646895,1.009546717371385,-442.4023804187638,1195.8511999777697,-4.355973719513995,-492.69055063653025,1046.7498747174513,0.18482797255369432,4.02544259875749,802.745152728172,7.088556359825294,0.12767060466078672,801.6253550395202,1.001719062899395,-1.0461177293353234,800.451566705524,-0.1720692710967151,0.4338501385680011,801.9315345734274,1.3078985968066095,0.6724724806715319,802.1701569155309,1.5465209389101402,203.79939230321028,1492.3739776627776,-4.688847720013786,342.5947251791652,1396.006121313953,-3.840207278924118,446.64052956087744,1199.2713790619666,5.1490215189600645,504.0789002389315,1039.7017933625007,2.8667237386184947,1.4023424467461907,797.7849115821062,7.2104942374218375,1.573228929694749,803.0709133645541,2.447277387933357,-1.2380388239063118,800.259645610953,-0.3639903656677035,-1.2387292042978892,800.2589552305615,-0.3646807460592809,1.7586633669334835,803.2563478017928,2.632711825172092,-156.2515668623253,879.7730859216138,1.6104361070088338,-151.65997434528484,534.3646784386542,6.202028624049303,-153.0276490757241,82.99700370821492,4.834353893610027,1.7873883480982058,803.2850727829575,2.6614368063368143,151.5692187410584,915.5445659571194,-6.29278422827573,151.33477528748972,565.3101225035507,-6.527227681844414,152.28232503037535,116.25767224643634,-5.57967793895877,0.2674813436393145,801.7651657784987,1.1415298018779227
165,1.65,0.5141674734007611,1702.034980131139,1.3981255235488375,2.304358907345412,1553.8251715650836,3.1883169574934884,3.2795988072462086,1304.8004114649846,4.163556857394285,1.8254341042094755,1403.3462467619477,2.709392154357552,-0.6480553283937649,1200.8727573293445,0.23590272175431148,3.8415993634399683,1105.3624120211782,4.725557413588045,0.4753995181721312,1001.9962121759105,1.3593575683202075,-196.10017308153576,1492.6353371987955,-4.551607432580401,-353.9510136073648,1397.5424581063658,2.467939614840567,-441.32554474742193,1196.3446687807186,-3.639299418673316,-495.06831870690627,1043.5225329312716,-2.9302264898729353,1.8932128429283124,801.7310740321601,5.310902350234768,0.032134724976134815,801.5529473827145,0.9160927751242112,-2.448727922283708,799.0720847354546,-1.5647698721356313,0.6924378337609539,802.2132504914994,1.5763958839090302,-1.1310470444930114,,-0.24708899434493514,207.69940139731938,1496.353395102079,-0.8335495292968398,343.43047189574776,1396.0274757337618,-3.0673360318256204,445.23145451556815,1196.868318731767,3.5308424573381423,505.04437741598736,1041.4133631771697,3.878882070473655,2.492952092107262,798.8729519263873,8.673241513270693,0.15227120389108995,801.6730838616295,1.0362292540391662,0.43392124333889887,801.9547339010772,1.3178792934869752,-2.3729954319343083,799.147817225804,-1.4890373817862317,1.3418972720982818,802.8627099298367,2.225855322246358,-152.6714854493336,883.7174480984006,5.184527848587354,-152.22962792321573,534.1593056245184,5.626385374705229,-154.48864985583603,81.90028369189818,3.367363442084923,-2.032229484367086,799.4885831733712,-1.1482714342190095,150.5004968706611,914.1115633229268,-7.355516427259877,152.79041733185932,566.4014837841252,-5.065595966061641,149.53282758918573,113.14389404145149,-8.323185708735238,-0.8564030648584661,800.6644095928799,0.027554985289610312
166,1.66,-0.5775606201616614,1700.9661512664536,0.31609505639897195,-0.3849761880145275,1551.1587356986006,0.5086794885461059,0.8044425585731223,1302.3481544451884,1.6980982351337557,1.2093288783238605,1402.753040764939,2.102984554884494,-0.4282352140878384,1201.1154766725274,0.465420462472795,-0.8627030465106993,1100.6810088401046,0.030952630049934093,-2.5426437802976563,999.0010681063175,-1.648988103737023,-196.61113541547115,1492.1796214703782,-5.135118417939666,-354.9729818526321,1395.5512306007788,0.6407479388328456,-441.71727256314034,1195.4114437535445,-4.345109304735334,-497.17160191157643,1040.6303971171294,-5.710078010017277,1.2657204011878334,802.2353304583282,5.025198987181138,0.8455361624718041,802.3892480490869,1.7391918390324375,-0.6035545817929439,800.9401573048222,0.2901010947676895,0.3823616786753949,801.9260735652905,1.2760173552360283,2.1159312419071115,803.6596431285222,3.0095869184677446,206.76005558270887,1495.5072598094935,-1.8074800788243575,345.2212624542537,1396.984319275559,-1.3560303284431154,445.8323483003458,1196.4629352077707,3.892700347234578,503.1894746751143,1040.3588022089098,2.087249981981458,-1.2948222131630187,795.0864260514994,5.219808012628572,-1.9397610113465222,799.6039508752685,-1.0461053347858889,1.5993014934270326,803.1430133800421,2.4929571699876663,0.7921906729054112,802.3359025595205,1.6858463494660447,-0.8395709690329406,800.7041409175821,0.05408470752769279,-152.43820827329444,884.321255262422,5.388522861821356,-151.79560401512035,534.9638595205961,6.031127119995432,-152.42831272318324,84.33115081253328,5.398418411932549,0.25624673353695576,801.799958620152,1.1499024100975892,154.9736608547457,918.2141973190293,-2.8530702803700847,149.70119042067253,562.9417268849561,-8.125540714443243,152.31882134675,115.55935781103351,-5.507909788365761,0.13323005109985248,801.6769419377149,1.026885727660486
167,1.67,-0.8860582350219397,1700.680313575063,0.017077027294399416,-2.815907152070492,1548.7504646580146,-1.9127718897541528,-3.1378070911522062,1298.4285647189329,-2.234671828835867,-0.43850299410915494,1401.127868815976,0.4646322682071842,-0.6817759883470663,1200.884595821738,0.2213592739692728,-0.19205577998704446,1101.374316030098,0.7110794823292946,1.5444475496600016,1003.1108193597452,2.4475828119763405,-196.18121330336376,1492.678436310741,-4.767662791243888,-354.3356693470733,1395.208736896528,0.45133932609825744,-438.4381813153973,1198.192032111608,-1.3329879289319835,-493.7262632617937,1043.351415820975,-2.8758303718142315,2.6019266820600477,804.7106021296812,6.686744195434665,-0.8729133650454998,800.6934584450397,0.03022189727083935,1.4751846104494202,803.0415564205346,2.378319872765759,0.2939774736843017,801.8603492837694,1.1971127360006408,-1.1536669497773968,800.4127048603077,-0.2505316874610578,207.17078313347358,1496.024905895732,-1.4211932062527741,344.8390902880762,1395.7509657919577,-1.833779095704581,448.11165162572377,1197.7266158024017,5.904172705732211,501.72687314574245,1039.7456195146005,0.7025645498560026,-0.7599072852965363,795.6228773250685,6.047593311651315,0.22217778736960642,801.7885495974548,1.1253130496859456,-1.255048042866105,800.311323767219,-0.35191278054976605,0.3596225293036038,801.9259943393888,1.2627577916199428,1.9081115196286165,803.4744833297137,2.8112467819449556,-152.26604756364935,884.8695159904113,5.508032413644162,-152.30789845558033,534.8276650984802,,-152.16697771201115,84.96858584204945,5.607102265282357,-0.16137912579350516,801.4049926842916,0.741756136522834,154.28988754414274,917.1543239900822,-3.484192433150753,153.68267456872664,566.547111014666,-4.091405408566878,150.61240933191425,113.47684577785364,-7.161670645379252,1.4927724636279653,803.0591442737132,2.3959077259443045
168,1.68,2.063237224463939,1703.6520193774104,2.9756280096450336,-0.14018900597001194,1551.4485931469765,0.7722017792110829,-0.8825795653946832,1300.7062025875518,0.029811219786411658,-1.8125037027994224,1399.7762784501472,-0.9001129176183275,0.28372919790007434,1201.8725113508467,1.1961199830811693,-2.8291341025806616,1098.759648050366,-1.916743317399567,0.9036400276652892,1002.4924221806118,1.816030812846384,-194.57449353491734,1494.3676375765851,-3.2132685497075495,-353.0120495717716,1395.5448843608754,0.929750451005043,-442.8904988252637,1193.2851761112777,-6.004307435723314,-493.7883500313968,1042.632891014799,-3.479294214864985,1.3744566632546755,804.6231275739366,5.764549343123692,-1.0162150740503049,800.5725670788962,-0.10382428886920991,-0.9364144546153597,800.6523676983312,-0.024023669434264816,-2.453308712387715,799.1354734405588,-1.5409179272066202,2.5364206869100405,804.1252028398566,3.448811472091135,207.89503251307943,1496.8696704339131,-0.7112356923795655,344.8664528495545,1394.9123210461748,-1.9174954744033172,449.4962754030221,1198.0892681729179,6.993411251607043,502.8132010264196,1041.7249993216515,1.8793522989533842,-3.34871238700691,793.0324445240403,3.7067897084761054,0.33963192197595476,801.9284140749226,1.2520227071570496,0.6186094717362038,802.2073916246827,1.5310002569172987,-1.0140964316914518,800.5746857212552,-0.10170564651035696,2.1287044708077327,803.7174866237543,3.0410952559888274,-155.060633802617,882.4559446957448,2.6374227499559604,-151.65797325567667,535.8586052426851,6.040083296896274,-153.10875475663863,84.40782374172316,4.589301795934321,-0.4562228815425716,801.132559271404,0.4561679036385232,153.03216978767674,915.515591289315,-4.665886764896205,155.6464749725918,568.1298964742301,-2.051581579981147,153.7030200854297,116.18644158706793,-3.9950364671432372,0.23452515352709336,801.8233073064737,1.1469159387081882
169,1.69,0.22196519816542776,1701.8328978783682,1.1433814768066162,-0.19702520234369167,1551.413907477859,0.7243910762974969,0.8400953695318256,1302.4510280497345,1.761511648173014,0.5701329908078046,1402.1810656710104,1.491549269448993,-0.02619952685433262,1201.5847331533485,0.8952167517868559,0.6502883441391856,1102.261221024342,1.5717046227803741,-1.9434499920668584,999.6674826881357,-1.02203371342567,-192.10191174601886,1496.936215180902,-0.7828256459042742,-350.0588877805295,1397.5058371478099,3.022297883566209,-440.51495803522255,1195.2509564005393,-3.7991250568149946,-495.69837835080193,1040.1371715545156,-5.857302485749754,-0.4021760970843829,803.9809760142701,4.269600452222371,-1.0054041483176313,800.6055285318849,-0.08398786967644267,-0.6431473485666175,800.9677853316359,0.278268930074571,1.8607129655522539,803.4716456457548,2.782129244193442,-1.9915813055453746,799.6193513746572,-1.0701650269041862,204.69107603755924,1493.799697241034,-3.919343585772366,346.2473511478814,1395.4148745846271,-0.6625202858231372,449.4925121987288,1197.060221905265,6.6680478751951195,502.515154314389,1042.3579647851607,1.682076598837537,-2.93811096621792,793.4349194212992,4.317435188794352,0.9844020500052997,802.5953347302079,1.9058183286464883,1.2278879006243697,802.8388205808269,2.1493041792655583,1.45987857558879,803.0708112557913,2.3812948542299783,-0.2488985854072518,801.3620340947954,0.6725176932339367,-152.45210435262754,885.449774768095,5.146627014262469,-151.47200846043228,536.4298706602904,6.126722906457749,-150.5787230905505,87.32315603017214,7.02000827633951,-0.6926693846945655,800.918263295508,0.22874689394662295,152.8402362853672,914.9383571646446,-4.758495081522813,150.92267538604173,563.0207962653191,-6.676055980848301,150.4477655942846,112.54588647356194,-7.150965772605425,0.26073328056880557,801.8716659607713,1.1821495592099942
170,1.7,-3.266923973034297,1698.365889228022,-2.3367181383503484,1.6845299189074252,1553.3173431199637,2.614735753591374,-0.7452474309023083,1300.887565770154,0.18495840378164008,1.553106823469199,1403.1859200245256,2.4833126581531473,-1.1972751279201386,1200.4355380731363,-0.2670692932361902,-1.7725391707684275,1099.8602740302879,-0.8423333360844791,-3.516638844581366,998.1161743564751,-2.5864330098974175,-195.53687322111523,1493.6106723541973,-4.249706836951098,-351.35255032069455,1395.2181971878358,0.855757417527791,-438.5710667141726,1196.830520999084,-1.9764548799796446,-495.41780520957076,1039.9051632288415,-5.9682087567019755,-0.15326627499473755,805.352398473359,4.7731973420224865,-1.8313892383048966,799.8014239627515,-0.9011834036209483,1.9427400445095877,803.5755532455661,2.8729458791935363,0.7231828569850407,802.3559960580415,1.653388691668989,0.29603967578415585,801.9288528768406,1.2262455104681043,205.35237916634367,1494.6083063092085,-3.252072881940094,345.5271694512561,1393.8065714151542,-1.5227456297316027,446.4897853085848,1193.0319675292842,3.3189378718830382,499.99896617896167,1040.8048920201622,-0.7253650220478103,-3.709625965467915,792.6455995364381,3.695260572525894,1.917814853832374,803.5506280548888,2.848020688516322,-1.7195522789499962,799.9132609221065,-0.7893464442660478,-0.7456882317342097,800.8871249693223,0.18451760294973862,-0.7890252015047752,800.8437879995516,0.14118063317917307,-154.41531645368227,883.8755471964541,3.060932551857924,-155.46574447868463,532.8251191714518,2.0105045268555815,-156.5824194004675,81.7084442496689,0.8938296050727033,0.45888078529920434,802.0916939863556,1.3890866199831526,153.51243457711413,915.2215709269777,-3.963814428426061,152.71609765824354,564.4252340081072,-4.760151347296653,154.37220785571188,116.08134420557546,-3.1040411498283342,-1.1710154315667651,800.4617977694896,-0.24080959688281678
171,1.71,-1.1571725726685473,1700.49724100023,-0.21841896610521683,-0.12535846755904295,1551.5290551053395,,1.7614347305524631,1303.415848303451,2.7001883371157938,0.9859143598832321,1402.6403279327817,1.9246679664465627,-3.4101862663040374,1198.2442273065944,-2.471432659740707,0.005620541526360823,1101.660034114425,0.9443741480896912,-1.6124713200347849,1000.0419422528638,-0.6737177134714544,-191.878588970729,1497.3916896526391,-0.6131037909695141,-352.273455198657,1393.3045437406588,-0.9470980827189688,-440.1825618793811,1194.900630147631,-3.6597236482315543,-494.03755383365973,1040.8477895734818,-4.900434180393609,-0.9854116155975947,805.6243810944136,4.165494165592348,1.2028171753218435,802.8572307482204,2.141570781885174,-1.2692695977837805,800.3851439751148,-0.33051599122044995,-1.573049478621846,800.0813640942768,-0.6342958720585156,2.1426056427065405,803.7970192156051,3.081359249269871,203.0004249085921,1492.4168183743727,-5.5879750692360695,344.7472023793954,1392.1313307451742,-2.456091372359176,448.54489489121795,1194.0643924410595,5.004399903866792,499.67001103223765,1041.4651600805043,-0.940007885214571,-2.696248202815907,793.6285061906547,4.804901024038203,-0.28958886890785196,801.3648247039907,0.6491647376554786,-0.360291639490405,801.2941219334082,0.5784619670729254,-0.3488292385598758,801.3055843343387,0.5899243680034547,3.2425399407910347,804.8969535136896,4.181293547354365,-154.12445423182442,884.558505028799,3.206373955710543,-154.18721395900744,534.495745301616,3.1436142285275004,-151.22566452653624,87.45729473408724,6.105163660998718,1.0804001873845286,802.734813760283,2.019153793947859,153.19769235026203,914.5147330896385,-4.1331358372729285,154.2264714347571,565.5435121741336,,152.292001879565,113.60904261894152,-5.038826307969957,2.8064251759846313,804.4608387488832,3.7451787825479617
172,1.72,-1.467975134389626,1700.207748570895,-0.520921322840309,-0.8130245538926247,1550.862699151392,0.13402925765669205,0.7015848099216122,1302.3773085152063,1.648638621470929,1.4460652005537455,1403.1217889058385,2.3931190121030625,-1.669954144800233,1200.0057695604844,-0.7229003332509162,-0.9970627361189929,1100.6786609691658,-0.050008924569676094,-0.5446507788728695,1001.1310729264118,0.40240303267644734,-193.7601076662177,1495.64609313095,-2.5060590328985124,-351.5826266188189,1393.0068688174356,-1.1440650020680128,-443.20277309139647,1191.608292869757,-6.70213474175429,-493.4951686426434,1041.0288273498015,-4.589639128516772,-1.1082294109829052,806.5809766521388,4.233817373339207,-0.9255210173420617,800.7502026879426,0.021532794207255068,0.7477403336606708,802.4234640389453,1.6947941452099875,-0.1982881743230071,801.4774355309617,0.7487656372263097,-1.4808797796234034,800.1948439256613,-0.5338259680740866,210.4977136312445,1500.0875549084985,1.935402744649981,347.1219554033583,1393.6063378263113,-0.24720849095970343,449.6229698092999,1194.1257224170242,5.691161364178747,498.6842257480449,1041.4886189430995,-1.808369346334078,-2.4971343730992537,793.7817209727688,5.045225080405495,2.9708296979874818,804.6465534032722,3.9178835095367983,0.2708014782314311,801.9465251835161,1.217855289780748,-0.20564728667910098,801.4700764186056,0.7414065248702159,0.9010916463940469,802.5768153516788,1.8481454579433638,-151.86996467345207,887.2076587087697,5.292796897527092,-153.29392568842113,535.7836976938007,3.868835882558036,-151.76013127663973,87.31749210558213,5.402630294339433,0.4229356668101225,802.0986593720949,1.3699894783594393,151.75844782092886,912.6808244387071,-5.404313750050302,152.9939879623859,563.9163645801641,-4.168773608593269,152.13239819202803,113.0547748098062,-5.0303633789511135,-1.1531856422159372,800.5225380630687,-0.20613183066662044
173,1.73,-1.0337709019369627,1700.662962661965,-0.07867016827700168,1.3532093296760435,1553.049942893578,2.3083100633360045,-1.2740881393194603,1300.4226454245825,-0.31898740565949923,-0.5322091849681294,1401.1645243789337,0.42289154869183176,-1.0382328681396285,1200.6585006957623,-0.08313213447966727,-1.8309907905662806,1099.8657427733356,-0.8758900569063195,3.656062959865397,1005.3527965237673,4.611163693525358,-193.33067102707548,1496.2244990846348,-2.077821324952359,-351.81532552509316,1391.7929364796703,-2.267151446633495,-444.0352563245138,1190.5501335406823,-7.507302044182409,-497.7981490503953,,,-0.4352038260110571,808.3025046453754,5.061851561154319,1.4527054999761229,803.149439063878,2.4078062336360837,-2.7755242538440914,798.9212093100577,-1.8204235201841301,0.053061523517722364,801.7497950874196,1.0081622571776836,-0.08963476307182067,801.60709880083,0.8654659705881405,205.49888034294148,1495.2749556092413,-3.0273648003459006,347.5734131927638,1393.15630337644,0.026785182676817065,449.3816462538438,1192.8766898326041,5.038530245707884,499.9981673846643,1043.8256944543164,-0.3763611085847427,-4.84292281103019,791.372102148866,2.6840427824528996,-2.8533054182316313,798.8434281456703,-1.89820468457167,-1.4085721464851975,800.2881614174166,-0.4534714128252364,-0.7408040013778976,800.955929562524,0.21429673228206347,0.17011209128251448,801.8668456551844,1.1252128249424755,-149.95517351890382,889.5191713316914,7.017241789645124,-153.01036039217445,536.4639844584208,3.9620549163744956,-152.29118793739275,87.18315691320241,4.681227371156196,-0.3951524497395561,801.3015811141623,0.5599482839204051,152.35826569926604,912.8839208486709,-4.61414960928289,153.22399343118326,563.7496485805881,-3.7484218773656686,153.4180259998964,113.94368114930124,-3.5543893086525493,-2.7160500789919824,798.98068348491,-1.760949345332021
174,1.74,0.5963434671952798,1702.3137766417185,1.559232193570233,-0.06683717448068255,1551.6505960000425,0.8960515518942704,-0.19962530707546877,1301.5178078674478,0.7632634192994843,-0.9479509754958163,1400.7694821990274,0.014937750879136735,-0.6186416784439271,1201.0987914960792,0.3442470479310259,-1.4545647758762734,1100.262868398647,-0.4916760495013205,0.566862924229062,1002.2842960987523,1.5297516506040152,-193.40678040413698,1496.310247618047,-2.144912225103052,-351.8895854300032,1390.7477367664228,-3.231125108258124,-441.54823263982513,1192.8579542308194,-4.943687921890128,-492.63727416606736,1041.395489497179,-3.9478838077549883,-3.3737659753476867,806.3755176693572,2.2395909710119417,0.5459019648143733,802.2633351393376,1.5087906911893263,-1.6972355664171022,800.0201976081062,-0.7343468400421492,-0.3070324571233891,801.4104007173999,0.6558562692515639,1.4879113402987079,803.205344514822,2.450800066673661,207.2093961523795,1497.184280085344,-1.2708797578062256,346.7696722230113,1391.4520870237793,-0.9650667490507728,450.9183330450557,,6.145653436715674,498.3309762967467,1043.1893987219466,-1.9272960921803983,-2.710772359959638,793.4202753668217,4.7430873164982685,0.38099028546008984,802.0984234599833,1.343879011835043,-1.5667523218726669,800.1506808526506,-0.603863595497714,0.10577507539200831,801.8232082499153,1.0686638017669614,1.797296396727071,803.5147295712503,2.760185123102024,-152.9170420470808,886.9556028446186,3.8431863059482185,-153.99921604601187,535.8734288456876,2.761012307017148,-157.99793250948846,81.87471238221094,-1.2377041564594462,-0.48386259856902797,801.2335705759542,0.4790261278059251,155.93515693334288,916.0625120416435,-0.8250714196861444,152.40758102299935,562.5349361312999,-4.352647330029657,151.6950285174497,111.8223836257503,-5.065199835579287,,802.7596868316181,2.0051423834697197
175,1.75,-0.44274935976378943,1701.2950632671834,0.5276628555657876,-1.4066160594209909,1550.3311965675264,-0.4362038440914138,-1.6223318680310506,1300.1154807589162,-0.6519196527014735,-1.3869340654201139,1400.3508785615272,-0.41652185009053677,-1.9760832260382208,1199.761729400909,-1.0056710107086437,0.05710001405586651,1101.794912641003,1.0275122293854435,-2.9929665108446017,998.7448461161026,-2.022554295515025,-193.24824233888094,1496.6433572579372,-1.9671716038288933,-350.7284400635625,1390.9512477547898,-2.9557530088417407,-442.0038539185584,1192.2694705590186,-5.273867578216951,-495.13483622923934,1038.7680314141862,-6.4293964645689385,-4.300082653480413,806.4180577751507,1.3885804253540261,-0.31575298274004254,801.4220596442073,0.6546592325895345,-0.6017286348697772,801.1360839920775,0.3686835804597999,2.4080094506433083,804.1458220775905,3.378421665972885,-3.6648634955699477,798.0729491313773,-2.694451280240371,203.71407775994695,1493.9001175963774,-4.7104112653886485,345.5157794988485,1389.3015266624702,-2.416725052722846,452.1314672820734,1193.6505189497936,6.912765144130431,495.58009221195067,1041.4710931266525,-4.566142597054062,-3.004421732623963,793.0206009883217,4.3179725601355194,-1.4793626253484575,800.2584500015988,-0.5089504100188804,-0.4841489398665766,801.2536636870807,0.48626327546300047,1.4456906818270863,803.1835033087743,2.416102897156663,0.17131391543211677,801.9091265423793,1.1417261307616937,-154.22564318796034,886.0464347506818,2.3010683257944917,-151.63196449351753,,4.894747020237299,-151.0741668250946,89.19791111354755,5.452544688660243,1.1236394383115844,802.8614520652588,2.0940516536411615,157.00823511394202,916.7361571752999,0.4815236001871801,152.35777162036814,562.085693681726,-4.168939893386713,153.41811863119509,113.14604069255297,-3.108592882559745,-0.45380759654505426,801.2840050304022,0.5166046187845228
176,1.76,-0.4303396166609892,1701.327522462262,0.5473260843269276,1.4174548346569305,1553.1753169135802,2.395120535644847,-0.5889188237741589,1301.168943255149,0.3887468772137579,-0.3988862060758894,1401.3589758728474,0.5787794949120274,-1.0512512059001264,1200.706610873023,-0.07358550491220961,-2.2372779654587327,1099.5205841134643,-1.259612264470816,-1.349524763506912,1000.4083373154161,-0.37185906251899536,-194.8030245787197,1495.2756691323946,-3.492613599085362,-350.4926566988752,1390.2456919341603,-3.5985469362301394,-440.6814954265536,1193.5050212751617,-3.777819560285323,-496.61661075536534,1037.2326274150769,-7.813035888703327,-3.377272061124382,808.2614840936438,2.343727049844357,0.899400910937743,802.6572629898608,1.8770666119256596,1.498638208770397,803.2565002876935,2.4763039097583137,-3.2329190515973716,798.5249430273257,-2.255253350609455,1.0752841196769685,802.8331461986,2.0529498206648853,206.97800013902557,1497.3873000028923,-1.3809827285876135,345.1825717719048,1388.078268131244,-2.95632036095397,452.9653177622375,1193.5221812712791,7.2859828949573835,497.78680720785,1044.7060874906924,-2.2539421326809856,-4.270459872496756,791.6249272850781,2.8619358331889826,-3.1758745056887006,798.5819875732344,-2.198208804700784,0.887418069200042,802.6452801481231,1.8650837701879586,-2.0287643533331305,799.7290977255899,-1.0510986523452135,-1.0734723850342789,800.6843896938888,-0.09580668404636206,-152.71107451401983,887.9611577645486,3.561371751670612,-150.02415763284893,540.6480746457196,6.248288632841511,-154.53373135123866,86.13850092732977,1.7387149144517862,0.3801259010185973,802.1379879799416,1.3577916020065142,155.33808294313084,914.6658506645624,-0.93436332255959,152.86403895490676,562.1918066763383,-3.4084073107836814,151.89591702325225,111.22368474468382,-4.3765292424381705,-0.7696042375761087,800.9882578413469,0.20806146341180798
177,1.77,1.6218206994963067,1703.399392459554,2.606464460790518,-0.05789639571634919,1551.7196753643414,0.9267473655778621,-1.1802789031403758,1300.5972928569174,-0.19563514184616437,-0.4662752364447771,1401.311296523613,0.5183685248494342,-2.0448701252199277,1199.732701634838,-1.0602263639257163,-1.4716065490269137,1100.3059652110308,-0.4869627877327023,-0.42820769690102284,1001.3493640631566,0.5564360643931884,-197.747597839006,1492.5305054242353,-6.397768300322533,-347.7921267358384,1392.0241353504412,-1.766166107752936,-442.0373878917319,1192.1079388786272,-4.912555109623582,-493.48105219172646,1040.3895240622332,-4.498535647025889,-5.013875072996979,807.4920428146661,0.6948539553157713,-1.7635814105330714,800.0139903495245,-0.77893764923886,-1.7171990686224077,800.0603726914352,-0.7325553073281963,-2.5626852035504117,799.2148865565072,-1.5780414422562004,-0.4802787788672604,801.2972929811904,0.5043649824269509,208.17410960333203,1498.8185151230327,-0.10975860152532313,349.6769046208792,1391.6919846186654,1.3240710265124147,454.54464312581524,1194.1605230780492,8.391958102041912,498.9262723394618,1046.8636917638746,-1.017774468242945,-6.506847872334134,789.234088716666,0.3773251390100981,-0.6510506069402858,801.1265211531173,0.33359315435392545,0.6172119592966167,802.3947837193542,1.601855720590828,0.38439116521946515,802.1619629252771,1.3690349265136765,-0.22814940176021778,801.5494223582974,0.7564943595339935,-151.5678003676947,889.504930160423,4.43028294606329,-152.69710117057082,538.3756293575469,3.300982143187172,-153.73788207151853,87.33484845659918,2.260201242239491,-0.23935484793839823,801.5382169121192,0.745288913355813,153.69368001418738,912.6209494860697,-2.304403299570637,153.03885123715247,561.9661207090347,-2.9592320766055384,152.14124233545627,111.06851180733861,-3.856840978301726,-1.1667197131088387,800.6108520469487,-0.18207595181462743
178,1.78,-1.4263044325397307,1700.370627543166,-0.4349633782385083,-0.3772238478405416,1551.419708127865,0.6141172064606808,1.3805299024898592,1303.1774618781956,2.3718709567910814,-0.07159635505102385,1401.7253356206547,0.9197446992501985,-0.5703418251821977,1201.2265901505234,0.42099922911902476,0.6132972740370186,1102.4102292497428,1.604638328338241,-0.0010874664125527511,1001.7958445092931,0.9902535878886697,-195.1966848825313,1495.2929205278094,-3.797430732442483,-349.82156330388005,1389.094779796911,-4.65012677712421,-443.94544822592144,1190.2037221275993,-6.552945499827249,-495.24707466041724,1038.7180155792746,-6.006700686718198,-5.959146253409959,807.3556149683151,-0.3085685911688425,-1.5522192144254647,800.2447127612802,-0.5608781601242423,-1.7684525401659492,800.0284794355397,-0.7771114858647268,-3.830016556603775,797.9669154191018,-2.8386755023025527,1.7813184324839544,803.5782504081897,2.7726594867851766,205.19395170300942,1496.085034937966,-3.0053163222859944,349.6907136773516,1390.8374281133745,1.1174833424810593,452.0684554123414,1190.767492749943,5.43163191116324,498.588336670838,1047.5280986005555,-1.2698914443179863,-6.791734077027338,788.7691074676262,-0.2132108555861878,-2.5673718454911327,799.2295601302145,-1.5760307911899105,-1.6737318916392114,800.1232000840664,-0.682390837337989,-0.12337479345003655,801.6735571822556,0.8679662608511859,1.1763686331199044,802.9733006088255,2.1677096874211266,-152.01536540337696,889.4578645333327,3.688975512538025,-152.82035020388875,538.6528797328209,2.8839907120262387,-153.20275074937118,88.27047918733848,2.501590166543819,-0.43546474425985987,801.3614672314458,0.5558763100413625,152.44023820313316,910.9670082664236,-3.2641027127818254,151.1746998598201,559.7014699231105,-4.529641056094888,153.55489300617978,112.08166306947011,-2.14944790973522,2.4259591386140587,804.2228911143197,3.417300192915281
179,1.79,2.3815983208131613,1704.1975314316517,3.3793506415876933,-0.14783838090038154,1551.668094729938,0.8499139398741506,2.7593171172286297,1304.575250228067,3.7570694380031617,-0.6086471535711251,1401.2072859572675,0.389105167203407,-2.024337960561786,1199.7915951502766,-1.0265856397872541,3.4890188442936068,1105.304951955132,4.486771165068139,-2.3868242584834976,999.429108852355,-1.3890719377089655,-195.72222292568495,1494.9907388997779,-4.263623149008846,-345.664592363753,1392.3768616091238,-1.3309052197558189,-444.43215381979786,1189.7651654947886,-6.726592304341224,-493.74889645257934,1040.3816193071114,-4.1742333273981655,-3.44540158923142,810.615404713452,2.100248283820167,0.6556952648181033,802.4716283756566,1.6534475855926354,-0.006172236629918282,801.8097608742086,0.9915800841446138,-0.29488688661252527,801.521046224226,0.7028654341620069,-1.655946896337389,800.1599862145011,-0.6581945755628569,203.65719073691966,1494.8062354331978,-4.448126615588982,350.4647987046244,1390.7582036427086,1.6658402825872618,451.0532330152906,1188.8624423190713,3.923440347365572,495.0938015223504,1045.0146792737605,-4.691437017309263,-7.181607702474493,788.1730527493959,-0.9648755230433017,-0.6568428150670884,801.1590902957714,0.3409095057074437,0.5635508596556661,802.3794839704941,1.5613031804301982,-0.1840552237008038,801.6318778871376,0.8136970970737283,-3.4029793175416834,798.4129537932968,-2.4052269967671513,-148.79108017469028,893.0823423429421,6.600922794655325,-151.6315651007294,540.2418574169029,3.760437868616204,-152.29462243140793,89.57880008622438,3.09738053793767,0.10320479640057012,801.919137907239,1.1009571171751023,151.70847064254045,909.8350481249081,-3.6835323268051567,152.80671650446686,560.9332939868345,-2.5852864648787506,151.19787838278432,109.324455865152,-4.194124586561282,0.11718444988916088,801.9331175607276,1.114936770663693
180,1.8,-1.4546031839533673,1700.3799624499397,-0.4507307971817237,-2.0536443540216336,1549.7809212798716,-1.0497719672499901,-2.594424296750366,1299.2401413371429,-1.5905519099787222,-0.6480833914868951,1401.1864822424063,0.3557889952847486,-1.7209987814524348,1200.1135668524407,-0.7171263946807912,0.2687414324327691,1102.103307066326,1.2726138192044127,-0.6501271388623302,1001.1844384950308,0.3537452479093134,-194.00878676302915,1496.9391322118015,-2.4810180266296498,-345.9951933329225,1391.1992010764864,-2.479390076466176,-445.97245737877233,1188.3164485841394,-7.909737578924627,-495.31700722707524,1039.0471322047842,-5.33467730183133,-5.6656864996835266,809.0743042722448,-0.27223998513356273,-3.7411504588853584,798.0934151750077,-2.7372780721137144,0.2016879450639349,802.036253578957,1.2055603318355785,0.36838061056288146,802.202946244456,1.3722529973345252,-2.527805590934101,799.306760042959,-1.5239332041624571,204.84710669060274,1496.265093884827,-3.15505635360437,351.42103740380026,1390.8789732102855,2.392163563307925,454.161068893556,1191.1102657807446,6.531454650437819,494.3817451780829,1045.257347822587,-5.345098560505248,-4.575403056847134,790.5469456519645,1.2251681996459391,-0.395487924755053,801.4390777091381,0.6083844620165906,-1.7015514611465008,800.1330141727466,-0.6976790743748572,0.860125057914398,802.6946906918075,1.8639974446860417,-0.8796879060555698,800.9548777278376,0.12418448071607391,-153.92617590252746,888.3468591050935,1.135740962466068,-155.6519291816906,536.6211058259303,-0.5900123166970861,-151.89402748559664,90.3790075220243,3.1678893793968927,-1.1501648297359124,800.6844008041572,-0.1462924429642687,151.75474593324014,909.4817109256193,-3.3071709317533724,155.20597045694944,562.9329354493285,0.14405359195592116,150.95666359624192,108.68362858862099,-4.1052532687516035,0.3769850355708891,802.211550669464,1.3808574223425327
181,1.81,-0.346626285857818,1701.5061938147394,0.6630698803370045,-1.271904245044181,1550.580915855553,-0.2622080788493585,-3.3652480100913036,1298.4875720905059,-2.355551843896481,-1.6454646602348908,1400.2073554403623,-0.6357684940400683,-2.443449777260384,1199.4093703233368,-1.433753611065561,-1.8563160440426063,1099.9965040565546,-0.8466198778477838,-1.556882287192486,1000.2959378134049,-0.5471861209976634,-194.23785030597242,1496.9563581091227,-2.6311994563880976,-346.5627181838715,1389.8151735579354,-3.8419129609365568,-444.2529405040946,1190.169987284805,-5.790412182123259,-496.4127335122027,1038.2500925770348,-5.952955655687922,-8.289655450887633,807.0590439076586,-3.0957784580359005,-0.4585068103261005,801.3943132902713,0.551189355868722,-2.033820542946564,799.8189995576507,-1.0241243767517414,0.06197497044157868,801.914795071039,1.0716711366364011,-1.2949783231711398,800.5578417774262,-0.2852821569763172,201.58976345504612,1493.2873574454513,-6.300200120059444,349.31777336077386,1387.960833882842,0.055955544689290315,456.9595666338061,1193.0812854760197,8.82526942517978,497.9282526480237,1049.727327699619,-1.7563550782433337,-7.799672065908616,787.0645917500484,-2.46738225532948,1.197388533227249,803.0502086338246,2.2070846994220714,-2.895678277766827,798.9571418228305,-1.8859821115720043,-0.406477442950937,801.4463426576464,0.6032187232438855,1.5941625170957325,803.446982617693,2.603858683290555,-152.41098223778582,890.2608464185406,2.3040088787222017,-152.74662604700714,539.9252026093193,1.96836506950087,-151.4500686261858,91.22176003014059,3.264922490322199,0.7518846451856407,802.604704745783,1.7615808113804632,151.95942796963462,909.2875993133082,-2.7555631468733965,152.1606287672814,559.488800110955,-2.5543623492266123,153.16166771878028,110.48983906245388,-1.5533233977277425,-0.23650014540327408,801.6163199551941,0.7731960207915485
182,1.82,-0.9348400655501075,1700.9358470922207,0.08037859776646206,-0.5076607696967822,1551.363026388074,0.5075578936197873,-0.8807933052230357,1300.9898938525478,0.13442535809353384,0.8993938478812791,1402.7700810056522,1.9146125111978485,-0.743285715800633,1201.1274014419703,0.2719329475159366,-1.0637059275544236,1100.8069812302165,-0.0484872642378541,-2.1686725163494316,999.7020146414214,-1.1534538530328624,-195.07507731472398,1496.3764697954982,-3.3799537117177927,-346.076644744842,1389.517946608365,-4.125013017215403,-447.00934077655967,1187.5889118837802,-8.105957012449178,-497.1079438070418,1037.9151054823813,-6.105044050738862,-4.42041359652021,811.4633762762011,0.5268546652207051,0.3727188057469606,802.2434059635178,1.3879374690635302,-1.295878278858318,800.5748088789126,-0.28065961554174856,-0.9467211176227088,800.9239660401482,0.06849754569386068,-1.3589093768672733,800.5117777809036,-0.3436907135507038,204.74067447559142,1496.7282091785933,-3.0282143286227168,348.4135143941675,1386.2650063230935,-1.0831077985797424,453.9122049638753,1189.241607181571,5.27035923816856,497.1299543397052,1049.8167244682343,-2.5299187101043454,-4.89653403514561,789.6846324735128,-0.0819306061633942,-2.774412374591863,799.0962747831791,-1.759193711275294,-1.0637500290168043,800.806937128754,-0.04853136570023464,0.20730922041259725,802.0779963781835,1.2225278837291667,-1.2808372740862335,800.5898498836847,-0.265618610769664,-150.39110422727077,892.6784946205054,3.9610885432312513,-151.2459274191968,541.8236714285794,3.106265351305222,-151.4907008922803,91.57889795549583,2.861491878221721,-2.126822515202757,799.7438646425682,-1.1116038518861875,155.94122721953673,912.8716283717606,1.5890344490347073,150.85859868308611,557.78899983531,-3.4935940874158886,152.674131378664,109.60453253088787,-1.6780613918380243,-0.10796025227816275,801.7627269054927,0.9072584110384068
183,1.83,-0.3603347850875511,1701.527822762015,0.6601001901891126,-0.8374590278760126,1551.0506985192264,0.1829759474006511,-2.8230870335820164,1299.0650705135204,-1.8026520583053527,-0.43068639197342573,1401.457471155129,0.589748583303238,-1.8451351402675904,1200.043022406835,-0.8247001649909266,-0.4980799761101252,1101.3900775709924,0.5223549991665385,-0.15607001529056186,1001.7320875318119,0.8643649599861019,-192.140598792024,1499.579038975603,-0.3475464614548951,-346.4121783152388,1388.434869039057,-5.2010494971907075,-444.0134811067883,1190.8001433503152,-4.6299459497179765,-496.6508704387427,1038.7900543878109,-5.043756909334849,-6.502221915182315,809.8403934699991,-1.8478517869843354,1.4208606046940515,803.3090181517965,2.4412955799707152,1.0845277564374807,802.97268530354,2.1049627317141444,0.06434695528897805,801.9525045023914,1.0847819305656419,-0.8551924500380889,801.0329650970644,0.16524252523857486,205.88973650428903,1498.1772022144673,-1.749383222590532,352.5597405209657,1389.6456330220633,2.8276256827952793,456.13349459178903,1190.7082678161444,6.98322756705838,495.2256350208747,1048.760165652415,-4.4281083532765075,-7.410751828544708,786.8634660412791,-3.1600738164047826,0.817204263129666,802.7053618102321,1.8376392384063296,1.1389905720396105,803.0271481191421,2.1594255473162742,0.5283334590177281,802.4164910061202,1.548768434294392,1.7736993553081217,803.6618569024106,2.7941343305847854,-150.3996811846038,893.0664933720211,3.5748634212240775,-153.59365103593325,539.8725235206916,0.3808935698946121,-152.2495292338119,91.21664532281301,1.7250153720159687,-1.1626482499887154,800.7255092971137,-0.1422132747120518,155.3383434847055,911.8721689280806,1.3637988788776174,152.40179593815196,558.9356213815271,-1.5727486676759204,152.88195915734568,109.41578460072076,-1.0925854484821924,1.5524734305001284,803.4406309776026,2.572908405776792
184,1.84,0.08918949495671646,1701.9944116038544,1.1145297895064321,1.330944076571916,1553.2361661854695,2.3562843711216317,-0.5083810921466012,1301.396841016751,0.5169592024031144,-0.8393643990809002,1401.0658577098168,0.18597589546881543,0.782477902360167,1202.687700011258,1.8078181969098828,-1.101835923606538,1100.8033861852912,-0.07649562905682239,0.5831172625112563,1002.488339371409,1.608457557060972,-195.84978415669042,1496.1483850364498,-3.9494937463694844,-344.68772191773974,1389.4499916247157,-4.185682638844975,-444.9887711200628,1190.0788979996346,-5.08768029407855,-498.5146273799261,1037.397619562883,-6.247225917107562,-5.0798231279340875,811.6432192823172,-0.7634663535664319,1.6955210008784394,803.6007431097761,2.720861295428155,-2.3477121286740066,799.5575099802237,-1.322371834124291,-1.0223727695500635,800.8828493393477,0.002967524999652027,-1.2805680619784519,800.6246540469192,-0.2552277674287363,204.45881091794357,1497.0558414888296,-3.0420372939897886,354.132922547497,1390.4817872750718,4.165797493093219,456.6022580931047,1190.4625065199334,6.944678856274697,491.7497739594806,1046.0883683746276,-7.917294702625317,-4.3796815643370035,789.5652908742601,-0.7355717709109681,-0.43057782223328595,801.4746442866644,0.5947624723164298,0.4062423305590833,802.3114644394568,1.431582625108799,-1.3342462982238867,800.5709758106738,-0.3089060036741712,1.5444172313867424,803.4496393402844,2.569757525936458,-155.45810066629264,888.4033169763826,-1.874978535934914,-154.372824646359,539.4885929963161,-0.7897025160012914,-151.90909978791967,91.9523178547555,1.6740223424380427,0.3389606455160591,802.2441827544137,1.3643009400657746,153.65240136140915,909.790983718734,0.06927923105143341,151.4610645583196,557.5996469156445,-2.122057572038102,153.0244426315882,109.16302498891302,-0.5586794987695263,-0.9539804894945195,800.9512416194032,0.07135980505519612
185,1.85,0.04102460369179084,1701.9628963894918,1.0709545150739448,-0.2836194773510188,1551.638252308449,0.7463104340311351,0.513675914267366,1302.4355477000674,1.5436058256495198,-1.7308721363153312,1400.1909996494846,-0.7009422249331773,-0.0009528564021754615,1201.9209189293979,1.0289770549799784,0.7448589936638755,1102.666730779464,1.7747889050460293,0.6518336590009052,1002.573705444801,1.6817635703830591,-198.34935966889105,1493.9374569954794,-6.33268019136815,-342.996668308862,1390.4722663690175,-3.169675927041968,-445.54664658618066,1189.8122544995185,,-499.711270358591,1036.7212565550424,-6.732917557542751,-4.37020431985986,812.653260624673,-0.4353798838673595,-0.8051576303673987,801.1167141554326,0.2247722810147551,-0.09751314787090581,801.8243586379292,0.932416763511248,0.5013602680324386,802.4232320538325,1.5312901794145923,-3.621576117087625,798.3002956687125,-2.591646205705471,203.93398720700554,1496.8498476695293,-3.4202895173182655,353.4052305535538,1389.048172205386,3.2047415840240023,456.27928034338646,1189.467406636208,6.117461206722027,493.2523964320385,1048.3480147525127,-6.44803667749308,-5.365245163183461,788.2301222043925,-2.3663437370507565,0.9335454739728678,802.8554172597729,1.9634753853550215,-0.6120859675013154,801.3097858182988,0.4178439438808385,-0.16095306522082647,801.7609187205792,0.8689768461613274,-0.7080219296749509,801.2138498561251,0.3219079817072029,-152.4320874131848,891.8231345746282,0.7469629713258515,-152.70575939827452,541.5494625895384,0.47329098623615584,-154.0631815568582,90.19204043095479,-0.8841311723475465,-2.309052476472934,799.6128193093272,-1.27912256509078,150.9861312185056,906.7309092306925,-2.192919166005063,,556.1643162573289,-2.7595121393687334,152.5131143138353,108.25789232602231,-0.6659360706753521,-2.795134574722619,799.1267372110774,
186,1.86,-1.7712173776147218,1700.1668802488673,-0.7370181614170939,0.640814502270752,1552.5789121287528,1.6750137184683798,1.5996714642163856,1303.5377690906985,2.6338706804140135,-2.639411047270481,1399.2986865792116,-1.605211831072853,-0.7463191839593162,1201.1917784425227,0.2878800322383116,-0.3153311571625148,1101.6227664693197,0.718868059035113,0.2200381450169624,1002.158135771499,1.25423736121459,-194.9607330612808,1497.6245092607182,-2.8186834078130873,-345.24069781086394,1387.6022402983765,-6.05220376110875,-448.89017321965594,1186.795556867054,-7.84998324499143,-498.0695428019677,1038.9274908590583,-4.33533358661347,-5.706474597860566,811.5363396511171,-2.194689385971167,0.5138584110408041,802.4519560375229,1.5480576272384319,-1.4178416150536433,800.5202560114285,-0.3836423988560155,1.0194000043945644,802.9574976308767,2.053599220592192,-0.7839759359385327,801.1541216905435,0.2502232802590951,204.99310178987537,1498.2366764247774,-2.2065162437537182,351.1776872766869,1386.1482648783413,0.7466323900244296,456.412334072573,1188.9729132032014,5.751284306570739,492.4171736819433,1048.219871947922,-7.336972286436562,-3.118838928421118,790.1088687889222,-0.7994046240242545,-1.2891681442305432,800.6489294822516,-0.2549689280329155,-1.266599607070438,800.6714980194116,-0.23240039087281017,-1.0177227924997996,800.9203748339822,0.016476423697828202,-1.4943503390173527,800.4437472874647,-0.46015112281972503,-150.08475857955432,894.5627539006017,2.6787419819406413,-152.40256787813027,542.2449446020257,0.3609326833647108,-153.43807993855592,91.20943254160018,-0.6745793770609416,-3.0010541956581025,798.937043430824,-1.9668549794604746,153.65112361839394,909.0036111382379,0.8876230568989623,152.5202924209263,557.8727799407703,-0.24320814056866114,153.22367866427797,108.57616618412192,0.46017810278301097,0.6605405996578136,802.5986382261399,1.6947398158554414
187,1.87,-2.3574985864993967,1699.5963922028052,-1.319354884529634,-0.6590335384642666,1551.2948572508403,0.37911016350549637,-0.3710347322551192,1301.5828560570496,0.6671089697146437,1.2888197184959749,1403.2427105078007,2.326963420465738,-1.8693548163437237,1200.084535972961,-0.8312111143739609,0.6886520070367644,1102.6425427963413,1.7267957090065273,-1.419180870038435,1000.5347099192663,-0.3810371680686721,-193.49219046418884,1499.400905114332,-1.2159706744705274,-346.0661527120582,1386.1956730681993,-7.477235239199893,-447.6691845697015,1188.3772837074898,-6.011868528456716,-499.7621477385233,1037.8386882939394,-5.233234960740107,-8.986568196605699,808.3939961022221,-5.936911182520149,-1.8796518070761898,800.0742389822286,-0.8415081051064268,1.430745555236561,803.3846363445414,2.468889257206324,-2.069908619008354,799.8839821702965,-1.0317649170385912,-0.3254315060410964,801.6284592832637,0.7127121959286666,204.94336904668128,1498.5231499266156,-2.093725862187119,354.2845810533549,1388.6187201977916,3.626892486609944,455.4013673410611,1187.3810127859563,4.247999432635745,496.7244264964722,1053.1818118829372,-3.1038088652946674,-3.089897897104588,789.754750115447,-1.479460577949904,-2.671493450473209,799.2823973388316,-1.633349748503446,-1.2577697745026875,800.6961210148021,-0.2196260725329246,-0.8721492399078841,801.081741549397,0.1659944620618789,-1.1041648815524927,800.8497259077523,-0.06602117958272963,-147.85094139666552,897.1873024541726,4.486745058258724,-153.54988430513743,541.4883595457007,-1.2121978502131698,-150.84371554675198,94.1945283040862,1.493970908172266,,801.3753807321206,0.45963364478558233,151.82898033949832,906.7907364886602,-0.5087061154259263,151.1214828265376,556.0832389756995,-1.2162036283866353,152.33306031273221,107.29481646189403,-0.004626142192030697,0.07192584803554725,802.0258166373403,1.1100695500053102
188,1.88,3.050285086051603,1705.0195276319964,4.092044052612871,0.8799601253122215,1552.849202671257,1.9217190918734897,-0.9942054375813316,1300.9750371083635,0.04755352897993653,0.1274854618907476,1402.0967280078355,1.1692444284520158,-0.1336921423325088,1201.8355504036124,0.9080668242287593,-1.176138285753407,1100.7931042601915,-0.13437931919213902,0.3673520418882955,1002.3365945878331,1.4091110084495637,-194.98801954362588,1498.2219940002963,-2.569021816207286,-342.31594115268865,1389.4116254944727,-4.285446941179207,-448.57509123437245,1187.8642464310349,-6.272062493101792,-500.0601089146357,1038.178737454823,-4.70395288258778,-8.768592773725022,808.6681400895175,-6.217343070284338,-1.3697022588343455,800.5995402871105,-0.32794329227307734,0.1661570343940747,802.1353995803389,1.207916000955343,-1.1359287918624827,800.8333137540824,-0.09416982530121454,-0.994336263995409,800.9749062819494,0.04742270256585923,201.37731832367672,1495.3013943401343,-5.489621476369223,352.7372711691579,1386.4731674715758,1.8579927472180844,453.7217989406023,1185.169021679588,2.0848875543995335,491.71910664365504,,-8.203338521852753,-2.289641040010828,790.1595291781676,-1.4126887570065816,-2.5307215896307627,799.4385209563142,-1.4889626230694943,-0.5412952415157689,801.4279473044292,0.5004637250454993,-1.1875646950244612,800.7816778509205,-0.1458057284631929,3.2924491376951885,805.26169168364,4.334208104256457,-150.99794749215982,894.429451877302,0.9049132529662036,-148.90939940370964,546.5179999657522,2.993461341416402,-150.79782708769304,94.6295722817688,1.105033657432998,-3.2491598319766695,798.7200827139682,-2.2074008654154014,148.82412715981988,903.3967277903581,-3.0787335853061593,151.11657006750616,555.6891706980443,-0.7862906776198892,149.0426854682731,103.61528609881128,-2.860175276852931,-0.542502880979399,801.4267396649655,0.49925608558186907
189,1.89,-1.4615448439262568,1700.522599441062,-0.4165041288978917,-0.13927669966569634,1551.8448675853226,0.9057640153626689,-3.7031457093850535,1298.2809985756032,-2.6581049943566883,-3.171445098380378,1398.812699186608,-2.1264043833520128,0.3004829994975283,1202.2846272844859,1.3455237145258936,1.2526819950564576,1103.2368262800449,2.297722710084823,-0.2719866773689954,1001.7121576076195,0.7730540376593699,-196.10300673043676,1497.4326147373197,-3.532826159130333,-342.51508607788634,1388.7269034577262,-4.999780257920377,-448.3917446428202,1188.470733172831,-5.416890821826226,-499.0404545886772,1039.865410390886,-2.831020850851053,-6.66975226311007,810.7421259509878,-4.650004772461587,1.3159224359513164,803.3000667209399,2.3609631509796816,0.585276006936074,802.5694202919245,1.6303167219644392,-0.9240664124342097,801.0600778725543,0.12097430259415548,-0.3053259670226127,801.6788183179659,0.7397147480057525,203.82476053237843,1498.1008069219463,-2.864633974503585,352.5941502553331,1385.7721643167697,1.4994096585094696,455.8061016320255,1186.7711624227497,3.6962354808056097,496.76772396212596,1054.3698539925108,-3.2685110379741613,-1.8517408447581296,790.1928174827937,-1.7274445559312004,-2.6732795150261013,799.3108647699624,-1.6282387999977361,-2.3382245632941703,799.6459197216943,-1.2931838482658051,-0.028947728380097626,801.9551965566084,1.0160929866482675,2.0760683358744387,804.0602126208629,3.121109050902804,-152.4640669097908,893.35092249504,-1.0037557737123128,-152.63031654075797,543.1846728640728,-1.1700054046795059,-150.82657284457943,94.98841656025137,0.6337382914990441,-2.683773665603219,799.3003706193853,-1.638732950574854,152.34292292534795,906.5279335205171,0.8826117892694756,152.14241303982413,556.3274236349932,0.6821019037456701,149.29044507725328,103.47545567242247,-2.1698660588251966,-0.029438472203747623,801.9547058127847,1.0156022428246176
190,1.9,0.2824159331908499,1702.2810034486797,1.3304006950803957,-0.7462719967344399,1551.2523155187544,0.3017127651551059,-0.7271250010384324,1301.2714625144504,0.3208597608511134,0.3783107262473554,1402.3768982417362,1.4262954881369012,-0.5523701065146847,1201.4462174089742,0.49561465537486116,-1.016131101239449,1100.9824564142493,0.03185366065009693,-0.5654899003891103,1001.4330976150997,0.4824948615004355,-195.36296390561384,1498.5065692914604,-2.6334089275747976,-344.3404190949434,1386.4663573690996,-7.295143072584212,-448.3137447689729,1189.0002090210655,-4.643517164200578,-501.4034160848629,1038.1932090339146,-4.321320231569363,-5.534228601425523,811.7728628996614,-4.075540884314707,,801.1723283232881,0.22172556968883717,-1.5727788075990699,800.4258087078897,-0.5247940457095241,1.3717471944773179,803.3703347099661,2.4197319563668636,-0.6389806072671869,801.3596069082216,0.4090041546223589,207.1646073362615,1501.7998757200944,0.6598975010590507,355.36028770976174,1388.022831915582,4.0572637946486365,457.1885111303818,1187.7232665569602,4.6180379875796564,494.0114422428485,1052.101095951158,-6.157341103336197,-3.3923667570166027,788.2420030280174,-4.034345461142907,-0.049681495436147305,801.9489060200526,0.9983032664533984,-1.288563742619076,800.7100237728697,-0.24057898072953005,-0.6439356612897494,,0.4040491005997963,-0.5783162671070226,801.4202712483818,0.4696684947825232,-153.2771604855335,892.9238893725949,-2.2658041300419143,-153.49384478401726,542.7072050741111,-2.4824884285256825,-152.5349808993622,93.66606895876615,-1.5236245438706209,0.3684884529425182,802.3670759684313,1.416473214832064,150.50048619562634,904.2994363374979,-0.5108701598652541,,553.2625440057055,-1.547762491657673,154.65527952724054,108.45422966911218,3.643923171748953,-1.322519055258391,800.6760684602305,-0.27453429336884533
191,1.91,-3.2084267816548175,1698.804137088833,-2.157839748297146,-0.8168894493085516,1551.1956744211793,0.23369758404911983,-0.6900339250458298,1301.322529945442,0.3605531083118417,0.5867569394796414,1402.5993208099674,1.637343972837313,1.6085879673303736,1203.6211518378182,2.659175000688045,-2.2537496195770097,1099.7588142509107,-1.2031625862193382,-1.7145044984227198,1000.2980593720652,-0.6639174650650485,-193.12693843938578,,-0.23004098096526082,-343.44766095224674,1386.9757955064817,-6.8254974815874885,-450.4409957171986,1187.350768580163,-6.054488884876285,-501.75718646002224,1038.5486516280716,-3.7897851473701016,-3.3881698275011654,813.7358150400415,-2.51623366349989,-0.5574481731237915,801.4551156973641,0.49313886023388004,0.4398079181578719,802.4523717886458,1.4903949515155435,-2.0171278998782083,799.9954359706097,-0.9665408665205367,-2.8699551426321532,799.1426087278558,-1.8193681092744818,201.32222004557295,1496.3235289952927,-4.9909251959015535,356.05835203119983,1388.2497695421,4.555237360939761,459.6895107496527,1189.8472535671783,6.672475863316983,492.5324087675164,1051.0521288618716,-7.7865849978716914,-4.878823489773007,786.3435805058053,-6.294952226270901,1.418418217452027,803.4309820879399,2.4690052508096985,-1.1203190079096754,800.8922448625782,-0.06973197455200408,-0.20514876439501084,801.8074151060929,0.8454382689626606,-1.7091951433006365,800.3033687271873,-0.6586081099429649,-148.2793653486407,898.3062751275901,2.2779766824446215,-151.7479123635429,544.837728112688,-1.1905703324575696,-150.24174218702146,96.3438982892094,0.3155998440638914,-1.1041427022786259,800.9084211682093,-0.053555668920954536,150.39540024130193,903.8097597650711,-0.1619417897834039,148.9951259095603,552.4094854333295,-1.5622161215250354,151.6075881855253,105.02194770929444,1.0502461544399464,-0.7659259415886328,801.2466379288993,0.28466109176903864
192,1.92,-1.2466628289756922,1700.7794022815247,-0.19381925944126707,-2.258901688555122,1549.7671634219453,-1.206058119020697,0.1311914722004408,1302.157256582701,1.1840350417348662,-0.6406795656672829,1401.385385544833,0.41216400386714236,-0.1377877720064532,1201.888277338494,0.9150557975279721,2.4387368224446546,1104.4648019329452,3.4915803919790798,-1.5725579401309695,1000.4535071703693,-0.5197143705965442,-197.3655006666047,1497.1951686350699,-4.293525973501051,,1386.7395159443042,-7.1063288277448695,-450.94996147014996,1187.3438885457062,-5.828982702776289,-503.21055071588876,1037.8176873321509,-4.351978564741394,-4.444767803184285,812.4199076148408,-4.181108732617425,-2.3769481092365297,799.6491170012638,-1.3241045397021045,0.3704717665491931,802.3965368770495,1.4233153360836184,0.8192504682762242,802.8453155787765,1.8720940378106494,-1.2785228725624878,800.7475422379379,-0.22567930302806236,203.00600628518424,1498.3797324277614,-3.108962180809625,356.0865383757201,1387.8529746991196,4.3924971367619055,458.12635045622216,1187.9616447742007,4.678428648483764,496.01872032847325,1054.9109742292003,-4.466783848939802,-4.224362866022987,786.588305334426,-6.416625689416906,-1.6746710391015078,800.3513940713988,-0.6218274695670825,-2.8538554367959232,799.1722096737044,-1.801011867261498,-0.8535197934622998,801.172545317038,0.19932377607212548,-0.6516821957467824,801.3743829147536,0.4011613737876428,-150.3521486426065,896.6166944107312,-0.2525121859976469,-150.0834700657484,546.8853729875893,0.01616639086045102,-153.18712770102567,93.78171535231206,-3.0874912444168228,1.1009866754448008,803.1270517859451,,151.06964903195313,904.1008059786154,0.9700125753442738,152.45156931405805,555.4827262607204,2.3519328574491825,152.8706234998808,105.90178044654304,2.7709870432719304,-1.0247941299085421,801.0012709805918,
193,1.93,-1.0480278425759535,1700.9910552843817,0.0067226839902177205,-0.09685518639782309,1551.9422279405599,0.9578953401683481,-1.919960918895926,1300.1191222080618,-0.8652103923297547,1.5399375770253492,1403.579020703983,2.5946881035915204,0.5131820597497623,1202.5522651867075,1.5679325863159335,-3.5946953870439646,1098.4443877399137,-2.539944860477793,-0.7463983624154581,1001.2926847645422,0.30835216415071315,-196.17961836210094,1498.737450327927,-2.925074500783574,-342.90099448705024,1386.9168188230635,-6.978134295993492,-449.7805491413206,1189.037552914889,-3.9096776024563433,-502.17579236994834,1039.5828337888831,-2.4269448403543112,-0.6059133983288807,815.9258517859986,-0.9676213242683054,-0.22337801959092896,801.8157051073667,0.8313725069752422,,801.9610876715774,0.9767550711859008,-3.056318272199693,798.982764854758,-2.001567745633522,-0.686378888247513,801.3527042387102,0.3683716383186582,205.85169006123076,1501.6037597346983,-0.05876509401239938,357.28693904595013,1388.6762066045412,5.412060548557395,457.70748831090714,1187.2760001780584,3.8459100708147522,495.74080525137305,1054.9484500597223,-4.925893862244351,-5.257313130756396,785.1520278922519,-8.22170280296546,0.08647418078438607,802.125557307742,1.1412247073505573,-2.1149011429486517,799.924181984009,-1.0601506163824803,-3.263410285307777,798.7756728416499,-2.2086597587416055,-0.49148837667714207,801.5475947502805,0.5632621498890291,-152.54943826502335,894.8013212645342,-2.909812003432079,-151.2512165011979,546.0995430283596,-1.6115902396066062,-149.66129815990183,97.68946136965563,-0.02167189831054306,-2.664450278008472,799.3746328489492,-1.6096997514423004,150.52985341528162,903.1790938857241,0.8902271536903321,148.3810874736091,551.0303279440516,-1.258538787982173,150.75878201625463,103.40802248669716,1.1191557546633377,-1.7444611522086644,800.294621974749,-0.6897106256424932
194,1.94,-0.1776866098951757,1701.8739233357167,0.8786175688650746,-0.9472163165914929,1551.1043936290205,0.10908786216875738,-1.5394881151407138,1300.5121218304712,-0.4831839363804637,-0.5618297516026,1401.4897801940092,0.4944744271576503,-0.6865610914829572,1201.3650488541289,0.3697430872772931,-1.9950173027443157,1100.0565926428676,-0.9387131239840654,2.772902485691328,1004.8245124313032,3.829206664451578,-195.39949665053808,1499.8806262767266,-1.9551436683826724,-342.0809943976383,1387.516740538325,-6.4316894888458265,-453.05598657822947,1186.306383952537,-6.4226219032011125,-502.78293881977964,1039.7089748411317,-2.1514016060196397,-6.378793866511397,809.749523404354,-7.378287553152741,0.244172212481645,802.2957821580935,1.3004763912418953,-1.310823116023763,800.7407868295882,-0.2545189372635126,0.9784091868597857,803.0300191324717,2.034713365620036,-1.242665161475823,800.8089447841361,-0.18636098271557272,204.39609337614763,1500.5319748473012,-1.303795097808091,355.8129334795561,1386.8743696212055,3.768181458610229,457.32104259465433,1186.6793665648584,3.0645144945642757,493.20145742847575,1052.6681920992826,-7.65926740891485,-3.215121379569565,786.8016126308092,-6.941587140261124,-3.172072301990354,798.8795376436216,-2.115768123230104,-0.27114902755735226,801.7804609180546,0.785155151202898,-0.8398565906373617,801.2117533549746,0.21644758812288853,-2.7519473212009555,799.299662624411,,-151.4091082075547,896.3224017879562,-2.2303962083439326,-150.37598277798804,547.355527217523,-1.1972707787772572,-151.4956798599229,96.23583013558813,-2.316967860712096,-1.027837763235351,801.0237721823765,0.028466415524899202,151.05298842939803,903.321478433887,1.8742764301872477,149.63935711509302,551.907847119582,0.46064511588222756,151.01735101646315,103.28584102095213,1.838639017252364,0.8968499598705795,802.9484599054824,1.9531541386308298
195,1.95,-4.999955759838576,1697.0636819700599,-3.9424548391777874,-1.6692624886224743,1550.3943752412758,-0.6117615679616858,-3.133277931306944,1298.9303597985913,-2.0757770106461555,-3.0415098402744523,1399.022127889624,-1.9840089196136637,0.09722213153479731,1202.1608598614332,1.1547230521955858,-1.8568163260962591,1100.206821403802,-0.7993154054354706,-0.46441082821358226,1001.5992269016848,0.5930900924472063,-196.20717223413098,1499.4422239957569,-2.56603096618767,-341.80973424526877,1387.624296343296,-6.3818064848107605,-453.03765037424057,1186.8868228203926,-5.63205058413919,-502.41293720103545,1040.8102263201897,-0.9128631300076664,-3.5327847549401685,,-5.177612788919275,0.16825980724459055,802.2318975371429,1.225760727905379,-0.6723665307756104,801.3912711991228,0.3851343898851782,0.36155056571489996,802.4251882956132,1.4190514863756885,-3.1554597292935833,798.9081780006047,-2.0979588086327947,201.76660193408537,1498.2912981885945,-3.716956773350158,357.4688309085588,1388.2531498275998,5.2659888595296245,459.7800560894635,1188.985538363857,5.14867587609354,495.41063996674205,1055.081440810537,-5.65486722593357,-0.9348598325210979,788.7043916832732,-5.40730421000999,-0.6457926745847189,801.4178450553136,0.4117082460760696,-0.9020067884391761,801.1616309414592,0.15549413222161246,-0.820967615615442,801.2426701142829,0.23653330504534661,-0.7962126445277772,801.2674250853706,0.2612882761330114,-150.46177120788178,897.6494594045189,-1.7434675408650178,-152.23431687462457,545.8769137377761,-3.5160132076078097,-148.4007953736139,99.7104352387868,0.317508293402875,-0.3168977185390285,801.7467400113593,0.7406032021217601,150.80355515809904,902.6923245456984,2.085251491082265,148.22729168004219,550.1160610676416,-0.49101198697458326,150.24700400171858,102.13577338931792,1.5287003347018073,-3.034662489477368,799.028975240421,-1.9771615688165793
196,1.96,-0.6961034143128356,1701.3790553699407,0.3622338547702604,0.714378322287776,1552.7895371065413,1.772715591370872,-4.382253544256429,1297.6929052399971,-3.323916275173333,-0.3975608323578501,1401.6775979518957,0.6607764367252459,-2.1404861829340946,1199.9346726013193,-1.0821489138509985,2.8171450756545133,1104.892303859908,3.8754823447376094,-1.8620970873057605,1000.2130616969479,-0.8037598182226645,-197.14824444875646,1498.8762000097463,-3.3036049595724784,-342.234447941533,1387.0929423691612,-6.97487237336599,-452.4572564362151,1188.0449476880597,-4.272565053328975,-505.05580194697694,1038.8918283375017,-2.7077367894794637,-3.9230254328026426,811.2011726206291,-6.215705918762449,-2.76235603485463,799.312802749399,-1.7040187657715336,-3.72437863622825,798.3507801480254,-2.6660413671451537,-1.1788006413651817,800.8963581428884,-0.12046337228208556,0.8893550836721236,802.9645138679257,1.9476923527552197,202.63916155342218,1499.557203668048,-2.6226013012706746,356.9247903576581,1387.4839294217788,4.576403159905332,460.93500044096623,1190.0455591942377,5.950167171639013,497.89996966707787,1057.7215054783403,-3.378802347211215,-1.316835072423592,787.9645142099728,-6.513160288461108,0.057529590575358336,802.132688374829,1.1158668596584544,-1.4084570207204061,800.6667017635332,-0.35011975163731,-0.5814204282001413,801.4937383560534,0.4769168408829547,1.0382921532872635,803.1134509375408,2.0966294223703597,-149.9303596806624,898.5597117766747,-1.6705435051275266,-148.51453699188932,549.9755344654478,-0.2547208163544328,-153.02823279959281,95.4618386577443,-4.768416624057931,-2.701086729123695,799.3740720551299,-1.6427494600405987,147.93235602222313,899.442284564886,-0.32746015331174494,150.01686496122133,551.5267935038842,1.7570487856864538,154.44496065868663,105.95488920134952,6.185144483151749,2.5960089237891184,804.6711677080427,3.6543461928722145
197,1.97,-2.6986304368802148,1699.3875351205106,-1.639820571774482,-2.8493422926705776,1549.2368232647204,-1.7905324275648447,-2.63676389002355,1299.4494016673673,-1.5779540249178177,-0.6066723012592816,1401.4794932561317,0.45213756384645115,-1.6616157986475661,1200.4245497587433,-0.6028059335418333,1.736270072391392,1103.8224356297824,2.7950799374971247,-2.2226024212825397,999.8635631361084,-1.163792556176807,-197.60895434897472,1498.7958613204262,-3.5543839984067356,-342.27834702235026,1386.999978530319,-7.133446797557685,-451.65505236787436,1189.4382900313556,-2.687314661769258,-505.25967786543026,1039.4011199202548,-2.090336882419935,-2.414068705326092,812.1176259223129,-5.351969648771974,0.5258982611381693,802.6120638185291,1.584708126243902,1.6644886731909574,803.7506542305819,2.72329853829669,0.4009923139424001,802.4871578713334,1.4598021790481328,-2.432251733920639,799.6539138234702,-1.3734418688149062,202.11674149425156,1499.4321826001117,-2.9180627187212567,357.5575889966839,1387.9445499960013,5.076901092431103,460.56012139047084,1189.634064900227,5.24444100291787,495.646828803172,1055.5678521151008,-5.851239104338435,-0.18257866377534754,788.764913438183,-6.074782768540143,-3.146205416743678,798.9399601406473,-2.0873955516379454,-2.3411594101353215,799.7450061472556,-1.2823495450295885,-1.8646120443569885,,-0.8058021792512556,-3.6730532756530856,798.4131122817379,-2.614243410547353,-151.91157193007587,896.956622373948,-4.106907150047613,-149.71957740187952,549.1486169021443,-1.9149126218512629,-147.91703787487938,100.95115642914452,-0.112373094851145,0.5736246029210614,802.659790160312,1.6324344680267941,152.84256092708142,903.9743666230576,5.037896147053177,151.20423206523392,552.33603776121,3.3995672852056757,150.9420075773034,102.0738132732795,3.137342797275141,0.3420250599813375,802.4281906173723,1.4008349250870702
198,1.98,-0.5158575428863525,1701.5807931026427,0.5430579331330165,-1.6361199528273893,1550.4605306927015,-0.5772044768080201,-3.3578648310582633,1298.7387858144707,-2.298949355038894,-1.9073213828459705,1400.189329262683,-0.8484059068266016,-0.47833077945516866,1201.6183198660738,0.5805846965642004,1.2385161057845584,1103.3351667513134,2.2974315818039273,-1.7400260286630425,1000.356624616866,-0.6811105526436734,-197.59458550605487,1499.1954651707863,-3.323936628537498,-341.40208366909974,1387.885083309574,-6.317727507842957,-454.9845583647064,1186.7111023880175,-5.2327266994074115,-503.7300001825679,1041.6284142178254,0.22800237674283752,0.3748308247670451,814.2597494858576,-3.2004311670929613,-2.4995271000320356,799.5971235454971,-1.4406116240126667,-1.9082600002943129,800.1883906452348,-0.8493445242749439,-1.7537869154736105,800.3428637300555,-0.6948714394542416,-2.865671001611587,799.2309796439175,-1.8067555255922179,200.78473933127867,1498.5011491763416,-4.018252622982322,358.5887317054308,1388.8574175608742,5.98962211775188,459.9063148414241,1189.002158048051,4.283501561719941,499.23952536569413,1059.211236566124,-2.481265814314486,1.3908986526360743,790.0330095840471,-5.163423799610454,-1.30820131314852,800.7884493323805,-0.24928583712915098,1.3628986287050873,803.4595492742342,2.421814104724456,-2.795580684677006,799.301069960852,-1.736665208657637,0.23749983802713404,802.3341504835562,1.2964153140465031,-151.29728532788116,897.9484850212841,-3.943024837002807,-148.8044473473765,550.4413230017888,-1.4501868564981533,-150.9181961944381,98.32757415472717,-3.5639357035597605,-0.23635778492968007,801.8602928605994,0.822557691089689,148.9009346162699,899.6551642671046,1.546674125391548,150.54450662379148,551.2987362746262,3.1902461329131326,149.57371284243362,100.32794249326835,2.2194523515552715,-3.669339411732264,798.4273112337968,-2.6104239357128955
199,1.99,-2.5848716213275074,1699.5217351742463,-1.526220624095967,0.5112002970990368,1552.6178070926728,1.5698512943305774,-0.5253093829393464,1301.5812974126345,0.5333416142921941,-0.17003957075412557,1401.9365672248196,0.8886114264774149,-0.5172286037341908,1201.5893781918396,0.5414223934973497,-1.526365819634761,1100.580240975939,-0.46771482240322043,2.235562345253335,1004.3421691408271,3.2942133424848756,-196.57009969163678,1500.6095839336654,-2.0775168789181278,-340.76046211972107,1388.5936007770285,-5.682263572566579,-451.3596742946872,1190.9472598625755,-0.8256025886599296,-504.84148629935146,1041.1950392325846,-0.1330204417832781,1.0030298449408805,814.1917935424958,-3.1964726162742467,-1.0700003247008318,801.0366064708729,-0.011349327469291313,-1.5326539204870315,800.5739528750868,-0.4740029232554911,-2.414597251043914,799.6920095445298,-1.3559462538123739,-0.9691499764861102,801.1374568190877,0.08950102074543023,201.57969716607283,1499.7001572842917,-2.986943528291751,359.9942529219489,1390.1993004086407,7.291167408861133,456.7802862513265,1185.9565663820242,0.8750602590289001,496.09012104972953,1056.0665023555398,-5.854091637048175,0.7541427674585586,789.1237026234861,-6.422973217806084,0.043497884658084685,802.1501046802318,1.1021488818896252,-2.287346648089241,799.8192601474846,-1.2286956508577003,-0.09346785872884622,802.0131389368449,0.9651831385026942,1.0318191290119063,803.1384259245857,2.0904701262434466,-152.66777340214736,896.9552044930342,-5.7577679239650585,-149.6406306098752,549.9823472853064,-2.7306251316928654,-150.75759044260556,98.86538745257607,-3.8475849644232354,-3.444308456101414,798.6622983394724,-2.385657458869874,148.75977398089222,899.1367960857107,1.8497685027099091,153.77618164277385,554.1532037475922,6.866176164591545,147.71106198844265,98.08808409326103,0.8010565102603326,-1.3666273203066575,800.7399794752671,-0.30797632307511696
200,2.0,-2.3412374980148236,1699.774789410238,-1.2832240438883717,-0.5847290427460716,1551.5312978655068,0.4732844113803801,-1.8352145391267374,1300.2808123691261,-0.7772010850002857,-3.5595113534127445,1398.5565155548402,-2.501497899286293,-0.2965957197115803,1201.8194311885413,0.7614177344148714,2.581253551636211,1104.697280459889,3.6392670057626626,-1.6568984230453945,1000.4591284852075,-0.5988849689189428,-196.86258402818444,1500.7106585427882,-2.142511006097189,-341.47500802740194,1388.0039702917545,-6.348525795571669,-456.5670827431397,1186.3578655685806,-5.255510094863133,-506.8344011509446,1039.857101909651,-1.418897825389462,-1.0890497128249583,811.3593252712509,-5.8944215867843415,-3.485192209716758,798.6308346985362,-2.4271787555903064,-3.034711252755552,799.0813156554974,-1.9766977986291006,1.5016802294937608,803.6177071377467,2.559693683620212,-1.5316487099552343,800.5843781982977,-0.47363525582878274,201.0529513070802,1499.58005080079,-3.273118748095255,359.0287524768225,1389.2253615347154,6.236633131032351,458.42731503948403,1187.742406934076,2.2652968218063947,495.28640667564565,1055.2245232518083,-6.879099652938937,0.07517040332408831,788.2092436939537,-7.680091957337168,-5.458669424970667,796.6573574832822,-4.400655970844216,-0.6806242432338453,801.4354026650191,0.37738921089260635,-1.4684232889277047,800.6476036193252,-0.4104098348012531,-1.8988494717680036,800.2171774364849,-0.840836017641552,-148.44035656559282,901.5596434344071,-1.9670680793476638,-148.7626739434068,551.2373260565931,-2.2893854571616603,-149.7077417715216,100.29225822847839,-3.2344532852764414,-1.1146261484393523,801.0014007598136,-0.05661269431290054,149.50717012231456,899.5071701223145,3.03388163606939,151.6303734266835,551.6303734266835,5.157084940438337,152.96060016410377,102.96060016410378,6.487311677858614,-1.3108323279817882,800.8051945802712,
201,2.01,-1.4957145906301452,1700.62918945057,-0.43871458675117825,-1.157061566519379,1550.9678424746808,-0.100061562640412,-1.8926288701524268,1300.2322751710478,-0.8356288662734597,0.4005770661239412,1402.5254811073241,1.4575770700029083,0.5653161633778505,1202.690220204578,1.6223161672568176,-0.5327451692787863,1101.5921588719214,0.5242548346001807,0.27503262687518437,1002.3999366680755,1.3320326307541515,-194.6397076414978,1503.3305424302416,0.3131062680942218,-339.28664315419473,1390.3750515033032,-4.057581723940982,-452.6946145854992,1190.8528934114913,-0.6131381582104019,-503.7219138732284,1043.5981576343456,2.352368268465842,0.6805229300116238,812.3496293430603,-4.707152468889927,-1.354475711554199,800.7704283296462,-0.2974757076752319,-0.07593087559152512,802.0489731656088,0.981069128287442,-1.8970449068404345,800.22785913436,-0.8400449029614674,-0.18311078462433195,801.941793256576,0.8738892192546351,201.42175602016783,1500.357587961584,-2.6598482005634696,359.67793300004513,1389.9216932185275,6.812145614988532,461.8015631711884,1191.3134949488915,5.409165008993956,498.31966309349053,1058.1799289151443,-4.062115833196097,2.2101326863855344,790.1498564955735,-6.073594552094845,0.9179064175123708,803.0428104587128,,-1.8170768071509362,800.3078272340495,-0.7600768032719691,-0.8284071035127495,801.2964969376876,0.2285929003662176,1.4559904622463415,803.5808945034466,2.5129904661253084,-150.32405614156755,900.0529659632508,-4.278575867899669,-151.1212072809279,549.2558148238904,-5.075727007260036,-150.8572468106131,99.51977529420523,-4.81176653694524,-0.506338070652294,801.618565970548,0.5506619332266731,149.64912617035813,899.2721040655398,3.6036458966902525,148.41489166617717,548.0378695613589,2.369411392509292,149.56671086356963,99.18968875875127,3.521230589901739,-0.4974432316270747,801.6274608095732,0.5595567722518924
202,2.02,-2.6906415079673938,1699.4425899040234,-1.6350335707454233,-0.7356419888373807,1551.3975894231532,0.31996594838458947,-2.5887668728254187,1299.5444645391653,-1.5331589356034485,-2.4293298589707795,1399.70390155302,-1.3737219217488092,-3.249604061285719,1198.883627350705,-2.1939961240637484,0.35374775189208285,1102.4869791638828,1.409355689114053,-1.6760396717696353,1000.4571917402211,-0.620431734547665,-200.29866493870608,1498.0715588461965,-5.108171098349308,-340.32201421483603,1389.5797958398375,-4.936424059589788,-453.6797800422408,1190.4926652257325,-0.8388173417551101,-508.38566026997603,1039.5336704268184,-1.7052613572566861,0.27599938094276116,811.132475458032,-5.665319540634591,-2.6175270058047633,799.5157044061859,-1.561919068582793,-0.3183322376960491,,0.7372756995259211,-0.09664370759199681,802.0365877043987,0.9589642296299734,0.19683359988172056,802.3300650118724,1.2524415371036908,199.90800988929314,1499.2541683461393,-3.925561598406386,358.874367995548,1389.2210828710608,5.950627528062204,460.4542652918447,1190.220534997425,3.858580329378709,496.6087855392935,1056.3551919281188,-5.981315642137531,1.453990988468152,789.2443719771752,-7.303817425619308,-0.5816282397260284,801.5516031722647,0.4739796974959418,-1.057728364605098,801.0755030473856,-0.0021204273831276557,-1.5343374233950442,800.5988939885957,-0.47872948617307387,-2.1476528972351185,799.9855785147556,-1.0920449600131483,-148.92451782553215,901.8297118253026,-3.2965887308305732,-150.36111592434142,550.3931137264933,-4.733186829639855,-149.73249380126055,101.02173584957417,-4.104564706558972,-1.9972323138546868,800.135999098136,-0.9416243766327166,151.81247002455484,901.0582403737201,6.18454092985327,147.82841779206746,547.0741881412328,2.2004886973658957,150.7403439786495,99.98611432781476,5.112414883947907,-2.596214709672181,799.5370167023185,-1.5406067724502106
203,2.03,-1.8519279615466555,1700.2890744395759,-0.7980932813803883,-0.8695050348703612,1551.271497366252,0.1843296452959059,-5.9874744402122735,1296.1535279609102,-4.933639760046006,-2.6160454791191716,,-1.5622107989529048,-2.6003051128590675,1199.5406972882633,-1.5464704326928003,-0.8690832197843128,1101.271919181338,0.18475146038195434,-0.7468494795241802,1001.3941529215982,0.3069852006420869,-195.57116715716617,1503.201509914693,-0.13837158572147423,-343.56510347233024,1386.633636881041,-7.969580077521595,-458.0618263361079,1186.735801114365,-4.4745670553309544,,1043.7207963625312,2.4639321865125443,-1.0954241272507437,808.9206966961668,-7.556777964164713,-1.811912030955686,800.3290903701667,-0.758077350789419,-1.5819007313269007,800.5591016697955,-0.5280660511606335,0.5246358371639357,802.6656382382863,1.5784705173302027,-0.057779013761549924,802.0832233873608,0.9960556664047171,198.89214489004496,1498.649722579544,-4.690158920870367,359.67260077412635,1390.1781103499522,6.706895242340817,456.32120098276215,1186.3985948473764,-0.45010965968917693,499.54564410224765,1059.1459492189217,-3.2418953077037593,2.8824221793560305,790.5720938247046,-6.290755441333512,-0.0635348198676089,802.0774675812547,0.9902998602986581,-0.45221167853306476,801.6887907225893,0.6016230016332023,-1.1477190301040154,800.9932833710184,-0.09388434993774827,-0.4770022986530176,801.6640001024693,0.5768323815132494,-147.30446829337833,903.8273374025977,-2.0825120559286012,-147.41813516290878,553.7136705330672,-2.1961789254590465,-150.5442954541491,100.58751024182696,-5.322339216699373,-3.358423649706844,798.7825787514155,-2.3045889695405766,149.84199123432518,898.7101855383492,4.620034996875442,153.49788796770608,552.3660822717301,8.275931730256342,150.72185199170264,99.59004629572657,5.499895754252909,-1.090588276391297,801.050414124731,-0.036753596225030036
204,2.04,-2.954764383639972,1699.1934461713067,-1.903086587967737,-3.439694550253881,1548.708516004693,-2.388016754581646,1.0977653922963264,1303.245975947243,2.1494431879685614,-1.3354378892862144,1400.8127726656605,-0.28376009361397936,-0.8203417692136193,1201.327868785733,0.23133602645861567,-1.2389005878098762,1100.9093099671368,-0.1872227921376413,0.02291718018808453,1002.1711277351347,1.0745949758603195,-198.7318347017212,1500.445284907249,-3.052438011999503,-340.5227450489795,1390.0289756494942,-4.664626018472096,-458.7791372261918,1186.6418276863394,-4.461484868882923,-507.89189941862344,1041.1284077022326,-0.17253829666877696,1.0992461637097908,810.2529963659208,-5.843775005304753,-1.0748350712982755,801.0733754836484,-0.023157275626040585,-4.666709403298562,797.4815011516481,-3.615031607626327,0.04479729776339614,802.1930078527101,1.096475093435631,-1.1673752462036406,,-0.11569745053140558,200.52049166666106,1500.6900782412972,-2.807644677951308,360.53873470588314,1391.258737211148,7.547247867689528,458.3661376548847,1188.810550601476,1.447316048939087,499.9302871159475,1059.3561650554307,-3.0409006327100245,5.760452714158834,793.4013945435855,-3.765466916683446,-1.7837796496171456,800.3644309053295,-0.7321018539449107,-3.220085614636828,798.9281249403099,-2.1684078189645932,-1.8386287527287113,800.309581802218,-0.7869509570564763,-1.6248597578204447,800.5233507971262,-0.5731819621482096,-148.9241251249445,902.5858034177184,-4.095273490588131,-146.91431741757947,554.5956111250833,-2.085465783223104,-150.3055256349742,101.2044029076887,-5.47667400061783,-0.7470125466538836,801.4011980082928,0.3046652490183514,150.10362856466972,898.5937000220068,5.27477693031335,150.84778834710548,549.3378598044426,6.018936712749092,148.55968455335986,97.04975601069698,3.7308329190034923,-1.3463798280089694,800.8018307269377,-0.2947020323367344
205,2.05,-3.9401170351306636,1698.214732553414,-2.890982049858211,-1.7142541856045148,1550.4405954029403,-0.6651192003320621,-2.690767141747755,1299.464082446797,-1.6416321564753023,-0.5409019655171193,1401.6139476230276,0.5082330197553333,-2.276906805287764,1199.877942783257,-1.2277718200153112,-1.5680293684721414,1100.5868202200727,-0.5188943831996888,-2.0482156322974587,1000.1066339562473,-0.999080647025006,-198.78033174566357,1500.8027262581593,-2.85036168948023,-340.56382475749336,1390.3959830109225,-4.391384267403373,-455.64020933797326,1190.4002092428034,-0.6107128723590147,-503.1638705670484,1046.3543814135319,4.981933849030602,0.8707839465294911,809.1458841541586,-6.5110106788101305,0.05047585272805022,802.2053254412727,1.0996108380005027,-2.257694598626818,799.8971549899179,-1.2085596133543657,-0.29145385127344703,801.8633957372713,0.7576811339990055,-0.3604152209805762,801.7944343675641,0.6887197642918763,202.9296031498597,1503.5112841175096,-0.14180383012988962,361.818210258257,1392.8080833687945,8.81724342098364,458.7828923094483,1189.6491513247797,1.745012648445986,499.3491290816724,1058.5762775942392,-3.7890714179931417,3.764962343079132,791.4121832743706,-6.047605962912913,-3.7744450799306053,798.3804045086141,-2.7253100946581528,-1.2002857238128044,800.9545638647319,-0.15115073854035188,-2.6424867413133146,799.5123628472314,-1.593351756040862,-1.6508558933264776,800.5039936952182,-0.6017209080540251,-149.24240473079877,902.6463646568005,-4.79253517057833,-150.79354741645378,551.0952219711455,-6.343677856233343,-148.3426200914243,103.546149296175,-3.89275053120387,2.12650306784127,804.281352656386,3.1756380531137225,149.48475329825007,897.5959839106507,5.0348837380296505,149.9570034277795,548.0682340401802,5.5071338675590855,150.08162817995438,98.1928587923551,5.6317586197339615,-2.2967889014427305,799.858060687102,-1.2476539161702782
206,2.06,0.31133652402619605,1702.4722499125744,1.3575406146707139,1.2091834271527802,1553.370096815701,2.255387517797298,-1.8342291593927036,1300.3266842291555,-0.7880250687481858,-0.9697129592276987,1401.1912004293206,0.07649113141681907,3.8510533073162,1206.0119666958644,4.8972573979607175,-1.5300590447465865,1100.6308543438015,-0.48385495410206875,-2.1772665358469974,999.9836468527012,-1.1310624452024798,-197.5776088258389,1502.4123875902533,-1.3934245697147891,-342.3217027823544,1389.1001798458494,-5.78434265761062,-457.6487599473397,1189.0052472261918,-1.9285357771548965,-508.25473458158814,1041.7246265781487,0.25208759878558373,2.0705222218006973,809.4564094327408,-5.702899976713847,-0.02624385457940237,802.1346695339688,1.0199602360651154,-0.5255650064263678,801.6353483821218,0.5206390842181501,-0.19533493452292916,801.9655784540253,0.8508691561215886,-3.555618697564968,798.6052946909832,-2.50941460692045,200.2542359967032,1501.2475922769086,-2.5582198830595964,360.79146459301677,1392.1060869400496,7.797357908671169,456.85121559871163,1188.1929065840816,-0.2770469759736254,503.8661618496176,1062.8743680944917,0.5803375527950574,7.21457005230691,794.9257582846562,-2.815569214394361,-0.41450462014241574,801.7464087684058,0.6316994705021022,0.5704939188519249,802.7314073074001,1.6166980094964427,-0.5050015634648575,801.6559118250833,0.5412025271796603,-2.141547659254911,800.0193657292933,-1.0953435686103936,-148.60474412662006,903.663745877869,-4.51851969389936,-148.52102224015024,553.7474677643388,-4.434797807429542,-150.24797458490124,102.02051541958777,-6.1617501521805345,-1.7960752033543788,800.3648381851938,-0.749871112709861,149.2428187156941,896.9743287112051,5.15659428297342,149.0079040602694,546.7394140557803,4.921679627548688,147.98941891181852,95.72092890732957,3.9031944790978343,-2.530727401824691,799.6301859867235,-1.4845233111801732
207,2.07,-3.184477894333119,1698.9819181215707,-2.1415947991997735,-2.229391057262978,1549.937004958641,-1.1865079621296324,-3.4227431030311926,1298.7436529128727,-2.3798600078978467,-2.3543936037557938,1399.812002412148,-1.3115105086224483,-0.4668254263420226,1201.699570589562,0.5760576687913231,-0.32766738208010837,1101.8387286338238,0.7152157130532374,1.247899686585768,1003.4142957024897,2.290782781719114,-197.8099651185824,1502.5874720636193,-1.3682610640648987,-344.1427325916185,1387.7939216029083,-7.191169292927503,-458.9277793066571,1188.3320348170569,-2.540423882982734,-504.10203601912934,1046.3007812980418,4.698501784127723,1.4035605006502307,807.8953229830552,-6.710405437746579,-4.746349285964403,797.4200467299395,-3.703466190831057,-0.8632724439902568,801.3031235719136,0.1796106511430889,0.3457748540540633,802.512170869958,1.388657949187409,0.4011364308239469,802.5675324467279,1.4440195259572925,199.4073606626507,1500.8114687799819,-3.1442643477021788,358.83312564381026,1390.5266991973922,5.862179246442868,454.2553054391018,1186.1246041394716,-2.9345587193556772,501.5934905116465,1060.3666546384106,-1.8179392549189963,7.052542808147324,794.8876850228337,-3.1236160746040222,-1.3642903432219948,800.8021056726819,-0.321407248088649,1.401847985140778,803.5682440010447,2.444731080274124,-2.1450849874364066,800.0213110284675,-1.102201892303061,-0.19254163380419698,801.9738543820997,0.8503414613291488,-148.62787171952945,904.0213687509131,-4.888784989399532,-149.36907782603262,553.2801626444099,-5.629991095902714,-149.87495347781302,102.77428699262953,-6.135866747683096,1.1134569168298363,803.2798529327338,2.156340011963182,149.18725637993532,896.5380159094927,5.4481696498053855,149.1329444765173,546.4837040060748,5.393857746387399,147.23702258224566,94.58778211180311,3.4979358521157486,0.1378021149563089,802.3041981308602,1.1806852100896545
208,2.08,-1.5327912770499035,1700.6385004315323,-0.49362115182772304,-1.7422214667944291,1550.4290702417877,-0.7030513415722487,0.19312556952302273,1302.3644172781053,1.2322956947452033,-2.0239038824257607,1400.1473878261565,-0.9847337572035804,-1.382266219033164,1200.789025489549,-0.3430960938109835,-0.7139702474748462,1101.4573214611073,0.3251998777473344,0.2121193967057673,1002.3834111052881,1.2512895219279478,-197.5778150691065,1503.2270663738616,-0.8756242131360561,-342.150139203252,1390.352524097867,-4.736586027120716,-455.00523455500604,1192.8507596109355,2.0232720132632442,-505.793689393022,1044.9945435071527,3.231936036167782,3.407622945518132,809.0058906378093,-4.992216584327343,-0.24729253593668643,801.9239991726456,0.7918775892854941,-1.3340721523013763,800.837219556281,-0.2949020270791958,-0.7881873431185273,801.3831043654639,0.2509827821036531,-1.8720144072554254,800.2992773013269,-0.8328442820332448,200.80983511591523,1502.6232680305468,-1.4794225564508283,360.53801707428494,1392.6638910271138,7.606412416666171,457.5615419102534,1190.009049507011,0.3388480238553286,503.43312105977685,1061.9592378018776,-0.07942130178058071,4.339548054641807,792.3605209737977,-5.909141256955385,-1.2165967624894474,800.9546949460929,-0.17742663726726676,-1.4597909055206248,800.7115008030618,-0.42062078029844424,-1.0188427242957123,801.1524489842866,0.02032740092646826,0.008438240959245391,802.1797299495415,1.047608366181426,-146.68549148087794,906.3456654657844,-3.2759124403450004,-149.60028618174215,553.4308707649202,-6.190707141209209,-150.61392585231448,102.41723109434777,-7.204346811781531,-2.393203178280131,799.7780885303022,-1.35403305305795,145.65563776384144,892.6244808171791,2.2460587233085096,146.3316290644712,543.3004721178089,2.922050023938278,150.30143601646319,97.27027906980094,6.891856975930236,-3.809643755701819,798.3616479528805,-2.7704736304796382
209,2.09,-0.15934904719861764,1702.0162458370278,0.8757144047530294,-2.1011168144030763,1550.0744780698233,-1.0660533624514292,-1.0735422638833083,1301.102052620343,-0.03847881193166125,-2.988249190505488,1399.1873456937208,-1.953185738553841,-2.0618895790650837,1200.1137053051611,-1.0268261271134367,-1.335892724744821,1100.8397021594815,-0.30082927279317373,-0.10267719140320275,1002.072917692823,0.9323862605484443,-197.4757172038077,1503.7361125696168,-0.510414035199529,-342.4670375118805,1390.6512498384411,-4.545381323955569,-459.7885893554208,1188.6521902083118,-2.147190409205533,-506.01162925515797,1045.1240158136447,3.1696851919555495,4.098408729002267,808.8092005006982,-4.529434598734227,-0.9792710606719427,801.1963238235543,0.05579239127970437,-1.9246071625514793,800.2509877216747,-0.8895437105998323,-1.348148786281665,800.8274460979445,-0.31308533433001795,1.666221198658078,803.8418160828843,2.701284650609725,199.2156386425485,1501.4364672173422,-2.8100593874740247,359.51503309056017,1392.125529864112,6.638754836444492,455.896605896468,1188.9711898323862,-1.3302701538485313,504.0478044365898,1062.318903287805,0.46093238576211093,3.799006489515116,792.069144105088,-6.447342855899774,0.34272480835913544,802.5183196925854,1.3777882603107825,-1.2261638586139318,800.9494310256123,-0.19110040666228473,-0.6729953365861782,801.50259954764,0.3620681153654689,-1.385318968805078,800.7902759154211,-0.3502555168534309,-147.9262620187548,905.4880975050143,-4.827489762301535,-147.96526007202982,555.4490994517392,-4.866487815576544,-149.14841563500502,104.2659438887641,-6.049643378551728,-0.9653672169243673,801.2102276673019,0.06969623502727973,148.0176418878037,894.6032823640345,4.918869631350426,148.62807837035817,545.213718846589,5.529306113904871,148.1552355453297,94.74087602156057,5.0564632888764205,-0.5718672652952179,801.603727618931,0.46319618665642914
210,2.1,-2.2345596831326047,1699.944740459609,-1.20399819084648,-1.4426663643357462,1550.7366337784058,-0.41210487204962143,-2.551691457257343,1299.6276086854841,-1.5211299649712182,-1.6491633818033453,1400.5301367609381,-0.6186018895172205,-2.032386954148107,1200.1469131885935,-1.001825461861982,0.9521424596897414,1103.1314426024312,1.9827039519758662,-0.13122908967416902,1002.0480710530674,0.8993324026119558,-199.82342734067376,1501.7943554733235,-2.592730269432016,-344.4609538769912,1389.3207916576384,-5.986925719142256,-459.33152950915195,1189.6809564451157,-1.1076624210865202,-504.92563930178244,1046.5198673287077,4.341750055001876,5.129035618015468,808.9635651188129,-3.666160902038384,-2.152447567868883,800.0268525748727,-1.1218860755827582,-3.6800737520021984,798.4992263907394,-2.6495122597160736,-3.365554364413332,798.8137457783282,-2.3349928721272066,0.37505643610829287,802.5543565788498,1.4056179283944177,202.0303562511237,1504.6561513536883,0.26906561093261994,357.6168059814028,1390.763049970368,4.811564807180286,455.5394835219455,1189.2881241081507,-1.66316493573171,505.7908356309043,1063.802880556064,2.158494071916838,5.595533147522588,794.1791731675708,-4.572797713459976,-0.16904771856464307,802.0102524241769,0.8615137737214817,2.004856013543759,804.1841561562853,3.035417505829884,-2.1923626027631626,799.9869375399784,-1.1618011104770378,-3.3520958498669513,798.8272042928746,-2.3215343575808265,-149.05324577249095,904.7457043693807,-6.245563844164487,-146.52519984457447,557.2737502972972,-3.7175179162480063,-146.2692411985367,107.52970894333492,-3.4615592702102354,-0.15485973304436107,802.0244404096973,0.8757017592417637,149.98003590897932,896.1810857671077,7.172353980652853,148.3434913393111,544.5445411974395,5.53580941098464,149.01441349352658,95.21546335165493,6.2067315652001005,-0.11587806904135411,802.0634220737002,0.9146834232447707
211,2.11,-2.572884040548036,1699.6095182282793,-1.5472212301212436,-2.2098194379161766,1549.9725828309113,-1.1841566274893838,-1.9234796079457652,1300.2589226608816,-0.8978167975189726,0.2773966308366349,1402.459798899664,1.3030594412634278,-1.2899241989569634,1200.8924780698703,-0.26426138853017067,-5.785264794040826,1096.3971374747866,-4.759601983614033,-0.6457719584631314,1001.5366303103642,0.3798908519636614,-197.90836805957684,1504.113873842648,-0.41034137641136903,-345.30682335651,1389.1842812533919,-6.238162290729617,-459.36458105811766,1190.204936731717,-0.5907146092111172,-503.9517039499124,1047.7669691375736,5.33248110390115,4.934019335225444,807.9084615111199,-3.965546776967625,-2.6557461448093305,799.526656124018,-1.6300833343825376,0.11067058756937942,802.2930728563967,1.1363333979961723,-0.8579448973691854,801.3244573714582,0.1677179130576073,-1.6310635654438883,800.5513387033835,-0.6054007550170954,198.9987235201587,1502.0265587575293,-2.4976564615300547,359.1743347464429,1392.9060844091778,6.455491401967451,455.79372642977717,1190.2613697637662,-1.3566342502943294,501.8018283044949,1059.554578306686,-1.845284554408541,7.562662226723047,796.5246754904812,-2.4517484758511943,1.5467209347046897,803.729123203532,2.5723837451314826,0.3672512314690679,802.5496535002965,1.3929140418958608,-3.140963642489207,799.0414386263382,-2.115300832062414,-0.7303799409781448,,0.29528286944864796,-146.5159544454193,907.6690561497498,-3.9786896556721247,-147.41023432082764,556.7747762743414,-4.872969531080459,-149.35662849090838,104.82838210426078,-6.819363701161203,-1.347755689886777,800.8346465789406,-0.32209287945998427,154.00122454696395,899.8162139517948,11.463959757216777,146.7315197661017,542.5465091709326,4.194254976354529,148.70410952157658,94.51909892640742,6.166844731829406,-1.662972698437354,800.51942957039,-0.6373098880105614
212,2.12,-1.0182953523238545,1701.1666008821198,0.0020707667468277124,-0.6275402320878967,1551.5573560023558,0.39282588698278553,1.1596173978623185,1303.344513632306,2.179983516933001,-1.364046891790801,1400.8208493426528,-0.34368077272011877,-1.1896795863931002,1200.9952166480505,-0.16931346732241795,-0.5928216134431943,1101.5920746210004,0.4275445056274879,1.6690112344376105,1003.8539074688813,2.6893773535082928,-201.15969666726286,1501.2650130369254,-3.392752031334099,-343.6399476347036,1391.6043375651718,-3.9365572119437493,-462.82866268742305,1187.2817106693922,-3.5391820228014543,-505.9084865920773,1046.0478993425772,3.32409102084987,7.2780469383935635,809.4132676256303,-1.661045512373915,-1.451294691537683,800.733601542906,-0.43092857246700084,-3.5178341789441054,798.6670620554995,-2.497468059873423,0.18485508011183516,802.3697513145555,1.2052211991825175,-1.3255365427185521,800.8593596917251,,199.8330378280867,1503.2594929108452,-1.3982721574143058,356.4066952655012,1390.772179157677,3.789186238345148,455.7107691034614,1190.9401868045034,-1.3597027582828711,501.41428940943314,1058.9111216340143,-2.2153222274777815,5.20391921650984,794.6092260013429,,-1.1268711420147381,801.0580250924289,-0.10650502294405606,-2.283579339207815,799.9013168952358,-1.2632132201371329,2.281475935454593,804.4663721698982,3.301842054525275,-0.724630946208946,801.4602652882347,0.29573517286173623,-146.1006321476764,908.4719684828618,-3.8122166808196614,-148.42562735709248,556.1469732734457,-6.137211890235742,-149.0438085799948,105.52879205054334,-6.755393113138052,-1.8042559586468334,800.3806402757968,-0.7838898395761513,146.13989528340468,891.5672946528665,3.8514798165479243,147.1385690018612,542.565968371323,4.8501535350044715,148.90325662229688,94.33065599175872,6.614841155440123,-1.2790932257374927,800.9058030087061,-0.25872710666681054
213,2.13,0.2972133218338988,1702.4839905230526,1.3118836024490064,-1.0837172938214295,1551.1030599073974,-0.0690470132063219,-1.4891415600787465,1300.69763564114,-0.47447127946363915,-0.09056603011764963,1402.0962111711012,0.9241042504974579,-2.0647361292970987,1200.1220410719218,-1.0500658486819912,-0.30307935226836014,1101.8836978489505,0.7115909283467474,-1.313824959441094,1000.8729522417777,-0.29915467882598656,-200.89974896461993,1501.9249418802258,-2.8626464181954927,-344.26247440783,1391.7765942018395,,-458.63588701300006,1191.9977623418763,1.1330412891488228,-505.38749594531697,,3.726474741414552,8.428504467679513,809.749755785075,-0.48390656532214127,-1.0337903839159643,801.1529868173029,-0.01912010330085684,-1.686061380375796,800.5007158208431,-0.6713910997606884,-3.0307707117520666,799.1560064894668,-2.0161004311369592,0.3964050093558935,802.5831822105747,1.411075289971001,197.42981603837566,1501.2509807702188,-3.536607528202539,358.68384729458126,1393.7296046304516,6.182112414927599,455.45986565677464,1191.491521900469,-1.5036824426486655,507.03511894238494,1064.282816340213,3.456569475285979,7.3551592083207975,797.2682364891965,-2.1257766795593196,-2.416506068943505,799.7702711322753,-1.4018357883283974,-2.3081625885860135,799.8786146126329,-1.2934923079709062,-2.171345226174968,800.0154319750438,-1.1566749455598608,-1.7047599293364704,800.4820172718823,-0.6900896487213628,-149.82059005796646,905.1411660911954,-7.75862667433495,-147.04080234783302,557.9209538013288,-4.978838964201515,-147.52221119801348,107.43954495114835,-5.460247814381951,-0.2904961302312685,801.8962810709876,0.724174150383839,148.4477140582223,893.4859579090605,6.385750674590784,150.0858587079011,545.1241025587393,8.023895324269589,145.47828871643333,90.51653256727153,3.4163253328018173,0.3655550872892428,802.5523322885081,1.3802253679043504
214,2.14,-3.155205040450345,1699.032835482342,-2.1466307321434797,-0.2409107201601144,1551.9471298026322,0.7676635881467506,-1.6738324492445003,1300.514208073548,-0.6652581409376352,0.7818698637686456,1402.969910386561,1.7904441720755107,-1.8109605126004942,1200.3770800101918,-0.8023862042936292,0.3192121595621129,1102.5072526823544,1.327786467868978,-0.5353385920192625,1001.6527019307731,0.4732357162876026,-200.9400393905181,1502.2816531459164,-2.631887899884115,-344.9670211385452,1391.9060829855375,-3.883274642137137,-460.24910290917677,1190.888942111724,-0.03853382948090389,-502.7643772678677,1049.5678444156904,6.165900405944564,4.801845553316591,805.3384300982891,-4.016824824680004,-0.8344087193987944,801.3536318033936,0.1741655889080707,-2.9535686708543176,799.234471851938,-1.9449943625474526,-1.744817226033176,800.4432232967591,,-4.791410387624772,797.3966301351676,-3.7828360793179074,199.09783074145588,1503.3093096293956,-1.6042314164048628,360.1718144768741,1395.9425407876322,7.7997267917477195,453.6881105081796,1190.5600368156147,-3.142148898193162,505.67986839435383,1062.6883742895982,2.186924943106607,7.806307426535282,798.2906912506944,-1.2975929679534008,-1.683857413183731,800.5041831096087,-0.6752831048768659,0.03359204986026132,802.2216325726527,1.0421663581671263,-0.46610640491890387,801.7219341178735,0.5424679033879611,1.3996147879505714,803.5876553107429,2.4081890962574364,-145.38928444452046,909.9632030753235,-3.530614570335885,-148.228424532044,557.1240629878,-6.369754657859395,-148.24465492237192,107.10783259747201,-6.385985048187333,1.4359505300831896,803.6239910528756,2.4445248383900546,146.8318904048611,891.4794028850172,4.973220530676531,147.50069789123035,542.1482103713863,5.6420280170457495,146.81052447469807,91.45803695485412,4.951854600513489,-2.458509408906727,799.7295311138856,-1.449935100599862
215,2.15,-1.6475007703024012,1700.541180976791,-0.6454234029667878,-2.9986907715596836,1549.1899909755339,-1.9966134042240702,-2.8343512514851406,1299.3543304956083,-1.8322738841495272,-2.304306800831693,1399.8843749462617,-1.30222943349608,0.5941478405756522,1202.782829587669,1.5962252079112655,,1100.669095563237,-0.5175088165206712,,998.5900333319261,-2.596571047831648,-201.6812266250427,1501.9339985790925,-3.1014841476721675,-344.91683666535585,1392.8270800993375,-3.0925003947380922,-457.73973505936823,1193.8826307247496,2.873174475582217,-505.84158348749776,1046.6329748841545,2.842316357474767,7.0841797032391485,806.8690868142422,-1.5733660652730725,-1.7182141559563462,800.470467591137,-0.7161367886207328,0.06825549217471383,802.256937239268,1.070332859510327,,801.4044623850156,0.21785800525785282,-1.6626251974745216,800.5260565496188,-0.6605478301389085,198.53966573427002,1503.1365832138529,-1.8988995129117359,358.45499489397207,1394.99339333559,6.225793129565621,454.2045982271059,1191.9522764360743,-2.4667780481112844,505.31407479688744,1062.0962170058015,1.9419416934121252,4.780032610174913,795.8978198153172,-3.8759591742056707,-0.7987839634683334,801.389897783625,0.2032934038672799,,799.2498470297485,-1.9367573500092252,1.486916302078943,803.6755980491723,2.4889936694145565,-3.7681729196272236,798.4205088274662,-2.76609555229161,-147.02588135706242,908.7188966551245,-5.346655844559405,-146.95477756577927,558.7900004464077,-5.27555205327623,-144.23071736685068,111.51406064533631,-2.551491854347658,-0.9713986353175458,801.2172831117758,0.03067873201806748,150.64442687272043,894.8996488605335,8.965201360217407,150.67970597067483,544.9349279584878,9.000480458171799,147.08623628063052,91.34145826844353,5.4070107681274955,-2.324757665609929,799.8639240814834,-1.3226802982743155
216,2.16,-4.041562465218568,1698.147134153337,-3.0463836893477296,-1.9533312970919323,1550.2353653214636,-0.9581525212210938,-4.284692298476032,1297.9040043200796,-3.2895135226051933,-1.7226804523506245,1400.466016166205,-0.727501676479786,0.6339368712089739,1202.8226334897645,1.6291156470798123,-1.130940471691641,1101.057756146864,-0.1357616958208026,-2.680261602654439,999.508435015901,-1.6850828267836004,-201.0244965770489,1502.9803065311291,-2.172969655689497,-346.91703729614125,1391.7318781819608,-4.322070121615102,-457.5820758806675,1194.5034505601975,3.3925322408254903,-503.66957862510355,1048.920233924392,4.708122024448034,8.971449048587786,808.0409666243226,0.5422003424322357,-5.229153093249259,796.9595435253062,-4.23397431737842,-0.569779542341675,801.6189170762138,0.4253992335291633,0.8257281232893263,803.0144247418448,1.8209068991601647,1.109315037892978,803.2980116564485,2.104493813763816,197.82875658849377,1502.8057628576216,-2.347513329197122,358.6644518592076,1396.011090703004,6.590675778722179,451.4016974030291,1190.0579512192073,-5.0860684526058755,505.1955968394215,1061.7667842627673,1.9798025560552828,4.821684728625536,796.6330382615123,-3.3182383571200464,0.08096420572188867,802.2696608242774,1.076142981592727,0.1887695542407022,802.3774661727962,1.1839483301115405,-0.2579589524867376,801.9307376660687,0.7372198233841007,-4.76874613814793,797.4199504804076,-3.773567362277091,-147.04211129827405,909.0964710590508,-5.5178636289600105,-145.37231767281034,560.7662646845145,-3.8480700034963085,-147.71080817050833,108.42777418681649,-6.186560501194293,-2.2169108375630984,799.9717857809924,-1.22173206169226,145.4363420823067,889.2977597249819,3.912094412992686,144.85599706876286,538.7174147114381,3.331749399448833,146.21979821414172,90.08121585681688,4.695550544827673,-2.1860460944165396,800.002650524139,-1.1908673185457013
217,2.17,-2.0526510015028534,1700.1354300787611,-1.0647729954609557,-1.8014334433977708,1550.3866476368664,-0.8135554373558731,-1.702907506348585,1300.4851735739155,-0.7150295003066873,1.793939795614174,1403.9820208758783,2.781817801656072,-1.0847985260772528,1201.1032825541868,-0.09692052003535506,0.016073078992513423,1102.2041541592566,1.003951085034411,-3.264077995732129,998.924003084532,-2.276199989690231,-199.99105938421297,1504.3988855773632,-0.8679022692134033,-346.4049511040105,1393.1804506220342,-3.012128721744047,-458.64932410778204,1193.8772297316527,2.6451556080648757,-497.7200775308949,1054.960710107698,10.294898923875792,7.412726328054735,805.8060318898848,-0.7218056306452838,-2.2058043598846915,799.9822767203796,-1.2179263538427936,-1.998652932870606,800.1894281473936,-1.0107749268287083,-3.2007032322990647,798.9873778479651,-2.212825226257167,-0.1955691109420039,801.9925119693222,0.7923088950998938,196.9503343986092,1502.3016118527476,-2.9651759938291025,355.9235772659335,1394.116754083957,4.017006217672414,453.9913755137576,1193.5862710087663,-2.2890122507482706,505.1526165575421,1061.5305114185471,2.1286665495092225,6.747646053611817,799.3103081371996,-0.8113169959710358,-3.6634004231376465,798.5246806571265,-2.6755224170957486,-0.9613995503530559,801.2266815299112,0.02647845568884183,-1.9135137092208958,800.2745673710433,-0.9256357031789979,-2.559101845526075,799.6289792347382,-1.571223839484177,-145.86114301247363,910.6726824309014,-4.4668647074642625,-150.48681944881966,556.0470059945554,-9.092541143810276,-146.86825244054236,109.66557300283273,-5.473974135532977,-1.747476831869093,800.4406042483952,-0.7595988258271951,148.30848919534222,891.7746637519672,6.914210890332854,146.58788468052978,540.0540592371547,5.193606375520413,148.01459023189298,91.48076478851793,6.620311926883616,0.2851389028553537,802.4732199831195,1.2730169088972514
218,2.18,-1.4310516489240561,1700.755779627114,-0.4508769640634994,-0.7988883105982771,1551.3879429654398,0.18128637426227956,-0.9941310072442429,1301.1927002687937,-0.01395632238368616,0.6841564422387485,1402.8709877182769,1.664331127099305,-3.494248266586276,1198.6925830094517,-2.5140735817257194,0.7543909306891008,1102.9412222067272,1.7345656155496574,0.4287366995430548,1002.6155679755813,1.4089113844036114,-200.5781948066355,1504.1919797360513,-1.1839081084862484,-345.4593421611237,1395.0912362855177,-1.2443581413133102,-458.59976463047894,1194.3448244370175,2.9717348894175415,-503.20075311007633,1049.5497527163036,4.398670889592969,7.060987733731877,804.8197225804322,-0.7137023816574941,-3.2578971887853587,798.9289340872527,-2.277722503924802,-0.4455824381653062,801.7412488378728,0.5345922466952505,-0.29217994247951773,801.8946513335586,0.687994742381039,-2.7389294880392563,799.447901787999,-1.7587548031786997,,1502.2579155213953,-3.1179723231422822,356.80791782310337,1395.8835308573575,5.079512759586459,448.7134774107353,1189.2742328016693,-7.336812136764854,507.0835089497789,1063.2876780693255,4.286530947707123,5.698911848156774,799.0677291992532,-1.2180027424206854,-1.4695522529624159,800.7172790230758,,-0.7057775296905606,801.4810537463476,0.2743971551699961,-1.5830332570338363,800.6037980190043,-0.6028585721732795,-0.4167218745939951,801.7701094014442,0.5634528102665616,-148.13598342910834,908.7944177231155,-6.846201422349954,,560.840760757432,-4.799858388033486,-145.86986566540295,111.06053548682091,-4.580083658644552,2.2972027927368925,804.484034068775,3.277377477597449,145.17470219334564,888.2443010411217,3.8849201865872507,144.96460101573155,538.0341998635076,3.674819008973157,149.0658584589958,92.13545730677191,7.7760764522373815,0.4560819445958919,802.642913220634,1.4362566294564485
219,2.19,-2.7832781431363065,1699.4016654093066,-1.8112095480507455,-2.6911729763142596,1549.4937705761288,-1.7191043812286986,0.1480355159877964,1302.3329790684309,1.1201041110733572,-4.009947969222237,1398.1749955832208,-3.037879374136676,-0.6935864455451426,1201.4913571068978,0.2784821495404183,-1.95214515827186,1100.2327983941711,-0.9800765631862992,-5.3301514085348325,,-4.358082813449271,-202.69229753449366,1502.4527237673005,-3.027726409208957,-347.30565706660263,1394.2359022880821,-2.2472131242697646,-458.6510017371137,1194.6878873995454,3.1538046086357143,-499.4791332928171,1053.3230382741299,7.655971578376384,3.2655539895238075,800.433384421491,-4.0860016146511615,1.581490272270811,803.7664338247138,2.553558867356372,-3.7389501418157556,798.4459934106272,-2.7668815467301946,-2.038021543224926,800.1469220092181,-1.065952948139365,-1.0296292638225875,801.1553142886204,-0.05756066873702653,197.71549773459978,1503.7960292630823,-1.6844209134270682,356.70554551824216,1396.6969726978505,5.165394751907722,452.02489772081924,1193.5758027323077,-3.773704091604869,503.7478691597387,1059.799417848983,1.2122542854102765,4.185973521540662,798.4124387378433,-2.03211520277081,0.9129713050538462,803.0979148574968,1.885039900139407,-1.8864418857237877,800.2985016667192,-0.9143732906382269,-2.7502520101119803,799.434691542331,-1.7781834150264193,-3.085108136654469,799.0998354157886,-2.113039541568908,-145.77942377104884,911.5487475726247,-4.568279493936511,-149.51925292469093,557.8089184189827,-8.3081086475786,-145.82380374354096,111.50436760013262,-4.612659466428621,-1.298980505996516,800.8859630464465,-0.3269119109109552,146.73282054024398,889.4046491965704,5.521676263131647,145.39653686149748,538.068365517824,4.185392584385145,149.22844752535468,91.9002761816811,8.017303248242342,-3.5951765321991367,798.5897670202438,-2.6231079371135757
220,2.2,-2.2052780166414747,1699.9771364440946,-1.241718340612753,-0.14630955951611124,1552.03610490122,0.8172501165126103,-4.89253506765311,1297.289879393083,-3.9289753916243892,-0.9390677918122675,1401.2433466689238,0.024491884216453985,0.8116333965129117,1202.994047857249,1.7751930725416332,-1.119326591212287,1101.0630878695238,-0.1557669151835655,-2.123255300032711,1000.0591591607034,-1.1596956240039897,-203.03059051982868,1502.4834304410952,-3.0969223904457337,-349.8227379914565,1392.732640556166,-3.9026231417028603,-459.8439325505329,1193.8648956102948,2.14977272197342,-501.5212087323032,1051.3179247478429,5.10519860085137,5.121320608441514,801.7434902906875,-1.7461695551337928,-1.4308211177745604,800.7515933429615,-0.46726144174583906,-1.6390371847065266,800.5433772760296,-0.6754775086778051,-2.5302391305494005,799.6521753301867,-1.5666794545206788,-2.9848300591128147,799.1975844016233,-2.021270383084093,198.03550389332065,1504.4701201782996,-1.1102326532413545,354.7499297584439,1395.687915802203,3.4071987031375994,453.28944930885336,1195.851794384094,-2.237083747014926,506.69879721521323,1062.6199895213265,4.457840373596538,4.384431133502408,799.5162442494398,-1.082843054933711,-1.8801035724074076,800.3023108883286,-0.916543896378686,-2.464527472273242,799.7178869884629,-1.5009677962445207,-0.19724562546701407,801.9851688352691,0.7663140505617074,-2.9912466436927403,799.1911678170434,-2.027686967664019,-147.71199365572133,910.0149713366578,-6.553323575176412,-145.30433888529785,562.4226261070812,-4.145668804752937,-146.79689907877847,110.9300659136006,-5.63822899823356,-2.4114108137705865,799.7710036469655,-1.447851137741865,147.09536045498982,889.3683954626107,5.9366903744449155,145.90452189262558,538.1775569002465,4.745851812080684,146.63802330329972,,5.479353222754804,-0.010429144936171975,802.1719853157999,0.9531305310925495
221,2.21,-3.6500395295199053,1698.5292012292227,-2.6953915052178434,0.24192400871768283,1552.4211647674604,1.196572033019745,-3.2253438675932737,1298.9538968911495,-2.270695843291212,-1.5368593885491872,1400.6423813701936,-0.5822113642471253,0.5169722758848376,1202.6962130346276,1.4716203001868995,0.9801615694644057,1103.159402328207,1.9348095937664676,-6.028259281049664,996.1509814776929,-5.073611256747602,-203.48229427779793,1502.3944218283089,-3.2810560959116564,-348.56849237745126,1395.0205080053252,-1.7716506784454586,-459.57780582255873,1194.4760922045325,2.559863844267185,-499.3144590151697,1053.5503859964972,6.763546843745493,5.247486260098064,801.3703638489791,-1.0778855407954837,-0.4260193577338367,801.7532214010088,0.5286286665682253,-3.1199945217941156,799.0592462369484,-2.1653464974920538,-2.9147117747307805,799.2645289840118,-1.9600637504287182,-2.049899686351189,800.1293410723914,-1.0952516620491273,196.70560981627747,1503.4866981274768,-2.1887797967439524,355.7620589497108,1397.6746109631663,4.624944079699774,449.765655742397,1193.357671334046,-5.469708463453722,507.5459461543369,1063.3598153161702,5.63148920263065,4.460952981900035,800.541607037933,-0.20874999074031148,-0.14118159475507364,802.0380591639876,0.8134664295469883,0.6552898692437501,802.8345306279863,1.609937893545812,-0.688293314970698,801.4909474437719,0.26635470933136396,-0.11116737279149835,802.068073385951,0.8434806515105636,-149.3066765361796,908.819900946188,-8.174093882685558,-148.0497889314234,560.0767885509442,-6.917206277929342,-147.3359417466431,110.79063573572456,-6.203359093149052,-3.2553012517825404,798.9239395069601,-2.3006532274804785,148.6987880392235,890.5722105568559,7.566205385729463,147.56721495677,539.4406374744024,6.434632303275938,147.53219931030097,89.40562182793329,6.399616656806912,-0.30933691753780446,801.8699038412047,0.6453111067642575
222,2.22,-1.4394442338748628,1700.7359751787865,-0.49411033936928417,-3.038370672400479,1549.1370487402608,-2.0930367778949,-2.4261737867817788,1299.7492456258794,-1.4808398922762,-0.3153824846589597,1401.8600369280023,0.6299514098466189,-0.4534233717326026,1201.7219960409286,0.491910522772976,-4.74110276476538,1097.434316647896,-3.795768870259801,-2.8019939941699383,999.3734254184914,-1.8566600996643596,-202.2749250993434,1503.9577316719688,-1.807980151231627,-350.0178140905185,1394.621515499834,-2.332400720058116,-456.49880154222745,1197.8749070177485,5.737541019391122,-498.5315447788037,1054.3512794487478,6.963273956806265,7.801572077739078,803.4721982550125,2.072994770196728,-0.6023715103209517,801.5730479023404,0.3429623841846269,-0.017467206870426022,802.1579522057908,0.9278666876351526,-2.538375954663515,799.6370434579977,-1.5930420601579365,-1.054305722331058,801.1211136903302,-0.10897182782547932,197.13592513712118,1504.2554458321733,-1.510265991027142,354.92865788503553,1397.8409498313617,4.004345124800924,451.86796252290065,1196.5047686583143,-3.0584803812902166,507.0767749500218,1062.8067280061402,5.518856159306136,1.8329465395784603,798.9013408208474,-1.998065478137232,-0.8153858601230956,801.3600335525382,0.12994803438248304,-1.9251680717773156,800.250251340884,-0.979834177271737,-2.326700878339718,799.8487185343215,-1.3813669838341394,-0.8612402667504787,801.3141791459108,0.08409362775509988,-148.54977266647433,909.976997396816,-7.416750083907608,-148.87964531422367,559.6471247490667,-7.746622731656933,-144.01709544324504,114.5096746200453,-2.8840728606783212,-4.293913792116012,797.8815056205452,-3.348579897610433,145.43738800857614,886.9106179452858,4.304365426009415,147.4533775044345,538.9266074411441,6.3203549218677875,147.72160350454908,89.19483344125874,6.588580921982356,0.7753300647276382,802.9507494773889,1.720663959233217
223,2.23,0.011668954666869125,1702.1826165534662,0.947286654522062,-2.3081817609982043,1549.8627658378011,-1.3725640611430114,-1.5770936915176583,1300.5938539072815,-0.6414759916624656,-2.689340569885439,1399.481607028914,-1.7537228700302459,0.561762014270877,1202.7327096130703,1.4973797141260698,-2.6068913183797333,1099.5640562804194,-1.6712736185245407,-2.3082958432556553,999.8626517555437,-1.3726781434004622,-204.98479500766027,1501.5966060056282,-4.25433927018573,-348.5712592207009,1397.1319623652423,0.01131532427253712,-457.1753768054358,1197.492610376541,5.114160584228261,-497.25901674560606,1055.6375963785504,7.622947375746666,4.429237417186023,799.6948754565171,-0.651723023683673,-1.106379704715236,801.064567894084,-0.17076200486004306,-1.0104381534615867,801.1605094453377,-0.07482045360639389,-0.8232127556879715,801.3477348431113,0.11240494416722135,-0.8071346462468774,801.3638129525524,0.12848305360831547,196.4615028012305,1503.9109991747428,-1.939946101071255,354.78221841785376,1398.7165048105303,4.076846156489918,451.9624358690762,1197.656002147341,-2.638741684222571,505.7648173501774,1061.4342378911417,4.591330656938875,4.905084701522636,802.995169080566,1.9478833240867917,-0.13808150887038573,802.0328660899289,0.7975361909848071,-2.1882750335186483,799.9826725652806,-1.2526573336634554,-3.1351346293055222,799.0358129694938,-2.1995169294503296,-1.0062810542152558,801.1646665445841,-0.0706633543600631,-146.17312314670173,912.7541463251805,-5.01307599205432,-145.98075205542344,562.9465174164588,-4.820704900776039,-147.17329630902796,111.75397316285434,-6.01324915438056,-1.0264960078885705,801.1444515909108,-0.09087830803337782,148.01873046932764,889.0914609974453,6.858683314680238,146.00472041661516,537.0774509447328,4.844673261967752,147.95554003736186,89.02827056547954,6.795492882714454,-0.9942103704682864,801.176737228331,-0.05859267061309359
224,2.24,-3.2338400122386113,1698.9319826929973,-2.3083399994881164,-2.3860214700210545,1549.779801235215,-1.4605214572705594,-1.8056747448755495,1300.3601479603603,-0.8801747321250545,-2.847536765643924,1399.318285939592,-1.9220367528934292,,1200.6577749063715,-0.5825477861138882,0.6106297603215287,1102.7764524655574,1.5361297730720236,0.48918243310815024,1002.655005138344,1.414682445858645,,1502.771382037294,-3.1596914913620164,-349.05715202020576,1397.7203409252982,0.4278857270225489,-457.7310350758388,1197.2055429995028,4.566202995578826,-498.70150423383575,1054.208232604791,5.543210713266529,5.1524137927021245,800.0601077284001,0.7655878728933452,-2.212450637431902,799.9533720678039,-1.2869506246814069,-0.6132096808643253,801.5526130243716,0.3122903318861697,-1.9297811219488616,800.236041583287,-1.0042811091983666,-0.49399612126561565,801.6718265839702,0.43150389148487933,196.4844630106708,1504.2550716729302,-1.6760018557257315,351.6734900776312,1396.6490292103063,1.1921169813931336,444.70160334132163,1191.4607194819027,-9.559427811579177,505.7257971045203,1061.3576501740692,4.962164597762401,2.5816295977401715,801.722083164356,0.5270404297028104,-2.8027650199828145,799.363057685253,-1.8772650072323196,-1.7083298094026296,800.4574928958332,-0.7828297966521346,-3.5699748140784533,798.5958478911574,-2.6444748013279584,-0.4159808283846236,801.7498418768512,0.5095191843658714,-148.42412232470718,910.9036453967244,-7.210492342991627,-146.45966472000157,562.86810300143,-5.246034738286023,-147.6684549713579,111.6593127500737,-6.45482498964236,-0.6061612183461604,801.5596614868897,0.31933879440433455,147.0340863997971,887.7063186783656,5.82045641808156,143.66422047871032,534.3364527572787,2.4505904969947663,,86.36094948367463,4.475087223390673,-1.6545143880007809,800.511308317235,-0.7290143752502859
225,2.25,-2.537819393367636,1699.6222229400464,-1.6228378280857356,2.344767563477186,1554.5048098968912,3.2597491287590863,-1.7863447720699661,1300.373697561344,-0.8713632067880657,-2.6179178164794763,1399.5421245169346,-1.7029362511975756,-0.6616572887885044,1201.4983850446256,0.25332427649339606,0.03499500687339285,1102.1950373402874,0.9499765721552933,,1001.1511724987071,-0.09388826942497552,,1503.5544090781066,-2.4515873658900764,-352.588848054666,1395.2700839505385,-2.1993525442545616,-456.87026328356,1198.309177568558,5.3893351751697605,-494.8806599217817,1058.0450032237738,8.707793139820275,6.249343199940463,800.8454875760285,2.598443781375548,-2.4195553244309016,799.740487008983,-1.504573759149001,-2.4336750198426937,799.7263673135712,-1.5186934545607933,-0.5324555419414987,801.6275867914725,0.38252602334040176,0.2468691719003453,802.4069115053143,1.1618507371822457,195.8595114409168,1503.9419732131034,-2.0640232308932576,354.5986594833049,1400.6316464784327,4.345237258786692,448.87235358006643,1196.702610604903,-5.035161372894307,507.46535934999224,1063.0818024758064,7.134220355103514,,798.8518001804401,-2.491910359451397,-2.811914248637433,799.3481280847765,-1.8969326833555324,-1.3142785444621474,800.8457637889518,-0.399296979180247,-0.1240407378327606,802.0360015955812,0.7909408274491398,-2.2416011734483883,799.9184411599656,-1.3266196081664878,-144.58488581521553,915.1430362461423,-3.291224912986449,-148.4987803544425,561.2291417069154,-7.20511945221341,-147.96877348244104,111.75914857891682,-6.67511258021195,-2.198856013486872,799.961186319927,-1.2838744482049715,147.40919007942898,887.6812680180711,6.1155291771998925,149.21653930954824,539.4886172481904,7.922878407319152,149.73087040239744,90.00294834103958,8.437209500168372,0.11401328631842667,802.2740556197324,1.028994851600327
226,2.26,-0.8651100831381939,1701.28849421652,0.03895316653866876,-2.2637796106312966,1549.889824689027,-1.359716360954434,-1.00678536496455,1301.1468189346936,-0.10272211528768715,-2.476822272117116,1399.676782027541,-1.5727590224402532,-2.6400928023072368,1199.513511497351,-1.7360295526303742,-0.8352616364294252,1101.3183426632288,0.0688016132474375,-2.868641737812916,999.2849625618453,-1.9645784881360533,-201.62329969778023,1505.956868201322,-0.11875041058674185,-349.52704729081944,1399.4172622573044,1.7655853259836087,-457.56151622074594,1197.8351325207257,4.615424917911134,-498.2298145167597,1054.7179481058556,4.688808504258699,3.4895531048316353,797.8194781554319,0.6112593267641084,-4.6498197033179745,797.5037845963402,-3.7457564536411114,-0.501712879024327,801.6518914206339,0.40235037065253565,-3.301702719341672,798.8519015803165,-2.3976394696648096,-3.409518819233104,798.744085480425,-2.5054555695562413,196.01609932147736,1504.4007706335808,-1.6748479783278092,352.8157884444614,1399.9192983674343,2.793139683147137,444.2252367242528,1193.12901881687,-9.316945225425279,506.16758358457264,1061.7895878587901,6.288503588176518,2.266408753107327,803.5711737212781,2.0768758723474563,-1.5885216146360346,800.5650826850222,-0.6844583649591719,-3.16516714289864,798.9884371567596,-2.261103893221777,-1.4383697593861255,800.715234540272,-0.5343065097092627,-2.1874055639067533,799.9661987357514,-1.2833423142298908,-145.22199463455573,914.9053604737448,-3.822048474580212,-148.88541945046777,561.2419356578328,-7.485473290492267,-149.59612461877532,110.53123048952526,,-1.6413850798658978,800.5122192197923,-0.7373218301890351,148.4434188867429,888.3160637784423,7.043472726767388,146.57727274066065,536.4499176323601,5.177326580685142,148.39570009123486,88.26834498293428,6.995753931259343,-0.5705737655668186,801.5830305340913,0.3334894841100441
227,2.27,0.18466411481009426,1702.33117075143,1.077410233494909,0.8829661990601918,1553.02947283568,1.7757123177450065,-2.9884116303426738,1299.158095006277,-2.095665511657859,-0.4104857139604885,1401.7360209226595,0.4822604047243262,-1.1950737799404416,1200.9514328566795,-0.30232766125562693,-2.30636727383769,1099.840139362782,-1.4136211551528755,-0.03452638457627111,1002.1119802520437,0.8582197341085436,-203.5934760076729,1504.3024110110264,-1.8374384469590814,-352.8961001403856,1397.13428939907,-0.7049617718151583,-456.86252018125236,1198.7258661239944,5.187235422715537,-496.49986062072094,1056.479409240884,5.740825303865144,4.694607503064771,798.8021834536916,2.620135814316585,-1.4201822614620452,800.726324375158,-0.5274361427772305,-3.3089424270598027,798.8375642095602,-2.416196308374988,-0.5879763097892865,801.5585303268307,0.3047698088955282,-1.5974404225492431,800.5490662140708,-0.7046943038644284,199.87086232602988,1508.5477271030088,2.4078776450233326,351.4094873458734,1399.5934285955523,1.6192885584688663,447.8068494341606,1197.7833364809949,-5.359770817796952,507.6383625014184,1063.2853475345937,8.227565012926467,0.6582112628653203,803.0651173980457,1.4173391026324418,-3.931804645034477,798.2147019915856,-3.0390585263496623,-2.480779205484377,799.6657274311357,-1.5880330867995627,-1.3109951596748826,800.8355114769452,-0.4182490409900678,-0.41880305533187223,801.7277035812881,0.47394306335294245,-145.0234971470071,915.5021580023977,-3.491288286676057,-147.30487812729348,563.2207770221113,-5.772669266962428,-145.79123226770082,114.734422881704,-4.259023407369759,-3.389164528106946,798.7573421085131,-2.496418409422131,145.09982085654863,884.5741657071438,3.5676119962175727,145.34922064060487,534.8235654912,3.8170117802737957,148.45262991159524,87.92697476219038,6.9204210512641655,1.7338756570490796,803.8803822936691,2.626621775733894
228,2.28,-3.887218829031048,1698.2515287656179,-3.006187443130527,-3.547382103377565,1548.5913654912713,-2.6663507174770444,-0.246221947367109,1301.8925256472817,0.6348094385334119,-3.4192358704409713,1398.719511724208,-2.5382044845404503,0.3468672552381358,1202.485614849887,1.2278986411386565,-2.9701618591957804,1099.168585735453,-2.0891304732952594,-1.6206857289230145,1000.5180618657258,-0.7396543430224937,-202.0704717963043,1506.1318679333535,-0.0667354131851019,-349.4464555471999,1401.6674843245476,3.635263295736996,-455.89003629357677,1199.8649104010651,5.988659505764732,-496.0166064634922,1057.0066396281234,5.543467230240314,4.084050089709301,798.0113140749065,2.838844959659327,-1.196862705280823,800.941884889368,-0.31583131938030196,-3.1077228236888335,799.03102477096,-2.2266914377883125,-0.996744003189137,801.1420035914597,-0.11571261728861615,-2.922954757678996,799.2157928369699,-2.0419233717784753,196.13184888377882,1505.090530904866,-1.1080724416727508,350.88627950787685,1400.1573576578164,1.3290494340037144,447.4266261140994,1198.4718068948914,-5.3558202320417605,502.05800365760007,1057.7474900982097,3.128127924303671,3.756438697038253,807.2706490248818,5.46556870834641,-2.0520450206351377,800.0867025740138,-1.1710136347346167,-2.5744822215767376,799.5642653730721,-1.6934508356762168,-2.881857049511187,799.2568905451377,-2.000825663610666,-3.6647642818894504,798.4739833127594,-2.7837328959889294,-146.86597037829782,914.0564062394803,-5.175880675391467,-148.85926867307072,562.0631079447074,-7.1691789701643795,-150.57524084346517,110.34713577431296,-8.885151140558825,-1.4480414134763993,800.6907061811725,-0.5670100275758785,148.2690307075368,887.3466540897588,6.578941004630473,147.46553441941907,536.543157801641,5.775444716512716,148.85832833316454,87.93595171538641,7.16823863025818,-0.20937234327490906,801.9293752513739,0.6716590426256118
229,2.29,-1.9139880378901304,1700.2163376051979,,-3.1452873810127517,1548.9850382620752,-2.2763669549871923,-1.0106322692169853,1301.119693373871,-0.14171184319142593,-2.5947317817051845,1399.535593861383,-1.7258113556796255,-2.5449460489965428,1199.5853795940916,-1.6760256229709836,-2.547634360629767,1099.5826912824582,-1.6787139346042075,-1.604460643705328,1000.5258649993827,-0.7355402176797685,-203.4768514306023,1505.0222922640405,-1.2295074151208198,-352.4087561909279,1399.7829868907497,1.552352895022425,-459.5083395036084,1196.3883889591175,2.1562375510052174,-497.6328959023493,1055.4496476656193,3.2492482825162172,4.727202645498522,798.5140115131203,4.330670763854948,-1.7325557010630768,800.397769942025,-0.8636352750375175,-1.9235456133055466,800.2067800297825,-1.0546251872799872,-3.922505598649992,798.207820044438,-3.053585172624433,-2.2590955274325477,799.8712301156555,-1.3901751014069885,196.4790997964613,1505.7088755119007,-0.5429241672607164,350.40561010890934,1400.7673023362793,1.0807033645187194,443.1769012585842,1195.2835972145351,-9.214397028496997,505.6571105158693,1061.4043936619703,7.216997800576314,-0.2131821232190595,804.4072225317888,2.440145202637655,-1.2814959454927057,800.8488296975953,-0.41257551946714643,-0.39289047485593387,801.7374351682321,0.47602995116962543,-3.8560655867228153,798.2742600563653,-2.9871451606972563,-4.874890701364026,797.255434941724,-4.005970275338466,-146.70745809067165,914.6095826487049,-4.834310102074711,-148.68645997599953,562.630580763377,-6.813311987402591,-147.10283477797148,114.21420596140504,-5.229686789374531,-0.9385679509155196,801.1917576921725,-0.06964752488996029,146.24089323697996,884.9238524976034,4.367745248383014,147.40091827239885,536.0838775330224,5.527770283801912,147.89545443001307,86.57841369063655,6.022306441416127,-1.4304889671303331,800.6998366759577,-0.5615685411047739
230,2.3,-1.2489014411195645,1700.872338030376,-0.39248666605189564,-2.703504472371153,1549.4177349991244,-1.8470896973034843,-2.153346070790971,1299.9678934007047,-1.2969312957233021,-4.357116260351013,1397.7641232111446,-3.500701485283345,-2.9657628187952816,1199.1554766527004,-2.109348043727613,0.6484146566291868,1102.7696541281248,1.5048294316968556,-3.47760493625684,998.6436345352388,-2.6211901611891713,-204.64327508930415,1504.1426532175203,-2.1567097710345093,-354.746327339458,1398.5142796605714,0.07975785984870054,-454.62757079480906,1201.3866611544909,6.780801623916197,-495.9801225517391,1057.1796495125875,4.232014963601244,3.920177595984704,797.6038896143531,4.385468147624843,-1.458464871526238,800.6627745999693,-0.6020500964585692,-3.075682445811603,799.0455570256839,-2.2192676707439345,0.5857521784964788,802.7069916499921,1.4421669535641475,-2.8052540893044933,799.3159853821911,-1.9488393142368248,196.0213255853344,,-0.7882256143130029,348.6551806640005,1400.1077208653965,-0.43921323465949524,449.2635405405855,1202.4214400111184,-2.7312883032109987,502.66698136515316,1058.484829196883,4.721492260329885,-1.5456020951900544,804.1735479905338,2.0389696878872465,1.003355735825807,803.1245952073214,1.8597705108934757,-3.002541526598686,799.1186979448969,-2.146126751531017,-0.2296773125314031,801.8915621589642,0.6267374625362656,-2.3235239350406336,799.7977155364549,-1.4671091599729649,-148.93739823248094,912.7717381173826,-6.8565353343785125,-146.97339926548239,564.7357370843812,-4.892536367379946,-147.45412140252162,114.25501494734196,-5.373258504419174,-2.4763440753503083,,-1.6199293002826398,148.79064063357978,887.0815042837162,6.709777735477336,146.66281575361458,534.953679403751,4.581952855512149,145.60586031653807,83.89672396667451,3.5249974184356385,-3.434754245163109,798.6864852263325,-2.57833947009544
231,2.31,-1.8388743820900177,1700.2726136086994,-0.9953582516123036,-2.9543237633165296,1549.157164227473,-2.110807632838815,0.7155721916866271,1302.827060182476,1.5590883221643415,-0.17511306102818636,1401.9363749297613,0.6684030694495279,-1.5395563876112006,1200.5719316031784,-0.6960402571334863,-2.6284538298797653,1099.4830341609097,-1.7849376994020512,-3.1708103670014545,998.940677623788,-2.3272942365237403,-204.74956456954095,1504.3127705964926,-2.0284524310194167,-355.11950832811607,1399.1978669686678,0.5539679469620058,-454.3015026567501,1201.8065525995737,6.809705753525331,-494.9499012176312,1058.3073665684612,4.605232750569407,3.3671845442170216,796.9823727477234,4.701017779125463,-3.495405297077939,798.6160826937115,-2.651889166600225,-0.6213824639025638,801.4901055268869,0.22213366657515043,-1.1759324016481647,800.9355555891412,-0.3324162711704505,-0.936684566220198,801.1748034245692,-0.09316843574248379,194.82978835824275,1504.5682582107017,-1.7729648168100525,351.1174319879062,1403.657806643036,2.25057976715806,446.295173624423,1200.4908764060108,-5.299525003587355,503.3268918554503,1059.225270588503,5.8767568475440655,0.29774423045157933,807.1018331555422,4.793514362115408,-1.0817125122420133,801.0297754785474,-0.23819638176429914,-4.319441582783827,797.7920464080056,-3.4759254523061123,-1.6227312406508998,800.4887567501386,-0.7792151101731855,-0.28947986254820846,801.8220081282412,0.5540362679295058,-145.716995277099,916.3811256021784,-3.4043602390668672,-148.65947799371787,563.4386428855595,-6.346842955685748,-143.85072275398807,118.24739812528928,-1.538087715955931,0.8498892082320133,802.9613771990214,1.6934053387097276,147.71250699414205,885.6143861148647,5.399871956109923,147.4334670657975,535.3353461865202,5.12083202776536,147.0022114450026,84.90409056572523,4.689576406970442,-2.557165561937923,799.5543224288515,-1.713649431460209
232,2.32,-5.412571064922787,1696.6884992693933,-4.582344713698718,-2.099231065844904,1550.0018392684713,-1.269004714620835,0.6372410887504949,1302.7383114230665,1.4674674399745635,0.20916218453955526,1402.3102325188556,1.0393885357636239,-2.037376270193155,1200.063694064123,-1.2071499189690862,-1.5452485182476687,,-0.7150221670236001,-2.935028914525442,999.1660414197906,-2.1048025633013734,-206.01113816443095,1503.3168803751446,-3.060434477820304,-353.4007344002794,1401.9582034834098,3.0994417334859716,-456.2683640153514,1199.910525818402,4.505996187406517,-495.5238849548294,1057.8531800462001,3.392128869406405,2.2002313844373815,795.7784309884294,4.402777315279921,-2.138453935556498,799.9626163987596,-1.3082275843324296,-2.4075673540892013,799.6935029802269,-1.5773410028651327,-0.5492368707545128,801.5518334635616,0.28098948046955596,-0.11785414969723895,801.9832161846189,0.7123722015268298,197.0315077669924,1507.0069513729495,0.6296365199847018,,1403.8380612669923,1.5726738650891918,444.0987960980705,1199.315868141804,-7.0937731357322695,505.0221414065437,1061.0079714096219,8.063846620863972,-2.0157236805344194,805.8531689893906,3.3642164863970807,-0.7595402582975022,801.3415300760186,0.07068609292656658,-4.648024808966387,797.4530455253497,-3.817798457742318,-0.3365309745207252,801.7645393597953,0.4936953767033435,-1.3140434161269507,800.7870269181891,-0.483817064902882,-146.7157686600463,915.7676528415918,-4.147980410264088,-146.64570990756212,565.837711594076,-4.077921657779902,-150.03299568567238,112.45042581596581,,-2.953042454727523,799.1480278795885,-2.1228161035034545,146.97122627032635,884.4878047686882,4.403438020544134,145.5529740819899,533.0695525803518,2.98518583220769,144.80893875000905,82.32551724837087,2.241150500226844,-3.8513154316491796,798.2497549026668,-3.021089080425111
233,2.33,-0.9567380470193725,1701.1332478118227,-0.1401905892151757,-2.7715403650647774,1549.3184454937773,-1.9549929072605807,-0.30903002819181746,1301.7809558306503,0.5075174296123793,-2.19898320727821,1399.891002651564,-1.3824357494740132,-0.7346514793768997,1201.3553343794651,0.08189597842729712,-2.838934528275149,1099.251051330567,-2.0223870704709523,-1.6386811512512458,1000.451304707591,-0.8221336934470491,-200.81342075652884,1508.7692250505695,2.361646145565915,-355.01069348403064,1401.3715476531952,,-452.75537959758486,1203.4721360995998,7.643866667076982,-490.9433329850747,1062.5775376731247,7.3560864648313515,-1.1589293575793764,792.4105626322033,1.9058792967680693,-2.6831537516552126,799.406832107187,-1.866606293851016,-3.3293622053439043,798.7606236534983,-2.5128147475397076,0.0258305619859287,802.1158164208282,0.8423780197901255,-0.04785172500892121,802.0421341338333,0.7686957327952756,194.52726527939387,1504.7277065063843,-1.6798723986193627,349.7595355694475,1404.4535928285313,1.3342648082817914,447.0948450150544,1203.3138830435787,-3.6952514013773,500.95022029573107,1057.027164931585,4.475930048403756,-2.746036344734853,806.1612734964192,3.4842300780653366,0.038340709592478595,802.1283265684347,0.8548881673966754,-3.9139432629961064,798.1760425958461,-3.0973958051919093,-2.2872727507558763,799.8027131080863,-1.4707252929516796,-0.42243580479800724,801.6675500540442,0.39411165300618956,-146.52012152193,916.3443149240094,-3.6745498464782274,-145.13586456604318,567.7285718798962,-2.2902928905914024,-148.72273489034495,114.14170155559444,-5.877163214893153,-1.2831581549540567,800.8068277038882,-0.46661069714986,146.48604100623217,883.6216045602928,3.6404693307803866,148.51094922463312,535.6465127786937,5.665377549181344,147.99368872441704,85.12925227847765,5.148117048965245,-2.030966115073825,800.0590197437684,-1.2144186572696283
234,2.34,0.5602483460920096,1702.638482491562,1.3627299782852988,-2.947768569645817,1549.130465575824,-2.1452869374525276,-6.246591336395645,1295.831642809074,-5.444109704202356,-2.1656802277637914,1399.912553917706,-1.363198595570502,-2.3986454694645203,1199.6795886760053,-1.5961638372712308,-0.4545951353954163,1101.6236390100744,0.3478864967978731,-1.6019275900729446,1000.476306555397,-0.7994459578796553,-202.9022889813891,1506.9236089075318,0.4916478267570532,-355.05213232966577,1402.332165575922,3.027337496118145,-457.4534682401,1198.8013280600464,2.5339542365371805,-495.63955888348414,1058.0504833555146,2.0701610634433947,1.0084216433744684,794.5940542978019,4.922405877408117,-0.7212473070914414,801.3569868383785,0.08123432510184803,-3.5340290381898805,798.54420510728,,-0.2661934310137377,801.8120407144562,0.5362882011795517,-3.3765158020725403,798.7017183433974,-2.574034169879251,196.4272361624504,1506.840421903677,0.40846082290221974,349.93347788392407,1405.6869645930624,1.7199958749440358,441.7479407646408,1198.9466465539099,-8.640982573446138,505.1010053742057,1061.2692950167589,9.098522835934766,-1.3504031325895087,808.5628102568355,5.6897516669512695,-3.1657425638865417,798.9124915815834,-2.3632609316932522,0.32355112372821027,802.4017852691982,1.1260327559214995,-2.073982945099244,800.0042512003707,-1.2715013129059551,-4.743197646178705,797.3350364992913,-3.9407160139854156,-144.93454850631463,918.3059879579689,-1.7893864321481194,-147.6898493458448,565.5506871184388,-4.544687271678316,-147.6711609115164,115.56937555276706,-4.525998837349916,-0.44628035098704855,801.6319537944829,0.35620128120624084,148.70195871502693,885.4614222507436,5.556796640860438,145.97171558135864,532.7311791170752,2.826553507192137,147.2131957362456,83.97265927196214,4.068033662079122,-0.3296547906946887,801.7485793547753,0.47282684149860066
235,2.35,-1.553536007464242,1700.5122789930085,-0.7655047897344525,0.009179360491494482,1552.0749943609644,0.797210578221284,0.6398890048584658,1302.7057040053314,1.4279202225882552,-1.0486957807941513,1401.0171192196788,-0.2606645630643617,0.8491307891855739,1202.9149457896585,1.6371620069153634,-2.5366180547381587,1099.5291969457346,-1.7485868370083693,0.5876103610675703,1002.6534253615404,1.3756415787973597,-203.80584214894978,1506.2516275083165,-0.19878529486773489,-352.95202264727953,1405.4101746168624,5.874254313610557,-453.08773978588977,1203.173933299354,6.452835963960926,-492.4392602193865,1061.4463088351845,4.711718424632246,,793.9417669879981,5.062188686640572,-1.6670521418656232,800.3987628586071,-0.8790209241358337,-0.682438644925579,801.3833763555472,0.10559257280421053,-1.9176822590557336,800.148132741417,-1.1296510413259442,-1.913475703846995,800.1523392966258,-1.1254444861172053,194.23131327421882,1504.8447286480305,-1.6056841551537067,347.4072250115056,1404.204311557018,-0.601930963278593,442.16412617735295,1200.3173902144856,-7.826547730582556,503.0428044432259,1059.2990975952332,7.4955713827264745,-4.194389503309749,806.6862577702757,3.6088961724328983,-1.9761526277749757,800.0896623726978,-1.1881214100451862,-1.7042187349924196,800.3615962654803,-0.91618751726263,-0.6585813692875488,801.4072336311852,0.12944984844224072,-1.2552834217332594,800.8105315787395,-0.4672522040034699,-148.48189349279642,915.1291729594693,-5.0162271114933965,-147.37772242389678,566.2333440283691,-3.9120560425937545,-147.86924302307892,115.74182342918687,-4.403576641775884,-1.844462884442571,800.2213521160302,-1.0564316667127813,149.46437654509654,885.8533100928307,5.998710163793523,146.66459453392,533.0535280816542,3.1989281526169835,147.51216544158476,83.901098989319,4.046499060281734,-1.7340352669392705,800.3317797335335,-0.9460040492094809
236,2.36,-3.2843460298412874,1698.768382426214,-2.5111473109035884,0.09800348386985513,1552.1507319399252,0.8712022028075542,-0.5455491661919913,1301.5071792898634,0.22764955274570775,,1402.5267645172228,1.24723478010519,-3.6722010968414764,1198.3805273592138,-2.899002377903777,-1.884077785131514,1100.1686506709239,-1.1108790661938148,-1.160104197993141,1000.8926242580623,-0.3869054790554419,-206.80307254046477,1503.4739977893842,-2.9888932949355747,-356.8629029788633,1402.4502110059307,2.6779379150677447,-453.0326678781314,1203.216491861474,6.027849293359841,-492.80188742931995,1061.3061697430867,3.8250362543943472,0.8203179637898174,794.4983906185931,6.367076267346534,-2.6974059086876965,799.3553225473677,-1.9242071897499975,-5.553800228000984,796.4989282280544,-4.780601509063285,-0.6499467497947893,801.4027817062606,0.12325196914290981,-3.4370397890126427,798.6156886670427,-2.6638410700749438,193.18811965472986,1503.98900353608,-2.4738875482396114,344.10918100470633,1401.9309303341574,-3.70417051956278,440.14886972348773,1199.2288639189646,-9.448076519811979,501.69757325423825,1058.0348563438681,6.584709480232234,-5.315255557480781,806.4886162608278,3.198409506378847,1.9004319378059464,803.9531603938613,2.6736306567436454,-0.9858133196890886,801.0669151363662,-0.2126146007513895,-0.6391648304241055,801.4135636256312,0.13403388851359355,-0.7568901929363258,801.295838263119,0.016308526001373336,-147.8776725964886,916.0976746195723,-4.07154809423264,-144.6613151724194,569.3140320436415,-0.8551906701634322,-148.51277715788768,115.46257005817328,-4.70665265563173,-2.0204021782416297,800.0323262778137,-1.2472034593039307,146.88918296038236,882.9138357443213,3.083058458126386,148.66166299589997,534.686315779839,4.855538493644026,149.4944619668011,85.51911475074012,5.68833746454514,-0.20509904675978374,801.8476294092956,0.5680996721779153
237,2.37,-2.5159187432286148,1699.5230560278044,-1.757931941943062,-0.3222831261192167,1551.7166916449137,0.43570367516633646,1.2633850828872144,1303.30235985392,2.0213718841727677,-1.1333117523363145,1400.9056630186967,-0.37532495105076136,0.1343743056474116,1202.1733490766803,0.8923611069329648,-4.271301073246429,1097.7676736977864,-3.5133142719608754,-5.807576414190352,,-5.049589612904799,-205.6553352242564,1504.8290886210448,-1.6402699624808212,-356.1439911347763,1404.090326551027,4.076554125869453,-453.01996714401287,1203.1983690372156,5.529207561091043,-494.03803853810456,1060.319679583714,2.1028833894090764,-1.5262271468051847,792.2207458349538,4.79124784602859,-1.9861542005346442,800.0528205704983,-1.228167399249091,-3.2627861677834904,798.7761886032495,-2.504799366497937,-4.461292557474218,797.5776822135588,-3.7033057561886644,-3.495570215675227,798.5434045553577,,195.07926120241896,1506.0546220664583,-0.4147365170673376,347.0197605617647,1405.8441876635468,-0.6073312058017408,445.91505664516586,1205.8913357458214,-3.2942496330268822,498.86778295347654,1055.275310027277,4.164165716166603,-1.008228307365031,811.6691791598753,8.1574450759687,-1.8649112072589533,800.174063563774,-1.1069244059734002,-0.9414962830001965,801.0974784880327,-0.18350948171464332,-0.5498794396532591,801.4890953313796,0.20810736163229404,-3.7724240075982176,798.2665507634347,-3.0144372063126643,-147.32308773542252,917.009589644625,-3.1575754038543753,-149.5944957938018,564.7381815862457,-5.4289834622336475,-147.93457598183903,116.39810139820842,-3.7690636502708776,-3.8895270993566835,798.1494476716763,-3.13154029807113,146.11358426906367,881.7809068890163,1.948071937495532,149.61903256525113,535.2863551852037,5.453520233682978,147.12760305990108,82.79492567985365,2.9620907283329387,-1.2398672735236702,800.7991074975092,-0.48188047223811703
238,2.38,0.9007212304675507,1702.9252756619007,1.643119521349555,-0.9681499376393466,1551.056404493794,-0.22575164675734227,0.1020485165844689,1302.1266029480178,0.8444468074664733,-2.8004612847285104,1399.2240931467047,-2.058062993846506,-2.9014222134779937,1199.1231322179551,-2.1590239225959893,-4.1742007253232485,1097.85035370611,-3.431802434441244,-1.3601853892083031,1000.664369042225,-0.6177870983262987,-206.56361082114685,1504.115658398794,-2.3541252612664385,-354.49946473396665,1406.6237168958273,6.36343760617355,-451.97981620552696,1204.1905260983224,6.0287692695220665,-495.2988304583683,1059.3355310351144,0.3971259128620268,-1.3835554803349333,792.4424503816836,5.6658906436241425,-3.3134353845973026,798.711119046836,-2.571037093715298,0.3502088049274463,802.3747632363606,1.0926070958094507,-1.163499007559777,800.8610554238734,-0.4211007166777726,-2.746745432423952,799.2778089990093,-2.0043471415419476,192.7850243236276,1503.9216563811763,-2.548127278884265,346.4630461194726,1406.2651876050568,-0.9883131016542093,443.3542275079748,1204.1938388268227,-5.475054036728372,499.43097351680905,1055.8942466739431,5.107356765988698,-3.1639282179130386,810.3321483435632,6.590183225640334,-0.07950224784252802,801.9450521835906,0.6628960430394764,-1.6698724934273583,800.3546819380058,-0.927474202545354,-2.1969502506698833,799.8276041807633,-1.4545519597878787,-0.4610619851960216,801.5634924462372,0.2813363056859828,-149.349511790402,915.3328236378005,-4.806766802948601,-146.15950588944284,568.5228295387597,-1.6167609019894278,-149.83570277551854,114.84663265268391,-5.292957788065152,0.28186387255858625,802.3064183039918,1.0242621634405906,148.98767524663177,884.3053398184293,4.4449302591783795,150.32502053428345,535.642685106081,5.782275546830049,147.56817394405581,82.88583851585337,3.0254289566024264,-2.3587868056468535,799.6657676257863,-1.616388514764849
239,2.39,-0.3965018164950116,1701.6129663345232,0.32993435761293677,-1.622331029116521,1550.3871371219016,-0.8958948550085727,0.6060683884600786,1302.6155365394782,1.332504562568027,-4.18967948576551,1397.8197886652526,-3.463243311657562,-4.455419729661885,1197.5540484213564,-3.728983555553936,-1.74993583780359,1100.2595323132145,-1.0234996636956417,-3.936470162037149,998.072997988981,-3.2100339879292004,-205.02472392210268,1505.8366369633063,-0.6275034569711072,-356.59259474754833,1405.3845963915267,4.872967502603725,-450.57994994299935,1205.5264215658817,6.860937722877106,-495.1904187983049,1059.7469727143814,0.10418843122038335,-1.8777950494605709,792.0336560473877,5.858946697024639,-2.253708318047579,799.7557598329705,-1.5272721439396304,-2.2779906238011405,799.731477527217,-1.551554449693192,0.8372818837575886,802.8467500347757,1.563718057865537,-1.2464990913996177,800.7629690596185,-0.5200629172916694,195.16424534698254,1506.4487449512503,-0.015395469027061681,347.4229751522774,1408.1749686997603,0.13588401312424114,443.5152249927512,1205.182826042752,-4.943130159143611,498.6003785522119,1055.1011695839957,4.623551582900702,-4.829642507034403,809.4254002828341,5.44460074360736,-0.3158388120261886,801.693629338992,0.4105973620817598,-1.8736175727628117,800.1358505782554,-1.1471813986548633,-0.8396247713095477,801.1698433797086,-0.11318859720159935,-1.9287239725445389,800.0807441784737,-1.2022877984365903,-148.3691262626692,916.6544556092608,-3.4324460116830333,-146.48144163388523,568.5421402380448,-1.5447613828990505,-147.55193871226152,117.47164315966846,-2.6152584612753653,-2.016285430287243,799.9931827207309,-1.289849256179295,145.9149316177034,880.8913497457734,0.9782513667172235,149.6714253884538,534.6478435165238,4.734745137467631,148.12068797469877,83.09710610276876,3.184007723712598,-1.6300078950309036,800.3794602559873,-0.9035717209229552
240,2.4,-0.8080771237351456,1701.1856397479921,-0.0979735265499575,-2.5136630873105026,1549.480053784417,-1.8035594901253145,-0.450134776041071,1301.5435820956864,0.2599688211441171,-3.440806445306871,1398.5529104264206,-2.730702848121683,-1.4113043167883386,1200.582412554939,-0.7012007196031503,-3.7558527841082823,1098.237864087619,-3.045749186923094,-3.2170734382289443,998.7766434334984,-2.506969841043756,-206.71509078985198,1504.315378216875,-2.137030542390524,-359.74978321025543,1403.0441683885683,2.2765384186163993,-453.60183829079597,1202.4258257629554,3.246473777984064,-494.9049245228216,1060.360883106802,0.03411229172965813,-3.5806067591937794,790.4190470452437,4.7931200058205725,-0.8940866087892125,801.0996302629381,-0.18398301160402442,-0.6934372617326845,801.3002796099946,0.016666335452503622,-2.811183249537284,799.18253362219,-2.101079652352096,-0.9897444870431715,801.0039723846842,-0.2796408898579834,192.4963188100703,1503.915101113634,-2.5373076456315387,346.2513368828957,1407.9225102652026,-0.88383815264879,442.67753449682834,1205.1355180883634,-5.420425489132837,496.73451120109763,1053.2509245141744,3.0674958521378457,-4.799346111000203,810.1505018664342,5.922489166105879,-3.9852876228931735,798.0084292488342,-3.2751840257079854,-0.20132740658442838,801.792389465143,0.5087761906007597,-0.10446785309656148,801.8892490186308,0.6056357440886266,2.838888001097363,804.8326048728247,3.548991598282551,-147.49721952742212,917.8584420090132,-2.1510973289098345,-146.9551682343619,568.4004933020734,-1.609046035849614,-151.71887225623894,113.6367892801964,-6.372750057726656,-0.9620689139094023,801.031647957818,-0.2519653167242142,146.27837558674813,880.9227140503128,0.9322533882358321,147.75053596741992,532.3948744309846,2.4044137689076166,145.47665586900214,80.12099433256678,0.13053367048984077,-1.0599720147289955,800.9337448569984,-0.34986841754380726
241,2.41,-1.239541395966632,1700.7377603680739,-0.5461375302850274,-3.203896528400834,1548.7734052356398,-2.5104926627192294,0.24887952670007207,1302.2261812907407,0.9422833923816767,-1.6643310957994986,1400.3129706682412,-0.970927230117894,-2.1560722502890215,1199.8212295137516,-1.4626683846074169,1.3834696877335575,1103.360771451774,2.076873553415162,-2.992414478857691,998.9848872851828,-2.2990106131760863,-206.4300535369719,1504.7563262433875,-1.6782481535223157,-356.89434258652625,1406.676853433742,5.648789184424835,-448.82795297302096,1207.107547273631,7.405220335521718,-496.94864377545633,1058.6695653579109,-2.3176654767413174,-4.743334814086586,789.3437293635199,4.211773498183341,-3.772602581550579,798.2046991824899,-3.079198715868974,-1.13291128993017,800.8443904741102,-0.43950742424856537,-0.40097998965214887,801.5763217743884,0.29242387602945574,-0.7928160115230897,801.1844857525174,-0.09941214584148506,193.74393422762128,1505.2832500683523,-1.151324328557422,344.3863720700888,1406.9433414569723,-2.6100723464238285,442.8172749231982,1206.025901259368,-4.932198231154369,499.6812403217696,1056.1878168361657,6.283525531515699,-4.3535824362713615,811.2228634645667,6.739609425241475,-1.308441355759296,800.6688604082811,-0.6150374900776915,-1.5551663997992362,800.4221353642412,-0.8617625341176316,-1.9313182887904976,800.04598347525,-1.237914423108893,-5.0400143746133,796.9372873894272,-4.346610508931695,-148.88065152212226,916.7971544351258,-3.1108265069648384,-146.45489783896406,569.222908118284,-0.685072823806645,-148.43117364887888,117.24663230836909,-2.6613486337214773,-0.7650795394779848,801.2122222245624,-0.07167567379638018,146.79846920177116,881.1206632445231,1.0286441866137441,146.08097001141232,530.4031640541642,0.31114499625489866,147.99342413142,82.31561817417202,2.223599116262588,-1.5653251735727722,800.4119765904677,-0.8719213078911676
242,2.42,-2.7712788088147033,1699.1889454184459,-2.094938364861816,-1.2350795853792138,1550.7251446418813,-0.5587391414263261,1.2116124705734148,1303.171836697834,1.8879529145263025,-2.7625644253294364,1399.197659801931,-2.0862239813765484,-3.4439871923827914,1198.5162370348778,-2.7676467484299034,-4.871857808696619,1097.088366418564,-4.195517364743731,-2.7745806257966974,999.1856436014637,-2.09824018184381,-206.86912917211538,1504.4597665397632,-1.9508623685516535,-359.6792767579336,1404.6275153797394,3.3348294294443352,-450.3794240849091,1205.4517694333379,5.21843670058754,-495.96814787269926,1060.024655886638,-1.5964194566054999,-2.914503344516064,791.2557726370948,6.561477332847906,-1.8713080447965833,800.0889161824638,-1.1949676008436956,-2.0658845940589132,799.8943396332015,-1.3895441501060255,0.8799026376172885,802.8401268648777,1.5562430815701762,-0.8910355288215321,801.0691886984389,-0.21469508486864441,192.0179514276532,1503.6639044219846,-2.7467244863303337,343.54906056915354,1406.9558377590247,-3.3226141740044923,441.83607402109476,1205.7536093010929,-5.5781366743919385,496.90904756804946,1053.3769088963877,3.7368597374410966,-3.925243638330509,812.2059892070042,7.45994279802062,-1.5594519322204063,800.40077229504,-0.8831114882675186,0.3190730783668767,802.2792973056273,0.9954135223197644,-2.549805686189325,799.4104185410711,-1.8734652422364375,0.2740984109838813,802.2343226382443,0.950438854936769,-146.5912548631012,919.3979810149091,-0.384757886429548,-148.13387652875693,567.8553593492533,-1.9273795520852879,-149.4552740190902,116.53396185892,-3.248777042418576,-2.7220208785548747,799.2382033487055,-2.045680434601987,147.93156325313672,881.9423273751265,1.7250662764650928,150.6623223560992,534.673086478089,4.455825379427557,144.82604660926557,78.83681073125537,-1.3804503674060582,-1.553546797250374,800.4066774300101,-0.8772063532974862
243,2.43,-2.0852105069087643,1699.8572753828075,-1.4262935523879219,-3.5447993247453082,1548.397686564971,-2.885882370224466,-1.4595216283578027,1300.4829642613586,-0.8006046738369604,-1.4919021769389738,1400.4505837127774,-0.8329852224181313,-4.306419073498008,1197.6360668162183,-3.6475021189771653,-2.984616683921268,1098.957869205795,-2.3256997294004256,-3.8470778239855665,,-3.188160869464724,-205.96196528838212,1505.4958705844863,-0.8846991640720394,-356.0755926234017,1408.9231563912854,7.3619349376617995,-447.6763798316144,1208.0397035697001,7.268449536387082,-496.9287296386593,1059.4586905848776,-2.7665855173116496,-2.420603675949335,791.8254597567256,7.511263726183057,-2.90925610659249,799.0332297831239,-2.2503391520716476,-4.272719610250035,797.6697662794664,-3.6138026557291925,-0.7505434314514969,801.191942458265,-0.09162647693065451,-3.0561301964612597,798.8863556932553,-2.3972132419404173,198.3531872640818,1510.0917510857366,3.7111813371782665,344.87572112981576,1409.0938293356369,-1.8858585125154692,441.9203551247768,1206.5032161435947,-5.17306744968101,496.749329134287,1053.1463609690393,3.755936404487136,-6.744283730447725,809.866790915041,4.8510045854059305,-1.2894155541644596,800.653070335552,-0.6304985996436171,-0.8531088179903122,801.0893770717262,-0.19419186346946982,0.2297676690500372,802.1722535587666,0.8886846235708796,-2.3755908807142223,799.5668950090022,-1.7166739261933799,-150.9890489680303,915.3001148721719,-4.334244381772592,-149.5970563687037,566.6921074714985,-2.942251782446003,-147.19823021116983,119.0909336290324,-0.5434256249121483,-2.080646642361934,799.8618392473545,-1.4217296878410917,146.7181642914816,880.4290004512794,0.06335970522393497,150.77870610866222,534.48954226846,4.123901522404566,147.84437978246115,81.55521594225894,1.1895751962034937,-2.937928897305171,799.0045569924113,-2.2790119427843285
244,2.44,-1.9053844624537888,1700.0187041464326,-1.264247285065415,-3.2793817526991047,1548.6447068561872,-2.6382445753107313,-4.146846175053209,1297.7772424338332,-3.505708997664836,-2.617886383290366,1399.306202225596,-1.9767492059019922,-1.8010415398432,1200.1230470690432,-1.1599043624548264,-1.7634490580346893,1100.1606395508518,-1.1223118806463157,-1.4832773537575834,1000.4408112551287,-0.8421401763692098,-205.57217516169342,1506.0008609750273,-0.34353929670706274,-359.63883114092044,1406.0063919965714,4.17302293133355,-447.6729868494704,1207.9185416001073,6.6036030223110815,-492.9752661553659,1063.8242584254497,1.0273770340008774,-5.278644033033437,789.0327720801025,5.040116147076453,-3.785872850972516,798.1382157579138,-3.144735673584142,-3.777305492022736,798.1467831168635,-3.1361683146343626,-0.25039027122303126,801.6736983376633,0.39074690616534236,-0.014361830106731421,801.9097267787796,0.6267753472816422,191.59574834288318,1503.4127841649477,-2.9316161067867417,339.01874652782186,1404.0073443108668,-7.648060855239831,441.50388439675,1206.706788609433,-5.284403587139414,496.34866646251766,1052.639739727792,3.4847146851076047,-5.23637438071221,811.7769556014281,6.485210430768805,-2.919669078622605,799.0044195302637,-2.2785319012342313,-2.7151947691575566,799.2088938397287,-2.0740575917691833,-2.7701689592629757,799.1539196496233,-2.129031781874602,-4.21422793059608,797.7098606782902,-3.5730907532077065,-147.21146948159594,919.3653273734664,-0.09809262911219374,-147.2537664051151,569.3230304499473,-0.14038955263135522,-146.262659735996,120.31413711906636,0.8507171164877505,0.2132231671792406,802.1373117760655,0.8543603445676142,145.98742647787358,879.4106296228113,-1.1259503746101596,147.88766211191572,531.3108652568534,,150.1784099220352,83.60161306697285,3.0650330695514483,-2.4379647567993388,799.486123852087,-1.7968275794109654
245,2.45,-0.9676500621888778,1700.9373844092493,-0.3446450128976649,-0.06264165197832927,1551.84239281946,0.5603633973128836,,1299.65183158513,-1.630197837017044,-3.3792311832271613,1398.5258032882111,-2.7562261339359484,-0.32825619884981694,1201.5767782725884,0.294748850441396,-2.33971094297922,1099.565323528459,-1.7167058936880075,-3.9082149639219823,997.9968195075163,-3.2852099146307694,,1505.6062371275514,-0.6958926167123827,-354.13582244953386,1412.1087015245748,9.999902620716895,-448.728946991804,1206.7299521353411,4.866752371356139,-494.39988177826984,1062.826358491059,-0.5066730745676598,-5.038427675653546,789.3251439217593,5.594726541962479,1.005928862647924,802.9109633340863,1.6289339119391368,-3.806091033542236,798.0989434378961,-3.183085984251023,-4.146220215863271,797.7588142555751,-3.523215166572058,-0.5870914823279307,801.3179429891104,0.035913566963282184,194.05957657615235,1505.9408506541654,-0.36127909009830483,343.02179070830397,1408.7378036246675,-3.5661469264185817,440.29226494494674,1206.0683854455938,-6.207646022780706,495.7692743459966,1051.9165023123055,2.9831522115318267,-6.669570466727279,810.6662992735355,5.093228014015806,-3.4673908041537826,798.4376436672845,-2.8443857548625697,-2.537712572090448,799.3673218993479,-1.9147075227992352,-0.8477967906138284,801.0572376808245,-0.22479174132261548,-2.5824442516330315,799.3225902198053,-1.9594392023418188,-148.08117080465115,918.7701683429366,-0.5003611107651164,-147.3736856993058,569.4776534482819,0.20712399458021902,-149.5695272700007,117.28181187758695,-1.9887175761146598,-3.467808034896211,798.4372264365421,-2.844802985604998,147.36978272536948,880.5184435777818,-0.2110269685165609,150.454732573612,533.6033934260244,2.8739228797259644,149.74384885425175,82.89250970666413,2.1630391603657273,1.595679657946423,803.5007141293847,2.218684707237636
246,2.46,0.46849232093125037,1702.353818114124,1.073016983817782,1.056087542114026,,1.6606122050005576,-1.2099676213939494,,-0.6054429585074178,-3.5604334676487115,1398.324892325544,-2.9559088047621795,-0.9174557808394381,1200.9678700123532,-0.3129311179529064,-3.451104205464983,1098.4342215877277,-2.8465795425784517,-1.2598846095943341,1000.6254411835984,-0.6553599467078025,-203.50959783419358,1508.2520479060045,1.9982745535637936,-356.5406785585782,1410.2544404226646,7.86728751179627,-447.65297761029814,1207.666593089703,5.251773713484066,-494.5235836970964,1063.1407879723638,-0.6901863497303271,-3.7961277971465934,790.6039176871539,7.075951947171214,0.08577500652803538,801.9711007997207,0.6902996694145671,-1.0718099280186395,800.813515865174,-0.4672852651321078,-3.1972721426273707,798.6880536505653,-2.592747479740839,-2.413921259990422,799.4714045332023,-1.8093965971038901,195.73644324583424,1507.667644619382,1.4138712669413753,343.76567367039445,1410.1639331678289,-2.7598048515141436,441.0325981608576,1207.3337230106356,-5.196718223500363,496.4752434550457,1052.438272673051,3.71347395353988,-6.264452835514232,811.3126394306946,5.453846519197682,-2.5089010205003817,799.3764247726923,-1.9043763576138497,-2.8860832301505237,798.9992425630421,-2.2815585672639918,-1.8825194862488965,800.0028063069437,-1.277994823362365,-1.3786671584629058,800.5066586347298,-0.774142495576374,-150.10717321984032,917.0048217423258,-2.051502764421331,-147.59595948626549,569.5160354759006,0.4597109691534871,-147.16784144479328,119.94415351737274,0.8878290106257016,1.3969910916667803,803.2823168848595,2.0015157545533118,150.21764200836435,883.1056470461983,2.1619715529453734,148.7556636476093,531.6436686854432,0.6999931921903374,148.36169987282432,81.2497049106583,0.3060294174053311,0.047813715166209025,801.9331395083589,0.6523383780527408
247,2.47,-0.11961558500646285,1701.7453495339955,0.4660846808721,-1.2071800829464336,1550.6577850360557,-0.6214798170678708,-1.6847914136388182,1300.1801737053634,-1.0990911477602554,0.5464089738636895,1402.4113740928658,1.1321092397422523,-1.7120628169372565,1200.1529023020648,-1.1263625510586937,-3.234014549439057,1098.630950569563,-2.6483142835604943,1.5583338253962895,1003.4232989443983,2.144034091274852,-204.6447805119841,1507.1900321442984,0.9906799400959114,-360.05381756134165,1407.2418204807896,4.5737754963032575,-447.0262362132176,1208.1486799476743,5.180129501600961,-495.23241091280966,1062.8780200602673,-1.4100595366551216,-3.9343247511380217,790.4843338039485,7.098804640157239,-2.6942177756693972,799.1707473433327,-2.1085175097908344,-0.7927519299756971,801.0722131890263,-0.20705166409713427,0.34748010908895055,802.212445228091,0.9331803749675134,-2.359502298272017,799.50546282073,-1.773802032393454,195.56119236034684,1507.5279506504992,1.3285984462967424,341.8833659622982,1408.9167550393647,-4.596498027455347,441.44542405222285,1208.2221193768717,-4.532022171733937,494.37291114652965,1050.1092437319744,1.5805662639259244,-5.758320823386125,811.9776135747334,5.829791207257128,-1.943815285822459,799.9211498331796,-1.3581150199438963,0.029199242729918362,801.894164361732,0.6148995086084812,-4.559471214922995,797.3054939040791,-3.9737709490444324,-0.24092278584859006,801.6240423331535,0.34477748002997277,-150.82446890858782,916.5335025105104,-2.287966387069529,-149.37110293276396,567.9868684863343,-0.834600411245677,,117.44594094190983,-1.3755279556701479,-2.9144319681105655,798.9505331508915,-2.3287317022320027,147.53053994805268,880.1725685289545,-1.0059625734656183,151.6897713815104,534.3317999624122,3.1532688599921257,149.49905338357854,82.14108196448028,0.962550862060251,-4.007884135410729,797.8570809835913,-3.422183869532166
248,2.48,-3.9277975844471213,1697.9161576381039,-3.3612613243657004,-0.13903532231109406,1551.70491990024,0.4275009377703267,-3.6685639999922,1298.1753912225588,-3.1020277399107794,-0.4652394269775959,1401.3787157955735,0.10129683310382487,-1.0804496909264578,1200.7635055316246,-0.513913430845037,-3.2847021670019183,1098.559253055549,-2.7181659069204978,-3.792759639154156,998.051195583397,-3.226223379072735,-207.08014397470944,1504.8136111726712,-1.3252821524376657,-358.91107213927694,1408.8338051817107,5.882743941975505,-444.05921317181713,1210.9670860469002,7.443965807092514,-496.3127990869719,1062.2478690414348,-2.453984964429861,-5.213925451317792,789.2036353522217,5.900555736497579,-2.233374695846514,799.6105805267046,-1.6668384357650932,-3.11694291931024,798.7270123032408,-2.550406659228819,-0.35819582221760804,801.4857594003334,0.20834043786381273,-2.7850334265479617,799.0589217960031,-2.2184971664665407,195.2772702740242,1507.2651735538293,1.1262802287203977,341.2406503712701,1408.8602554870074,-5.210801120825838,441.1687333875418,1208.3705096532576,-4.576422905905855,496.5034199515957,1051.968764451476,3.62455526210785,-5.974506394817128,811.837371784821,5.398411163406324,-0.021244379352586495,801.8227108431985,0.5452918807288343,-2.4062974801713897,799.4376577423797,-1.8397612200899687,-0.1058299495351902,801.738125273016,0.46070631054623057,0.7842253814452027,802.6281806039963,1.3507616415266235,-152.74442422517077,914.8440571858453,-3.7225942149709645,-150.69829206972707,566.8901893412889,-1.6764620595272763,-151.07319008400071,116.51529132701526,-2.0513600738009217,-3.567997235713828,798.2759579868373,-3.0014609756324075,149.11359578237582,881.5251143713599,0.09176577217603243,148.85170330570142,531.2632218946854,-0.17012670449838563,148.01151594861147,80.4230345375955,-1.0103140615883208,-5.349174487012602,796.4947807355385,-4.782638226931182
249,2.49,-1.4636877809338829,1700.3586113251415,-0.916650580514593,-2.168452710451431,1549.653846395624,-1.621415510032141,-4.246281672077924,1297.5760174339975,-3.699244471658634,0.7960966934564819,1402.618395799532,,-1.8405014328522413,1199.9817976732231,-1.2934642324329515,-2.22976277651555,1099.5925363295598,-1.6827255760962605,-2.2264456907942893,999.5958534152812,-1.6794084903749993,,1506.4854478843595,0.4130182358351246,-357.8575341555394,1410.2842683663025,7.048507971018461,-447.66644590107336,1207.2086214820954,3.1313881171379805,-494.85032653729763,1064.160777060001,-0.9091776896012811,-5.127077053094786,789.2681750595392,5.9878399103433795,-4.833048948090556,796.989250157985,-4.2860117476712665,-1.9178379784108057,799.9044611276647,-1.370800777991516,-1.055648639003583,800.7666504670719,-0.5086114385842934,-3.7374451355516722,798.0848539705239,-3.1904079351323826,193.52658406470343,1505.521196779862,-0.5512328686622218,342.0374697537467,1410.1927384541752,-4.403050259786053,438.7896364674691,1206.365117334685,-6.743576813396864,493.7956373342851,1048.9442851265026,0.7737429320228987,-4.773325375951081,813.0316278282653,6.300724714789358,0.9262859953029543,802.7485851013785,1.4733231957222441,-2.9973894294849046,798.8249096765907,-2.450352229065615,-5.936460678606508,795.885838427469,-5.389423478187218,0.33315939877105816,802.1554585048466,0.880196599190348,-151.00439096003282,916.7983555679624,-1.4942284276993525,-149.52458506024465,568.2781614677506,-0.014422527911184757,-147.19277299313364,120.6099735348616,2.317389539199828,-1.6012167032526539,800.2210824028228,-1.0541795028333643,152.73167613496042,884.9289296069652,3.2215136026269455,152.77960537273484,534.9768588447396,3.269442840401357,149.8081133366878,82.00536680869254,0.29795080435432203,-1.6853916021123725,800.1369075039631,-1.1383544016930827
250,2.5,-0.6948549822481542,1701.1051450177517,-0.16764718838393966,-3.8065112791315263,1547.9934887208685,-3.2793034852673117,-2.9117440029522434,1298.8882559970477,-2.3845362090880293,-0.9900736488673455,1400.8099263511326,-0.46286585500313093,-3.9445863645455566,1197.8554136354544,-3.417378570681342,1.1278936342761359,1102.9278936342762,1.6551014281403504,-5.585186043768704,996.2148139562313,-5.05797824990449,,1504.949008346905,-1.0509916530949466,-357.8239460658053,1410.6616054759902,7.139931188266725,-446.1160206837807,1208.6065244910953,3.9769495030917215,-498.46184874577443,1060.9957148896779,-4.394488015229694,-5.086597469996775,789.2640019137384,5.947238509447294,-4.18873080846738,797.6112691915326,-3.6615230146031648,-1.7878279522916831,800.0121720477083,-1.2606201584274686,-2.1969174033520176,799.6030825966479,-1.6697096094878032,-0.8009627166825921,800.9990372833174,-0.27375492281837754,196.03975250272694,1508.0266334195055,2.026633419505502,343.43386156590554,1412.0727652737814,-3.013406869075709,439.0276935933377,1206.924786740823,-6.314598615961161,494.40751891945285,1049.192742847276,1.1859829461385405,-5.006071283144992,812.7096632917488,5.687417032438012,0.29489676933476705,802.0948967693348,0.8221045631989816,-1.3203329383097697,800.4796670616902,-0.7931251444455552,-4.776192100136413,797.0238078998636,-4.248984306272199,-3.2480730310567414,798.5519269689432,-2.720865237192527,-148.4292350174955,919.5707649825044,1.5707649825044923,-148.58665497364825,569.4133450263517,1.4133450263517509,-149.21883533289898,118.78116466710101,0.7811646671010073,1.5125223965098065,803.3125223965098,2.039730190374021,149.92623880495935,881.9262388049593,-0.07376119504063201,151.17918082139738,533.1791808213974,1.1791808213973722,154.39548042823876,86.39548042823877,4.395480428238769,-0.4597906583610145,801.340209341639,0.06741713550320005
251,2.51,-0.871389739068503,1700.905671623427,-0.36433684075678596,-0.88142280635758,1550.895638556138,-0.3743699080458629,-0.5880709003092295,1301.1889904621862,-0.08101800199751241,-2.4446673472077145,1399.3323940152877,-1.9376144488959977,-3.931021212120621,1197.8460401503748,-3.4239683138089037,-1.6827742894481414,1100.0942870730473,-1.1757213911364244,-2.251083173740656,999.5259781887547,-1.7440302754289387,-206.5801980741503,1505.4043534697732,-0.5172956060910223,-358.311851920829,1410.4635845901557,6.65527607678862,,1207.2167782360123,2.037964081391387,-497.9118425040918,1061.983875278474,-3.676720747775058,-4.90218126552678,789.3806686910405,5.969082387045258,-3.4917228448326814,798.2853385176627,-2.984669946520964,-1.682387536745318,800.0946738257501,-1.175334638433601,-1.3727486629798467,800.4043126995156,-0.8656957646681295,-0.5665875578264308,801.2104738046689,-0.059534659514713706,195.40240584098834,1507.3671259983976,1.4454769225332837,341.93464614874296,1411.0038475451217,-4.53716810216066,442.74365532302073,1210.909724629897,-2.429318965898109,492.30042885628256,1046.6749005771842,-1.176990272991864,-7.808060969009732,809.7372755331428,2.4257807525266957,-0.5094024181126897,801.2676589443827,-0.0023495198009726437,-1.9454308938442109,799.8316304686512,-1.4383779955324938,-1.0086851150644485,800.7683762474309,-0.5016322167527315,-0.10443319588628097,801.6726281666091,0.4026197024254361,,917.9069894971651,,-148.651843873798,569.527645771373,1.8379935938685545,-150.1817137746732,117.99777587049789,0.30812369299332787,-4.666129137673764,797.1109322248216,-4.159076239362046,150.70216804318233,882.5226783980113,0.21233057551578421,152.8846888256169,534.7051991804459,2.3948513579503743,152.95707353914582,84.77758389397472,2.4672360714792916,-2.579592990418767,799.1974683720766,-2.07254009210705
252,2.52,-2.7425716958341897,1699.010915183121,-2.255994174439669,-0.9447870658479649,1550.808699813107,-0.4582095444534444,0.5717886054813934,1302.3252754844364,1.058366126875914,0.18629033298184638,1401.9397772119369,0.6728678543763669,-2.103473844230079,1199.650013034725,-1.6168963228355584,-0.024370316671774805,1101.7291165622833,0.4622072047227457,-0.834645321805835,1000.9188415571492,-0.34806780041131447,-205.27904472235608,1506.7069561754836,0.8695287594533697,-357.0376156580836,1411.9733295557553,7.878186358571449,-444.334972365815,1210.0838007873112,4.360193583718474,-497.49451539301515,1062.8266028355085,-3.052717150176222,-7.6069424418058365,,3.0209128325582855,-1.8490985135230542,799.9043883654319,-1.3625209921285337,-2.9417010199343085,798.8117858590207,-2.455123498539788,0.8084990867361481,802.5619859656912,1.2950766081306686,-3.187799743571958,798.5656871353831,-2.701222222177438,194.37844915379384,1506.3066097970604,0.4691823810300241,340.12543528821,1409.570459698645,-6.3887573566388,440.76816937720304,1209.150207847962,-4.2575757967332155,495.7287717071631,1049.6449940450645,1.9400750146504797,-7.342423021766361,809.9529785781826,2.3559087812364,-3.3052314442024455,798.4482554347526,-2.8186539228079246,-1.3568682818903148,800.3966185970647,-0.8702907604957943,-1.0081142527358877,800.7453726262191,-0.5215367313413671,-1.21179361507175,800.5416932638833,-0.7252160936772296,-148.63152838010515,919.7089524322967,2.346641609695054,-151.0205138913048,567.319966921097,-0.04234390150460099,-149.34523348804495,118.99524732435687,1.632936501755264,-2.010244628487599,799.7432422504675,-1.5236671070930785,148.9569396733156,880.6164588609138,-2.0212303164846204,149.68030379621808,531.3398229838162,-1.2978661935821099,150.4549328957188,82.114452083317,-0.5232370940813991,-0.2662329584561538,801.4872539204989,0.22034456293836668
253,2.53,2.5740410334563877,1704.3033214948466,3.0398278526910456,-1.6896199593757888,1550.0396605020144,-1.2238331401411306,-0.4222713695296032,1301.3070090918607,0.04351544970505494,-1.8467247922388068,1399.8825556691515,-1.3809379730041487,-2.038102719745267,,-1.5723159005106087,-1.0366582714539425,1100.6926221899364,-0.5708714522192844,-0.7161639431602544,1001.0131165182299,-0.2503771239255963,-205.00117062735114,1506.9718467734945,1.2244554024596623,-359.0056187329094,1410.1861231556145,5.804489267644577,-445.01858957250215,1209.2514090991478,2.988807834036864,-501.1524665683245,1059.576774135532,-6.46798584706067,-3.1018241209120703,790.9751820068376,7.20307054977583,-1.9692050578870288,799.7600754035033,-1.5034182386523707,0.6599606073602553,802.3892410687505,1.1257474265949134,-1.949976347859297,799.779304113531,-1.484189528624639,-3.6449108568041213,798.0843696045861,-3.1791240375694634,194.45699245182843,1506.3342429242084,0.5868515531736848,342.8842953355984,1412.6497055202356,-3.6900605928358177,442.2496322104397,1210.794435027823,-2.6513614191505437,496.02314325791235,1049.4338936902677,1.869099248955266,-5.573050630351515,811.3950353466388,3.517717712817284,-2.4104670526803984,799.3188134087098,-1.94468023344574,1.0375980656446098,802.7668785270348,1.503384884879268,-2.7534925770124588,798.9757878843778,-2.2877057577778004,-2.779027321589637,798.9502531398006,-2.313240502354979,-151.491950549694,916.9903087569186,-0.02845307121229168,-150.0890845995661,568.3931747070465,1.3744128789156216,-150.15082139106192,118.3314379155507,1.3126760874197874,-1.0827252643113217,800.6465551970789,-0.6169384450766634,153.8073562243074,885.3250969176947,2.343858745825677,151.16968835042346,532.6874290438109,-0.2938091280582462,150.80236019113025,82.32010088451761,-0.661137287351474,-1.7076409426855288,800.0216395187047,-1.2418541234508709
254,2.54,-3.710512863965783,1697.9939333837797,-3.2658267688315052,-2.158449207626772,1549.5459970401187,-1.713763112492494,-0.20874508979790063,1301.4957011579477,0.2359410053363773,-1.4636233650335764,1400.2408228827119,-1.0189372698992984,-0.5184120027089572,1201.1860342450366,-0.07372590757467923,-0.12409242349577432,1101.5803538242496,0.3205936716385036,-1.6788404250429598,1000.0256058227026,-1.234154329908682,-206.87407289590746,1505.0715401864534,-0.5800628768798453,-359.24173980576376,1410.0759275980133,5.4087150196332425,-444.4224250395436,1209.70244720396,2.9080093701442715,-495.0886798072807,1066.0268467206822,-0.1286639382307806,-5.491402247849202,788.4479728953444,4.41288554005194,-1.2973031005341729,800.4071431472114,-0.8526170053998948,-0.7780747409061004,800.9263715068395,-0.3333886457718225,-0.746009387225959,800.9584368605196,-0.30132329209168107,-3.1996912010085703,798.5047550467369,-2.755005105874292,193.68474866641523,1505.496804236464,-0.15479882686941238,343.12943083726725,1413.15900457277,-3.522742510061509,439.9122966957328,1208.566633788416,-4.886713916839625,495.0743068611212,1047.9330881490991,0.5026443278263891,-1.9437807568629335,814.6222594995509,6.4717402020562185,-1.4799969418496082,800.2244493058959,-1.0353108467153302,-0.4252798115758154,801.2791664361697,0.019406283558462523,-1.5731528850142373,800.1312933627313,-1.1284667898799596,-2.1127519106853265,799.5916943370602,-1.6680658155510484,-149.68541042133472,918.9187238638204,2.2589191232462933,-152.7092371182235,565.8948971669317,-0.7649075736424851,-150.84989877340686,117.75423551174832,1.094430771174172,-1.744411082665808,799.9600351650797,-1.2997249875315298,149.9341279277869,881.3299936426317,-2.0102016167940917,149.292150863978,530.6880165788228,-2.6521786806029963,149.2767216895427,80.67258740438757,-2.667607855038275,-2.039477940059567,799.664968307686,-1.5947918449252891
255,2.55,-3.416794206284619,1698.2621943948482,-2.9935134080791297,-0.3486956684138971,1551.330292932719,0.07458512979159204,-1.9132348960308805,1299.765753705102,,-1.8562481048988224,1399.822740496234,-1.4329673066933333,-0.6560552006234233,1201.0229334005094,-0.23277440241793412,-5.991957990175923,1095.687030610957,-5.568677191970433,-0.45811639914708024,1001.2208722019857,-0.034835600941591105,-207.63499224172676,1504.2688256633926,-1.281304679485353,,1410.3405835641502,5.389294716191989,-441.0529588048578,1212.931549214586,5.6137928079792285,-500.25598985061174,1061.21943558648,-4.99094967356615,-4.680038137128534,789.0995354888457,4.7485130971546035,-0.774100047680258,800.9048885534525,-0.35081924947476884,-1.6823858890992864,799.9966027120335,-1.2591050908937973,-0.7825415955810049,800.8964470055517,-0.35926079737551575,,800.052344013026,-1.2033637899012866,192.82899240332776,1504.561652004821,-0.9884783380566478,339.7895774649706,1410.0264872971284,-6.957853791256398,439.55203652457345,1208.2628240409604,-5.167952241973763,494.2754604246931,1046.5369543071129,-0.7638271614737732,-5.5907498000583065,810.5016368918875,2.086736329545154,-2.7406700933998067,798.9383185077329,-2.3173892951943174,-1.7514957048326845,799.9274928963,-1.3282149066271953,-5.589156604952551,796.0898319961802,-5.165875806747062,-2.8567755254526297,798.8222130756801,-2.4334947272471408,-152.00329888625149,916.7021422275859,0.415891419862485,-149.44962582861606,569.2558152852213,2.969564477497894,-152.91670322408683,115.78873788975048,-0.4975129179728772,-1.2191290312810297,800.4598595698517,-0.7958482330755405,150.58489395644756,881.8794528426102,-1.8342963496663915,152.19303486130363,533.4875937474662,-0.2261554448103218,149.72436732119826,81.01892620736095,-2.6948229849156924,-0.6578387720227716,801.02114982911,-0.2345579738172825
256,2.56,-1.4381077370436506,1700.214804371942,-1.0365312151040564,-3.267099909077227,1548.3858121999083,-2.8655233871376327,-4.401624045494961,1297.2512880634906,-4.0000475235553665,-6.208856687862037,1395.4440554211235,-5.8072801659224424,-0.8808008352975908,1200.772111273688,-0.47922431335799665,-2.245187390658359,1099.4077247183272,-1.843610868718765,2.0305814449781723,1003.6834935539639,2.4321579669177664,-205.82240098049323,1506.0252787509585,0.582232013948771,-357.0428398218737,1412.3623084792066,,-444.15239611415745,1209.6975645454156,1.8663663704511295,-500.6484771505628,1061.155961655413,-5.0524621309798,-6.738613472293528,786.8602021726575,2.1421823751279323,-1.371486431606265,800.2814256773795,-0.9699099096666708,-2.566745630315843,799.08616647867,-2.165169108376249,-2.7872767429614966,798.8656353660242,-2.3857002210219025,-3.8614664209450007,797.7914456880408,-3.4598898990054066,196.1102861057627,1507.7494499675902,2.306403230580349,345.2225475579318,1415.6095420970391,-1.6372861052809586,440.74015178795145,1209.4546218740077,-3.9238705447514137,494.03804337246874,1045.6585631929463,-1.5161568886712133,-4.214053809578379,811.3366387724527,2.667996159698259,-0.9226918801440886,800.7302202288416,-0.5211153582044945,-3.9011354352450276,797.7517766737407,-3.4995589133054334,-0.728037162230116,800.9248749467556,-0.3264606402905219,-1.7328618460313312,799.9200502629544,-1.331285324091737,-152.5527361673688,916.2328080038017,0.3338869801474629,-152.27933679314165,566.5062073780288,0.6072863543746259,-151.51017876379595,117.2753654073745,1.376444383720321,-2.865549982194426,798.7873621267913,-2.4639734602548318,153.07996167500508,884.2944175038347,0.1933385274888264,152.45293595730973,533.6673917861393,-0.4336871902065338,151.64765014121107,82.86210597004064,-1.2389730063051794,-2.5863140482894185,799.0665980606964,-2.1847375263498243
257,2.57,1.3908508465206686,1703.0170724286545,1.7704298492367878,-2.9450246042610986,1548.6811969778728,,-2.4671846072491697,1299.1590369748847,-2.0876056045330507,0.622748782517168,1402.248970364651,1.0023277852332872,-2.204777805540883,1199.421443776593,-1.8251988028247637,0.1763493988009588,1101.802570980935,0.555928401517078,0.784103295231287,1002.410324877365,1.1636822979474062,,1506.5074341845054,1.1770027897987418,-357.5522922288823,1411.8149692662141,6.3025011891679,-442.82192433985495,1210.9002958627907,2.566886101548633,-499.5311207188423,1062.567042153466,-3.5818579321811996,-5.6462092671875315,787.7524844233886,2.6184961326711296,-3.4064655078670256,798.2197560742667,-3.026886505150906,-3.03470641317892,798.5915151689549,-2.655127410462801,-2.6673807011814645,798.9588408809523,-2.287801698465345,-0.09263876598923804,801.5335828161445,0.2869402367268812,196.29212541854588,1507.8238125620348,2.4933811673281245,341.08326761339083,1411.5628537400305,-5.905735528929172,441.9470409226278,1210.6129092105423,-2.6840665509116826,491.8737637595522,1042.8117018820476,-4.239479662776404,-4.259964538771673,810.6849756762924,1.7750824986564255,-0.7036245735436801,800.9225970085901,-0.3240455708275609,-2.534297481738065,799.0919241003957,-2.154718479021946,-1.4097655053447165,800.216456076789,-1.030186502628597,-2.8788405593662922,798.7473810227674,-2.499261556650173,-151.4380287004512,917.4058108891414,1.907166713291082,-150.0994548353379,568.7443847542547,3.2457405784044173,-150.3424547395075,118.50138485008516,3.0027406742348055,-2.6839365048221833,798.9422850773116,-2.304357502106064,151.00473650741478,882.1608969178221,-2.340458906327524,154.872873751997,,1.5276783382546837,150.48999902624047,81.64615943664782,-2.8551963875018234,-2.2144132186305914,799.4118083635032,-1.8348342159144724
258,2.58,-3.033865416584501,1698.5650566372115,-2.676571298332499,-3.2917329006688867,1548.3071891531272,-2.9344387824168847,-2.167719758336813,1299.4312022954591,-1.8104256400848109,-1.0430672215916148,1400.5558548322044,-0.6857731033396126,-3.8505513956934543,1197.7483706581024,-3.493257277441452,-2.6371768746522455,1098.9617451791437,-2.279882756400243,-2.5633545346427002,999.0355675191533,-2.206060416390698,-206.8385892586404,1504.8540657208466,-0.358303304381865,-357.4008351590959,1411.8747800464555,6.086489957621625,-442.9651140608065,1210.6370932101825,,-500.58640880487866,1061.7659227672098,-4.265405074208687,-4.525692746691414,788.6554718232825,3.058817849418394,-1.2935379891951468,800.305384064601,-0.9362438709431447,-1.1827305003293223,800.4161915534668,-0.82543638207732,0.5109467513107437,802.1098688051069,0.8682408695627459,-0.17763652414080489,801.4212855296553,0.1796575941111973,193.07496967391052,1504.4853352552268,-0.7270337700016591,342.60162081770585,1413.116246164449,-4.532861293799665,441.5889837083446,1210.1546139338582,-3.032159298049624,492.3611901191986,1042.5774560099876,-4.351651577702256,-3.8095670487791042,810.4699265596462,1.3331484674119864,-0.9751380466800421,800.623784007116,-0.6178439284280399,-0.7130039867102902,800.8859180670858,-0.355709868458288,-1.848037420528938,799.7508846332671,-1.4907433022769359,-3.3215642503544034,798.2773578034416,-2.9642701321024014,-152.44271078928514,916.4370471333353,1.3507922340432263,-153.1692178883904,565.7105400342301,0.6242851349379783,-151.62941816083537,117.25033976178516,2.1640848624930054,-2.0022071112670448,799.596714942529,-1.6449129930150423,151.51709419631797,882.6373362736974,-2.276408827010388,152.16832071813462,533.288562795514,-1.6251823051937366,152.80148541458252,83.921727491962,-0.9920176087458374,-0.7743222473325504,800.8245998064635,-0.4170281290805482
259,2.59,-2.1729028197386846,1699.3981159587572,-1.8381749337472513,-1.6467008273144554,1549.9243179511814,-1.311972941323022,-2.5197390015217196,1299.051279776974,-2.185011115530286,-1.2794256799654313,1400.2915930985305,-0.9446977939739977,-1.1560535656691604,1200.4149652128267,-0.8213256796777268,0.8695494760362219,1102.440568254532,1.2042773620276555,-3.9508162509683045,997.6202025275277,-3.6160883649768705,-204.60735910955947,1506.98659389041,1.8976440591965404,-356.3516740914571,1412.779240458986,6.719189571956401,-442.5960098698834,1210.8947587618015,1.5959800912521163,-502.4267419948089,1060.1361166013473,-5.719348818095857,-7.476400385247095,785.4721311969496,-0.6314418314294636,-0.8211325543194862,800.7498862241764,-0.4864046683280526,-2.4848183429220567,799.0862004355739,-2.1500904569306227,-0.9189653529914278,800.6520534255045,-0.5842374669999942,-1.1376428554760936,800.4333759230199,-0.80291496948466,194.2557318908706,1505.5310843663424,0.4421345351288557,342.3997229182596,1412.89195799302,-4.896011553408082,444.86265700176,1213.277222181191,0.22872546024947504,495.7449986635049,1045.2034435774137,-1.604026667136868,-2.2077584500448304,811.3513038812357,2.00389066226225,-0.23645836443182433,801.3345604140641,0.09826952155960922,-3.5307218307609207,798.040296947735,-3.195993944769487,-1.7428980480615384,799.8281207304344,-1.4081701620701048,-1.0554815795940382,800.5155371989019,-0.7207536936026047,-153.9217136084928,914.9710531186291,0.30846137634977744,-150.06035652528598,568.832410201836,4.169818459556608,-150.25399174324141,118.63877498388055,3.9761832416011753,-3.468992403122323,798.1020263753736,-3.134264517130889,151.18494790375328,882.2921811766313,-3.04522708108929,152.69362168869614,533.8008549615741,-1.5365532961464556,153.96200890640364,85.06924217928166,-0.2681660784389601,-1.8212541768672326,799.7497646016287,-1.486526290875799
260,2.6,-0.15217654178810047,1701.390340689108,0.159709919648634,-3.3999565694755267,1548.1425606614205,-3.0880701080387922,-1.6860747532497002,1299.8564424776462,-1.3741882918129658,-1.8607811447174807,1399.6817360861785,-1.5488946832807462,-0.9803630814183869,1200.5621541494775,-0.6684766199816524,0.4577181793400027,1102.000235410236,,-2.377344176172345,999.1651730547236,-2.0654577147356106,-204.81599839182277,1506.665278602669,1.7050091663927254,-360.29809408958937,1408.6359354203194,2.3088661758932862,-437.60119397296864,1215.7874791601134,6.028188741973702,-502.791635177728,1059.9342431063023,-5.687076432283941,-5.75778239865064,786.9456407343739,0.29349560131602104,-2.4090259239599447,799.133491306936,-2.0971394625232103,-1.5675191614186188,,-1.2556326999818843,-2.78863097996145,798.7538862509344,-2.4767445185247157,-0.5535134266194477,800.9890038042765,-0.2416269651827132,194.3643861806367,1505.4912042730825,0.530934836806171,340.4253758711379,1410.8380951904778,-7.046771729636444,443.5540388217336,1211.767678435019,-1.1151421960660088,494.62180385915275,1043.2896281641936,-3.395653880454036,0.15139957831171502,812.9400623041041,3.400145647751952,-3.1250038718812503,798.4175133590147,-2.813117410444516,1.4433383931838915,802.9858556240798,1.755224854620626,-1.0282357870220917,800.5142814438739,-0.7163493255853572,-0.8250212289221839,800.7174960019737,-0.5131347674854494,-152.0368278079529,916.8455452422372,2.6170499935348026,-151.28060297184325,567.6017700783468,3.373274829644448,-151.18787322107724,117.69449982911294,3.466004580410476,-1.8351466534719238,799.7073705774241,-1.5232601920351894,151.35110718979158,882.4687341396013,-3.302770611696133,151.05711019212174,,-3.5967676093659646,152.26228693404897,83.37991388385879,-2.391590867438734,1.095047358754964,802.6375645896509,1.4069338201916985
261,2.61,-1.7882388601174501,1699.7251842444362,-1.499462723696642,-2.7878088985587155,1548.7256142059948,-2.499032762137907,-1.099315987946424,1300.414107116607,-0.810539851525616,-1.5163038972066534,1399.997119207347,-1.2275277607858452,-5.3442428215023785,1196.1691802830512,-5.055466685081571,-2.4651417019770436,1099.0482814025765,-2.1763655655562353,-3.1819197762118723,998.3315033283417,-2.893143639791064,-206.68878495864033,1504.66597805987,-0.160450747303432,-356.40490223206723,1412.2810886826082,5.692437885822278,-444.15047995694783,1209.1461280771282,-1.0571603610809972,-505.71951113364304,1057.118273846758,-8.210873893216181,-5.091175450508361,787.3575925309925,0.11796499890917778,-4.5310781163646014,796.982344988189,-4.242301979943793,-4.6104123840537,796.9030107204999,-4.321636247632892,-2.228364553605154,799.2850585509484,-1.939588417184346,-1.673312545877224,799.8401105586763,-1.3845364094564157,194.63135131370348,1505.596300758115,0.7698719509415117,340.99259268309964,1411.2691542886685,-6.670442012520853,446.44766095816954,1214.411633601547,1.7211543303563765,493.1731716068171,1041.021310913358,-5.540294950159737,-0.7231557422106066,811.2504211210976,1.5379999583687731,-0.3622025716475532,801.151220532906,-0.07342643522674508,-1.739820783832527,799.773602320721,-1.451044647411719,-1.8047979130326413,799.7086251915209,-1.5160217766118331,-2.0428411279232677,799.4705819766303,-1.7540649915024598,-151.75261884459914,917.095506965823,3.310700904414711,-153.08430851267147,565.7638172977506,1.9790112363423582,-153.22947644637418,115.61864936404794,1.8338433026396672,-2.344563568293102,,-2.055787431872294,152.4680249854882,883.6198991750662,-2.595294763525639,152.72434102819892,533.8762152177768,-2.338978720814919,152.06487777800595,83.21675196758383,-2.9984419710078867,-0.7207075085018224,800.7927155960517,-0.4319313720810143
262,2.62,-2.2560541528112825,1699.2276881577873,-1.9906508154896543,-2.812781714356636,1548.670960596242,-2.547378377035008,-0.47462558865059257,1301.009116721948,-0.20922225132896433,-2.6500667747852105,1398.8336755358132,-2.3846634374635824,-3.0056556508898327,1198.4780866597087,-2.7402523135682046,-2.508893649585374,1098.974848661013,-2.243490312263746,-1.07712704921889,1000.4066152613796,-0.8117237118972618,-203.94066215283107,1507.2739021941181,2.5863680235198494,-356.16352935166594,1412.2244565352626,5.380366580652292,-440.4044077392392,1212.8107680026326,2.1812646760186123,-504.74370561388133,1058.1515648783156,-6.827894755573908,-5.482844093834771,786.7049232476804,-1.1582264266153866,0.021955216649971687,801.5056975272485,0.28735855397159993,-2.548839101478882,798.9349032091196,-2.2834357641572534,-3.232530102023173,798.2512122085753,-2.967126764701545,-1.0564173787754605,800.427324931823,-0.7910140414538324,194.88515118599437,1505.6751012332109,0.9875670626124762,342.00182194911235,1412.086244687585,-5.865815503103569,444.6953292556635,1212.3621602468884,-0.1101038661970305,493.46553892559643,1040.4690253527915,-5.9665390162474194,-2.057257196963403,809.0620523940753,-0.8010343259589215,-2.7976165461961333,798.6861257644023,-2.5322132088745053,-1.6808757812016117,799.8028665293969,-1.4154724438799835,-4.565231625112669,796.9185106854858,-4.2998282877910405,0.29732858488811975,801.7810708954866,0.562731922209748,-150.15110340054196,918.6385146632326,5.306151612004637,-151.01660674616528,567.7730113176093,4.440648266381324,-154.03239925453425,114.75721880924034,1.4248557580123498,-2.459216148748142,799.0245261618503,-2.193812811426514,152.8830561015832,884.0934380378086,-2.5741989109633856,151.4838045047547,532.69418644098,-3.9734505077919193,149.53247188042008,80.74285381664549,-5.924783132126521,-0.8109276285166964,800.6728146820818,-0.5455242911950682
263,2.63,-0.8977785208521104,1700.5557024554794,-0.6560038976328059,-2.137140372183128,1549.3163406041483,-1.8953657489638234,-2.163407670231692,1299.2900733060997,-1.9216330470123872,-0.8213588452212839,1400.6321221311102,-0.5795842220019793,-2.7828094397730343,1198.6706715365583,-2.54103481655373,-3.2666366372138933,1098.1868443391174,-3.024862013994589,-3.518018182826438,997.935462793505,-3.276243559607133,-203.81323260197004,1507.2476186805802,2.7039217558978677,-353.5839292582952,1414.4574234942502,7.364751588125723,-437.58600127177044,1215.5588897003977,4.522195864593807,-503.54421361035713,1059.3511456896254,-5.221871220873284,-2.9357645688013574,788.9880995220635,0.46837117912862025,-1.6137560494843282,799.8397249268471,-1.3719814262650236,-1.9098597193572013,799.5436212569742,-1.6680850961378968,-0.1464753849106284,801.3070055914208,0.09529923830867615,-3.6965012386467517,797.7569797376847,-3.4547266154274467,196.32478028923543,1506.9268199465732,2.383123021890898,339.3575130841036,1409.19465104045,-8.727615990216682,440.9076839252021,1208.231307365327,-3.997713554466354,496.92674928876767,1043.0650444006967,-3.241304597338128,3.840593162564151,814.0721372031172,4.082024042034479,-3.1576318026465184,798.2958491736849,-2.9158571794272143,-2.746195663119157,798.7072853132123,-2.504421039899853,1.5482704781015937,803.001751454433,1.7900451013208982,-2.1368737534248603,799.3166072229066,-1.8950991302055558,-150.78169736656463,917.9247917780112,5.052790301867221,-153.07244841997223,565.6340407246037,2.762039248459635,-152.42267363215947,116.28381551241642,3.411814036272379,-1.265468254784234,800.1880127215472,-1.0236936315649294,151.22203323544537,882.5155440908694,-4.612454432986472,152.36069702052723,533.6542078759513,-3.4737906479046217,153.3083212501723,84.6018321055964,-2.5261664182595465,-1.8204848427797928,799.6329961335516,-1.5787102195604883
264,2.64,-1.328909964555503,1700.093735479189,-1.1110132805592376,-3.968748619505858,1547.4538968242387,-3.7508519355095924,-4.593326058366783,1296.8293193853776,-4.375429374370517,-3.6983344664985913,1397.7243109772458,-3.4804377825023263,-1.5601616482147382,1199.8624837955297,-1.342264964218473,-2.6820782976955893,1098.7405671460488,-2.4641816136993238,,999.575724844959,-1.6290239147891403,-202.36334646917732,1508.5304644732314,4.135430927958991,-357.9517588828339,1409.6958165627138,2.3621418571522463,-439.4996062668112,1213.5865720770541,2.162921468734441,-504.0268667808656,,-5.3022576914997,-2.708541773862795,788.9521675932426,-0.2541155996268827,-5.896945064544594,795.5257003791999,-5.67904838054833,-0.28596863369308956,801.1366768100513,-0.06807194969682429,-2.1153371905054463,799.307308253239,-1.8974405065091808,0.3480322659070798,801.7706777096515,0.5659289499033451,193.90668236392412,1504.308136352066,-0.08689719320656164,343.6873461914692,1413.2230596770817,-4.627271406733638,446.5699670531252,1213.505861871807,1.544215116633717,497.7219036206232,1042.9791997957782,-3.1940286065811105,0.3938857922562882,809.7099817742205,-0.3817710090278365,-0.9395127486203201,800.4831326951241,-0.7216160646240548,-0.9925803147363149,800.4300651290081,-0.7746836307400496,0.06351427924278408,801.4861597229872,0.28141096323904935,-2.1918487675882,799.2307966761563,-1.9739520835919349,-150.48162492947813,918.1168017432376,5.7122505682659215,-151.18720717215967,567.4112195005561,5.006668325584367,-153.09788240048425,115.50054427223147,3.095993097259793,-4.468676189698849,796.9539692540455,,151.16241904410697,882.5639923713912,-5.031456453637068,152.57331322064607,533.9748865479303,-3.620562277097981,150.59603277601877,81.99760610330307,-5.597842721725261,-0.42555493483548323,800.997090508909,-0.20765825083921796
265,2.65,-0.18287045576331074,1701.2083718122008,0.010905882617821883,-1.5977211461625973,1549.7935211218016,-1.4039448077814647,-2.4528452131552,1298.938397054809,-2.2590688747740675,-1.4494259855126774,1399.9418162824516,-1.2556496471315448,-2.9335692833670386,1198.4576729845971,-2.739792944985906,-3.5774122304718707,1097.8138300374922,-3.383635892090738,-0.4715075524140322,1000.9197347155502,-0.2777312140328996,-202.79996830087367,1507.9136787221057,3.6720132350296946,-352.8724994881989,1414.335777939267,6.769406498816677,-440.97404752021254,1212.065322898302,0.276123034006584,-503.19198172823747,1059.5213193178106,-4.072846812631296,0.05866890179620743,791.4607957556665,1.541143145066979,1.376850993082295,802.7680932610465,1.5706273314634276,-3.1120147186201024,798.2792275493441,-2.9182383802389698,-2.086197134942841,799.3050451330214,-1.8924207965617086,-2.459558043033587,798.9316842249307,-2.265781704652454,193.88807425203004,1504.0765186578612,-0.16514682921495782,339.9353089458695,1409.1166314569562,-8.619840574437907,443.20076004473805,1209.706079580658,-1.9650073044240863,494.5784816066202,1038.9439688649827,-7.091587441751326,-0.026978435272482337,808.351888981564,-1.814433889240552,0.09528170907997313,801.4865239770442,0.28905804746110575,-3.465531344001846,797.9257109239624,-3.2717550056207134,-3.6559456271507402,797.7352966408135,-3.4621692887696076,-0.7377951606999518,800.6534471072642,-0.5440188223188192,-151.34651473553458,917.118653682981,5.187818883162389,-152.83821819619592,565.6269502223196,3.6961154225010437,-151.92256826869232,116.54260014982316,4.611765350004656,-2.0721637892932283,799.319078478671,-1.8783874509120957,151.51334684983848,883.048178431323,-5.020986768858471,151.8985936731011,533.4334252545856,-4.635739945595882,151.8000372901747,83.33486887165924,-4.734296328522256,-2.212440293420967,799.1788019745433,-2.0186639550398344
266,2.66,0.21844715305408768,1701.5777253686722,0.38786768499094637,0.15219929545305932,1551.5114775110712,0.321619827389918,-1.6531905850559816,1299.706087630562,-1.483770053119123,-0.8763959746873005,1400.4828822409308,-0.7069754427504418,-1.7759580337809178,1199.5833201818373,-1.606537501844059,-1.0755394098944489,1100.2837388057237,-0.9061188779575902,-1.8697999897697228,999.4894782258483,-1.7003794578328641,-206.61665929736864,1503.903920246477,-0.17979883327471669,-354.6240135712022,1412.101201574843,4.311169103590113,-442.7651825150805,1210.2395236777104,-1.8926833538069436,-505.4909152681277,1057.0362301183973,-5.988294423427699,-3.218945056040911,787.9331300269698,-2.7234797840930276,-2.4368999591712095,798.9223782564468,-2.267479427234351,-3.9475060398647326,797.4117721757532,-3.778085507927874,-0.4573782257483032,800.9018999898697,-0.28795769381144454,-1.9119574237278396,799.4473207918901,-1.742536891790981,197.14949208800445,1507.1127696934775,,343.15247580382805,1411.9277763815023,-5.653237909333981,446.30796804218375,1212.3416627363995,0.9833311559767963,497.6035723778856,1041.0716679776244,-4.821110746713768,3.512378881195784,810.9381786897534,0.7259606415245763,-0.9867359509799425,800.372542264638,-0.8173154190430838,1.5285827031082289,802.8878609187262,1.6980032350450875,-2.236462026258843,799.1228161893591,-2.0670414943219844,-1.9173945579589624,799.441883657659,-1.7479740260221037,-152.0340646380811,916.2724393792146,4.820773287752408,-155.11455446495054,563.1919495523451,1.7402834608829512,-153.61019026465016,114.69631375264544,3.244647661183351,1.7572744678783343,803.1165526834963,1.926694999815193,150.4311027552064,882.1245987379108,-6.423735170627104,152.62740142131904,534.3208974040234,-4.227436504514461,153.97234761508375,85.66584359778817,-2.8824903107497493,-1.2951895537446845,800.0640886618733,-1.1257690218078258
267,2.67,-1.2478684709744874,1700.0788917921484,-1.1030321359807016,-1.505136002507387,1549.8216242606156,-1.3602996675136014,0.12583882221758258,1301.4525990853406,0.27067515721136814,-2.006376761716884,1399.320383501406,-1.8615404267230988,-2.024175471512018,1199.302584791611,-1.8793391365182321,-3.89244280100218,1097.4343174621208,-3.7476064660083943,-3.1278437951042246,998.1989164680186,-2.983007460110439,-203.76291862726794,1506.5519259433224,2.630600524278556,-353.5137955192986,1412.6864755400684,4.682547803718859,-439.0459328908316,1213.9363971594921,1.4848168528153622,-507.6303933897305,1054.6452322263779,-7.758420387818102,-0.6331979879094449,790.2814101087482,-1.1324689757506654,1.950161719783445,803.2769219829063,2.0949980547772307,-1.041289667871264,800.2854705952516,-0.8964533328774783,-4.227512990059599,797.0992472730633,-4.082676655065813,2.0224280901059837,803.3491883532288,2.167264425099769,194.7442497816583,1504.470485049202,0.5491596301579069,342.50156172108944,1410.820702162668,-6.5636838925008165,445.3131569977988,1210.836089805558,-0.18832302706961046,498.47672315362405,1041.0472615818933,-4.697178898304974,1.233634389622105,807.6964617407417,-2.5314606464845872,-1.6771670253237134,799.6495932377991,-1.5323306903299279,0.26765389599548706,801.5944141591183,0.4124902309892726,-2.062424346216591,799.2643359169062,-1.9175880112228056,-1.5811764674433146,799.7455837956795,-1.436340132449529,-154.47233739983943,913.6499391263632,2.6820909247087896,-154.102544400853,564.0197321253496,3.0518839236952227,-153.5520085287639,114.57026799743866,3.6024197957843125,-3.3375375904709674,797.9892226726519,-3.1927012554771816,150.24327465235265,882.1209981261501,-6.911153672195567,152.06597728556144,533.9437007593589,-5.0884510389867526,154.17355728659513,86.05128076039257,-2.980871037953073,-3.0828126314893702,798.2439476316334,-2.9379762964955844
268,2.68,-1.2597838765396925,1700.0339117183585,-1.1397529360114906,0.6145987525948249,1551.908294347493,0.7346296931230265,-2.549094727883314,1298.744600867015,-2.4290637873551124,-1.1410812759006188,1400.1526143189976,-1.0210503353724172,-1.9361071719137477,1199.3575884229845,-1.816076231385546,-0.7917834403218231,1100.5019121545765,-0.6717524997936215,0.06483812177138182,1001.3585337166696,0.18486906229958344,-203.711282419231,1506.385411497896,2.630791244836769,-351.22679211154076,1414.4086541414651,6.201325026401374,-439.629646457897,1213.3426447193242,0.5963705827663834,-504.15441048025696,1057.8034470645264,-3.930082118858906,-1.744098612297805,788.9497362166893,-3.238415889639658,-1.1313364154042853,800.1623591794939,-1.0113054748760837,-1.793467616575765,799.5002279783225,-1.6734366760475634,-1.7527372257003067,,-1.632706285172105,-2.0273941382659695,799.2663014566323,-1.907363197737768,193.69380082721327,1503.1714145226465,-0.5832057304128004,344.7816198224742,1412.5961062135805,,450.21617602094926,1215.1912301766074,4.520829184290366,497.5574991722772,1039.2358804889843,-6.35431050780049,4.95742171418316,810.4532523901058,0.2412311989700786,-1.2321522254548953,800.0615433694434,-1.1121212849266937,-0.2209382968115874,801.0727572980867,-0.10090735628338576,-0.07910861484371057,801.2145869800545,0.04092232568449106,-5.478040670535753,795.8156549243625,-5.358009730007552,-152.48967286049515,915.4227109559391,4.942538889722625,-153.36010322042898,564.5522805960053,4.072108529788787,-151.1348765810057,116.77750723542864,6.297335169212083,0.2308677801194643,801.5245633750177,0.3508987206476659,153.16023187823544,885.2478480618012,-4.271979871982351,152.1448844698473,534.232500653413,-5.287327280370471,,84.10233604993856,-5.417491883844889,-0.13822087626126844,801.155474718637,-0.01818993573306682
269,2.69,-1.3646233227175457,1699.8954682787864,-1.2696116607304475,0.3152074826686415,1551.5752990841727,0.4102191446557397,-0.9169743535476433,1300.3431172479563,-0.8219626915605451,-3.1727913844981215,1398.0873002170058,-3.077779722511023,-2.7603812366978655,1198.499710364806,-2.665369574710767,-0.743671750796373,1100.5164198507075,-0.6486600888092748,-4.504261213277487,996.7558303882266,-4.409249551290388,-205.4266361813588,1504.4397586465132,0.85601478273016,-352.37815615191596,1412.6546965273471,4.255183686239127,-443.3981532468394,1209.5763901967814,-3.438902411263512,-503.72447035128386,1057.8489667641138,-3.167392552878291,-2.434553730506145,788.0593238494174,-4.916780373774934,-1.9898093087535078,799.2702822927506,-1.8947976467664094,-4.268825167368675,796.9912664341354,-4.173813505381577,,799.5579500097083,-1.6071299298087185,-0.5766870736119392,800.6834045278921,-0.48167541162484095,195.0170650980961,1504.2347885324975,0.651044668714659,341.0354410362654,1408.2985690953383,-8.571272966620882,449.7002640496755,1214.0924428497212,3.7950415077318875,500.8445969933873,1041.6418918402055,-3.787897460656029,1.6610357433147362,806.191627134708,-3.9715852470409443,-1.4811494190458259,799.7789421824582,-1.3861377570587277,-3.77143330483146,797.4886582966726,-3.676421642844362,-4.9246931991263985,796.3353984023777,-4.8296815371393,-1.6607287190397837,799.5993628824643,-1.5657170570526855,-151.89413879166855,915.7826410029384,5.793226170299326,-150.7370459220419,566.9397338725651,6.950319039925972,-152.56702500472292,115.10975478988395,5.120339957244952,-1.603805614777698,799.6562859867264,-1.5087939527905998,154.19722316242743,886.5204433678205,-3.4901417995404374,154.40432643491818,536.7275466403113,-3.283038527049698,152.17595615528478,84.49917636067791,-5.511408806683084,-1.2498827502540584,800.01020885125,-1.1548710882669602
270,2.7,-0.9399018396249211,1700.2860540380773,-0.8701159085651303,-0.5069951037270706,1550.7189607739751,-0.43720917266727977,-1.238465825145704,1299.9874900525565,-1.1686798940859133,-3.122337830942799,1398.1036180467593,-3.052551899883008,-2.6320752556988687,1198.5938806220033,-2.562289324639078,-4.165404282374737,1097.0605515953273,-4.095618351314945,-2.1652902584150473,999.0606656192871,-2.0955043273552563,-204.08774058182456,1505.5364890583487,2.127648114404195,-352.08466828203854,1412.310036766808,,-441.6870955714109,1211.3018501801828,-1.9558425558450483,-504.61815684684694,1056.5042952888466,-3.7502705444812943,1.586729346107309,791.9055593082529,-1.8688513206959425,-1.3982055881378936,799.8277502895643,-1.3284196570781028,-4.181836945065595,797.0441189326365,-4.112051014005805,-2.1020104506824198,799.1239454270197,-2.0322245196226287,-0.9017989750861408,800.324156902616,-0.83201304402635,195.4121339909127,1504.3590228633836,0.9501819194391458,342.29902754805636,1408.9660212987058,-7.587267793767198,446.9765989591094,1210.7531172598267,0.8465666461083685,499.0288854162905,1038.9618953725044,-6.301212843012397,5.589658909787621,809.1624067516955,-0.9179106636876555,-3.3625240188019436,797.8634318589002,-3.292738087742153,-1.3654777689122262,799.86047810879,-1.2956918378524356,-2.4221100712435364,,-2.352324140183746,-4.414391580805742,796.8115642968963,-4.344605649745952,-150.6670126248298,916.7484628228048,7.252124477067747,-151.50145410309162,565.9140213445429,6.417682998805931,-153.9072601470264,113.50821530060811,4.011876954871154,-2.5780343879209795,798.6479214897811,-2.508248456861189,154.1597374886033,886.7442620409688,-3.7593996132942675,153.11629001162507,535.7008145639905,-4.8028470902724765,151.80419123900046,84.38871579136594,-6.114945862897102,1.3001719209479623,802.5261277986501,1.369957852007753
271,2.71,-1.5780549749590111,1699.6132412454854,-1.533693679561912,-1.5487821678108786,1549.6425140526335,-1.5044208724137795,-1.5949601320811242,1299.5963360883632,-1.550598836684025,-1.3057352502266173,1399.8855609702177,-1.2613739548295182,-3.281211521437246,1197.910084699007,-3.236850226040147,0.6639169777263021,1101.8552131981708,0.7082782731234012,-1.723300966838209,999.4679952536062,-1.67893967144111,-207.44600082851807,1501.9244945989183,-1.305565870428445,-351.7771092604306,1411.9462031461228,3.1988343337738847,-443.153577022532,1209.8616858251705,-3.610901813314071,-506.24494313725404,1054.3605467592251,-5.090232949067574,2.268531276018141,792.4412459844724,-2.138516361114812,-2.7247185074819806,798.4665777129624,-2.6803572120848815,-2.631124784871605,798.5601714355728,-2.5867634894745057,-2.4851176296331308,798.7061785908112,-2.4407563342360317,-3.6600388772752783,797.531257343169,-3.6156775818781792,198.40792634204638,1507.0733741658428,3.8433136964959296,344.368367298864,1410.3965106110784,-5.801776781942862,448.45429672450916,1211.58466388334,2.0856504204555604,497.53577318673575,1036.6270455355125,-8.46309217091836,4.193223587726341,806.8209760485577,-3.1413156087353324,-3.52474114918358,797.6665550712607,-3.4803798537864807,0.1528186652547998,801.3441148856991,0.1971799606518989,-4.301765596772462,796.8895306236719,-4.257404301375363,-3.492236788264513,797.6990594321799,-3.447875492867414,-151.87631667078819,915.2522230353602,6.250535340614873,-150.46995736490268,566.6585823412456,7.6568946465003656,-152.8792867702834,114.24925293586496,5.247565241119682,-3.6417734210609165,797.5495227993835,-3.5974121256638174,149.33276257368092,882.2042228675325,-8.794089437722144,153.42634889168633,536.297809185538,-4.700503119716742,151.10896886539703,83.9804291592487,-7.017883146006024,1.9276366437384302,803.1189328641829,1.9719979391355293
272,2.72,-1.648346834201085,1699.5077737925853,-1.6296014179222695,-1.6136835283494915,1549.542437098437,-1.594938112070676,-0.25163413173076354,1300.9044864950556,-0.23288871545194811,-0.6296096287860735,1400.5265109980003,-0.6108642125072581,-1.0773329498569029,1200.0787876769296,-1.0585875335780874,-0.8770201690948181,1100.2791004576916,-0.8582747528160026,-1.6235711231182042,999.5325495036683,-1.6048257068393887,-207.34050266858927,1501.7650009548154,-1.28255461195556,-352.3126408072334,1410.7084286163622,1.8067910517851131,-445.80563809412195,1207.247528502395,-6.411621085892914,-504.4136305566697,1055.6100100304375,-2.9978193837109806,2.6372129780920606,792.6966547069025,-2.692227218688604,-1.5554685143835958,799.6006521124028,-1.5367230981047804,-1.7730551921952205,799.3830654345912,-1.754309775916405,-2.712522695648416,798.443597931138,-2.6937772793696,-3.147048688185462,798.009071938601,-3.1283032719066464,197.63656768016895,1506.01031877522,2.9627632084489957,346.5316414273051,1411.8804019957481,-3.925358141111256,449.57357988705934,1212.0296739101705,2.9536950011605208,500.38315768063046,1038.6609540406278,-6.2500333161075945,6.240726625788305,807.941557703306,-1.8666764428780223,-1.765672929927833,799.3904476968586,-1.7469275136490177,-0.7577760116810421,800.3983446151054,-0.7390305954022267,-2.075077384460158,799.0810432423262,-2.0563319681813432,-3.6504179188509083,797.5057027079355,-3.6316725025720933,-151.08628660027793,915.7298135218724,7.22362369681572,-150.46640892814128,566.349691194009,7.843501368952374,-150.87849488768353,115.93760523446672,7.4314154094101115,-1.4379111627898027,799.7182094639967,-1.4191657465109873,152.57926412162118,885.7631639994709,-5.7306461754724785,150.76090459870775,533.9448044765575,-7.5490056983858915,151.9946685290297,85.17856840687945,-6.3152417680639505,-0.5024549335679296,800.6536656932185,-0.48370951728911415
273,2.73,0.16146871706685295,1701.281906008795,0.1544147832970626,-0.4877723056291208,1550.632664986099,-0.4948262393989111,-2.624733759302882,1298.4957035324253,-2.6317876930726722,-4.445770447426577,1396.6746668443016,-4.452824381196367,-0.7768180212869581,1200.3436192704412,-0.7838719550567484,-0.5089249320067071,1100.6115123597215,-0.5159788657764974,-1.3627278800568887,999.7577094116712,-1.369781813826679,-206.90087612100442,1501.9287035070815,-0.9327798704982186,-351.0707700213721,1411.2196774187748,2.177790690081135,-443.56579724905725,1209.53644046033,-4.2801724712236116,-500.7644801569115,1058.6140162992388,0.8852870593008975,0.36463570219088925,790.3474025072713,-5.851136287093623,1.3824589856382747,802.5028962773663,1.3754050518684844,0.45045572946638757,801.5708930211944,0.4434017956965972,-1.209796230276152,799.9106410614519,-1.2168501640459424,1.4203610010771208,802.5407982928051,1.4133070673073305,198.1497853073288,1506.221947342731,3.360463965151169,346.592402823736,1411.2235481801101,-4.1531747043018035,451.0662843064475,1212.822416999203,4.183760244446414,503.28514167652725,1040.783360350958,-3.942527599338555,7.5310891004063025,808.3280336204131,-1.2893630632567534,-1.5136867105200549,799.606750581208,-1.5207406442898452,-3.1366356211246726,797.9838016706034,-3.143689554894463,-2.342223303801367,798.7782139879266,-2.3492772375711573,-3.1973466944747497,797.9230905972532,-3.20440062824454,-154.5243409409913,911.9540024163003,3.943450198677643,-153.77847031082982,562.6998730464619,4.689320828839129,-152.53566407153136,113.94267928576038,5.932127068137586,0.5466236945480039,801.667060986276,0.5395697607782135,151.32320617055458,884.8448628132629,-7.14458496911434,153.61153160168902,537.1331882443974,-4.856259537979917,150.55664907557139,84.07830571827968,-7.911142064097534,-1.5308339973621554,799.5896032943658,-1.5378879311319458
274,2.74,0.6552448177130972,1701.7394994236938,0.6222159443013986,-2.206435367075516,1548.8778192389052,-2.239464240487215,-2.4817091272847422,1298.6025454786961,-2.5147380006964406,-0.8358985001533177,1400.2483561058275,-0.8689273735650163,-2.7748563780074758,1198.3093982279734,-2.807885251419174,-2.756927255133626,1098.327327350847,-2.7899561285453247,-0.7032697231052278,,-0.7362985965169264,-203.58536524917199,1504.9576971466686,2.2856922295203637,-351.53786102390774,1409.996124268601,0.8286725563362289,-441.80167560813163,1211.3602923126912,-2.5839845499913636,-505.6103151834862,1053.0618315189095,-3.754835129906837,2.974341418440013,792.9205927252355,-4.084971428597483,-2.9668630981955975,798.1173915077852,-2.999891971607296,-3.240638451829401,797.8436161541514,-3.2736673252411,-3.1340591411087813,797.950195464872,-3.16708801452048,-0.7501850390523159,800.3340695669284,-0.7832139124640145,197.84271615737788,1505.6037722280487,2.931767310900452,348.3568190887438,1412.2345242753777,-2.6777565241049066,450.3802745984198,1211.4132475502881,3.2249735561810287,501.2621274378457,1038.02017973271,-6.515012416138752,3.3122956927771527,803.2330485268348,-6.1561436601642985,-1.6019308852678664,799.4823237207129,-1.634959758679565,-2.594070085782451,798.4901845201983,-2.627098959194149,-1.4993883517453992,799.5848662542354,-1.5324172251570978,-2.442210242267847,798.6420443637129,-2.4752391156795457,-153.48370662450696,912.6318088543633,5.116347215517536,-153.27681047492305,562.8387050039471,5.323243365101434,-152.10465397114712,114.01086150772309,6.495399868877373,-2.2027461706146134,798.8815084353662,-2.2357750440263118,153.2096863420161,887.0941708631459,-5.390367498008392,153.78971538124767,537.6741999023775,-4.810338458776821,154.0186740575472,87.90315857867701,-4.5813797824772795,-3.0380262210078204,798.046228384973,-3.071055094419519
275,2.75,-3.865141160489194,1697.182439993175,-3.924312575470447,-4.427592870740258,1546.6199882829237,-4.486764285721511,-1.621662978180405,1299.4259181754837,-1.6808343931616578,-2.4186139941035685,1398.6289671595605,-2.477785409084821,0.677148400486504,1201.7247295541506,0.6179769855052513,-0.6702430658293849,1100.3773380878347,-0.7294144808106376,-1.6569229021070893,999.390658251557,-1.716094317088342,-203.3488996211571,1504.8974043849994,2.4181194547575116,-349.9661642321013,1410.7881157278748,1.5104283680319475,-441.3591599610221,1211.8726026418435,-2.1689054047378655,-507.57451576985085,1050.3326523488668,-5.542336383941724,4.229293975243406,794.1825172782825,-3.624348092962377,-0.8037646801362921,800.2438164735279,-0.8629360951175449,-0.7956460531606384,800.2519351005036,-0.8548174681418912,-1.362034360161275,799.6855467935029,-1.421205775142528,-1.6291242521255926,799.4184569015385,-1.6882956671068454,198.221185972263,1505.6620061945423,3.18272126430039,347.47733830732295,1410.5682848706276,-3.8453407608330967,449.36325971549866,1209.652410986248,1.9263397655660504,500.7413116372079,1036.8039527988776,-7.535421455237212,7.21315062610388,806.289733041373,-2.8334692058550015,-0.5896593230641929,800.4579218306,-0.6488307380454457,-2.281715950548049,798.7658652031162,-2.3408873655293014,-2.511123342052838,798.5364578116114,-2.5702947570340906,-2.333550666857291,798.7140304868069,-2.3927220818385435,-152.35597392950808,913.3719481318498,6.350365168262826,-153.6169198864958,562.111002174862,5.089419211275112,-154.12835180479115,111.59957025656671,4.577987292979756,-1.725253880644223,799.3223272730199,-1.7844252956254758,152.37326472178592,886.6453426604281,-6.333074375984992,152.40249206596687,536.674570004609,-6.303847031804049,153.5917854077428,87.86386334638495,-5.114553690028107,-0.24668703865082642,800.8008941150134,-0.3058584536320792
276,2.76,-1.5730924799720634,1699.4373332299579,-1.6585659469879983,-0.8501181264284772,1550.1603075835014,-0.9355915934444121,-2.5483439652234665,1298.4620817447064,-2.6338174322394012,-1.8773333385440356,1399.1330923713858,-1.9628068055599706,-2.0600263787459903,1198.950399331184,-2.1454998457619254,0.1014659670001814,1101.11189167693,0.015992499984246455,-2.1402116307984382,998.8702140791315,-2.225685097814373,-204.24321275187188,1503.6964564658106,1.4129647233221838,-352.8383292988899,1407.1156477681313,-2.2563227187498294,-443.01526450213777,1210.2956793038402,-3.812063775112443,-506.2604380455602,1050.8261735030972,-4.081014327320186,5.216200284339852,795.2229407183594,-3.376499062208794,-2.6677624746732445,798.3426632352567,-2.753235941689179,-4.529400404332256,796.4810253055978,-4.614873871348191,-2.4174816151391156,798.5929440947908,-2.502955082155051,-2.3915963163745038,,-2.477069783390439,195.96330683407191,1503.0751594457017,0.7916677032133368,347.833563208853,1410.1070292039494,-3.7750032682154746,450.3847651755047,1209.912006585216,2.658707538183756,503.7647430550403,1039.181858871199,-4.957170180597506,3.4273846306284907,801.6957809551917,-7.123402884033631,-1.9113392818294268,799.0990864281006,-1.9968127488453618,-2.493280959315828,798.5171447506142,-2.578754426331763,-2.714659294668703,798.2957664152613,-2.800132761684638,-0.5917114011972286,800.4187143087328,-0.6771848682131636,-151.252651149171,914.0632769428303,7.533718869113483,-154.00134609323644,561.3145819987649,4.785023925048026,-151.45445111958293,113.86147697241832,7.331918898701542,-0.07256793229741909,800.9378577776325,-0.15804139931335404,153.8819480446517,888.5660199526504,-4.90442197363276,156.12162469967586,540.8056966076746,-2.6647453186086056,153.8348741125906,88.51894602058935,-4.951495905693874,-1.2726973617400745,799.7377283481899,-1.3581708287560095
277,2.77,-2.604914068825708,1698.3678831696907,-2.716840905661613,-3.268475363560313,1547.7043218749561,-3.380402200396218,-0.8098539820759566,1300.1629432564405,-0.9217808189118616,-3.581149304005412,1397.391647934511,-3.693076140841317,0.7234060170369851,1201.6962032555534,0.6114791802010802,-1.719785017164872,1099.2530122213516,-1.831711854000777,-2.1832564356473996,998.789540802869,-2.2951832724833046,-201.07391012100751,1506.5496248850807,4.464827777010997,-348.1286199601809,1411.0071413166538,1.5574389209501196,-440.7988715760053,1212.5998821370843,-1.5426086388519562,-504.16913398063963,1052.0448502717252,-1.8720361053746322,5.151486520422831,795.2610414114724,-4.11934641609662,-1.82399389526508,799.1488033432513,-1.935920732100985,-1.030431087070279,799.9423661514461,-1.142357923906184,-2.301480698395976,798.6713165401204,-2.413407535231881,-1.0917560753922513,799.8810411631242,-1.2036829122281563,196.89540600835707,1503.6699679589117,1.5851708508418754,346.8059396584415,1408.2338803899997,-5.084975906605053,452.0091152029178,1210.7589601642408,3.9877456186298796,503.69578315892267,1038.5221336525822,-5.4127360875374455,4.1620315418792,801.661799570378,-6.815275564063235,-0.7274036458005722,800.2453935927159,-0.8393304826364771,0.7212958349076051,801.694093073424,0.6093689980717001,-0.6423873810131343,800.3304098575032,-0.7543142178490393,-1.2382906974558106,799.7345065410606,-1.3502175342917155,-153.19418707270182,911.6857706070673,5.6457657726507815,-155.7385861679481,559.141371511821,3.1013666774044735,-149.49919071324774,115.38076696652143,9.340762132104864,-1.0605662316384348,799.912231006878,-1.1724930684743398,152.9476144683414,888.0676567885723,-5.892338377011173,149.54250320766732,534.6625455278981,-9.297449637685258,151.54473802808073,86.66478034831155,-7.295214817271875,-0.7648201599261633,800.2079770785903,-0.8767469967620682
278,2.78,-2.021519350676213,1698.9131855385567,-2.1600425838467134,-2.998273993232681,1547.9364308960003,-3.136797226403182,-2.6248506074963034,1298.3098542817365,-2.7633738406668042,-2.8324880112271664,1398.1022168780057,-2.9710112443976673,-2.5182529116945096,1198.4164519775384,-2.65677614486501,1.4478215379254376,1102.3825264271584,1.309298304754937,-2.472335854004636,998.4623690352283,-2.610859087175137,-201.99313304350514,1505.305157042856,3.421780989072257,-348.39737689775205,1409.9049697147575,0.39465835029253227,-441.6740284705522,1211.8203300211198,-2.3250042637230615,-507.1955587750575,1048.0976695395016,-4.810151523330058,6.040470344636067,796.3045511803178,-3.8423743134679658,1.409853349873804,802.3445582391067,1.2713301167033033,0.7048151182532572,801.6395200074862,0.5662918850827565,-1.2595754167719164,799.675129472461,-1.3980986499424168,-0.9323405515523506,,-1.0708637847228513,195.91030395044365,1502.3396709689569,0.45629491517300647,348.63764661929144,1409.1947658782728,-3.5307624192479654,454.4143025375756,1212.373884404625,6.0928066826734595,503.7601696610595,1038.0550916815703,-5.672633269830903,4.668876662228824,801.4427354371966,-6.654264935013433,-1.7719423019367762,799.1627625872961,-1.9104655351072768,-4.436581859181988,796.4981230300509,-4.575105092352489,-0.8730530395332337,800.0616518496997,-1.0115762727037343,-4.406673794174083,796.5280310950589,-4.545197027344583,-153.0705306909098,911.3499628767527,5.796446726523476,,561.4515102384512,5.897994088221942,-154.13406321595534,110.28643035170715,4.732914201477925,-3.9134758205339724,797.021229068699,-4.051999053704472,150.10285890980924,885.6823653421467,-8.76411850762404,154.12341245584187,539.7029188881794,-4.743564961591386,151.15425590691348,86.73376233925097,-7.71272151051979,1.0396189302372607,801.9743238194702,0.9010956970667601
279,2.79,-0.9339250624557494,1699.962232932919,-1.0991793312865992,-1.5373634550650495,1549.3587945403096,-1.7026177238958993,-1.1982430654410299,1299.6979149299336,-1.3634973342718797,-0.08851138876326448,1400.8076466066116,-0.2537656575941143,-4.577566041957885,1196.318591953417,-4.742820310788735,-1.471602424689325,1099.4245555706855,-1.6368566935201747,-0.35638439056843363,1000.5397736048064,-0.5216386593992834,-205.68436187542105,1501.279972544733,-0.3994341748819905,-348.1687138108232,1409.287752931483,-0.2655021685572534,-443.79099818255486,1209.8058543444165,-4.310078663768697,-504.17275026987915,1050.1559449921886,-1.7278813826167687,6.536797892459866,797.0091624602403,-3.887233478792981,-0.7480066569409296,800.148151338434,-0.9132609257717794,-1.3251423020778341,799.571015693297,-1.490396570908684,-2.2840854940250255,798.6120725013499,-2.4493397628558755,-1.1979170666962293,799.6982409286786,-1.363171335527079,197.28501414889467,1503.3617102761123,1.6823035564972058,349.50687729900045,1409.170688890454,-2.932863133680582,453.7410395533536,1210.9001204975514,5.115972467175509,504.90322438803605,1038.730295262379,-4.788239618464968,6.718490624706229,802.811889406828,-4.867384343667053,1.1973390659959675,802.0934970613708,1.0320847971651177,-0.5538206675704767,800.3423373278044,-0.7190749364013265,-0.7106018628913682,800.1855561324835,-0.875856131722218,-1.4127574207385198,799.4834005746363,-1.5780116895693697,-151.87503902438144,912.063037424758,6.9923783221245195,-154.83409787395257,559.1039785751869,4.033319472553385,-154.6785904449439,109.2594860041956,4.188826901562067,-1.389368553275956,799.5067894420989,-1.554622822106806,151.4551206741866,887.5170442250471,-7.412296672319362,153.9749566908182,540.0368802416788,-4.892460655687758,152.98602089485624,89.04794444571675,-5.881396451649711,-2.7743343100537516,798.1218236853211,-2.9395885788846012
280,2.8,-0.515632708589925,1700.3415333624812,-0.7077441720175734,-1.6624775822338325,1549.1946884888373,-1.8545890456614809,-1.6700494190837627,1299.1871166519875,-1.862160882511411,-1.470495204933308,1399.3866708661378,-1.6626066683609564,-0.9164935285351008,1199.940672542536,-1.1086049919627492,0.19138843477508405,1101.0485545058461,-0.0007230286525643503,-2.4895829851183997,998.3675830859528,-2.681694448546048,-203.3533285039052,1503.2687502049268,1.7956800089579315,-346.79362578244053,1409.8072394829628,0.2292163371741557,-444.3921248594856,1209.3131381583842,-4.740886175327736,-503.45555940298135,1049.8695576889857,-0.979259917725362,5.392174779626532,796.1282325081754,-5.4980477986566365,-0.40127998069325055,800.4558860903779,-0.593391444120899,-2.522037152063919,798.3351289190073,-2.7141486154915677,0.38077672789027805,801.2379427989614,0.18866526446262966,0.08365060557337523,800.9408166766445,-0.10846085785427317,198.83588242676527,1504.552869000157,3.079798804188177,347.0192973538211,,-5.68432258907378,452.46359461261176,1208.8145650714941,3.532884129173289,503.5358058070051,1036.9624705560332,-6.345875986413578,6.048675977606664,801.5093483617385,-5.715053940612677,-1.3987196758139577,799.4584463952572,-1.5908311392416061,-3.4582453282963046,797.3989207427749,-3.6503567917239526,-1.7851404016398917,799.0720256694312,-1.9772518650675401,-1.0424073960284868,799.8147586750426,-1.2345188594561352,-154.54197578960316,908.8913283005469,4.299354129851943,-152.90442737118696,560.528876718963,5.9369025482681375,-152.58985618313275,110.84344790701725,6.251473736322351,0.7485621000947698,801.605728171166,0.5564506366671214,152.86184722112543,889.4285431309754,-5.979482698329649,153.66554394688458,540.2322398567345,-5.175785972570512,152.9493233963108,89.51601930616081,-5.892006523144292,-2.9062465186256325,797.9509195524455,-3.098357982053281
281,2.81,-1.6695308459207254,1699.1482079626437,-1.8886170920540113,-3.6194545899771535,1547.1982842185873,-3.8385408361104396,-1.1789522333386495,1299.6387865752258,-1.3980384794719354,-2.0755087830680456,1398.7422300254964,-2.2945950292013317,-1.128523522825227,1199.6892152857392,-1.3476097689585131,-1.0618279696157256,1099.7559108389487,-1.2809142157490112,-0.23118451699134157,1000.5865542915731,-0.45027076312462744,-204.30897158003077,1501.962972292841,0.6984219351245926,-348.7438166623711,1406.9944693720256,-2.5896698631655273,-443.8728775834515,1209.9456773318093,-4.01374783186435,-501.28685563250036,1051.0007183106018,1.1939448915738744,6.2353564771597005,797.2917502753368,-5.04245736687294,-1.3950715864252818,799.4226672221391,-1.6141578325585677,0.3474630519971451,801.1652018605615,0.12837680586385924,-1.7114402199201708,799.1062985886442,-1.9305264660534567,-2.8016290537557618,798.0161097548087,-3.0207152998890474,198.2236911139535,1503.5743751943312,2.309824836614918,349.3309790182652,1407.1522049869448,-3.6278011969666784,455.1064092535936,1210.6442780339696,5.86935345686681,504.018520093194,1037.115685037848,-5.982623139622113,5.731315628430316,800.6088228703677,-6.1242648596197755,2.0097427367848075,802.8274815453492,1.7906564906515217,-2.9432184116803097,797.8745203968841,-3.1623046578135954,-2.358949053841492,798.4587897547229,-2.578035299974778,-1.9941909548831451,798.8235478536812,-2.2132772010164308,-150.3782226329296,912.5286076260735,8.41063308995804,-149.6156732433203,563.2911570156829,9.173182479567373,-151.47607188289814,111.43075837610498,7.312783839989512,-1.5567529602049555,799.2609858483595,-1.7758392063382413,152.92449510151138,890.0176648425083,-5.864360621376267,153.0536485161227,540.1468182571195,-5.7352072067649615,152.56842471639536,89.66159445739221,-6.220431006492315,-1.8559800880597281,798.9617587205047,-2.0750663341930142
282,2.82,-4.352369177815374,1696.425516897609,-4.598539136302701,-1.2341213295314593,1549.5437647458928,-1.4802912880187866,-2.1719707683257283,1298.6059153070985,-2.418140726813056,-1.657091204677722,1399.1207948707465,-1.9032611631650493,-1.4307679827697952,1199.3471180926545,-1.6769379412571226,-0.6040763764458682,1100.1738096989784,-0.8502463349331956,-1.4538600523413632,999.3240260230829,-1.7000300108286905,-202.07840594534036,1503.8359545729563,2.7819208777459847,-343.18321766710767,1411.688245883408,2.1170823009650395,-444.929438015,1209.006198166324,-4.825835070773971,-501.155858826347,1050.0655998471495,1.3038818098745701,7.191052811605909,798.6252209306552,-4.39274294595897,2.5608743884724574,803.3387604638966,2.31470442998513,-0.9590359287756625,799.8188501466485,-1.2052058872629898,0.0876138655314993,800.8654999409557,-0.15855609295582807,-2.9834108309004934,797.7944752445237,-3.229580789387821,200.20393976899004,1505.1821819983145,4.128148303104163,351.92359129238633,1408.8013774503636,-1.2803907779649597,454.0471914954892,1208.769566647237,4.504450242591789,506.3113815332493,1039.1529774122805,-3.7366854340494866,6.131143434845666,800.4764111256313,,-0.9543412890948733,799.8235447863293,-1.2005112475822006,-4.496958726034245,796.2809273493899,-4.743128684521573,-1.660637398762326,799.1172486766618,-1.9068073572496533,-1.5736876410912235,799.204198434333,-1.8198575995785509,-154.0331852970596,908.3261781699604,4.677032696182009,-153.47849880189412,558.8808646651258,5.231719191347473,-152.85156566547346,109.50779780154656,5.8586523277681435,-5.594592819947236,795.183293255477,-5.840762778434563,150.60596594584206,888.2466024788221,-8.104252047399537,153.54050014133563,541.1811366743156,-5.169717851905979,152.2802562536163,89.92089278659628,-6.42996173962531,-0.2505569511034347,800.5273291243208,-0.49672690959076204
283,2.83,-2.910417866843839,1697.8272000448512,-3.183771724088306,-0.013640004687996976,1550.723977907007,-0.28699386193246346,-1.9714819377698103,1298.7661359739252,-2.2448357950142768,-0.7290317589831179,1400.0085861527118,-1.0023856162275844,-2.426198213645554,1198.3114196980496,-2.6995520708900203,-3.9698478974317277,1096.7677700142633,-4.243201754676194,-2.244731706263764,998.4928862054312,-2.5180855635082304,-202.54138828348403,1503.0083801073542,2.1666709649264635,-345.73040754304833,1408.2727059240428,-1.2659891771467668,-447.5169927505388,1206.5383705961344,-7.133457643288593,-501.3281832327954,1048.804255400847,1.086552223610749,6.430182964152525,798.299904608791,-5.375595231434826,-2.8873076136157048,797.8503102980792,-3.1606614708601715,-1.2324575858763027,799.5051603258187,-1.5058114431207692,-2.6057412620609934,798.1318766496339,-2.87909511930546,0.10175624197597122,800.8393741536709,-0.17159761526849526,196.7420029254618,1501.3421248061613,0.5004156637336923,352.0551975731146,1407.9787137469984,-1.3828225631319369,456.43883613397367,1210.3458967450456,6.592416715676797,504.02573664207074,1036.6882546328304,-5.995486607206431,6.676022190748749,800.540874450183,-5.104038451877566,-1.7833652518618932,798.9542526598331,-2.0567191091063597,-2.2864311427178685,798.4511867689771,-2.5597849999623348,-0.7111063908768915,800.0265115208181,-0.984460248121358,-1.1773843078839847,799.560233603811,-1.4507381651284512,-155.50680417547053,906.2848613481677,3.09891751952008,-152.3367590316895,559.4549064919488,6.268962663301135,-154.20872963419558,107.58293588944271,4.396992060795041,-0.8805270085929602,799.857090903102,-1.1538808658374267,150.3242304848124,888.5325649611741,-8.281491210178217,153.93118325946543,542.1395177358272,-4.674538435525194,155.19508370667316,93.40341818303489,-3.410637988317455,-0.6305486356578376,800.1070692760371,-0.9039024929023041
284,2.84,-0.09807106746732974,1700.5988734595123,-0.39870018473128654,-3.135332928166253,1547.5616115988132,-3.4359620454302098,-1.2988066707720036,1299.3981378562075,-1.5994357880359606,-0.782078828522572,1399.914865698457,-1.0827079457865287,-1.4946789109963072,1199.2022656159832,-1.795308028260264,-0.886239965444534,1099.810704561535,-1.186869082708491,-0.5152097491513765,1000.1817347778283,-0.8158388664153333,-203.61256133478435,1501.5660544837508,0.9382865813486465,-345.31161518421976,1407.8243080520351,-1.6620654907104846,-446.3155769139249,1207.860970427102,-5.617902267319147,-505.34968802405973,1043.676726926562,-3.0020628611977767,7.745067783377213,800.1079963649256,-4.196941902752228,,796.8850660929058,-4.112507551337838,-2.9694199829017696,797.7275245440779,-3.2700491001657266,-2.6189726330199905,798.0779718939597,-2.919601750283947,1.7262105079482863,802.423155034928,1.4255813906843295,199.42408898377317,1503.6408795706577,3.0131116682556707,351.95679862115463,1406.9181820400493,-1.702929743957602,459.3491550318886,1212.4436141286499,9.202392064551997,508.10429638929355,1040.6663006642964,-1.8156530880440895,6.617372930012001,800.0540682887263,-4.996362616000149,-2.7919925371570904,797.9049519898226,-3.0926216544210474,0.8232769045412416,801.5202214315209,0.5226477872772848,-4.7079901242253515,795.9889544027543,-5.008619241489308,-0.29592117631420845,800.4010233506655,-0.5965502935781652,-152.51788326372218,908.6866666466148,5.957869066963779,-151.17301119779214,560.0315387125448,7.302741132893833,-152.69586001917665,108.5086898911603,5.7798923115093235,-1.7405052320836325,798.9564392948961,-2.0411343493475895,152.61735178286582,891.4128018725289,-5.85840054782014,151.44415240075807,540.2396024904211,-7.031599929927899,153.17202129419553,91.96747138385858,-5.303731036490441,,797.9105911866684,-3.086982457575194
285,2.85,-5.532918655328639,1695.1229576421304,-5.860905489768215,0.48644597399689693,1551.142322271456,0.15845913955732116,-1.119167263034273,1299.5367090344248,-1.4471540974738488,-1.5348195228714434,1399.1210567745875,-1.8628063573110192,-2.189168209080533,1198.4667080883785,-2.5171550435201087,-2.524741674162141,1098.131134623297,-2.8527285086017167,-2.513459909360919,998.1424163880982,-2.8414467438004953,-199.53570734926697,1505.2656517942291,4.853248524119273,-346.0769013188743,1406.1956416142632,-3.218239931037405,-445.38447979007674,1208.9134797817767,-4.339832852197641,-500.1860088324568,1047.7234708277751,2.074441124942524,7.307110767479031,800.2202988254478,-4.684280943647147,1.1067398535153046,801.7626161509744,0.7787530190757288,-0.8766241621844966,799.7792521352746,-1.2046109966240723,-3.9168622945970206,796.7390140028621,-4.244849129036597,-0.15839035824301884,800.4974859392161,-0.4863771926825946,197.02276679901547,1500.8514887956333,0.4390855255233923,351.9662800664592,1405.9606363853868,-1.901705343692168,455.4538777159543,1207.740936485659,5.011407383204211,507.6821764654781,1040.223797127583,-2.061984730974093,7.032324790701989,800.0930978907542,-4.331160506819165,,797.0692644140963,-3.914598717802358,-1.025042658579075,799.6308336388801,-1.3530294930186508,-0.831111126719955,799.8247651707392,-1.1590979611595307,-3.784599003470344,796.8712772939888,-4.112585837909919,-149.8793629295615,910.7195170488751,8.441411557935478,-152.00661404517598,558.5922659332606,6.31416044232099,-151.52991257395865,109.06896740447803,6.790861913538311,-4.165920643158067,796.4899556543011,-4.493907477597643,150.32155002404906,889.7226700456124,-7.9992244634479235,152.87584441639498,542.2769644379583,-5.4449300711019974,155.38306857032458,94.7841885918879,-2.9377059171723956,-0.2874496712225183,800.3684266262366,-0.6154365056620941
286,2.86,0.3799085847023569,1700.9943323475513,0.024490556033254895,-3.741488380515559,1546.8729353823335,-4.096906409184661,-1.407535015907377,1299.2068887469416,-1.762953044576479,0.23820652352435956,1400.8526302863734,-0.11721150514474243,-1.854756492318269,1198.7596672705306,-2.210174520987371,-2.670829601487174,1097.9435941613617,-3.026247630156276,-0.44395608172832357,1000.1704676811206,-0.7993741103974256,-201.77769103223906,1502.6407711113286,2.4449606583479717,-344.1500435438064,1407.2655327472116,-2.055413838616441,-444.93532215480224,1209.4830160695044,-3.5123619723597885,-499.9573234349599,1046.8305476086339,2.1981003133848636,5.042268602452252,798.5616885188117,-6.911219225571282,-1.9736074657932734,798.6408162970556,-2.3290254944623756,-2.4283063743427444,798.1861173885062,-2.7837244030118464,-2.139468505008698,798.4749552578402,-2.4948865336778,,801.1598221877091,0.18998039619111817,199.25954520108215,1502.695940453151,2.500130000170319,350.7928852688212,1403.8182794798824,-3.2688345698042243,457.604354730597,1209.091648314493,6.872083516677799,504.22631400663806,1036.8287244229364,-5.268044428663405,7.849348990362041,800.585962158229,-3.1820980701115307,-2.888395569414878,797.7260281934341,-3.24381359808398,-3.198774463319288,797.4156492995296,-3.55419249198839,-0.937524861818446,799.6768989010304,-1.292942890487548,-1.7677077007801163,798.8467160620688,-2.1231257294492183,-151.43186003282696,908.5437069436717,6.70947009298846,-151.87281344641394,558.1027535300848,6.268516679401489,-152.92208746874647,107.05347950775224,5.219242657068956,-3.9200442779013196,796.6943794849476,-4.275462306570422,149.8085955885762,889.8330286120774,-8.332734537239226,152.03656446529243,542.0609974887936,-6.104765660523004,154.21498726647482,94.23942028997611,-3.9263428593405982,-3.2030513711605373,797.4113723916884,-3.5584693998296393
287,2.87,-0.5978424262900177,1699.9747551970047,-0.9807560731523661,1.7962988042996004,1552.3688964275943,1.413385157437252,1.1783561225127963,1301.7509537458077,0.7954424756504479,0.07600654310316957,1400.648604166398,-0.30690710375917885,-0.11723902860921709,1200.4553585946855,-0.5001526754715655,1.236467364442138,1101.809064987737,0.8535537175797896,-1.0605982304691524,999.5119993928257,-1.4435118773315008,-202.2715674100505,1501.7588280346033,1.7806416454072689,-341.6856247432702,1408.8819472366413,-0.3253955900028185,-446.00399362282786,1208.5324011319667,-4.172981936441521,-500.0706674580258,1045.597260082877,1.9642388585727164,3.974349195176087,798.154413886987,-7.854178337838678,-0.7642988087856685,799.8082988145092,-1.1472124556480168,-0.9125242853133292,799.6600733379815,-1.2954379321756777,-1.7285962667407162,798.8440013565541,-2.1115099136030646,-1.4919483664467168,799.0806492568481,-1.8748620133090652,200.45309309831856,1503.4933874776434,3.5152010884473492,350.6604741718553,1402.7179114939395,-3.5794409862003262,455.6684211515866,1206.3659562877244,4.653489231244301,508.20782241044657,1040.9527051077218,-0.9638048822635863,4.7700362059242805,797.233344839737,-5.850339359653658,-2.6990968760028142,797.873500747292,-3.082010522865163,0.14603409931213895,800.7186317226069,-0.23687954755020946,-1.2864610531282392,799.2861365701666,-1.6693746999905876,0.8828167348297637,801.4554143581246,0.49990308796741534,-151.06027006775878,908.2752978459315,6.877766548609703,-152.73050953279636,556.605058380894,5.207527083572134,-151.27602335563185,108.05954455805842,6.662013260736636,0.08297330267638348,800.6555709259712,-0.29994034418596494,151.5191951133172,892.1836271996269,-6.418841503051266,150.54625328192597,541.2106853682357,-7.391783334442517,154.74181227129026,95.40624435759996,-3.196224345078236,-2.636299923780116,797.9362976995147,-3.0192135706424645
288,2.88,0.6166116369700461,1701.1470203731762,0.20614707098339347,-1.974543131050212,1548.555865605156,-2.3850076970368645,-2.843757863436913,1297.6866508727694,-3.254222429423566,-0.7375944416293934,1399.7928142945768,-1.148059007616046,-1.0813266410298468,1199.4490820951764,-1.4917912070164994,-1.6783078574185102,1098.8521008787877,-2.088772423405163,-2.252139518962868,998.2782692172434,-2.6626040849495207,-201.80859853254256,1501.8290373919176,2.069307827961094,-341.8168942208257,1407.9141209391848,-1.1587719096399054,-447.48967875680415,1207.1611417928113,-5.222584220598448,-502.484872802479,1042.071167825457,-0.5834985441116514,5.852048881772606,800.7451366823165,-5.76535594990551,1.2168852628741942,801.7472939990805,0.8064206968875416,-1.284843775591034,799.2455649606153,-1.6953083415776866,-1.2421104540561783,799.2882982821501,-1.6525750200428309,-0.9584799480317691,799.5719287881745,-1.3689445140184215,199.24608579277975,1501.8869934658717,2.1272639019152244,353.96435951088927,1405.0577563850811,-0.4372551223000021,456.9758963984463,1206.895981222611,5.686635870346355,506.2208141382707,1039.1898195299293,-2.5568225866097345,3.6606057148176085,795.9001412807613,-6.473014038548836,-0.7654224547067219,799.7649862814995,-1.1758870206933745,0.48930391002804163,801.0197126462343,0.07883934404138904,-1.5816226181324997,798.9487861180738,-1.9920871841191523,0.7673394771219473,801.2977482133283,0.3568749111352947,-151.9915626743254,906.6883205917849,5.720021858817855,-152.4014582803779,556.2784249857323,5.310126252765335,-150.3065751399262,108.37330812618407,7.40500939321705,-2.4562266037176066,798.0741821324887,-2.8666911697042594,151.32097218077809,892.6410889146679,-6.39061235236516,153.129396279706,544.4495130135958,-4.58218825343725,150.44194716825206,91.76206390214179,-7.269637364891187,-1.530838461108771,798.9995702750975,-1.9413030270954237
289,2.89,-1.632988971251172,1698.8548791417809,-2.0710505674000332,-1.1167096956893945,1549.3711584173427,-1.554771291838256,-1.4314408833588017,1299.0564272296733,-1.8695024795076631,-1.2532175165646255,1399.2346505964674,-1.6912791127134872,-0.4202081099317654,1200.0676600031004,-0.8582697060806268,-2.840087937392976,1097.6477801756391,-3.2781495335418374,-0.5421829679278927,999.9456851451042,-0.9802445640767541,-198.78023651764656,1504.4604295907848,4.919789766900378,-341.7199784125412,1407.1883409276536,-1.7291283373307538,-446.3598967558125,1208.4003969635376,-3.630492112037567,-500.4906365208715,1042.967970529631,1.2667544877055261,3.8894442895606898,799.54543221532,-7.432227236689307,-0.6997969354046496,799.7880711776274,-1.137858531553511,0.2910396279276286,800.7789077409598,-0.1470219682212328,-0.2891090739726305,800.1987590390595,-0.727170670121492,-0.9561506723813452,799.5317174406507,-1.3942122685302065,200.6203903511933,1502.8591174276023,3.318477603717872,357.14119215134065,1407.2773375049226,2.5952662791947607,457.5182211223297,1206.675387463533,5.964109294280059,508.01493019335777,1041.2891324780458,-0.29970033205886715,4.963273115969567,797.0268473683233,-4.611821636083295,-2.1243832475200124,798.3634848655121,-2.562444843668874,-1.179065469371103,799.308802643661,-1.6171270655199643,-5.184314269828352,795.3035538432038,-5.622375865977213,-0.05872979926606137,800.429138313766,-0.4967913954149228,-152.14083821515283,905.8687163185084,5.321896995099983,,554.6572667811334,4.110447457725006,-151.55192603059038,106.45762850307092,5.91080917966242,-2.696379762033719,797.7914883509984,-3.1344413581825803,150.59467125323712,892.5851167195758,-6.868063957015696,151.06573133222003,543.0561767985588,-6.397003878032794,152.8020284557431,94.7924739220818,-4.660706754509699,-2.1652820598925615,798.3225860531395,-2.6033436560414227
290,2.9,-4.4042516653928985,1696.0407352505827,-4.869947149105605,-4.1501938880870455,1546.2947930278885,-4.615889371799753,-3.672587062534018,1296.7723998534416,-4.1382825462467245,-0.32616188667923196,1400.1188250292962,-0.7918573703919389,-1.6599462892972254,1198.7850406266782,-2.1256417730099324,-1.8508409715218526,1098.5941459444537,-2.3165364552345595,-0.4922589408255825,999.95272797515,-0.9579544245382895,-199.61895963267037,1503.221013926001,3.899895736257129,-341.8405224652807,1406.2612961052403,-2.4797000989989666,-448.47058658808703,1206.3928994109456,-5.254538456266735,-500.51763298104186,1041.8643478371205,1.0879432754219645,5.573632428447258,802.0394419792856,-5.36989284372251,2.034083878358186,802.4790707943337,1.5683883946454793,-2.1761524101013996,798.2688345058741,-2.6418478938141066,-0.3749504451542882,800.0700364708213,-0.8406459288669952,-1.3952835009902378,799.0497034149853,-1.8609789847029448,198.58025590781628,1500.4145034640003,1.0933852742566443,355.42714742066335,1404.6156543976076,0.7551222596098113,457.4834418639828,1205.8943603975208,5.675049818543623,506.03041088814257,1039.689765493238,-1.7550036425815623,1.8914307836019888,793.8247646105824,-7.057818646259678,-1.0317529505267942,799.4132339654487,-1.4974484342395011,1.7399802078703448,802.1849671238458,1.2742847241576378,-1.9719234240091494,798.4730634919664,-2.4376189077218564,-0.5069065034250266,799.9380804125504,-0.9726019871377336,-154.0807198112671,903.2449418443593,3.1115982604064434,-150.4942882435433,556.8313734120832,6.6980298281302275,-151.80527741379487,105.52038424183162,5.387040657878678,-1.3656013707560437,799.0793855452195,-1.8312968544687507,150.70775032178997,893.3820886661634,-6.484567749883565,149.51656774470823,542.1909060890817,-7.675750326965321,151.11570752338736,93.79004586776088,-6.0766105482861805,0.022645703617861557,800.4676326195934,-0.4430497800948454
291,2.91,-0.6431417071795493,1699.7586347474728,-1.1364986216300563,-1.381889769143259,1549.019886685509,-1.875246683593766,-0.7305634514382169,1299.671213003214,-1.2239203658887239,-0.8172845367375212,1399.5844919179149,-1.3106414511880282,-1.801711688146459,1198.6000647665057,-2.2950686025969658,-3.239361012822167,1097.16241544183,-3.732717927272674,0.4475937392756404,1000.849370193928,-0.04576317517486661,-201.00563028265253,1501.4304199739877,2.3290533063332797,-342.88538768721946,1404.4283723089595,-4.115078353561792,-449.80342521886007,1205.155644504762,-6.078376188964738,-501.2427753109257,1040.0896500502379,0.2057997583875384,5.177278614789804,802.4964381678614,-5.308513884716219,-1.084391875231049,799.3173845794214,-1.577748789681556,-1.5127057624334688,798.889070692219,-2.006062676883976,0.41477623207291336,,-0.07858068237759364,0.8282596295001621,801.2300360841525,0.3349027150496551,197.75044519357078,1499.1784116689407,0.0770450012863817,357.3467039191489,1405.599952309139,2.5675423916790763,461.73789725168115,1209.421285897789,9.686833940007118,505.40526489302823,1039.5280718314975,-1.7880742308543163,2.122577691968684,793.9689577473157,-6.138452104779639,0.6342818741257328,801.0360583287782,0.14092495967522578,-0.05633948250237464,800.34543697215,-0.5496963969528816,1.3954723971767635,801.7972488518292,0.9021154827262565,1.1932664531638364,801.5950429078163,0.6999095387133294,-154.99655977179327,901.63276052185,1.904667971753443,-154.21971786985813,552.409602423785,2.6815098736885785,-150.36346449709757,106.26585579654557,6.537763246449145,-2.2549901669192045,798.1467862877332,-2.7483470813697117,151.62823396977058,894.9989136761275,-5.27299377377613,150.79881439388453,544.1694941002413,-6.1024133496621955,149.11240031789768,92.48308002425456,-7.788827425649021,-0.8591179449376546,799.5426585097148,-1.3524748593881615
292,2.92,0.6472097404195825,1701.0054579231132,0.1261732236914519,-0.9220466790606417,1549.436201503633,-1.4430831957887724,-2.93763975020315,1297.4206084324906,-3.458676266931281,0.3264301620709922,1400.6846783447647,-0.19460635465713838,-2.9949937419708945,1197.3632544407228,-3.5160302586990255,0.8860567566564754,1101.24430493935,0.36502023992834487,0.18445057297601442,1000.5426987556696,-0.33658594375211615,-202.02538717759165,1500.0040048028395,1.122416743859144,-344.2404722792966,1402.3058245195932,-6.019039192191642,-448.01791883161195,1207.0278060162752,-3.7635615818356847,-497.6932962784098,1042.6227699752305,3.595730763314184,6.833135124287309,805.0453628592678,-3.118771212771521,-2.326960241650601,798.0312879410429,-2.8479967583787316,-0.06730009028622264,800.2909480924073,-0.5883366070143532,-2.5957219961922267,797.7625261865013,-3.1167585129203577,0.40900096676704023,800.7672491494606,-0.11203554996109033,201.30730079412845,1502.3276837567207,3.4460956977402812,354.46944039988875,1401.8025100310458,-0.3972201140648084,457.82115293773165,1204.7976789172665,5.540005067637081,505.0392825615083,1039.70166002828,-1.502994588683392,4.1446497031160865,795.9446157134165,-3.371188860820854,-1.3964824730902097,798.9617657096034,-1.9175189898183402,-0.24079118469904714,800.1174569979945,-0.7618277014271777,-1.2454180022854708,799.1128301804081,-1.7664545190136014,1.612002056772069,801.9702502394656,1.0909655400439384,-151.15085251464384,904.7708264766287,5.43956844482321,-149.98862851473183,555.9330504765408,6.601792444735218,-152.729412263461,103.19226672781156,3.8610086960060688,-1.1146970039713116,799.2435511787222,-1.6357335206994421,150.3650166667854,894.4433376755128,-6.225404292681644,150.24691267516545,544.3252336838929,-6.3435082843016115,153.68926577663842,97.76758678536589,-2.901155182828627,1.3835718208029613,801.7418200034965,0.8625353040748307
293,2.93,0.14667785317290427,1700.4610915474634,-0.40204701154919187,-1.3696480112464688,1548.9447656830441,-1.918372875968565,-1.6578702389120914,1298.6565434553784,-2.2065951036341875,0.1089372100102346,1400.4233509043008,-0.43978765471186154,-1.7954597739495226,1198.5189539203411,-2.344184638671619,-2.2839259713469997,1098.0304877229435,-2.832650836069096,-0.5034938240078028,999.8109198702828,-1.052218688729899,-201.56593093629488,1500.05456674114,1.3925809720654916,-342.1157542412988,1403.685727308801,-4.399594253242558,-449.7200529078744,1205.402093071684,-4.91819609963736,-498.37483091124307,1040.964013990452,2.7547048748835588,5.289417406212132,804.4302285414234,-4.0564623117597485,-4.7706296455438615,795.5437840487467,-5.319354510265958,-1.5944612124275388,798.719952481863,-2.143186077149635,-1.1941685484558802,799.1202451458347,-1.7428934131779763,-1.839256184042879,798.4751575102476,-2.387981048764975,203.3128775194396,1503.924874799493,5.26288903041846,357.05445843101563,1403.4850538235312,2.120530786710687,459.36630419746166,1205.658480177715,6.868572198648318,501.5290479257892,1036.8044203801596,-4.307549471135561,1.940847774555895,793.7319131171187,-4.7786434260075685,1.8783301926029794,802.1927438868935,1.3296053278808833,-2.445472915846662,797.8689407784439,-2.9941977805687583,-1.7013396131093041,798.6130740811813,-2.2500644778314003,-1.4340248371675057,798.8803888571231,-1.9827497018896019,-149.30851408318486,905.895402136648,6.952399186685209,-153.38288545181308,551.8210307680199,2.878027818057006,-152.7094026252346,102.49451359459837,3.551510644635486,-1.5444848992522326,798.7699287950383,-2.093209763974329,151.38338340719247,896.1794671873595,-4.877529862677606,152.82005638848037,547.6161401686475,-3.440856881389699,150.83679908613675,95.6328828663038,-5.424114183733308,-1.6111829031288485,798.7032307911617,-2.1599077678509446
294,2.94,-2.2096362798498985,1698.0606484408377,-2.7860487615175966,-2.0602206701964056,1548.2100640504912,-2.636633151864104,,1298.4965891780726,-2.3501080242825325,-2.742979906744438,1397.5273048139431,-3.319392388412137,-6.197270888001554,1194.073013832686,-6.773683369669252,-0.42164915370234135,1099.8486355669852,-0.9980616353700399,-2.90698548143099,997.3632992392565,-3.483397963098689,,1500.4010739710072,1.9583103559467414,-341.94927746337703,1403.131982535247,-4.692983935348753,-449.40873199341667,1205.7783174010474,-4.043357729085945,-492.7543609407969,1045.6521126462778,8.21827813479426,5.6085565724580215,805.70889849969,-3.0637173127809767,-0.7647778820163487,799.5055068386712,-1.3411903636840472,-1.2478882731510699,799.0223964475364,-1.8243007548187684,-2.715850381790963,797.5544343388965,-3.292262863458662,-3.6839646430169593,796.5863200776705,-4.260377124684658,199.4269102867278,1499.6302204772596,1.187456862198952,355.943302163015,1401.4916687716698,0.9628505967912089,455.7623904535993,1201.3944652372143,3.0624208186720323,506.2898630237648,1042.2484678880999,1.2087291957182154,-0.22266605810961115,791.5937417702154,-6.1008349127846095,-2.9793155251266423,797.2909691955608,-3.5557280067943404,-0.274501326185834,799.9957833945017,-0.8509138078535325,-1.1902397612326763,799.0800449594548,-1.7666522429003748,-2.669747719550325,797.6005370011371,-3.246160201218024,-150.58817310081196,903.8890642197852,5.3256024664673625,-149.66046274693906,554.816774573658,6.253312820340243,-151.5042320854475,102.97300523514959,4.409543481831786,-3.01559242475831,797.2546922959292,-3.5920049064260082,150.53367085387805,896.0564335332809,-5.380104713401259,151.33416336889115,546.8569260482941,-4.5796121983881415,149.52172121265403,95.0444838920569,-6.392054354625285,-1.3989022811789604,798.8713824395086,-1.975314762846659
295,2.95,-1.0602197443886026,1699.1656533822318,-1.6643095875256602,-2.610208135374295,1547.6156649912461,-3.2142979785113526,-0.7690246676808155,1299.4568484589397,-1.373114510817873,-2.819306113695132,1397.4065670129253,-3.4233959568321897,-2.075694307041025,1198.1501788195794,-2.6797841501780826,0.843798713732915,1101.0696718403533,0.23970887059585744,,1002.708392251299,1.8784292815414552,-199.09865340830015,1501.6993554290648,3.4752297962213903,-339.8367216293408,1404.5507436842622,-2.9932538089772946,-453.69906852089815,1201.5401114814636,-7.756381183297194,-496.4890580104356,1041.0353342353865,4.3317219318430515,2.980330177617151,804.0662488595875,-4.955832375597295,-4.545000662840318,795.6808724637801,-5.149090505977376,-1.8004584298553425,798.4254146967651,-2.4045482729924004,-0.5690097286302793,799.6568633979902,-1.173099571767337,-1.2857227733904741,798.9401503532299,-1.8898126165275317,202.97707573609725,1502.7718980604016,4.547772427558252,356.2268897128348,1400.9157221158118,1.2210828573984083,459.44284219175375,1204.44068641973,6.555756506012183,503.4908445664484,,-0.7903062349962828,-1.1966092789696876,790.6759075774527,-6.194977809636013,-1.4162366801449644,798.8096364464755,-2.020326523282022,-0.8651744411758328,799.3606986854446,-1.4692642843128905,-0.6582020546405598,799.5676710719798,-1.2622918977776174,-1.5957998340193154,798.6300732926011,-2.199889677156373,-149.9916516925468,903.7512196613022,5.558478747232752,-151.4577772724431,552.2850940814059,4.09235316733646,-151.66487016534654,102.07800118850244,3.8852602744330316,-1.9571580554246497,798.2687150711957,-2.5612478985617075,151.17852621620483,897.4356548623558,-4.3716042235747485,153.00062510165975,549.2577537478107,-2.5495053381198223,150.3052051882518,96.5623338344028,-5.244925251527772,0.6252125560100721,800.8510856826305,0.021122712873014482
296,2.96,-1.9639551339948857,1698.2172357727084,-2.5957025143407746,0.5310891984809667,1550.7122801051842,-0.10065818186492215,-1.9938871071427697,1298.1873037995606,-2.6256344874886586,-2.216575047431114,1397.9646158592723,-2.8483224277770027,-1.2875119966112583,1198.893678910092,-1.919259376957147,-1.9149297526470936,1098.266261154056,-2.5466771329929827,-3.270125047432715,996.9110658592706,-3.9018724277786037,-198.49862509445845,1501.8867972528658,3.8805213693428193,-340.7941717952406,1402.9276410065388,-4.315030066207392,-453.7564146276602,1201.520903604637,-7.22488095457669,-493.87226157473447,1042.8254657719083,6.80401744956506,5.549321514083765,807.6416622544268,-1.5937705027425206,-0.6777411191050265,799.5034497875982,-1.3094884994509153,-1.410169489047543,798.7710214176558,-2.0419168693934315,1.5416819747918395,801.7228728814952,0.9099345944459507,-2.8966790081803744,797.284511898523,-3.5284263885262632,201.4301009678034,1500.8171345146104,2.81085863108737,358.7697017284972,1402.624044147869,3.760045260786636,460.61054657984874,1205.0015339356833,7.552167565820408,505.6031188488317,1043.1238255063615,2.160814317584582,0.5504288202765406,792.5061773212575,,-1.9736701162414678,798.2075207904618,-2.6054174965873567,,799.7962336798848,-1.0167046071643484,-0.17647036379080316,800.0047205429125,-0.808217744136692,3.4803425398330807,803.6615334465364,2.848595159487192,-148.37049334303526,904.6315745226168,6.800655022608348,-152.59387269369418,550.4081951719578,,-151.95108262443028,101.05098524122175,3.220065741213326,-0.5005707488613429,799.680620157842,-1.1323181292072317,152.06337800964954,899.0613101439975,-3.107770355994071,149.746235314645,546.744167448993,-5.424913050998607,149.55173347733384,96.54966561168179,-5.619414888309768,-1.301081935510693,798.8801089711926,-1.932829315856582
297,2.97,-2.3675259877276824,1697.768724194037,-3.026901471215604,-1.092415588946699,1549.043834592818,-1.7517910724346206,-2.0315848379845978,1298.1046653437802,-2.6909603214725193,0.3255817436567574,1400.4618319254216,-0.3337937398311641,-0.29311581003839016,1199.8431343717264,-0.9524912935263117,-0.34059264303444525,1099.7956575387304,-0.9999681265223668,0.28526846997983935,1000.4215186517447,-0.3741070135080822,-200.4962765092686,1499.4763381414484,1.6869198820408111,-338.722634001245,1404.3632611149167,-2.5580403454194536,-454.23074053902604,1201.0695462675587,-7.101120820503679,-497.78069612599484,1038.1505570898898,2.760612314348918,4.106497843421733,807.220643257081,-2.1925396899138994,1.0506809708732874,801.1869311526382,0.39130548738536586,-0.13218993329990636,800.004060248465,-0.7915654167878279,-2.9332685990954346,797.2029815826695,-3.592644082583356,-1.1031137069482237,799.0331364748167,-1.7624891904361453,199.58067026951227,1498.5611125973714,0.7716943379637611,357.7544527397957,1400.801592305455,2.762698913183621,458.1735717938011,1201.9864562098905,4.960346708028633,506.2492530771353,1044.6402106320518,3.67865198637998,1.6252200626125664,793.6875518745854,-1.5253663713180843,0.2661336176418876,800.4023837994068,-0.39324186584603393,-2.1655047201556203,797.9707454616092,-2.824880203643542,-1.481946536180537,798.6543036455844,-2.1413220196684586,-3.4926608055314157,796.6435893762335,-4.152036289019337,-150.0689936665956,902.1870999168948,4.709050095954675,-149.69319597613773,552.5628976073526,5.084847786412542,-147.816441231259,104.4396523522314,6.961602531291249,-1.075749231085686,799.0605009506792,-1.7351247145736075,151.82101571184307,899.5649221283527,-2.957028050707196,151.87339875160194,549.6173051681116,-2.9046450109483395,149.52159699233218,97.26550340884174,-5.25644677021809,1.1023815801176946,801.2386317618826,0.4430060966297731
298,2.98,0.32093555320717404,1700.4119987483416,-0.36602895188854023,1.1989812612125559,1551.290044456347,0.5120167561168416,1.0416373925662445,1301.1327005877008,0.3546728874705303,-3.4766107987194705,1396.6144523964151,-4.163575303815184,-1.5151641198500374,1198.5758990752845,-2.2021286249457517,-2.657276385919247,1097.4337868092152,-3.3442408910149615,-0.4652215782331547,999.6258416169013,-1.152186083328869,-197.98220763507246,1501.5778833922332,4.00412710242709,-339.26267434316344,1403.218503628002,-3.3617573384142077,-453.25873131990073,1202.0482260529784,-5.524101640970754,-495.87692809772125,1039.3524280374495,4.540939357659999,2.893838198024896,807.0394859023651,-2.5165181338938627,-1.1377383342732996,798.9533248608612,-1.824702839369014,1.6417212967386403,801.7327844918731,0.954756791642926,-0.0808257316307659,800.0102374635037,-0.7677902367264802,-2.725946191796052,797.3651170033385,-3.412910696891766,200.10394005187928,1498.6794851651478,1.1057288753415926,356.1078115389677,1398.377164732523,1.1558670026278728,455.2317570802257,1198.496546459693,1.880678809887716,502.4137318120795,1041.7280039593777,0.7413805299539996,1.040993142852809,793.229403088839,-1.1557063898323203,-4.471834749111784,795.6192284460227,-5.158799254207498,-0.9199989770241224,799.1710642181104,-1.6069634821198366,-0.4747678999720768,799.6162952951624,-1.161732405067791,-1.8179560128567283,798.2731071822777,-2.5049205179524425,-150.55998235115433,900.9462467010662,3.8120885541440788,-148.98284839807926,552.5233806541413,5.38922250721917,-147.1180098864515,104.38821916576909,7.254061018846945,-1.2350610271503495,798.8560021679841,-1.9220255322460638,152.30831540729204,900.8020863550714,-2.0637554980063757,154.6354340729048,553.1292050206843,0.26336316760636835,150.04359461541895,98.53736556319838,-4.328476289879475,-0.30090498798586496,799.7901582071486,-0.9878694930815792
299,2.99,-2.8815716419379873,1697.1640706669423,-3.596076405364732,-1.8749967072326288,1548.1706456016477,-2.5895014706593735,-0.6584229893284548,1299.3872193195518,-1.3729277527551995,-0.49313709137825423,1399.552505217502,-1.207641854804999,-0.5637628616727451,1199.4818794472076,-1.27826762509949,2.5833811786302814,1102.6290234875105,1.8688764152035369,-2.846486733761916,997.1991555751182,-3.560991497188661,-200.32281538871146,1498.8255407225165,,-341.6967428362666,1400.2122535409992,-6.007726496342842,-451.3076984793383,1203.988558484986,-2.9634639658756745,-494.63484738155273,1039.9611541324446,5.672912800592163,-0.9904980515431587,804.1904841649897,-5.474235685348164,-0.8001137357663246,799.2455285731138,-1.5146184991930693,-3.6030249578626004,796.4426173510176,-4.317529721289345,0.487687888640721,800.5333301975209,-0.22681687478602375,0.7995017789683065,800.8451440878484,0.0849970155415618,202.03930601488116,1500.2121417145097,2.8526487677195687,358.55183996464785,1400.074832702778,3.661672254132184,458.9357277176599,1201.6835546947223,5.4642539331576545,501.8377782436786,1042.1231864345111,1.0836555167835549,-1.0439199002179165,791.2861618525616,-2.2763322935596193,-3.249946108806961,796.7956962000732,-3.964450872233706,-2.3105654253626815,797.7350768835174,-3.0250701887894262,1.429703029101795,801.4753453379819,0.7151982656750502,-3.2043099037791913,796.841332405101,-3.918814667205936,-151.41615876706302,899.3376064549312,2.5383609592691014,-150.84548953074324,549.908275691251,3.109030195588894,-150.7189291219713,100.03483610002294,3.235590604360826,1.8208031867288323,801.866445495609,1.1062984233020876,151.44559190393366,900.6918266819395,-2.5089278223984675,150.72242025927864,549.9686550372844,-3.232099467053498,152.78459434815505,102.0308291261608,-1.1699253781770937,-4.614452879868283,795.4311894290119,-5.328957643295028
