frame,time,Head_x,Head_y,Head_z,Neck_x,Neck_y,Neck_z,Spine_x,Spine_y,Spine_z,Spine1_x,Spine1_y,Spine1_z,Spine2_x,Spine2_y,Spine2_z,Spine3_x,Spine3_y,Spine3_z,Hips_x,Hips_y,Hips_z,LeftShoulder_x,LeftShoulder_y,LeftShoulder_z,LeftArm_x,LeftArm_y,LeftArm_z,LeftForeArm_x,LeftForeArm_y,LeftForeArm_z,LeftHand_x,LeftHand_y,LeftHand_z,LeftHandThumb_x,LeftHandThumb_y,LeftHandThumb_z,LeftHandIndex_x,LeftHandIndex_y,LeftHandIndex_z,LeftHandMiddle_x,LeftHandMiddle_y,LeftHandMiddle_z,LeftHandRing_x,LeftHandRing_y,LeftHandRing_z,LeftHandPinky_x,LeftHandPinky_y,LeftHandPinky_z,RightShoulder_x,RightShoulder_y,RightShoulder_z,RightArm_x,RightArm_y,RightArm_z,RightForeArm_x,RightForeArm_y,RightForeArm_z,RightHand_x,RightHand_y,RightHand_z,RightHandThumb_x,RightHandThumb_y,RightHandThumb_z,RightHandIndex_x,RightHandIndex_y,RightHandIndex_z,RightHandMiddle_x,RightHandMiddle_y,RightHandMiddle_z,RightHandRing_x,RightHandRing_y,RightHandRing_z,RightHandPinky_x,RightHandPinky_y,RightHandPinky_z,LeftUpLeg_x,LeftUpLeg_y,LeftUpLeg_z,LeftLeg_x,LeftLeg_y,LeftLeg_z,LeftFoot_x,LeftFoot_y,LeftFoot_z,LeftToeBase_x,LeftToeBase_y,LeftToeBase_z,RightUpLeg_x,RightUpLeg_y,RightUpLeg_z,RightLeg_x,RightLeg_y,RightLeg_z,RightFoot_x,RightFoot_y,RightFoot_z,RightToeBase_x,RightToeBase_y,RightToeBase_z
0,0.0,0.04923015248769197,700.0492301524878,0.04923015248769197,-0.5612468519996051,549.4387531480004,-0.5612468519996051,-0.01398968694771513,299.9860103130523,-0.01398968694771513,-0.1763961326846881,399.82360386731534,-0.17639613268468807,-0.3172099477003274,199.68279005229974,-0.31720994770032734,-0.33916944343452676,99.66083055656567,-0.3391694434345268,0.3296644400927544,1000.3231013293992,0.32638349140778006,-197.22247533601427,500.54290616636683,0.47403168492529774,-347.7484728741488,395.8113546243816,-2.6941832973695443,-452.5693040194281,199.83113658332468,-3.084550259889177,-502.2379389460772,55.92612389917518,-1.6694118933541664,-1.0714938967682937,-206.72043756625527,-2.961884846906798,0.07424557038504428,-199.92575442961498,0.07424557038504428,-0.3413800630333843,-200.34138006303334,-0.3413800630333843,-0.5384798584357522,-200.53847985843572,-0.5384798584357522,-0.3793851276476768,-200.37938512764765,-0.3793851276476768,202.93852900754223,500.13887967998005,0.07000519853861453,349.31979294156696,404.92151337915107,-1.3734474114282564,453.23377094381306,192.90042474187743,1.7406729781994406,497.42363757253554,46.81808494613338,2.532671676981176,1.7947863249412799,-198.66607955544185,2.332024883926557,-0.5310228456972597,-200.53102284569724,-0.5310228456972597,-0.8080312054081733,-200.80803120540816,-0.8080312054081734,-0.001911598526210312,-200.0019115985262,-0.001911598526210312,-0.039786763046621404,-200.03978676304658,-0.039786763046621404,-150.52264508624467,-100.29697303889496,-0.4536850369268147,-150.08666828976814,-449.8609962424185,-0.017708240450311802,-149.92874393238708,-899.7030718850374,0.1402161169307672,-0.35572279498125287,-200.3557227949812,-0.3557227949812528,148.84983114167244,-101.36271468428995,-1.2125670102754715,149.4552980201728,-450.7572478057897,-0.6071001317750964,149.71268114638758,-900.4998646795748,-0.3497170055603007,-0.712632622757889,-200.7126326227579,-0.712632622757889
1,0.01,0.3477830798442443,700.3477830798442,0.3477830798442443,-0.17854075468764385,549.8214592453124,-0.17854075468764388,0.3199237089773668,300.3199237089774,0.3199237089773668,0.12092966371346292,400.12092966371347,0.12092966371346295,-0.028609453510182167,199.97139054648989,-0.02860945351018214,-0.12915184827144346,99.87084815172872,-0.12915184827144346,0.06842131803945392,1000.0597399361411,0.06408174567506383,-197.04753604147186,500.73020482335005,0.6391206901504967,-347.3281387002382,396.0792004377164,-2.3923603706066414,-452.52178769376536,200.0643210174273,-2.9410351185078847,-502.1185456680468,56.09743879316625,-1.5522964019370307,-0.8003837183368316,-206.34604081422282,-2.6384172063412237,0.3256067718696847,-199.67439322813033,0.32560677186968473,-0.03311651556263634,-200.03311651556263,-0.03311651556263634,-0.18600277245849256,-200.18600277245847,-0.18600277245849262,-0.18183246403611128,-200.1818324640361,-0.18183246403611128,203.07422317866815,500.3037235631217,0.21263942992235702,349.2780067815224,405.04466829227385,-1.3619858739540875,453.49504383732926,193.20797912277442,2.037264351050178,497.70817849496007,47.128176047356156,2.7175438316013727,1.9627350492897846,-198.53498139429678,2.550399557229778,-0.20928261990952957,-200.20928261990952,-0.20928261990952957,-0.5266409197280211,-200.52664091972804,-0.5266409197280211,0.30795766065382585,-199.69204233934616,0.30795766065382585,0.2136398593148061,-199.7863601406852,0.2136398593148061,-150.31258665278062,-100.01390225192509,-0.22134507986425633,-149.83619956501352,-449.537515164158,0.2550420079028684,-149.75978781267378,-899.4611034118184,0.3314537602425913,-0.05654705538519256,-200.05654705538512,-0.05654705538519256,149.07280365799346,-101.20851797906508,-1.0097587701941333,149.72017938431836,-450.5611422527403,-0.3623830438692285,149.99122145281933,-900.2901001842392,-0.09134097536825678,-0.4369985233148715,-200.43699852331486,-0.43699852331487155
2,0.02,0.7785817910418442,700.7785817910419,0.7785817910418442,0.3796297746801303,550.3796297746802,0.3796297746801303,0.8123081721929946,300.81230817219296,0.8123081721929944,0.5494670443163905,400.54946704431643,0.5494670443163905,0.38645352876072386,200.38645352876074,0.38645352876072386,0.20628709304044443,100.20628709304057,0.2062870930404444,-0.3132119337554883,999.6743155113274,-0.31944591751612134,-196.79825054843704,501.00229949973266,0.8714819267528765,-346.69787466141224,396.44056729752117,-1.9701746476382214,-452.4324650982997,200.48364290896976,-2.6801872228585806,-501.98885026695257,56.312382141206704,-1.4289979541742575,-0.4259696598469831,-205.78499315562956,-2.168818426131714,0.7003820407048337,-199.29961795929518,0.7003820407048338,0.43229748525429235,-199.56770251474572,0.43229748525429246,0.3377424891721312,-199.66225751082786,0.3377424891721312,0.12615564289942496,-199.87384435710055,0.12615564289942496,203.2805895980323,500.5631144028767,0.43229682989704693,349.16249008946204,405.22131278392703,-1.3820879629543694,453.89858467017245,193.70031232559867,2.5056234318992865,498.13809959585507,47.60174358470697,2.96227196615113,2.216441018112937,-198.3441721362238,2.8948893707963137,0.2665286525972763,-199.73347134740274,0.2665286525972763,-0.10633882345346755,-200.10633882345346,-0.10633882345346762,0.7422583036162269,-199.25774169638373,0.7422583036162269,0.5718085938102142,-199.4281914061898,0.5718085938102142,-150.00795092454416,-99.57844944269902,0.12318864920744417,-149.45159839337396,-449.02209691152893,0.6795411803776266,-149.50735384916328,-899.0778523673182,0.6237857245882782,0.38073537392134094,-199.61926462607863,0.3807353739213409,149.4480255878853,-100.95653078412589,-0.6706460183450339,150.13260890999902,-450.2719474620122,0.013937303768723075,150.37455512433243,-900.0300012476789,0.2558835181021242,-0.005067132746266051,-200.00506713274626,-0.005067132746266079
3,0.03,1.1253483294477826,701.1253483294479,1.1253483294477826,0.8465735281299328,550.84657352813,0.8465735281299327,1.1992889043083577,301.19928890430833,1.1992889043083577,0.8799531947285946,400.8799531947286,0.8799531947285946,0.7018996262434248,200.7018996262434,0.7018996262434247,0.5359967077463645,100.53599670774645,0.5359967077463644,-0.6253103198792864,999.357385068988,-0.6339582207011356,-196.6146078004308,501.2164926899762,1.035071165497049,-346.1295110324934,396.6749347700677,-1.6582711378469275,-452.3603370201578,200.97130864837837,-2.3901664397004763,-501.98953391848346,56.403758866867804,-1.442849983679384,-0.1668665873965058,-205.28451400009618,-1.78545025009844,1.0220455284373209,-198.9779544715627,1.0220455284373209,0.83724317640659,-199.16275682359344,0.83724317640659,0.7775996528799205,-199.22240034712007,0.7775996528799204,0.42114189349001985,-199.57885810650998,0.42114189349001974,203.46249839631986,500.81443324618874,0.6330117217097352,348.94259425389083,405.36713416794873,-1.4802021575016726,454.2696602399942,194.1972759592876,2.962711763166742,498.5397619941415,48.05477214372279,3.1136269943283272,2.4189719186183116,-198.21542719982966,3.2140849123372046,0.6642230364612667,-199.33577696353876,0.6642230364612667,0.25109392584655127,-199.74890607415347,0.25109392584655127,1.0457347904130612,-198.95426520958694,1.0457347904130612,0.8281270212320341,-199.17187297876796,0.828127021232034,-149.75655851013687,-99.15998479898073,0.42547948458706436,-149.10442530874246,-448.5078515975863,1.0776126859814732,-149.29081695488168,-898.6942432437256,0.8912210398422742,0.745638390114908,-199.2543616098851,0.745638390114908,149.8324025474535,-100.72956194143714,-0.3323396456267171,150.50827182369267,-450.053692665198,0.3435296306124028,150.63564813778382,-899.9263163511068,0.47090594470358615,0.40469806483347126,-199.59530193516656,0.40469806483347126
4,0.04,1.2570726378878123,701.2570726378879,1.2570726378878123,1.0570971011213506,551.0570971011214,1.0570971011213504,1.2712333724378821,301.2712333724379,1.2712333724378821,0.9711567461725932,400.9711567461726,0.9711567461725932,0.7625884134217822,200.76258841342178,0.7625884134217822,0.7503481510963899,100.75034815109645,0.7503481510963899,-0.7398627763063126,999.2374947473088,-0.7511762118646106,-196.60365012900314,501.26345103917146,1.0261952552533458,-345.8047438873364,396.64426624471093,-1.6032567218574605,-452.41309759586227,201.36958156212867,-2.2035727134646437,-502.1877167539915,56.281768147113375,-1.6632842939802992,-0.16220324339723557,-205.0085817520038,-1.6395396010504535,1.157898482049563,-198.84210151795048,1.157898482049563,1.0073504190990819,-198.99264958090095,1.007350419099082,0.9476424483672489,-199.05235755163275,0.9476424483672489,0.600026853566633,-199.39997314643338,0.600026853566633,203.54440361662932,500.9757861881223,0.7385304042043848,348.6283825221739,405.4464894848734,-1.6597964318363942,454.47099638427613,194.55686904022423,3.2641209330484964,498.80421680164864,48.36995518457641,3.0806586732437684,2.457805154226926,-198.24881444709925,3.382809225374955,0.8193958416416345,-199.1806041583584,0.8193958416416343,0.4043740468114875,-199.59562595318852,0.4043740468114875,1.0517985932718008,-198.94820140672823,1.0517985932718008,0.8442745296597373,-199.15572547034031,0.8442745296597374,-149.635287309,-98.85356595761928,0.6030564603326455,-148.9318466529831,-448.1501253016023,1.3064971163495862,-149.2028578053908,-898.42113645401,1.0354859639418659,0.9014962979112058,-199.0985037020888,0.9014962979112058,150.05998755850314,-100.67644884010765,-0.1557293397129169,150.68297588393085,-450.05346051467995,0.46725898571478464,150.6299576201546,-900.1064787784562,0.4142407219385503,0.6312500272210169,-199.368749972779,0.6312500272210169
5,0.05,1.1754361264027278,701.1754361264027,1.1754361264027278,1.0060863426361233,551.0060863426362,1.0060863426361233,0.9996138900681699,300.9996138900682,0.9996138900681698,0.8620923148782558,400.8620923148782,0.8620923148782557,0.5723601546182491,200.57236015461825,0.5723601546182489,0.8177321540678436,100.81773215406791,0.8177321540678435,-0.6497618860250167,999.3220725860295,-0.6638317717466218,-196.7910436361978,501.1161376578671,0.8212081790694756,-345.74437914614185,396.3542328354588,-1.8045960304045479,-452.6558888019319,201.58294172484446,-2.2007980423911513,-502.53763774732806,55.978285933238425,-2.0459919998195693,-0.4216706477342738,-204.98271790549234,-1.7487174904263747,1.0766161484475032,-198.9233838515525,1.076616148447503,0.9006079795456264,-199.0993920204544,0.9006079795456265,0.8239300669240782,-199.17606993307592,0.8239300669240781,0.6185081791442397,-199.38149182085579,0.6185081791442396,203.51098131275165,501.0280327322974,0.7331032534998733,348.2639089122471,405.4756438972636,-1.8851564642219465,454.46901003259325,194.74244168023532,3.3718298151762274,498.90953567403517,48.521023288325544,2.853354215993776,2.3274840355494337,-198.44292631363086,3.3874118995583054,0.7139819445302782,-199.28601805546973,0.7139819445302781,0.3533731065204856,-199.64662689347955,0.3533731065204856,0.7871354946326331,-199.2128645053674,0.7871354946326331,0.6325210041033149,-199.36747899589673,0.6325210041033148,-149.60345632361475,-98.62930965337105,0.6932609067540516,-148.9624681086405,-447.9883214383968,1.3342491217282872,-149.26504226828402,-898.2908955980404,1.031674962084802,0.8409572694165355,-199.15904273058348,0.8409572694165353,150.04440212480915,-100.87341348954365,-0.2241753341164297,150.59456144632364,-450.32325416802917,0.32598398739806034,150.3638626553051,-900.5539529590478,0.09528519637951283,0.602950611691929,-199.39704938830812,0.602950611691929
6,0.06,0.9594747617467538,700.9594747617468,0.9594747617467538,0.7996552226010442,550.7996552226011,0.7996552226010442,0.557288552701956,300.55728855270195,0.5572885527019558,0.7141416732105612,400.71414167321046,0.7141416732105612,0.27186159973676016,200.27186159973678,0.27186159973676,0.7749248670298883,100.77492486702997,0.7749248670298883,-0.4456710345104212,999.5205994684077,-0.46251574483587665,-197.11834712468323,500.8323777065982,0.4794751018260337,-345.8239525253357,395.94159037533746,-2.1278483897915343,-453.03591836950665,201.6500308677105,-2.3363216316848106,-502.9404712330005,55.585608856443386,-2.492832178190951,-0.8519692685786949,-205.1219241010566,-2.024133856840158,0.8511895595912906,-199.14881044040874,0.8511895595912906,0.6236747796346975,-199.37632522036532,0.6236747796346976,0.5325285234465296,-199.4674714765535,0.5325285234465296,0.5091240529486591,-199.4908759470514,0.5091240529486591,203.40596321291926,501.01316877422056,0.6602661694484557,347.8727110188865,405.46513658680766,-2.1367902896333533,454.3254592408107,194.814039479971,3.345377920018181,498.8914981606345,48.54269055873467,2.4743730376337516,2.115589209545533,-198.7079060951337,3.310988739239327,0.4563484794578554,-199.54365152054214,0.4563484794578553,0.21247163570476876,-199.78752836429527,0.21247163570476874,0.4438665229465798,-199.55613347705344,0.4438665229465799,0.3281794164698877,-199.67182058353015,0.32817941646988763,-149.5532069044325,-98.38409549606861,0.8024628300516294,-149.1087710923335,-447.9396596839696,1.24689864215063,-149.42219527342775,-898.2530838650639,0.9334744610564041,0.6568489831308005,-199.34315101686923,0.6568489831308005,149.8441799103789,-101.25747250382122,-0.47780040345431063,150.30176915087793,-450.7998832633222,-0.020211162955289526,149.97213700142834,-901.1295154127719,-0.34984331240488004,0.38130751021946524,-199.61869248978056,0.3813075102194653
7,0.07,0.6835047081290637,700.683504708129,0.6835047081290637,0.5631828304921389,550.5631828304922,0.5631828304921389,0.18838880211132206,300.1883888021114,0.18838880211132197,0.6445475593132202,400.6445475593132,0.64454755931322,0.014298801684042545,200.01429880168408,0.014298801684042378,0.6583656150788311,100.65836561507889,0.6583656150788311,-0.23053126139855276,999.7301856383654,-0.2501431183773256,-197.49223464101556,500.50527654362594,0.09466511652351366,-345.8854679871169,395.5691039794149,-2.411081885769757,-453.4208140911251,201.6976629166236,-2.4808175547275044,-503.31542948542693,55.18201178684851,-2.9232214336672273,-1.3107332419910167,-205.28810622937687,-2.3260031008437387,0.5975787039133473,-199.4024212960867,0.5975787039133476,0.3275006691513516,-199.67249933084867,0.3275006691513517,0.2490000901922264,-199.7509999098078,0.24900009019222644,0.3586788808556133,-199.64132111914444,0.35867888085561317,203.27795862068348,500.97916222213837,0.5685507950361013,347.43478609330054,405.38979998638854,-2.4364720817066448,454.12142725410354,194.8517088323257,3.2647867469144343,498.81072065677233,48.496262083175594,2.0086223815452597,1.8929197331480179,-198.97314286751532,3.22180538895405,0.18383652292160546,-199.81616347707842,0.18383652292160546,0.09217954928111916,-199.9078204507189,0.09217954928111922,0.22367312624826913,-199.77632687375177,0.22367312624826913,0.0646986619061536,-199.9353013380939,0.06469866190615359,-149.41478243956038,-98.049715537493,0.9999044763593045,-149.24534870869022,-447.8802818066228,1.1693382072294853,-149.59480630606274,-898.2297394039954,0.8198806098569387,0.4505401522160486,-199.54945984778402,0.45054015221604865,149.60984172949983,-101.67665897209534,-0.7656214724622917,149.91483107289488,-451.3716696287003,-0.4606321290672306,149.61750981641842,-901.6689908851769,-0.7579533855437002,0.1172223417176855,-199.88277765828235,0.11722234171768559
8,0.08,0.37921934770360516,700.3792193477037,0.3792193477036052,0.37400627524221,550.3740062752422,0.37400627524220986,0.019252444759965154,300.01925244476,0.0192524447599651,0.6244388944872169,400.6244388944872,0.6244388944872169,-0.15392746467784735,199.8460725353222,-0.1539274646778474,0.45748976047330436,100.45748976047338,0.45748976047330436,-0.04548698301991205,999.9097030267193,-0.0678497250727148,-197.84201671345585,500.20544855424333,-0.26241073539973503,-345.87322899841195,395.29436455286077,-2.5969885402451345,-453.70719562839474,201.8269269654516,-2.5323462187191166,-503.60117930646356,54.82799032930204,-3.275757577342779,-1.6771704125593803,-205.363165752489,-2.535381255860651,0.3906254046913427,-199.6093745953087,0.3906254046913428,0.0685398828889418,-199.9314601171111,0.06853988288894186,0.09606968976133712,-199.9039303102387,0.09606968976133717,0.24356240515827654,-199.75643759484177,0.24356240515827648,203.12936320545163,500.92817507264056,0.46031578299757225,346.9368538274425,405.23416978856363,-2.7983898159769085,453.87901933338446,194.8767212454842,3.151515664235564,498.7366467167698,48.45256615187906,1.528955155478878,1.6333028428899117,-199.2659817389359,3.0918796899116403,-0.02881945025629526,-200.02881945025635,-0.02881945025629526,0.005258606308304936,-199.99474139369175,0.0052586063083050125,0.17654940168772548,-199.82345059831232,0.17654940168772565,-0.12534412752349128,-200.12534412752353,-0.12534412752349122,-149.21327351506847,-97.65161594685168,1.2603448629989011,-149.30365488457835,-447.74199731636156,1.1699634934889986,-149.73490048783074,-898.173242919614,0.7387178902366003,0.2515951823968619,-199.74840481760316,0.2515951823968619,149.45257815003836,-102.01945943765668,-0.976314743923374,149.5002995679149,-451.9717380197802,-0.9285933260468462,149.37975467045214,-902.0922829172429,-1.04913822350961,-0.07040909114858349,-200.07040909114863,-0.07040909114858346
9,0.09,0.047209892384536156,700.0472098923847,0.047209892384536156,0.25266473239434306,550.2526647323944,0.25266473239434306,-0.011323386752488923,299.9886766132476,-0.011323386752488979,0.550271723860097,400.55027172386013,0.550271723860097,-0.28702042299618524,199.7129795770038,-0.28702042299618535,0.14625077442948745,100.14625077442957,0.14625077442948747,0.12738993532126952,1000.0770864206136,0.10229630393880929,-198.13515320767536,499.9653956491955,-0.5591560600109478,-345.85183141354025,395.05381693118477,-2.7492612891979737,-453.884669413702,202.04687699455746,-2.4814877846583077,-503.74050375518084,54.58058021255128,-3.492972545308291,-1.9248979033537308,-205.32289455739658,-2.6274896289834073,0.22615522814013164,-199.7738447718599,0.2261552281401317,-0.19436777274781059,-200.19436777274785,-0.19436777274781056,0.10456976962519238,-199.89543023037487,0.10456976962519238,0.18092034219146258,-199.81907965780863,0.18092034219146252,202.93219665747569,500.83210249557135,0.307550786365046,346.4238302387213,405.04184918123224,-3.178284055688326,453.5507216374587,194.84072816183686,2.957499489349537,498.7415831094827,48.48552041620844,1.1109359643304013,1.2505855498880525,-199.67407896303385,2.8334472734513243,-0.18312738480249047,-200.18312738480256,-0.18312738480249044,-0.10327422658608823,-200.1032742265861,-0.10327422658608816,0.1839710916281897,-199.81602890837183,0.18397109162818975,-0.28360827325967725,-200.28360827325974,-0.28360827325967725,-149.03008128981492,-97.27122882323582,1.5023308227839327,-149.29122360046384,-447.53237113388474,1.2411885121350184,-149.82023510460647,-898.0613826380273,0.7121770079923972,0.029391394956407413,-199.97060860504365,0.02939139495640744,149.36531216318133,-102.29293327398227,-1.1169126866526202,149.06199101491768,-452.5962544222459,-1.4202338349162709,149.2229150743052,-902.4353303628585,-1.259309775528742,-0.17371754400127762,-200.17371754400133,-0.1737175440012776
10,0.1,-0.3094434664237198,699.6905565335763,-0.3094434664237198,0.19544913760019628,550.1954491376002,0.19544913760019617,-0.03251822326018211,299.9674817767399,-0.032518223260182194,0.3891682856804429,400.3891682856805,0.3891682856804429,-0.4236118049763016,199.5763881950237,-0.4236118049763017,-0.24516399863976307,99.75483600136029,-0.2451639986397631,0.30378201279541417,1000.2480228883157,0.27598016758104715,-198.35822835072184,499.79849956561503,-0.7821171737961063,-345.8934157035008,394.7761139453147,-2.939361787865261,-454.0067078657924,202.3029582627812,-2.3825618093930885,-503.7156482298759,54.457705487643516,-3.5567067675639734,-2.125824465898202,-205.24116476648913,-2.675734126374823,0.04957070655886566,-199.9504292934412,0.049570706558865675,-0.46781630135910723,-200.46781630135916,-0.4678163013591071,0.22661089974318205,-199.7733891002569,0.226610899743182,0.15440735183003335,-199.84559264817005,0.1544073518300333,202.6851075804289,500.6894879844344,0.1088712450233586,345.98224073889463,404.8982897815109,-3.4902175176863217,453.0897862650787,194.69608661878362,2.635438356346075,498.8873239395846,48.65860107133629,0.8196667626426248,0.70778770709513,-200.23603918799245,2.407967663449104,-0.3024309445994188,-200.3024309445995,-0.3024309445994189,-0.2447792174688475,-200.24477921746887,-0.24477921746884748,0.09927391158735213,-199.90072608841274,0.0992739115873521,-0.43209607961125607,-200.4320960796113,-0.4320960796112562,-148.92918592810085,-96.97250251053691,1.6618484150874826,-149.2421851134468,-447.2855016958829,1.3488492297415595,-149.8182811969138,-897.8615977793497,0.7727531462745718,-0.21645333859346777,-200.2164533385935,-0.2164533385934678,149.26630256619,-102.57886260241435,-1.269128086569607,148.6155016192372,-453.22966354936716,-1.919929033522432,149.06535328310343,-902.779811885501,-1.4700773696562053,-0.24936070582466102,-200.24936070582476,-0.24936070582466102
11,0.11,-0.6495416746526924,699.3504583253474,-0.6495416746526925,0.20658303185699678,550.2065830318571,0.20658303185699672,-0.07228938608744932,299.92771061391255,-0.07228938608744936,0.22605149593957125,400.2260514959396,0.22605149593957122,-0.5052764144606672,199.4947235855393,-0.5052764144606672,-0.5964207284206386,99.40357927157937,-0.5964207284206386,0.4480055780438393,1000.3868329125727,0.4175206736241296,-198.4922225005516,499.72374274305673,-0.9122443479495885,-345.9707088564054,394.48920925799257,-3.1394550076958962,-454.1120834834186,202.55541916496634,-2.2751356953152166,-503.57113863840453,54.41529126788067,-3.5109355478121227,-2.350614592031862,-205.19045020500124,-2.7521896585651175,-0.17031380160907372,-200.17031380160915,-0.17031380160907378,-0.6514026206228123,-200.6514026206229,-0.6514026206228123,0.3788062503326388,-199.62119374966744,0.3788062503326388,0.1793094187507193,-199.82069058124932,0.17930941875071915,202.4465257889787,500.5586555208506,-0.07733157015553886,345.6921001830648,404.8825320942276,-3.6547342782109045,452.5428535146907,194.4884705414671,2.2314002928618852,499.2043468029725,49.00398872018881,0.6890076952174009,0.09205509515451821,-200.86640008884444,1.901057002384266,-0.37284465959274105,-200.37284465959283,-0.37284465959274105,-0.33379941376614014,-200.3337994137662,-0.3337994137661401,-0.09337462687173043,-200.09337462687176,-0.09337462687173048,-0.535068038133468,-200.53506803813355,-0.535068038133468,-148.91268357496244,-96.75749830328667,1.7367676087951085,-149.17277145008194,-447.01758617840613,1.4766797336756066,-149.68499504599066,-897.5298097743149,0.9644561377668937,-0.3937395103220106,-200.39373951032206,-0.3937395103220106,149.10131057042966,-102.93152937030376,-1.487170804488484,148.256962805133,-453.7758771356004,-2.3315185697851226,148.8885214004226,-903.1443185403109,-1.6999599744955631,-0.3100209912869131,-200.310020991287,-0.3100209912869131
12,0.12,-0.8794178692793593,699.1205821307207,-0.8794178692793594,0.3051892094568006,550.3051892094569,0.30518920945680056,-0.02879018660777055,299.97120981339225,-0.02879018660777055,0.18245163827750213,400.1824516382776,0.18245163827750208,-0.4253709011931864,199.57462909880678,-0.4253709011931865,-0.7377938867109923,99.26220611328898,-0.7377938867109926,0.48149410723685016,1000.4149541051992,0.4483537646605439,-198.4978784268729,499.7803404255983,-0.9102558073684299,-345.96419455371824,394.31321537601656,-3.229557234890295,-454.17663110694764,202.82751706741064,-2.135801184265538,-503.35920007576624,54.401827898891504,-3.407192598092678,-2.569070177715481,-205.14220991756184,-2.827976464817353,-0.370192869369655,-200.3701928693697,-0.3701928693696551,-0.6250336906343765,-200.62503369063444,-0.6250336906343766,0.5091895741068284,-199.49081042589322,0.5091895741068283,0.3139712566188821,-199.6860287433812,0.3139712566188818,202.31821805659257,500.5412609538664,-0.1493352791002588,345.601014509839,405.0412789086941,-3.624764997956008,452.0686445672105,194.37556361455185,1.903511405321845,499.6845607126462,49.51528961339767,0.7143092781716882,-0.42119423911540943,-201.39145682166327,1.4866426891767497,-0.33517153159290647,-200.33517153159295,-0.33517153159290664,-0.25867320097851193,-200.25867320097854,-0.25867320097851193,-0.2555312359035815,-200.25553123590362,-0.2555312359035816,-0.5372897830934494,-200.5372897830935,-0.5372897830934495,-148.91351739734887,-96.55913542050658,1.794106915143433,-149.07412167008556,-446.7197396932433,1.633502642406735,-149.39358123108534,-897.0391992542432,1.3140430814069646,-0.36676752444908284,-200.3667675244491,-0.3667675244490828,148.8994486169845,-103.3218533557824,-1.7418950103551705,148.12804265138482,-454.0932593213821,-2.5133009759548477,148.77702952168875,-903.4442724510782,-1.864314105650909,-0.2834366126523854,-200.28343661265245,-0.2834366126523855
13,0.13,-0.8949883072147715,699.1050116927853,-0.8949883072147715,0.4977982537479767,550.497798253748,0.4977982537479766,0.19514898770154973,300.19514898770154,0.19514898770154965,0.3113056143113017,400.3113056143113,0.3113056143113016,-0.14575838899649285,199.8542416110035,-0.14575838899649293,-0.5526374330610229,99.44736256693893,-0.5526374330610231,0.3465914855110495,1000.2747344666957,0.31082577829278923,-198.33988669403902,500.0035552964252,-0.740823168803683,-345.77732265147665,394.34519228184513,-3.1127473236181435,-454.1410357776165,203.17773307445583,-1.905959477279784,-503.0898620455489,54.40826184681934,-3.2546802449733887,-2.6873115229212425,-205.00405637425987,-2.810429300899466,-0.4116478771104895,-200.41164787711054,-0.41164787711048956,-0.37285416240363295,-200.3728541624037,-0.372854162403633,0.6370106388392581,-199.3629893611608,0.6370106388392579,0.5919560448213478,-199.4080439551787,0.5919560448213477,202.3834113268967,500.72041532675405,-0.023963138474737244,345.7083504829198,405.3730682758429,-3.4014549147892685,451.83394045168217,194.5230417778323,1.8179373101007057,500.28753008670606,50.15373972518509,0.8586089643774812,-0.7018275300792715,-201.68279963267642,1.2934221452477612,-0.14247927103427388,-200.1424792710343,-0.14247927103427405,0.007533457759142881,-199.9924665422409,0.007533457759142881,-0.22725339656293309,-200.22725339656296,-0.2272533965629333,-0.4209289101938803,-200.4209289101939,-0.4209289101938804,-148.8287022449127,-96.274416555261,1.9368084046304896,-148.92737122591495,-446.37308553626326,1.8381394236282407,-148.96728993308236,-896.4130042434306,1.7982207164608355,-0.08435925172505501,-200.0843592517251,-0.08435925172505516,148.74297299887263,-103.66759865314813,-1.9510062362340301,148.29570642438478,-454.11486522763596,-2.398272810721887,148.83348874468408,-903.5770829073367,-1.8604904904226012,-0.08758680186391687,-200.08758680186395,-0.08758680186391694
14,0.14,-0.6723250819518196,699.3276749180483,-0.6723250819518198,0.7381601063259728,550.7381601063261,0.7381601063259728,0.5586923933618376,300.5586923933618,0.5586923933618375,0.5577340099104217,400.5577340099105,0.5577340099104215,0.24592967959254403,200.24592967959256,0.24592967959254397,-0.0805238941733113,99.91947610582663,-0.08052389417331146,0.0743857104463617,999.9972660879146,0.036027149366727865,-198.04155956256983,500.37002360100905,-0.4272453895435658,-345.45499293955356,394.54066208782854,-2.833651869301762,-453.98304746152684,203.62755965703798,-1.5640333978308076,-502.76828737389224,54.43066078532925,-3.057604829400719,-2.677011311197889,-204.74897834080014,-2.672320834391254,-0.2124630351199427,-200.21246303512,-0.2124630351199427,-0.001920982802672333,-200.00192098280272,-0.0019209828026723885,0.8054806004449016,-199.19451939955513,0.8054806004449013,0.9536255215876218,-199.04637447841242,0.9536255215876215,202.6349232488,501.0888155350994,0.2915465445468546,345.9478858225078,405.81092662459474,-3.0515115649821665,451.86948376094807,194.9604787012873,2.004787416510043,500.94314827120195,50.85085859507349,1.0552771481778942,-0.7741625817277662,-201.76645916068145,1.2957135368702621,0.17127276636891153,-199.82872723363113,0.17127276636891142,0.37596807844266034,-199.6240319215574,0.37596807844266045,0.01696113647180253,-199.98303886352824,0.016961136471802363,-0.23252803314506654,-200.23252803314512,-0.23252803314506654,-148.5940482235091,-95.83915228154069,2.229013844253476,-148.72477920748736,-445.96988326551894,2.09828286027521,-148.50478166149105,-895.7498857195226,2.3182804062715183,0.3353822464722144,-199.6646177535278,0.3353822464722143,148.69192756570308,-103.90872913120171,-2.054417379900233,148.66915766238836,-453.93149903451643,-2.077187283214944,149.0501009413202,-903.5505557555846,-1.696244004283085,0.2657856146434716,-199.73421438535655,0.2657856146434716
15,0.15,-0.31843206749285335,699.6815679325072,-0.31843206749285335,0.9302818889821515,550.9302818889822,0.9302818889821515,0.90231806976415,300.90231806976414,0.9023180697641499,0.7970512055258678,400.7970512055259,0.7970512055258678,0.5942228577144456,200.5942228577145,0.5942228577144455,0.48030331439746815,100.48030331439742,0.480303314397468,-0.21557463063436919,999.702101625558,-0.25649111396597496,-197.69825119744388,500.7843349707427,-0.06486901469145645,-345.17067990937926,394.7264829880676,-2.5655710269860426,-453.7650845689642,204.11389920512568,-1.1730685384273867,-502.44236760845075,54.422610135403204,-2.862780040091697,-2.6119277600042863,-204.45186469712976,-2.488385531562066,0.13866377394176405,-199.8613362260583,0.13866377394176405,0.3372623215392464,-199.66273767846081,0.3372623215392464,0.9875957925468262,-199.0124042074532,0.9875957925468261,1.2642794692637098,-198.73572053073633,1.2642794692637094,202.96087805358408,501.53446033424007,0.6852563488060179,346.19860444552415,406.23316672521526,-2.6964075228462097,452.0346636639165,195.5460347724699,2.3228025975961026,501.56006586821013,51.51685839265644,1.2164181051057206,-0.7811759622448349,-201.78709478712796,1.3492631279672385,0.4938153785968544,-199.50618462140315,0.4938153785968543,0.7033075149037711,-199.29669248509626,0.7033075149037711,0.3407148911315459,-199.6592851088685,0.3407148911315458,-0.05185876494852838,-200.05185876494858,-0.05185876494852833,-148.24986651628197,-95.29366764929996,2.630358622479335,-148.48807920686863,-445.5318803398867,2.392145931892664,-148.1578015682097,-895.2016027012278,2.7224235705516184,0.6673010483845478,-199.33269895161547,0.6673010483845478,148.7411045468506,-104.050446832516,-2.0572876252474788,149.0457306249488,-453.7458207544179,-1.7526615471492841,149.28697490442445,-903.5045764749422,-1.5114172676736313,0.6600442754573083,-199.3399557245427,0.6600442754573083
16,0.16,-0.004227428017825913,699.9957725719822,-0.004227428017825885,0.9908908947896031,550.9908908947897,0.990890894789603,1.0808689222829906,301.080868922283,1.0808689222829906,0.9158715716246681,400.91587157162473,0.9158715716246681,0.7878812039750098,200.78788120397508,0.7878812039750098,0.9064685504838654,100.90646855048382,0.9064685504838654,-0.39544196222270234,999.5170926988267,-0.43887903303528747,-197.4117627231917,501.1446274069949,0.2445067369997605,-345.0740839565584,394.7531970857535,-2.4581303971922397,-453.6126553276882,204.51064443897536,-0.8591524577018128,-502.1736171681572,54.324308856373186,-2.730530379105051,-2.570809406989256,-204.19240174667686,-2.33821658048405,0.4252883735476549,-199.57471162645237,0.4252883735476549,0.5400996824234581,-199.45990031757657,0.5400996824234581,1.0748527241623251,-198.92514727583767,1.0748527241623251,1.4112277049940178,-198.58877229500598,1.4112277049940174,203.21741642290283,501.9133603448528,1.0132396748577368,346.33973493212613,406.5184286068319,-2.4573400496328355,452.1306915866527,196.07963695398837,2.5725336099535747,502.05725007887753,52.07218459827668,1.2644022995956452,-0.8472026718677441,-201.87067478897103,1.3285605385363688,0.7074761105680448,-199.292523889432,0.7074761105680447,0.8714547119312872,-199.12854528806872,0.8714547119312874,0.559652515751584,-199.44034748424846,0.559652515751584,0.0773838307925612,-199.92261616920746,0.07738383079256134,-147.93305702471787,-94.77489053621511,3.003883891675117,-148.2697711518714,-445.11160466336867,2.6671697645216135,-148.04250474675428,-894.8843382582515,2.8944361696387317,0.7482051180748097,-199.2517948819252,0.7482051180748097,148.84073019768687,-104.14250561291426,-2.0093365770809637,149.24059388356878,-453.74264192703237,-1.609472891199062,149.38422732719914,-903.599008483402,-1.4658394475686989,0.9618613977729817,-199.03813860222704,0.961861397772982
17,0.17,0.16606684650366255,700.1660668465038,0.16606684650366255,0.9113937780896768,550.9113937780896,0.9113937780896768,1.061191650251364,301.06119165025143,1.061191650251364,0.8812046067158094,400.88120460671587,0.8812046067158094,0.8194154863289684,200.81941548632904,0.8194154863289684,1.1021108237986228,101.10211082379863,1.1021108237986228,-0.414468405686206,999.4929912025749,-0.460386344936955,-197.21474464589227,501.4181849054637,0.4682275286897877,-345.16400997563244,394.6221511418785,-2.5101599338509497,-453.6300550234072,204.7129826606584,-0.7271099488545159,-501.98682109254145,54.112909720948075,-2.6843495271901485,-2.559653962619139,-203.97732650657818,-2.228518346123528,0.4771922054516844,-199.52280779454833,0.4771922054516844,0.5916793790920446,-199.40832062090794,0.5916793790920447,0.9940065571397332,-199.00599344286024,0.9940065571397332,1.3819784288206383,-198.61802157117938,1.3819784288206383,203.32009523869584,502.1409379475348,1.1909805707609182,346.31982787435874,406.6147590756441,-2.386152003580003,452.04490137468974,196.4472833082684,2.640644063541777,502.4059949460271,52.48950836191356,1.1738501645805735,-1.0008192236674076,-202.04734041877728,1.2039698160829113,0.748372370130352,-199.25162762986963,0.7483723701303518,0.8404002085807749,-199.15959979141923,0.8404002085807751,0.5744696949639916,-199.425530305036,0.5744696949639917,0.18065361295680893,-199.8193463870432,0.18065361295680898,-147.79214298194086,-94.43138690488468,3.201001777641988,-148.13211773353,-444.7713616564739,2.8610270260528265,-148.1607131163775,-894.7999570393215,2.8324316432053247,0.5880274219107109,-199.41197257808932,0.588027421910711,148.93331600674816,-104.24235928683015,-1.967992874333167,149.18320031033863,-453.99247498323973,-1.7181085707427237,149.27928612432032,-903.8963891692581,-1.6220227567610082,1.1096789873293278,-198.89032101267068,1.1096789873293278
18,0.18,0.20961243351715603,700.2096124335172,0.20961243351715603,0.7542215326322953,550.7542215326323,0.7542215326322953,0.9186929149019345,300.918692914902,0.9186929149019345,0.7405104970199279,400.74051049701995,0.7405104970199279,0.7492395319315663,200.7492395319316,0.7492395319315663,1.1134845406652314,101.11348454066527,1.1134845406652314,-0.31133293336685475,999.5911221514409,-0.35968965784533835,-197.0698608609162,501.6422735019579,0.6436198836108386,-345.32380754102485,394.45005605327265,-2.605134067076709,-453.81978101650066,204.71798193257803,-0.7799162953162113,-501.8784725591303,53.794068003768665,-2.719349683006522,-2.54484309940039,-203.77355789161058,-2.126236278298341,0.30394691310153243,-199.69605308689847,0.3039469131015325,0.5525458494546482,-199.44745415054533,0.5525458494546482,0.8089400143261877,-199.19105998567377,0.8089400143261877,1.2435556019486111,-198.75644439805137,1.243555601948611,203.26721689138577,502.2153567425833,1.2167031242362154,346.18131748640064,406.5641752049964,-2.440768638734294,451.7960741824211,196.6663724195902,2.5452381756244087,502.63920197573833,52.802990190389394,0.9808870458913252,-1.2151581797395734,-202.29170213467194,1.0014281307154906,0.6146106459865928,-199.3853893540134,0.6146106459865928,0.6625201221534345,-199.33747987784653,0.6625201221534345,0.4058427371452371,-199.59415726285474,0.4058427371452372,0.30984968148316094,-199.69015031851683,0.30984968148316094,-147.88866507726044,-94.32475550120665,3.1601011189579573,-148.1201230757236,-444.55621349967,2.9286431204947907,-148.41436046903675,-894.8504508929831,2.6344057271816115,0.32062301238566504,-199.67937698761432,0.32062301238566504,148.96598635267796,-104.40283339299083,-1.9860663945834682,148.92171976037244,-454.4470999852964,-2.030332986888966,149.01666616324277,-904.3521535824261,-1.9353865840186368,1.126342559544171,-198.87365744045582,1.1263425595441712
19,0.19,0.19439800418038045,700.1943980041804,0.1943980041803805,0.5954404756086163,550.5954404756087,0.5954404756086163,0.776926817932528,300.7769268179326,0.776926817932528,0.5595995396308899,400.559599539631,0.5595995396308898,0.6394016586538096,200.63940165865384,0.6394016586538096,1.0154565484153664,101.01545654841541,1.0154565484153664,-0.1599395028024971,999.7375855438615,-0.21069058644069807,-196.9332618602433,501.8606681257394,0.8145179720297666,-345.4559686727523,394.33438906220886,-2.645769039489985,-454.0797970386824,204.62732767617726,-0.9159600232459011,-501.8448717340369,53.37382713214441,-2.8303733344513047,-2.513908447133619,-203.56896108586488,-2.0193195774629067,0.06335833928909798,-199.93664166071088,0.06335833928909801,0.5030763774587954,-199.4969236225412,0.5030763774587955,0.6592435913022147,-199.34075640869776,0.6592435913022147,1.0618386313006407,-198.9381613686993,1.0618386313006405,203.09830846603074,502.1760008944644,1.1298507407548157,346.01391529631337,406.456059609995,-2.531802479062773,451.4686458347645,196.8199154421102,2.3700710419945774,502.8093936340617,53.0662776211946,0.7411320135623678,-1.4626913509894062,-202.57760536202716,0.7476747464279778,0.3619779341355293,-199.6380220658645,0.36197793413552937,0.4486516943388115,-199.55134830566118,0.44865169433881164,0.1379633412949397,-199.86203665870505,0.1379633412949398,0.48201570101669233,-199.51798429898332,0.4820157010166924,-148.15535907101003,-94.38780596997924,2.9483697586020003,-148.2450824584334,-444.4775293574028,2.858646371178622,-148.6810924281501,-894.9135393271195,2.422636401461935,0.07912059903198682,-199.92087940096803,0.07912059903198687,148.90383960341623,-104.65876359094227,-2.0983870589193825,148.5639580881542,-454.9986451062043,-2.438268574181414,148.6848367983689,-904.8777663959897,-2.317389863966738,1.072812792556645,-198.92718720744332,1.0728127925566453
20,0.2,0.14810147113920508,700.1481014711393,0.14810147113920524,0.47800751095290966,550.4780075109529,0.4780075109529097,0.7355687290007182,300.73556872900076,0.7355687290007181,0.37886742987469507,400.37886742987473,0.37886742987469507,0.5304336758681405,200.53043367586815,0.5304336758681405,0.8370948815825359,100.83709488158259,0.8370948815825359,-0.017426339105531038,999.8752470779465,-0.07052503548454894,-196.79991321995618,502.0783241797743,0.9859351264309992,-345.55381731361416,394.2817045705259,-2.6257115843138807,-454.2794323156319,204.5714241428468,-1.0049407019115781,-501.86397228650935,52.87675509667845,-2.9938536745131508,-2.4750221670161694,-203.371838481516,-1.9162100112771403,-0.08158176957000937,-200.08158176957,-0.08158176957000934,0.48703101927891657,-199.51296898072104,0.48703101927891657,0.6053881244522731,-199.3946118755477,0.6053881244522732,0.8629673786645948,-199.13703262133538,0.8629673786645948,202.86173263459182,502.071086188943,0.9786971355996902,345.88601784778564,406.35856942901285,-2.5911443450942624,451.1218253211621,196.9656594169045,2.1736700732831506,502.9468370269953,53.31061434317597,0.487798044850465,-1.7118602278050183,-202.8747445199523,0.47363157089865354,0.09443545644368696,-199.90556454355627,0.09443545644368696,0.3016059270613886,-199.69839407293858,0.3016059270613886,-0.13315775053461457,-200.13315775053456,-0.13315775053461446,0.6659757909630832,-199.3340242090369,0.6659757909630832,-148.43610315816457,-94.46450664352517,2.7218471306617262,-148.48329514334694,-444.5116986287076,2.6746551454793837,-148.87046492279643,-894.898868408157,2.2874853660298675,-0.0637795449881157,-200.0637795449881,-0.06377954498811568,148.76094544195598,-104.99599790678732,-2.2908074541122776,148.21437258383733,-455.542570764906,-2.8373803122309296,148.37540871285753,-905.3815346358858,-2.6763441832107104,0.9987994527544528,-199.0012005472455,0.9987994527544528
21,0.21,0.05537149746593423,700.0553714974659,0.055371497465934255,0.4011788396795535,550.4011788396797,0.4011788396795534,0.8033380536540556,300.8033380536541,0.8033380536540555,0.22002867939904217,400.2200286793991,0.22002867939904217,0.4430656666492389,200.44306566664926,0.4430656666492389,0.6038454137480704,100.60384541374813,0.6038454137480703,0.09204816242503859,999.9799522471283,0.03665089638125992,-196.70171895853485,502.26325425720944,1.1259404943030136,-345.6683500820952,394.24079399253645,-2.5963785123793457,-454.35010949149796,204.61866678029247,-0.9785957719663891,-501.868082732297,52.37322459899592,-3.140530697752043,-2.424667475189219,-203.1786025437171,-1.8135122571827005,-0.07799586112108157,-200.07799586112105,-0.07799586112108156,0.4937630488444021,-199.50623695115559,0.4937630488444021,0.5681900291147869,-199.43180997088518,0.5681900291147869,0.6580530522516765,-199.34194694774828,0.6580530522516764,202.6093457881853,501.9523183365459,0.8150045736395621,345.81077537373903,406.2847059689151,-2.6058935762394695,450.75118511395846,197.09768253256897,1.9509282759424362,503.06433672138274,53.54961986245843,0.23646272241913413,-1.9216339030118892,-203.14320573029084,0.21985490224668047,-0.08862907532850078,-200.08862907532847,-0.08862907532850073,0.2609975024907698,-199.7390024975092,0.2609975024907698,-0.31028383856419905,-200.3102838385642,-0.31028383856419894,0.808218629496259,-199.19178137050375,0.8082186294962589,-148.59354284905157,-94.41760976927688,2.617799374877715,-148.79035448467093,-444.61442140489623,2.4209877392583454,-148.95126325924136,-894.7753301794667,2.2600789646879385,-0.08372579329496896,-200.08372579329495,-0.08372579329496899,148.60072811900497,-105.35101313017601,-2.499819572836753,147.94289204395648,-456.00884920522446,-3.157655647885223,148.1715940027841,-905.780147246397,-2.9289536890575936,0.9147705061713608,-199.08522949382865,0.9147705061713608
22,0.22,-0.08333519695650901,699.9166648030435,-0.08333519695650896,0.3341640779278715,550.3341640779279,0.3341640779278714,0.8794680702769808,300.87946807027697,0.8794680702769807,0.09413526395590191,400.0941352639559,0.09413526395590191,0.3699396630417319,200.36993966304175,0.36993966304173187,0.3929674238964829,100.39296742389652,0.3929674238964829,0.17250854063867574,1000.0557294427736,0.11486401979276441,-196.68489818788174,502.3691515720703,1.1882824065957118,-345.84835223357373,394.162570711474,-2.607071144909268,-454.3217042152076,204.7390826347339,-0.8670592647329688,-501.7743702375641,51.94888945927761,-3.185970471142026,-2.346635957374531,-202.97277741371624,-1.69499260176881,0.0022338169632105265,-199.99776618303676,0.0022338169632105265,0.4835046418053282,-199.51649535819467,0.4835046418053282,0.42403154190776826,-199.57596845809223,0.4240315419077683,0.46923874137520455,-199.5307612586248,0.4692387413752045,202.38006030691503,501.8584554197438,0.6775862542692743,345.7506181929957,406.1968417612976,-2.6138307018736926,450.32037016658194,197.1781081668753,1.6648162207448913,503.1727873367523,53.79483047165108,0.0006002511017561551,-2.069637665051343,-203.36158153251642,0.008415086035596403,-0.16603547101064617,-200.16603547101062,-0.16603547101064603,0.2938044659447439,-199.70619553405527,0.2938044659447439,-0.30828827807866066,-200.30828827807863,-0.30828827807866055,0.8631946238478861,-199.13680537615215,0.8631946238478861,-148.61389412527683,-94.23345493238897,2.6499162217391,-149.1178048345881,-444.7373656417003,2.1460055124278634,-148.96067569348446,-894.5802365005966,2.3031346535314836,-0.0012745952730827403,-200.0012745952731,-0.0012745952730827959,148.4831649871433,-105.66371601001435,-2.6653563181808226,147.77971186729854,-456.3671691298591,-3.368809438025573,148.11754382507638,-906.0293371720812,-3.0309774802477416,0.7942007817213743,-199.20579921827863,0.7942007817213743
23,0.23,-0.2286342607440766,699.771365739256,-0.22863426074407656,0.25122653150237867,550.2512265315024,0.25122653150237867,0.8282317165399644,300.82823171653996,0.8282317165399642,-0.005365034425804827,399.9946349655743,-0.00536503442580491,0.2867747325504947,200.2867747325505,0.2867747325504946,0.30047613383671407,100.30047613383672,0.30047613383671407,0.24334860577208456,1000.1219762897133,0.1835103907364736,-196.77523662412057,502.37013853705855,1.1471368947884946,-346.1092039658566,394.0312649996562,-2.6737797337414633,-454.2769506816913,204.84992449725917,-0.7532667078500141,-501.5512692897716,51.638255042626085,-3.0969898397331876,-2.2442812015093647,-202.7572587298605,-1.5638354976501287,0.030143137713227658,-199.96985686228678,0.030143137713227658,0.4206056758907488,-199.57939432410922,0.4206056758907488,0.1343863928994902,-199.8656136071005,0.13438639289949025,0.3187267870343662,-199.68127321296564,0.31872678703436613,202.1739423056129,501.789405821963,0.5664041796929717,345.6475096685914,406.036973865561,-2.6731637261283936,449.821067293116,197.1970793927967,1.306354387715601,503.2569868882107,54.03150261663235,-0.2326240670650019,-2.167587629793946,-203.5423931062021,-0.1725313821574216,-0.21192899276350932,-200.21192899276352,-0.21192899276350918,0.3342391192950327,-199.66576088070502,0.33423911929503275,-0.09864438400263512,-200.09864438400263,-0.09864438400263509,0.8219403078547823,-199.1780596921452,0.8219403078547822,-148.60889087842145,-94.02391667920969,2.7063636411736463,-149.41608428916805,-444.8311100899563,1.8991702304270413,-148.9708896658077,-894.385915466596,2.34436485378741,0.10968533611958048,-199.89031466388045,0.10968533611958042,148.42088618763245,-105.92134337946155,-2.7746919018914316,147.7162305107956,-456.6259990562984,-3.479347578728275,148.18239862253546,-906.1598309445585,-3.013179466988434,0.6127205705910597,-199.38727942940895,0.6127205705910596
24,0.24,-0.3380869044145105,699.6619130955855,-0.3380869044145105,0.16969301849920349,550.1696930184992,0.1696930184992034,0.5982012739259494,300.59820127392595,0.5982012739259492,-0.08634520445487448,399.9136547955452,-0.08634520445487448,0.19235020926177948,200.19235020926175,0.19235020926177943,0.3512548077803449,100.35125480778032,0.3512548077803449,0.3214425663206395,1000.195570771418,0.2594664362657935,-196.94596838762942,502.29288505889406,1.0292259270807265,-346.4262523974852,393.87105356899644,-2.7725532044103574,-454.2753254966385,204.89178642828153,-0.6968385871951546,-501.2396378552372,51.403500259570094,-2.9128290342562186,-2.162608137529668,-202.57641099113977,-1.464737325808966,-0.08125399613125062,-200.0812539961313,-0.0812539961312506,0.2904711706515692,-199.70952882934847,0.2904711706515692,-0.22315993889291008,-200.22315993889293,-0.22315993889291,0.20987417610647616,-199.79012582389353,0.2098741761064761,201.96045053001228,501.71446731272556,0.4508081809123562,345.47404306468076,405.77782075415985,-2.8114306922135723,449.2994467194552,197.19920572054605,0.9210576650004514,503.260235960062,54.20320383987914,-0.5177716753840877,-2.246790021450459,-203.71757873140058,-0.354236001857348,-0.31754438414729025,-200.3175443841473,-0.31754438414729014,0.3362838159979079,-199.6637161840021,0.336283815997908,0.2463522952958407,-199.75364770470418,0.2463522952958407,0.7312606440787117,-199.2687393559213,0.7312606440787116,-148.70639384043088,-93.91701354914775,2.659175046269442,-149.62640652251156,-444.83702623122844,1.7391623641887537,-149.02430850922593,-894.2349282179429,2.341260377474378,0.1583004311568696,-199.84169956884315,0.15830043115686956,148.39340334932353,-106.14423335215437,-2.8482132772670594,147.7178830979099,-456.8197536035681,-3.5237335286807436,148.28186112600287,-906.2557755754751,-2.959755500587741,0.3924885629642835,-199.60751143703573,0.39248856296428347
25,0.25,-0.4022265880555177,699.5977734119446,-0.4022265880555177,0.1343386642664336,550.1343386642665,0.1343386642664336,0.26874089685664104,300.26874089685657,0.268740896856641,-0.13096149710000848,399.8690385029,-0.1309614971000085,0.12232472916459251,200.12232472916457,0.12232472916459247,0.4516049879463131,100.45160498794625,0.4516049879463131,0.41125063855054317,1000.2809768378318,0.3471945628698533,-197.1330413950799,502.2013432483277,0.898552060893238,-346.7515655257146,393.7293074389214,-2.856250537282139,-454.3231892447118,204.85846128384117,-0.7042217453717637,-500.910098538147,51.17711380899735,-2.702509537640955,-2.1627497721315008,-202.4905540699493,-1.4583889954743556,-0.3120542978945584,-200.3120542978946,-0.3120542978945584,0.11101299223160746,-199.88898700776843,0.11101299223160746,-0.5202011276516559,-200.52020112765166,-0.5202011276516557,0.1228193196434034,-199.87718068035662,0.12281931964340338,201.72212914343774,501.616020028764,0.3132288413297935,345.2664070132262,405.4557874907749,-2.9925338170727827,448.825521030303,197.25292728112083,0.57829721325419,503.13726250510695,54.26473117879327,-0.8982209994284939,-2.3484206066696114,-203.9287640964165,-0.5776342330217404,-0.4804660121863966,-200.4804660121864,-0.4804660121863966,0.2887680716110106,-199.71123192838905,0.2887680716110106,0.5683205917725469,-199.43167940822747,0.5683205917725469,0.6668591382130314,-199.333140861787,0.6668591382130313,-148.94314382971208,-93.94966133790783,2.4714982281280307,-149.69007051714385,-444.6965880253397,1.7245715406962367,-149.10521511772006,-894.1117326259159,2.309426940120063,0.09608177938362919,-199.9039182206164,0.09608177938362916,148.37360412839354,-106.35933076197313,-2.9129257780851656,147.75052880422498,-456.9824060861418,-3.5360011022537554,148.35194769770123,-906.3809871926655,-2.934582208777482,0.1921742265367648,-199.80782577346326,0.19217422653676475
26,0.26,-0.4366332546000125,699.5633667453999,-0.4366332546000125,0.15136090512352046,550.1513609051235,0.15136090512352046,-0.022604580033593502,299.97739541996634,-0.022604580033593502,-0.11514163513488662,399.8848583648652,-0.11514163513488662,0.11030203105014191,200.11030203105008,0.11030203105014191,0.44846841933184756,100.44846841933179,0.44846841933184756,0.5074787674840037,1000.3729041246925,0.4414028763275196,-197.29367481099018,502.1381900772043,0.7978410441193802,-347.0475191696762,393.6430071090631,-2.8881248018262573,-454.38491429337046,204.78581171636668,-0.739817248327375,-500.61510566022264,50.90980393381821,-2.516917968109574,-2.252877462861612,-202.5068849213547,-1.552393456160564,-0.5560389153364188,-200.55603891533644,-0.5560389153364187,-0.0657272818475375,-200.06572728184761,-0.0657272818475375,-0.6511817329125759,-200.6511817329126,-0.6511817329125759,0.017133145185243337,-199.9828668548148,0.017133145185243337,201.4852932296272,501.5202121764841,0.1798631433993953,345.0981272984468,405.14470691010604,-3.142997489604368,448.4416576655068,197.39903258594973,0.31981583645329636,502.9098637051794,54.23774852151443,-1.3505385318267407,-2.511304260438729,-204.21503452154235,-0.8811233135569145,-0.5901458125748081,-200.5901458125748,-0.590145812574808,0.19386815905305865,-199.806131840947,0.19386815905305865,0.7172616772463033,-199.28273832275372,0.7172616772463033,0.6625334429256151,-199.33746655707444,0.6625334429256151,-149.2485923622955,-94.05150364076047,2.213764972360604,-149.5968863719566,-444.39979765042153,1.8654709626995216,-149.16960889124795,-893.9725201697129,2.292748443408179,-0.0682623794858233,-200.06826237948584,-0.06826237948582331,148.32292147959248,-106.60501795635915,-3.0072840727506445,147.7948933885435,-457.1330460474082,-3.535312163799647,148.39021930115135,-906.5377201348003,-2.939986251191784,0.04822103166656455,-199.95177896833349,0.04822103166656455
27,0.27,-0.44977906223029396,699.5502209377697,-0.4497790622302939,0.16254610478441178,550.1625461047844,0.16254610478441167,-0.1923241099431277,299.8076758900569,-0.19232410994312774,-0.05828468796964731,399.9417153120304,-0.05828468796964731,0.14059327923438306,200.14059327923434,0.14059327923438303,0.25478054003676986,100.25478054003673,0.25478054003676986,0.600437200757629,1000.4616665257432,0.5324037544472868,-197.43988509405432,502.0913014471902,0.7150158298010716,-347.3070736662912,393.6184682609787,-2.8620966224103515,-454.39118200019163,204.74347148784761,-0.734277886475403,-500.3743187904992,50.58510135420849,-2.3741963445162892,-2.346830219720404,-202.53811986495614,-1.6599035270681766,-0.7096174947582402,-200.70961749475828,-0.7096174947582401,-0.18621105062172374,-200.18621105062178,-0.18621105062172372,-0.5751626233873554,-200.57516262338737,-0.5751626233873554,-0.15633445537943552,-200.15633445537946,-0.15633445537943552,201.29932320713107,501.476254650966,0.09996903357704674,345.02356345792487,404.8993353000684,-3.208471633978907,448.14025527869944,197.6283401566405,0.13740715963979144,502.63721266242266,54.181090739471244,-1.814182902540399,-2.732008159956057,-204.57302266861922,-1.2606554628566562,-0.5439390062886575,-200.54393900628867,-0.5439390062886574,0.047257444999719955,-199.95274255500033,0.04725744499972001,0.6529144205160331,-199.347085579484,0.652914420516033,0.6724547264567611,-199.32754527354325,0.6724547264567611,-149.50317434397073,-94.10318439141501,2.005418640940182,-149.4338430245513,-444.0338530719956,2.0747499603596182,-149.1877730460156,-893.7877830934599,2.320819938895336,-0.29209868514648485,-200.2920986851465,-0.29209868514648496,148.19632144121528,-106.92612716131151,-3.1762046510749564,147.83516865575277,-457.287279946774,-3.5373574365374694,148.41746769123716,-906.7049809112898,-2.9550584010530634,-0.052632998000000375,-200.05263299800004,-0.052632998000000375
28,0.28,-0.432154162995356,699.5678458370047,-0.432154162995356,0.09835926830259076,550.0983592683026,0.09835926830259067,-0.2552549275762203,299.7447450724238,-0.25525492757622037,-0.027896675566537882,399.9721033244335,-0.027896675566537882,0.14467634835830465,200.14467634835825,0.1446763483583046,-0.08068569670835476,99.91931430329164,-0.08068569670835476,0.6823170441170852,1000.539458746598,0.6123904014565702,-197.61489408631914,502.01734422195943,0.606788556081004,-347.54668505041207,393.6384332482142,-2.7956618191223868,-454.26567329983027,204.80815312616556,-0.6111992840188845,-500.17918381967553,50.214754481364814,-2.2643396639184346,-2.320915603954786,-202.45930988293787,-1.6564325181364796,-0.7430895352463593,-200.7430895352464,-0.7430895352463593,-0.24348844422957341,-200.24348844422963,-0.2434884442295734,-0.33950269487823104,-200.33950269487823,-0.33950269487823104,-0.4166565197930242,-200.41665651979307,-0.4166565197930242,201.18385940607402,501.50361582203004,0.09306015615176749,345.05344144116793,404.7308838302298,-3.1781991968955805,447.88322914575525,197.90118919337544,-0.007596211169690337,502.34383589956815,54.11874060703373,-2.263535882321565,-2.94852093275568,-204.94058411946287,-1.6534188191649641,-0.35649292690208667,-200.3564929269021,-0.35649292690208667,-0.16340959815414235,-200.16340959815417,-0.16340959815414235,0.44721281811340124,-199.5527871818866,0.4472128181134012,0.6199030432950631,-199.380096956705,0.619903043295063,-149.61764625067462,-94.01568580378962,1.9355763115065279,-149.35066061150408,-443.7487001646192,2.2025619506770595,-149.1686725351644,-893.5667120882795,2.384550027016754,-0.511592814652538,-200.51159281465257,-0.511592814652538,147.9894177861504,-107.3268260656965,-3.4239514907097277,147.8487113551256,-457.46753249672133,-3.5646579217345256,148.42055832988365,-906.8956855219633,-2.992810946976463,-0.14059521326548638,-200.14059521326556,-0.14059521326548638
29,0.29,-0.37834446102353153,699.6216555389765,-0.3783444610235315,-0.056889739027950546,549.9431102609722,-0.056889739027950637,-0.2787482387434212,299.72125176125667,-0.27874823874342125,-0.08720548516512408,399.9127945148349,-0.08720548516512405,0.06607984253322177,200.0660798425332,0.06607984253322179,-0.4248076719105842,99.57519232808944,-0.4248076719105842,0.7516123530908558,1000.6047783948027,0.6798589385837248,-197.84932228655987,501.8855830813467,0.4424673499934113,-347.7877613677466,393.68061771596297,-2.711343885360815,-453.9827259033093,205.00598869979535,-0.34477784581907445,-499.99834352886944,49.833295160713206,-2.1546225775811667,-2.1162712208218846,-202.21021779213777,-1.4822265326890762,-0.692545296856625,-200.69254529685662,-0.6925452968566249,-0.27702713571544246,-200.27702713571549,-0.27702713571544246,-0.06900259778760089,-200.06900259778763,-0.06900259778760083,-0.7073685440033861,-200.70736854400343,-0.7073685440033861,201.1069776261007,501.5701973059205,0.12708157456735453,345.1744157819983,404.6265791870484,-3.0654543012635367,447.6359448141268,198.18137845412787,-0.15038636788813567,502.01324954407175,54.03346639725952,-2.7142723898004606,-3.09372929417077,-205.25027239753717,-1.9913176509079284,-0.1297055462153368,-200.12970554621535,-0.1297055462153368,-0.44087116721122815,-200.44087116721124,-0.44087116721122815,0.20271071827493167,-199.7972892817251,0.20271071827493167,0.4761520422399176,-199.52384795776013,0.47615204223991753,-149.59506435043505,-93.79230627035122,2.001050919950314,-149.43593997924035,-443.6331818991565,2.1601752911450256,-149.14935361134613,-893.3465955312622,2.4467616590392502,-0.6512048489126845,-200.6512048489127,-0.6512048489126846,147.7709957341406,-107.73809442936681,-3.681612707230495,147.82023374760902,-457.6888564158984,-3.6323746937620784,148.3598205501821,-907.1492696133254,-3.0927878911890154,-0.22364415204095114,-200.22364415204098,-0.22364415204095117
30,0.3,-0.3080991059095123,699.6919008940906,-0.30809910590951217,-0.24569532921501017,549.754304670785,-0.24569532921501022,-0.31370655341011033,299.6862934465899,-0.3137065534101104,-0.2458111078546144,399.75418889214546,-0.24581110785461432,-0.05521131582610456,199.9447886841739,-0.05521131582610464,-0.6607701635054319,99.3392298364946,-0.6607701635054319,0.8037927861451104,1000.653098631396,0.7302810561352623,-198.12274441254567,501.71632509262105,0.24240085030182845,-348.0364165595228,393.7379599002156,-2.616443755448584,-453.59046578221603,205.28939604719744,0.017056789863680477,-499.7879862860941,49.48766650966347,-1.9999636375068237,-1.7612168037947367,-201.81768713706816,-1.1646283319196593,-0.601866456011604,-200.60186645601163,-0.6018664560116039,-0.30820684406696386,-200.30820684406703,-0.3082068440669638,0.10376741731517719,-199.89623258268483,0.10376741731517725,-0.9066535841071861,-200.9066535841072,-0.9066535841071861,201.02892535922587,501.63607040605194,0.16214616373280738,345.37321683138094,404.57380896783934,-2.883395517779494,447.38398514761207,198.4529384805076,-0.3059104752760708,501.65305671748365,53.93192267114749,-3.1582669458399506,-3.155567687826397,-205.48948896803694,-2.2611273441202333,0.05629089721513253,-199.9437091027849,0.05629089721513253,-0.7431820983833123,-200.74318209838333,-0.7431820983833122,-0.0059795682608277875,-200.00597956826084,-0.005979568260827801,0.2826861351443489,-199.7173138648557,0.28268613514434887,-149.52925021155124,-93.52712546243019,2.1078861604822854,-149.62862804009785,-443.6265032909768,2.0085083319356745,-149.13958484003948,-893.1374600909185,2.497551531994053,-0.6563012281983347,-200.65630122819834,-0.6563012281983349,147.6438812496716,-108.05685518995116,-3.846231662342248,147.766553355848,-457.93418308377477,-3.723559556165858,148.23057738233624,-907.4701590572865,-3.2595355296776165,-0.2798225816867536,-200.2798225816868,-0.27982258168675367
31,0.31,-0.25489347899604375,699.7451065210041,-0.25489347899604364,-0.37153215837672937,549.6284678416234,-0.3715321583767294,-0.3704811925647499,299.62951880743526,-0.37048119256475,-0.44947854745095417,399.55052145254916,-0.44947854745095406,-0.09204225880372496,199.90795774119624,-0.09204225880372519,-0.7431599546981653,99.25684004530186,-0.7431599546981653,0.8196252148082949,1000.6651897794603,0.744425622557356,-198.3508408107848,501.59376844012934,0.09082689068461064,-348.26493601579966,393.8371584974427,-2.4845009745331676,-453.1647465293287,205.58313687921446,0.3987012063467175,-499.51612020684144,49.21292570984154,-1.7672142925839387,-1.3151476395660946,-201.33955339247436,-0.761983384125961,-0.48788290153751235,-200.48788290153755,-0.48788290153751235,-0.29117148600022486,-200.29117148600028,-0.29117148600022486,0.11613225627236692,-199.88386774372765,0.11613225627236695,-0.9153478339711903,-200.91534783397123,-0.9153478339711903,200.961498325604,501.7128528705506,0.20991132110595645,345.6331951307716,404.5566639199783,-2.648522171637036,447.13041512106463,198.71740150622082,-0.4716034987785775,501.3326058311661,53.88231393944891,-3.5259368589786027,-3.1637579877249333,-205.68722527837497,-2.4912411963264507,0.17564193633969408,-199.82435806366036,0.1756419363396941,-0.9721263824199466,-200.97212638242,-0.9721263824199464,-0.13399540775770574,-200.1339954077577,-0.13399540775770571,0.11218879344893551,-199.8878112065511,0.11218879344893543,-149.52178147857128,-93.32199461514656,2.1543661602743622,-149.77205947203043,-443.5722726086058,1.9040881668152143,-149.08560060121448,-892.8858137377898,2.5905470376311897,-0.5223175228384039,-200.52231752283848,-0.522317522838404,147.67121663989536,-108.21969935283337,-3.854531814448423,147.74030324814544,-458.1506127445833,-3.785445206198344,148.09421107861698,-907.7967049141118,-3.4315373757267906,-0.2771642506463296,-200.27716425064636,-0.27716425064632955
32,0.32,-0.23327791257855762,699.7667220874216,-0.23327791257855762,-0.3675954029711646,549.6324045970289,-0.36759540297116466,-0.4308883956998738,299.56911160430013,-0.4308883956998739,-0.6013913470400869,399.39860865296004,-0.6013913470400868,0.04662158358676577,200.04662158358673,0.04662158358676566,-0.6956838725183009,99.30431612748171,-0.6956838725183009,0.7759847752045248,1000.6179303740998,0.6991697349211686,-198.43645512356392,501.614944903323,0.08481493333057631,-348.42181615783016,394.0286367314926,-2.2653286475318017,-452.7505283076702,205.84293505322822,0.7554978651895567,-499.1856617093564,49.00913301572945,-1.4582614130906393,-0.8359386109002401,-200.83206658293807,-0.33105724131647063,-0.34913216094033417,-200.34913216094037,-0.34913216094033417,-0.15932830666248626,-200.15932830666253,-0.1593283066624863,-0.007634223793471555,-200.0076342237935,-0.00763422379347152,-0.7393298394283712,-200.73932983942842,-0.7393298394283712,200.96107805447156,501.85674669855723,0.3266167285648611,345.9185606894363,404.5401747963107,-2.396435917476199,446.9007697918821,198.99879445673844,-0.622397869472561,501.134176527964,53.96558789666592,-3.735055407224033,-3.1266728138009867,-205.85093037629954,-2.6885425240550305,0.20571618254008622,-199.79428381745996,0.20571618254008622,-1.0240112518829743,-201.024011251883,-1.024011251882974,-0.16249217993637555,-200.1624921799364,-0.16249217993637557,0.022842433676173942,-199.97715756632388,0.022842433676173925,-149.58774903503752,-93.19229311734192,2.125258808114488,-149.7498497668706,-443.3543938491751,1.9631580762814,-148.9354296879011,-892.5399737702056,2.777578155250927,-0.2931853535456396,-200.2931853535457,-0.2931853535456397,147.84500032028012,-108.23434679520625,-3.7143774423051483,147.8050600631259,-458.27428705236053,-3.7543176994594,148.04319611160497,-908.0361510038814,-3.5161816509803137,-0.20821130879684144,-200.20821130879688,-0.2082113087968414
33,0.33,-0.23355490327216466,699.7664450967279,-0.23355490327216463,-0.2502318451196447,549.7497681548805,-0.2502318451196448,-0.4597728088750411,299.54022719112504,-0.45977280887504113,-0.6161948690917715,399.38380513090834,-0.6161948690917713,0.32279143912733504,200.32279143912734,0.32279143912733493,-0.5809629147257663,99.41903708527423,-0.5809629147257662,0.6728375458303812,1000.5112898386835,0.5944813956670627,-198.36278910018916,501.7965251960802,0.24107136590460337,-348.48906817434954,394.32924247910745,-1.9423123092904497,-452.3536647561941,206.0636866624845,1.0819466031251987,-498.8328371969327,48.84292843441199,-1.1084419309388673,-0.38974883118513876,-200.35971511659704,0.06314592404000408,-0.18636487300193408,-200.18636487300193,-0.18636487300193408,0.07713103915637029,-199.9228689608437,0.07713103915637018,-0.1954497909606662,-200.1954497909607,-0.19544979096066617,-0.4739709711738546,-200.4739709711739,-0.47397097117385456,201.05231667064686,502.09222315537886,0.5367693252032261,346.1820378482378,404.47796451783563,-2.1741868959033788,446.7429890424315,199.34357861644284,-0.7107865025627984,501.0735236697325,54.19598856958103,-3.770204640955547,-3.011608784650943,-205.94679039672621,-2.8186883467878228,0.11767458377036746,-199.88232541622966,0.11767458377036741,-0.8630192666412414,-200.86301926664126,-0.8630192666412414,-0.10487448728871596,-200.10487448728873,-0.10487448728871594,0.025866862920511144,-199.97413313707955,0.02586686292051113,-149.65319135549942,-93.06436221078314,2.094381932759828,-149.56523538988523,-442.97640624516896,2.182337898374008,-148.74213870749156,-892.1533095627753,3.0054345807676848,-0.04355993961588603,-200.0435599396159,-0.043559939615886084,148.10736286762358,-108.15837086279885,-3.483498120309041,147.99944108570193,-458.2662926447206,-3.5914199022307,148.13702785412286,-908.1287058762996,-3.4538331338097787,-0.10736573913927991,-200.1073657391393,-0.10736573913927988
34,0.34,-0.25168864958514636,699.748311350415,-0.2516886495851463,-0.10399311804122932,549.8960068819588,-0.10399311804122943,-0.4258901358092198,299.57410986419086,-0.42589013580921986,-0.4844749600419366,399.5155250399582,-0.4844749600419366,0.6104881798136818,200.61048817981373,0.6104881798136818,-0.4648632686678799,99.5351367313321,-0.4648632686678799,0.5438838184658472,1000.3789717542412,0.46406278249888167,-198.22381747459104,502.0444042449716,0.46552473957675855,-348.53129281440283,394.67317753696165,-1.581479636736021,-451.97926374029066,206.2410960648332,1.373342088646639,-498.50550964362094,48.66918447995714,-0.7648812354152184,-0.04589806885778108,-199.99012184873342,0.3524925703069601,-0.014645973338812596,-200.0146459733388,-0.014645973338812554,0.31356395499898054,-199.68643604500105,0.31356395499898043,-0.3779182750072335,-200.37791827500723,-0.37791827500723346,-0.22011062815905222,-200.22011062815906,-0.2201106281590522,201.1731937053259,502.35707981493016,0.7782003095353234,346.39617539956873,404.34355532294495,-2.0089647970075184,446.6839772031824,199.77721405556002,-0.7102610697683054,501.08231864743135,54.503508582375154,-3.7003285743693466,-2.802086263889369,-205.95703642342164,-2.8634211271350862,-0.062436017025671836,-200.06243601702568,-0.06243601702567192,-0.5456525756344548,-200.54565257563445,-0.5456525756344548,0.00040119670382451206,-199.99959880329618,0.0004011967038245155,0.06995764106650285,-199.93004235893352,0.06995764106650285,-149.6493106759935,-92.86972042994114,2.130387699750105,-149.30822679403354,-442.52863654798125,2.4714715817100217,-148.6451825858511,-891.8655923397988,3.1345157898925216,0.14446200995808717,-199.8555379900419,0.14446200995808717,148.38288127523552,-108.06688484236736,-3.2371750285741547,148.3057789761958,-458.14398714140714,-3.314277327613877,148.34750394172403,-908.1022621758789,-3.27255236208561,-0.022701189684434554,-200.02270118968443,-0.02270118968443452
35,0.35,-0.2968464076377994,699.7031535923622,-0.29684640763779946,-0.007593213259724285,549.9924067867403,-0.007593213259724341,-0.3395576683963665,299.6604423316037,-0.3395576683963666,-0.27934906104722057,399.7206509389529,-0.2793490610472206,0.7996852163399456,200.79968521633998,0.7996852163399455,-0.39688796043568936,99.60311203956428,-0.3968879604356893,0.4358959131621327,1000.2677516729607,0.35468806237149136,-198.1512221506685,502.22676716489514,0.6263917065840193,-348.65305010247295,394.95463214928,-1.2888648877539852,-451.6541317427375,206.34922806845594,1.6033274509526203,-498.2387996229537,48.45536563406591,-0.462124737032273,0.15390463876164262,-199.76329258835554,0.49647657668329975,0.13696555932217164,-199.86303444067778,0.1369655593221717,0.44177978385637984,-199.5582202161436,0.44177978385637967,-0.5140978172536689,-200.51409781725368,-0.5140978172536689,-0.02687630572625832,-200.02687630572623,-0.026876305726258293,201.20852481748395,502.5359495154659,0.9355740571547466,346.5703473280312,404.1473662784141,-1.8910994606804286,446.6839250690902,200.25848631243625,-0.660988022647791,501.0699057993737,54.79565823283212,-3.6169690430136203,-2.5505688900493784,-205.93267394788128,-2.8733017653207007,-0.23097988526410526,-200.2309798852641,-0.2309798852641054,-0.18525388755430605,-200.1852538875543,-0.18525388755430613,0.11147290848865035,-199.88852709151132,0.11147290848865035,0.07581343372951882,-199.92418656627046,0.07581343372951882,-149.59103360369457,-92.6236234054808,2.218202603724465,-149.06037397699214,-442.0929637787784,2.748862230426928,-148.72766688204317,-891.7602566838295,3.081569325375863,0.22453928660029465,-199.7754607133997,0.22453928660029468,148.6089991946338,-108.02212252317673,-3.0378213112039587,148.63943562696804,-457.9916860908425,-3.0073848788696984,148.55794569377258,-908.0731760240379,-3.088874812065192,0.02835938481745734,-199.97164061518254,0.02835938481745731
36,0.36,-0.35068202323888575,699.6493179767612,-0.35068202323888575,0.02279597688696558,550.022795976887,0.022795976886965552,-0.2554876599020686,299.744512340098,-0.2554876599020686,-0.09230236114920151,399.9076976388509,-0.09230236114920154,0.8564965786442381,200.85649657864428,0.856496578644238,-0.39970633605418165,99.60029366394579,-0.3997063360541816,0.37535940186123523,1000.2041183403364,0.2928446141268649,-198.21866812737198,502.2698134998767,0.6499012251604281,-348.89720143839764,395.12944731771876,-1.1088455489858648,-451.3990495566826,206.3682286269123,1.7516164287161737,-498.03283266843073,48.20376278531872,-0.19989437214283046,0.22254517729752094,-199.66465186398813,0.5091887195735226,0.24359784413803867,-199.7564021558619,0.2435978441380387,0.43682409822376583,-199.56317590177622,0.4368240982237656,-0.5787005388223607,-200.57870053882232,-0.5787005388223607,0.10504673000634603,-199.89495326999366,0.10504673000634604,201.08032114599183,502.55065994840515,0.9307476736888368,346.7310651689028,403.9170221607261,-1.7937500104398503,446.66384103323566,200.70704203873646,-0.6422756518816128,500.9881438481243,55.02232118337592,-3.5694143984158924,-2.3390167300623648,-205.95404768119036,-2.9282775817424147,-0.27626045429215695,-200.27626045429213,-0.27626045429215706,0.10755757643160876,-199.8924424235684,0.10755757643160872,0.20812941371073493,-199.79187058628926,0.2081294137107349,0.01666426855840511,-199.98333573144157,0.016664268558405082,-149.54872902834362,-92.39678089681783,2.2873101911795155,-148.83227183503595,-441.6803237035102,3.0037673844871664,-148.9298004198121,-891.7778522882863,2.9062387997110157,0.2247925629105682,-199.77520743708942,0.22479256291056823,148.76377768859766,-108.04568831987827,-2.907231955456698,148.88587695056006,-457.92358905791593,-2.7851326934943295,148.6484137139599,-908.1610522945161,-3.0225959300944583,0.06100556392678794,-199.9389944360732,0.06100556392678795
37,0.37,-0.34191802685451156,699.6580819731455,-0.34191802685451156,0.025602938475635398,550.0256029384757,0.02560293847563544,-0.20625177505666947,299.79374822494344,-0.20625177505666947,0.032496698853941616,400.032496698854,0.03249669885394159,0.8187852679341123,200.81878526793417,0.8187852679341122,-0.4362284399970685,99.56377156000292,-0.4362284399970685,0.3495281127536993,1000.1753286980806,0.26578803188560834,-198.3971750037805,502.2023858885632,0.564923191403594,-349.2111387636754,395.2488901955012,-0.9903658945080692,-451.19555976342696,206.31753357530687,1.8372035656341335,-497.84715128778714,47.95706447450142,0.06249173369567412,0.24222224180538648,-199.61034487035866,0.4740198778043647,0.31199391549591693,-199.68800608450405,0.31199391549591693,0.3576811643533198,-199.64231883564665,0.35768116435331976,-0.5335113972173009,-200.53351139721727,-0.5335113972173009,0.2004259168117504,-199.79957408318825,0.20042591681175045,200.82011840149113,502.4325629889737,0.7951002918140634,346.8974585293677,403.67283026516424,-1.6974259688689695,446.5769782945381,201.07482054855888,-0.7011452341119621,500.8373630986457,55.181727388080496,-3.5587303962541297,-2.1847333550052563,-206.03670191737498,-3.043545466454543,-0.1522498076362645,-200.15224980763622,-0.15224980763626458,0.2847506665195906,-199.71524933348036,0.2847506665195906,0.3152581080932467,-199.68474189190675,0.3152581080932466,-0.037117930719345216,-200.03711793071932,-0.03711793071934523,-149.55370902638128,-92.22085674773291,2.3062508200858165,-148.59386832669767,-441.2610160480493,3.266091519769458,-149.11784764352456,-891.7849953648762,2.742112202942583,0.2243468435168195,-199.77565315648314,0.22434684351681952,148.87246987045583,-108.11198357884618,-2.8200098142750853,148.98723489830056,-457.99721855100154,-2.7052447864303777,148.6061467898686,-908.3783066594335,-3.086332894862314,0.08890154859241989,-199.91109845140755,0.08890154859241989
38,0.38,-0.19980922447256264,699.8001907755275,-0.1998092244725626,0.051356627596362614,550.0513566275963,0.05135662759636268,-0.14587628585558407,299.85412371414446,-0.14587628585558401,0.11902840166930781,400.1190284016693,0.11902840166930781,0.7457387835115847,200.74573878351163,0.7457387835115846,-0.39098500951257453,99.60901499048742,-0.39098500951257464,0.31843361427827155,1000.1414173666981,0.23355160809804257,-198.57687079046434,502.1342164278971,0.48121477160053916,-349.5160506332138,395.39039270982187,-0.8561973153941552,-451.00762034295036,206.23421107481084,1.8967081151813117,-497.63820046567673,47.760856248018186,0.3686276998975531,0.3405079410087146,-199.47119638468666,0.5197071426663429,0.38952379107343027,-199.61047620892657,0.3895237910734303,0.28773932915732814,-199.71226067084262,0.2877393291573282,-0.3335984485870738,-200.33359844858705,-0.333598448587074,0.29490570514747044,-199.7050942948525,0.29490570514747055,200.5565481556053,502.3101062259254,0.6571045696287553,347.0811544306799,403.42765581415574,-1.5901096889862307,446.42777106753283,201.36499418430537,-0.8333933461242966,500.6405671761329,55.29467189897718,-3.563544615298717,-2.0109256639826016,-206.10195515887904,-3.1401288890262276,0.11720564107930186,-199.88279435892068,0.11720564107930183,0.38642410338807887,-199.6135758966119,0.38642410338807887,0.4931883864948218,-199.50681161350514,0.49318838649482166,0.022351094476921185,-199.97764890552304,0.022351094476921102,-149.56326850695217,-92.05350751756491,2.317582704361417,-148.35209566917706,-440.8423346797899,3.5287555421364916,-149.208240584998,-891.6984795956107,2.672610626315565,0.27625651716712374,-199.72374348283284,0.2762565171671239,148.98156664298625,-108.17416185124057,-2.729520555966856,149.0064522775679,-458.14927621665896,-2.7046349213852143,148.53332983753205,-908.6223986566947,-3.1777573614210395,0.1132787387818024,-199.88672126121816,0.11327873878180245
39,0.39,0.05481063819938056,700.0548106381995,0.054810638199380604,0.12607666979287013,550.1260766697928,0.12607666979287024,-0.00868037302728178,299.99131962697277,-0.008680373027281696,0.22873860926556044,400.2287386092655,0.22873860926556044,0.6580169499643584,200.6580169499644,0.6580169499643584,-0.15371845701340706,99.84628154298662,-0.15371845701340708,0.25528803697629365,1000.0755994659407,0.16934915446810372,-198.65462153826735,502.16829722360774,0.5017909236831759,-349.790878914476,395.5735996731825,-0.6868891635633242,-450.8278134447213,206.12674875371007,1.9381626379827521,-497.41966536205507,47.60326953470417,0.704677792159823,0.6028446195847542,-199.16023296688832,0.7328164838852356,0.5286492396773628,-199.47135076032262,0.5286492396773629,0.2724660074099527,-199.72753399259,0.2724660074099527,0.016216479150301222,-199.98378352084967,0.016216479150301166,0.4124745028184686,-199.5875254971815,0.4124745028184687,200.4126107602156,502.3061061227455,0.6395998228210228,347.28581066181084,403.18645116954633,-1.4677249028917823,446.2324392176413,201.59257690830776,-1.0229859300400246,500.4290988283493,55.39019892889482,-3.5543650135105795,-1.7314549342392027,-206.06166735299126,-3.1296471030002726,0.4611566870937271,-199.53884331290624,0.4611566870937271,0.49174142698915924,-199.50825857301083,0.49174142698915935,0.7649474178725242,-199.23505258212748,0.764947417872524,0.22246284800959348,-199.77753715199037,0.22246284800959348,-149.53818442099214,-91.8558806128386,2.3603834189789543,-148.179879863182,-440.4975760550285,3.718687976789089,-149.21357683481568,-891.5312730266622,2.6849910051554096,0.36193437136607887,-199.6380656286339,0.36193437136607903,149.11469521019916,-108.2082314558833,-2.611994864755578,149.08188498657836,-458.2410416795042,-2.6448050883763967,148.5294536927046,-908.7934729733779,-3.1972363822501295,0.14538469109605212,-199.85461530890393,0.14538469109605218
40,0.4,0.2903069661827965,700.2903069661829,0.2903069661827966,0.22620437225925683,550.2262043722593,0.22620437225925694,0.1719042622805381,300.1719042622806,0.17190426228053818,0.3899146641512494,400.3899146641512,0.3899146641512494,0.5261188717960807,200.5261188717961,0.5261188717960807,0.23655845053996688,100.23655845054003,0.23655845053996682,0.18186349281104736,999.9996500327508,0.09495442036068219,-198.62439025227627,502.3105216595138,0.6325656398400328,-350.0877063771362,395.7449861027691,-0.5361503949,-450.67303766486464,205.97935721509992,1.9453179572348878,-497.2743926871334,47.4030486726554,0.987452372049527,0.9914434180342506,-198.71380274326128,1.0766276383193936,0.7180551450343362,-199.28194485496562,0.7180551450343363,0.29452651595144724,-199.70547348404853,0.2945265159514474,0.42112680494722854,-199.57887319505278,0.42112680494722854,0.536368519172255,-199.4636314808277,0.5363685191722553,200.40951117643488,502.44158408964586,0.763628069972115,347.4926322573081,402.9317679764199,-1.3486222663205667,445.99763841860215,201.76307820322927,-1.26340701923739,500.2251106180046,55.48809183763068,-3.5110919412720585,-1.3658221480034296,-205.9332426475589,-3.0293194413532394,0.7724254987749118,-199.22757450122504,0.7724254987749118,0.6255514559262751,-199.3744485440737,0.6255514559262753,1.048737466069081,-198.9512625339309,1.0487374660690807,0.4580947442437917,-199.54190525575615,0.4580947442437917,-149.53266849398727,-91.68256588382667,2.3802979019493264,-148.17210979395708,-440.3220071837965,3.7408566019795364,-149.1915996814311,-891.3414970712706,2.7213667145055345,0.42033199805919136,-199.57966800194077,0.4203319980591915,149.2424175830667,-108.2432581069732,-2.496730667969172,149.2853591258353,-458.2003165642046,-2.4537891252005792,148.58346115065277,-908.9022145393873,-3.1556871003831204,0.21081019332547227,-199.78918980667447,0.21081019332547238
41,0.41,0.3598830468186335,700.3598830468187,0.3598830468186336,0.28167216697057207,550.2816721669707,0.2816721669705722,0.26010821537827067,300.2601082153783,0.26010821537827067,0.5477049395461888,400.5477049395462,0.547704939546189,0.3177604977738188,200.31776049777386,0.3177604977738189,0.5759229019706001,100.57592290197069,0.5759229019706,0.15539566515225986,999.9708076098937,0.06760468189301293,-198.56756750002774,502.47935397634524,0.7920215010197058,-350.4728262871868,395.83679261583643,-0.4719131477994252,-450.5381872950104,205.79828646250962,1.9239610188482594,-497.28396851603895,47.079963414403146,1.134829178205086,1.3735233054969518,-198.26335386351292,1.4193600990307709,0.8544513443588841,-199.14554865564105,0.8544513443588843,0.3091104516891756,-199.6908895483108,0.3091104516891757,0.7410471878546345,-199.25895281214534,0.7410471878546345,0.6137167741371211,-199.38628322586285,0.6137167741371213,200.48047928702692,502.64958703976856,0.9622545644430416,347.66560322961783,402.6289843843065,-1.2683497596956594,445.7410745874665,201.8931210238216,-1.5370433752470567,500.0212580159621,55.57858638373616,-3.4433062594679815,-1.0500950421892992,-205.85057495831379,-2.9729119860843474,0.9444423549961916,-199.05555764500377,0.9444423549961917,0.7204975332445481,-199.27950246675542,0.7204975332445482,1.2033846681077132,-198.79661533189227,1.203384668107713,0.5710625081189254,-199.42893749188102,0.5710625081189254,-149.66243096790308,-91.64965817571395,2.2614754643647954,-148.3814481600231,-440.36867536783393,3.542458272244784,-149.17550379006454,-891.1627309978755,2.748402642203332,0.40294620195257336,-199.5970537980474,0.4029462019525735,149.30279399927508,-108.34080268239666,-2.445530466474302,149.52300097843994,-458.12059570323186,-2.2253234873094323,148.60557739156957,-909.0380192901023,-3.142747074179826,0.3155639557132225,-199.6844360442867,0.31556395571322265
42,0.42,0.22374478362216843,700.2237447836224,0.22374478362216849,0.22689491455412808,550.2268949145541,0.22689491455412814,0.15582478817427028,300.1558247881743,0.1558247881742704,0.5991427535120641,400.5991427535121,0.5991427535120643,0.04887716146185614,200.0488771614619,0.04887716146185622,0.6725278710172381,100.67252787101734,0.672527871017238,0.21321906912114766,1000.0264095049779,0.12463600140588721,-198.560431214204,502.5983696595806,0.9037500428508239,-350.95227001520084,395.8415028730456,-0.5018542893120828,-450.3893671908697,205.6186066123649,1.908697020709845,-497.4399375039137,46.643582024350565,1.1545350088083437,1.6290678337113862,-197.92769421586726,1.6419175888572441,0.8237864657391969,-199.17621353426074,0.8237864657391969,0.30148493341429566,-199.69851506658568,0.30148493341429583,0.8796405896956592,-199.12035941030433,0.8796405896956592,0.6004773635993357,-199.39952263640063,0.6004773635993359,200.55511051224855,502.85952824924595,1.164908632516255,347.786416318846,402.26123012498766,-1.2447251730881963,445.5047162754247,202.02365746636042,-1.8019713622340636,499.7964438757034,55.63813604556078,-3.3745047520542153,-0.9103396229741999,-205.93749892575238,-3.084189183464799,0.9393149613124343,-199.06068503868755,0.9393149613124343,0.6812669865798489,-199.31873301342011,0.6812669865798489,1.156601756807065,-198.84339824319292,1.156601756807065,0.4861394561067719,-199.5138605438932,0.4861394561067719,-149.97042179082703,-91.80049727731307,1.9608293665106937,-148.7836021441036,-440.6136776305897,3.1476490132341275,-149.16699181256553,-890.9970672990517,2.764259344772189,0.30551373361430517,-199.6944862663857,0.3055137336143053,149.27093380272908,-108.52537158249825,-2.4831512191781573,149.6035449091068,-458.19276047612055,-2.150540112800429,148.5535019816411,-909.2428034035863,-3.2005830402661175,0.42244822993814013,-199.5775517700618,0.42244822993814024
43,0.43,-0.021065850137869657,699.9789341498622,-0.0210658501378696,0.05486075123540711,550.0548607512355,0.054860751235407186,-0.10316133684390941,299.89683866315613,-0.10316133684390932,0.47886039591306523,400.4788603959131,0.47886039591306523,-0.21513292582982052,199.78486707417017,-0.21513292582982044,0.5194540969581112,100.5194540969582,0.519454096958111,0.338025632177189,1000.1491503697417,0.24874180719626413,-198.62435885981728,502.6460434660446,0.9462397627463925,-351.4558097179008,395.8278459920745,-0.557392010679568,-450.20835624880124,205.4597399222656,1.9184828356397134,-497.6427562268209,46.194312300306535,1.145195093865382,1.7202101161117316,-197.74362173840882,1.7072616507302123,0.6219482761939911,-199.37805172380595,0.6219482761939911,0.28993641199951514,-199.71006358800048,0.28993641199951514,0.8197431283636136,-199.18025687163637,0.8197431283636136,0.4919557010149429,-199.50804429898503,0.491955701014943,200.602635988961,503.0404577806307,1.3406540773324511,347.8808837385497,401.85579244230837,-1.251427686449079,445.3255737889083,202.1907509191712,-2.0211772887187034,499.5543601139027,55.667975052919516,-3.3035371883444444,-0.9255078734668803,-206.17069781689077,-3.339821956684486,0.8112084363221577,-199.18879156367785,0.8112084363221576,0.47782765903284125,-199.52217234096713,0.4778276590328413,0.9575862596819176,-199.04241374031804,0.9575862596819175,0.27052153303406645,-199.72947846696593,0.27052153303406645,-150.35748847647096,-92.03632449410752,1.5773797343317089,-149.28529940132714,-440.9641354189636,2.6495688094755363,-149.18888018555327,-890.8677162031898,2.745988025249378,0.167560897058072,-199.83243910294192,0.16756089705807203,149.20033558267545,-108.74307787481685,-2.555964978165397,149.41701522343635,-458.526398234056,-2.3392853374044607,148.48944405038333,-909.4539694071091,-3.2668565104575,0.4774712788271681,-199.5225287211728,0.4774712788271683
44,0.44,-0.2272508307274446,699.7727491692726,-0.22725083072744456,-0.18851602838800996,549.811483971612,-0.1885160283880099,-0.3900604979582576,299.6099395020417,-0.3900604979582576,0.20712324524885734,400.2071232452489,0.20712324524885722,-0.40858858404762677,199.59141141595234,-0.40858858404762677,0.2690214602931721,100.26902146029322,0.2690214602931719,0.4831908462025558,1000.2924083508638,0.39329904476758976,-198.75411735195644,502.6274597029302,0.9245863818787872,-351.89340230463006,395.8843577012627,-0.5501237065863891,-450.0177102492741,205.30035339362001,1.9315209823091577,-497.8026596583538,45.82253154850065,1.1954711445814672,1.6772618611949892,-197.6799093503326,1.646430303196256,0.3603306456804728,-199.6396693543195,0.36033064568047274,0.27318245255288837,-199.72681754744713,0.2731824525528884,0.5872001631111305,-199.4127998368889,0.5872001631111305,0.31666564039522094,-199.68333435960474,0.31666564039522094,200.61657665345524,503.1857168098037,1.4828434887522737,348.0092004415931,401.4743744153696,-1.2277370106486456,445.18780605107565,202.37768569428636,-2.2104502097102143,499.31651672742066,55.687169071112905,-3.2115550932142636,-0.9342087894128819,-206.38649532666443,-3.576179269928603,0.6496441506986387,-199.35035584930137,0.6496441506986386,0.17289217214187538,-199.82710782785813,0.17289217214187538,0.6930081535445696,-199.30699184645545,0.6930081535445696,0.06376344683781525,-199.9362365531622,0.0637634468378152,-150.66938209616092,-92.20328731308312,1.2652483499558227,-149.77470049770042,-441.30860571462256,2.1599299484163255,-149.3187560304859,-890.8526612474082,2.6158744156308185,0.04122287771000541,-199.95877712228997,0.04122287771000538,149.16482010018674,-108.91970969221325,-2.5900267430600685,149.0358368389509,-459.0486929534491,-2.719010004295915,148.49717432729472,-909.5873554651054,-3.2576725159520903,0.44774151793364414,-199.55225848206635,0.44774151793364436
45,0.45,-0.31530897336048863,699.6846910266395,-0.3153089733604887,-0.442381577974414,549.5576184220256,-0.44238157797441396,-0.58788033885002,299.4121196611499,-0.5878803388500202,-0.12064276979155171,399.8793572302085,-0.12064276979155186,-0.5135267904006041,199.48647320959938,-0.5135267904006042,0.07705094170697036,100.07705094170697,0.07705094170697019,0.6175467896076183,1000.4250181108223,0.5271411981216086,-198.94002322953742,502.5521522535347,0.8483328563340437,-352.21758974584816,396.05698515748446,-0.43422021797890414,-449.8468591252208,205.11225690824398,1.9191590995894,-497.9243868416074,45.523859473449086,1.2993420005233394,1.5542166726205222,-197.68181415542648,1.5140320828421232,0.15021686083995012,-199.84978313916005,0.15021686083995003,0.2129953339132969,-199.78700466608674,0.2129953339132969,0.22069934727451607,-199.7793006527255,0.22069934727451598,0.12043844820206215,-199.87956155179793,0.12043844820206212,200.59149078976355,503.2896854178025,1.5858660206017623,348.23525664617034,401.182402432995,-1.109223338462174,445.02285321289463,202.51510214036927,-2.4382491824988923,499.07926796573537,55.6896631643275,-3.1049626014550284,-0.774703688700392,-206.4208720388787,-3.629343905900127,0.5066292687597916,-199.49337073124022,0.5066292687597915,-0.12490494461402929,-200.12490494461406,-0.12490494461402932,0.39783004767290053,-199.60216995232707,0.39783004767290053,-0.03893340186544508,-200.03893340186545,-0.03893340186544508,-150.82525916537088,-92.220939926423,1.1051575504646676,-150.1830471634725,-441.5787279245246,1.7473695523630681,-149.6388875621596,-891.0345683232117,2.291529153675987,-0.05112700351065294,-200.05112700351066,-0.05112700351065308,149.17123490975774,-109.04802697161952,-2.578370623105834,148.65337191420116,-459.56588996717613,-3.096233618662394,148.57414897312125,-909.6451129082561,-3.1754565597422997,0.3251954266024982,-199.67480457339752,0.3251954266024984
46,0.46,-0.317634206990144,699.6823657930099,-0.3176342069901441,-0.6391156891679337,549.3608843108321,-0.6391156891679337,-0.6246046423474301,299.37539535765245,-0.6246046423474303,-0.38190096079271635,399.6180990392073,-0.3819009607927165,-0.5581025208709831,199.44189747912895,-0.5581025208709831,0.004228023651838331,100.0042280236518,0.004228023651838164,0.7339998711855217,1000.539888570531,0.6431760328200297,-199.1551833745275,502.44686405996833,0.7442288477209309,-352.4349883782543,396.3376027549944,-0.21790911570016486,-449.6873052715071,204.90520030036905,1.8906883217896717,-498.07745218435394,45.228887557456844,1.3858404103196738,1.4055627777239343,-197.6942756341062,1.3650507333870405,0.027260608057209756,-199.9727393919428,0.027260608057209673,0.08545937229724232,-199.91454062770282,0.08545937229724232,-0.21035109424548692,-200.21035109424554,-0.21035109424548704,-0.049317788055786155,-200.0493177880558,-0.04931778805578625,200.50859652665335,503.33340533042394,1.6307701181764716,348.5913647795227,401.0137479951836,-0.8630229369169358,444.78535530701566,202.5569175220479,-2.749784684535557,498.80343395739476,55.6339251432944,-3.0257712979726055,-0.4099646216335951,-206.23454518378963,-3.4601910988155136,0.3752145849124205,-199.62478541508762,0.37521458491242027,-0.3236312900224394,-200.32363129002246,-0.32363129002243946,0.08173033641593536,-199.91826966358408,0.08173033641593525,-0.027763986652377226,-200.02776398665242,-0.027763986652377226,-150.84010751616097,-92.10466771061012,1.08200513972454,-150.49678647895433,-441.7613466734034,1.4253261769312084,-150.13789772079107,-891.4024579152402,1.7842149350944718,-0.11753986829096738,-200.11753986829098,-0.11753986829096755,149.17184063471495,-109.17537656952656,-2.568624344439603,148.45012714977105,-459.89709005447054,-3.2903378293835344,148.63731029153328,-909.7099069127083,-3.1031546876212808,0.12145521953147931,-199.87854478046853,0.12145521953147925
47,0.47,-0.32190236111903947,699.678097638881,-0.3219023611190395,-0.7061670215680891,549.293832978432,-0.7061670215680891,-0.4803487276179089,299.519651272382,-0.4803487276179093,-0.4989689827637892,399.50103101723624,-0.4989689827637892,-0.5759639400586753,199.42403605994127,-0.5759639400586753,0.017938542229363974,100.01793854222933,0.017938542229363807,0.8314601392606018,1000.6359322172948,0.7403149043611672,-199.36718360095836,502.3438587382417,0.644542328654793,-352.58700037335433,396.68330573987316,0.05581978576767066,-449.49789892689137,204.72159335037384,1.8880645372738076,-498.30457752679047,44.89474976460411,1.4106307435619339,1.283199792637723,-197.6650081081373,1.251755235600625,-0.015252134822207997,-200.01525213482222,-0.01525213482220808,-0.0775957277126108,-200.07759572771266,-0.0775957277126108,-0.5951568336040959,-200.5951568336041,-0.595156833604096,-0.16838505035088422,-200.16838505035088,-0.1683850503508844,200.33279411316445,503.2816024351333,1.5822860255464255,349.04136355926676,400.93382657996216,-0.5247366497916373,444.52429136937974,202.55146708360917,-3.095879769222404,498.4477154787427,55.4763817917661,-3.0181615591195965,0.06179027287219774,-205.92352534524787,-3.164943683555455,0.2200657966907561,-199.77993420330927,0.22006579669075582,-0.3865291769411161,-200.38652917694117,-0.38652917694111616,-0.20563458701040355,-200.20563458701045,-0.20563458701040363,0.06371217390665446,-199.93628782609338,0.06371217390665446,-150.76827147411694,-91.90921098486488,1.1413399908030109,-150.71815356516032,-441.8590930759083,1.1914578997595981,-150.67606298718934,-891.8170024979372,1.2335484777306094,-0.15565242724053585,-200.15565242724057,-0.15565242724053596,149.14510068082961,-109.32290396449076,-2.5822203142914697,148.49715000242253,-459.97085464289785,-3.230170992698559,148.61679021797602,-909.8512144273445,-3.110530777145091,-0.12052738301959942,-200.12052738301958,-0.12052738301959948
48,0.48,-0.3754524476096137,699.6245475523904,-0.3754524476096138,-0.604226121808114,549.3957738781919,-0.6042261218081141,-0.20850423673563329,299.7914957632643,-0.20850423673563342,-0.48492434525256367,399.5150756547475,-0.4849243452525637,-0.5763591686282593,199.4236408313717,-0.5763591686282594,0.034862706147619216,100.0348627061476,0.03486270614761905,0.9055222839602799,1000.7087461059207,0.8141537597015411,-199.57148280883177,502.2475266303462,0.5536656277422606,-352.7309293183613,397.035299662802,0.3281047133426858,-449.2457209897293,204.5956183566035,1.945022183173095,-498.5802663937766,44.54655312328005,1.39744615283327,1.2354821394668882,-197.54546477023098,1.222737866498282,0.01721693938249831,-199.98278306061752,0.01721693938249825,-0.20644976366388526,-200.2064497636639,-0.2064497636638853,-0.829201582941786,-200.82920158294183,-0.8292015829417861,-0.24675954709098785,-200.24675954709102,-0.24675954709098805,200.038631115906,503.1086522181564,1.4147912155523903,349.48060939433435,400.83958377639334,-0.1984411167746103,444.3517467399589,202.6102730025343,-3.3642032481361186,498.0074272823455,55.21017319727111,-3.0897251827712475,0.4933988912571488,-205.63283549847483,-2.8888891525477414,0.03132827852900011,-199.96867172147103,0.03132827852899986,-0.3392690950868354,-200.33926909508685,-0.3392690950868355,-0.4028250422528579,-200.4028250422529,-0.40282504225285803,0.19651794546552842,-199.80348205453453,0.1965179454655284,-150.66909698929834,-91.69430870387845,1.2237176855512821,-150.84108094506485,-441.86629265964496,1.0517337297847755,-151.0756769671271,-892.1008886817071,0.8171377077225215,-0.13857422849969883,-200.13857422849975,-0.13857422849969886,149.11148940137758,-109.46974652796303,-2.59858822495458,148.7388358811537,-459.84240004818696,-2.9712417451784807,148.5200275419977,-910.0612083873431,-3.190050084334469,-0.33245254588648726,-200.3324525458865,-0.33245254588648726
49,0.49,-0.44580229451630726,699.5541977054837,-0.4458022945163074,-0.3716093771221892,549.628390622878,-0.3716093771221893,0.07054213043009286,300.0705421304301,0.07054213043009275,-0.4117882799052046,399.5882117200948,-0.4117882799052046,-0.5539073788841375,199.44609262111584,-0.5539073788841377,-0.023918528392306994,99.97608147160771,-0.023918528392307105,0.9541707925106531,1000.7563170128777,0.8626782918229955,-199.78701950841923,502.1387784875419,0.45250910828928226,-352.9134811920906,397.34540436935976,0.5507167146183645,-448.9338028144337,204.52550575576225,2.059351043216182,-498.84752534990884,44.24066321697923,1.4013801826811174,1.294575744685829,-197.3034865731363,1.3102669762988672,0.1026142382341667,-199.89738576176586,0.10261423823416667,-0.2434528738373623,-200.24345287383738,-0.24345287383736242,-0.8882747880565957,-200.88827478805663,-0.8882747880565958,-0.31079135218236603,-200.31079135218238,-0.31079135218236614,199.6415060319844,502.8297836152944,1.1435142360416748,349.8053284989787,400.6288420961233,0.01266069580634993,444.335510459864,202.8006431452908,-3.4866729815072346,497.5284288858504,54.87910389835271,-3.1975106111571643,0.7858239615367456,-205.45946299462935,-2.7293292497404007,-0.1432119279758503,-200.14321192797593,-0.14321192797585056,-0.2505332407494502,-200.25053324074946,-0.2505332407494503,-0.5145284354881996,-200.51452843548822,-0.5145284354881996,0.3198239319919019,-199.68017606800817,0.31982393199190184,-150.60527597953157,-91.52304134873532,1.2663569290846064,-150.87617206439097,-441.7939374335947,0.9954608442252109,-151.260710910716,-892.1784762799199,0.6109219979001762,-0.05436390267314756,-200.05436390267317,-0.05436390267314764,149.0798682736406,-109.60665879788971,-2.6087796336002302,149.0522297855775,-459.6342972859529,-2.636418121663363,148.42073442868082,-910.2657926428496,-3.2679134785600548,-0.4659959796125765,-200.46599597961261,-0.4659959796125765
50,0.5,-0.46679707812611604,699.5332029218739,-0.46679707812611604,-0.11972400413009333,549.88027599587,-0.11972400413009343,0.23659531404161724,300.2365953140416,0.2365953140416171,-0.33680264303507174,399.66319735696493,-0.3368026430350718,-0.5128635598190108,199.48713644018096,-0.5128635598190108,-0.17779537106387866,99.82220462893615,-0.17779537106387877,0.9838929739700266,1000.7851344599264,0.8923769637599013,-200.01791222441398,502.013345275102,0.3368009709897597,-353.14202899556227,397.60479425029257,0.7148006502001808,-448.60062336693153,204.47403243093606,2.193395684465338,-499.0724152763552,44.010161695074196,1.4543499067604462,1.458085275900879,-196.94167866172904,1.5119117853288755,0.17929167970301418,-199.820708320297,0.17929167970301413,-0.18959004893950837,-200.18959004893958,-0.18959004893950843,-0.852114307686699,-200.85211430768675,-0.8521143076866992,-0.37844182592020187,-200.37844182592022,-0.37844182592020215,199.19199524404655,502.4954062026128,0.8188618985004307,349.9873022863055,400.274981048967,0.08092223086944958,444.4455950272077,203.09219188406968,-3.4929370127657613,497.08062761262875,54.55116545623271,-3.274496157785271,0.9231639734021575,-205.41736884159496,-2.7005864669087423,-0.23296284902397213,-200.23296284902403,-0.2329628490239723,-0.1958960430196522,-200.1958960430197,-0.19589604301965227,-0.60192961527466,-200.6019296152747,-0.6019296152746602,0.37345582376570047,-199.62654417623435,0.37345582376570047,-150.63347205265302,-91.45245518826945,1.2125145686239056,-150.87358357296284,-441.6925667085792,0.9724030483141124,-151.29973287263778,-892.1187160082542,0.5462537486391607,0.06355637212582954,-199.9364436278742,0.06355637212582954,149.037428292432,-109.74607154386452,-2.625526308424691,149.33915454288095,-459.4443452934156,-2.323800057975739,148.40537484983702,-910.3781249864595,-3.2575797510196947,-0.5316531310039643,-200.53165313100402,-0.5316531310039644
51,0.51,-0.40461517377127426,699.5953848262287,-0.40461517377127443,0.026066980258194095,550.0260669802583,0.026066980258193984,0.2527512911484987,300.2527512911485,0.25275129114849854,-0.26621093840973564,399.7337890615903,-0.26621093840973564,-0.46408020793695903,199.535919792063,-0.46408020793695903,-0.3712185586768174,99.62878144132323,-0.37121855867681736,1.007357585095344,1000.8078693389105,0.9159196337817268,-200.23733071993428,501.8979071582248,0.2332162403076902,-353.38967293677933,397.83894283482823,0.845820478670178,-448.2982964828763,204.39032998052045,2.295864803173517,-499.26717334442935,43.84173494242269,1.5419897040939214,1.68200412194114,-196.50446210118673,1.7834914361392722,0.18002300006520877,-199.81997699993485,0.18002300006520883,-0.11271706958907196,-200.1127170695891,-0.11271706958907202,-0.8349512130400079,-200.83495121304009,-0.8349512130400081,-0.4496153776707549,-200.4496153776708,-0.4496153776707551,198.74369004467744,502.15894745391216,0.494256535994872,350.07575603841,399.8288204986901,0.05613935193423464,444.6065306309886,203.409135091152,-3.4580804252397486,496.7097619103332,54.27033830037337,-3.277783411215756,0.9451614623097168,-205.4649988764337,-2.761512056072574,-0.22260444919148498,-200.22260444919158,-0.2226044491914852,-0.2247046388170466,-200.2247046388171,-0.22470463881704672,-0.6915216314103312,-200.6915216314104,-0.6915216314103312,0.3325859632335167,-199.66741403676656,0.3325859632335167,-150.78067170057776,-91.50991200942639,1.0351351199104961,-150.8984000759008,-441.6276403847495,0.9174067445874448,-151.3095002522205,-892.0387405610693,0.5063065682677579,0.1552423919872582,-199.84475760801283,0.1552423919872582,148.99909453932017,-109.87268865946089,-2.6338363785408427,149.57388823537133,-459.29789496340976,-2.0590426824896615,148.52315706909218,-910.3486261296889,-3.1097738487688513,-0.5833725485589313,-200.583372548559,-0.5833725485589313
52,0.52,-0.2813473047279103,699.7186526952721,-0.28134730472791036,0.0011511640377668275,550.0011511640378,0.0011511640377667998,0.1810049596194106,300.1810049596194,0.18100495961941054,-0.18109472108491512,399.81890527891505,-0.1810947210849152,-0.404762999078522,199.59523700092137,-0.404762999078522,-0.514037480135782,99.48596251986424,-0.514037480135782,1.0353843966582432,1000.8353434770257,0.9441271210480126,-200.4092417560717,501.8283479531242,0.17763121856486103,-353.6327834055597,398.0700844741333,0.9660215779201904,-448.06686869723194,204.23558249614516,2.3275300250044015,-499.4757740483217,43.69012544322647,1.6181071846775181,1.8930187733519146,-196.0657692200311,2.0513799731582183,0.09063630081357188,-199.90936369918649,0.09063630081357171,-0.09757931917996993,-200.09757931918006,-0.09757931917996998,-0.8753730640733554,-200.87537306407341,-0.8753730640733554,-0.5145955441230603,-200.51459554412315,-0.5145955441230603,198.3337952411199,501.857451575622,0.20673484106252388,350.1513068948333,399.3725633597431,0.019495683424581384,444.76493599181197,203.6978614382797,-3.4350557886896076,496.4121882624362,54.03139599466946,-3.2137876940140844,0.9106809308949669,-205.54182436787164,-2.852023117126527,-0.17924950341059603,-200.17924950341066,-0.1792495034105961,-0.34862290508463617,-200.3486229050847,-0.34862290508463617,-0.7357694627503375,-200.73576946275045,-0.7357694627503376,0.23608926907153338,-199.76391073092856,0.2360892690715335,-151.02100910425287,-91.66991246142582,0.7600266582559302,-150.99039127006063,-441.63929462723365,0.7906444924481527,-151.33897006831057,-891.9878734254836,0.442065694198233,0.16789457717700595,-199.83210542282308,0.16789457717700607,149.01191622329821,-109.93909858026385,-2.586604987990105,149.7728381500679,-459.17817665349423,-1.825683061220435,148.76837091250422,-910.182643891058,-2.8301502987841216,-0.6667957043466627,-200.66679570434673,-0.6667957043466628
53,0.53,-0.15769429441938376,699.8423057055805,-0.1576942944193839,-0.15901413726172933,549.8409858627383,-0.15901413726172933,0.10682543013127949,300.10682543013127,0.10682543013127943,-0.07752757704608612,399.9224724229539,-0.07752757704608618,-0.32288412343815776,199.67711587656174,-0.3228841234381577,-0.5420994472403393,99.45790055275968,-0.5420994472403393,1.0679730020922338,1000.8675584444566,0.9770000136175416,-200.5106977913387,501.8274666386441,0.19283500308065224,-353.86983987827097,398.2983799585479,1.0755969432777719,-447.9162844981421,204.001057012995,2.279257320389762,-499.7298635797733,43.52221143910704,1.6487668420644443,2.018363892129451,-195.69918627309474,2.242363538737659,-0.03181700306964902,-200.0318170030697,-0.0318170030696491,-0.17935289274974137,-200.17935289274982,-0.1793528927497414,-0.8962674553407939,-200.89626745534088,-0.8962674553407941,-0.5612737231049814,-200.56127372310505,-0.5612737231049815,197.98857393412587,501.6170245125987,-0.017607122964814745,350.28745908709396,398.98128558163944,0.045055219385363415,444.8956902347956,203.93310442606867,-3.448512765999191,496.15943346792494,53.804473540951975,-3.1136639879562895,0.8844105900164978,-205.5816576959543,-2.906414430841946,-0.18369034046678118,-200.18369034046685,-0.18369034046678123,-0.5440817001178777,-200.54408170011794,-0.5440817001178777,-0.6712672227029045,-200.67126722270297,-0.6712672227029044,0.14511283614837833,-199.85488716385169,0.1451128361483784,-151.27427654412463,-91.85260501410124,0.4673510757747692,-151.15030394290588,-441.7286324128826,0.5913236769935036,-151.35587851573382,-891.9342069857105,0.38574910416556385,0.08308830498148734,-199.9169116950186,0.0830883049814874,149.0923316916144,-109.92851072313766,-2.4673499513356156,149.93743023481457,-459.0834121799375,-1.622251408135426,149.09915981372248,-909.9216826010297,-2.4605218292275444,-0.7745539840462918,-200.77455398404635,-0.774553984046292
54,0.54,-0.09438219221580263,699.9056178077842,-0.09438219221580274,-0.34836304292524445,549.6516369570747,-0.34836304292524445,0.05657632530799295,300.056576325308,0.056576325307993,0.02592085559496704,400.025920855595,0.025920855594966985,-0.2224722982706387,199.77752770172924,-0.22247229827063864,-0.4538509760066931,99.54614902399332,-0.45385097600669305,1.0934114053303494,1000.8928041412269,1.0028272556713616,-200.53596372881498,501.9008508203009,0.28440295826008327,-354.1063295093245,398.51702229578905,1.167793486569983,-447.82167935085647,203.71280630261344,2.1767107027133377,-500.00686845190467,43.35891384291523,1.6542003750869316,2.0231275881301483,-195.44064391899155,2.320949287786038,-0.10220705896610446,-200.10220705896614,-0.10220705896610448,-0.3244512433574391,-200.3244512433575,-0.3244512433574391,-0.7894200496311383,-200.7894200496312,-0.7894200496311383,-0.5701768855153319,-200.57017688551537,-0.5701768855153319,197.73149888241787,501.4609855359879,-0.15546232605314125,350.5148454665689,398.6871724870131,0.16400125948597227,444.9828913934456,204.0989007430751,-3.513841276088148,495.94533844741864,53.58222573081548,-2.986142344770905,0.9309983688305856,-205.51853249818777,-2.859234451719195,-0.2510345760908241,-200.2510345760909,-0.25103457609082414,-0.7531759271659062,-200.75317592716596,-0.7531759271659062,-0.4935402340164715,-200.49354023401656,-0.4935402340164715,0.06928748803451695,-199.93071251196557,0.06928748803451701,-151.45701622977538,-91.97487634981371,0.24053288739057463,-151.34382595081448,-441.8616860708529,0.3537231663514843,-151.32278175967488,-891.8406418797133,0.3747673574910592,-0.062617789435878,-200.06261778943596,-0.06261778943587787,149.19164615214402,-109.88927919961029,-2.3247346657039643,150.03393699206313,-459.0469883596912,-1.4824438257848374,149.45986423397912,-909.6210611177752,-2.0565165838688424,-0.8387006375466125,-200.83870063754668,-0.8387006375466125
55,0.55,-0.10586988166189676,699.8941301183381,-0.10586988166189698,-0.46659689209737043,549.5334031079026,-0.4665968920973705,0.002219513863238376,300.00221951386334,0.002219513863238414,0.109710163488765,400.10971016348867,0.109710163488765,-0.13060912966672755,199.8693908703332,-0.1306091296667275,-0.30413470878853455,99.69586529121148,-0.3041347087885344,1.099279151386419,1000.8986619268301,1.0091892775030733,-200.50175650643305,502.0316373510115,0.43545734688317117,-354.33669648607497,398.73029155814913,1.246967341286568,-447.73434310874495,203.4207014065015,2.0693856054726525,-500.23725098265294,43.26795765370949,1.7015709078689372,1.9270692911192298,-195.2715931531676,2.30618837956575,-0.07642068767701778,-200.07642068767706,-0.07642068767701785,-0.45900601432623145,-200.4590060143263,-0.4590060143262314,-0.546665077932267,-200.54666507793232,-0.546665077932267,-0.5184865505049359,-200.51848655050497,-0.5184865505049359,197.57911334778515,501.4057283078539,-0.19045169627457118,350.79821705334393,398.45650320948704,0.3416234113779133,445.0336825077093,204.20241591967624,-3.623347243883106,495.8009933493984,53.394775184783,-2.8025731760745076,1.0898252855680657,-205.31194503993044,-2.670522245612034,-0.34162794758598775,-200.34162794758606,-0.34162794758598775,-0.8958286562585532,-200.89582865625863,-0.8958286562585532,-0.2648644421719032,-200.26486444217196,-0.2648644421719032,-0.051506159765109194,-200.05150615976515,-0.051506159765109125,-151.55222332992386,-92.02005297584165,0.09655680075865686,-151.51641811563135,-441.9842477615492,0.13236201505117193,-151.25978587420968,-891.7276155201276,0.3889942564728281,-0.19555950322130455,-200.19555950322135,-0.19555950322130447,149.23975589154475,-109.89118001342456,-2.2288444913710874,150.02864591367307,-459.1022899912963,-1.4399544692427404,149.7882698850081,-909.3426660199611,-1.680330497907731,-0.779077481541333,-200.77907748154138,-0.7790774815413332
56,0.56,-0.1478064007651947,699.8521935992349,-0.14780640076519477,-0.47599734731738214,549.5240026526826,-0.475997347317382,-0.07664054952341398,299.92335945047665,-0.07664054952341395,0.17169201715378968,400.17169201715376,0.1716920171537895,-0.07774082339333886,199.92225917660664,-0.07774082339333883,-0.16592080282666083,99.83407919717335,-0.16592080282666072,1.0839099834562065,1000.8834672764109,0.994420652052922,-200.45986652727862,502.167891111328,0.59404612340801,-354.5419950529348,398.95590587823347,1.3309352507062666,-447.60691680877,203.17323092791096,2.0054089538974105,-500.3687313386797,43.299668016384786,1.840771238490878,1.7843016752731686,-195.13931528754247,2.2513644581966714,0.013784710690992769,-199.98621528930903,0.01378471069099274,-0.5071707407124231,-200.5071707407125,-0.5071707407124231,-0.29499741554456915,-200.29499741554463,-0.2949974155445691,-0.40566258003772593,-200.40566258003773,-0.4056625800377259,197.53316758623995,501.45285758769046,-0.1209874002296884,351.0771047729279,398.2303074164447,0.517976837535767,445.09672334930065,204.2924153129303,-3.7277828975222893,495.7594728271023,53.27445882845886,-2.5321737077189477,1.3410766465637967,-204.98079620299856,-2.3597447950711765,-0.43332932218387504,-200.43332932218394,-0.4333293221838751,-0.9103905606684921,-200.91039056066853,-0.9103905606684921,-0.05390557532372903,-200.0539055753238,-0.05390557532372903,-0.2748440404345557,-200.27484404043457,-0.2748440404345555,-151.6114605788866,-92.04001443899955,-0.016146329549752092,-151.6320621192454,-442.06061597935843,-0.036747869908527867,-151.23187872680245,-891.6604325869155,0.36343552253442285,-0.26575685740131794,-200.26575685740139,-0.26575685740131794,149.21324282372584,-109.95731790207057,-2.2030927628044816,149.9388353175126,-459.23172540828386,-1.4775002690177286,150.0297380259293,-909.1408226998672,-1.386597560601008,-0.5762544730315551,-200.5762544730316,-0.5762544730315551
57,0.57,-0.16902662891706483,699.8309733710829,-0.16902662891706496,-0.3967297024864817,549.6032702975135,-0.39672970248648165,-0.17074047813261728,299.82925952186747,-0.17074047813261722,0.224403557014765,400.2244035570147,0.22440355701476492,-0.07225945475828001,199.9277405452417,-0.07225945475827998,-0.0959409011717395,99.90405909882828,-0.09594090117173933,1.0572081440680217,1000.8571260810268,0.9684263955155427,-200.48182064380694,502.2379422349769,0.6884801750713083,-354.705331380144,399.20958340388694,1.435536847156936,-447.4177682062666,202.993121741122,2.007160588639379,-500.42914492883904,43.424131971054564,2.0415871515161834,1.6427443803594783,-194.99745829771953,2.2034553063307185,0.09630824844852244,-199.9036917515515,0.09630824844852234,-0.4245527062452919,-200.42455270624535,-0.4245527062452919,-0.19460007086404055,-200.1946000708641,-0.19460007086404052,-0.26968676959658927,-200.2696867695966,-0.2696867695965892,197.57939462970012,501.5879652249669,0.03850316506117308,351.3371285207709,397.9956694744562,0.6791888975073583,445.2277261501806,204.4247988024735,-3.7708132294201526,495.8136340700881,53.21363528364057,-2.1842131574533843,1.6049361159442137,-204.60420892491524,-2.006609535477644,-0.5423577238181194,-200.54235772381816,-0.5423577238181194,-0.7980230509117354,-200.7980230509118,-0.7980230509117354,0.11474438320141644,-199.88525561679862,0.1147443832014165,-0.5691459286485585,-200.5691459286486,-0.5691459286485583,-151.6861124556304,-92.08644614419464,-0.14895316316543883,-151.71358515147955,-442.1139188400439,-0.17642585901460972,-151.29063062873075,-891.6909643172951,0.2465286637341908,-0.2877107080245018,-200.28771070802452,-0.2877107080245017,149.15774748017114,-110.04175470518183,-2.2018483151888453,149.83489578714958,-459.3646063982034,-1.5247000082104047,150.1641572216471,-909.035344963706,-1.1954385737129005,-0.2929955799331375,-200.29299557993318,-0.2929955799331375
58,0.58,-0.1767968218306297,699.8232031781694,-0.17679682183062972,-0.2670365564706034,549.7329634435295,-0.2670365564706034,-0.26912878150858827,299.7308712184915,-0.2691287815085882,0.2772487027309425,400.27724870273096,0.27724870273094243,-0.09338010713401879,199.90661989286593,-0.09338010713401874,-0.1276001231440631,99.87239987685598,-0.12760012314406294,1.0347170136533734,1000.8351832853623,0.9467506053922002,-200.60378356995284,502.2054849054223,0.6824321364927007,-354.83406209516255,399.4828473812193,1.5524399890480447,-447.1818780479979,202.86644913269237,2.0603840545962044,-500.515483219669,43.542177645251456,2.204677540830687,1.5039969163569837,-194.8461522330163,2.163014985055597,0.12929309291037655,-199.87070690708964,0.12929309291037647,-0.227277273190445,-200.2272772731905,-0.22727727319044494,-0.309165340373429,-200.30916534037345,-0.309165340373429,-0.16988567763137133,-200.16988567763138,-0.16988567763137125,197.69077454322758,501.78389462243746,0.260841853507808,351.6043937378691,397.7801202580036,0.8518533795376364,445.42819914169684,204.6013430102165,-3.750274805473664,495.91999787148677,53.168573365205006,-1.8041164837655312,1.7897268856864175,-204.27339674838188,-1.7029278136543597,-0.6741770954961873,-200.67417709549625,-0.6741770954961872,-0.6211594192719017,-200.62115941927198,-0.6211594192719017,0.24032224291450452,-199.75967775708557,0.24032224291450452,-0.8226317266583192,-200.82263172665836,-0.8226317266583191,-151.7812301727036,-92.16468301969039,-0.3068923909226308,-151.83448248624876,-442.2179353332356,-0.3601447044677576,-151.43350442030555,-891.8169572672923,0.04083336147543416,-0.31396812939261554,-200.31396812939266,-0.3139681293926155,149.14147618909033,-110.07600350734069,-2.156928776168338,149.7883257131046,-459.4291539833264,-1.5100792521540314,150.2091713183313,-909.0083083780999,-1.0892336469273416,-0.029875762422679534,-200.0298757624227,-0.02987576242267944
59,0.59,-0.22149913592619525,699.7785008640739,-0.2214991359261953,-0.11465493097328824,549.8853450690268,-0.11465493097328819,-0.3655162293382309,299.63448377066175,-0.3655162293382308,0.32881400647200637,400.32881400647204,0.3288140064720063,-0.11180221220322967,199.88819778779674,-0.11180221220322964,-0.2582102982533252,99.74178970174668,-0.2582102982533251,1.02409829350078,1000.8253020698612,0.937055642950871,-200.78422976967545,502.11190567460767,0.6172647289208018,-354.9467527124587,399.7560711176644,1.6621859055626929,-446.9375543610291,202.75591910986049,2.1274694888774976,-500.7021634171358,43.57712526314353,2.2533257136864058,1.3184782533161843,-194.73685628563243,2.079323874849,0.13479203721245894,-199.8652079627876,0.13479203721245883,0.00710408333508733,-199.99289591666496,0.0071040833350872745,-0.5654356750158396,-200.56543567501586,-0.5654356750158396,-0.14761416534262284,-200.14761416534262,-0.14761416534262284,197.84162957358,502.0148360856699,0.5201951399829617,351.877955544914,397.58409666580894,1.0354923793584414,445.6518131751553,204.77606632093102,-3.7118116427255847,496.04661708452363,53.10732596378348,-1.425582466161314,1.8597869332644485,-204.0237963985071,-1.4847422198790765,-0.7854153103730606,-200.78541531037314,-0.7854153103730606,-0.44634478360643315,-200.4463447836065,-0.4463447836064332,0.3065249927775169,-199.69347500722256,0.3065249927775169,-0.9375826934675558,-200.93758269346762,-0.9375826934675557,-151.87114913282107,-92.24932569221086,-0.46426176865505975,-152.04585170248194,-442.42402826187185,-0.6389643383159467,-151.60012558399535,-891.9783021433852,-0.19323821982935832,-0.3671977488498711,-200.36719774884992,-0.3671977488498711,149.18869658766656,-110.03553440566446,-2.0441054753996246,149.8336313995193,-459.39059959381177,-1.399170663546883,150.20357170791465,-909.0206592854165,-1.0292303551515292,0.13140410261450536,-199.86859589738555,0.13140410261450547
60,0.6,-0.31187844248151375,699.6881215575185,-0.31187844248151375,0.04177130539904297,550.0417713053992,0.04177130539904305,-0.43742795704996895,299.56257204295,-0.4374279570499689,0.3755044283240861,400.375504428324,0.3755044283240861,-0.1167689035669191,199.88323109643306,-0.11676890356691902,-0.42048624276374497,99.57951375723624,-0.4204862427637448,1.01254784298395,1000.8146796871638,0.9265379699856205,-200.9345308643096,502.0456962612057,0.5814435814288808,-355.02934192125593,400.0423168541041,1.7780281762141343,-446.7189243587277,202.62837328673487,2.1749590176273674,-500.9653995280762,43.550437271258005,2.2090891754607727,1.040257413916443,-194.71751331486178,1.9052308355887901,0.16154326786838363,-199.83845673213165,0.16154326786838355,0.1850937072183905,-199.81490629278167,0.18509370721839052,-0.8201431718667912,-200.82014317186685,-0.8201431718667912,-0.19618117649975703,-200.19618117649978,-0.19618117649975703,198.01465864468594,502.26336151411294,0.799108834335979,352.12266307682125,397.37378150286895,1.1953984779251026,445.8822600120666,204.93308529932182,-3.6710195576696028,496.19696941894586,53.03362620861843,-1.046679264139,1.8606811078025383,-203.80986156795228,-1.307115007921551,-0.8051060830415124,-200.80510608304155,-0.8051060830415124,-0.29446831819981545,-200.29446831819988,-0.2944683181998155,0.29577532779669274,-199.7042246722034,0.29577532779669274,-0.899876703263315,-200.89987670326337,-0.899876703263315,-151.93672515851858,-92.32147548252371,-0.6018639761695252,-152.30232918785657,-442.6870795118617,-0.967468005507471,-151.7012992964368,-892.0860496204419,-0.3664381140877186,-0.4025590454640808,-200.4025590454641,-0.4025590454640807,149.27198001738594,-109.94753334696847,-1.8908614189664912,149.96240444266832,-459.2571089216861,-1.200436993684077,150.19972040334048,-909.0197929610139,-0.963121033011926,0.16365323215007027,-199.83634676785,0.16365323215007033
61,0.61,-0.3735961820262177,699.6264038179737,-0.3735961820262177,0.18141660964279063,550.1814166096427,0.1814166096427908,-0.4503231052651496,299.54967689473483,-0.45032310526514957,0.4203796572207791,400.4203796572208,0.42037965722077913,-0.12022351636975742,199.87977648363022,-0.12022351636975726,-0.4969206295840858,99.50307937041588,-0.49692062958408567,0.9752007188005374,1000.7784525005892,0.8903331876117035,-200.99792440028654,502.06348498650914,0.6315686921733741,-355.03340126360786,400.3890790031968,1.9476760008234868,-446.54208541670374,202.46863490657347,2.18739321934355,-501.21003946763983,43.55490272354022,2.164983041296561,0.6910430157247845,-194.76854400695618,1.6611553216205985,0.22362025558673046,-199.7763797444133,0.22362025558673046,0.2624347848211228,-199.73756521517896,0.2624347848211228,-0.9661169979086559,-200.96611699790873,-0.9661169979086558,-0.266734138449349,-200.2667341384494,-0.266734138449349,198.17268600371784,502.4921732370884,1.060256942752548,352.3264538302689,397.13839355645393,1.3199270402375936,446.1670902544008,205.1204504822768,-3.57961100466082,496.3743361153788,52.9512674102136,-0.6654559980434426,1.8684487532560912,-203.55581913960376,-1.0948788680474797,-0.692165957539704,-200.69216595753977,-0.692165957539704,-0.1496871374972246,-200.14968713749732,-0.14968713749722462,0.2298914060360446,-199.770108593964,0.2298914060360446,-0.7660700944706087,-200.76607009447065,-0.7660700944706086,-151.98823680830722,-92.39163553998695,-0.7299086176036711,-152.4784124282572,-442.8818111599369,-1.2200842375536234,-151.668467523454,-892.0718662551337,-0.410139332750448,-0.3448263859101949,-200.34482638591027,-0.3448263859101949,149.3747438425014,-109.82836098939612,-1.7138492858244714,150.11863446217828,-459.0844703697194,-0.9699586661476237,150.24837267323574,-908.9547321586618,-0.8402204550901717,0.10954169159125832,-199.89045830840882,0.10954169159125829
62,0.62,-0.3130789316715555,699.6869210683284,-0.3130789316715554,0.27887061307420696,550.2788706130741,0.27887061307420713,-0.39395263039154316,299.60604736960846,-0.39395263039154305,0.4653823280577858,400.4653823280578,0.4653823280577859,-0.14390207694330678,199.85609792305672,-0.1439020769433066,-0.4122775946900873,99.58772240530985,-0.4122775946900873,0.9063735424726049,1000.7109383509139,0.8227584033477341,-200.9999703686223,502.13958045626833,0.7419181379941243,-354.9422406425697,400.81218130461093,2.1871913092749584,-446.4175392387208,202.26707189037336,2.154874544504974,-501.37014349758266,43.65408044790915,2.184921603418471,0.33548359808731554,-194.82752897645494,1.4104011652910229,0.27846777579463844,-199.72153222420542,0.27846777579463844,0.25904374150594617,-199.74095625849412,0.2590437415059462,-0.9928470588701561,-200.9928470588702,-0.9928470588701559,-0.30826168873057835,-200.30826168873062,-0.30826168873057835,198.22983995462346,502.61528293129163,1.2176206130173686,352.50950619022973,396.8993360469909,1.4296468102681446,446.5394274142425,205.37185805500556,-3.403703894260584,496.53660294413555,52.81890320909294,-0.32513396919844706,1.9084667916831228,-203.23680787946404,-0.8237701216710659,-0.4832137858581518,-200.48321378585823,-0.4832137858581518,-0.004646572431400653,-200.00464657243145,-0.004646572431400681,0.16143928379003586,-199.83856071621,0.16143928379003591,-0.6150194132526091,-200.6150194132527,-0.615019413252609,-152.05810945374003,-92.49243379534924,-0.8807360401592935,-152.48769527242092,-442.9220196140302,-1.3103218588402163,-151.50282259605865,-891.937146937668,-0.32544918247792043,-0.17078302626904993,-200.17078302626913,-0.17078302626904984,149.53366701732278,-109.64113825795073,-1.476476118008209,150.21447866830516,-458.96032660696835,-0.7956644670258307,150.3547372251144,-908.8200680501592,-0.655405910216557,0.05527217182549757,-199.94472782817456,0.0552721718254976
63,0.63,-0.11853627790918209,699.8814637220908,-0.11853627790918209,0.3079647161719351,550.3079647161719,0.3079647161719353,-0.2999335662978543,299.70006643370215,-0.29993356629785406,0.49668228033673967,400.4966822803368,0.4966822803367398,-0.20721084093391018,199.7927891590661,-0.20721084093390996,-0.21878893634527508,99.78121106365464,-0.21878893634527496,0.8382893299609697,1000.6443613852973,0.756037060337305,-201.03254161624892,502.1819813481018,0.8204578919566681,-354.8257279305195,401.24095961857233,2.426171431367403,-446.3596831291959,202.01010300449985,2.0635737840849067,-501.4742001368511,43.817104659491235,2.238521729199025,-0.006124078193906368,-194.87648177346176,1.171879086191971,0.2598143383237746,-199.7401856616763,0.2598143383237746,0.2035802009557306,-199.79641979904434,0.20358020095573065,-0.9647203632540453,-200.9647203632541,-0.9647203632540451,-0.30459010932995106,-200.30459010933004,-0.30459010932995095,198.0957078485263,502.54216678893584,1.1806433327906831,352.68112799705307,396.6670813295656,1.5342266720718987,446.92875769293636,205.6174369914159,-3.2130348100913473,496.6070222671641,52.56080666753867,-0.10333882683925955,1.9325676239594585,-202.90176021621056,-0.543304990529903,-0.2847938965196338,-200.28479389651972,-0.2847938965196339,0.10895820100477441,-199.8910417989953,0.10895820100477445,0.1191725090477731,-199.8808274909523,0.11917250904777321,-0.5083456454195538,-200.50834564541964,-0.5083456454195538,-152.1606165319483,-92.63832315103343,-1.0685183881299518,-152.38772737961924,-442.8654339987044,-1.2956292358008796,-151.2934279869994,-891.7711346060846,-0.20132984318103508,0.048701156841894855,-199.9512988431582,0.048701156841894966,149.79241714069957,-109.34202035088776,-1.135176463871463,150.19514991188709,-458.93928757970036,-0.7324436926839335,150.45922554147774,-908.6752119501098,-0.46836806309328405,0.055555512699123566,-199.94444448730093,0.05555551269912362
64,0.64,0.11934159588271198,700.1193415958827,0.11934159588271209,0.2570281133968839,550.2570281133969,0.25702811339688425,-0.2143990458079263,299.7856009541921,-0.21439904580792624,0.49001673265571466,400.4900167326558,0.49001673265571477,-0.30772916158847535,199.69227083841153,-0.3077291615884752,-0.056158901169699904,99.94384109883022,-0.05615890116969968,0.8131045341534366,1000.6208790991149,0.7323259794702532,-201.17999023468641,502.1062102186868,0.7826756630135997,-354.80191349177767,401.5566395360589,2.546126504259619,-446.36930201341147,201.6977035146417,1.9132359543370905,-501.6032401863081,43.96059218662621,2.2430072691558665,-0.36707868414658873,-194.95107288579618,0.9108778613035216,0.14389808641618584,-199.85610191358387,0.14389808641618596,0.09909242902659998,-199.90090757097346,0.09909242902660009,-0.9463728348923429,-200.94637283489237,-0.9463728348923425,-0.2691276624349878,-200.26912766243504,-0.2691276624349878,197.76697221455973,502.26940181984105,0.9458672641677923,352.8371718618766,396.43858256720125,1.6298492928329344,447.19899986894495,205.7218160690852,-3.142892213157034,496.55163031285184,52.144282470662176,-0.03467956032227269,1.879319737647437,-202.61311920981325,-0.31649107942062304,-0.1931699665163264,-200.1931699665164,-0.19316996651632645,0.13863936966,-199.86136063034007,0.13863936966000007,0.08923032566107353,-199.91076967433895,0.0892303256610737,-0.45821058704040885,-200.4582105870405,-0.4582105870404086,-152.26056261282798,-92.79426355253716,-1.2579425335384093,-152.33608250307714,-442.86978344278634,-1.3334624237875554,-151.18323868368273,-891.7169396233921,-0.18061860439316102,0.21341282698634145,-199.78658717301371,0.21341282698634156,150.12569789529073,-108.95615029492268,-0.715365074632484,150.09840849149322,-458.9834396987203,-0.7426544784299893,150.4976366311495,-908.584211559064,-0.3434263387737236,0.08537443633464747,-199.91462556366542,0.08537443633464753
65,0.65,0.29373061257265676,700.2937306125726,0.2937306125726569,0.15333087744912574,550.1533308774491,0.15333087744912588,-0.1587963357230966,299.841203664277,-0.15879633572309648,0.43648725407198524,400.43648725407206,0.4364872540719854,-0.39621914030669825,199.6037808596933,-0.396219140306698,-0.017238185996109684,99.98276181400382,-0.01723818599610949,0.8329709515990068,1000.6426442420739,0.7537772657758481,-201.4350199036102,501.9194413528852,0.635708779907906,-354.9227088632453,401.70665955545303,2.4948023667469363,-446.4175393917887,201.35943214718674,1.7332074193001747,-501.79308323270703,44.046416755520454,2.160979936967187,-0.7477876025891458,-195.0541225820155,0.6255663364086148,-0.00017417622151361112,-200.00017417622158,-0.00017417622151361112,-0.032673610361840105,-200.03267361036188,-0.032673610361840036,-0.9360163321518886,-200.9360163321519,-0.9360163321518882,-0.21225773154907474,-200.21225773154916,-0.21225773154907457,197.3549203876011,501.9081756436783,0.6244430707009987,352.9880308866217,396.22526604469476,1.7272053114895416,447.28735978997656,205.6229752663728,-3.2552651257878966,496.451670151393,51.65208275945813,-0.03832383898797235,1.742544055638588,-202.3783176860939,-0.15130108601975328,-0.21180917537198116,-200.21180917537203,-0.21180917537198116,0.07124797060389776,-199.92875202939615,0.07124797060389776,0.057550127521625305,-199.94244987247842,0.057550127521625416,-0.42236021444849453,-200.4223602144486,-0.4223602144484945,-152.3027027524529,-92.90514041674297,-1.3936293568569607,-152.43038457701067,-443.0328222413008,-1.5213111814147429,-151.2872952744191,-891.8897329387092,-0.3782218788231427,0.3052100751597109,-199.69478992484036,0.305210075159711,150.43555108898514,-108.58135782767444,-0.3151349349644915,150.03521754542408,-458.98169137123557,-0.7154684785255645,150.47827798351284,-908.5386309331468,-0.2724080404367829,0.0868908090900666,-199.91310919090998,0.0868908090900668
66,0.66,0.3792700429426878,700.3792700429427,0.37927004294268796,0.06630548138527598,550.0663054813854,0.0663054813852761,-0.11286143055215209,299.8871385694479,-0.11286143055215198,0.35712998840606003,400.3571299884062,0.3571299884060602,-0.38119121821741364,199.61880878178258,-0.38119121821741353,-0.0699911471081871,99.93000885289177,-0.06999114710818696,0.8463832971496611,1000.6581523922703,0.7688858827496668,-201.68418207368535,501.7350047701432,0.4928482346225069,-355.0970655881745,401.7814938251391,2.36300293954859,-446.4603019168247,201.04002467586574,1.5680295694688362,-501.9989323900086,44.11713439114414,2.0358407383421055,-1.0709123109897118,-195.1107252513902,0.39186365116990096,-0.03882296516092565,-200.038822965161,-0.03882296516092559,-0.10988920748906864,-200.1098892074891,-0.10988920748906854,-0.855844636316269,-200.8558446363163,-0.8558446363162687,-0.1276199460270785,-200.12761994602715,-0.12761994602707846,197.0212633442685,501.6201054834827,0.37794894796185596,353.1472540384468,396.041643384505,1.840107329582699,447.284829518134,205.4127416031976,-3.458347233776287,496.4702529697704,51.24905924787464,0.04866290737595097,1.5786263576519022,-202.14245923398312,0.0066515290376671365,-0.25286814459570456,-200.25286814459577,-0.2528681445957046,-0.03291017342092817,-200.032910173421,-0.032910173420928224,0.04514646034766795,-199.95485353965236,0.0451464603476681,-0.3443921523314455,-200.34439215233152,-0.3443921523314454,-152.26592104450864,-92.94994233289128,-1.4543122912494524,-152.6088718339088,-443.2928931222915,-1.7972630806496073,-151.59978740621926,-892.283808694602,-0.7881786529600642,0.4062847190952411,-199.5937152809048,0.4062847190952412,150.63471268490102,-108.30480421695754,-0.02190123955819273,150.11326472502256,-458.826252176836,-0.5433491994366443,150.4715011233925,-908.468015778466,-0.18511280106670894,0.0619692616130272,-199.938030738387,0.06196926161302733
67,0.67,0.43414463292330596,700.4341446329233,0.4341446329233061,0.06670921504805347,550.0667092150481,0.06670921504805358,-0.036766356376350784,299.9632336436237,-0.03676635637635067,0.2845523374075042,400.2845523374077,0.2845523374075043,-0.19270175124743663,199.80729824875255,-0.1927017512474366,-0.11185684534946126,99.88814315465055,-0.11185684534946111,0.7957664472182104,1000.6098291988966,0.7200768953228194,-201.80484081761662,501.67542155893176,0.476574056106409,-355.16080397795986,401.9448246728415,2.314762312363081,-446.47332923008025,200.7643225017124,1.4423674255229666,-502.1629822266825,44.22839480777087,1.924196844306142,-1.2540040443854608,-195.04086360384417,0.2908193452795946,0.11616317784485503,-199.8838368221552,0.11616317784485503,-0.03603875757510561,-200.03603875757514,-0.03603875757510547,-0.6256483796213363,-200.62564837962137,-0.6256483796213361,-0.01396813945682747,-200.01396813945686,-0.013968139456827455,196.88772624575608,501.5268288587697,0.32798135594427424,353.2960828557045,395.86984535242834,1.950025387504911,447.36381817966867,205.2644164905841,-3.578909342083922,496.7121303015521,51.0419243496681,0.3310873485507042,1.4548662097070846,-201.83996067729873,0.2224752640262622,-0.2178882331644496,-200.21788823316447,-0.2178882331644496,-0.1011736902486459,-200.1011736902487,-0.10117369024864595,0.08449024428637691,-199.91550975571363,0.084490244286377,-0.2066844448627594,-200.2066844448628,-0.20668444486275933,-152.17566139387128,-92.9541910640294,-1.4652681558445169,-152.72147807767675,-443.50000774783496,-2.011084839649986,-151.9750987584954,-892.7536284286537,-1.2647055204686117,0.5829860124946371,-199.4170139875054,0.5829860124946371,150.7228683612314,-108.12672747196723,0.16385422699540908,150.3688581940521,-458.4807376391465,-0.19015594018387807,150.5234806235188,-908.32611520968,-0.035533510717209255,0.08552462184927165,-199.91447537815077,0.08552462184927176
68,0.68,0.5147231383051504,700.5147231383052,0.5147231383051504,0.17523658273844372,550.1752365827385,0.17523658273844375,0.07045439635552944,300.0704543963557,0.07045439635552961,0.23220068903653696,400.2322006890367,0.232200689036537,0.13022037400849512,200.1302203740085,0.13022037400849518,-0.08307817329257519,99.91692182670747,-0.08307817329257507,0.6838144646578495,1000.5003694066077,0.6100444944793068,-201.78814222315788,501.74943466520403,0.595586140214007,-355.04567731147046,402.2644794089766,2.418281025196288,-446.4823116966461,200.50715359331457,1.3308905351719547,-502.2949246535674,44.368453844552654,1.81536898925162,-1.3112437806193982,-194.86112696230475,0.30688914543373846,0.4161931562040765,-199.58380684379597,0.4161931562040764,0.2059775260827958,-199.79402247391724,0.205977526082796,-0.2669861302532407,-200.26698613025326,-0.2669861302532406,0.09699962578070259,-199.90300037421932,0.09699962578070256,196.9703568954369,501.64431218595735,0.4904636609672822,353.3837889799937,395.65995675735246,2.006423426194684,447.6210420867712,205.27566217061724,-3.519412603347938,497.1170702555024,50.9726144466022,0.7490001417816181,1.386280714716837,-201.45773777256596,0.5088199031203197,-0.07793707217783397,-200.07793707217786,-0.07793707217783397,-0.1413616392519137,-200.14136163925195,-0.14136163925191375,0.17634275022626672,-199.82365724977376,0.17634275022626672,-0.04783460319207694,-200.04783460319214,-0.04783460319207689,-152.08457334699168,-92.97058668700083,-1.478963113817564,-152.68149841365727,-443.5675117536665,-2.0758881804831564,-152.24371561816614,-893.1297289581754,-1.6381053849920182,0.7753955373832082,-199.22460446261684,0.7753955373832083,150.76476166606938,-107.9823348778209,0.3066913732523555,150.73281884093842,-458.01427770295186,0.2747485481214092,150.60771662847384,-908.1393799154165,0.14964633565684915,0.20664583122181285,-199.79335416877825,0.20664583122181296
69,0.69,0.6064013832984204,700.6064013832985,0.6064013832984205,0.35114680594147585,550.3511468059415,0.35114680594147585,0.1320331515179374,300.132033151518,0.1320331515179375,0.18263967142980103,400.18263967142997,0.182639671429801,0.4261689020441259,200.42616890204414,0.42616890204412583,-0.024589237521087354,99.97541076247897,-0.024589237521087298,0.5850678913737398,1000.4043141476532,0.513329289631981,-201.7465153738534,501.84450808882093,0.737303489767015,-354.852531763344,402.63927111048713,2.5727662509391385,-446.55707221567735,200.19914961212092,1.1640899891947587,-502.4675972554485,44.46254230236608,1.6357547776015697,-1.3613822830027176,-194.69262957540883,0.32001053897161985,0.7027548068023666,-199.29724519319768,0.7027548068023665,0.512580959232026,-199.487419040768,0.5125809592320262,0.08611184107921327,-199.91388815892083,0.08611184107921327,0.14354451579056268,-199.85645548420945,0.14354451579056277,197.17100314997236,501.87432832460786,0.7671237255537922,353.3729690396504,395.37530897912393,1.9720532643850803,447.99067343532755,205.38164656557,-3.3448632016743898,497.5095585648605,50.86797622364211,1.1273907298115928,1.3217737380576757,-201.04902356085734,0.8120629861017192,0.11355668810480202,-199.88644331189522,0.11355668810480196,-0.22773893380990612,-200.22773893380992,-0.2277389338099062,0.2864194424568476,-199.7135805575432,0.2864194424568476,0.059461292793411155,-199.9405387072066,0.059461292793411155,-152.05764494772143,-93.06413984271404,-1.560185724756813,-152.53446781883292,-443.5409627138256,-2.0370085958682824,-152.36535369709603,-893.3718485920887,-1.8678944741313903,0.8349013243375697,-199.16509867566248,0.8349013243375698,150.79401853453098,-107.83797908303515,0.44003651504987606,151.0485674398286,-457.58343017773757,0.6945854203474985,150.67068838897066,-907.9613092285956,0.3167063694895722,0.3644541070846168,-199.63554589291545,0.3644541070846169
70,0.7,0.6278239706412878,700.6278239706413,0.6278239706412878,0.5215249948584229,550.5215249948584,0.5215249948584229,0.042772091299225455,300.04277209129924,0.04277209129922555,0.09324117973258109,400.0932411797327,0.09324117973258109,0.5230354626974477,200.5230354626975,0.5230354626974478,-0.03440891089109921,99.96559108910895,-0.034408910891099154,0.5877162787405051,1000.409853471853,0.5181208388311216,-201.80330946931159,501.8371899358734,0.7782273126242689,-354.74316937352717,402.9071360718911,2.6165685667045215,-446.762005936094,199.77630539600517,0.8778377314197972,-502.75302511862697,44.436839979904164,1.312796727175885,-1.5364720047358555,-194.66972094867887,0.19688617125632588,0.8193492241899707,-199.18065077581008,0.8193492241899707,0.7129880000225557,-199.28701199997747,0.7129880000225558,0.29625707516065347,-199.7037429248394,0.2962570751606534,0.0697558117289436,-199.9302441882711,0.06975581172894363,197.3373672839,502.064511069252,1.005548446002758,353.2788045689647,395.0317378164582,1.8622137797392633,448.3114455089789,205.4221444819533,-3.215710547600776,497.7404785009786,50.58143023398017,1.3178591694968258,1.1977922604332383,-200.67969781965502,1.0659849414489102,0.2671313815528106,-199.73286861844718,0.26713138155281063,-0.39728750121079115,-200.3972875012108,-0.3972875012107912,0.37419781435432925,-199.62580218564568,0.37419781435432947,0.04524828597768128,-199.95475171402234,0.045248285977681324,-152.15470182397692,-93.29467030487857,-1.7685462972656865,-152.40027450173778,-443.5402429826395,-2.0141189750265314,-152.44139357121014,-893.5813620521119,-2.0552380444989007,0.6634420224740794,-199.33655797752596,0.6634420224740794,150.7569948591381,-107.74731104618522,0.5100302122456408,151.1612166071518,-457.34308929817155,0.9142519602593252,150.68798489726677,-907.8163210080567,0.44102025037430326,0.4354460061952223,-199.56455399380485,0.4354460061952224
71,0.71,0.4916153292188469,700.491615329219,0.49161532921884704,0.614307483344787,550.6143074833446,0.6143074833447868,-0.22787043862737488,299.7721295613726,-0.22787043862737477,-0.08891845553310213,399.91108154446704,-0.08891845553310213,0.3827664627122901,200.3827664627123,0.3827664627122902,-0.1721591158918293,99.82784088410821,-0.17215911589182925,0.7265077331605142,1000.5517358917484,0.6591671941406212,-202.00555386321264,501.6803525484337,0.6711811992460268,-354.784930970097,403.00055101163406,2.482598403065587,-447.0996867032337,199.23637197653852,0.4697793398574888,-503.1799567527819,44.26095417313526,0.8174543458286834,-1.8907276027512727,-194.84882513482728,-0.1178618374759598,0.699973810973182,-199.30002618902682,0.6999738109731819,0.6749888888593643,-199.32501111114067,0.6749888888593645,0.3178398287959997,-199.68216017120403,0.3178398287959997,-0.12953709611667097,-200.1295370961167,-0.12953709611667094,197.34683486305136,502.09218414194663,1.0830127927588102,353.1497682058465,394.67828790418514,1.725456539911963,448.4787749293246,205.29365572524603,-3.2357284304749703,497.77534890964506,50.08119108568714,1.2868443416330053,0.9933092436136689,-200.37328834310375,1.2467721223992183,0.30941793098834836,-199.69058206901173,0.30941793098834836,-0.6052260414181047,-200.60522604141812,-0.6052260414181047,0.4179126177670488,-199.582087382233,0.41791261776704886,-0.11353841279552132,-200.11353841279555,-0.11353841279552127,-152.3973657567793,-93.68376512121355,-2.1254357936065045,-152.37387954931876,-443.6602789137531,-2.1019495861459783,-152.58410141938612,-893.8705007838205,-2.3121714562133096,0.29949771165812655,-199.7005022883419,0.29949771165812666,150.5730041602074,-107.79105279253392,0.43575527507442513,151.0301710246111,-457.33388592813026,0.8929221394780968,150.65056161851584,-907.7134953342254,0.5133127333828746,0.351328899910917,-199.64867110008913,0.3513288999109172
72,0.72,0.18701858740748958,700.1870185874075,0.18701858740748967,0.5893946815823892,550.5893946815823,0.5893946815823891,-0.5907582880721364,299.40924171192785,-0.5907582880721363,-0.38781017412997987,399.61218982587013,-0.3878101741299799,0.1366676248323444,200.13666762483234,0.13666762483234446,-0.4010288051955907,99.59897119480439,-0.4010288051955907,0.9577113035557809,1000.7862307697228,0.892737288974722,-202.3250799891944,501.4020707413331,0.44418940930088613,-354.89925366503746,402.99797541530614,2.2497675540829682,-447.49286071080326,198.6568626557974,0.017339806785839032,-503.7148137200892,43.96698290097212,0.18326053880085183,-2.3709371344455294,-195.17883124715425,-0.5720888823851527,0.39662783200006796,-199.60337216799996,0.3966278320000678,0.3872579836767464,-199.6127420163233,0.38725798367674646,0.18881323924571725,-199.8111867607543,0.18881323924571722,-0.3819604578413154,-200.38196045784136,-0.3819604578413154,197.1671467705222,501.9250333290947,0.9671519970623428,353.0185319434862,394.34811948085223,1.594493661650815,448.53723224414756,205.04187143355483,-3.3595478223730826,497.69942225182035,49.4553462783396,1.1207105306223293,0.7286988900625062,-200.11207829824983,1.371913467842257,0.21767178666705878,-199.782328213333,0.21767178666705883,-0.7662650090138106,-200.76626500901386,-0.7662650090138106,0.42926301446513637,-199.57073698553495,0.4292630144651365,-0.353802781599645,-200.3538027815997,-0.3538027815996449,-152.7369655018701,-94.18268909946222,-2.5819370565584867,-152.46399219805622,-443.90971579564837,-2.308963752744617,-152.8091720160195,-894.2548956136117,-2.654143570707859,-0.11340195582593193,-200.11340195582602,-0.11340195582593188,150.2589002737909,-107.95241506095101,0.2338198576414194,150.77035563924647,-457.44095969549545,0.7452752230970082,150.54026150123636,-907.6710538335055,0.5151810850868681,0.15077819172752355,-199.84922180827257,0.1507781917275237
73,0.73,-0.1726575044170029,699.827342495583,-0.17265750441700278,0.4734287432451597,550.473428743245,0.47342874324515966,-0.8799143786281065,299.1200856213718,-0.8799143786281065,-0.749270798753415,399.2507292012466,-0.7492707987534151,-0.018922465303376435,199.9810775346966,-0.018922465303376462,-0.6091404407149673,99.39085955928493,-0.6091404407149672,1.1769514812659678,1001.0089628175665,1.1144554378678857,-202.67858352114104,501.08555979918594,0.18041492048622992,-354.9321291419985,403.0533927990366,2.0725295330276126,-447.812176817092,198.16732268285784,-0.35000713988270016,-504.23567790632046,43.675538812718216,-0.4676616610826149,-2.8346665678602143,-195.5192780128997,-1.0243189501232886,0.0633915339786009,-199.93660846602148,0.06339153397860081,-0.026954733065882364,-200.02695473306593,-0.026954733065882253,-0.014066384231990203,-200.01406638423208,-0.01406638423199028,-0.5556797010541048,-200.5556797010542,-0.5556797010541048,196.8789913850343,501.6436987621899,0.7385538834901444,352.90626016518263,394.0628002402154,1.4904906289197155,448.6430785641577,204.82420635744597,-3.4301236090455927,497.68102809115163,48.87517929051247,0.9890779368062546,0.4358700039806821,-199.86695409188707,1.4703563245578333,0.04369918294216937,-199.95630081705792,0.04369918294216943,-0.7927947129013255,-200.7927947129014,-0.7927947129013257,0.4553696519340725,-199.544630348066,0.45536965193407264,-0.5461065992013601,-200.54610659920144,-0.5461065992013598,-153.05353570318357,-94.67138347928395,-3.0178241974474362,-152.5846099638104,-444.20245773991076,-2.548898458074264,-153.0360175287683,-894.6538653048688,-3.000306023032159,-0.41926881330611854,-200.4192688133062,-0.41926881330611854,149.97622858735699,-108.0699463091437,0.06550916841700834,150.57949005850074,-457.466684838,0.6687706395607756,150.37658075720387,-907.6695941392968,0.46586133826391257,-0.06953985075708385,-200.0695398507572,-0.06953985075708374
74,0.74,-0.4071257832077913,699.5928742167922,-0.40712578320779125,0.36531889983301835,550.3653188998329,0.3653188998330183,-0.9276799421088568,299.07232005789103,-0.9276799421088568,-1.0437955223669895,398.9562044776331,-1.0437955223669897,0.03520116985071914,200.03520116985067,0.03520116985071914,-0.681048934032344,99.3189510659675,-0.681048934032344,1.2693334852192664,1001.1050373813489,1.2094266215446559,-202.93566730364984,500.8611326976385,0.010116703487798362,-354.7767170120949,403.27369662043475,2.0582645030310682,-447.9380333987725,197.88748265471358,-0.5125860468472956,-504.55352570931507,43.57452440762636,-0.9458313717142037,-3.1170710983102285,-195.70714603999258,-1.3105434154934825,-0.11766290284041886,-200.1176629028405,-0.11766290284041883,-0.3700025879825566,-200.37000258798264,-0.3700025879825565,-0.19115122035454277,-200.19115122035464,-0.1911512203545428,-0.5269693258036314,-200.5269693258037,-0.5269693258036314,196.63594148355276,501.4017119141789,0.5506959200282837,352.86943421374974,393.879129021262,1.4698908225001592,448.9425620263664,204.78809088113428,-3.3004414557886044,497.8915353763929,48.51511043529696,1.0647706024183794,0.15124205792340972,-199.6044092983165,1.5755058534855981,-0.09783760725060232,-200.0978376072507,-0.09783760725060227,-0.6165687716483979,-200.61656877164847,-0.6165687716483979,0.5509211107057437,-199.44907888929436,0.5509211107057439,-0.5901995398642266,-200.5901995398643,-0.5901995398642266,-153.20990709544054,-95.01255598872967,-3.295653341990522,-152.60237493425427,-444.4050238275434,-2.6881211808042464,-153.14261258170976,-894.9452614749989,-3.228358828259722,-0.5193315499328983,-200.519331549933,-0.5193315499328984,149.92332825132894,-107.9454306476411,0.12888822522813198,150.60879632186496,-457.25996257710506,0.8143562957641745,150.26461204532507,-907.604146853645,0.47017201922426255,-0.23070287787442254,-200.23070287787453,-0.2307028778744225
75,0.75,-0.4130056854022397,699.5869943145977,-0.41300568540223964,0.3699251254580084,550.3699251254579,0.3699251254580083,-0.6495742820256547,299.35042571797425,-0.6495742820256547,-1.1437936027290216,398.8562063972711,-1.1437936027290216,0.2693548782602099,200.26935487826017,0.26935487826020976,-0.567785873537971,99.43221412646186,-0.567785873537971,1.179033701978933,1001.0186308812042,1.1218269268923737,-202.9753682177548,500.84967338352425,0.05412305770540148,-354.45508278444544,403.6369512948797,2.185539242591126,-447.84109785946873,197.84673952145502,-0.4410391948855972,-504.5335213439447,43.79784628945001,-1.1157033857546663,-3.147244903614425,-195.6731896023317,-1.360559324767369,-0.05427680675916462,-200.05427680675925,-0.054276806759164645,-0.48413398553792986,-200.484133985538,-0.48413398553792986,-0.24761375077659742,-200.24761375077668,-0.24761375077659742,-0.2616394102941421,-200.2616394102942,-0.26163941029414217,196.55906038741207,501.32010183053717,0.5245515047184235,352.9752661625666,393.86454900592275,1.5998294284080763,449.45855896143155,204.95760767968113,-2.9468799170126303,498.38599562528873,48.43331776848047,1.4044440016361457,-0.08524237695684211,-199.28751115540305,1.7242614876678837,-0.10477351109612391,-200.10477351109625,-0.10477351109612391,-0.23459181968386927,-200.23459181968394,-0.2345918196838693,0.7261126660545068,-199.27388733394557,0.726112666054507,-0.49186878935458345,-200.49186878935464,-0.49186878935458334,-153.15087731779647,-95.15085160831723,-3.3599340549672263,-152.4346145954439,-444.4345888859646,-2.6436713326146277,-153.03465517476943,-895.0346294652902,-3.2437119119401743,-0.3931428562531873,-200.3931428562533,-0.39314285625318723,150.16666418359216,-107.51255588433747,0.49013447093601237,150.8730959762013,-456.8061240917284,1.1965662635451886,150.32262857995624,-907.3565914879734,0.6460988673001128,-0.30200981408585537,-200.30200981408595,-0.30200981408585537
76,0.76,-0.25629300960000206,699.7437069904,-0.256293009600002,0.48832977374273523,550.4883297737426,0.48832977374273534,-0.12490513383975616,299.87509486616017,-0.12490513383975621,-1.0108830279420036,398.989116972058,-1.0108830279420036,0.5355912978354209,200.53559129783542,0.5355912978354208,-0.3228580308485669,99.67714196915128,-0.3228580308485669,0.9575526948201757,1000.8012438201839,0.9031565559914991,-202.79271480338306,501.0560792922156,0.31727418597893264,-354.09426546089435,404.0163233132698,2.328037144426137,-447.6287953533184,197.93766863148173,-0.24281506904358144,-504.2280075357172,44.292430122780544,-1.0286612324428206,-3.02563540132319,-195.51933417095964,-1.2753733538805674,0.18850638211804613,-199.81149361788204,0.18850638211804607,-0.3573557696605338,-200.35735576966061,-0.35735576966053384,-0.1574483467723735,-200.15744834677244,-0.1574483467723735,0.14666523728116085,-199.85333476271893,0.1466652372811608,196.64752113665182,501.3980143796126,0.6592092733761598,353.2003631733792,393.99581181053014,1.8567981097360808,450.05717624162367,205.20008950635497,-2.502611299108583,499.03675467842334,48.50532590346598,1.8821801168782688,-0.2679055634942866,-198.9136665303511,1.9192535176526275,0.017911582081755625,-199.9820884179183,0.017911582081755598,0.25402791650777345,-199.7459720834923,0.25402791650777334,0.9147415212000787,-199.08525847879997,0.9147415212000789,-0.34007234214919924,-200.34007234214926,-0.34007234214919924,-152.96728821051965,-95.17692991540562,-3.3012073144723497,-152.13307268499227,-444.3427143898782,-2.466991788945003,-152.72763157362624,-894.9372732785123,-3.0615506775789614,-0.10550701699506958,-200.10550701699515,-0.10550701699506956,150.57857878209828,-106.89916176374302,1.0212901637083296,151.24817635841026,-456.22956418743104,1.6908877400203346,150.54105696640588,-906.9366835794355,0.9837683480159752,-0.2916495034816394,-200.29164950348172,-0.2916495034816395
77,0.77,-0.10537469758907464,699.894625302411,-0.10537469758907464,0.5786341889609417,550.5786341889609,0.5786341889609417,0.40686296998480287,300.4068629699848,0.40686296998480276,-0.7164434461800863,399.28355655382,-0.7164434461800863,0.6701093981048006,200.67010939810478,0.6701093981048005,-0.07649910685194375,99.92350089314795,-0.07649910685194379,0.7404187649147578,1000.5884043452538,0.6889433872809657,-202.5402843530387,501.3277043874526,0.6468652935373986,-353.82579771589894,404.2805595068294,2.3550352959130265,-447.489688341498,197.97164519376446,-0.10654745964361376,-503.86425776577244,44.83047208483392,-0.9107739412023972,-2.9567006993110496,-195.45131853598707,-1.2598502473450361,0.4424534828408041,-199.55754651715927,0.4424534828408041,-0.13092576871350775,-200.13092576871355,-0.1309257687135078,0.008069487969760314,-199.99193051203028,0.008069487969760286,0.5181780646266266,-199.48182193537343,0.5181780646266265,196.79012681365828,501.52423264319975,0.843393549284635,353.406985317609,394.13523534757974,2.1029033174066427,450.52529571599985,205.30365903435023,-2.180060356488018,499.60849445964215,48.499024360989594,2.2645115998696728,-0.4633255259876722,-198.55259017024963,2.0908769688481517,0.14479747080324207,-199.85520252919682,0.144797470803242,0.6794561676785551,-199.3205438323215,0.679456167678555,1.0069461302051597,-198.99305386979486,1.0069461302051599,-0.23629165855186102,-200.23629165855192,-0.23629165855186102,-152.83479006921533,-95.26622948374265,-3.2948105087501154,-151.8617805547035,-444.2932199692308,-2.3218009942382776,-152.38002727891006,-894.8114666934374,-2.840047718444841,0.20217515681199005,-199.7978248431881,0.20217515681199005,150.93582881031517,-106.32870293583568,1.4988000051175465,151.54255812876846,-455.72197361738245,2.105529323570827,150.75687960980815,-906.5076521363428,1.31985080461052,-0.24124026043588795,-200.24124026043594,-0.241240260435888
78,0.78,-0.07108206965493327,699.928917930345,-0.07108206965493327,0.4649190315628901,550.4649190315629,0.4649190315628901,0.6850828801052968,300.68508288010526,0.6850828801052965,-0.394607761848198,399.6053922381518,-0.394607761848198,0.6030604575185391,200.6030604575185,0.6030604575185391,0.053963873848419414,100.05396387384835,0.053963873848419414,0.6536955001114042,1000.5061757959244,0.6052505243466941,-202.42667944206892,501.455882758078,0.8341702455382776,-353.70699155809143,404.37269957004133,2.2101157550586867,-447.5538318764578,197.81849025641833,-0.16241009181021476,-503.67520823811117,45.178708616099826,-0.9935346604647716,-3.082468569329089,-195.61223999049838,-1.456264170442566,0.5591492200162647,-199.44085077998378,0.5591492200162647,0.01395654520385528,-199.98604345479617,0.013956545203855225,0.13712296604676522,-199.86287703395328,0.1371229660467652,0.6917668539728787,-199.3082331460272,0.6917668539728786,196.85180147543713,501.5636679065456,0.9419553940060192,353.46366163509924,394.1513202303892,2.206483011732948,450.72227677315016,205.12892681088806,-2.1192047671531613,499.93341708113127,48.24982798738443,2.3855875242309104,-0.7680027445293445,-198.3039481987433,2.1396497914753114,0.13769305604464685,-199.8623069439554,0.13769305604464685,0.8856062743226244,-199.11439372567744,0.8856062743226243,0.93239100386947,-199.06760899613056,0.9323910038694702,-0.24777160905398507,-200.247771609054,-0.2477716090539851,-152.85255403260655,-95.5176805141877,-3.4395906298085865,-151.77105551153633,-444.43618199311754,-2.358092108738349,-152.19671820056655,-894.8618446821479,-2.783754797768563,0.3782350512390497,-199.62176494876104,0.37823505123904977,151.08031995710837,-105.95951415293624,1.7642465058398313,151.60727095292074,-455.43256315712387,2.291197501652192,150.79594652727968,-906.243887582765,1.4798730760111043,-0.21427454983652616,-200.21427454983657,-0.2142745498365262
79,0.79,-0.11787256125194567,699.8821274387481,-0.11787256125194567,0.11193747926585859,550.1119374792659,0.11193747926585873,0.6147365361042165,300.61473653610426,0.6147365361042163,-0.16478840077410456,399.8352115992259,-0.16478840077410462,0.4032176772827551,200.40321767728273,0.4032176772827551,0.053711703113554776,100.05371170311349,0.053711703113554825,0.7175982629001547,1000.5747731921003,0.672292783921441,-202.5528380222671,501.3396186447113,0.7781316561720437,-353.70747206365877,404.3235402601106,1.9246284435308785,-447.7936096954437,197.50563611306205,-0.38295186886232657,-503.7183982365079,45.2794757947124,-1.332809763047676,-3.3766513701442946,-195.9766571315772,-1.8384074917502158,0.49847821028510975,-199.50152178971493,0.4984782102851098,0.0048902123786184505,-199.99510978762146,0.004890212378618395,0.16706042807637636,-199.8329395719237,0.1670604280763762,0.6280315183860934,-199.37196848161398,0.6280315183860933,196.75907376371254,501.44284331687334,0.881356328334097,353.3742965819575,394.04785686983735,2.171213943654677,450.6974215034982,204.7264518133117,-2.2701129028550597,500.02795239343834,47.77736073983959,2.2638620037339066,-1.2033308547563806,-198.1923052915684,2.0412669149613043,-0.017219247922477254,-200.01721924792253,-0.017219247922477254,0.8176740360046444,-199.18232596399542,0.8176740360046443,0.7221192682789455,-199.2778807317211,0.7221192682789457,-0.367339711026623,-200.3673397110267,-0.36733971102662305,-152.94040536074894,-95.85083845311337,-3.6550384185921683,-151.87763550483723,-444.7880685972017,-2.5922685626804305,-152.25223204439882,-895.1626651367633,-2.966865102242043,0.36599655131528297,-199.63400344868478,0.36599655131528314,151.01284626275236,-105.79107050328349,1.8180902785530144,151.43483707680758,-455.3690796892282,2.240081092608226,150.63025686966188,-906.173659896374,1.435500885462538,-0.24041594110086317,-200.24041594110093,-0.24041594110086323
80,0.8,-0.129568038642432,699.8704319613576,-0.129568038642432,-0.3198444349095415,549.6801555650903,-0.3198444349095414,0.32940955485089896,300.3294095548508,0.32940955485089884,-0.06315254365386898,399.9368474563461,-0.06315254365386902,0.2167128352241452,200.21671283522406,0.2167128352241452,0.010029901594322987,100.01002990159424,0.01002990159432307,0.8349911543892823,1000.6970601979826,0.7929336599246232,-202.84057096213346,501.05704901284633,0.5568235257474237,-353.73641903083086,404.22439143313903,1.5904458202787652,-448.06689208827333,197.17497016412096,-0.6262536991120539,-503.84299702961823,45.28368018644204,-1.7758765419961255,-3.693621897393802,-196.39955536981074,-2.260562050071475,0.33048725940734325,-199.66951274059272,0.33048725940734325,-0.06873819998285499,-200.06873819998293,-0.06873819998285502,0.12039730447988053,-199.8796026955202,0.12039730447988053,0.43342663614406896,-199.56657336385604,0.43342663614406896,196.53832156575803,501.18813858322994,0.687913096131038,353.26239333467294,393.94814972676585,2.120335959290098,450.6628165704691,204.3095787340307,-2.4201047719366136,500.03880695585326,47.23148101301619,2.0481238290862676,-1.6716103461625433,-198.1231147213336,1.8906109636600104,-0.19233982479472717,-200.19233982479477,-0.19233982479472717,0.5676768657165848,-199.43232313428348,0.5676768657165847,0.48826278617335733,-199.51173721382668,0.4882627861733574,-0.489112203896931,-200.48911220389698,-0.48911220389693105,-152.9209911494649,-96.08805214352796,-3.763457005111892,-152.0621842855852,-445.2292452796483,-2.9046501412321923,-152.41694135992603,-895.5840023539891,-3.2594072155730283,0.24274942552349757,-199.7572505744766,0.24274942552349768,150.85929578758532,-105.69778130553829,1.7858766321616268,151.17303436269324,-455.38404273043034,2.0996152072695637,150.39350945398078,-906.1635676391429,1.3200902985571124,-0.267300618550364,-200.26730061855042,-0.26730061855036413
81,0.81,-0.05187445166584281,699.9481255483341,-0.05187445166584281,-0.608211355327345,549.3917886446725,-0.608211355327345,0.059931393329615765,300.0599313933295,0.059931393329615626,-0.03863827996950707,399.96136172003037,-0.038638279969507076,0.1337508487399943,200.13375084873988,0.13375084873999432,0.0201540150217486,100.02015401502163,0.020154015021748684,0.8888228657861728,1000.7559849735094,0.8501211750335234,-203.1203903713647,500.7776153346041,0.3396230879292938,-353.6986237684294,404.17101671442504,1.3039021367281878,-448.2603420696047,196.93953069407877,-0.7792334416493648,-503.8386003362193,45.40199818677002,-2.110232436076593,-3.9105271156441956,-196.75845220168264,-2.5996099239208057,0.1629284331342833,-199.8370715668658,0.16292843313428335,-0.06437106420911945,-200.06437106420918,-0.06437106420911945,0.05759683476672694,-199.94240316523337,0.057596834766726966,0.26814515705895725,-199.73185484294115,0.26814515705895714,196.28322265713945,500.89324064875336,0.45524840207853334,353.22682376775356,393.95078853258644,2.1524231407827403,450.82654770471447,204.08764792588244,-2.3605402085050313,500.09125498738223,46.740549265231365,1.8657678628691772,-2.041495661205746,-197.9681418723721,1.8163290231046734,-0.2524394304969054,-200.252439430497,-0.2524394304969054,0.3244576429850815,-199.675542357015,0.3244576429850815,0.3322587870599314,-199.66774121294014,0.3322587870599315,-0.4756631789607596,-200.47566317896082,-0.47566317896075966,-152.70774567632614,-96.1424297031446,-3.6779282362016135,-152.18748024574117,-445.62216427255964,-3.157662805616634,-152.492038820696,-895.9267228475145,-3.462221380571453,0.1368626460662818,-199.86313735393378,0.1368626460662819,150.74544691456907,-105.55419327405875,1.793032855949861,151.0093996516299,-455.290240536998,2.056985593010681,150.25826133788422,-906.0413788507436,1.3058472792649747,-0.21729924508560755,-200.21729924508566,-0.21729924508560752
82,0.82,0.055188333104509185,700.0551883331044,0.055188333104509185,-0.6428157835241749,549.3571842164756,-0.6428157835241748,-0.059364651077552594,299.94063534892234,-0.05936465107755268,-0.01976856587159509,399.98023143412826,-0.019768565871595103,0.10503247101681207,200.10503247101667,0.10503247101681201,0.10718133010069748,100.10718133010054,0.10718133010069758,0.8508292466778479,1000.7232827426344,0.8155904490815578,-203.2839743980893,500.60959889044636,0.2347461783641165,-353.5531699645177,404.20494986805534,1.1071083425031625,-448.3791064581425,196.79381795261816,-0.8473355796591183,-503.62122113238104,45.718879119362654,-2.2496004763498405,-4.014266370225693,-197.0403689251368,-2.842010348819506,0.05697080919277825,-199.9430291908073,0.05697080919277833,0.049350138750239844,-199.95064986124984,0.0493501387502399,0.0142040120052691,-199.98579598799483,0.014204012005269138,0.20772375022979453,-199.7922762497703,0.20772375022979453,196.0751884147092,500.6395774236246,0.26472471154234456,353.2361886033267,394.02400997074733,2.235745276905984,451.2272158116965,204.1005070153629,-2.052305305942939,500.2209342571698,46.34320109836273,1.7545713312009021,-2.2675995568484866,-197.6850452855137,1.8612513898177732,-0.17854539222508672,-200.1785453922252,-0.17854539222508678,0.24021687352307514,-199.75978312647703,0.24021687352307514,0.27319146189485016,-199.72680853810522,0.2731914618948502,-0.28978737267263277,-200.2897873726727,-0.2897873726726328,-152.3847545990812,-96.09770334882694,-3.4821779088650553,-152.21283224400239,-445.92578099374816,-3.310255553786239,-152.4148683672122,-896.127817116958,-3.512291676996043,0.1137951793578067,-199.88620482064226,0.11379517935780684,150.7006352287773,-105.3313230133902,1.8685361337537232,151.0120955364276,-455.0198627057398,2.179996441404052,150.2997286763511,-905.7322295658164,1.4676295813275082,-0.09440245924268428,-200.09440245924276,-0.09440245924268423
83,0.83,0.11195475034700822,700.111954750347,0.11195475034700819,-0.4618680549750651,549.5381319450248,-0.4618680549750651,-0.05022165314108029,299.9497783468588,-0.05022165314108035,0.02901890426400896,400.02901890426386,0.029018904264008924,0.011269864044148092,200.01126986404404,0.011269864044148092,0.21822149481231162,100.21822149481216,0.21822149481231176,0.7820484568188626,1000.6599909451513,0.7503788509913245,-203.3414645560615,500.54282353346287,0.23195006723890677,-353.31465070196384,404.312274810987,0.986730590853035,-448.499599664534,196.6610127274794,-0.9073134298400235,-503.267892152974,46.157934801939604,-2.268548198898721,-4.058606687463727,-197.29894147268612,-3.040915423199315,0.007921804703687085,-199.99207819529641,0.00792180470368714,0.16866121233734857,-199.83133878766273,0.16866121233734868,0.0020127984384541928,-199.99798720156167,0.0020127984384542205,0.19824649348800916,-199.80175350651209,0.1982464934880092,195.9356466706605,500.4486006494544,0.13772718323041136,353.18683780690185,394.06371988640694,2.2662897319532553,451.7182677844935,204.20283729244812,-1.6414839917302042,500.42836345624164,46.04284252424405,1.7171917323941792,-2.40817503381099,-197.33503573415265,1.9647317990681459,-0.0445973762540909,-200.04459737625416,-0.04459737625409103,0.33322650434174184,-199.66677349565833,0.33322650434174195,0.2688735560751744,-199.7311264439249,0.26887355607517444,-0.03688143842273922,-200.03688143842282,-0.03688143842273936,-152.10542701881707,-96.10690217788115,-3.3292489183122607,-152.18425380872995,-446.1857289677941,-3.4080757082251387,-152.29880637257327,-896.3002815316376,-3.5226282720684594,0.15375322685877238,-199.84624677314127,0.1537532268587724,150.68076699275161,-105.07364282484886,1.9679281039018748,151.08743799691774,-454.66697182068276,2.3745991080679913,150.45628359934864,-905.2981262182518,1.7434447104988924,0.014823096871484753,-199.9851769031286,0.014823096871484753
84,0.84,0.11944389030789208,700.1194438903079,0.11944389030789193,-0.16596366799858145,549.8340363320012,-0.16596366799858142,0.005507036107698343,300.0055070361076,0.005507036107698288,0.1128630534448701,400.1128630534447,0.1128630534448701,-0.18825965765770653,199.81174034234218,-0.1882596576577065,0.28026543189547004,100.28026543189532,0.28026543189547015,0.7444370909830578,1000.6280653616162,0.7164421237988919,-203.34930898085696,500.5208125170261,0.27469035649831575,-353.0079184224689,404.46887248282826,0.919235559166155,-448.67843421144397,196.48404837436374,-1.016157918927519,-502.89305164485097,46.605544102296975,-2.2788914575886836,-4.066210482934662,-197.55644572987995,-3.218199938797116,-0.008072538916844799,-200.00807253891693,-0.00807253891684482,0.19709312277871044,-199.8029068772214,0.19709312277871044,0.04356808956919686,-199.95643191043092,0.04356808956919686,0.15218481538446632,-199.8478151846156,0.15218481538446638,195.8428722890102,500.2986164764239,0.05249431589617899,353.0384803264097,394.0291051135456,2.2033728036869538,452.10689720033963,204.2030500720175,-1.3204595544710789,500.7194876160604,45.84817416789346,1.7616931035821874,-2.543977252837312,-197.00171594318277,2.0438065177032154,0.07434519042070498,-199.9256548095794,0.07434519042070481,0.5163949719737613,-199.48360502802635,0.5163949719737614,0.28876192445757276,-199.7112380755425,0.28876192445757276,0.138988433357971,-199.86101156664208,0.13898843335797073,-151.9584212198639,-96.25827871603458,-3.3074281292532612,-152.1359437044226,-446.43580120059335,-3.4849506138119386,-152.27850494181453,-896.5783624379853,-3.6275118512038462,0.21183634776454685,-199.78816365223554,0.2118363477645469,150.6550571463356,-104.8123418987598,2.060053990093265,151.08638426269331,-454.3810147824021,2.491381106450973,150.59994104581173,-904.8674579992837,2.004937889569397,0.046941488620585003,-199.95305851137948,0.04694148862058503
85,0.85,0.13102991325094307,700.131029913251,0.13102991325094293,0.148742488411756,550.1487424884117,0.14874248841175597,0.062460111938877766,300.06246011193883,0.06246011193887774,0.21780666402345847,400.21780666402344,0.21780666402345844,-0.4136957003385532,199.58630429966138,-0.4136957003385532,0.24700076125836706,100.24700076125825,0.24700076125836712,0.747240946465196,1000.636750880961,0.7230251523553158,-203.33769880258484,500.513352198147,0.33268475398126296,-352.65106053012966,404.65744189370173,0.8879099113049281,-448.93256724895605,196.24546702883185,-1.1912421986390087,-502.5400054943254,47.01937945791816,-2.3211761208671606,-4.001662864910578,-197.77682455646777,-3.3374925227878336,0.0015473486251784407,-199.99845265137492,0.0015473486251784269,0.15604736681397394,-199.84395263318612,0.1560473668139739,0.1486541586640258,-199.8513458413361,0.14865415866402576,0.06005084962823848,-199.93994915037186,0.06005084962823848,195.76767396086467,500.16047224950205,-0.020195194663688285,352.8390527578328,393.96750449394597,2.094510146681767,452.303626509035,204.01286465108797,-1.1783345050207306,501.0659855028242,45.73347851367937,1.8618347452254587,-2.712281980789476,-196.7250776803776,2.059195574128263,0.13118872953318353,-199.8688112704669,0.13118872953318333,0.6875332658822141,-199.31246673411786,0.6875332658822142,0.3303341924325311,-199.66966580756753,0.3303341924325311,0.1736027480794397,-199.8263972519206,0.1736027480794396,-151.9408769228092,-96.54854206595809,-3.4134798031364286,-152.04430518292554,-446.6519703260745,-3.5169080632527567,-152.36265461795983,-896.9703197611088,-3.835257498287065,0.25787031878470346,-199.74212968121537,0.25787031878470346,150.6340840330804,-104.5372706927624,2.1551185016273755,150.92571316802866,-454.24564155781417,2.446747636575642,150.64128148475731,-904.5300732410856,2.162315953304279,0.01822491989254893,-199.98177508010755,0.018224919892548958
86,0.86,0.1638299159304986,700.1638299159306,0.16382991593049837,0.3879622936009265,550.3879622936009,0.3879622936009264,0.11498473322516195,300.1149847332251,0.11498473322516192,0.296438204022491,400.2964382040225,0.2964382040224909,-0.5629844998400654,199.43701550015987,-0.5629844998400655,0.11189366684065061,100.11189366684056,0.11189366684065065,0.7712704708897915,1000.6668569484489,0.7509374113626566,-203.32612662393495,500.5009336275717,0.3863547354444016,-352.2762556120836,404.84664038674566,0.8619989428284431,-449.25694153251175,195.94978152042233,-1.427960575042805,-502.19878313126503,47.41053806800264,-2.3825549022419956,-3.8365987624072595,-197.93081675154122,-3.369308304869203,0.026743000371347192,-199.97325699962875,0.02674300037134715,0.1311973622527487,-199.86880263774736,0.1311973622527488,0.2573262773951312,-199.742673722605,0.25732627739513114,-0.011268037628319238,-200.01126803762838,-0.011268037628319238,195.695226642989,500.01938892823614,-0.09518996389114072,352.62906883122287,393.9187609719892,1.9797681472635542,452.3508719131583,203.67586907738846,-1.172367562462753,501.38291679118447,45.616248166064096,1.934700372142121,-2.9103979028170937,-196.50499373608932,2.011808614166461,0.1011578539040677,-199.898842146096,0.10115785390406751,0.7756454433916325,-199.22435455660846,0.7756454433916327,0.3694063818876151,-199.63059361811247,0.369406381887615,0.10182853853546153,-199.89817146146459,0.10182853853546134,-152.00540368871782,-96.92984729158889,-3.5996352155233984,-151.8837453493984,-446.8081889522696,-3.4779768762039867,-152.44382585979378,-897.368269462665,-4.038057386599347,0.26495235948584733,-199.73504764051424,0.26495235948584733,150.6278032660079,-104.23892608623902,2.262700911867756,150.61956019345564,-454.2471691587912,2.2544578393155006,150.57847016142733,-904.2882591908196,2.213367807287174,-0.022264274751624347,-200.0222642747517,-0.022264274751624347
87,0.87,0.18869518854905903,700.1886951885491,0.18869518854905887,0.4651360177638319,550.4651360177638,0.46513601776383184,0.16007603005628845,300.1600760300563,0.1600760300562884,0.28062405820605896,400.28062405820606,0.2806240582060589,-0.5941728019812271,199.40582719801876,-0.5941728019812271,-0.10049693667086983,99.89950306332908,-0.10049693667086981,0.8050984052399308,1000.7069552088865,0.7887506086572313,-203.35924504505732,500.43889408498825,0.3909671527692281,-351.9283038320841,404.9925495740881,0.7981708726040164,-449.61107776795893,195.63688607123635,-1.6863186663011436,-501.8779327934286,47.77173229949524,-2.4686047425795037,-3.6106670950506494,-198.05692517330527,-3.3520202940728083,0.027933819516263808,-199.97206618048378,0.02793381951626378,0.16122305603242332,-199.83877694396767,0.16122305603242326,0.26582300670633086,-199.73417699329377,0.26582300670633086,-0.0022767067948518127,-200.00227670679493,-0.0022767067948518127,195.63928019750273,499.8891696979329,-0.15875723428608007,352.3847661706932,393.8583712080829,1.8349126954609414,452.3397967127094,203.2843695169483,-1.2111219837051415,501.58991244416336,45.41835870899527,1.9018712753332738,-3.1225333944661435,-196.328065556048,1.9158946255669673,0.007073851401500075,-199.9929261485986,0.007073851401499923,0.7373931406987162,-199.26260685930134,0.7373931406987162,0.3463964191926244,-199.65360358080744,0.34639641919262437,0.0025251486619198293,-199.99747485133813,0.0025251486619196073,-152.09367813222005,-97.34339369275438,-3.8071911171452717,-151.69095271246536,-446.9406682729997,-3.404465697390573,-152.40847563941455,-897.658191199949,-4.121988624339772,0.1993044353250097,-199.8006955646751,0.1993044353250097,150.61331720731334,-103.94068083944532,2.359525785403976,150.2523217314925,-454.30167631526626,1.9985303095830922,150.46597699859714,-904.0880210481616,2.212185576687772,-0.04939228752932415,-200.04939228752937,-0.0493922875293242
88,0.88,0.1851477924217273,700.185147792422,0.1851477924217272,0.36164598554674315,550.3616459855468,0.3616459855467431,0.18571510634433636,300.18571510634433,0.18571510634433627,0.138939035058325,400.13893903505834,0.13893903505832494,-0.5011215766166208,199.49887842338336,-0.5011215766166207,-0.34744123407752603,99.65255876592245,-0.34744123407752603,0.844854172255057,1000.7531738952448,0.8325930738890093,-203.481808427798,500.2824753667003,0.30169259563351214,-351.6263885083056,405.07690995020494,0.6787497895193056,-449.92254331503955,195.37859077392417,-1.894399790031308,-501.61256083770036,48.06923475861211,-2.611389253918704,-3.404285698196958,-198.23417770194825,-3.3646231302482565,-0.03628899077045298,-200.03628899077052,-0.03628899077045302,0.21070334216063025,-199.78929665783943,0.21070334216063014,0.13940903731613627,-199.86059096268394,0.13940903731613627,0.08867019529371334,-199.91132980470633,0.08867019529371334,195.63743909156437,499.8074796310959,-0.17330313997089292,352.0650936380429,393.7444760087234,1.6183986549066829,452.3243284349734,202.89340355594157,-1.2404499080320548,501.68206182918897,45.136939839102865,1.7602971731465438,-3.3223173199341813,-196.1701262541851,1.7965358146965764,-0.07633341864769377,-200.07633341864778,-0.07633341864769391,0.5585874196672034,-199.44141258033284,0.5585874196672033,0.23502093061759588,-199.76497906938246,0.23502093061759594,-0.058205463585314254,-200.05820546358535,-0.05820546358531431,-152.1377770509052,-97.72075907406526,-3.967844141763545,-151.54389943441143,-447.12688145757147,-3.3739665252697923,-152.2209198742241,-897.8039018973841,-4.050986965082467,0.0402759475441829,-199.95972405245587,0.04027594754418291,150.54951591666523,-103.68414150615422,2.4041052042556794,149.94416468606758,-454.28949273675187,1.798753973657997,150.35528664934225,-903.8783707734773,2.2098759369326766,-0.06615751785994177,-200.06615751786,-0.06615751785994181
89,0.89,0.16039788442214709,700.1603978844223,0.160397884422147,0.16945752809690304,550.1694575280969,0.169457528096903,0.18701724129826233,300.1870172412983,0.18701724129826228,-0.08770708751846676,399.9122929124815,-0.08770708751846679,-0.27961464271708425,199.7203853572829,-0.2796146427170842,-0.5702223616615407,99.42977763833846,-0.5702223616615407,0.8782980547011003,1000.7932720071875,0.8702239371004516,-203.68255307238815,500.04294365256123,0.1297253333645298,-351.34097238527966,405.13022068843566,0.5348137649922782,-450.1541532788548,195.21142380529892,-2.015563620240942,-501.4064926184951,48.30070065741645,-2.8116435581164128,-3.25352380713249,-198.4970178062675,-3.4416259498531963,-0.14899801654259237,-200.14899801654263,-0.1489980165425924,0.22359512713339094,-199.7764048728667,0.2235951271333909,-0.03416472727887043,-200.03416472727895,-0.03416472727887046,0.22257465266764465,-199.77742534733238,0.22257465266764467,195.71027493045685,499.79495817255076,-0.11826014664592878,351.67497392987104,393.58112623056456,1.3346346913227352,452.31975615408663,202.51933385506385,-1.2448963050369248,501.72455267050896,44.839001004895536,1.5769209905098283,-3.467145299464642,-195.9905705975885,1.6953140566323448,-0.08478263130240118,-200.08478263130246,-0.08478263130240128,0.2770312883078805,-199.72296871169215,0.2770312883078804,0.10073286866728064,-199.8992671313328,0.1007328686672806,-0.04651951804323719,-200.04651951804328,-0.04651951804323726,-152.06092623146682,-97.98464976475759,-4.0044409167850805,-151.4811185766879,-447.40484210997863,-3.4246332620061213,-151.9327325906197,-897.8564561239104,-3.8762472759379674,-0.19269135378551316,-200.19269135378556,-0.19269135378551316,150.41114939927388,-103.49507497240799,2.37081231979343,149.79463237736462,-454.11159199431734,1.754295297884143,150.267115985627,-903.6391083860551,2.226778906146535,-0.08371038033301642,-200.08371038033312,-0.08371038033301648
90,0.9,0.12104772805984595,700.1210477280599,0.12104772805984584,0.03750329538200481,550.0375032953821,0.03750329538200481,0.17942748733117267,300.1794274873312,0.17942748733117259,-0.3101136515118316,399.6898863484882,-0.3101136515118317,0.03472337594197433,200.03472337594195,0.034723375941974374,-0.6989853350895353,99.30101466491048,-0.6989853350895353,0.8855437533857802,1000.8073618693817,0.8817556870775317,-203.87985738131027,499.8019293773448,-0.043376737925779354,-351.01932718401514,405.20620605268095,0.42065956833521134,-450.35567984810086,195.08492550210778,-2.100152983498886,-501.20124751856554,48.52617505036318,-3.007773910145147,-3.1146456904888353,-198.7998582431716,-3.537607876775809,-0.23404087430327844,-200.23404087430328,-0.23404087430327847,0.18123502422097892,-199.81876497577906,0.18123502422097884,-0.1328974653674915,-200.13289746536753,-0.13289746536749142,0.35830035743564304,-199.6416996425644,0.35830035743564304,195.8214154205398,499.81530804475557,-0.029998070514928102,351.2682335343774,393.4212162514167,1.036915556089356,452.36173169411853,202.19884586334075,-1.1886988258398117,501.78862000649065,44.59736783794351,1.4246138618623734,-3.516914612178332,-195.7510752660935,1.6515866322711166,-0.019920268602862404,-200.0199202686029,-0.01992026860286246,-0.007596232357451882,-200.0075962323575,-0.0075962323574519375,0.04891531671524629,-199.9510846832848,0.04891531671524624,0.04799757879184184,-199.9520024212082,0.04799757879184173,-151.81161357732077,-98.08301503015804,-3.8650925166900203,-151.4674829511797,-447.73888440401697,-3.520961890548946,-151.63532815939513,-897.9067296122325,-3.6888070987643906,-0.43367785996293434,-200.43367785996298,-0.43367785996293434,150.20917634735525,-103.36305843179912,2.270231419340997,149.81612068052033,-453.75611409863404,1.8771757525060841,150.1944368290183,-903.3777979501361,2.2554919010040373,-0.10866423853320364,-200.10866423853327,-0.10866423853320364
91,0.91,0.056598165428595124,700.0565981654287,0.056598165428595026,0.05454151041499017,550.0545415104151,0.05454151041499017,0.18491679923124266,300.1849167992313,0.18491679923124266,-0.44506115485647074,399.55493884514357,-0.4450611548564707,0.33576772122641996,200.3357677212264,0.33576772122642,-0.6939357211784992,99.30606427882154,-0.6939357211784993,0.859063430609936,1000.7879141752828,0.8596592151636957,-203.97705569911386,499.65611341769386,-0.1210058318604496,-350.6370900863566,405.3302547846393,0.3622403504525816,-450.6180317514883,194.90747241249107,-2.239670677032745,-500.92230293915503,48.82181030288419,-3.122146710771203,-2.9253717638018846,-199.0783541426386,-3.5884923751261057,-0.23560991004680565,-200.2356099100468,-0.23560991004680568,0.11497756965743677,-199.8850224303426,0.11497756965743663,-0.1279369302388898,-200.1279369302389,-0.12793693023888977,0.4688611929074392,-199.53113880709256,0.4688611929074391,195.89960935322011,499.79736016449175,0.02024091493749884,350.9012648177338,393.3201497640579,0.7810865846584254,452.51637139501804,201.99904628305285,-1.0056868727865536,501.8932481941242,44.43237352036624,1.3238645147780728,-3.473246031114716,-195.45480780539927,1.6632728524082268,0.0735635362825933,-199.92643646371744,0.07356353628259324,-0.1827399317682592,-200.18273993176828,-0.18273993176825937,0.1061594841642078,-199.8938405158358,0.10615948416420774,0.20824696230715112,-199.79175303769287,0.2082469623071511,-151.4267786919562,-98.05223800471751,-3.586365388721685,-151.4498310065588,-448.07529031932006,-3.609417703324275,-151.3971414217996,-898.0226007345609,-3.5567281185650756,-0.59529382406673,-200.59529382406674,-0.59529382406673,149.98040286689894,-103.25183930968548,2.1387979945568856,149.92473159366088,-453.30751058292356,2.083126721318828,150.1059830878229,-903.1262590887616,2.26437821548084,-0.14184033990681705,-200.14184033990682,-0.14184033990681705
92,0.92,-0.04206249821260595,699.9579375017875,-0.04206249821260599,0.17805865675885169,550.1780586567589,0.1780586567588516,0.203689958066067,300.2036899580661,0.203689958066067,-0.4555497879633913,399.5444502120366,-0.4555497879633913,0.5098758374460802,200.5098758374461,0.5098758374460802,-0.5909116450435723,99.40908835495648,-0.5909116450435723,0.81784272869902,1000.753913006036,0.8229188341807749,-203.94215617340862,499.6375092493443,-0.07122203735505195,-350.2295258596375,405.46815377721146,0.32589761170260395,-450.9829526784338,194.63658246166952,-2.4764751664740112,-500.55616942792165,49.202771789953424,-3.1381888797058988,-2.6812557874295817,-199.3257939873332,-3.5879389604059315,-0.18402241788355692,-200.18402241788354,-0.18402241788355694,0.06791135650508523,-199.93208864349498,0.06791135650508512,-0.09945587462115149,-200.09945587462119,-0.09945587462115141,0.5370840766954308,-199.4629159233046,0.5370840766954307,195.91079192348656,499.70713888454117,-0.0015924021581317019,350.58675048502164,393.28956812317404,0.5792706442988139,452.80936911104146,201.94657296692228,-0.6701692134283278,501.9963059365211,44.302985150067194,1.2339031113512966,-3.3938176134102607,-195.1607494035934,1.6725264603606282,0.164861312272055,-199.83513868772798,0.164861312272055,-0.210879346033514,-200.21087934603355,-0.21087934603351405,0.1789161922705034,-199.82108380772948,0.17891619227050332,0.3727446986081427,-199.6272553013919,0.37274469860814263,-151.0489693979792,-98.03429362200859,-3.310439225856566,-151.41984953068567,-448.4051737547152,-3.6813193585630852,-151.2311344891972,-898.2164587132268,-3.4926043170745893,-0.6157458015562404,-200.61574580155627,-0.6157458015562404,149.7614588312102,-103.12535749943402,2.01277644812409,150.00905293513784,-452.87776339550635,2.2603705520517474,149.95778053119767,-902.9290357994466,2.209098148111573,-0.18583810122691577,-200.18583810122692,-0.1858381012269158
93,0.93,-0.16226867924812016,699.8377313207519,-0.1622686792481202,0.27418172364499854,550.2741817236451,0.2741817236449985,0.20201693038492052,300.20201693038496,0.20201693038492052,-0.3560369159367202,399.64396308406333,-0.3560369159367202,0.520401891365993,200.52040189136602,0.5204018913659931,-0.4674501132461646,99.53254988675388,-0.4674501132461647,0.798208356899269,1000.741683417778,0.8078598657412581,-203.83732600408933,499.68397770750363,0.04376151958948223,-349.8777546393302,405.53985603325793,0.2321274583659645,-451.4142864403179,194.3076534399395,-2.7750429514882287,-500.1809453726456,49.59266357872197,-3.1309678065654043,-2.435538282444592,-199.59296850963545,-3.5872122819577683,-0.1740418058646902,-200.17404180586465,-0.1740418058646902,0.046569460819650854,-199.95343053918037,0.046569460819650854,-0.1361875986660387,-200.13618759866603,-0.13618759866603858,0.5448725967816375,-199.45512740321837,0.5448725967816372,195.89128741326545,499.5810645906755,-0.05915159723867461,350.2803454090169,393.28403622341324,0.38655251360512777,453.1732438707262,201.97483968731402,-0.24968670601193863,502.03241120729206,44.14466204615397,1.090556508264748,-3.364734563359793,-194.95605569970104,1.593369628486716,0.24340085917589274,-199.7565991408241,0.24340085917589283,-0.15494686335930133,-200.1549468633593,-0.1549468633593014,0.14167579885583892,-199.85832420114417,0.14167579885583892,0.452481365488742,-199.54751863451128,0.45248136548874196,-150.84246016974694,-98.19286851478796,-3.201226759899142,-151.40625022787395,-448.756658572915,-3.7650168180261367,-151.11531038536808,-898.4657187304092,-3.4740769755202563,-0.503705683547702,-200.5037056835477,-0.503705683547702,149.57202745588074,-102.96451432083545,1.9114910283489714,150.00805610160577,-452.5284856751104,2.347519674073989,149.73272431900256,-902.8038174577138,2.072187891470775,-0.24992642242667562,-200.24992642242668,-0.24992642242667562
94,0.94,-0.2768637183893808,699.7231362816107,-0.27686371838938073,0.23373150830810402,550.2337315083082,0.23373150830810394,0.1328162179427628,300.1328162179428,0.1328162179427628,-0.19711225200492488,399.8028877479951,-0.19711225200492483,0.4071352772224434,200.4071352772225,0.40713527722244336,-0.35958008338269376,99.64041991661736,-0.35958008338269376,0.8322032972952403,1000.7832666479992,0.84652384660846,-203.76908255293222,499.689035878195,0.11738764558670778,-349.66122953963276,405.4669987567961,0.0030970001144938475,-451.8494384285268,193.9825052409442,-3.073427167708319,-499.91879134550413,49.87103419664638,-3.2196907521832436,-2.24456341604861,-199.93360463187082,-3.6406156956373956,-0.2924708353785653,-200.29247083537857,-0.29247083537856533,0.01796485327722691,-199.9820351467228,0.017964853277226925,-0.2532186128179711,-200.25321861281796,-0.25321861281797103,0.4645252729290921,-199.53547472707092,0.464525272929092,195.89464397880403,499.47278839324997,-0.09885983935825961,349.9087535032304,393.22912356910626,0.1290583590337357,453.48603562046287,201.96272920930667,0.13368328837144514,501.9668579255723,43.9232778991829,0.8601668613958908,-3.4574417181405916,-194.91296224803,1.3547819511786794,0.2729873460254011,-199.72701265397458,0.27298734602540126,-0.0989273184714087,-200.0989273184714,-0.09892731847140884,-0.05075085174629814,-200.0507508517463,-0.050750851746298176,0.39698941393173515,-199.60301058606828,0.39698941393173504,-150.87204130120662,-98.59215170172367,-3.3231642911681476,-151.4299080650099,-449.15001846552707,-3.8810310549714235,-151.04658771485413,-898.7666981153714,-3.4977107048156437,-0.34962658444746925,-200.34962658444746,-0.3496265844474693,149.40359852333356,-102.77841777755704,1.8260804146686351,149.93370034177627,-452.24831595911434,2.356182233111359,149.47413777274957,-902.7078785281411,1.8966196640846786,-0.34025228831858,-200.34025228831857,-0.3402522883185801
95,0.95,-0.3689522368763125,699.6310477631238,-0.36895223687631246,0.06456576078147237,550.0645657607815,0.06456576078147233,-0.019054978264576944,299.9809450217354,-0.01905497826457689,-0.04806547372535028,399.9519345262746,-0.04806547372535025,0.22871698988385442,200.22871698988388,0.22871698988385442,-0.25510339252705116,99.74489660747297,-0.2551033925270513,0.9280821751867201,1000.8869154863996,0.9471638995424606,-203.80644705121057,499.5837033828766,0.08060144328798094,-349.60076587128765,405.2298698144364,-0.3803908683927255,-452.25681442132,193.6919447822409,-3.340693489417944,-499.83735981383666,49.971926957808044,-3.4691592042185224,-2.1258571292528896,-200.36246208292133,-3.7635869561079405,-0.5513341092976247,-200.5513341092976,-0.5513341092976247,-0.038719231247113545,-200.03871923124714,-0.038719231247113545,-0.4081972231723407,-200.40819722317235,-0.4081972231723406,0.27380187772888476,-199.72619812227111,0.27380187772888476,195.92008917335326,499.3816475447709,-0.12145439481774306,349.4293552750821,393.08103615518587,-0.23641406704472318,453.65358736717127,201.81687299202474,0.38560912436756367,501.82943983724107,43.66894225453831,0.573409087096642,-3.6826030764986717,-195.042659115085,0.9468199861397448,0.1739090131210042,-199.82609098687902,0.17390901312100435,-0.06735786396270954,-200.0673578639627,-0.06735786396270962,-0.33772196783761826,-200.3377219678376,-0.3377219678376182,0.25774127068898217,-199.74225872931106,0.25774127068898206,-151.0598600665275,-99.15367731317008,-3.5980542071448274,-151.4773761879298,-449.57119343457236,-4.015570328547087,-151.06662065776607,-899.1604379044086,-3.604814798383358,-0.276307755324691,-200.2763077553247,-0.2763077553246911,149.22018882068562,-102.60366055509732,1.7202195125914457,149.84102388227694,-451.9828254935061,2.3410545741827637,149.26012315197738,-902.5637262238056,1.7601538438832214,-0.44092534745962614,-200.44092534745965,-0.44092534745962614
96,0.96,-0.4433467222797016,699.5566532777203,-0.4433467222797016,-0.12948964817512623,549.8705103518249,-0.1294896481751262,-0.20581221890190443,299.79418778109806,-0.20581221890190432,0.03827145647203192,400.038271456472,0.03827145647203198,0.03602685803920913,200.03602685803924,0.036026858039209075,-0.16076704403291014,99.83923295596708,-0.16076704403291023,1.0571700171794332,1001.0239530334961,1.0811034918860845,-203.9342843919995,499.38316256964015,-0.05148941824992884,-349.6161708946057,404.9097736561815,-0.8365332073186826,-452.6388981104205,193.4326922212726,-3.5799947164405763,-499.8831340131115,49.950521241047255,-3.823131772869063,-2.035697462748016,-200.8329234949751,-3.910286831831287,-0.8536437687275021,-200.85364376872752,-0.8536437687275021,-0.08136060720251811,-200.08136060720256,-0.08136060720251811,-0.5484599239457044,-200.5484599239457,-0.5484599239457044,0.002774138359602607,-199.9972258616404,0.0027741383596024405,195.91790246827324,499.25803784666874,-0.17661414122127883,348.8846189252084,392.88103200852,-0.6679816523683353,453.66029867518796,201.5224024812727,0.4902586777307113,501.69728582077414,43.45883556175601,0.3081214392418815,-3.950321993240985,-195.2555082703656,0.46039371330205675,-0.11320569053262226,-200.11320569053262,-0.1132056905326222,-0.04123302319130592,-200.0412330231913,-0.041233023191306034,-0.606694696153238,-200.60669469615323,-0.606694696153238,0.17328398927063668,-199.8267160107294,0.17328398927063662,-151.24785694839596,-99.71876242547364,-3.8675025596789308,-151.4958699347787,-449.9667754118564,-4.115515546061646,-151.21536186035874,-899.6862673374364,-3.835007471641698,-0.3417971163278576,-200.34179711632788,-0.3417971163278577,149.00161691757134,-102.46104363798432,1.5733955794409908,149.7803801745572,-451.68228038099846,2.352158836426856,149.13553366477873,-902.327126890777,1.7073123266483914,-0.5057730927939874,-200.505773092794,-0.5057730927939874
97,0.97,-0.5155792417415296,699.4844207582585,-0.5155792417415296,-0.2607450653765535,549.7392549346235,-0.2607450653765535,-0.3449582767980785,299.65504172320186,-0.3449582767980784,0.06986367103123706,400.06986367103127,0.0698636710312371,-0.12121340596994987,199.87878659403006,-0.12121340596994992,-0.11506312917441638,99.88493687082554,-0.11506312917441648,1.1635426931479504,1001.1384531431383,1.1924168780491475,-204.07930650598158,499.16075511215877,-0.20561802516241834,-349.55003600609325,404.66523481422144,-1.2063251688970715,-453.0052064220294,193.19442937605368,-3.801523132593484,-499.9244774296787,49.94006346065821,-4.147396868269026,-1.8745918892514726,-201.24249262526143,-3.9790952900376304,-1.0335441008965085,-201.03354410089653,-1.0335441008965085,-0.02992402212155424,-200.02992402212163,-0.02992402212155431,-0.6204574405953966,-200.62045744059543,-0.6204574405953964,-0.25162414576055775,-200.25162414576062,-0.2516241457605579,195.86135274573297,499.07535101857286,-0.2910221187482717,348.38642599540793,392.7397513750218,-1.054347584113667,453.5620333765538,201.13585485961505,0.5032075966891639,501.62555060548726,43.34790177343281,0.11999321427858611,-4.105251283652931,-195.39615303530348,0.05215067971340587,-0.5422721193595115,-200.5422721193595,-0.5422721193595115,-0.0217446767411337,-200.02174467674115,-0.02174467674113382,-0.7597575130853934,-200.7597575130854,-0.7597575130853935,0.25706391563524705,-199.74293608436483,0.257063915635247,-151.30425440763509,-100.154997471933,-3.999409169110654,-151.41708477605735,-450.26782784035527,-4.112239537532917,-151.46320758130594,-900.3139506456039,-4.158362342781477,-0.4747094920187118,-200.47470949201875,-0.47470949201871193,148.79297382257352,-102.30610401310915,1.4303802142466986,149.75579918637624,-451.34327864930646,2.3932055780494257,149.07351495294614,-902.0255628827366,1.7109213446193177,-0.48238670552923885,-200.48238670552928,-0.4823867055292389
98,0.98,-0.5956998302795236,699.4043001697205,-0.5956998302795236,-0.3332941341172069,549.6667058658828,-0.3332941341172068,-0.39484254416239056,299.60515745583757,-0.3948425441623905,0.10099095216132328,400.10099095216134,0.10099095216132331,-0.2088237434232454,199.79117625657676,-0.20882374342324544,-0.13208838052686778,99.86791161947309,-0.1320883805268679,1.206501613637872,1001.1897151204985,1.2404037974578772,-204.1864144493606,498.9716398877749,-0.32670026103396504,-349.2870473795207,404.61268297578505,-1.37287653074925,-453.36317342293796,192.9689195439816,-4.013391439085623,-499.8747318505376,50.0287499580498,-4.352892916470306,-1.5591513767076979,-201.50469025384405,-3.8845048083009814,-0.9836296430186843,-200.98362964301867,-0.9836296430186844,0.13210375723404782,-199.867896242766,0.13210375723404774,-0.5803001545703604,-200.58030015457038,-0.5803001545703603,-0.40316527122971824,-200.40316527122974,-0.4031652712297184,195.78577588989532,498.8690521571141,-0.42928799169490206,348.0191033603231,392.7402533301873,-1.3117666582732,453.4316129081663,200.73066467331967,0.4969334118443284,501.5909943633683,43.31243193235304,-0.013856946370127854,-4.054933700298563,-195.37186005443579,-0.18387259938130796,-0.9662729407620871,-200.9662729407621,-0.9662729407620871,-0.03848458509235972,-200.0384845850924,-0.038484585092359885,-0.755783104731339,-200.75578310473134,-0.7557831047313393,0.4828465266227081,-199.51715347337733,0.482846526622708,-151.19511882601358,-100.42780985660261,-3.959530881856441,-151.22187312811502,-450.4545641587041,-3.9862851839578655,-151.70291044410612,-900.9356014746952,-4.467322499948971,-0.5253379359113192,-200.52533793591135,-0.5253379359113192,148.67577585286696,-102.05796013026512,1.3723835410698089,149.70732386269424,-451.02641212043784,2.403931550897087,149.01024584257178,-901.7234901405603,1.7068535307746242,-0.36204440008338673,-200.3620444000834,-0.3620444000833868
99,0.99,-0.6798908827607,699.3201091172393,-0.6798908827607,-0.40196994479941967,549.5980300552006,-0.4019699447994197,-0.3968457281390183,299.60315427186094,-0.3968457281390183,0.15184848761479536,400.15184848761487,0.1518484876147954,-0.23731712170235253,199.76268287829765,-0.23731712170235264,-0.186071433160848,99.81392856683912,-0.1860714331608481,1.195952743022886,1001.1876427358538,1.2349684882849141,-204.25856973813728,498.812921600482,-0.4177061041413901,-348.875723229089,404.70471147909143,-1.383154770957997,-453.7200565678114,192.74810494692338,-4.2235360316311406,-499.7600078107789,50.19191816496203,-4.46351975176886,-1.113690951752854,-201.6406773452334,-3.648740409138106,-0.758598256642016,-200.75859825664202,-0.7585982566420161,0.29255337774816836,-199.70744662225187,0.29255337774816825,-0.4380889711980889,-200.4380889711981,-0.43808897119808876,-0.46045564398062233,-200.46045564398065,-0.4604556439806226,195.7529767053423,498.7010815131574,-0.5295461914660102,347.7725219616923,392.8711191942215,-1.4509438521310276,453.2988069254984,200.33715299079586,0.5008071524366955,501.5186746727163,43.276762204263036,-0.16818866644069708,-3.8608654359780434,-195.2435864257229,-0.30732458430532944,-1.237831852714843,-201.23783185271483,-1.237831852714843,-0.09858678928786827,-200.0985867892879,-0.09858678928786836,-0.6226346301131955,-200.62263463011317,-0.6226346301131955,0.6949468494782689,-199.30505315052176,0.6949468494782689,-150.98137803110092,-100.59748317401036,-3.8085003850096504,-150.9793993404214,-450.5955044833309,-3.806521694330116,-151.80585390090653,-901.4219590438162,-4.632976254815259,-0.39784894457843567,-200.3978489445785,-0.3978489445784358,148.67972254563514,-101.68755229711732,1.4288134090198243,149.5461598704556,-450.82111497229687,2.295250733840271,148.91072454573947,-901.4565502970131,1.6598154091241293,-0.20539864947365122,-200.2053986494737,-0.20539864947365127
100,1.0,-0.745184697034629,699.2548153029654,-0.7451846970346291,-0.4826626836539676,549.5173373163461,-0.4826626836539675,-0.43300213780658553,299.56699786219343,-0.43300213780658564,0.17693456264247542,400.1769345626425,0.17693456264247537,-0.2513780846854247,199.74862191531463,-0.2513780846854249,-0.2574673378303599,99.74253266216965,-0.2574673378303601,1.1721267235527626,1001.1724643492948,1.2163398120957576,-204.30463647267527,498.6758086048907,-0.487501723674927,-348.49645862990735,404.76202831361996,-1.4160355984659323,-454.0636676075045,192.54337946714276,-4.420444953776148,-499.6509046636753,50.360308988494864,-4.5478782265677085,-0.6576769265391114,-201.76672544849248,-3.3892264040308864,-0.523904623165094,-200.5239046231651,-0.523904623165094,0.2898519464325461,-199.71014805356748,0.28985194643254586,-0.267685468223893,-200.26768546822387,-0.26768546822389305,-0.4903865513021907,-200.4903865513022,-0.4903865513021909,195.80381138774655,498.6124368126328,-0.5508735159327992,347.59418540083135,393.078545849575,-1.5249430560614194,453.14266420526735,199.93485710880066,0.49342547855769014,501.3578198415726,43.18915528563451,-0.3937643937295454,-3.6673183511858056,-195.1548076531464,-0.4603736254805202,-1.3002761980073894,-201.3002761980074,-1.3002761980073894,-0.15508039002835664,-200.1550803900284,-0.15508039002835672,-0.43686233475977065,-200.43686233475975,-0.43686233475977077,0.7395195182304984,-199.26048048176955,0.7395195182304983,-150.76522740732844,-100.76556503307035,-3.648233576840318,-150.7911010105261,-450.791438636268,-3.6741071800379834,-151.69172920644468,-901.6920668321866,-4.574735375956581,-0.12792250365695285,-200.12792250365698,-0.12792250365695293,148.74720690747603,-101.25313071826588,1.5417868999019189,149.23946218853956,-450.76087543720234,2.0340421809654607,148.7907729341744,-901.2095646915676,1.5853529266003017,-0.09396837538190088,-200.0939683753819,-0.09396837538190092
101,1.01,-0.7479993263577998,699.2520006736423,-0.7479993263577998,-0.5295298628678665,549.4704701371322,-0.5295298628678665,-0.5398804985809317,299.4601195014191,-0.5398804985809318,0.14081337372756014,400.1408133737276,0.14081337372756014,-0.2796293289348487,199.7203706710652,-0.27962932893484876,-0.34723116749686533,99.65276883250317,-0.34723116749686544,1.1526180954167686,1001.1617721314831,1.2021104745359321,-204.27588175760167,498.6091124261713,-0.4873498800306917,-348.2733758229976,404.6616017135915,-1.59415884477293,-454.33374728926674,192.41421752790168,-4.54452966982229,-499.5511243814923,50.53143647750464,-4.607901973800866,-0.2850578478975597,-201.97357120126688,-3.1979367270466295,-0.395978790493349,-200.39597879049336,-0.395978790493349,0.0734207120439902,-199.92657928795603,0.07342071204399009,-0.14018045461558434,-200.14018045461557,-0.14018045461558437,-0.515342567647691,-200.51534256764774,-0.515342567647691,195.95069848109637,498.61568405544233,-0.4807782507596202,347.46977310355743,393.3468936571735,-1.54864126226762,452.9493115112549,199.51032848345545,0.46041099977172567,501.1162242886493,43.05620580816139,-0.6829502500230421,-3.542035427623447,-195.17222086990648,-0.7084182586882295,-1.1926168772549075,-201.19261687725492,-1.1926168772549075,-0.1366163757713107,-200.13661637577133,-0.1366163757713107,-0.28641458592863556,-200.28641458592864,-0.28641458592863556,0.5817272974963743,-199.41827270250366,0.5817272974963742,-150.6297449537539,-101.01448383974156,-3.561545848468544,-150.69189020635847,-451.07662909234614,-3.623691101073085,-151.37450206865464,-901.7592409546423,-4.30630296336926,0.1706790274714063,-199.8293209725286,0.17067902747140623,148.78929851511987,-100.8442706710248,1.6221146515961407,148.87127898372052,-450.7622902024242,1.7040951201968193,148.6863007991527,-900.9472683869922,1.519116935628972,-0.051077267796201295,-200.05107726779624,-0.05107726779620131
102,1.02,-0.6329901181127751,699.3670098818874,-0.6329901181127751,-0.48862123155235593,549.5113787684477,-0.48862123155235593,-0.6585258725326355,299.3414741274674,-0.6585258725326355,0.09706553718044267,400.09706553718047,0.09706553718044267,-0.29860671506561365,199.70139328493445,-0.29860671506561365,-0.4271418163220239,99.57285818367802,-0.42714181632202397,1.1099196383569554,1001.128056405997,1.1647713675931073,-204.10104403550093,498.68417935755576,-0.3459782476716526,-348.1383531031365,404.47262726206066,-1.8479627944873458,-454.42923178020584,192.46091117238646,-4.495388601075318,-499.3856684276801,50.781375588207105,-4.567070501806139,0.01701665768094221,-202.2451589142312,-3.0601328522400486,-0.3527639824142414,-200.35276398241427,-0.3527639824142414,-0.2309005521325832,-200.2309005521326,-0.23090055213258334,-0.06245101181335252,-200.06245101181332,-0.062451011813352594,-0.49095375214385084,-200.49095375214387,-0.4909537521438509,196.1834149582931,498.7007534294481,-0.3294041757792826,347.4173472950071,393.69289819084133,-1.5045189847333353,452.7738764409574,199.11905490553306,0.45633679317196,500.8480077122689,42.93061137790761,-0.9819514968003782,-3.411510134311156,-195.2210339479846,-0.9753834575450155,-0.9852889157169711,-200.98528891571698,-0.9852889157169712,0.002189560291120017,-199.99781043970893,0.002189560291120017,-0.2347285259043681,-200.23472852590436,-0.2347285259043681,0.31579315574375927,-199.68420684425627,0.3157931557437592,-150.58814788632827,-101.35680713023964,-3.561409869360485,-150.61465185741997,-451.38331110133134,-3.587913840452178,-150.950642001851,-901.7193012457625,-3.923903984883257,0.419044489017392,-199.58095551098262,0.4190444890173919,148.7704512647286,-100.49716302663977,1.634009789288509,148.60317068763467,-450.66444360373373,1.4667292121946054,148.63000981517544,-900.637604476193,1.4935683397353658,-0.025648727553963496,-200.025648727554,-0.02564872755396344
103,1.03,-0.35929102621918224,699.640708973781,-0.3592910262191823,-0.34604461478559934,549.6539553852144,-0.3460446147855993,-0.6671695463645243,299.3328304536355,-0.6671695463645243,0.15443201756518032,400.1544320175651,0.15443201756518035,-0.24777522055785506,199.7522247794422,-0.24777522055785506,-0.41314027571752787,99.58685972428252,-0.413140275717528,0.999571961956473,1001.026855240385,1.0598611605590953,-203.78399700531122,498.897226464548,-0.0672433314918808,-347.91492833442305,404.3726204759945,-1.9995929794217857,-454.27761059801236,192.7552155423639,-4.201162221566181,-499.08570868544393,51.17987721193444,-4.355294459571006,0.3207859091435529,-202.50607427134577,-2.901792350786369,-0.28859669265089405,-200.28859669265097,-0.2885966926508941,-0.42143986664612676,-200.42143986664615,-0.42143986664612676,0.0009113592506485302,-199.99908864074936,0.0009113592506484886,-0.3668544143204653,-200.36685441432047,-0.3668544143204653,196.46491403098315,498.8307569455984,-0.13371285044142464,347.44119243480463,394.11951442246504,-1.3888182715048067,452.7202188204997,198.86519148817007,0.5844596827442319,500.64167692025626,42.89924801364744,-1.2027438136986017,-3.1522847993787253,-195.17627549946022,-1.1350378085982715,-0.7167488993906097,-200.71674889939064,-0.7167488993906098,0.2529069884458731,-199.74709301155414,0.25290698844587306,-0.2859814739632209,-200.2859814739632,-0.2859814739632208,0.09232681432281797,-199.90767318567723,0.09232681432281792,-150.57175509240102,-101.72320575652176,-3.578919179328863,-150.44903259681638,-451.60048326093715,-3.4561966837442286,-150.52769068340726,-901.6791413475282,-3.5348547703351185,0.6184371053421445,-199.38156289465786,0.6184371053421445,148.743959289643,-100.15915660309302,1.6305449793656002,148.5568263966273,-450.34628949610885,1.4434120863499094,148.65237571619454,-900.2507401765416,1.538961405917162,0.05154239562293088,-199.9484576043771,0.051542395622930975
104,1.04,0.052790416762264925,700.0527904167623,0.05279041676226487,-0.12911475093225497,549.8708852490678,-0.12911475093225494,-0.4835495114207803,299.5164504885792,-0.4835495114207804,0.36730525199366754,400.36730525199357,0.36730525199366754,-0.08180977743233142,199.91819022256772,-0.08180977743233131,-0.2256750873811666,99.77432491261885,-0.22567508738116673,0.8065942690701179,1000.8431852103971,0.8723970641586913,-203.43005048797585,499.1430406333609,0.2435686607508828,-347.51792366573545,404.44778831491897,-1.9625319888409576,-453.9249300113494,193.2503487800215,-3.708533687523387,-498.6559444236934,51.72299862008173,-3.976284921313569,0.6638490075639479,-202.71559700571274,-2.683655970952806,-0.11784187817010905,-200.11784187817017,-0.11784187817010916,-0.3765657309652372,-200.37656573096524,-0.3765657309652372,0.06819152595931227,-199.93180847404074,0.06819152595931216,-0.13508644441833978,-200.13508644441836,-0.1350864444183397,196.74675047349538,498.95741357927216,0.05794160666212483,347.52397997632414,394.6080862038503,-1.2193754569246171,452.840092462125,198.80072228097444,0.8958840879025955,500.5834601355052,43.04651967588618,-1.259730658873417,-2.721201225531612,-194.99305890375456,-1.1412647027515888,-0.3974588633954009,-200.3974588633954,-0.39745886339540093,0.5436263619727946,-199.45637363802723,0.5436263619727945,-0.36645532328979963,-200.36645532328978,-0.36645532328979963,0.030308984736357514,-199.9696910152637,0.030308984736357403,-150.4960093961447,-102.02847787671055,-3.5293115407785556,-150.15340276566428,-451.68587124623014,-3.186704910298125,-150.16165869205727,-901.6941271726232,-3.1949608366911413,0.7922897730772026,-199.2077102269228,0.7922897730772025,148.79996465161094,-99.74074875047698,1.7016612060676524,148.72439544882707,-449.81631795326086,1.626092003283822,148.75900643734084,-899.7817069647471,1.6607029917975675,0.20429108490282027,-199.79570891509724,0.20429108490282033
105,1.05,0.4840165656160566,700.484016565616,0.4840165656160566,0.10917791741226082,550.1091779174122,0.10917791741226082,-0.15141622458380888,299.84858377541616,-0.15141622458380893,0.6696414684365105,400.66964146843645,0.6696414684365106,0.1812535230535697,200.18125352305358,0.18125352305356976,0.11247616178050035,100.11247616178048,0.11247616178050027,0.5752215614833495,1000.6212786064789,0.6466120369313431,-203.16631288044067,499.2946160225679,0.45937934884079334,-347.04012196179843,404.60634911159354,-1.8282807927351257,-453.55055978884036,193.76622846041704,-3.1974928910938836,-498.17812322063253,52.32957152888615,-3.511084494841617,1.0117951658758588,-202.90509367262516,-2.438614388462788,0.16505725635238483,-199.83494274364767,0.16505725635238466,-0.1284113878717075,-200.12841138787178,-0.12841138787170758,0.11789502442183059,-199.88210497557822,0.11789502442183047,0.15389582992110715,-199.84610417007895,0.1538958299211072,196.99976564210084,499.0517340992752,0.21649742554806695,347.62543185878894,395.1170144364072,-1.0369552561890607,453.0574129183395,198.84972814321463,1.3138320679702058,500.6704248522086,43.367492824585895,-1.156615733171795,-2.1968445673542805,-194.7480412599318,-1.0695284014391153,-0.0759795435945699,-200.0759795435946,-0.07597954359456996,0.741421979212143,-199.2585780207879,0.741421979212143,-0.37269733554202744,-200.37269733554206,-0.37269733554202744,0.1488823571526087,-199.85111764284744,0.14888235715260853,-150.36140759171613,-102.27248070128168,-3.4129000032123855,-149.82904365407984,-451.7401167636454,-2.880536065576098,-149.87013426344453,-901.7812073730101,-2.921626674940791,0.9072665544287241,-199.0927334455713,0.907266554428724,148.95762268807852,-99.22341829234672,1.8663341486787963,148.97578501214005,-449.2052559682852,1.8844964727403264,148.8840004248993,-899.2970405555261,1.7927118854995976,0.376215135860424,-199.62378486413962,0.376215135860424
106,1.06,0.7425464990449084,700.7425464990449,0.7425464990449084,0.29302827008169097,550.2930282700815,0.29302827008169097,0.17145661859699174,300.17145661859695,0.17145661859699168,0.9075380523668611,400.90753805236676,0.9075380523668612,0.4459482484595239,200.4459482484595,0.44594824845952385,0.43969259981030684,100.43969259981023,0.43969259981030673,0.4053338127418612,1000.4610126074701,0.4823839588074761,-203.0582219159561,499.2866232001067,0.5147873954025325,-346.668384168385,404.662411719745,-1.782480778574881,-453.368132561975,194.08853527614127,-2.8822732148276815,-497.78317343901256,52.869060298656336,-3.090207749192494,1.2753446065019252,-203.16089925146872,-2.254583387386464,0.4648799989575617,-199.53512000104251,0.46487999895756155,0.1712833477102644,-199.82871665228976,0.17128334771026435,0.10525795727375,-199.89474204272634,0.10525795727374998,0.3882735538415282,-199.6117264461585,0.3882735538415282,197.2067794808998,499.09671287602544,0.3248770713212636,347.6572692716758,395.556710450771,-0.9302996735744525,453.20452796111664,198.84465760205012,1.6699162828586573,500.7571277422038,43.714564355564434,-1.0397421576361434,-1.7284491027550515,-194.5883457631797,-1.065803435940624,0.1265143489174822,-199.87348565108258,0.12651434891748223,0.6961469111172401,-199.30385308888282,0.6961469111172401,-0.27680522205980396,-200.27680522205983,-0.27680522205980396,0.3394404575482632,-199.66055954245178,0.339440457548263,-150.26754474272474,-102.55417648763964,-3.3291181739205777,-149.665623153328,-451.9522548982429,-2.7271965845238535,-149.68790860913316,-901.9745403540481,-2.749482040329009,0.8669271171630404,-199.133072882837,0.8669271171630403,149.10615555380744,-98.71857029073402,2.013628692872058,149.13512560088594,-448.68960024365555,2.0425987399505416,148.8959669933185,-898.9287588512232,1.8034401323830966,0.43864838711960663,-199.56135161288046,0.4386483871196067
107,1.07,0.6706661978831909,700.6706661978833,0.6706661978831909,0.33002819576177783,550.3300281957617,0.3300281957617777,0.3148616494790162,300.314861649479,0.3148616494790162,0.9358038990815034,400.9358038990814,0.9358038990815034,0.5763516710067371,200.5763516710067,0.576351671006737,0.5368815447389551,100.53688154473889,0.5368815447389549,0.4073939717817561,1000.4728472851386,0.49017363550925097,-203.1086956593693,499.11625803705294,0.40691747742916007,-346.55440890957834,404.4652125938137,-1.9756777822571105,-453.4986933579297,194.09556640572993,-2.884498553712604,-497.59577827011765,53.21698034377718,-2.838220898312294,1.358134603862244,-203.57655281115493,-2.226732737072967,0.6095769586726615,-199.39042304132738,0.6095769586726612,0.3370853224516598,-199.6629146775484,0.33708532245165973,-0.004777226167929957,-200.004777226168,-0.004777226167930082,0.4384603810166844,-199.56153961898337,0.4384603810166845,197.32929040038047,499.05402755521027,0.34468699558650906,347.4989204243314,395.8053083122272,-1.0204180018882354,453.13967363739346,198.64378354356188,1.8215987122243873,500.6236102271941,43.86547637066709,-1.1300848685094242,-1.450294901389761,-194.64597636215223,-1.2609961560053504,0.0898877734668708,-199.91011222653316,0.08988777346687069,0.33225691304796645,-199.66774308695207,0.33225691304796634,-0.17978631607024556,-200.17978631607028,-0.17978631607024564,0.41718299803396514,-199.58281700196608,0.41718299803396497,-150.30954316982277,-102.96806319901708,-3.372950112198135,-149.7845452302501,-452.44306525944444,-2.847952172625444,-149.67304253509684,-902.3315625642913,-2.736449477472194,0.5899373657223077,-199.41006263427772,0.5899373657223077,149.07539673805263,-98.3969898594666,1.9732443529730088,149.06261639960496,-448.40977019791427,1.9604640145253533,148.68924429517307,-898.7831423023463,1.5870919100934395,0.2679996097883318,-199.7320003902117,0.2679996097883317
108,1.08,0.26831010266107597,700.2683101026612,0.268310102661076,0.15322031605063782,550.1532203160506,0.15322031605063766,0.2048901682449174,300.2048901682449,0.20489016824491735,0.7188539328042443,400.7188539328041,0.7188539328042443,0.48735059363335187,200.48735059363335,0.48735059363335165,0.29160149538188956,100.29160149538185,0.29160149538188934,0.6255784657109433,1000.7009561078978,0.7141553021260918,-203.30068945928144,498.8006846364076,0.15286329220163877,-346.73702293011104,403.9768221998511,-2.445616709951004,-453.92112820255625,193.80780965376889,-3.183609515346874,-497.65445967413893,53.334808503122716,-2.79382900710074,1.2394694917107099,-204.17006823759448,-2.3747497966742612,0.46139308493517756,-199.53860691506486,0.4613930849351772,0.2516958600185798,-199.74830413998149,0.2516958600185797,-0.19683751631085122,-200.1968375163109,-0.19683751631085136,0.258477170102522,-199.74152282989755,0.25847717010252225,197.32960672759117,498.8861702961094,0.23834895190343167,347.0915999033698,395.80274861784903,-1.3665053406495304,452.84287657638663,198.2271064076208,1.7480957988976398,500.13174292354205,43.67968081798574,-1.5668931527468328,-1.3966037153116084,-194.95273286459107,-1.6858665551319496,-0.1843468725296979,-200.18434687252972,-0.1843468725296979,-0.28129461848272164,-200.28129461848275,-0.28129461848272175,-0.2262154926616846,-200.22621549266174,-0.22621549266168467,0.24958812973862415,-199.75041187026142,0.24958812973862382,-150.47829488176137,-103.50441857725559,-3.5351735981597647,-150.13149045178744,-453.15761414728166,-3.188369168185809,-149.8449332852345,-902.8710569807287,-2.9018120016328943,0.10888302121108456,-199.89111697878894,0.10888302121108447,148.7824142288294,-98.34221736005014,1.6621392723974635,148.7178834972024,-448.4067480916772,1.5976085407704574,148.28173093713343,-898.842900651746,1.1614559807015297,-0.13497245630558108,-200.1349724563056,-0.13497245630558113
109,1.09,-0.26599295904778625,699.7340070409523,-0.26599295904778636,-0.20565352170434376,549.7943464782957,-0.20565352170434387,-0.09125389747913215,299.9087461025208,-0.09125389747913232,0.36899812318907715,400.36899812318904,0.3689981231890771,0.23084948707656708,200.23084948707657,0.2308494870765669,-0.1852808422750083,99.81471915772497,-0.18528084227500846,0.980779471966298,1001.0662282139347,1.075218896089237,-203.59928377848564,498.37494737561065,-0.21240032376804266,-347.11471108694747,403.29961206478754,-3.089775439677961,-454.50431037349256,193.35579977164343,-3.6490073880444145,-497.8764971220999,53.30506052618253,-2.8747955832470105,1.033055510512943,-204.82521897483306,-2.5841168339522955,0.056697124215520395,-199.94330287578452,0.05669712421552006,-0.048774551787516496,-200.04877455178752,-0.04877455178751672,-0.3953410618237939,-200.39534106182384,-0.3953410618237941,-0.04863263752029795,-200.04863263752034,-0.048632637520297894,197.24221856136083,498.6278194082785,0.0404717088997415,346.5236988385092,395.6361729897928,-1.8805504219732647,452.4200301316613,197.70043146404237,1.554457589045033,499.34927086137,43.222405725199415,-2.2836315604844186,-1.4642005693251785,-195.40289280059187,-2.2337166424779733,-0.5447453602996254,-200.54474536029966,-0.5447453602996255,-0.9497847997581432,-200.94978479975816,-0.9497847997581433,-0.4483934419086818,-200.4483934419087,-0.44839344190868186,-0.1390236326764187,-200.13902363267644,-0.139023632676419,-150.66669607009385,-104.05553624397356,-3.708595392272442,-150.51333080859428,-453.90217098247405,-3.555230130772859,-150.13215390514466,-903.5209940790246,-3.174053227323246,-0.398186693871307,-200.3981866938713,-0.39818669387130723,148.31181077836828,-98.4702465316884,1.1648312523010058,148.1905148240066,-448.59154248605006,1.0435352979393338,147.81947942558867,-898.9625778844681,0.6724998995213581,-0.5985353337129985,-200.59853533371302,-0.5985353337129987
110,1.1,-0.6322012845748307,699.3677987154252,-0.6322012845748308,-0.5789084414469474,549.4210915585531,-0.5789084414469478,-0.3968193198267088,299.60318068017324,-0.396819319826709,0.08266799165305883,400.0826679916531,0.08266799165305871,-0.02182431744868238,199.97817568255132,-0.021824317448682684,-0.608992791552727,99.39100720844726,-0.6089927915527271,1.2937983785183833,1001.3894618724161,1.3941635182168088,-203.91530461602574,497.92835034958205,-0.5996378760493504,-347.46309597735046,402.6587723873971,-3.6828480755618287,-455.06163677965117,192.92558447233944,-4.094588362429409,-498.1133473040775,53.2758695532507,-2.9333606978914046,0.9306880965551751,-205.34786901488292,-2.662434330317093,-0.38257049743373506,-200.38257049743373,-0.3825704974337354,-0.38076942246925205,-200.38076942246926,-0.3807694224692522,-0.5101535890495709,-200.5101535890496,-0.5101535890495711,-0.2860311852831393,-200.2860311852832,-0.2860311852831392,197.1866966861044,498.3987380404013,-0.12925018523014023,346.00368825986527,395.5128316320621,-2.3544303702965603,452.0368558319805,197.22933163760553,1.405532331921831,498.5346760155302,42.749539378277326,-3.023102802220621,-1.4702104629685184,-195.81092927853305,-2.7181145579265613,-0.7939028204733802,-200.7939028204734,-0.7939028204733803,-1.439207133710238,-201.43920713371028,-1.4392071337102381,-0.706157213738225,-200.7061572137382,-0.7061572137382253,-0.5794903183371058,-200.57949031833712,-0.5794903183371062,-150.74611698517447,-104.49219714223062,-3.7645217994260514,-150.716780344646,-454.46286050170215,-3.7351851588975773,-150.39035474346645,-904.1364349005227,-3.4087595577180134,-0.6907841275729589,-200.69078412757295,-0.6907841275729592,147.86389426199196,-98.58135256874719,0.6815687968466887,147.6683742506313,-448.7768725801079,0.48604878548602914,147.48173639560025,-898.9635104351388,0.29941093045498995,-0.8809432398691945,-200.88094323986923,-0.8809432398691946
111,1.11,-0.6223393928821291,699.377660607118,-0.6223393928821292,-0.7388267144779883,549.2611732855221,-0.7388267144779884,-0.5167740511507426,299.4832259488492,-0.5167740511507427,0.01205464840745088,400.01205464840757,0.012054648407450741,-0.11540662318374606,199.88459337681627,-0.11540662318374624,-0.7100241530535912,99.2899758469464,-0.7100241530535915,1.3918785020678235,1001.4978972027227,1.4982301517731864,-204.1163673636558,497.5934133716612,-0.8763971365690502,-347.52939960014754,402.3078478239657,-3.9712099382444253,-455.4126748686497,192.697079728186,-4.34038841681763,-498.23962275225256,53.37200766644618,-2.8452155822467935,1.063479646931009,-205.60476195013734,-2.478202124543438,-0.60711169011596,-200.60711169011594,-0.6071116901159603,-0.5466885246578735,-200.5466885246579,-0.5466885246578737,-0.4948093061555499,-200.49480930615556,-0.4948093061555501,-0.2965707310039509,-200.29657073100395,-0.2965707310039508,197.28259952962895,498.3186809070057,-0.15112960122460609,345.7201846583979,395.6201529472959,-2.5998433928863864,451.8360653037592,196.95631103736395,1.4431316902034967,497.9700854764727,42.54056058323204,-3.5045244537187203,-1.2743095174307943,-196.0337839828357,-2.9951735421151513,-0.8248894385275294,-200.82488943852752,-0.8248894385275294,-1.5778897110317356,-201.57788971103176,-1.5778897110317356,-0.7997043875903794,-200.79970438759037,-0.7997043875903798,-0.8706257767366117,-200.8706257767366,-0.8706257767366119,-150.6365503073128,-104.73381942716298,-3.6229076478221875,-150.61203239820406,-454.70930151805425,-3.59838973871344,-150.47092853470033,-904.5681976545507,-3.4572858752097027,-0.618927597215473,-200.61892759721547,-0.6189275972154731,147.62589262225697,-98.48887565920214,0.39954666335562367,147.343157145244,-448.7716111362152,0.11681118634265822,147.36985632570597,-898.7449119557532,0.14351036680463802,-0.8443741065150578,-200.8443741065151,-0.8443741065150581
112,1.12,-0.2667763198448153,699.7332236801552,-0.2667763198448154,-0.5612573715249902,549.438742628475,-0.5612573715249902,-0.3548820942318312,299.6451179057682,-0.3548820942318314,0.16879670688854131,400.16879670688854,0.1687967068885411,-0.03750741294597368,199.96249258705404,-0.03750741294597387,-0.4111446711385105,99.58885532886148,-0.4111446711385107,1.2223349218096735,1001.3388460092788,1.334731497118704,-204.10770622769223,497.4650424016173,-0.9478386417571267,-347.18566430145836,402.37551420622333,-3.8261415306371083,-455.4774525855281,192.74978181948586,-4.306871397849561,-498.2073980710186,53.64058182660773,-2.563802411411706,1.4199463427952783,-205.6054493666448,-2.042739713445769,-0.520046512257448,-200.5200465122574,-0.5200465122574482,-0.48438502107455533,-200.48438502107456,-0.48438502107455533,-0.36027642392662834,-200.36027642392656,-0.3602764239266285,-0.05762368317576828,-200.0576236831758,-0.057623683175768214,197.55560613559186,498.41352702398353,0.0006459806089642028,345.70301134427757,395.9868087938317,-2.587245814440206,451.8660361958047,196.92948271264112,1.714710079136861,497.7714150410412,42.708704597286264,-3.6133698438821273,-0.8652668615895004,-196.05743141799417,-3.0501218298430626,-0.6716401157875402,-200.6716401157875,-0.6716401157875406,-1.3367051201643712,-201.33670512016437,-1.3367051201643712,-0.645431716308947,-200.64543171630893,-0.6454317163089471,-0.9035107234513703,-200.90351072345135,-0.9035107234513706,-150.34052726741606,-104.78237605471477,-3.2862729337005065,-150.20483373389905,-454.6466825211978,-3.150579400183508,-150.28608093899174,-904.7279297262905,-3.2318266052761553,-0.23002208709912353,-200.23002208709912,-0.23002208709912358,147.664271899087,-98.12690148855233,0.38522441475338515,147.30927127765838,-448.481902109981,0.0302237933247812,147.46799603999412,-898.3231773476452,0.18894855566049007,-0.5459930794549046,-200.54599307945495,-0.5459930794549048
113,1.13,0.20336133714900162,700.203361337149,0.20336133714900148,-0.12488781670775147,549.8751121832922,-0.12488781670775152,0.018713815101376943,300.01871381510136,0.01871381510137686,0.42789821633838043,400.42789821633846,0.4278982163383804,0.09446834122285602,200.09446834122286,0.0944683412228558,0.13777050319568973,100.13777050319568,0.1377705031956896,0.880094891020891,1001.0072321942416,0.9985923842044508,-203.89474753736886,497.5379560797936,-0.8193090855773576,-346.5284243436405,402.76590486069335,-3.343502806851584,-455.35101169437337,192.9882158145681,-4.089480615478658,-498.0590133787741,54.038234580585595,-2.1331089193389405,1.8767815225707283,-205.4715309610683,-1.4794181335654666,-0.21042248555880597,-200.21042248555878,-0.2104224855588062,-0.27943921609183203,-200.27943921609187,-0.27943921609183214,-0.14314187721367244,-200.14314187721362,-0.1431418772136726,0.32195593127077804,-199.67804406872926,0.32195593127077815,197.9203694417682,498.5981327443693,0.24086757899832323,345.8174111926678,396.4769309586988,-2.451637873769431,452.0503389366993,197.07209745689212,2.1428949518492977,497.8411098107806,43.15372612174499,-3.448611696060708,-0.3459776063920468,-195.98193455442296,-2.9823635879348247,-0.44943549869766874,-200.44943549869765,-0.44943549869766897,-0.8429816598126982,-200.84298165981272,-0.8429816598126982,-0.33784230624912537,-200.33784230624912,-0.3378423062491255,-0.7093467582607142,-200.70934675826066,-0.7093467582607142,-149.93690716543665,-104.7161857117695,-2.8334927771866676,-149.6301509871052,-454.40942953343813,-2.526736598855229,-149.84676018100475,-904.6260387273377,-2.7433457927547513,0.25932105396606664,-199.74067894603394,0.2593210539660666,147.9074663510566,-97.56752970905195,0.5670569764395046,147.52462017102758,-447.9503758890811,0.18421079641048105,147.6901441248811,-897.7848519352276,0.34973475026400835,-0.1687704695064266,-200.16877046950646,-0.16877046950642666
114,1.14,0.5487386765866356,700.5487386765867,0.5487386765866356,0.36561634829415524,550.3656163482941,0.36561634829415524,0.4166806234151994,300.41668062341523,0.4166806234151994,0.6223651010359514,400.62236510103594,0.6223651010359513,0.16063263684674528,200.1606326368467,0.16063263684674517,0.6691797882768481,100.66917978827686,0.6691797882768481,0.5296090489300085,1000.667502970501,0.6542609853709422,-203.56480715393428,497.7249881533313,-0.5780388215726666,-345.8247920389398,403.2125225949262,-2.7898216760964236,-455.23917472723014,193.20617020994263,-3.8944042235023173,-497.90298753322975,54.45523693820424,-1.6635704762111476,2.283483470201862,-205.3520384056818,-0.9390354904545979,0.16083918242442494,-199.83916081757553,0.16083918242442483,-0.045390699512499966,-200.0453906995125,-0.045390699512500104,0.13025714552860435,-199.86974285447135,0.13025714552860423,0.6765529195937438,-199.32344708040625,0.6765529195937439,198.2361477636429,498.7319629942003,0.4289360192961876,345.8993173194566,396.9253853759642,-2.3572917468930887,452.2359151596355,197.23072448425148,2.5736688521010276,497.9778236945512,43.67160105818563,-3.213026785268334,0.1601927254369772,-195.92781204719677,-2.9118510359206535,-0.2567060428063667,-200.25670604280634,-0.2567060428063669,-0.30300487216543576,-200.30300487216545,-0.30300487216543576,-0.04644072358572325,-200.04644072358573,-0.04644072358572337,-0.4052026169237081,-200.4052026169237,-0.4052026169237083,-149.54063473604697,-104.64967153230565,-2.379555135946843,-149.09013351288775,-454.19917030914644,-1.9290539127876158,-149.27465900276775,-904.3836957990266,-2.1135794026676304,0.6059597275894497,-199.39404027241056,0.6059597275894497,148.21725256269812,-96.94949848418477,0.8068690897161304,147.85660463026147,-447.3101464166215,0.44622115727949074,147.9481407670984,-897.2186102797846,0.5377572941164275,0.12969765217644275,-199.87030234782355,0.1296976521764427
115,1.15,0.6882186029780688,700.688218602978,0.6882186029780688,0.7474086482346554,550.7474086482347,0.7474086482346555,0.6678479303229709,300.66784793032303,0.667847930322971,0.6615170654686656,400.66151706546873,0.6615170654686657,0.14002404555780085,200.14002404555777,0.14002404555780082,0.9655912090136722,100.96559120901371,0.9655912090136722,0.2922133521822876,1000.4409907943061,0.4230707477635812,-203.22745943778983,497.9167183373712,-0.33351093110455077,-345.3334662152015,403.4572295892391,-2.4233045004482783,-455.26314339020144,193.28209989463153,-3.843172221653754,-497.8460554615177,54.7834590509015,-1.2640940285987436,2.5466113798806074,-205.3391891053169,-0.5155623224780209,0.4759580445661019,-199.52404195543392,0.4759580445661018,0.17704841442196828,-199.82295158557804,0.17704841442196828,0.44698665838584595,-199.55301334161413,0.44698665838584595,0.8770426667366877,-199.12295733326334,0.8770426667366877,198.3921260974236,498.7044123228641,0.45418305438830264,345.8883315791831,397.2707539703459,-2.364771910497951,452.2981402181099,197.2803163913866,2.881435643888694,498.0238216623512,44.10195068151541,-3.0657779233971807,0.5952068598117914,-195.9502622858298,-2.8933129769112975,-0.11781399776398635,-200.117813997764,-0.11781399776398645,0.11599248355121272,-199.88400751644878,0.11599248355121278,0.13699622829772462,-199.86300377170227,0.13699622829772456,-0.10108645775500458,-200.101086457755,-0.10108645775500474,-149.24450692666483,-104.67512916013547,-2.017327839343567,-148.75275184077395,-454.1833740742446,-1.5255727534526968,-148.77125004517936,-904.2018722786502,-1.5440709578580831,0.6872046216071321,-199.31279537839288,0.6872046216071321,148.4765450041267,-96.39038764665017,0.9876511256428613,148.17639591695905,-446.6905367338179,0.687502038475225,148.18095090878987,-896.685981741987,0.6920570303060427,0.3046271197196708,-199.6953728802804,0.3046271197196708
116,1.16,0.7051016319135454,700.7051016319136,0.7051016319135452,0.9866241630877601,550.9866241630878,0.9866241630877601,0.7200173394907952,300.7200173394909,0.7200173394907953,0.5860628171263385,400.5860628171264,0.5860628171263386,0.10108380362934723,200.10108380362936,0.10108380362934724,0.9843788999000768,100.98437889990015,0.9843788999000769,0.18809887938135628,1000.3478831710021,0.32521019884557123,-202.96833622517636,498.0276731599291,-0.17126030916269006,-345.1407313533566,403.4142468592355,-2.32983691904308,-455.3411587230685,193.2974671372776,-3.8543153809761046,-497.9207369913903,54.988811231637456,-0.9696113968504139,2.6828948376335267,-205.41528442791903,-0.19303142434353898,0.6767569164360436,-199.32324308356397,0.6767569164360436,0.4029164357229963,-199.59708356427703,0.4029164357229963,0.7822083586411157,-199.21779164135887,0.7822083586411158,0.8887172645080108,-199.11128273549198,0.8887172645080108,198.37625423325062,498.50364275903553,0.3047092899437235,345.83312698577174,397.560740215196,-2.4255317506722345,452.2081336073547,197.19152220801698,3.0363347183775016,497.94278820663646,44.40587149636856,-3.044589973323151,0.9697407839725865,-196.03580081776846,-2.9128962527022604,0.0010772615810878128,-199.9989227384189,0.0010772615810877018,0.35606774530938096,-199.6439322546906,0.35606774530938096,0.25386199009368815,-199.7461380099063,0.2538619900936881,0.14788918244057056,-199.85211081755943,0.14788918244057042,-149.06640342646782,-104.80995849255063,-1.7647892796236728,-148.66068321146435,-454.40423827754717,-1.35906906462021,-148.52383148647402,-904.2673865525569,-1.2222173396298626,0.5527861558710286,-199.44721384412895,0.5527861558710288,148.62147278078902,-95.95454073636924,1.045635995016454,148.42651797446322,-446.14949554269515,0.8506811886906516,148.35462024481575,-896.2213932723425,0.7787834590431608,0.3916175935832994,-199.6083824064167,0.39161759358329945
117,1.17,0.7218574399565434,700.7218574399566,0.7218574399565435,1.1391052768891483,551.139105276889,1.1391052768891483,0.6323527103910682,300.63235271039116,0.6323527103910684,0.510361970667192,400.51036197066725,0.510361970667192,0.12040205407033025,200.12040205407033,0.12040205407033029,0.8476993203055332,100.84769932030562,0.8476993203055334,0.16380987526960128,1000.3347207004313,0.307220991570178,-202.82464595588266,498.0208066491907,-0.12839290907514367,-345.1496524874367,403.18095820231815,-2.4121800835812337,-455.3014219821798,193.42382162217993,-3.756285066877278,-498.0792358909338,55.117356527664924,-0.7349607536276237,2.7859619173310204,-205.48598725058332,0.12119298391423897,0.7376069080984181,-199.26239309190157,0.7376069080984181,0.6166745297917663,-199.38332547020826,0.6166745297917664,1.0820359943485043,-198.91796400565147,1.0820359943485043,0.763208894779954,-199.23679110522005,0.763208894779954,198.27373761560048,498.2150744095243,0.0658748512584481,345.79775937722604,397.85848371536235,-2.4756011005695284,452.0036435078344,197.00157474020978,3.075129379727598,497.78903374918514,44.635162330280316,-3.096528307744035,1.2963096207759985,-196.16915644403224,-2.9550653952019257,0.12365324480311249,-199.8763467551969,0.12365324480311243,0.4466909774019415,-199.55330902259806,0.4466909774019415,0.39595412705919697,-199.6040458729408,0.39595412705919697,0.33498608413278474,-199.66501391586723,0.33498608413278463,-148.95108607077407,-104.99846422520366,-1.5668278827403193,-148.72207309841383,-454.7694512528435,-1.3378149103800814,-148.59141275322054,-904.6387909076502,-1.207154565186774,0.36288003215502374,-199.63711996784497,0.36288003215502385,148.61698553061,-95.6774579652834,0.9459051099751213,148.61148373824398,-445.68295975764954,0.9404033176091049,148.45834458151248,-895.836098914381,0.7872641608775962,0.42954211337536136,-199.57045788662467,0.42954211337536147
118,1.18,0.7766099737585841,700.7766099737587,0.7766099737585843,1.2615874586399138,551.26158745864,1.2615874586399138,0.48538855247191903,300.48538855247205,0.48538855247191914,0.5088803338230296,400.5088803338231,0.5088803338230296,0.21715829202969933,200.2171582920297,0.21715829202969933,0.7015651447017006,100.7015651447018,0.7015651447017006,0.16328969089013728,1000.3454430183499,0.31304384555479126,-202.78236118485478,497.9103126305697,-0.19077337884481116,-345.2160470462853,402.9019374519737,-2.525943479781364,-455.0913045446035,193.71359123314113,-3.496662261750825,-498.26304291515106,55.225720950666826,-0.504470215831637,2.9140182157986514,-205.4926464537192,0.4840990659252157,0.6703449106902765,-199.32965508930968,0.6703449106902765,0.7341246637589821,-199.26587533624104,0.7341246637589822,1.2757167010722525,-198.72428329892773,1.2757167010722528,0.5850148529292762,-199.41498514707072,0.5850148529292762,198.18943588984754,497.9437837403333,-0.15730226908124184,345.79034618805906,398.17124166896497,-2.506906847304161,451.71378367605314,196.73903041884608,3.025947620005078,497.61245606189254,44.83730555425098,-3.1730227934951634,1.551324615334261,-196.37123554865656,-3.040570011955859,0.2104747426632521,-199.78952525733672,0.21047474266325208,0.43095726637227927,-199.56904273362773,0.43095726637227927,0.5808233137709178,-199.4191766862291,0.5808233137709178,0.48213004603224857,-199.51786995396776,0.48213004603224857,-148.83753190647656,-105.17918998014702,-1.3625751430629234,-148.80084997829545,-455.14250805196593,-1.3258932148818197,-148.86508138099947,-905.20673945467,-1.3901246175858428,0.26608896141335203,-199.73391103858665,0.26608896141335203,148.44493334872672,-95.5777152325222,0.6704682759838136,148.7386402131498,-445.2840083680991,0.9641751404068958,148.498046710619,-895.5246018706299,0.723581637876079,0.4317404136643156,-199.5682595863357,0.43174041366431565
119,1.19,0.8063547305291314,700.8063547305292,0.8063547305291314,1.3487395833986162,551.3487395833988,1.3487395833986162,0.31157556881195425,300.3115755688121,0.31157556881195425,0.5644660867532224,400.5644660867533,0.5644660867532223,0.3412840486449674,200.34128404864492,0.3412840486449674,0.5922018232048821,100.59220182320496,0.592201823204882,0.1773920245299622,1000.3709000386532,0.33352978905601394,-202.80576184905883,497.73208126241457,-0.32256846029983977,-345.2837820970161,402.6336505816913,-2.614882791640941,-454.8393295176106,194.0381008989371,-3.2041384743449974,-498.47463799966386,55.309406111554765,-0.28363884041620147,3.0199009360911386,-205.48224422987255,0.8470882456747255,0.5279470410444298,-199.47205295895554,0.5279470410444297,0.6653950973253081,-199.3346049026747,0.6653950973253081,1.296919779682521,-198.70308022031747,1.2969197796825211,0.41691650725315654,-199.58308349274685,0.41691650725315643,198.16792724243163,497.7345676477174,-0.320082074997051,345.77156555635054,398.45889042617785,-2.5587733845150353,451.33352297104665,196.3982619281927,2.882775556257203,497.4087627070059,45.00570826682973,-3.2796314388060788,1.7134684554293615,-196.66076725918998,-3.1880924817409757,0.18255881153152262,-199.81744118846848,0.1825588115315226,0.31538738671867317,-199.68461261328133,0.3153873867186731,0.7152373456305858,-199.28476265436944,0.7152373456305858,0.6136822198502616,-199.3863177801498,0.6136822198502616,-148.72156557332062,-105.34755166834842,-1.1480378756817662,-148.81820026138158,-455.44418635640943,-1.2446725637427252,-149.14903972613232,-905.7750258211602,-1.575512028493459,0.3014993475888921,-199.69850065241113,0.3014993475888921,148.13677784814382,-95.62425208507474,0.25097462145288085,148.77921953094207,-444.98181040227655,0.893416304251123,148.48186836669026,-895.2791615665283,0.5960651399993406,0.4034613113511422,-199.59653868864888,0.4034613113511422
120,1.2,0.7336300879635024,700.7336300879635,0.7336300879635024,1.338900292558647,551.3389002925587,1.338900292558647,0.11307247246487323,300.113072472465,0.11307247246487312,0.6216487972758593,400.62164879727595,0.6216487972758591,0.4067957387977931,200.40679573879777,0.40679573879779307,0.4888103766829618,100.488810376683,0.4888103766829618,0.23524093775279137,1000.4402119707194,0.3978001760538808,-202.8752847432885,497.5058493569155,-0.5040966045736162,-345.3997685847778,402.32946106482495,-2.7258944012285973,-454.72623249501714,194.2165120577572,-3.0595759797399547,-498.76912327043834,55.311172464242574,-0.13074685837233238,3.009631769778984,-205.5488424504024,1.114536865363693,0.3616880179603847,-199.63831198203962,0.36168801796038463,0.4125112887371725,-199.58748871126284,0.4125112887371725,1.106287304990474,-198.89371269500953,1.106287304990474,0.2735681237323195,-199.72643187626772,0.2735681237323194,198.187360887664,497.56579567261997,-0.4441502888691731,345.6997437782745,398.679015150031,-2.6728349003131444,450.8781999470872,195.99397603114204,2.6599759448087825,497.15863500839623,45.118883793822064,-3.4368633273640397,1.8039414344194498,-197.01407675607663,-3.3740232595151047,0.001011563302047585,-199.99898843669797,0.001011563302047538,0.08924724004583892,-199.9107527599542,0.08924724004583895,0.6797376986050991,-199.32026230139496,0.6797376986050991,0.7202891319385487,-199.27971086806147,0.7202891319385487,-148.6493129281131,-105.5492920106098,-0.9695516126707042,-148.76972775283073,-455.6697068353275,-1.089966437388351,-149.2897597764047,-906.1897388589014,-1.6099984609623053,0.3945625318197691,-199.60543746818027,0.3945625318197692,147.79136719046113,-95.71859579297518,-0.2135126015834315,148.69081493333056,-444.8191480501057,0.685935141286016,148.41120486878805,-895.0987581146483,0.40632507674350454,0.3549169603891541,-199.64508303961088,0.354916960389154
121,1.21,0.5595628879406016,700.5595628879406,0.5595628879406018,1.1916646546142942,551.1916646546143,1.1916646546142942,-0.07656746486988214,299.92343253513025,-0.07656746486988225,0.6618272567329692,400.66182725673303,0.661827256732969,0.34813451609155144,200.34813451609148,0.34813451609155144,0.38664709717019546,100.38664709717023,0.38664709717019535,0.3531269485928588,1000.5696654139434,0.522142780516096,-202.988599777616,497.2341239137673,-0.7329043764281112,-345.631687112821,401.92190394624134,-2.9267410675223404,-454.81815082059313,194.1826333802926,-3.129196751676532,-499.1709193424016,55.204360545529696,-0.07352779893712874,2.8508621843053046,-205.72513449649716,1.2522521752725608,0.18653245808599406,-199.813467541914,0.18653245808599395,0.08942988979303149,-199.910570110207,0.08942988979303146,0.7290278536655103,-199.27097214633451,0.7290278536655104,0.14113285442380746,-199.85886714557626,0.14113285442380738,198.21871671481114,497.40866937247955,-0.5583589177158771,345.56633333943836,398.8223898017357,-2.8575572730559893,450.43596243202103,195.61365649610036,2.444731676610283,496.88226384830455,45.19500364984788,-3.6256306714324977,1.8628816348315218,-197.3886833886643,-3.5560604327677616,-0.27561796722221293,-200.27561796722222,-0.2756179672222129,-0.20467150550163699,-200.20467150550166,-0.20467150550163707,0.45085677470086205,-199.54914322529916,0.4508567747008619,0.7539902194942544,-199.24600978050577,0.7539902194942544,-148.66594198860523,-105.82922229079145,-0.8725212196894508,-148.67745839564796,-455.84073869783424,-0.8840376267321948,-149.2478179845325,-906.4110982867188,-1.4543972156167466,0.449211426660711,-199.55078857333933,0.44921142666071107,147.52457108378508,-95.74522554472975,-0.6068813489771208,148.4832373913816,-444.78655923713325,0.35178495861940673,148.29446212247328,-894.9753345060416,0.16300968971106033,0.2983940124243955,-199.70160598757565,0.2983940124243954
122,1.22,0.37584186230032257,700.3758418623004,0.3758418623003228,0.9600927838067388,550.9600927838068,0.960092783806739,-0.18363023062740969,299.81636976937267,-0.1836302306274098,0.7079790137803,400.70797901378035,0.7079790137802998,0.16828219635108618,200.16828219635102,0.16828219635108616,0.3414735486732021,100.34147354867324,0.341473548673202,0.49218417652806085,1000.7203905040785,0.6676889424602568,-203.12723997726226,496.9355519060745,-0.9903966079995763,-345.9774435330759,401.41323035434175,-3.215507055383933,-455.00568321336755,194.0458608975282,-3.303641942807652,-499.6092459053076,55.05742906075618,-0.044623693911046675,2.602618657571004,-205.95269504328436,1.3172301250827168,0.016146360046584082,-199.98385363995345,0.016146360046584034,-0.15153793568161333,-200.15153793568163,-0.15153793568161333,0.28665317205687213,-199.71334682794316,0.2866531720568721,0.03350554416795298,-199.9664944558321,0.03350554416795293,198.28286448629382,497.28428124159973,-0.6416672724743451,345.414664233835,398.9317301555319,-3.0694868651350284,450.1280976503688,195.37789766981024,2.35737979712631,496.6396186771432,45.29218121369776,-3.786968713169456,1.9130279501205092,-197.7596546271153,-3.7095645458032607,-0.5086441140665974,-200.5086441140666,-0.5086441140665973,-0.42445808644931,-200.42445808644933,-0.42445808644931005,0.1568690560728021,-199.84313094392724,0.1568690560728021,0.6820077205273924,-199.31799227947266,0.6820077205273924,-148.76868113214408,-106.18424127392628,-0.8544386680274314,-148.55971320901688,-455.97527335079906,-0.6454707449001906,-149.08093148074735,-906.4964916225296,-1.1666890166307033,0.450111095592639,-199.5498889044074,0.45011109559263895,147.39890419329996,-95.64194832001886,-0.8663478026810838,148.26061843977664,-444.78023407354226,-0.004633556204423461,148.17538682866837,-894.8654656846504,-0.08986516731266164,0.24716342929445093,-199.7528365707056,0.2471634292944508
123,1.23,0.290896951116656,700.2908969511166,0.2908969511166561,0.7630227275072573,550.7630227275073,0.7630227275072573,-0.15241325327408906,299.84758674672594,-0.15241325327408914,0.773349953101943,400.77334995310196,0.7733499531019427,-0.05501629384572468,199.94498370615423,-0.05501629384572465,0.409949686147267,100.40994968614731,0.40994968614726696,0.5703602216901378,1000.8103307938416,0.7523834482713451,-203.23778542204863,496.6637361216066,-1.2230204989238933,-346.34226593416736,400.89831086430434,-3.497694303829353,-455.0875868921569,194.00748039779972,-3.3816690501394513,-499.949168888811,55.0029273606461,0.08739414365773168,2.3580915513811664,-206.13918415439286,1.400458558621097,-0.08664212961742063,-200.08664212961747,-0.08664212961742068,-0.20514555233856405,-200.20514555233856,-0.20514555233856413,-0.0363906228644109,-200.03639062286442,-0.03639062286441097,0.017614275129461857,-199.98238572487054,0.01761427512946169,198.44214382537643,497.2551944188189,-0.6315622017114584,345.3264368180206,399.0881880858893,-3.226757967366126,450.0038684574393,195.33524424716,2.446251601379527,496.48543688279545,45.463474142062736,-3.8670364333787424,1.969862288225782,-198.10947936550394,-3.8174321975287735,-0.5621959033551628,-200.56219590335516,-0.5621959033551628,-0.3954874589265992,-200.3954874589266,-0.3954874589265994,0.010709747860561364,-199.98929025213943,0.010709747860561308,0.5460717779120257,-199.453928222088,0.5460717779120258,-148.89320545270596,-106.5497221906691,-0.8512688660821337,-148.43415055618124,-456.09066729414434,-0.39221396955739996,-148.8772859920012,-906.5338027299643,-0.8353494053774035,0.4728266590598976,-199.52717334094015,0.47282665905989785,147.4049880368589,-95.41843636948072,-1.0009950029273227,148.17375570428447,-444.6496687020551,-0.23222733550172414,148.1319571996293,-894.6914672067104,-0.2740258401568847,0.21507994934800545,-199.78492005065203,0.21507994934800526
124,1.24,0.32480536791053677,700.3248053679106,0.32480536791053694,0.6718375232051209,550.6718375232051,0.6718375232051209,-0.004443188723333019,299.99555681127674,-0.004443188723332991,0.8279305674025018,400.82793056740263,0.8279305674025015,-0.2211103854878355,199.77888961451214,-0.22111038548783551,0.5767784038737489,100.57677840387382,0.5767784038737488,0.5344797316786782,1000.7863068211493,0.7230480986408481,-203.26004836213627,496.4790498229755,-1.3704508993314597,-346.61886374478996,400.4844769913848,-3.666380355094449,-454.94136505999825,194.19007923530899,-3.240739625488678,-500.10761913290156,55.12149721135464,0.4020336288610259,2.1697315924216123,-206.23324178492658,1.552029674738989,-0.04747450456170432,-200.0474745045617,-0.04747450456170435,-0.06523461586284576,-200.06523461586283,-0.0652346158628459,-0.10730534043113688,-200.10730534043114,-0.10730534043113676,0.13779399368248468,-199.86220600631754,0.13779399368248446,198.71850317455863,497.3435813640559,-0.5059193582509707,345.35608692247604,399.3457178453112,-3.274728171419948,449.97433250787606,195.3960140459202,2.6214956120050408,496.41410459432535,45.70177648950519,-3.872227086431855,2.0521507328100066,-198.41754067251765,-3.859568502553655,-0.40812176714511966,-200.4081217671451,-0.4081217671451197,-0.0718268605631579,-200.07182686056314,-0.07182686056315804,0.14494395921194353,-199.85505604078804,0.14494395921194342,0.4397534025392581,-199.56024659746072,0.4397534025392582,-148.95703066443926,-106.84290717438739,-0.7808429391526072,-148.33325986314344,-456.2191363730916,-0.1570721378567882,-148.7061179997943,-906.5919945097423,-0.5299302745076208,0.5816035124463546,-199.41839648755368,0.5816035124463546,147.48444379960682,-95.13333386938609,-1.0688806596041884,148.29235170040738,-444.3254259685855,-0.2609727588036188,148.20987819696478,-894.4078994720281,-0.34344626224618824,0.19710040088385958,-199.80289959911616,0.19710040088385936
125,1.25,0.3644376513658344,700.3644376513658,0.3644376513658344,0.6266501255039791,550.626650125504,0.6266501255039791,0.14765721620854055,300.1476572162086,0.14765721620854044,0.8001743175126749,400.8001743175128,0.8001743175126748,-0.28823180881249544,199.7117681911875,-0.2882318088124955,0.7353560052928225,100.73535600529291,0.7353560052928223,0.4353631175969157,1000.6991348266035,0.6305004257450466,-203.1835537504466,496.3921559866285,-1.4220710158815377,-346.806090823345,400.17285893913197,-3.720879920304623,-454.6336655766604,194.52714672577804,-2.9474183574835675,-500.15938022324474,55.335906018652665,0.8209218240764204,2.004241798311722,-206.2694849389625,1.7361494704426914,0.1078016123242797,-199.8921983876757,0.10780161232427968,0.15513106233032237,-199.84486893766964,0.1551310623303223,0.04335065163222676,-199.95664934836776,0.043350651632226705,0.31251221848779503,-199.68748778151217,0.3125122184877948,199.02410067257193,497.4618244520025,-0.35240255050747366,345.45664397394603,399.65693508388244,-3.2601209151038364,449.84653187984566,195.3664912919132,2.6892709460919852,496.34106917363596,45.921240696916264,-3.887748388582167,2.1418190689640024,-198.70025246977517,-3.85302289215375,-0.17759918568026417,-200.17759918568026,-0.17759918568026434,0.36864996345736445,-199.6313500365426,0.36864996345736434,0.4734397200804041,-199.52656027991958,0.47343972008040397,0.4051106384413772,-199.59488936155861,0.40511063844137724,-148.94330678711273,-107.04670138482373,-0.6266511940703181,-148.32203569172424,-456.4254302894352,-0.005380098681835865,-148.62111743337326,-906.7245120310843,-0.30446184033084694,0.7198620556879666,-199.28013794431206,0.7198620556879666,147.55220107911123,-94.87194774119101,-1.1547291302274498,148.5089024992447,-443.91524632105745,-0.19802771009396058,148.3415034148707,-894.0826454054314,-0.3654267944679759,0.13991409744675642,-199.86008590255324,0.13991409744675623
126,1.26,0.25541278361690267,700.2554127836169,0.25541278361690267,0.481438911202304,550.4814389112023,0.48143891120230387,0.16108081102706345,300.1610808110272,0.16108081102706334,0.6152996377806284,400.61529963778077,0.6152996377806281,-0.2938897387939502,199.70611026120605,-0.29388973879395025,0.7542254528412006,100.75422545284134,0.7542254528412002,0.40135436986284745,1000.6771545707779,0.6030815102155639,-203.05615680325417,496.3553895094569,-1.4255901520921386,-347.00829145613136,399.85904067501224,-3.7660890102530695,-454.3412988866103,194.84205506667533,-2.678391590058388,-500.29588325494876,55.45227355710692,1.149038280034167,1.766301599951019,-206.3447708302955,1.8548807815563348,0.23004775605921535,-199.7699522439408,0.23004775605921524,0.28549386886020184,-199.71450613113973,0.2854938688602018,0.2373998593649792,-199.762600140635,0.2373998593649791,0.3741107286824151,-199.62588927131756,0.3741107286824149,199.21874635690364,497.4699578902551,-0.3110217712937887,345.5006380718789,399.8940245521072,-3.310119255179494,449.461723050793,195.0871602946834,2.489980951500957,496.1809672880494,46.03541326668058,-3.9994885338289654,2.170016545787071,-199.0250061676232,-3.8659342846860065,-0.07290610187801705,-200.072906101878,-0.0729061018780171,0.6439912425908668,-199.3560087574091,0.6439912425908665,0.7417367337573715,-199.2582632662426,0.7417367337573714,0.38346754814801265,-199.61653245185198,0.38346754814801276,-148.9265199599331,-107.23537516368847,-0.46354411663172235,-148.46599859601355,-456.77485379976895,-0.003022752712162069,-148.6654146255296,-906.974269829285,-0.20243878222822248,0.7433318100623749,-199.2566681899376,0.7433318100623749,147.53821420142992,-94.7045309966446,-1.3282159225768881,148.6121164356234,-443.6306287624511,-0.25431368838342433,148.37898329149547,-893.863761906579,-0.4874468325113439,-0.028364548177311884,-200.0283645481773,-0.02836454817731204
127,1.27,-0.03750960320871173,699.9624903967914,-0.037509603208711814,0.14873231902061107,550.1487323190206,0.14873231902061096,-0.014714341463638897,299.9852856585365,-0.014714341463639063,0.2696179776840716,400.2696179776842,0.2696179776840715,-0.2716055831081318,199.7283944168919,-0.271605583108132,0.590548235069785,100.59054823506992,0.5905482350697847,0.5032518597970104,1000.791160137305,0.7115867839030616,-202.91443314438004,496.33236682789413,-1.4174340381525656,-347.28877705831025,399.4795845330525,-3.8659594330050426,-454.16337137378775,195.0359246164129,-2.5326014455954793,-500.63933741024823,55.345963128687714,1.260612685317151,1.397832454856727,-206.51891686705875,1.8474290662636386,0.19359247847296476,-199.80640752152703,0.19359247847296462,0.24922578690073022,-199.75077421309922,0.2492257869007301,0.299146842057748,-199.70085315794228,0.29914684205774783,0.24136673771912945,-199.75863326228085,0.24136673771912923,199.25007036743472,497.31583563784795,-0.43396522819863226,345.40691004877664,399.975550516346,-3.5055568349308377,448.85022487692754,194.5875571498821,2.0531247498405207,495.9659342789501,46.0755497821159,-4.175702375082961,2.093084358137526,-199.43421069470168,-3.9415690646665498,-0.18047905061420105,-200.1804790506142,-0.18047905061420122,0.6161078054422018,-199.3838921945578,0.6161078054422016,0.7522118904654734,-199.2477881095345,0.7522118904654731,0.3050702727079908,-199.694929727292,0.30507027270799086,-148.98208261019712,-107.48415444790523,-0.3673216301671136,-148.7432386474745,-457.2453104851826,-0.12847766744444405,-148.8324461858765,-907.3345180235847,-0.21768520584649587,0.5824229016891161,-199.4175770983109,0.582422901689116,147.44788043493742,-94.6258642823704,-1.5835503933047135,148.49916682820236,-443.57457788910546,-0.5322640000397827,148.24843092476868,-893.8253137925392,-0.7829999034734607,-0.29540254927813075,-200.29540254927812,-0.29540254927813087
128,1.28,-0.3857356362809272,699.6142643637191,-0.38573563628092744,-0.29846999204136226,549.7015300079588,-0.2984699920413624,-0.27557900269914043,299.72442099730097,-0.27557900269914065,-0.12701574863289045,399.87298425136726,-0.1270157486328905,-0.18392182074002877,199.81607817926005,-0.18392182074002894,0.32962280799825705,100.32962280799836,0.32962280799825683,0.6704231607405231,1000.9705147555213,0.8853808521872438,-202.7303180101049,496.35134647268796,-1.3693842270865755,-347.58066202336727,399.10119689068335,-3.9543321128016506,-454.056344127129,195.1525635552353,-2.466305532705296,-501.121567691417,55.08276561664314,1.2203152532038282,0.9616410502767366,-206.73104149111708,1.773806868769384,0.035631267243497466,-199.9643687327565,0.03563126724349727,0.1474991622111034,-199.85250083778885,0.14749916221110332,0.18790897267339934,-199.81209102732663,0.1879089726733991,0.0001900344404719527,-199.99980996555954,0.00019003444047167514,199.1978563399795,497.0794645133461,-0.6412661864282738,345.2251148594596,399.9509602324272,-3.7964156977239614,448.23239042261486,194.08724529856622,1.5982725176141113,495.8338310971152,46.17884550190005,-4.2787815381969505,1.9598160186097198,-199.87803868581818,-4.031064641169027,-0.38740551977936877,-200.38740551977938,-0.38740551977936905,0.3947710833691889,-199.60522891663078,0.3947710833691888,0.5261538617076149,-199.4738461382924,0.5261538617076147,0.1967360256364495,-199.80326397436357,0.1967360256364494,-149.08794310554276,-107.77083056889839,-0.3163417462472762,-149.0266232434866,-457.70951070684225,-0.25502188419109595,-149.05027211640765,-907.7331595797634,-0.27867075711218087,0.3218106782248684,-199.67818932177516,0.3218106782248684,147.36532547998567,-94.55197024622021,-1.8361912622032714,148.28712408907174,-443.6301716371342,-0.9143926531171918,148.0394208108673,-893.8778749153387,-1.1620959313216472,-0.5222060291611401,-200.52220602916117,-0.5222060291611402
129,1.29,-0.6206405988362951,699.3793594011638,-0.6206405988362952,-0.6736183254109338,549.3263816745891,-0.673618325410934,-0.46153857422136396,299.53846142577873,-0.46153857422136424,-0.41648126151953313,399.58351873848056,-0.4164812615195333,0.009258902327809404,200.00925890232793,0.009258902327809113,0.09649293077002102,100.09649293077013,0.09649293077002072,0.7753223660434937,1001.087668120005,0.9969148131728027,-202.46467087809873,496.4516641963642,-1.2421429203040468,-347.7924497986005,398.81514383426736,-3.9405203177591455,-453.9432806056808,195.26921844650718,-2.4023257227970194,-501.58004562802296,54.822890421618524,1.187253797105055,0.6029806510027792,-206.8379854601905,1.7764173456030403,-0.10897799595770108,-200.10897799595773,-0.10897799595770134,0.14060965432141181,-199.85939034567858,0.1406096543214116,-0.018665446752477166,-200.0186654467525,-0.018665446752477388,-0.20540527123470406,-200.20540527123472,-0.20540527123470434,199.1691090735701,496.868071576723,-0.8257355399451751,345.0679597224541,399.93282190228155,-4.069589518837777,447.81793174627785,193.79514403408072,1.3343935978555888,495.87476689369436,46.43495959653377,-4.21873040304134,1.8665033185470383,-200.25938508246864,-4.038384849174904,-0.5119104188418707,-200.51191041884192,-0.5119104188418708,0.18531357363353618,-199.8146864263665,0.18531357363353593,0.2320922984308521,-199.7679077015692,0.23209229843085194,0.14959963254938047,-199.85040036745065,0.14959963254938033,-149.1540735567133,-108.00524810482815,-0.22100727703948603,-149.19922524460853,-458.05039979272345,-0.2661589649347197,-149.24891553735188,-908.1000900854668,-0.31584925767806,0.08982588398095755,-199.91017411601908,0.08982588398095737,147.377627829355,-94.39588913045282,-1.9986233445774402,148.16972895100727,-443.6037880088006,-1.2065222229251713,147.90283625340743,-893.8706807064004,-1.4734149205250349,-0.5635095893891934,-200.5635095893892,-0.5635095893891936
130,1.3,-0.6785283983413406,699.3214716016588,-0.6785283983413408,-0.8209071921599083,549.1790928078401,-0.8209071921599085,-0.5103478930017687,299.48965210699834,-0.5103478930017689,-0.5144700618318554,399.48552993816827,-0.5144700618318556,0.24479647382934716,200.24479647382947,0.24479647382934702,-0.05488261396685523,99.94511738603322,-0.054882613966855454,0.7764503921300114,1001.1011166952145,1.004686561977062,-202.15742714617426,496.5935810478917,-1.0754848480825199,-347.952738020408,398.5925479706915,-3.854011641285825,-453.8137190820494,195.39669982805242,-2.329921868784419,-501.9424597925969,54.636416252705025,1.2304304329540436,0.4154803629951506,-206.74836395640804,1.9460064438522842,-0.1869245692636824,-200.1869245692637,-0.1869245692636826,0.2509299341609336,-199.74907006583908,0.25092993416093345,-0.239797951359114,-200.23979795135915,-0.2397979513591142,-0.305020810155863,-200.3050208101559,-0.30502081015586324,199.19208223394247,496.7101315478516,-0.9589343481225854,344.9919651997236,399.977585302516,-4.268124064084628,447.6124102074698,193.71602250535568,1.2663499930651338,496.03710036832797,46.792016124570225,-4.047164858055015,1.8619193503943636,-200.52888664479156,-3.9153357050899915,-0.4937803878414854,-200.49378038784153,-0.49378038784148565,0.08549048188609423,-199.91450951811393,0.08549048188609401,-0.001841913782392235,-200.0018419137824,-0.001841913782392346,0.19811792772878406,-199.80188207227127,0.19811792772878395,-149.14343827957038,-108.15027329486557,-0.04473312099977109,-149.26198042356572,-458.26881543886094,-0.16327526499511627,-149.42256945843386,-908.429404473729,-0.3238642998632747,-0.07401779438210504,-200.07401779438214,-0.07401779438210512,147.50447568920322,-94.13802190167037,-2.0507018090614966,148.19185369044692,-443.4506439004267,-1.3633238078177932,147.88681073923271,-893.7556868516409,-1.6683667590319806,-0.4214184234057844,-200.42141842340584,-0.4214184234057845
131,1.31,-0.6182624586962655,699.3817375413039,-0.6182624586962657,-0.7166328206674919,549.2833671793326,-0.716632820667492,-0.4766253569749781,299.52337464302514,-0.4766253569749781,-0.4592720071669776,399.5407279928331,-0.45927200716697764,0.38515884589321314,200.38515884589336,0.3851588458932129,-0.15254458000962992,99.84745541999041,-0.15254458000963006,0.7396957430939769,1001.0767444816827,0.9745815565630981,-201.92194681477127,496.66393444096343,-0.9826061586118477,-348.1828177042325,398.3117913805031,-3.817063744355618,-453.6946837836342,195.50836892331307,-2.2758043792831906,-502.26695738837844,54.46307031888955,1.2885264212942242,0.35264449075037535,-206.51104750872503,2.233185719541418,-0.27253866613039646,-200.27253866613043,-0.27253866613039646,0.3309178772609844,-199.669082122739,0.3309178772609842,-0.45824213038398043,-200.458242130384,-0.4582421303839806,-0.30846370537644585,-200.30846370537645,-0.30846370537644596,199.23183430095554,496.5709224697214,-1.0756181298538785,344.9822441658465,400.07036003976924,-4.4064399181360505,447.45413363805085,193.6874005438911,1.2317965690195134,496.20747247756185,47.13663436618043,-3.8772812177586684,1.913184015590403,-200.71905694001197,-3.695696096992507,-0.42179150520171066,-200.42179150520175,-0.42179150520171077,0.06601962007752053,-199.93398037992253,0.06601962007752045,-0.16813535662772752,-200.16813535662774,-0.16813535662772752,0.2800268205760847,-199.71997317942393,0.2800268205760847,-149.12655743321108,-108.27635753308644,0.14149135794489415,-149.29835357691488,-458.4481536767903,-0.030304785758936595,-149.59400518702083,-908.7438052868963,-0.32595639586487557,-0.19625361919782697,-200.19625361919788,-0.196253619197827,147.69403638015638,-93.83026099714554,-2.0437840379378476,148.22004142983764,-443.3042559474643,-1.517778988256569,147.91139093428694,-893.612906443015,-1.8264294838072774,-0.2338024516710252,-200.23380245167104,-0.2338024516710253
132,1.32,-0.5265893304335548,699.4734106695665,-0.5265893304335549,-0.45639411346257924,549.5436058865375,-0.4563941134625793,-0.41895839447867506,299.5810416055214,-0.4189583944786751,-0.3530858554014371,399.64691414459867,-0.3530858554014371,0.34772532249297755,200.3477253224931,0.34772532249297744,-0.23896682960508606,99.76103317039492,-0.23896682960508614,0.7370040868657592,1001.0864925938026,0.9785423951578465,-201.83849699180982,496.58265539758565,-1.0436071339595705,-348.5431601871944,397.9120310041146,-3.8911875700406506,-453.5817146403293,195.60910557363488,-2.235165550230832,-502.6145769161392,54.23981572712261,1.297494924335182,0.2691849990221018,-206.27380889304305,2.4897886107619502,-0.4319222486887596,-200.43192224868878,-0.4319222486887596,0.2359127681782871,-199.7640872318217,0.2359127681782871,-0.6828782396753849,-200.68287823967543,-0.682878239675385,-0.23874512181193064,-200.23874512181192,-0.2387451218119307,199.27215933747712,496.43445619429133,-1.191806337253956,345.0249682939788,400.19738106495123,-4.49786784852902,447.2107546079626,193.57615052949626,1.0977821871409708,496.3363244921516,47.41944253507121,-3.758341292112001,1.9475405860439021,-200.90250824682118,-3.453434867574594,-0.3986895575766565,-200.3986895575767,-0.3986895575766565,0.08850874281451926,-199.91149125718553,0.0885087428145192,-0.3033975107357558,-200.30339751073575,-0.3033975107357556,0.3036632323782179,-199.6963367676218,0.30366323237821796,-149.20090915936854,-108.48093926824586,0.23970152891156288,-149.36154833661948,-458.64157844549686,0.07906235166060879,-149.74998754688104,-909.0300176557585,-0.3093768586009465,-0.2738322303503118,-200.2738322303503,-0.2738322303503118,147.86450399219595,-93.55444291280028,-2.0591833126683174,148.12289114883083,-443.29605575616546,-1.8007961560334436,147.88449813294477,-893.5344487720515,-2.039189171919517,-0.1268839505916335,-200.12688395059166,-0.1268839505916335
133,1.33,-0.43989709723368847,699.5601029027664,-0.4398970972336886,-0.17873557955851127,549.8212644204416,-0.17873557955851127,-0.32553551687459226,299.67446448312546,-0.32553551687459226,-0.27930273581332976,399.72069726418664,-0.27930273581332965,0.1664570731144835,200.16645707311454,0.16645707311448338,-0.3200235707248067,99.67997642927517,-0.3200235707248067,0.7678210209813154,1001.1298020272392,1.0160115832863412,-201.87468019486738,496.38233999234933,-1.2259207076255572,-348.95972713362585,397.4668911396901,-4.003453354920656,-453.43573782876115,195.73843521233783,-2.168551836612836,-502.94465955273347,54.0054592733125,1.2951738352919522,0.03713884782276597,-206.1671844230944,2.585011733863355,-0.602055562655322,-200.60205556265535,-0.602055562655322,-0.005639895445725102,-200.0056398954457,-0.005639895445725102,-0.882357811160905,-200.88235781116094,-0.882357811160905,-0.10096032802348409,-200.10096032802346,-0.10096032802348415,199.3493686217919,496.3372597334097,-1.2710009665651616,345.1394510366737,400.3780904302015,-4.522567819924398,446.89141209658,193.39064259063366,0.8728940641945881,496.46138512716675,47.67855864277965,-3.652189846359031,1.9138703982533491,-201.13043332226138,-3.2411872577770895,-0.43193321559202286,-200.43193321559207,-0.4319332155920229,0.15370233908343744,-199.84629766091658,0.15370233908343744,-0.3988440501412319,-200.3988440501412,-0.3988440501412319,0.2187666041396702,-199.78123339586034,0.2187666041396702,-149.37629232914836,-108.77380641692633,0.2395961602614448,-149.42674947541892,-458.82426356319695,0.1891390139908792,-149.85018691346772,-909.2477010012458,-0.23429842405791101,-0.2792053232795504,-200.27920532327954,-0.2792053232795504,147.9561600375017,-93.37028788723583,-2.1561095765181735,147.9253162454306,-443.40113167930696,-2.1869533685892275,147.80145860304324,-893.5249893216944,-2.310811010976596,-0.12980791860440383,-200.12980791860443,-0.12980791860440377
134,1.34,-0.3591413736189272,699.6408586263811,-0.3591413736189273,-0.0057827981935014705,549.9942172018066,-0.0057827981935014705,-0.16372130178519892,299.8362786982148,-0.16372130178519892,-0.2716656193078306,399.7283343806922,-0.27166561930783073,-0.06363953133521327,199.93636046866482,-0.06363953133521333,-0.3663188346405306,99.63368116535939,-0.36631883464053083,0.7875791659400044,1001.1621007539505,1.0424186284078318,-201.93059921581028,496.16308423259045,-1.4294775485223368,-349.3001754745168,397.10826116984526,-4.022691323765337,-453.23234884071417,195.92124316433552,-2.0511487839614637,-503.1709841864511,53.844534507489,1.3651735343731213,-0.37475563725059435,-206.22507565796172,2.484815161231066,-0.6496067692559924,-200.64960676925597,-0.6496067692559924,-0.22058315626632635,-200.22058315626631,-0.22058315626632632,-0.9904718538718011,-200.9904718538718,-0.9904718538718011,0.08996186288791397,-199.91003813711208,0.08996186288791386,199.50300454550188,496.31908887714786,-1.2734729039650103,345.32847843624376,400.6154666299948,-4.477200315924921,446.58149947448794,193.2155160294433,0.6420282526052865,496.6374080618307,47.969319899617304,-3.503523082441372,1.8031390605860205,-201.4121536941056,-3.06979739835002,-0.46369869203481096,-200.46369869203482,-0.46369869203481096,0.236466912057231,-199.76353308794276,0.23646691205723094,-0.4218639076200667,-200.42186390762006,-0.42186390762006654,0.034168104666495,-199.9658318953335,0.03416810466649506,-149.56779778902163,-109.07006718376995,0.225567657291864,-149.44035780814258,-458.9426272028909,0.3530076381709151,-149.88365620781238,-909.3859256025607,-0.09029076149890114,-0.24200555918614308,-200.24200555918614,-0.24200555918614308,147.966244139024,-93.28052964224847,-2.336800232225148,147.76599593674666,-443.48077784452585,-2.537048434502478,147.73064564492398,-893.5161281363486,-2.5723987263251598,-0.23103984226808683,-200.2310398422681,-0.23103984226808683
135,1.35,-0.30287707695548305,699.6971229230446,-0.30287707695548305,-0.014594858731619142,549.9854051412684,-0.014594858731619115,0.03861143698033359,300.0386114369803,0.03861143698033359,-0.3226278795683347,399.67737212043164,-0.3226278795683347,-0.2674510751142857,199.7325489248857,-0.2674510751142857,-0.3494004418278859,99.650599558172,-0.349400441827886,0.7811997990165027,1001.168305357685,1.0426816750186805,-201.95115328265803,495.98018764000074,-1.5990024458620007,-349.49374418023825,396.9064116053007,-3.8793739831604754,-452.99186185875067,196.1377225003547,-1.9028323940849308,-503.28797870636697,53.76110731116717,1.510686784833247,-0.9068697706311293,-206.39053812967637,2.2461350647280725,-0.5337751685793702,-200.53377516857938,-0.5337751685793702,-0.2711407953718346,-200.27114079537182,-0.2711407953718346,-0.975587027259032,-200.97558702725902,-0.9755870272590323,0.2735034586628506,-199.7264965413371,0.27350345866285053,199.6999763033973,496.34706360639905,-1.2321264794637359,345.53562707900954,400.8533408484193,-4.417610645492935,446.32151893760977,193.09053709901957,0.4452463724644188,496.866076853101,48.2941777401972,-3.309991071981271,1.6192413064616356,-201.74426740695736,-2.937459804491578,-0.46677925915603924,-200.46677925915603,-0.4667792591560392,0.24906566294868832,-199.75093433705132,0.24906566294868832,-0.395722968490812,-200.39572296849082,-0.39572296849081184,-0.19824168609159884,-200.1982416860916,-0.19824168609159878,-149.7024339979044,-109.29677518275743,0.27007797501830005,-149.38837364447795,-458.98271482933103,0.5841383284447252,-149.8855288214865,-909.4798700063395,0.08698315143620072,-0.25083861813716535,-200.25083861813715,-0.2508386181371654,147.9369077944443,-93.2429621380393,-2.558567930482763,147.73607008352658,-443.44379984895704,-2.759405641400461,147.73596551340574,-893.443904419078,-2.7595102115212833,-0.4486097778705921,-200.44860977787062,-0.44860977787059203
136,1.36,-0.30065109224983894,699.6993489077502,-0.30065109224983905,-0.20168658208720683,549.7983134179129,-0.20168658208720677,0.19299451737654863,300.19299451737646,0.19299451737654863,-0.3801030228266461,399.6198969771733,-0.3801030228266461,-0.41081304866038615,199.58918695133963,-0.4108130486603862,-0.2747576862467493,99.72524231375314,-0.27475768624674934,0.7744729171620119,1001.1742010985871,1.0425875688567303,-201.95860092849347,495.8115901242151,-1.7565774044579285,-349.5770282811867,396.82422301777444,-3.611385445884584,-452.7495305829276,196.35315031449676,-1.7583920598560705,-503.384101247972,53.665410130233056,1.6411268901945677,-1.4603147301729682,-206.56738912747062,1.9652766789369702,-0.3582822799164731,-200.35828227991647,-0.3582822799164731,-0.16856888616485743,-200.16856888616482,-0.1685688861648575,-0.8660965787058054,-200.86609657870576,-0.8660965787058054,0.36779300882787735,-199.6322069911721,0.36779300882787724,199.8382514264369,496.31935935125256,-1.248808177420499,345.7000332860707,401.03116421386085,-4.404062132134907,446.07962275729176,192.98314348266825,0.25031894872111693,497.0985669502699,48.60524828057079,-3.1196443542080456,1.362209519448837,-202.12743127392292,-2.846494954895429,-0.47349781871722846,-200.47349781871722,-0.4734978187172285,0.11056937929641233,-199.88943062070356,0.11056937929641232,-0.393421325141472,-200.39342132514145,-0.39342132514147193,-0.40923814636983075,-200.40923814636983,-0.40923814636983075,-149.7926644716897,-109.46646627836685,0.36012278482326243,-149.31277812867026,-458.9865799353475,0.84000912784269,-149.89777069371044,-909.5715725003877,0.25501656280251717,-0.3457769255048563,-200.34577692550485,-0.3457769255048563,147.91355790024468,-93.21209665592825,-2.7754586596577155,147.80732701915844,-443.31832753701457,-2.8816895407439658,147.8279119010263,-893.2977426551467,-2.861104658876096,-0.784420234733914,-200.7844202347339,-0.784420234733914
137,1.37,-0.3381933570239725,699.6618066429761,-0.3381933570239726,-0.45652757544673694,549.5434724245533,-0.45652757544673683,0.21777489612610307,300.217774896126,0.2177748961261031,-0.35529719707915164,399.64470280292085,-0.3552971970791516,-0.4711298131589455,199.52887018684106,-0.4711298131589454,-0.17590690214858462,99.82409309785132,-0.17590690214858465,0.7789243545662312,1001.1913090324853,1.0536589757781036,-201.97162973446822,495.63880198167317,-1.9207116171826977,-349.6489662597804,396.76220172508306,-3.319003927418979,-452.50008670762304,196.57334623931325,-1.612071258511397,-503.52662688523947,53.48906923056843,1.6873584601562333,-1.9445219980117772,-206.66776573396245,1.7303563828895443,-0.2428724220881342,-200.2428724220881,-0.2428724220881342,-0.021159540052202358,-200.02115954005217,-0.021159540052202386,-0.699159393882645,-200.6991593938826,-0.6991593938826451,0.35020377892405874,-199.64979622107592,0.35020377892405874,199.85933946018292,496.17769039785736,-1.3818232009985159,345.8553649393475,401.1829774693088,-4.402266777365956,445.83136494439935,192.8681990598527,0.03247894229378097,497.3059550289746,48.87470854001431,-2.960534388523523,1.0534654086302129,-202.541098249529,-2.778079602754772,-0.5192311435304109,-200.51923114353042,-0.5192311435304109,-0.16706352720701226,-200.16706352720695,-0.1670635272070123,-0.44029911740126837,-200.44029911740125,-0.44029911740126837,-0.5425909203953061,-200.5425909203953,-0.5425909203953061,-149.887703788451,-109.62845390262098,0.44593713662771883,-149.27686582723598,-459.01761594140595,1.056775097842737,-149.92689361232257,-909.6676437264927,0.4067473127561272,-0.4448193206117311,-200.4448193206117,-0.4448193206117312,147.9220762369884,-93.16194300467942,-2.961033930514042,147.91526307588373,-443.16875616578415,-2.967847091618725,147.96601482779423,-893.1180044138737,-2.9170953397082515,-1.1307946006250824,-201.13079460062502,-1.1307946006250824
138,1.38,-0.35447023308153214,699.6455297669186,-0.35447023308153225,-0.6270341776107305,549.3729658223893,-0.6270341776107304,0.09074094498602567,300.0907409449859,0.09074094498602561,-0.1943469744175385,399.8056530255825,-0.19434697441753845,-0.42555700724586604,199.57444299275417,-0.425557007245866,-0.0790972035917488,99.9209027964082,-0.07909720359174874,0.7655172428336527,1001.190587472811,1.046855843259476,-201.94304882563446,495.5092111413695,-2.044034192999163,-349.79056067122343,396.6387623569699,-3.0846172906850384,-452.19332020138773,196.8490890591437,-1.4131501463700658,-503.68417146670333,53.26259314924936,1.6791889409506853,-2.3105700250488295,-206.6454293141241,1.587996696685269,-0.18710937255514865,-200.18710937255514,-0.18710937255514865,0.07184407894978562,-199.92815592105018,0.07184407894978559,-0.4863335941127851,-200.48633359411275,-0.48633359411278526,0.2882872738848258,-199.71171272611514,0.2882872738848258,199.83709745234768,495.9961151077979,-1.5571302265707472,346.11902374754504,401.42661087323637,-4.294185583563506,445.6225676352635,192.79086325390784,-0.16271022554967268,497.5221347348521,49.13769764620068,-2.7978086678954712,0.7461189619333312,-202.93320590552207,-2.681927834464616,-0.6004546617700843,-200.60045466177007,-0.6004546617700843,-0.48303299892756335,-200.4830329989275,-0.48303299892756335,-0.46839478249352995,-200.46839478249353,-0.46839478249352984,-0.5795912343967067,-200.57959123439667,-0.5795912343967067,-149.99314948347478,-109.78846018028409,0.5213652820497062,-149.32234674491548,-459.11765744172476,1.1921680206090093,-149.94810261332066,-909.7434133101299,0.5664121522038271,-0.4204358550636215,-200.4204358550636,-0.4204358550636216,147.9722809744089,-93.08254878873616,-3.1049109919672455,148.05033959781176,-443.0044901653333,-3.026852368564386,148.08554203776535,-892.9692877253799,-2.991649928610791,-1.303512722018461,-201.3035127220184,-1.303512722018461
139,1.39,-0.3067854323702918,699.6932145676298,-0.3067854323702919,-0.651713062866254,549.3482869371337,-0.651713062866254,-0.13702585020387154,299.86297414979606,-0.1370258502038716,0.05061601943795849,400.05061601943805,0.05061601943795853,-0.2770241785007344,199.7229758214993,-0.2770241785007344,0.014174301121012894,100.01417430112099,0.014174301121012922,0.7051737526372034,1001.1429537340159,0.993097143388328,-201.80496777945416,495.49090399798865,-2.058473300099863,-350.0074040078552,396.4477052723679,-2.9152436731510423,-451.7940290393908,197.216163786236,-1.125897694133869,-503.7825371231607,53.05953769832852,1.6895362527954019,-2.5627888874763634,-206.50734841754962,1.5317422330489074,-0.09720262798289486,-200.0972026279829,-0.09720262798289486,0.07405331591630124,-199.92594668408367,0.07405331591630124,-0.2446548013695862,-200.24465480136956,-0.24465480136958626,0.2623397043195098,-199.73766029568048,0.26233970431950976,199.91656242787525,495.91986812876695,-1.6295091693215018,346.55928566248457,401.83082205259046,-4.010890815063899,445.5235310631612,192.82080381308384,-0.26514329948048876,497.80396132604415,49.45244565415181,-2.5735778896428867,0.4873212482505637,-203.25780956236218,-2.5139164649937213,-0.6903679754310921,-200.6903679754311,-0.6903679754310921,-0.7193644567401203,-200.7193644567401,-0.7193644567401203,-0.3821842866052365,-200.38218428660525,-0.3821842866052365,-0.5292035739136065,-200.52920357391355,-0.5292035739136065,-150.07716245087843,-109.91479548236603,0.6176820361835307,-149.44348093544124,-459.28111396692884,1.251363551620728,-149.94089493206164,-909.7785279635493,0.7539495550003497,-0.24132317793761054,-200.2413231779376,-0.2413231779376107,148.06818547442532,-92.96974145684442,-3.202505794138917,148.23774769701163,-442.80017923425817,-3.0329435715526136,148.14072340327328,-892.8972035279965,-3.1299678652909764,-1.1954530256717701,-201.19545302567175,-1.1954530256717701
140,1.4,-0.21661006054416276,699.7833899394559,-0.21661006054416282,-0.6000047680520929,549.399995231948,-0.6000047680520929,-0.358221623210454,299.64177837678955,-0.3582216232104539,0.2592230971645388,400.2592230971646,0.25922309716453884,-0.07283607503550647,199.92716392496453,-0.07283607503550646,0.10080867552994358,100.10080867552995,0.1008086755299436,0.609347779540008,1001.0598568191742,0.9038335600314245,-201.5480364658605,495.5934253138997,-1.9544962427073398,-350.2407944620774,396.2471041582836,-2.753641871203925,-451.3302188809995,197.64715872156268,-0.7777738445453695,-503.80589831539385,52.8953285526717,1.7332535543356018,-2.7409891111846263,-206.29590645766294,1.5198502440633275,0.07854347943242357,-199.92145652056763,0.07854347943242354,0.016564070961537863,-199.98343592903848,0.016564070961537836,-0.020326068645402373,-200.02032606864537,-0.0203260686454024,0.2716272641331562,-199.72837273586686,0.27162726413315624,200.17238787759743,496.02379662293174,-1.5241249336751963,347.11230829610133,402.3323006700183,-3.6155613360874588,445.53448335838465,192.95764925653828,-0.27472223073376756,498.1772339626448,49.8462388796464,-2.260946311761216,0.2842787973349769,-203.50905248423368,-2.270047215770159,-0.7524790476454698,-200.7524790476455,-0.7524790476454698,-0.7936286635782178,-200.7936286635782,-0.7936286635782179,-0.14799863915893985,-200.1479986391589,-0.14799863915893982,-0.3941965714055078,-200.39419657140547,-0.39419657140550785,-150.13608506505167,-110.00397562486049,0.7379764589357123,-149.59338791268104,-459.4612784724899,1.2806736113063493,-149.89961085866008,-909.767501418469,0.9744506653273359,-0.010132370217427245,-200.01013237021743,-0.010132370217427411,148.2102827047562,-92.82284481470336,-3.2527503802139925,148.4729175706314,-442.5602099488282,-2.9901155143387994,148.15216318831435,-892.8809643311453,-3.310869896655881,-0.8592701871879888,-200.85927018718797,-0.8592701871879888
141,1.41,-0.1394671913183284,699.8605328086817,-0.1394671913183285,-0.5662321108293324,549.4337678891708,-0.5662321108293324,-0.4703968293896608,299.52960317061036,-0.47039682938966076,0.3503060097792692,400.35030600977933,0.3503060097792693,0.10879721769816884,200.10879721769817,0.10879721769816883,0.14974330706467343,100.14974330706468,0.1497433070646735,0.5180560905803371,1000.981308568365,0.8190786367760514,-201.22955314758937,495.7596698616425,-1.7892177999307546,-350.451447331755,396.075598051297,-2.5620172460855404,-450.87135887820966,198.07320632937353,-0.4376878670467816,-503.81989492672074,52.70417483306186,1.744044536561049,-2.889533042543502,-206.0579527282114,1.5062372099079577,0.28175499268627857,-199.71824500731378,0.28175499268627857,-0.03631623314634516,-200.03631623314635,-0.03631623314634519,0.14787754762500777,-199.852122452375,0.14787754762500774,0.24472341281034368,-199.75527658718966,0.2447234128103438,200.5499605647423,496.25347681762565,-1.2954108439476077,347.6482607629278,402.80179534267177,-3.237355589183447,445.56624234410106,193.11165314177143,-0.28069347065871525,498.63669964135784,50.31540590795197,-1.864021164428133,0.11199378676345093,-203.7134090570238,-1.978681634212082,-0.7375524172909853,-200.73755241729097,-0.7375524172909855,-0.6787498057948862,-200.67874980579492,-0.6787498057948863,0.17807740389895613,-199.82192259610102,0.17807740389895618,-0.17206682402925477,-200.17206682402923,-0.17206682402925497,-150.21860273142687,-110.104882426182,0.8329921403929423,-149.7243335959172,-459.6106132906724,1.3272612759026192,-149.81318827246997,-909.6994679672251,1.2384065993498259,0.1306865586572957,-199.86931344134274,0.13068655865729556,148.3802541669803,-92.65997109383368,-3.2733857972309552,148.71187055350947,-442.3283547073046,-2.9417694107017813,148.20791909916124,-892.8323061616527,-3.4457208650500046,-0.4388196427947426,-200.43881964279475,-0.43881964279474256
142,1.42,-0.10690932252374363,699.8930906774763,-0.1069093225237438,-0.5622271654469493,549.4377728345531,-0.5622271654469493,-0.4507811505358071,299.5492188494642,-0.45078115053580703,0.3323739890049922,400.3323739890051,0.3323739890049922,0.18261689016784022,200.18261689016782,0.18261689016784016,0.130347470804957,100.13034747080496,0.130347470804957,0.46174037704725895,1000.9377457132618,0.769270831071001,-200.90868456905895,495.93066207897573,-1.6216205546298557,-350.67847980448187,395.89341002995525,-2.3810009086104715,-450.4729339445827,198.43942761082985,-0.16055322776069705,-503.9012396379927,52.40946637989127,1.6448619356715555,-3.0384513580351697,-205.82589952382668,1.4593787132624523,0.4101961908496385,-199.5898038091504,0.41019619084963843,-0.049059038455750964,-200.0490590384558,-0.04905903845575098,0.27033121402253196,-199.72966878597748,0.27033121402253196,0.14108710481111456,-199.85891289518892,0.14108710481111458,200.9261020847001,496.4859153141167,-1.066367319488894,348.081348439715,403.1541353174021,-2.961389710734179,445.52218968382067,193.18567049939548,-0.37967316620697406,499.1621627188504,50.8414083925052,-1.4018170340720668,-0.05696149975272788,-203.89989264430898,-1.670740491076994,-0.617514506384121,-200.61751450638414,-0.617514506384121,-0.41697777219994986,-200.41697777219997,-0.4169777721999499,0.49129833202532114,-199.5087016679747,0.49129833202532125,0.10007054333511525,-199.89992945666486,0.100070543335115,-150.37876249802687,-110.27178125896357,0.8481104525811889,-149.8263020723901,-459.71932083332683,1.400570878217954,-149.67469074985286,-909.5677095107897,1.55218220075521,0.10384995718376128,-199.89615004281626,0.10384995718376117,148.53388057895808,-92.52511133253441,-3.3080532796974493,148.90183120831153,-442.15716070318103,-2.9401026503440173,148.3952206233082,-892.6637712881843,-3.446713235347337,-0.06538313583133326,-200.06538313583133,-0.06538313583133337
143,1.43,-0.1192068856008118,699.8807931143992,-0.11920688560081183,-0.5388492465629079,549.4611507534372,-0.538849246562908,-0.369492045821768,299.63050795417826,-0.369492045821768,0.26295547335158354,400.2629554733516,0.2629554733515835,0.08780512520606079,200.08780512520605,0.08780512520606074,0.0648201415438841,100.06482014154388,0.0648201415438841,0.44391392024435766,1000.9326765447283,0.757920181364121,-200.59055702326287,496.1014647473713,-1.4566462014232222,-350.9800908735138,395.64167080977097,-2.2703239566357327,-450.15202506007347,198.7293484165139,0.0371294613706786,-504.0560695327599,52.00542472019022,1.4295592647022866,-3.206284056478042,-205.62054487361735,1.359483104063729,0.4210651357492554,-199.57893486425075,0.42106513574925536,-0.041806399465987854,-200.041806399466,-0.04180639946598791,0.3870140311784134,-199.6129859688216,0.3870140311784133,0.011910483614554393,-199.98808951638546,0.011910483614554476,201.19378184168824,496.61426181843706,-0.9438491303574388,348.39983579748423,403.3782500713803,-2.798717616136247,445.3850776098003,193.16196665544595,-0.588840031884594,499.6999391541376,51.372275952006774,-0.926815944844146,-0.22798423534448817,-204.07557658244127,-1.3552161590858296,-0.4361908390805715,-200.43619083908058,-0.4361908390805715,-0.11154592865513614,-200.11154592865518,-0.11154592865513618,0.7017816918436235,-199.29821830815638,0.7017816918436236,0.3343071955286551,-199.66569280447132,0.3343071955286549,-150.61730782536517,-110.50565469824333,0.7820176636965421,-149.9261383421071,-459.8144852149853,1.473187146954603,-149.5260868906549,-909.4144337635331,1.8732385984067896,-0.07504428640468813,-200.0750442864047,-0.07504428640468816,148.63067162005694,-92.45850675603259,-3.396666391244265,149.00291159957683,-442.08626677651273,-3.0244264117244213,148.7204053306974,-892.3687730453921,-3.3069326806038557,0.18504322082170716,-199.81495677917832,0.18504322082170727
144,1.44,-0.17681701928032417,699.8231829807197,-0.17681701928032423,-0.4786678647643736,549.5213321352358,-0.4786678647643737,-0.32457751658630674,299.6754224834137,-0.3245775165863067,0.1884673838313933,400.1884673838314,0.1884673838313933,-0.16467944658944156,199.83532055341058,-0.1646794465894416,0.027499565895041517,100.02749956589504,0.02749956589504149,0.45164615805172115,1000.9531654812238,0.7720928750460923,-200.2495182975295,496.29791679345044,-1.268457734363419,-351.33825507516275,395.33772853544576,-2.2135054765087334,-449.90152621191896,198.95067911294,0.16305282583016367,-504.21080897395484,51.56624065510799,1.1720286910013482,-3.414834879647138,-205.46580998829566,1.1837498709123306,0.354191286196559,-199.6458087138035,0.35419128619655893,-0.055121484441596036,-200.0551214844416,-0.05512148444159598,0.5105649939975507,-199.48943500600245,0.5105649939975506,-0.05432082449706169,-200.0543208244971,-0.054320824497061604,201.3029703007678,496.58866215306176,-0.9777123747521526,348.6309062862689,403.50202583266775,-2.721474062093661,445.22107652440707,193.10626672499555,-0.841887608993115,500.15178496996,51.81151484940216,-0.5360534884246239,-0.3821726605445458,-204.2233065171009,-1.016876218556771,-0.2873167173132206,-200.28731671731322,-0.2873167173132206,0.12732428989949174,-199.8726757101005,0.12732428989949174,0.7673322025698126,-199.23266779743017,0.7673322025698127,0.45463551433579885,-199.5453644856642,0.4546355143357986,-150.86555470927604,-110.73807746528973,0.7028307137570431,-150.06064850947078,-459.9331712654845,1.5077369135622845,-149.45514930070067,-909.3276720567144,2.113236122332392,-0.32610789344548835,-200.3261078934455,-0.3261078934454883,148.6668949650434,-92.4636209252869,-3.542383891978387,149.00465031332206,-442.1258655770083,-3.2046285436997524,149.0951202093061,-892.0353956810243,-3.114158647715727,0.29224615483896976,-199.70775384516102,0.2922461548389697
145,1.45,-0.27343957885786985,699.7265604211422,-0.27343957885786996,-0.4272476931289508,549.5727523068712,-0.42724769312895083,-0.37058401422314335,299.62941598577686,-0.37058401422314335,0.12846290548772765,400.1284629054877,0.12846290548772765,-0.47317368477776783,199.52682631522225,-0.4731736847777679,0.08840703144246109,100.08840703144247,0.08840703144246104,0.47025801692164393,1000.9845284026608,0.7971065818353305,-199.90012932206983,496.50564138978655,-1.0714313378692664,-351.67935891512866,395.05451588723076,-2.138483197582763,-449.69883736272084,199.12661822728006,0.24040706484376528,-504.27497632957767,51.183265877118174,0.9633924717123106,-3.6826183370832055,-205.38217073944486,0.9129334203777593,0.27406598824881684,-199.72593401175124,0.2740659882488167,-0.1089230990993949,-200.1089230990994,-0.10892309909939485,0.5987206051557075,-199.4012793948443,0.5987206051557072,-0.018629309439454532,-200.0186293094395,-0.01862930943945447,201.2721840386231,496.42780307317594,-1.1492696544799577,348.81711034083696,403.5687501037697,-2.686429605243592,445.11643020449515,193.10441249974014,-1.052369183942029,500.4262540478161,52.0694457546395,-0.31977573556108274,-0.5092195921968518,-204.3345741141731,-0.6491283670489578,-0.23191552136374882,-200.23191552136373,-0.23191552136374877,0.24612450704086927,-199.75387549295914,0.2461245070408693,0.6931469827096565,-199.30685301729034,0.6931469827096565,0.4563977018187065,-199.5436022981813,0.45639770181870626,-151.02188146691836,-110.86770498218324,0.7116093348531198,-150.2494945776337,-460.09531809289865,1.4839962241377755,-149.51493456369778,-909.3607580789628,2.218556238073703,-0.5456642415147988,-200.5456642415148,-0.5456642415147988,148.66843535806677,-92.51428189814672,-3.718752573532085,148.94468932508647,-442.238027931127,-3.4424986065123857,149.39946004716643,-891.7832572090471,-2.9877278844324326,0.28121599454166646,-199.71878400545833,0.28121599454166646
146,1.46,-0.35610361746773295,699.6438963825324,-0.35610361746773306,-0.42830550982700066,549.5716944901731,-0.42830550982700066,-0.4956913160721247,299.5043086839279,-0.4956913160721247,0.10213375313916744,400.10213375313924,0.10213375313916738,-0.7059185251391313,199.29408147486095,-0.7059185251391313,0.26646945666568234,100.26646945666572,0.26646945666568234,0.4823066692502145,1001.0093174096504,0.8155152125456319,-199.60601079182004,496.6611990849118,-0.9290032510902273,-351.97544904629876,394.8193054233195,-2.0188558840407342,-449.4928296948665,199.30888383649267,0.32091200351476773,-504.187740511211,50.918452658317406,0.8654419943874085,-3.976920495002471,-205.33870446052202,0.5792909974186496,0.2157545674700799,-199.78424543252993,0.21575456747007982,-0.18655408007595464,-200.18655408007598,-0.1865540800759546,0.5855955870949371,-199.41440441290507,0.585595587094937,0.09041248806234566,-199.90958751193767,0.09041248806234574,201.19108243461187,496.22150872936294,-1.3686936066391722,349.0235437397623,403.64428643567487,-2.627815212145048,445.12229327409636,193.20720138838482,-1.1688607011416678,500.51798707873735,52.142472602553326,-0.2821649539486469,-0.6403325468362981,-204.44241704753819,-0.2869115802826686,-0.2608524139263395,-200.26085241392633,-0.2608524139263395,0.26709527524850685,-199.7329047247515,0.26709527524850685,0.5297790620784485,-199.47022093792154,0.5297790620784486,0.3927870503404315,-199.60721294965958,0.3927870503404314,-151.01645422995367,-110.82499758621168,0.8776324653344909,-150.46327034253034,-460.2718136987883,1.430816352757851,-149.66446445892922,-909.4730078151873,2.2296222363589404,-0.6530286200175376,-200.65302862001755,-0.6530286200175375,148.67656917016197,-92.56890895438019,-3.883934611717014,148.90401046045645,-442.3414676640857,-3.6564933214225652,149.56303896716207,-891.68243915738,-2.9974648147169183,0.20347300591436343,-199.79652699408564,0.20347300591436343
147,1.47,-0.3402352406882662,699.6597647593119,-0.34023524068826627,-0.4515065826369179,549.5484934173631,-0.4515065826369179,-0.640030068633182,299.3599699313669,-0.6400300686331819,0.14027858223942757,400.1402785822395,0.14027858223942746,-0.7935187028306073,199.20648129716946,-0.7935187028306074,0.5227642133937737,100.5227642133938,0.5227642133937738,0.4609471036551398,1001.0006823956669,0.8004704907663585,-199.40569211428226,496.72623861016837,-0.8795189580727203,-352.259513803736,394.5984315370734,-1.889159091478517,-449.2117632339915,199.56979261341104,0.4768967699697084,-503.91315349301624,50.80911546576881,0.9153982872703047,-4.183270750199493,-205.22254940591205,0.2971174362496711,0.17910117847259444,-199.82089882152744,0.17910117847259432,-0.2329836684347322,-200.23298366843477,-0.23298366843473214,0.44576108317115454,-199.55423891682884,0.44576108317115437,0.21212680445074072,-199.7878731955493,0.2121268044507408,201.1842541927229,496.09452696766095,-1.5112306005802685,349.33116247723257,403.81038562725655,-2.4640103485664833,445.24552856332406,193.4211850221975,-1.1841640523494084,500.5289349869388,52.134286052586944,-0.3201306621499259,-0.8228378835734484,-204.59600285797245,0.018728836492684933,-0.3240869600887615,-200.32408696008875,-0.32408696008876137,0.2533786841050216,-199.74662131589497,0.2533786841050216,0.35604349019003795,-199.64395650980993,0.356043490190038,0.3195546203529007,-199.6804453796471,0.3195546203529006,-150.84915769796075,-110.61014996236003,1.2004693981518015,-150.60835032617888,-460.36934259057807,1.441276769933716,-149.8183098782456,-909.5793021426448,2.2313172178669975,-0.6295383403805961,-200.62953834038063,-0.6295383403805961,148.75879880563903,-92.5596795139849,-3.969875064695987,148.96402124156506,-442.3544570780589,-3.764652628769947,149.59862193537893,-891.7198563842451,-3.1300519349560965,0.11593391167610609,-199.8840660883239,0.11593391167610603
148,1.48,-0.19352525631402656,699.8064747436861,-0.19352525631402664,-0.41327950842194494,549.586720491578,-0.41327950842194494,-0.7331415264393257,299.2668584735607,-0.7331415264393257,0.24749496391347725,400.2474949639135,0.2474949639134772,-0.7540059659071809,199.24599403409286,-0.7540059659071809,0.7727179924415214,100.77271799244156,0.7727179924415214,0.384199244241577,1000.9366381682144,0.7299890735363765,-199.26657717414594,496.73353087296186,-0.8901991941784847,-352.5454859886128,394.377291122013,-1.7648622016668885,-448.82154515556675,199.94399824081967,0.7430388052882244,-503.4534086771831,50.85466467975611,1.1126441864721577,-4.1777333848723455,-204.91118576412106,0.190457873914581,0.14657006425057945,-199.85342993574946,0.14657006425057936,-0.1871651163119491,-200.18716511631197,-0.18716511631194907,0.232600925608668,-199.76739907439134,0.23260092560866774,0.28495816492684223,-199.7150418350732,0.28495816492684234,201.3220662156005,496.1173779884577,-1.5063520786827453,349.783107597255,404.11100681545963,-2.1512210857218377,445.4551436655319,193.71510683319258,-1.1288714291665973,500.59957938743844,52.187064299636106,-0.29210330691385106,-1.0591988620484374,-204.7996267688781,0.26165217593948603,-0.35855813076639165,-200.35855813076643,-0.35855813076639165,0.2560054390158731,-199.74399456098416,0.25600543901587314,0.22419362321934178,-199.77580637678062,0.22419362321934183,0.2589088905461025,-199.74109110945392,0.25890889054610244,-150.57054523887498,-110.27403988604226,1.6290315698120081,-150.58457900240055,-460.2880736495678,1.6149978062864512,-149.9458728094942,-909.6493674566614,2.253703999192825,-0.5108469443007246,-200.51084694430074,-0.5108469443007245,148.9927927636907,-92.40859043708751,-3.89836370358591,149.15255721925382,-442.2488259815244,-3.7385992480227865,149.57538368821486,-891.8259995125634,-3.3157727790617666,0.05696379134238688,-199.94303620865765,0.056963791342386855
149,1.49,0.017548492402981175,700.0175484924031,0.017548492402981175,-0.27306824707034627,549.7269317529297,-0.27306824707034627,-0.7298820352342679,299.27011796476575,-0.729882035234268,0.3734767591559051,400.3734767591559,0.37347675915590506,-0.6400791676742532,199.3599208323258,-0.6400791676742534,0.9161984652470546,100.91619846524706,0.9161984652470546,0.2625019318946568,1000.8276184320314,0.6145065340498678,-199.13860890249262,496.73330414894775,-0.9108047562268236,-352.79043633699416,394.198153493586,-1.6045561929135752,-448.3694415223259,200.38477646071834,1.072649470272035,-502.89363821824975,50.971799362248234,1.3739151213916103,-3.9506172787145974,-204.3961366854852,0.26939999709022133,0.09683867301730376,-199.90316132698274,0.0968386730173037,-0.046081757230998804,-200.04608175723106,-0.046081757230998804,0.043857408226713857,-199.9561425917733,0.04385740822671358,0.2721005930869933,-199.72789940691308,0.27210059308699336,201.5559623580799,496.2416528919625,-1.40245601321223,350.32922083938047,404.4968293213734,-1.7389673616825851,445.6800851001218,194.01769700874064,-1.0735723289905614,500.8153357402234,52.387857083693845,-0.11164475286361078,-1.2980334359336703,-205.0037094687499,0.48963318013695667,-0.29768583468223986,-200.29768583468228,-0.29768583468223986,0.2844997168850343,-199.715500283115,0.2844997168850343,0.11760238987273919,-199.88239761012727,0.11760238987273922,0.20440295665736077,-199.7955970433427,0.20440295665736072,-150.2457452578774,-109.88213320298027,2.097668061759971,-150.389322167398,-460.02571011250086,1.9540911522393212,-150.08996639229542,-909.7263543373983,2.2534469273419373,-0.33928184641710474,-200.33928184641712,-0.3392818464171048,149.39314148465024,-92.10070357052021,-3.654281039297504,149.42400556574515,-442.06983948942536,-3.623416958202616,149.57127299058106,-891.9225720645895,-3.47614953336672,0.02881380993477281,-199.97118619006528,0.028813809934772727
150,1.5,0.18976843147427153,700.1897684314744,0.18976843147427147,-0.08322713253754835,549.9167728674624,-0.08322713253754846,-0.6181344612964395,299.38186553870355,-0.6181344612964395,0.45280727892447764,400.45280727892447,0.4528072789244776,-0.4876233806634757,199.51237661933658,-0.4876233806634757,0.8984136251852635,100.89841362518527,0.8984136251852637,0.1363506621685538,1000.7141135289024,0.49451510096331097,-199.02423764379938,496.72327548027226,-0.9436051092440899,-352.94390540866345,394.11083181772693,-1.3592799025050537,-447.93968714440086,200.80841208154717,1.382061568810748,-502.3809518255784,51.015456633386776,1.5542460928409914,-3.6218477862623795,-203.7983333995626,0.4147017802411801,0.018610571041720148,-199.98138942895832,0.018610571041720092,0.11857746786848766,-199.88142253213158,0.11857746786848761,-0.05676429529197713,-200.05676429529203,-0.05676429529197735,0.1894130253313258,-199.81058697466872,0.1894130253313258,201.7673011043214,496.3488511546341,-1.3180294348823196,350.8551478958712,404.85435206824235,-1.3409825854783306,445.83043197526683,194.23886671425853,-1.1076613168250793,501.1671269629345,52.72914084060943,0.21311232132168065,-1.4919654275261531,-205.16262869291998,0.7465389392067838,-0.10281916166158478,-200.1028191616616,-0.10281916166158472,0.3199999346628558,-199.68000006533717,0.3199999346628558,-0.011860905350246892,-200.01186090535026,-0.011860905350246906,0.15427239356056954,-199.84572760643948,0.15427239356056954,-149.94500892927337,-109.50503014634727,2.535619712900788,-150.1447220617723,-459.7047432788463,2.3359065804018266,-150.2788969170644,-909.8389181341383,2.2017317251097426,-0.13512397057498096,-200.13512397057505,-0.135123970574981,149.87172595312427,-91.72377856326955,-3.325231566639379,149.69191386722312,-441.90359064917084,-3.5050436525405426,149.64330983173707,-891.9521946846568,-3.5536476880265786,0.0159733046676788,-199.98402669533237,0.015973304667678774
151,1.51,0.27572672179109603,700.2757267217911,0.27572672179109603,0.06121774316052103,550.0612177431606,0.06121774316052098,-0.40441964528877045,299.5955803547112,-0.4044196452887704,0.4561519367498299,400.45615193674985,0.4561519367498299,-0.32645304738489656,199.67354695261514,-0.32645304738489667,0.7517016716630155,100.75170167166303,0.7517016716630154,0.043006123591943834,1000.6333789778978,0.40727219812289855,-198.9783733958056,496.64869820512837,-1.0433308645563395,-353.01387646495056,394.1067134628042,-1.0384873711691767,-447.5811294271689,201.16655209268413,1.6229829342783224,-502.0245724679004,50.87866232590369,1.546819532927754,-3.325521637498419,-203.25266532996835,0.49323384286451566,-0.08027596168195161,-200.08027596168193,-0.08027596168195161,0.226488173249138,-199.7735118267509,0.22648817324913795,-0.0823143662225907,-200.08231436622265,-0.0823143662225908,0.10006881053196763,-199.8999311894681,0.1000688105319677,201.8800525791351,496.3630774474369,-1.3289516222478,351.2806245603042,405.1041758676216,-1.0369302914774499,445.85311952252806,194.32543195434278,-1.2836161666184667,501.5674883518297,53.12490601767843,0.5955571079446337,-1.6428789434328859,-205.2799546474701,1.0271017504397084,0.183905518940908,-199.8160944810591,0.18390551894090792,0.33940668324701634,-199.66059331675302,0.33940668324701634,-0.17511407701891168,-200.17511407701892,-0.17511407701891174,0.12894021415545173,-199.87105978584458,0.12894021415545176,-149.74670097299116,-109.22145467846016,2.864030154927539,-150.00310940229733,-459.4778631077663,2.6076217256213736,-150.4634727119464,-909.9382264174155,2.1472584159722725,0.07849285779770311,-199.92150714220236,0.07849285779770307,150.2939880274825,-91.41200397565993,-3.0452752494980913,149.88611218719802,-441.81987981594443,-3.4531510897825646,149.81387547656962,-891.8921165265729,-3.5253878004109884,0.02288994208938826,-199.97711005791064,0.022889942089388198
152,1.52,0.29571821004008814,700.29571821004,0.29571821004008814,0.09474106294876813,550.094741062949,0.09474106294876816,-0.11936914485603928,299.8806308551439,-0.11936914485603933,0.384884845595633,400.38488484559565,0.384884845595633,-0.222593241537558,199.77740675846243,-0.22259324153755805,0.5578474709433658,100.55784747094337,0.5578474709433658,0.0012422817127323849,1000.604183561361,0.3715485300347086,-199.06003812208323,496.4507094191118,-1.2688263287383368,-353.0835668422676,394.101971754219,-0.7268337968553482,-447.311493443039,201.4419376639159,1.778228853932741,-501.84152406128544,50.546827945851305,1.3372590965837272,-3.1164329991103346,-202.81450337597101,0.4514482940287826,-0.18704405121111517,-200.18704405121113,-0.18704405121111517,0.257829442242868,-199.74217055775716,0.2578294422428681,-0.09770615512060665,-200.09770615512065,-0.09770615512060662,0.061237020935072856,-199.93876297906496,0.06123702093507291,201.90360452856117,496.2938474312589,-1.4256883165912404,351.6088669051525,405.2503897274464,-0.8230166942833836,445.7634533451537,194.2926279135302,-1.5854855349733608,501.8937485271964,53.45382143623563,0.9137702833641144,-1.7842209527681192,-205.3907343738576,1.2946427965577794,0.4306171848532001,-199.5693828151468,0.43061718485320016,0.3136094012826259,-199.68639059871742,0.3136094012826259,-0.33842414180960917,-200.3384241418096,-0.33842414180960917,0.14302916665252655,-199.8569708333475,0.14302916665252657,-149.71845550370819,-109.09940889073651,3.0147917358070475,-150.03343858921667,-459.41439197624504,2.699808650298517,-150.58959224848687,-909.9705456355152,2.1436549910283307,0.23678816691395968,-199.76321183308607,0.23678816691395968,150.55749247022908,-91.26743670203878,-2.9163672659300777,149.98741761562775,-441.83751155664015,-3.486442120531378,150.05353222904665,-891.7713969432212,-3.420327507112488,0.06283419807768083,-199.93716580192233,0.06283419807768081
153,1.53,0.2782992969353737,700.2782992969355,0.2782992969353737,-0.0012509895611074406,549.998749010439,-0.001250989561107369,0.16022478446869082,300.1602247844687,0.16022478446869087,0.24769079225437649,400.2476907922544,0.24769079225437654,-0.26159859730166757,199.73840140269837,-0.2615985973016677,0.37226515285202166,100.37226515285204,0.37226515285202166,0.025855685764700792,1000.6413186335287,0.4021373899597045,-199.28379815834222,496.114897347664,-1.6344821441252386,-353.25827547888514,393.9907214605611,-0.5310177754923452,-447.16257769088753,201.60320557964616,1.8165238785184905,-501.8004738647044,50.05389134018684,0.9597668090269377,-2.9851745952191866,-202.4748002734916,0.30027019090973395,-0.3015700622064471,-200.30157006220645,-0.30157006220644716,0.24633774337848913,-199.75366225662154,0.24633774337848913,-0.1673131323434182,-200.16731313234345,-0.1673131323434181,0.07074210311283491,-199.92925789688724,0.07074210311283494,201.87754601403435,496.18087127408205,-1.5685082177071716,351.87204138783136,405.3260370976851,-0.6665232326887709,445.6118605400875,194.1908599371028,-1.962140000850762,502.05226609611066,53.623455550694885,1.074750364060331,-1.9433159415463075,-205.52378913771284,1.5187825179780008,0.49766894401683665,-199.50233105598318,0.49766894401683665,0.2030419488794558,-199.79695805112055,0.2030419488794558,-0.46726893651134427,-200.46726893651135,-0.4672689365113444,0.173063147959953,-199.8269368520401,0.1730631479599531,-149.88325231707785,-109.16224783212797,2.964470960402996,-150.19953226131912,-459.4785277763693,2.6481910161617117,-150.7013736852983,-909.9803692003484,2.1463495921825366,0.24685101477251986,-199.75314898522748,0.2468510147725198,150.62080020013485,-91.33113018034283,-2.979486485736017,150.02128089178206,-441.9306494886956,-3.579005794088781,150.27763893817703,-891.6742914423007,-3.3226477476938228,0.10319939437803485,-199.89680060562196,0.10319939437803485
154,1.54,0.21798269083465,700.2179826908347,0.21798269083465002,-0.21359443105548753,549.7864055689447,-0.21359443105548753,0.3229577909044744,300.32295779090447,0.3229577909044744,0.06863343170110478,400.0686334317011,0.06863343170110481,-0.4621595402606708,199.53784045973936,-0.4621595402606709,0.19882588327354467,100.1988258832736,0.19882588327354467,0.131419962874436,1000.7593526166984,0.5136091555513543,-199.59198610082913,495.6990792415565,-2.082457408923593,-353.5844637500028,393.7259408432273,-0.49885700336711425,-447.16134887882276,201.62379078513732,1.7114046919732788,-501.86598599427805,49.43804479872317,0.45284732249351717,-2.9083075036918036,-202.21026164725663,0.06491804052985758,-0.4287020794472435,-200.4287020794472,-0.42870207944724353,0.21754881422322725,-199.78245118577678,0.21754881422322736,-0.3167360812815233,-200.31673608128153,-0.3167360812815232,0.06364740817182571,-199.9363525918282,0.06364740817182576,201.81319945016975,496.03558552019257,-1.7459511302875355,352.0617499202016,405.3235971046356,-0.5753240560208662,445.43147633305415,194.05328979270428,-2.379687824570868,502.03403636519045,53.62586908236504,1.0700112506004882,-2.136830996720856,-205.69716335615243,1.6799991244269123,0.3527855243326175,-199.6472144756674,0.35278552433261756,-0.010420354349731542,-200.01042035434972,-0.010420354349731542,-0.5508504760799677,-200.55085047607997,-0.5508504760799677,0.17358950583330793,-199.8264104941667,0.17358950583330796,-150.20372155118451,-109.37298270990466,2.7500055036766264,-150.42114798682974,-459.5904091455499,2.5325790680313904,-150.89982231688612,-910.0690834756062,2.053904737975027,0.06675864353181887,-199.93324135646816,0.06675864353181876,150.50190002178283,-91.58470412714487,-3.2162054184321596,150.02385157499188,-442.0627525739359,-3.6942538652230885,150.38896186473363,-891.6976422841942,-3.329143575481332,0.06209042499557606,-199.93790957500443,0.06209042499557614
155,1.55,0.08687861923291962,700.086878619233,0.08687861923291962,-0.5004014527973937,549.4995985472028,-0.5004014527973939,0.28270600075077,300.2827060007508,0.28270600075077,-0.11165656980315669,399.88834343019687,-0.11165656980315669,-0.7368901703532311,199.2631098296468,-0.7368901703532311,0.024047178457673013,100.02404717845774,0.024047178457673124,0.312262758988268,1000.9526079441241,0.7002882312150186,-199.87780787228218,495.3101941002608,-2.5057869720662937,-354.0207622948209,393.3484675733388,-0.5902901438038175,-447.2674692635452,201.54439652393236,1.5036905181741675,-501.98011820853367,48.760118589422554,-0.12231269103665976,-2.8616060678038013,-201.99659417138395,-0.2283530302278487,-0.5688256571955783,-200.56882565719553,-0.5688256571955783,0.1542085872334641,-199.84579141276654,0.1542085872334642,-0.5205175128689028,-200.5205175128689,-0.520517512868903,-0.03833974925801978,-200.038339749258,-0.03833974925801978,201.70569404724895,495.85322637274766,-1.9627546995793965,352.14220472409613,405.2081556123183,-0.5847136189896411,445.227892602102,193.8855835905391,-2.8317290424588637,501.90839147300574,53.53130253120156,0.9692744305179952,-2.383606576522441,-205.93094047082877,1.7568197999688744,0.08976284882052427,-199.91023715117944,0.08976284882052427,-0.28573891481987385,-200.28573891481986,-0.28573891481987385,-0.5927647581563372,-200.59276475815636,-0.5927647581563372,0.11521160720080109,-199.88478839279918,0.11521160720080109,-150.60057226684583,-109.65270801214405,2.4502772465521354,-150.63506080479004,-459.6871965500883,2.4157887086079115,-151.19831847436765,-910.2504542196659,1.8525310390303273,-0.23177698855968298,-200.2317769885597,-0.2317769885596832,150.26888874933178,-91.95966587564124,-3.5580117085196887,150.00312894596595,-442.22542567900706,-3.8237715118855102,150.3468034021641,-891.881751222809,-3.480097055687369,-0.10935761146571832,-200.10935761146573,-0.10935761146571837
156,1.56,-0.12092816539256612,699.8790718346074,-0.12092816539256612,-0.7808108041519042,549.2191891958482,-0.7808108041519041,0.05238867335271319,300.05238867335277,0.05238867335271319,-0.26316655253103155,399.736833447469,-0.2631665525310317,-0.9580186235673269,199.04198137643272,-0.9580186235673271,-0.14169203513351458,99.85830796486654,-0.14169203513351458,0.5228186803706512,1001.1755140034893,0.916605991039964,-200.04662163919275,495.04302354975374,-2.8096605762465496,-354.47225010066836,392.95272223906926,-0.7116511414905584,-447.36279428514797,201.48349433941195,1.3119833356578623,-502.0373743494998,48.12860770488429,-0.6568222037734193,-2.8044202968974723,-201.79287317166697,-0.5366277260766967,-0.7175625856045625,-200.71756258560453,-0.7175625856045625,0.0331949420175322,-199.96680505798247,0.03319494201753237,-0.7102072322223945,-200.7102072322224,-0.7102072322223945,-0.25314136319613356,-200.2531413631961,-0.25314136319613356,201.59174638336887,495.6706101148915,-2.1820740111088384,352.12243789248527,404.98961104622657,-0.6851994544989124,445.01738324497006,193.70413632089407,-3.3011329325799026,501.76990163401183,53.43506637747074,0.8673636214006605,-2.6913238031234465,-206.23389674162576,1.7391735896204874,-0.1662899812773072,-200.16628998127726,-0.1662899812773072,-0.5334697904854087,-200.53346979048538,-0.5334697904854087,-0.5961677650767216,-200.5961677650767,-0.5961677650767216,-0.002230611174358632,-200.00223061117435,-0.002230611174358632,-150.9772269170394,-109.90523452789685,2.1614793580424547,-150.80413629693334,-459.7321439077908,2.334569978148483,-151.46419898274337,-910.392206593601,1.6745072923384217,-0.49992379839933765,-200.49992379839932,-0.49992379839933787,150.0188338436099,-92.35854919176978,-3.9074470528105336,149.94163781665287,-442.43574521872677,-3.984643079767567,150.20208510213507,-892.1752979332446,-3.7241957942853543,-0.35245681701107034,-200.35245681701105,-0.3524568170110703
157,1.57,-0.345646706325209,699.6543532936748,-0.3456467063252091,-0.9413613808095428,549.0586386191906,-0.941361380809543,-0.23217387248810933,299.7678261275119,-0.23217387248810933,-0.38060743336183167,399.6193925666382,-0.3806074333618316,-1.0346519689510376,198.96534803104896,-1.0346519689510378,-0.2537743585783177,99.74622564142172,-0.25377435857831765,0.6826342582555494,1001.3476121035419,1.082105744884987,-200.04443011535122,494.9516993400749,-2.9399153837985983,-354.83106556515264,392.6460997112681,-0.756275722957667,-447.3128571590684,201.57583728991705,1.271181247924587,-501.9186114221528,47.66574301015754,-1.0280193315155635,-2.671809057250901,-201.5336829128845,-0.7924798551291045,-0.8528866005157385,-200.85288660051572,-0.8528866005157386,-0.11803672805762772,-200.11803672805763,-0.11803672805762755,-0.7981787403374997,-200.7981787403375,-0.7981787403374997,-0.4992378434878589,-200.4992378434879,-0.499237843487859,201.57025459944248,495.5867271628248,-2.304887561048722,352.0834725170197,404.7498418555142,-0.7953332531987414,444.8683292646963,193.57749588774453,-3.7186159670705887,501.6960647887189,53.41522137367295,0.841889225504125,-3.027764289707009,-206.57474909903226,1.6571497946050076,-0.33667897426400717,-200.33667897426398,-0.33667897426400717,-0.6664855270438816,-200.66648552704385,-0.6664855270438816,-0.5544982721274361,-200.55449827212743,-0.5544982721274362,-0.15636049695201298,-200.156360496952,-0.15636049695201298,-151.2347095157295,-110.03197608094372,1.9822296074177421,-150.8954929899587,-459.692759555173,2.3214461331885303,-151.5153063753692,-910.3125729405836,1.7016327477780249,-0.6134356840854016,-200.6134356840854,-0.6134356840854018,149.8470675388664,-92.68562158649208,-4.168814557539663,149.85497064104814,-442.67771848431033,-4.160911455357932,150.0669573884904,-892.4657317368681,-3.9489247079156775,-0.5367109166184654,-200.53671091661846,-0.5367109166184654
158,1.58,-0.4800934305236588,699.5199065694765,-0.480093430523659,-0.8992939173258874,549.1007060826742,-0.8992939173258873,-0.3942590976451813,299.60574090235485,-0.3942590976451813,-0.4746516583069099,399.5253483416931,-0.47465165830691003,-0.9410823710825484,199.0589176289174,-0.9410823710825484,-0.279673631318046,99.72032636868195,-0.27967363131804607,0.7244069989138959,1001.4015945261477,1.1294817898801321,-199.85345664381333,495.0541270707841,-2.87861227725584,-355.01331326846446,392.5120646248163,-0.6414038320607514,-447.05440336955803,201.8849234434955,1.444942073772156,-501.57905465628426,47.41945362892477,-1.1875137990333386,-2.414857595063204,-201.16944303819085,-0.9443078429489904,-0.9365190964716115,-200.9365190964716,-0.9365190964716115,-0.23481609844045662,-200.2348160984405,-0.23481609844045653,-0.7315710805960854,-200.7315710805961,-0.7315710805960856,-0.653343960026577,-200.65334396002658,-0.6533439600265771,201.73051004979098,495.690953583774,-2.2417857642660013,352.1149512945834,404.57933154121963,-0.8250843271620155,444.87936266166395,193.604505731929,-3.9846011519506566,501.72195868011397,53.50722303694182,0.9278966789011921,-3.332395424574143,-206.89373008971359,1.5694288090031567,-0.392399397277305,-200.3923993972773,-0.3923993972773051,-0.6496476254246608,-200.64964762542462,-0.6496476254246607,-0.46067414131421214,-200.4606741413142,-0.4606741413142122,-0.3164475602385677,-200.3164475602386,-0.3164475602385677,-151.30845338171113,-109.96875585831557,1.9767640250697516,-150.88929691230499,-459.5495993889094,2.395920494475896,-151.2806896868557,-909.9409921634602,2.0045277199251768,-0.5467813242581214,-200.54678132425815,-0.5467813242581214,149.80606780511295,-92.88800477275024,-4.289299183600403,149.81774016484985,-442.8763324130133,-4.277626823863513,150.0327682436361,-892.661304334227,-4.062598745077265,-0.582535204713918,-200.5825352047139,-0.582535204713918
159,1.59,-0.4622416239764371,699.5377583760236,-0.46224162397643714,-0.6906243092725771,549.3093756907275,-0.690624309272577,-0.35117609551789813,299.64882390448213,-0.35117609551789813,-0.5674951933035237,399.4325048066965,-0.5674951933035236,-0.7280231941445344,199.2719768058554,-0.7280231941445345,-0.26412716422837734,99.7358728357716,-0.26412716422837745,0.6541309734601706,1001.3434501180893,1.064725001666975,-199.5049054886967,495.3192257131904,-2.65679636569443,-355.00807714392505,392.561140277966,-0.3571887044010098,-446.64573657447835,202.35264815214305,1.7753356561333273,-501.1004331063448,47.31120820049877,-1.2133507053794044,-2.069790300126402,-200.73553197803625,-1.0254672606986817,-0.9575276638637235,-200.95752766386377,-0.9575276638637236,-0.28296558182389275,-200.28296558182393,-0.28296558182389264,-0.5514311670804923,-200.55143116708052,-0.5514311670804923,-0.6704324729240115,-200.670432472924,-0.6704324729240116,202.04898702595668,495.9598406966817,-2.0161813822031602,352.23967356043244,404.5017022126484,-0.7513045006514701,445.0983328688471,193.8332697868751,-4.050255005919529,501.83242286656855,53.69609792610352,1.1100462541340734,-3.570297005089392,-207.15650590489753,1.5093693778334298,-0.3500564366079099,-200.35005643660793,-0.35005643660790997,-0.5172585976953796,-200.5172585976954,-0.5172585976953795,-0.33405325887699555,-200.33405325887705,-0.33405325887699555,-0.46076539073500833,-200.46076539073502,-0.46076539073500833,-151.22120939414705,-109.73871327570654,2.122029969898027,-150.81778478129868,-459.33528866285815,2.525454582746412,-150.87679064975535,-909.3942945313149,2.466448714289747,-0.3784177193828955,-200.37841771938292,-0.3784177193828957,149.88234152002434,-92.9787928876743,-4.28208590043435,149.88944874000347,-442.97168566769517,-4.274978680455228,150.10163228625981,-892.7595021214388,-4.062795134198856,-0.5281513054252268,-200.52815130542527,-0.5281513054252267
160,1.6,-0.3348481244681653,699.6651518755318,-0.33484812446816536,-0.4627454122081889,549.5372545877918,-0.4627454122081887,-0.16258328527914792,299.83741671472086,-0.162583285279148,-0.6810912270458183,399.31890877295416,-0.6810912270458183,-0.5051400915926642,199.49485990840725,-0.5051400915926642,-0.3036023542364922,99.69639764576345,-0.3036023542364923,0.5468912343894222,1001.2482587095992,0.9629172523682084,-199.08526528601175,495.6606239804162,-2.360800645773053,-354.89600252482677,392.71232846275836,0.014724926363522017,-446.2298190819783,202.83620195385836,2.119741736561269,-500.6271287018034,47.19984228834727,-1.2461882738333476,-1.7551029607695408,-200.3494314726538,-1.1514244655992545,-0.9513000243275633,-200.95130002432762,-0.9513000243275633,-0.2821522203682616,-200.2821522203683,-0.28215222036826154,-0.3716105389321523,-200.37161053893217,-0.37161053893215235,-0.6323157856206064,-200.63231578562062,-0.6323157856206064,202.37824347771306,496.24601567977646,-1.7754089464126774,352.42284423878465,404.4829601768346,-0.6084809282339746,445.48352164253714,194.22236568626886,-3.956276253363719,501.99460431221723,53.94898540140647,1.3551579913022256,-3.7578714009273164,-207.37987975190626,1.4593099884149874,-0.2688464268182049,-200.26884642681824,-0.26884642681820503,-0.33647009763320407,-200.33647009763322,-0.336470097633204,-0.22103857484988543,-200.22103857484993,-0.22103857484988543,-0.5764759683137098,-200.57647596831373,-0.5764759683137098,-151.0749589289352,-109.44421555424523,2.315774428837912,-150.75940560727216,-459.1286622325822,2.6313277505009554,-150.5164081186831,-908.8856647439933,2.8743252390900036,-0.23447236444547648,-200.2344723644455,-0.23447236444547653,150.03384920368956,-92.99962912142006,-4.188936190041148,150.04074735320762,-442.992730971902,-4.18203804052308,150.20690474990982,-892.8265735751997,-4.015880643820848,-0.4607247009473824,-200.46072470094742,-0.4607247009473823
161,1.61,-0.1914239022922899,699.8085760977078,-0.19142390229228995,-0.34201328747309523,549.657986712527,-0.3420132874730951,0.04261567165024849,300.04261567165025,0.04261567165024849,-0.8106689626202285,399.1893310373798,-0.8106689626202285,-0.3640180463026301,199.6359819536973,-0.36401804630263007,-0.42584395954807097,99.5741560404519,-0.425843959548071,0.4716788299613345,1001.1850061307441,0.8930464264025509,-198.6908681384432,495.98210106064323,-2.0868053020940067,-354.79772721185816,392.8446800742148,0.3527733321104061,-445.93876750216543,203.20357350744558,2.3463527993491073,-500.24408000320767,47.00363088177495,-1.3672306095119477,-1.56387184404063,-200.10304942107422,-1.412088520883453,-0.943224294903092,-200.94322429490313,-0.9432242949030921,-0.2695020780075886,-200.26950207800763,-0.2695020780075886,-0.27103330321114316,-200.27103330321117,-0.2710333032111432,-0.6555208189023574,-200.65552081890235,-0.6555208189023572,202.54765665852568,496.3789171124432,-1.6899892502939526,352.64441137734246,404.5038302410775,-0.41640016549673303,445.9639156831998,194.7011155063047,-3.772626943706924,502.19617100764435,54.25334935933996,1.6504262292060772,-3.9184814232079974,-207.5874248096211,1.3949401291037904,-0.19982065162216842,-200.1998206516222,-0.19982065162216855,-0.14389890680050882,-200.14389890680053,-0.1438989068005088,-0.15415910830300855,-200.15415910830302,-0.1541591083030085,-0.640456006992167,-200.64045600699217,-0.640456006992167,-150.97144869430235,-109.187391232203,2.456010325166268,-150.769329764646,-458.98527230254666,2.6581292548226507,-150.34017115876452,-908.5561136966653,3.0872878607041145,-0.19688194620983154,-200.19688194620986,-0.1968819462098316,150.24464981764146,-92.96606224602328,-4.025544394709649,150.20164795065463,-443.00906411301,-4.068546261696428,150.30678007949388,-892.9039319841709,-3.963414132857204,-0.4127209012243793,-200.41272090122442,-0.4127209012243793
162,1.62,-0.07841357874930546,699.9215864212508,-0.07841357874930549,-0.3242313836252073,549.6757686163749,-0.32423138362520726,0.16666552067209275,300.16666552067215,0.16666552067209275,-0.9185091346124346,399.08149086538765,-0.9185091346124344,-0.3096271095779231,199.69037289042203,-0.30962710957792305,-0.5409214069816326,99.45907859301838,-0.5409214069816327,0.4335410521537876,1001.1587344613791,0.8601566698668491,-198.37283544245255,496.23264062542273,-1.8857837349750683,-354.7884344579939,392.88274359428567,0.5809240939995477,-445.8245296134911,203.40287152751858,2.4034958520234673,-499.9332424296499,46.74380442372485,-1.5547169958045948,-1.4705424643384175,-199.96952378552788,-1.7786240785966831,-0.8982329729364004,-200.8982329729364,-0.8982329729364005,-0.2662091503415932,-200.26620915034158,-0.26620915034159315,-0.22249326999215177,-200.22249326999219,-0.22249326999215177,-0.7568969516468196,-200.75689695164678,-0.7568969516468196,202.47996347712322,496.2813352332096,-1.8370891271882481,352.93375497195393,404.59444144767633,-0.1454607785464836,446.5116576084922,195.2420346733618,-3.5260853611894034,502.4344955269205,54.606161870349105,1.9926056459594055,-4.024903542071649,-207.7519344573729,1.3428537036116515,-0.13339550141556786,-200.13339550141558,-0.13339550141556797,0.06586013828928608,-199.93413986171075,0.06586013828928608,-0.12457894346035721,-200.12457894346036,-0.12457894346035718,-0.6127702556307544,-200.61277025563078,-0.6127702556307543,-150.95109255892996,-109.00903070996225,2.5021157376065046,-150.83058372568414,-458.8885218767164,2.6226245708523335,-150.3431928264987,-908.401130977531,3.1100154700377702,-0.24519410662042573,-200.24519410662043,-0.2451941066204258,150.51116678010524,-92.88128188731305,-3.795272751857354,150.35723518449646,-443.0352134829218,-3.9492043474661513,150.43891479850816,-892.9535338689102,-3.8675247334544323,-0.35651622039461217,-200.35651622039467,-0.3565162203946121
163,1.63,0.03211891838827291,700.0321189183884,0.032118918388272966,-0.31188300298518157,549.6881169970148,-0.31188300298518146,0.19553771809882053,300.1955377180989,0.19553771809882056,-0.9564632001872652,399.04353679981284,-0.9564632001872653,-0.28646865342777195,199.71353134657227,-0.28646865342777184,-0.5477844524986129,99.45221554750145,-0.547784452498613,0.3910388560000745,1001.1279994524903,0.8228058112989451,-198.1301167171444,496.41339184385015,-1.7565415847974166,-354.84819869183013,392.8462206233408,0.7183333736134654,-445.8504553008613,203.4707528689682,2.3280602909957437,-499.6370467872875,46.48106673383376,-1.747409324297895,-1.3597726685287403,-199.83208203279065,-2.132319661820715,-0.7610909211674053,-200.7610909211674,-0.7610909211674053,-0.2646520741364125,-200.2646520741364,-0.26465207413641245,-0.14479915692237594,-200.14479915692237,-0.14479915692237588,-0.8338309927858831,-200.83383099278586,-0.8338309927858829,202.23881325196606,496.01696461077825,-2.1529688178693442,353.32840852049554,404.793045692219,0.2420469537176579,447.1228553856364,195.8416391539173,-3.2194406033765013,502.67548417779375,54.972734380006656,2.346844453751623,-4.011110969159472,-207.8072043229913,1.368770035829383,-0.031919740120910395,-200.03191974012088,-0.031919740120910506,0.28385732397016583,-199.71614267602985,0.2838573239701659,-0.11159140719213345,-200.11159140719212,-0.11159140719213345,-0.46441517446755504,-200.46441517446755,-0.46441517446755504,-150.99750093366617,-108.89311439413149,2.470305464818789,-150.88023434802867,-458.775847808494,2.587572050456323,-150.43905543424995,-908.3346688947153,3.028750964235029,-0.2935621693540299,-200.293562169354,-0.2935621693540298,150.79119682402984,-92.78711090848509,-3.540143485052884,150.53843760149036,-443.0398701310246,-3.7929027075923707,150.66936487205524,-892.9089428604598,-3.66197543702748,-0.27322710788289,-200.2732271078829,-0.27322710788289
164,1.64,0.17868198045008743,700.1786819804502,0.17868198045008746,-0.23374641400120516,549.7662535859989,-0.2337464140012051,0.18803928340192647,300.18803928340196,0.18803928340192658,-0.8906616061204015,399.1093383938796,-0.8906616061204015,-0.2614639988290291,199.73853600117098,-0.26146399882902904,-0.4467888472291752,99.5532111527709,-0.4467888472291752,0.31234505439894245,1001.0609687230085,0.7491635579099027,-197.9345233501901,496.55263548754453,-1.670750667955311,-354.8833704757103,392.8285819575568,0.8579636444991272,-445.92227773251824,203.50144059919387,2.214515690435901,-499.3338997871964,46.24007133562705,-1.920121113001981,-1.1363474136939804,-199.59397333134817,-2.3745285209761033,-0.5356651732883919,-200.5356651732884,-0.5356651732883919,-0.2283792298012074,-200.2283792298012,-0.22837922980120734,-0.005858966796512821,-200.0058589667965,-0.005858966796512821,-0.784481805297617,-200.7844818052976,-0.7844818052976171,201.988589026395,495.7502253860175,-2.473160769482355,353.81053622940647,405.0824921604258,0.7284171741974245,447.74720516961196,196.45006588353087,-2.9018738668662296,502.8363828694536,55.26952758374355,2.62949584459313,-3.8430491084341067,-207.71880866476812,1.506759934110661,0.09595426343106409,-199.9040457365689,0.09595426343106399,0.4475582103917324,-199.55244178960822,0.4475582103917324,-0.12617148676227258,-200.1261714867623,-0.12617148676227252,-0.21971167496171293,-200.2197116749617,-0.2197116749617129,-151.0661823510672,-108.7955130896776,2.404930287005856,-150.86801948218877,-458.5973502207993,2.6030931558842956,-150.55228721206296,-908.2816179506735,2.918825426010091,-0.28263812590646936,-200.28263812590643,-0.2826381259064693,151.01574332067102,-92.75217327793771,-3.32900632442397,150.73987680421047,-443.0280397943983,-3.6048728408845205,151.00091725301132,-892.7669993455975,-3.343832392083652,-0.18199656190590682,-200.18199656190592,-0.1819965619059068
165,1.65,0.3328885068012618,700.3328885068013,0.3328885068012619,-0.11348718170946284,549.8865128182906,-0.11348718170946279,0.21379952181398337,300.21379952181405,0.21379952181398343,-0.7213442480456955,399.2786557519544,-0.7213442480456955,-0.25580569296314815,199.74419430703688,-0.25580569296314815,-0.3126582718492527,99.68734172815081,-0.31265827184925266,0.20807778176262426,1000.968255225464,0.6498449606501694,-197.75439506179808,496.6821173256673,-1.5966156251349386,-354.8032487237403,392.920396182748,1.0899138495363974,-445.94577790529627,203.5890589328887,2.157246389163488,-499.0482258685944,45.99935706564443,-2.0937871989044083,-0.8056544611659533,-199.25896256138702,-2.507171077991359,-0.30340007780173994,-200.30340007780177,-0.30340007780174005,-0.13133704676507862,-200.13133704676505,-0.13133704676507862,0.14151689731147554,-199.85848310268852,0.14151689731147557,-0.618106119944852,-200.6181061199448,-0.618106119944852,201.89156367213138,495.6434193126961,-2.635313638106193,354.2856714441881,405.3689631656979,1.2192659958323793,448.27661890748925,196.9596978063014,-2.6803350643023043,502.82116700964445,55.39954725466353,2.7435149559915377,-3.5589389160714027,-207.5244066213342,1.718941267872318,0.18781251439201982,-199.81218748560798,0.18781251439201974,0.47478723209249124,-199.52521276790748,0.4747872320924913,-0.19638513411381717,-200.1963851341138,-0.1963851341138172,0.035316719275066216,-199.96468328072493,0.035316719275066244,-151.11563567275158,-108.67507907446495,2.347385490970597,-150.80077525328934,-458.36021865500265,2.6622459104328464,-150.6536217198428,-908.2130651215562,2.8093994438793937,-0.22311894425387535,-200.22311894425383,-0.22311894425387532,151.15042523544741,-92.8104862502417,-3.196130286049865,150.9138836028059,-443.04702788288324,-3.4326719186914074,151.35222562395555,-892.6086858617336,-2.9943298975417294,-0.10433483403645794,-200.10433483403645,-0.1043348340364579
166,1.66,0.3991334283891734,700.3991334283892,0.39913342838917343,-0.0416829706196592,549.9583170293804,-0.0416829706196591,0.29112677680886506,300.29112677680894,0.2911267768088652,-0.4936317588614417,399.5063682411386,-0.4936317588614417,-0.2960185921903278,199.7039814078097,-0.2960185921903277,-0.198338842560852,99.80166115743918,-0.198338842560852,0.11662864872861299,1000.8882454027017,0.5632385703348527,-197.5775782994822,496.81406959744305,-1.5218524944200527,-354.59259063707736,393.1368203238775,1.4289115184768797,-445.88838747230227,203.76603011874772,2.18894796517654,-498.7996153922282,45.74217808850017,-2.2846389450055904,-0.45888778243377115,-198.9165527587042,-2.6179655374383146,-0.16690998679097963,-200.16690998679098,-0.16690998679097974,-0.01350104798068838,-200.01350104798067,-0.013501047980688408,0.21595719875597535,-199.78404280124403,0.2159571987559753,-0.4212622323562857,-200.42126223235627,-0.42126223235628574,202.00742748977135,495.75625730570835,-2.579664786154851,354.628979310398,405.5282344039454,1.5897934747015112,448.6119684865488,197.27190531419245,-2.652802979024461,502.602538796697,55.334349340085424,2.6604646643802408,-3.2289713221039698,-207.2934414574088,1.9357809186323398,0.19100089834819348,-199.8089991016518,0.19100089834819337,0.327282173879154,-199.67271782612085,0.32728217387915404,-0.3074560672363992,-200.3074560672364,-0.3074560672363993,0.2019108264745902,-199.7980891735254,0.2019108264745902,-151.14546109498858,-108.53175603078917,2.298000484889052,-150.75055563065013,-458.1368505664507,2.69290594922754,-150.75159124536378,-908.1378861811645,2.691870334513853,-0.15191220397446356,-200.15191220397446,-0.15191220397446356,151.21280080710534,-92.9441377650401,-3.12388061598479,151.0381997401073,-443.11873883203816,-3.2984816829828194,151.62350479458,-892.5334337775655,-2.7131766285101255,-0.028220562132439064,-200.02822056213245,-0.028220562132439037
167,1.67,0.3045798364933622,700.3045798364934,0.3045798364933622,-0.08948772173967567,549.9105122782603,-0.0894877217396756,0.38806119166952235,300.3880611916696,0.38806119166952247,-0.27279854979563845,399.72720145020446,-0.2727985497956385,-0.3547971819511305,199.64520281804892,-0.3547971819511305,-0.10675520927935594,99.89324479072062,-0.10675520927935594,0.05967266061909389,1000.8426091083461,0.5110163575114366,-197.4222937296998,496.9303433963127,-1.4645563750515531,-354.31202496184426,393.4171869424954,1.8139012332641506,-445.7899702935043,203.99229284004826,2.2698451602636625,-498.5493306965152,45.509977007411166,-2.450736237018196,-0.17571055658684023,-198.64466769141336,-2.7831183229746426,-0.17489255464931874,-200.17489255464932,-0.17489255464931883,0.03944241677079491,-199.9605575832292,0.03944241677079491,0.19248339648494878,-199.80751660351507,0.19248339648494875,-0.23825291546082644,-200.2382529154608,-0.2382529154608265,202.26704557779158,496.0196167683955,-2.375283002968824,354.7677371874028,405.4881531571865,1.76726353415483,448.73562478914664,197.36958246154535,-2.8357505779926564,502.2800174501415,55.17213980332442,2.4786156777919004,-2.876918023067279,-207.04875807216692,2.134477832088905,0.11286057664803598,-199.88713942335195,0.11286057664803589,0.050546830868094084,-199.9494531691319,0.050546830868094084,-0.3868967070208342,-200.38689670702084,-0.3868967070208342,0.24015368268401213,-199.75984631731598,0.2401536826840121,-151.19344392538065,-108.40366181067694,2.2189555270006527,-150.79162697842995,-458.0018448637263,2.6207724739513534,-150.86809599907036,-908.0783138843667,2.544303453310935,-0.06483446988473475,-200.06483446988472,-0.06483446988473478,151.23839324356385,-93.11726176659383,-3.0766936026021656,151.13180571239627,-443.22384929776143,-3.183281133769716,151.77285729456406,-892.5827977155936,-2.542229551601932,0.08211693834092848,-199.91788306165904,0.0821169383409285
168,1.68,0.09265556201711146,700.0926555620172,0.09265556201711148,-0.23643281541348832,549.7635671845865,-0.23643281541348826,0.4757930456126126,300.47579304561265,0.4757930456126128,-0.09130151155034422,399.9086984884498,-0.09130151155034429,-0.3550297584753567,199.64497024152467,-0.3550297584753568,-0.02582932238115454,99.97417067761883,-0.02582932238115454,0.012140697885696966,1000.8062720892473,0.4681061943070276,-197.30548518458184,497.01405960768864,-1.4415505398261925,-354.02467871478905,393.69837753557874,2.1814192902348664,-445.7021662516627,204.21595858809724,2.3483477144363007,-498.2112880788714,45.391383181619354,-2.5029741237924767,0.06160745877713067,-198.42380916595346,-2.9814888967270345,-0.284282088923228,-200.2842820889232,-0.28428208892322804,-0.004787700996868732,-200.00478770099687,-0.004787700996868788,0.14000509115735296,-199.85999490884262,0.14000509115735288,-0.027802897197426464,-200.02780289719743,-0.02780289719742653,202.53886300149514,496.30194673046583,-2.153663417049086,354.73441646341394,405.28171810280463,1.7840854915831725,448.7364941583163,197.34218047169998,-3.139112962262268,502.0164738968389,55.074320643854946,2.359492358734952,-2.4578806592240428,-206.74436072389906,2.3612052142321938,0.018692203836048582,-199.98130779616392,0.018692203836048582,-0.22702222192262023,-200.2270222219226,-0.22702222192262023,-0.36047727848579114,-200.3604772784858,-0.36047727848579125,0.19947392401118727,-199.80052607598878,0.19947392401118727,-151.26743199793853,-108.29896490589095,2.1024046983698796,-150.90031051301116,-457.93184342096356,2.4695261832972775,-150.99591329471207,-908.0274462026646,2.373923401596356,0.09040520974326036,-199.90959479025673,0.09040520974326033,151.2626439438658,-93.29408593090471,-3.0191237452852526,151.21099590908455,-443.345733965686,-3.0707717800665426,151.84035006448582,-892.7163798102847,-2.441417624665257,0.24363159239635018,-199.75636840760362,0.24363159239635018
169,1.69,-0.09444402280118391,699.9055559771989,-0.09444402280118394,-0.3810079364140332,549.618992063586,-0.3810079364140332,0.5533245886838674,300.55332458868384,0.5533245886838674,0.06069354463946239,400.06069354463955,0.06069354463946247,-0.24690939902530987,199.75309060097476,-0.2469093990253099,0.04622010358327978,100.04622010358327,0.04622010358327971,-0.07038711410640011,1000.7348093572643,0.3900852256085796,-197.20807430876022,497.0843541554883,-1.433641240911478,-353.74314140240847,393.96785820964584,2.518630528981145,-445.62833315907983,204.4333701834928,2.421108286115281,-497.7426408296793,45.431611287336416,-2.3956890313109866,0.3404644149603175,-198.16480264222042,-3.122342504441837,-0.39553147655044535,-200.39553147655042,-0.39553147655044535,-0.08499683002189494,-200.08499683002188,-0.08499683002189497,0.16133243513265802,-199.83866756486734,0.161332435132658,0.2546851796260617,-199.74531482037392,0.2546851796260616,202.72813190457674,496.5084949392541,-2.0095004571457435,354.6372746559716,405.01766962010424,1.7484060742508656,448.7708136033638,197.3464998784133,-3.405496608767832,501.8775346549571,55.1049067384886,2.367288920571088,-1.9400281232183931,-206.34716064104094,2.649362201405024,-0.011135947834319981,-200.01113594783428,-0.011135947834320009,-0.361410676063561,-200.36141067606354,-0.3614106760635609,-0.2196425937433908,-200.2196425937434,-0.21964259374339085,0.17150903379511342,-199.82849096620487,0.1715090337951134,-151.3117560823612,-108.16230398180855,2.0040557617620007,-150.95732123940076,-457.8078691388481,2.3584906047224585,-151.07938214726784,-907.9299300467153,2.2364296968553736,0.34005797503303825,-199.65994202496697,0.3400579750330382,151.31786756756193,-93.44197747573207,-2.9188889559912425,151.26997601781832,-443.4898690254757,-2.9667805057348535,151.90740147546873,-892.8524435678253,-2.3293550480844556,0.41764343175340496,-199.58235656824658,0.41764343175340496
170,1.7,-0.14372827825663886,699.8562717217434,-0.14372827825663895,-0.4212007773639165,549.5787992226362,-0.4212007773639165,0.6133497344189723,300.61334973441893,0.6133497344189724,0.17845763781771448,400.1784576378178,0.17845763781771445,-0.08232050478689001,199.91767949521312,-0.08232050478689013,0.09943709515392263,100.09943709515392,0.09943709515392257,-0.18705504942727133,1000.6290715469135,0.27780622610326844,-197.1057842468308,497.1655542170755,-1.4164415493974454,-353.46885121661154,394.22429314766,2.823942841587668,-445.53985901058275,204.67279018919425,2.5167102032952737,-497.22935751053103,45.54686608344835,-2.212258556673238,0.6992739598843685,-197.8274697261641,-3.1640293798173316,-0.4407068563146814,-200.44070685631465,-0.4407068563146814,-0.1329763303076323,-200.13297633030766,-0.13297633030763237,0.2775499981321966,-199.7224500018678,0.2775499981321965,0.5571673990879438,-199.44283260091206,0.5571673990879435,202.82545172167255,496.62984806273136,-1.9521477037416255,354.5706499115936,404.7907827144335,1.7544040393225133,448.9650355190005,197.5095720895098,-3.5072991126892283,501.7562877524459,55.155246225509785,2.393588722846878,-1.4010900252348029,-205.9334814516925,2.923067075522564,0.056966071069609325,-199.94303392893036,0.0569660710696093,-0.3117998676076628,-200.31179986760765,-0.3117998676076628,-0.04784585075738537,-200.04784585075737,-0.0478458507573854,0.20223030885190696,-199.7977696911481,0.20223030885190685,-151.28029957366496,-107.94785676437749,1.9701006187550876,-150.88681742858253,-457.554374619295,2.363582763837519,-151.07448712579165,-907.7420443165042,2.1759130666284143,0.607179587201814,-199.3928204127982,0.607179587201814,151.40483173323088,-93.55986426873787,-2.775291010250261,151.29212764839787,-443.6725683535709,-2.887995095083281,152.0194740034777,-892.9452219984911,-2.1606487400034267,0.5169804381275516,-199.48301956187242,0.5169804381275516
171,1.71,-0.06434931558156193,699.9356506844185,-0.06434931558156198,-0.3211504738914576,549.6788495261087,-0.3211504738914577,0.6131953742368861,300.61319537423685,0.6131953742368863,0.21171131857126302,400.21171131857136,0.211711318571263,0.020672562480800627,200.02067256248085,0.020672562480800627,0.12338659588163109,100.12338659588167,0.12338659588163103,-0.27485415965653537,1000.5520625392851,0.19427522358584906,-197.030702592817,497.22561518540306,-1.4219344497404973,-353.2477515349726,394.42188754226027,3.0513510322861164,-445.4384381341713,204.9321256623638,2.633391494120794,-496.8516414549258,45.558907544134144,-2.130540648957943,1.0653977985608505,-197.48271547818717,-3.1760783136851822,-0.43131150371081695,-200.4313115037108,-0.43131150371081717,-0.155530402372766,-200.1555304023728,-0.1555304023727661,0.39062971960264703,-199.60937028039737,0.39062971960264703,0.7409823724814826,-199.25901762751855,0.7409823724814826,202.88105550462956,496.7162180170328,-1.9313316181106615,354.5511834142815,404.618088074174,1.8185129083448612,449.32201165216014,197.83484012119328,-3.4405296789452136,501.4930681873078,55.063821810354845,2.2771640505027246,-0.9936436409235794,-205.6543596495734,3.031854813146124,0.17873204335594012,-199.82126795664402,0.17873204335594003,-0.18545275108478065,-200.1854527510848,-0.18545275108478065,0.02066831785711315,-199.9793316821429,0.020668317857113108,0.25582048955760184,-199.7441795104424,0.2558204895576017,-151.20959246369958,-107.69243328443679,1.9641213622378981,-150.75384488257055,-457.2366857033078,2.4198689433669225,-151.0220139521766,-907.5048547729139,2.1516998737608946,0.7422148414409084,-199.2577851585591,0.7422148414409085,151.47495526778997,-93.69603730935606,-2.637017324632288,151.26199648730693,-443.90899608983904,-2.8499761051153074,152.14016481827923,-893.0308277588668,-1.9718077741430213,0.4681990369598721,-199.53180096304013,0.4681990369598721
172,1.72,0.05585169690864533,700.0558516969087,0.055851696908645276,-0.11768892832222477,549.8823110716778,-0.11768892832222477,0.5004674564727316,300.5004674564727,0.5004674564727316,0.1218777750255026,400.1218777750256,0.1218777750255026,0.004293502898772006,200.0042935028988,0.004293502898771895,0.13043321869574195,100.1304332186958,0.13043321869574181,-0.2743863739408069,1000.5631753639746,0.19888740027475793,-197.05782844761097,497.1895735325245,-1.5250200348776568,-353.1384179132594,394.50225981021356,3.142309839241145,-445.37571715940135,205.15928332229822,2.7193992758996726,-496.7373660698489,45.34160190654909,-2.2763265994267665,1.3335052375322904,-197.2341883390561,-3.260862359505056,-0.41397024712639074,-200.4139702471264,-0.41397024712639074,-0.1951720584238188,-200.19517205842382,-0.1951720584238188,0.3822687327766354,-199.61773126722335,0.38226873277663537,0.7020030059243814,-199.29799699407562,0.7020030059243814,202.94778297163595,496.8204150276632,-1.8941785397388333,354.54004948600993,404.46110104836487,1.9016515990168434,449.7240327693779,198.20519497051478,-3.3217738925719664,501.0455144621729,54.78632438377511,1.9740477770270717,-0.7994972826983577,-205.58994291431932,2.8962761604322242,0.2737466138641953,-199.7262533861358,0.2737466138641952,-0.12574906258108587,-200.12574906258112,-0.12574906258108587,-0.10103417597753106,-200.10103417597753,-0.10103417597753117,0.2638254443187056,-199.73617455568132,0.2638254443187055,-151.17743026730713,-107.47409415458831,1.908471250653026,-150.68547429244856,-456.98213817972976,2.400427225511608,-151.01497872526676,-907.3116426125479,2.070922792693428,0.6493476650892895,-199.35065233491073,0.6493476650892895,151.477848046918,-93.90061154163138,-2.5546010194733118,151.1884634804074,-444.189996108142,-2.8439855859839085,152.18677067847602,-893.1916889100735,-1.8456783879152674,0.27747700944231135,-199.72252299055765,0.27747700944231135
173,1.73,0.1492965237942075,700.1492965237943,0.14929652379420738,0.10683951611554028,550.1068395161155,0.10683951611554025,0.2606930492682009,300.2606930492682,0.26069304926820097,-0.06260779184621276,399.9373922081539,-0.0626077918462128,-0.07839392948835462,199.9216060705117,-0.0783939294883547,0.1564328532743246,100.15643285327437,0.1564328532743245,-0.19065961323061464,1000.657397086826,0.28663197994008394,-197.2256389353135,497.0189802236873,-1.7640821527427912,-353.14234631357306,394.46415234830545,3.095445375834695,-445.4188416376896,205.2866242966537,2.707443666696327,-496.8560902872184,44.92689439630245,-2.617372050705696,1.4819619955500059,-197.10191020782406,-3.4372341820126877,-0.41014925351108716,-200.4101492535111,-0.4101492535110872,-0.25408454756111315,-200.25408454756115,-0.2540845475611133,0.22924221241892864,-199.77075778758106,0.22924221241892856,0.47055619120225234,-199.5294438087978,0.47055619120225234,203.04125455354824,496.95802169871865,-1.825040677711382,354.5077754461817,404.29064061560086,1.9740450200859945,450.04047430482535,198.49061792098166,-3.2805524705344524,500.50309517458834,54.41019778072672,1.572075751663451,-0.7617821079589212,-205.6815981636763,2.575786369551052,0.293493684419439,-199.70650631558055,0.293493684419439,-0.1799246466241271,-200.17992464662416,-0.17992464662412716,-0.37930313306718255,-200.3793031330672,-0.3793031330671826,0.19012734155694483,-199.80987265844306,0.19012734155694466,-151.22785841413307,-107.33713439173081,1.7592900925237465,-150.73632952450157,-456.84560550209943,2.250818982155199,-151.0989044279349,-907.2081804055327,1.8882440787218975,0.35842918916047284,-199.64157081083954,0.35842918916047284,151.41796505394447,-94.16887236857087,-2.5237666390537363,151.11311568546316,-444.4737217370522,-2.8286160075350253,152.1059431691575,-893.4808942533579,-1.8357885238406921,0.01930339918477364,-199.98069660081524,0.01930339918477364
174,1.74,0.20515418822311834,700.2051541882232,0.2051541882231182,0.2767173401881916,550.2767173401883,0.2767173401881915,-0.05513830671698568,299.944861693283,-0.05513830671698569,-0.265990013103825,399.7340099868962,-0.265990013103825,-0.14643783640671315,199.8535621635934,-0.1464378364067132,0.22305001146370565,100.22305001146376,0.22305001146370554,-0.07549213675487332,1000.7829044654345,0.40568788278474666,-197.49402030320283,496.7539695573972,-2.098919628736797,-353.19706017277304,394.37032323052097,2.973447388784315,-445.6009790541169,205.28044270178555,2.5641754774947008,-497.0593154670276,44.464542424798445,-3.0036672051618414,1.5872591307631745,-197.00786564374766,-3.6261199960729122,-0.41285656799079024,-200.4128565679908,-0.4128565679907903,-0.2947941423071555,-200.29479414230715,-0.2947941423071556,0.007330798084436985,-199.9926692019156,0.007330798084436901,0.18396320012065448,-199.81603679987938,0.18396320012065448,203.1415428099881,497.1090644626868,-1.743824723447171,354.468770518102,404.12135763492097,2.0497539154187185,450.23816176764586,198.65854257505424,-3.3489601990453153,499.9811235276576,54.04867238122195,1.1849176264379289,-0.7603666707634501,-205.80734349604384,2.193309454432426,0.24871390670508758,-199.75128609329488,0.24871390670508753,-0.30414662868034836,-200.30414662868037,-0.30414662868034836,-0.6862126443745672,-200.68621264437456,-0.6862126443745673,0.05599103530722793,-199.94400896469278,0.05599103530722771,-151.3625106107889,-107.28342129172152,1.5151655365500005,-150.86815748710168,-456.78906816803436,2.009518660237225,-151.24125279913935,-907.1621634800721,1.6364233481995534,-0.022595398902548802,-200.02259539890252,-0.022595398902548802,151.34194112483792,-94.45394139860808,-2.4980950615802406,151.07507225865837,-444.7208102647876,-2.7649639277597595,151.90762730013245,-893.8882552233136,-1.9324088862857014,-0.23710512386077243,-200.23710512386077,-0.23710512386077243
175,1.75,0.2528618523190936,700.2528618523193,0.2528618523190935,0.38773821793449903,550.3877382179346,0.387738217934499,-0.33535971017843136,299.6646402898216,-0.33535971017843136,-0.4004205835023271,399.59957941649765,-0.4004205835023272,-0.15808399962899491,199.8419160003711,-0.15808399962899494,0.31673258476533794,100.31673258476539,0.3167325847653379,0.016949155686828574,1000.8855256488216,0.5018854244980591,-197.77027285723028,496.487254179665,-2.4367513158811036,-353.2222439615058,394.3014112016624,2.856934686072142,-445.8802914187184,205.18199486364577,2.3312144937624746,-497.19518681210224,44.107406277760816,-3.282149189519912,1.7437649578142196,-196.85626714815433,-3.7307890296202344,-0.4047053443856021,-200.40470534438555,-0.40470534438560213,-0.2830880849734153,-200.28308808497337,-0.28308808497341537,-0.17950346409901807,-200.179503464099,-0.17950346409901816,-0.029690271579822985,-200.02969027157982,-0.02969027157982304,203.23000485539163,497.25484605098495,-1.6691594445610851,354.46013937206055,403.9905479699295,2.1654895439776323,450.3950896376906,198.7875703578777,-3.447951310156311,499.57153142234165,53.79155904227386,0.9028676292541135,-0.6970486970266223,-205.8670583446167,1.8500236639678842,0.20035656347124708,-199.7996434365287,0.20035656347124706,-0.44324130383230476,-200.4432413038323,-0.44324130383230476,-0.8839754969970128,-200.883975496997,-0.8839754969970128,-0.06463867095340586,-200.0646386709534,-0.06463867095340603,-151.54837878783974,-107.28016397205994,1.209362653225317,-151.013093981279,-456.74487916549924,1.7446474597860384,-151.37177743354283,-907.1035626177631,1.385964007522228,-0.37218097995288857,-200.3721809799529,-0.37218097995288857,151.29162476018786,-94.71374304186148,-2.4359892184996723,151.08427036620867,-444.9210974358407,-2.6433436124788723,151.6467531207427,-894.3586146813067,-2.0808608579448244,-0.45271601725567634,-200.45271601725568,-0.45271601725567634
176,1.76,0.34122743539261385,700.3412274353926,0.34122743539261374,0.5047967425196107,550.5047967425197,0.5047967425196107,-0.4565064512402904,299.5434935487598,-0.45650645124029043,-0.3824829736521201,399.61751702634785,-0.3824829736521202,-0.08398167430925055,199.91601832569086,-0.08398167430925055,0.41113530274687615,100.41113530274691,0.4111353027468761,0.040860570996756725,1000.9194520266692,0.5294181648637414,-197.951809639388,496.32142636618437,-2.6749148788430066,-353.1651750027688,394.3105022048615,2.7990219703273578,-446.1441321676216,205.10330444235709,2.1209536121389485,-497.17886272666715,43.94107392465098,-3.367079924596235,1.992452846048101,-196.6048434730362,-3.7081454383611927,-0.35905121869524725,-200.35905121869524,-0.35905121869524725,-0.20632068746406906,-200.20632068746403,-0.20632068746406912,-0.2486550999463389,-200.24865509994635,-0.2486550999463389,-0.1351229597420405,-200.13512295974203,-0.13512295974204053,203.31634787292325,497.4050110631059,-1.5913301819214734,354.495581908428,403.9120520902072,2.3345147954162297,450.61949173436125,198.98653749229192,-3.468273295991108,499.35953788103734,53.721937931125474,0.8095298728443014,-0.5131029213164009,-205.80005051303894,1.6077895250983676,0.22387203754022958,-199.77612796245975,0.22387203754022952,-0.5570146624226862,-200.55701466242266,-0.5570146624226863,-0.8816398856251055,-200.8816398856251,-0.8816398856251055,-0.07936000085844805,-200.0793600008584,-0.07936000085844824,-151.70349425973845,-107.24559421179141,0.9241421807163006,-151.1108748553402,-456.6529748073932,1.5167615851145333,-151.409011597911,-906.951111549964,1.2186248425437611,-0.5708659773729834,-200.57086597737296,-0.5708659773729834,151.28821607869972,-94.92686688059229,-2.3165355494890045,151.14310498573855,-445.0719779735534,-2.461646642450162,151.4027610276438,-894.8123219316483,-2.2019906005449266,-0.5747328264740141,-200.57473282647402,-0.5747328264740142
177,1.77,0.49918821220549847,700.4991882122056,0.49918821220549814,0.6608351657275056,550.6608351657276,0.6608351657275056,-0.36634060741974106,299.63365939258034,-0.3663406074197411,-0.18351260229052746,399.8164873977096,-0.18351260229052752,0.10551368699526353,200.10551368699535,0.10551368699526353,0.4878968410346522,100.48789684103465,0.48789684103465214,-0.036017235511578254,1000.8524193729811,0.45602405079387354,-197.95974277990453,496.3353716395686,-2.7344532446420087,-353.02709728815614,394.3967537121281,2.798944345345973,-446.29011064997076,205.14610017708014,2.0354955516750195,-496.99706685030026,43.9793052614472,-3.2446041686253784,2.314001794601536,-196.27175390868302,-3.575645608516992,-0.25411537347549756,-200.25411537347549,-0.25411537347549756,-0.07430203993354673,-200.0743020399335,-0.07430203993354682,-0.1587671939559085,-200.1587671939559,-0.1587671939559085,-0.1767100110801879,-200.1767100110802,-0.17671001108018797,203.42698920009428,497.5859061181603,-1.4839187660503583,354.5489261165143,403.85978798539145,2.530178572507051,450.9600569329933,199.30472733490018,-3.3602552695439165,499.3877604940931,53.88029076635531,0.9459467281327458,-0.19895039648935953,-205.59474532782366,1.4794552457212795,0.3412885439694261,-199.65871145603057,0.3412885439694261,-0.6145855740172312,-200.6145855740172,-0.6145855740172312,-0.6593053998051411,-200.65930539980513,-0.6593053998051411,0.0535988997451636,-199.9464011002548,0.05359889974516338,-151.72554516131976,-107.07758365296527,0.7621423726956724,-151.11793483665858,-456.46997332830415,1.3697526973568337,-151.2859953179382,-906.6380338095837,1.2016922160772392,-0.5345949441188499,-200.53459494411885,-0.5345949441188498,151.34368980314332,-95.08114492219653,-2.1280803034830194,151.2715666749439,-445.15326805039587,-2.200203431682427,151.26715357273878,-895.1576811526011,-2.2046165338875516,-0.5306851177984261,-200.53068511779844,-0.5306851177984262
178,1.78,0.6836733805842943,700.6836733805844,0.6836733805842943,0.7809548221985035,550.7809548221985,0.7809548221985035,-0.12830716367127096,299.8716928363288,-0.128307163671271,0.11929698044075293,400.1192969804408,0.11929698044075285,0.39151488915780197,200.39151488915786,0.39151488915780197,0.5334927394108658,100.53349273941086,0.5334927394108657,-0.20627565144718316,1000.6918314566924,0.2891090263082133,-197.7693901207246,496.5537621252577,-2.590621316358942,-352.8499504028235,394.5186637550467,2.8153263917696987,-446.31537543528066,205.3125350081861,2.0773708996469726,-496.69562352807554,44.17649505178566,-2.9602884525945887,2.6593976818597396,-195.90500051241222,-3.380712796776997,-0.09931172206804628,-200.09931172206808,-0.09931172206804625,0.08196677437103375,-199.91803322562893,0.08196677437103367,0.07095191110785559,-199.92904808889216,0.07095191110785555,-0.21202523748661836,-200.2120252374866,-0.2120252374866184,203.57299492283744,497.80851852549705,-1.3358649161195957,354.5811731540313,403.79479653539954,2.7129625799033974,451.38800826828094,199.71394612800947,-3.151732816242547,499.5827200303728,54.19102641891452,1.237120238266972,0.18393404860433604,-205.31061340053228,1.4069230123184566,0.4859186822712498,-199.51408131772877,0.48591868227124974,-0.615357881517945,-200.61535788151798,-0.6153578815179451,-0.2802313651257949,-200.28023136512581,-0.28023136512579494,0.2873899292102056,-199.7126100707898,0.28738992921020545,-151.56492234079155,-106.72668954395382,0.7733322699314737,-151.0284384210095,-456.19020562417177,1.309816189713545,-151.01342841412892,-906.1751956172913,1.3248261965941026,-0.2880914902984677,-200.28809149029848,-0.2880914902984677,151.4665833853125,-95.16786362780431,-1.8624405809213314,151.49098189717748,-445.1434651159393,-1.8380420690563748,151.30588461768528,-895.3285623954316,-2.0231393485485536,-0.29723753293333965,-200.29723753293337,-0.29723753293333965
179,1.79,0.7839479814037236,700.7839479814038,0.7839479814037233,0.7437597899723162,550.7437597899724,0.7437597899723162,0.1265619820709673,300.126561982071,0.1265619820709673,0.38984181310241184,400.3898418131025,0.38984181310241184,0.6820058792234158,200.68200587922345,0.6820058792234158,0.530285141723553,100.53028514172354,0.530285141723553,-0.4078844430629027,1000.4997137078817,0.09070069811392209,-197.4269803163426,496.9303514400822,-2.289591155794058,-352.6696568894828,394.64078133429695,2.8128924898772456,-446.3165357274641,205.50526728128378,2.1496181996938475,-496.37646091659605,44.43067037412852,-2.6161250859127674,2.977883129473262,-195.55449021048187,-3.172801029873118,0.0664768936664075,-199.93352310633367,0.06647689366640755,0.21749301726978926,-199.78250698273018,0.2174930172697892,0.3567382023182507,-199.64326179768176,0.3567382023182507,-0.27333381548897595,-200.273333815489,-0.2733338154889759,203.72031061535023,498.03870711163404,-1.1812354842422974,354.5587318852644,403.6834765725298,2.8487177511981123,451.83887461064717,200.15029136854037,-2.9062801344858085,499.76289693225084,54.470558402116595,1.5000851286327035,0.5256048432184169,-205.05560817298613,1.2837050394850327,0.5604344319069849,-199.43956556809303,0.5604344319069849,-0.6007218977890931,-200.60072189778913,-0.6007218977890934,0.12497800333417686,-199.87502199666585,0.12497800333417686,0.5236097476692259,-199.4763902523308,0.5236097476692257,-151.26211731862992,-106.23355263405217,0.9176127883982721,-150.8886823946702,-455.8601177100925,1.2910477123580038,-150.7066760502046,-905.678111365627,1.473054056823624,0.018380069526245935,-199.98161993047376,0.018380069526245935,151.64616887849616,-95.19759210797054,-1.530731510885719,151.77724368817593,-445.06651729829076,-1.3996567012059509,151.49772226591054,-895.346038720556,-1.6791781234713015,0.04578495996552073,-199.95421504003454,0.045784959965520705
180,1.8,0.7057803419767048,700.7057803419767,0.7057803419767047,0.5002117039437364,550.5002117039438,0.5002117039437364,0.2909978049181792,300.2909978049182,0.2909978049181793,0.5381315942248621,400.538131594225,0.5381315942248621,0.8581796732287297,200.85817967322873,0.8581796732287297,0.45019160239958905,100.45019160239954,0.45019160239958905,-0.5459566080592319,1000.3709483668897,-0.04431651590978343,-197.0393262996255,497.3583012258922,-1.9381255225976122,-352.49456568721433,394.7552605819889,2.784020763132856,-446.40883167692346,205.60829323167235,2.136615284229002,-496.18026212450707,44.6008421652307,-2.3531816307990545,3.225026227003,-195.2639764132865,-2.995337897452954,0.19598854447742253,-199.80401145552264,0.19598854447742253,0.2798211518158308,-199.72017884818422,0.27982115181583067,0.5861984698503275,-199.41380153014973,0.5861984698503275,-0.37609642851585046,-200.3760964285159,-0.37609642851585046,203.78258586884544,498.1900268465389,-1.1063999019510056,354.43587394812073,403.48004070224795,2.891121377532671,452.24202440153863,200.54368229491354,-2.6936799637607622,499.74008833080734,54.528682694404836,1.5452818849098562,0.7375855154483992,-204.91624674087439,1.0248359088401386,0.5172618479353923,-199.48273815206466,0.5172618479353923,-0.6266686841526079,-200.62666868415266,-0.6266686841526079,0.41367063185676317,-199.58632936814328,0.4136706318567631,0.6616323324484052,-199.33836766755164,0.6616323324484051,-150.9309892197177,-105.71216412635783,1.0815487191699145,-150.77880806578034,-455.5599829724205,1.2337298731072976,-150.51097935499314,-905.2921542616334,1.501558583894476,0.19601976653100317,-199.80398023346905,0.19601976653100317,151.82730534521912,-95.22532969803842,-1.1885127779674343,152.03595456677056,-445.01668047648695,-0.9798635564159752,151.7180505134764,-895.3345845297811,-1.2977676097101187,0.3402609257765107,-199.65973907422358,0.3402609257765107
181,1.81,0.4556414930777075,700.4556414930778,0.45564149307770746,0.10642236170353425,550.1064223617036,0.10642236170353427,0.3321360582244678,300.3321360582245,0.33213605822446784,0.5572080005960284,400.5572080005962,0.5572080005960284,0.8451744741031818,200.8451744741032,0.8451744741031818,0.2684910407274699,100.26849104072743,0.2684910407274699,-0.5421132194855267,1000.3839096423299,-0.037566229337508375,-196.7380419079899,497.7059645329133,-1.6677945651383816,-352.32808314374256,394.8592271886994,2.7261091544043934,-446.6435943413211,205.569489987776,1.9866210932328427,-496.225817919002,44.567657298884164,-2.2909493978050044,3.360947087884414,-195.07284107423013,-2.8875071655065954,0.24607903810762768,-199.75392096189245,0.2460790381076277,0.22131673753253123,-199.7786832624675,0.22131673753253112,0.6784169915965759,-199.32158300840348,0.6784169915965759,-0.5227089657355363,-200.52270896573557,-0.5227089657355364,203.67336707288962,498.17592173283276,-1.1978373652189362,354.15993553998493,403.1317180682622,2.7868811200247334,452.52892178641457,200.82611284546783,-2.5816709466946755,499.4228182211349,54.27200834398323,1.2799823782585684,0.8065375555832146,-204.90396154874767,0.6205136393906094,0.36715462702518725,-199.63284537297488,0.3671546270251873,-0.7297214829556835,-200.72972148295574,-0.7297214829556835,0.4982642917517105,-199.5017357082483,0.4982642917517105,0.6183236423801218,-199.3816763576199,0.6183236423801219,-150.71255106752804,-105.30365207703795,1.124581254311147,-150.77016359201787,-455.36126460152786,1.066968729821325,-150.5012533723035,-905.0923543818135,1.3358789495357088,0.13825559747719451,-199.86174440252285,0.13825559747719451,151.92099255298126,-95.33995216113951,-0.9252337491539895,152.1507373504649,-445.11020736365583,-0.6954889516703224,151.82514818810236,-895.4357965260184,-1.021078114032867,0.437364229734718,-199.56263577026533,0.437364229734718
182,1.82,0.13778660595788722,700.137786605958,0.13778660595788716,-0.3321650503730868,549.6678349496269,-0.3321650503730868,0.28166449603543536,300.28166449603543,0.2816644960354354,0.4817914091258918,400.481791409126,0.48179140912589186,0.6598610123113596,200.65986101231138,0.6598610123113596,0.005845626651070107,100.005845626651,0.0058456266510700655,-0.3877703743252747,1000.5471767644023,0.11953296547871496,-196.62176070165117,497.8746670211289,-1.5771946947393642,-352.1777793433255,394.9456693643058,2.6324659043534497,-446.9792969782435,205.42956739876922,1.7407262883437618,-496.5416499460191,44.30178220462211,-2.45895995197386,3.363566612282959,-195.0028527336041,-2.871006751825777,0.19128699434278348,-199.8087130056573,0.1912869943427835,0.03365424406028878,-199.96634575593976,0.033654244060288704,0.623898730277169,-199.3761012697229,0.623898730277169,-0.6798874727980679,-200.67988747279813,-0.6798874727980679,203.3957224810801,497.99934998954143,-1.4525117263268226,353.7377543188206,402.64519245304143,2.5421742940694254,452.6691114881788,200.96763344565178,-2.599966068009672,498.86389340147457,53.75153327104849,0.7558604849683012,0.8011792849997531,-204.94820178290541,0.14299069992491062,0.14176072461931993,-199.8582392753807,0.14176072461932,-0.9045057238868999,-200.90450572388696,-0.9045057238869,0.38308608899284485,-199.6169139110072,0.38308608899284485,0.3673627569568544,-199.63263724304318,0.3673627569568545,-150.69771992435966,-105.09903172394829,0.9562765581903722,-150.87726539242846,-455.2785771920171,0.7767310901215922,-150.65748299664656,-905.0587947962354,0.9965134859034779,-0.10865023013134577,-200.1086502301314,-0.10865023013134577,151.86343431914477,-95.60514815872139,-0.8051688430132498,152.07070243438383,-445.39788004348236,-0.5979007277741919,151.77920536969089,-895.6893771081754,-0.8893977924671513,0.2951322984681165,-199.70486770153195,0.2951322984681165
183,1.83,-0.12724184631197577,699.8727581536881,-0.12724184631197583,-0.7132912019220261,549.286708798078,-0.7132912019220261,0.19826003245181334,300.1982600324518,0.1982600324518134,0.35263340642906266,400.35263340642916,0.35263340642906266,0.41106239813147255,200.4110623981315,0.4110623981314727,-0.25352680103678626,99.74647319896314,-0.25352680103678626,-0.15992390163167813,1000.7837492786439,0.34998279052130143,-196.69942767970758,497.8554152739275,-1.6752403489682266,-352.0351931764801,395.02362991830176,2.512501018462349,-447.32669447562114,205.27693186825059,1.4877158479600192,-497.06380039054795,43.86612203468108,-2.7945656183566094,3.253558223191611,-195.0332197145877,-2.9251012340452878,0.03780341504380086,-199.96219658495625,0.037803415043800886,-0.22108131610513598,-200.2210813161052,-0.22108131610513598,0.47108736743201574,-199.52891263256805,0.47108736743201574,-0.7798897520792538,-200.7798897520793,-0.7798897520792538,203.06287156029214,497.7734135294884,-1.7572420934072523,353.2801996368837,402.1311339249336,2.267180633810589,452.7142329427136,201.02036215977625,-2.696241635094963,498.2404988786179,53.14275878659821,0.14910125254483408,0.8416827323667389,-204.92705627203463,-0.2840568075104963,-0.12602674629916552,-200.1260267462992,-0.12602674629916535,-1.0852549748997142,-201.08525497489975,-1.0852549748997145,0.14741613064523998,-199.85258386935482,0.14741613064523998,-0.010223352195470048,-200.01022335219548,-0.010223352195469992,-150.85918465919065,-105.07107352478346,0.6044566064759219,-151.03508498376848,-455.2469738493614,0.42855628189808104,-150.90600120229678,-905.1178900678897,0.5576400633697621,-0.3714741665438356,-200.37147416654386,-0.3714741665438356,151.66775938473438,-96.007698110224,-0.8156952652381311,151.83877396256202,-445.83668353239636,-0.6446806874105144,151.6563858271561,-896.0190716678023,-0.8270688228164201,0.0094993376062553,-199.9905006623938,0.00949933760625532
184,1.84,-0.283908138277239,699.7160918617228,-0.28390813827723904,-0.9501094209055818,549.0498905790944,-0.9501094209055818,0.12696802641759927,300.12696802641756,0.1269680264175993,0.21175324878727875,400.2117532487873,0.21175324878727877,0.231839734419226,200.23183973441928,0.231839734419226,-0.41355792122011076,99.58644207877984,-0.41355792122011076,0.02906235450943892,1000.9812587648403,0.5414170003769248,-196.88630372630567,497.7328923917559,-1.8771684761646363,-351.8716507838915,395.12238483977137,2.395904104033553,-447.6300236692039,205.1664894317308,1.282870885109571,-497.68893917110347,43.362724202802525,-3.1960351631759876,3.086924534723412,-195.10801646306012,-2.994046888643274,-0.18218771301906744,-200.18218771301912,-0.1821877130190675,-0.4318419567881744,-200.43184195678825,-0.4318419567881744,0.27572046425613195,-199.7242795357439,0.27572046425613195,-0.7755157413137734,-200.7755157413138,-0.7755157413137735,202.81553043715428,497.6387035438363,-1.9713573240841638,352.9374833742757,401.73951129199827,2.1113957942844386,452.77720649820554,201.09766802273128,-2.756953985588342,497.759579044155,52.651088955103106,-0.33420522626875626,1.0400961442608676,-204.72685008400288,-0.5451339409298415,-0.3964598294534115,-200.39645982945342,-0.3964598294534115,-1.1564742514377442,-201.15647425143777,-1.1564742514377442,-0.10753430978854997,-200.10753430978855,-0.10753430978854991,-0.3599247928666841,-200.3599247928667,-0.3599247928666841,-151.07373404385478,-105.09663160373756,0.1928695963289249,-151.14392126581376,-455.1668188256966,0.12268237436994285,-151.16819298833354,-905.1910905482164,0.0984106518501898,-0.47472185329313005,-200.47472185329318,-0.47472185329313005,151.4217653597763,-96.45972990100262,-0.8695475721423813,151.5452153184836,-446.3362799422954,-0.7460976134351043,151.5517009287317,-896.3297943320474,-0.739612003187002,-0.2565694402815205,-200.25656944028154,-0.2565694402815205
185,1.85,-0.36089739112785474,699.6391026088722,-0.3608973911278548,-0.9773835486747763,549.0226164513253,-0.9773835486747763,0.07062741067315921,300.0706274106731,0.07062741067315915,0.09274435365497101,400.092744353655,0.092744353654971,0.178552297211503,200.17855229721155,0.178552297211503,-0.4386488626553867,99.56135113734459,-0.4386488626553868,0.10774756304795154,1001.0682598669515,0.6223924115222903,-197.06162826792064,497.6277953847216,-2.062201222186806,-351.6636655474835,395.26604021713024,2.307240418800705,-447.89749567619,205.08915693530014,1.1174785495639594,-498.3069842124195,42.90017065212318,-3.5551602961222013,2.915390332320403,-195.1757916197738,-3.0266978593447575,-0.4246416837498369,-200.42464168374985,-0.4246416837498369,-0.5090109371699073,-200.50901093716996,-0.5090109371699074,0.07136602946531208,-199.9286339705347,0.07136602946531197,-0.6874338105573027,-200.68743381055728,-0.6874338105573027,202.73855673082693,497.67994548268666,-2.0100511242217114,352.7773997873886,401.53783376962565,2.141873995950437,452.9470628510628,201.28899773770024,-2.6925127370139714,497.5318409870746,52.38585099701849,-0.5840490003499195,1.4361861605173667,-204.30632060952848,-0.5971114373255283,-0.6117993688354316,-200.61179936883548,-0.6117993688354316,-1.0180444172141532,-201.01804441721416,-1.0180444172141532,-0.30586775530898375,-200.30586775530898,-0.30586775530898375,-0.5650779340056545,-200.56507793400564,-0.5650779340056545,-151.2165394072241,-105.05092683430172,-0.15309429729859833,-151.1654104760652,-454.99979790314285,-0.10196536613968193,-151.3863133581701,-905.2207007852478,-0.32286824824456173,-0.37398852016796763,-200.37398852016798,-0.3739885201679675,151.24247456694678,-96.84416261378225,-0.850260239927416,151.2790388895225,-446.80759829120655,-0.8136959173517075,151.51067086436944,-896.5759663163598,-0.5820639425047534,-0.3832500025706733,-200.38325000257072,-0.3832500025706733
186,1.86,-0.4275424009892287,699.5724575990107,-0.4275424009892287,-0.7857224511022213,549.2142775488978,-0.7857224511022212,-0.005613499714733933,299.99438650028526,-0.0056134997147339605,-0.0001998919805090288,399.9998001080195,-0.00019989198050907736,0.19131131933858242,200.19131131933864,0.19131131933858242,-0.3695721739685936,99.6304278260314,-0.3695721739685936,0.08220581343460863,1001.050822202421,0.5989808109909731,-197.14058745627267,497.62486704958127,-2.1455141338591748,-351.4211555491078,395.4453115907719,2.237729226190713,-448.1654182206629,205.0077433257315,0.9547120286738109,-498.8171465115921,42.57754702277779,-3.7732848287391807,2.7630978199572955,-195.2128718559992,-2.999807499083499,-0.6424167853804114,-200.64241678538042,-0.6424167853804114,-0.4469114404021382,-200.44691144040218,-0.44691144040213826,-0.1158534979153367,-200.11585349791534,-0.1158534979153368,-0.5844772444667531,-200.58447724446677,-0.5844772444667531,202.8396183636101,497.9046680230853,-1.8657131603551096,352.73177783432385,401.4576053152041,2.28968326277421,453.2161188651967,201.5870488993486,-2.510107420359452,497.51623539842905,52.304792026606634,-0.642009176455747,1.9639385326745415,-203.73013408256733,-0.5027508639347348,-0.7106831655964259,-200.71068316559644,-0.7106831655964257,-0.6726188809914175,-200.67261888099137,-0.6726188809914176,-0.42257936027071796,-200.42257936027073,-0.42257936027071796,-0.6193003137105515,-200.61930031371054,-0.6193003137105515,-151.22555780319396,-104.871950511617,-0.3708077701054331,-151.17213854893248,-454.8185312573556,-0.3173885158439621,-151.52022777627894,-905.1666204847021,-0.6654777431904156,-0.17412299863224978,-200.17412299863224,-0.17412299863224978,151.19862036136965,-97.09221970818015,-0.6896796668316144,151.10062210221838,-447.1902179673315,-0.7876779259829163,151.54587752043727,-896.7449625491126,-0.3424225077640089,-0.3610467321541456,-200.36104673215416,-0.3610467321541457
187,1.87,-0.5296715278988297,699.4703284721012,-0.5296715278988297,-0.46009783948699623,549.5399021605131,-0.4600978394869961,-0.1357502668558137,299.86424973314416,-0.13575026685581373,-0.09228731651593815,399.907712683484,-0.09228731651593823,0.16027283547117818,200.16027283547123,0.16027283547117815,-0.28559242409219504,99.71440757590779,-0.2855924240921951,0.016915206002080158,1000.9934194543875,0.5356580479398226,-197.123418093051,497.72379211489454,-2.127340095265757,-351.1877790456919,395.61718520382556,2.144903924713261,-448.46335451855316,204.89179446972383,0.7644740689452449,-499.1729788491414,42.439409739166464,-3.8063354773527434,2.626534128465964,-195.2234314827627,-2.9180949117516812,-0.804230603300578,-200.8042306033006,-0.8042306033005782,-0.32449026197010183,-200.32449026197014,-0.324490261970102,-0.25519749034852174,-200.2551974903485,-0.2551974903485219,-0.5256366302704026,-200.5256366302704,-0.5256366302704027,203.04364116619092,498.2376508410549,-1.613481369105494,352.65508230907886,401.3529279520152,2.408509574209062,453.4846702152663,201.8924601951992,-2.30901704651322,497.58484977544373,52.27898668293618,-0.6363519704325721,2.4790118344048357,-203.14144792542515,-0.40327574583862036,-0.6790013865315123,-200.67900138653152,-0.6790013865315123,-0.2561250632137792,-200.25612506321374,-0.2561250632137793,-0.4869508414491639,-200.4869508414492,-0.486950841449164,-0.6020255023600105,-200.60202550236002,-0.6020255023600105,-151.10867893959517,-104.56761185881682,-0.4675550834516595,-151.27755171094915,-454.7364846301708,-0.6364278548056571,-151.53001513669497,-904.9889480559166,-0.8888912805514882,-0.020027593043945396,-200.02002759304395,-0.020027593043945382,151.2366610686783,-97.25741450887085,-0.4419484713406696,151.00728323899457,-447.4867923385546,-0.6713263010244085,151.6475658785412,-896.846509699008,-0.03104366147777715,-0.2872317712476896,-200.28723177124772,-0.2872317712476896
188,1.88,-0.6560889590854828,699.3439110409145,-0.6560889590854829,-0.15750683555321374,549.8424931644468,-0.1575068355532137,-0.31559764259845463,299.6844023574015,-0.3155976425984547,-0.20683969130642507,399.7931603086936,-0.2068396913064251,0.03148332080937319,200.03148332080943,0.03148332080937318,-0.258551331534354,99.74144866846564,-0.258551331534354,-0.013259236256921263,1000.9709122852727,0.5072869465956225,-197.09325303128003,497.8413519194401,-2.090814731709812,-350.9975771588772,395.7482719674365,1.995964770515775,-448.8060631011931,204.72565710819876,0.531459628666356,-499.4102241285725,42.44795489144104,-3.692650447165826,2.47028106706231,-195.24373787386747,-2.8184867530091475,-0.9156338315091873,-200.9156338315092,-0.9156338315091874,-0.24255162516472445,-200.24255162516477,-0.24255162516472456,-0.3359240295016543,-200.33592402950168,-0.33592402950165445,-0.5247972610028799,-200.52479726100285,-0.5247972610028799,203.19375597696893,498.5218718868856,-1.4102947642644317,352.43564947077414,401.1117397582574,2.3858956054135048,453.6462411701377,202.09905891292578,-2.195362279731423,497.62852737005664,52.198468961613656,-0.6764045488771515,2.8458693418333247,-202.67479358777112,-0.4312632943460286,-0.5739531064219716,-200.57395310642195,-0.5739531064219716,0.035154936173617146,-199.96484506382637,0.035154936173616966,-0.5501708503453377,-200.55017085034535,-0.5501708503453377,-0.6059993325199555,-200.60599933251996,-0.6059993325199556,-150.93357069308212,-104.20558418941624,-0.5103794253653507,-151.52088825776386,-454.792901754098,-1.0976969900470916,-151.38538617705066,-904.6573996733848,-0.9621949093339104,0.01868356973973387,-199.98131643026028,0.01868356973973387,151.20633555591508,-97.4899939908099,-0.257948077506766,150.92042030075413,-447.77590924597087,-0.5438633326677207,151.74837861234138,-896.9479509343837,0.2840949789195206,-0.29600891094537846,-200.29600891094537,-0.29600891094537846
189,1.89,-0.7599149713782972,699.2400850286217,-0.7599149713782972,-0.010586101892396838,549.9894138981076,-0.010586101892396865,-0.5056959951889453,299.494304004811,-0.5056959951889454,-0.33502609998673016,399.66497390001325,-0.3350260999867303,-0.1509524495248178,199.84904755047523,-0.1509524495248178,-0.31922173744419174,99.68077826255578,-0.31922173744419163,0.028521068040447434,1001.0201349743081,0.5507039431363938,-197.14258198950102,497.8849636876422,-2.128437217510708,-350.82776367677985,395.8620142577113,1.8149843132304613,-449.1881218809351,204.51385862678953,0.260534347184987,-499.59553472034014,42.53431738142774,-3.5016773411981346,2.2416354557055476,-195.32752440517913,-2.75548601457131,-1.0068241796645918,-201.00682417966462,-1.006824179664592,-0.2537580005525227,-200.25375800055258,-0.25375800055252273,-0.38212273591694706,-200.382122735917,-0.38212273591694723,-0.5529604789576054,-200.55296047895763,-0.5529604789576055,203.1252574471494,498.5924663751616,-1.4209345299913285,352.07412820229,400.73425854448294,2.221685077696476,453.6871363395578,202.1934105873536,-2.182555386501562,497.59883556811633,52.014211809367325,-0.8105810620475996,3.02005515967421,-202.37381366225807,-0.6283904736854525,-0.4709590998206971,-200.47095909982067,-0.4709590998206972,0.07804812766864458,-199.92195187233136,0.07804812766864445,-0.633595473285196,-200.6335954732852,-0.633595473285196,-0.6765122846978442,-200.67651228469788,-0.6765122846978442,-150.79837461171934,-103.88400112419146,-0.5967803333390385,-151.8340087428692,-454.9196352553414,-1.6324144644889174,-151.10669366381745,-904.1923201762897,-0.9050993854371867,-0.031159403134534802,-200.03115940313455,-0.031159403134534802,151.00261815260046,-97.89498314746245,-0.24334187597174392,150.7460372592582,-448.1515640408047,-0.4999227693139715,151.7297332700049,-897.1678680300581,0.48377324143271505,-0.45947497058584896,-200.45947497058586,-0.45947497058584896
190,1.9,-0.8109126323938307,699.1890873676061,-0.8109126323938307,-0.040816948629339544,549.9591830513707,-0.0408169486293396,-0.6694830658927657,299.33051693410715,-0.6694830658927657,-0.438361125606492,399.56163887439345,-0.43836112560649204,-0.30056964836250527,199.69943035163752,-0.3005696483625052,-0.44304285463906723,99.55695714536091,-0.4430428546390671,0.1201145175394999,1001.1189416781847,0.6437653456971261,-197.283834869063,497.84209731162014,-2.2526535779428185,-350.6222504556725,396.01515707157864,1.6593770756925468,-449.58426205964054,204.28077702600808,-0.023596781163455913,-499.75999623135203,42.66506674730987,-3.267473996277352,1.9205830274585913,-195.49600797860631,-2.751184885074864,-1.09170779532542,-201.09170779532548,-1.09170779532542,-0.34686068907722023,-200.34686068907726,-0.3468606890772203,-0.4193749028046322,-200.4193749028047,-0.41937490280463224,-0.5672381257180803,-200.56723812571812,-0.5672381257180804,202.79384667555968,498.4049696132472,-1.68978127631587,351.6716429880097,400.32114749739424,2.016188996119585,453.70406092912947,202.27243734231348,-2.173681407062289,497.48670465189105,51.71677532448131,-1.0477399880295604,3.0445764890941414,-202.1948912523187,-0.9490723361774066,-0.4031889854303561,-200.40318898543035,-0.4031889854303562,-0.1006475945309194,-200.10064759453095,-0.10064759453091948,-0.7167096844520209,-200.7167096844521,-0.7167096844520209,-0.7942946978023611,-200.7942946978024,-0.7942946978023611,-150.7734106677201,-103.67316212144928,-0.7964204351540488,-152.09855840181493,-454.9983098555442,-2.1215681692489192,-150.78277635415517,-903.6825278078844,-0.8057861215891495,-0.10619998317469222,-200.10619998317475,-0.10619998317469226,150.6698810051662,-98.42802186239469,-0.35441088371511176,150.46855774352886,-448.62934512403206,-0.5557341453524389,151.50698303974184,-897.5909198278192,0.4826911508605658,-0.7410530779878362,-200.74105307798789,-0.7410530779878362
191,1.91,-0.8184305919775426,699.1815694080224,-0.8184305919775426,-0.16586197561916877,549.8341380243808,-0.1658619756191687,-0.7932854969054457,299.2067145030945,-0.7932854969054457,-0.48222753691636244,399.5177724630837,-0.48222753691636255,-0.37646936952397786,199.623530630476,-0.3764693695239778,-0.5653912750155649,99.4346087249844,-0.5653912750155647,0.2032767751747981,1001.2090838798392,0.7282247825116261,-197.44288517103624,497.7867720432431,-2.389360081851752,-350.3647513525916,396.22464062581815,1.5467905654509804,-449.9707872563751,204.04922569879815,-0.2978059162212779,-499.90076758524754,42.8405876081125,-2.990324324115221,1.5599518990969106,-195.69772520711211,-2.7550957911117018,-1.1465508464691965,-201.14655084646927,-1.1465508464691965,-0.4810877048091903,-200.48108770480926,-0.4810877048091903,-0.4403980840406698,-200.44039808404074,-0.4403980840406699,-0.5468049633143066,-200.54680496331434,-0.5468049633143065,202.32134528165489,498.08103127645893,-2.095100848635951,351.3364064677304,399.9801305346981,1.8768015182088948,453.81708516863,202.45638060167164,-2.04853487790212,497.31011006609947,51.323996589080735,-1.3694997254685055,2.9825777134104308,-202.07448580151606,-1.3278067898994659,-0.3693652872608152,-200.36936528726085,-0.3693652872608153,-0.3760254182726033,-200.37602541827266,-0.37602541827260333,-0.7695413825280991,-200.76954138252816,-0.7695413825280991,-0.904835708829853,-200.90483570882992,-0.9048357088298528,-150.8627415395696,-103.57709759610535,-1.1126917804823453,-152.21019489841,-454.9245509549458,-2.460145139322746,-150.52135887295952,-903.2357149294953,-0.7713091138722652,-0.16686907271351237,-200.16686907271355,-0.16686907271351237,150.34562664380007,-98.95163150899288,-0.4543191299608371,150.1735451916053,-449.1237129611877,-0.6264005821556242,151.11018880387758,-898.1870693489154,0.3102430301166397,-1.0386588039775444,-201.03865880397763,-1.0386588039775444
192,1.92,-0.7994231545790098,699.200576845421,-0.7994231545790096,-0.27875348005464334,549.7212465199453,-0.2787534800546433,-0.8584673845828155,299.1415326154171,-0.8584673845828154,-0.46526525311076194,399.5347347468893,-0.465265253110762,-0.40966016923775966,199.59033983076225,-0.4096601692377596,-0.6171637870261277,99.38283621297384,-0.6171637870261276,0.2267393084648125,1001.2392889304897,0.7528117433034439,-197.5236009926045,497.8150056162115,-2.442454204840878,-350.0894083639119,396.456970739623,1.444473962431363,-450.33730430583006,203.82872654781244,-0.5522705273573616,-500.0212922325188,43.054889727544506,-2.67692417942266,1.2713938127595168,-195.82253914886945,-2.6581525362301046,-1.1271469673950887,-201.12714696739516,-1.1271469673950887,-0.6105942864493361,-200.61059428644938,-0.610594286449336,-0.42394094891314604,-200.4239409489132,-0.42394094891314604,-0.49573398929748597,-200.49573398929755,-0.4957339892974859,201.9015692838534,497.81428949681504,-2.4431703242374434,351.10272189461944,399.7449976859663,1.83700576825679,454.07357152018744,202.7927267845163,-1.7596934931277963,497.13073562200725,50.897658489918,-1.7135750420594018,2.8893584623478876,-201.95712312426676,-1.7071734935683938,-0.3656484566012731,-200.36564845660132,-0.3656484566012731,-0.6268391268973623,-200.62683912689744,-0.6268391268973623,-0.7667720543713996,-200.76677205437147,-0.7667720543713995,-0.9620323453633451,-200.9620323453634,-0.962032345363345,-151.0074928616539,-103.53689006163464,-1.4860381946608827,-152.11588908416599,-454.6452862841467,-2.594434417172959,-150.37395200824895,-902.9033492082298,-0.8524973412559306,-0.20347113082324267,-200.20347113082332,-0.20347113082324267,150.1312785822008,-99.36442346186809,-0.44232095446949393,149.96885105675972,-449.5268509873092,-0.6047484799105848,150.68165020645296,-898.814051837616,0.10805066978265755,-1.252210069036924,-201.252210069037,-1.2522100690369242
193,1.93,-0.7432061455462188,699.2567938544537,-0.7432061455462189,-0.32099809042528,549.6790019095748,-0.32099809042527994,-0.8171312597547677,299.18286874024517,-0.8171312597547677,-0.4153488893416384,399.58465111065846,-0.41534888934163827,-0.4472869528087036,199.5527130471913,-0.44728695280870356,-0.561198118646082,99.4388018813539,-0.5611981186460819,0.16896629093568824,1001.1880169527794,0.6959884817866157,-197.45635378502067,497.9963056159506,-2.342343345158839,-349.81300706339636,396.6959999226729,1.337057409042409,-450.66578283446137,203.63645431915583,-0.7695303136838927,-500.1436592558188,43.283268744438004,-2.352716231645452,1.1622514233565404,-195.76475842227413,-2.3558234015621435,-0.9943612474472947,-200.99436124744736,-0.9943612474472947,-0.6733728743586953,-200.67337287435876,-0.6733728743586952,-0.36962711363752315,-200.3696271136376,-0.36962711363752304,-0.4083217390310075,-200.40832173903107,-0.40832173903100744,201.67620548010154,497.7462474619929,-2.5924014991166535,350.9428835372098,399.58750852606147,1.868277623577665,454.43078373027294,203.23881505607295,-1.3499096362200569,497.04154874621054,50.53106857341473,-1.9862032976290211,2.834687830980651,-201.77308737831845,-2.015534574442573,-0.378063321716053,-200.37806332171613,-0.37806332171605306,-0.7740506183815667,-200.7740506183816,-0.7740506183815666,-0.6733380249990774,-200.6733380249991,-0.6733380249990774,-0.9505175313886404,-200.9505175313887,-0.9505175313886403,-151.09949297227948,-103.4443148214942,-1.807597178576399,-151.83016434104553,-454.1749861902603,-2.5382685473424775,-150.30976302489464,-902.6545848741094,-1.0178672311915924,-0.20874318519954999,-200.20874318519964,-0.20874318519954996,150.0449445880451,-99.6483348864274,-0.30099558735983,149.8972560316854,-449.79602344278715,-0.4486841437195237,150.39348205559358,-899.299797418879,0.04754188018865402,-1.3120326708859293,-201.31203267088597,-1.3120326708859293
194,1.94,-0.6248989214363778,699.3751010785636,-0.6248989214363778,-0.301522712439239,549.6984772875609,-0.3015227124392391,-0.6269157214846717,299.37308427851525,-0.6269157214846717,-0.3560692750128225,399.6439307249872,-0.35606927501282243,-0.4846352757347516,199.51536472426528,-0.48463527573475157,-0.4114664722107483,99.58853352778921,-0.4114664722107481,0.031386876558346974,1001.0566931169151,0.5591822911599786,-197.21898797621265,498.3526999940824,-2.0669143954362594,-349.5007695882299,396.97713093571815,1.2607536743443308,-450.91594059043007,203.51185516019217,-0.9098698769770601,-500.28895497664354,43.50197677179942,-2.042214664302124,1.2653762745019899,-195.49330418005053,-1.8182717203368601,-0.7266015303132173,-200.72660153031327,-0.7266015303132172,-0.5911334900160117,-200.5911334900161,-0.5911334900160117,-0.28960028829967305,-200.2896002882997,-0.28960028829967294,-0.25666914485028614,-200.25666914485032,-0.25666914485028614,201.68771288355094,497.9191750771107,-2.5004393124081257,350.8333568263964,399.48357544820226,1.9462692598675555,454.7971150030544,203.70306441861882,-0.9108825012004886,497.10023459749607,50.28249471508279,-2.128713627240807,2.8901635643923025,-201.4510661011937,-2.1796882476316615,-0.3618744380989562,-200.36187443809902,-0.3618744380989562,-0.770052678502952,-200.77005267850302,-0.770052678502952,-0.4578050397913559,-200.4578050397914,-0.45780503979135584,-0.8755504170323147,-200.87555041703237,-0.8755504170323145,-151.01040484975002,-103.17097289519057,-1.9483340371824205,-151.41359728524566,-453.57416533068624,-2.35152647267808,-150.24771217201803,-902.4082802174587,-1.1856413594504387,-0.17203277510879583,-200.17203277510885,-0.17203277510879578,150.06961582410477,-99.82042861116793,-0.04804581766610916,149.9399814843691,-449.95006295090366,-0.17768015740179577,150.34644328359292,-899.5436011516799,0.2287816418220584,-1.1905402745287192,-201.19054027452876,-1.1905402745287192
195,1.95,-0.4415985724666674,699.5584014275333,-0.4415985724666674,-0.25778486189921446,549.742215138101,-0.2577848618992144,-0.3093098183366328,299.69069018166334,-0.30930981833663274,-0.278418548848663,399.72158145115134,-0.27841854884866296,-0.46437094208077156,199.53562905791932,-0.4643709420807714,-0.2146092037127433,99.78539079628723,-0.21460920371274322,-0.17208299972880942,1000.8592294428693,0.35630730566685676,-196.86344168566674,498.83211649969115,-1.6681543979698255,-349.1160891284854,397.33757888368285,1.2536182571998957,-451.0582264677854,203.48366744466244,-0.944299099515168,-500.45181135932785,43.71369637405061,-1.74352622036578,1.5159280680901241,-195.0748944718372,-1.1135334915760395,-0.3371205444143719,-200.3371205444144,-0.3371205444143719,-0.3238608842511895,-200.32386088425122,-0.3238608842511895,-0.18422686877473565,-200.18422686877477,-0.1842268687747356,-0.025173072309684907,-200.0251730723097,-0.025173072309684838,201.89495450702168,498.2917409827154,-2.208529914945645,350.77307071852556,399.4315592334789,2.069104912827141,455.0725198624957,204.08540471559343,-0.5428262334995636,497.28034645867575,50.12631498496458,-2.16638166940916,3.0652107213668094,-200.98215374789135,-2.188880731268296,-0.2593080639936348,-200.25930806399367,-0.25930806399363476,-0.6112517002192185,-200.6112517002192,-0.6112517002192184,-0.13970966503846582,-200.13970966503848,-0.13970966503846577,-0.7457068444751602,-200.7457068444752,-0.7457068444751602,-150.66790612582383,-102.64447206362885,-1.8352241186555447,-150.9186459396125,-452.8952118774175,-2.085963932444219,-150.10764743861716,-902.0842133764222,-1.2749654314488668,-0.09929663026411949,-200.09929663026418,-0.09929663026411949,150.1947918246561,-99.89126712273486,0.30532920669647934,150.07954455417357,-450.0065143932174,0.1900819362139323,150.52000177755545,-899.5660571698356,0.6305391595958173,-0.9257745504080017,-200.92577455040802,-0.9257745504080017
196,1.96,-0.22192550379235826,699.7780744962076,-0.22192550379235823,-0.2029857193095417,549.7970142806906,-0.20298571930954162,0.04690928888874146,300.04690928888874,0.04690928888874146,-0.15039538046015563,399.8496046195399,-0.1503953804601556,-0.3408689418124522,199.65913105818765,-0.3408689418124521,-0.006074577916646312,99.99392542208335,-0.006074577916646284,-0.41167078338541246,1000.6253946406732,0.11713434024583688,-196.51292216800664,499.31120739079245,-1.2693259200572085,-348.6719849781055,397.764912798553,1.3040888908662898,-451.1097995863225,203.53394648745007,-0.8905296000009304,-500.5916698623881,43.956299076980805,-1.4195864690511864,1.7864781798565197,-194.6389231897224,-0.37238926503472647,0.10396503166851306,-199.89603496833152,0.10396503166851306,0.06569178700946413,-199.93430821299052,0.06569178700946413,-0.05349644588852667,-200.05349644588853,-0.0534964458885267,0.2611904876262956,-199.73880951237373,0.2611904876262956,202.2019754691558,498.7677909015909,-1.8127424092587585,350.7398833386882,399.4087379663179,2.2138499061594894,455.1843868211155,204.31314867168877,-0.31859697140812854,497.50610644067183,49.987815739377396,-2.173635777241842,3.2799259212857006,-200.44700759410196,-2.1219702801780143,-0.04239857823422698,-200.04239857823427,-0.04239857823422698,-0.3609887038204358,-200.36098870382045,-0.36098870382043574,0.1970515522847633,-199.80294844771527,0.19705155228476331,-0.5738832252421086,-200.57388322524213,-0.5738832252421086,-150.13169287133118,-101.92443172366688,-1.5272588515076282,-150.3647392607719,-452.15747811310763,-1.760305240948377,-149.85501194911075,-901.6477508014466,-1.2505779292871968,-0.009627504802427448,-200.0096275048025,-0.009627504802427467,150.3986145888876,-99.88277740689368,0.7365703218015295,150.3134081606374,-449.96798383514385,0.6513638935513393,150.79902917662628,-899.482362819155,1.136984909540228,-0.6155390754569641,-200.61553907545698,-0.6155390754569641
197,1.97,-0.0037443673791103804,699.9962556326209,-0.003744367379110408,-0.1129968904974247,549.8870031095028,-0.11299689049742473,0.34336128393700033,300.34336128393704,0.34336128393700033,0.0362821012877535,400.0362821012878,0.036282101287753526,-0.13476651086780428,199.86523348913232,-0.13476651086780428,0.2069194872393747,100.20691948723936,0.2069194872393747,-0.6411480017759537,1000.4014134105455,-0.11210980998091588,-196.2895476369581,499.6677077741348,-0.9926088011681253,-348.21936269929176,398.2087921753308,1.3627199177660978,-451.11616192558785,203.6164356344284,-0.7946047776919668,-500.6598309857588,44.27581796717632,-1.0251817688096236,1.9461635933442971,-194.31828758211793,0.2708156781614392,0.48130768435319093,-199.51869231564683,0.48130768435319093,0.4264156995909575,-199.57358430040904,0.4264156995909575,0.0834814522874481,-199.91651854771257,0.08348145228744806,0.5489630195231552,-199.45103698047683,0.5489630195231552,202.49672538525667,499.23507027707535,-1.425246298227667,350.67528178846896,399.35601016526266,2.3212138161839055,455.1317572067035,204.38521032412365,-0.2394734367411937,497.72860267156733,49.8193841230377,-2.1978684981114274,3.419754183910112,-199.9611689818302,-2.0927562747564896,0.26441745142023104,-199.73558254857983,0.264417451420231,-0.12256772825600493,-200.122567728256,-0.12256772825600484,0.4556669666100395,-199.54433303338996,0.4556669666100395,-0.3864248790713846,-200.3864248790714,-0.38642487907138456,-149.5752395124647,-101.18424390537697,-1.1972079305829162,-149.7712218403679,-451.38022623328027,-1.3931902584861828,-149.51727901634777,-901.1262834092602,-1.1392474344660193,0.09816746043461805,-199.9018325395654,0.09816746043461802,150.62149750603066,-99.85462092569986,1.185389540558815,150.60675806479446,-449.86936036693606,1.1706500993226316,151.04125816800712,-899.4348602637235,1.6051502025352709,-0.34925964162842255,-200.3492596416284,-0.34925964162842255
198,1.98,0.1962405476469391,700.196240547647,0.19624054764693905,0.04205448072961018,550.0420544807297,0.0420544807296102,0.5269629078059969,300.5269629078061,0.5269629078059967,0.2356660709449297,400.235666070945,0.23566607094492972,0.08891805078701166,200.08891805078713,0.08891805078701169,0.4210881119199271,100.42108811191994,0.42108811191992707,-0.8188320370334113,1000.2289646716426,-0.2897441415977355,-196.2331931936696,499.86158984916653,-0.8779459960304035,-347.80070758987495,398.6272702864144,1.3884833655048805,-451.1088716941414,203.6988565304012,-0.6886106373625378,-500.646537967275,44.67938573537397,-0.5540056051593164,1.9153149050966016,-194.19474085055316,0.7328262942866294,0.690322854932635,-199.30967714506738,0.690322854932635,0.6185495536881562,-199.38145044631185,0.6185495536881562,0.20023280754005607,-199.79976719245997,0.200232807540056,0.7825461674869048,-199.21745383251312,0.7825461674869049,202.70107390905588,499.61524006881496,-1.1242957763819776,350.5317593359848,399.22527533180767,2.3429309769374544,455.0035697604889,204.3903494615192,-0.21691146227973576,497.95727915337454,49.63199119396633,-2.227957080890919,3.415335213401837,-199.59521306092742,-2.1701364800267746,0.5929895132994372,-199.40701048670059,0.5929895132994372,0.03263850490791629,-199.9673614950921,0.03263850490791631,0.5916594316858532,-199.40834056831415,0.5916594316858531,-0.21403965856392568,-200.21403965856393,-0.2140396585639257,-149.1672289974151,-100.59250456654829,-1.0130517639350367,-149.19659298760703,-450.6218685567403,-1.0424157541269705,-149.1593473156719,-900.5846228848052,-1.0051700821918452,0.2455499612198045,-199.75445003878022,0.2455499612198045,150.7894348822428,-99.880882965976,1.5770818578913997,150.87778460270692,-449.7925332455119,1.6654315783555016,151.14443991653346,-899.5258779316853,1.9320868921820344,-0.13609576007115304,-200.13609576007116,-0.136095760071153
199,1.99,0.3889768259349016,700.3889768259351,0.38897682593490157,0.2531522792756821,550.2531522792758,0.2531522792756821,0.596585928752364,300.5965859287524,0.596585928752364,0.3838789321425891,400.3838789321426,0.38387893214258917,0.2929672113284838,200.29296721132857,0.29296721132848375,0.6205695734906171,100.62056957349064,0.6205695734906171,-0.9321965680596407,1000.1205711216476,-0.403243883944328,-196.29520742596776,499.9413464893813,-0.8767600803293693,-347.41624769885095,399.02062804385093,1.382600499524731,-451.10415141456997,203.76430456903088,-0.5892813869208121,-500.60006350893184,45.116169095176474,-0.05771840629678181,1.695443633508587,-194.2688847724558,1.0114929107841868,0.6952051288515306,-199.3047948711485,0.6952051288515306,0.6039055059258026,-199.3960944940742,0.6039055059258027,0.28108705709336934,-199.71891294290666,0.28108705709336923,0.9200664667996437,-199.07993353320037,0.9200664667996438,202.8054917796996,499.8985580599241,-0.9195485097866951,350.30583602175136,399.01245793558917,2.2747843454474688,454.9244340223606,204.45294508790653,-0.12676944258261597,498.2251788666531,49.460426299004006,-2.229032356297858,3.281942133372082,-199.33530404288098,-2.3386694545450233,0.8571611121171285,-199.14283888788287,0.8571611121171285,0.10901033189484072,-199.89098966810516,0.10901033189484072,0.626351632661517,-199.37364836733846,0.626351632661517,-0.07359078071428479,-200.07359078071426,-0.0735907807142849,-148.95993961764515,-100.20140156347085,-1.0263705771321587,-148.72877444468426,-449.97023639051,-0.7952054041712693,-148.84350743534927,-900.0849693811751,-0.9099383948362672,0.41962684812837625,-199.58037315187164,0.41962684812837614,150.86579942522826,-99.99827400836031,1.8743250164846414,151.0479352752006,-449.816138158388,2.0564608664569604,151.0931993532929,-899.7708740802957,2.101724944549253,0.08908600465875684,-199.91091399534122,0.08908600465875684
200,2.0,0.5797421247874746,700.5797421247875,0.5797421247874746,0.455650126056799,550.4556501260569,0.455650126056799,0.5810439913998565,300.5810439913999,0.5810439913998564,0.47134915281455353,400.4713491528146,0.47134915281455353,0.49350704951801705,200.4935070495181,0.49350704951801694,0.7913228025162117,100.79132280251625,0.7913228025162116,-0.9999037641598134,1000.0575670447015,-0.47127269182115816,-196.3902860018778,499.99211783749644,-0.9038267424821378,-347.02067308093103,399.43465173288484,1.3918171819767586,-451.1264821266862,203.78765810704994,-0.5215912212117518,-500.58697299133087,45.51712593652402,0.393815487412616,1.35048590797932,-194.47890545531533,1.1670433775046158,0.5506168074026352,-199.44938319259742,0.5506168074026351,0.45795556651760133,-199.54204443348237,0.4579555665176013,0.32154730582094615,-199.6784526941791,0.32154730582094604,0.9467048545702066,-199.0532951454298,0.9467048545702066,202.85692044938193,500.1317487506461,-0.7641958293324715,350.01642203667086,398.73587417690203,2.134972069773884,454.9575257747082,204.63589118435513,0.09358856007590788,498.5397021992751,49.3140448415914,-2.191733824169925,3.1061907343642776,-199.09647794668984,-2.511864054354379,0.9896364900411763,-199.01036350995886,0.9896364900411763,0.1588364661811168,-199.84116353381887,0.15883646618111674,0.6075340912019205,-199.39246590879807,0.6075340912019205,0.03705112030938251,-199.96294887969066,0.03705112030938243,-148.87678815781004,-99.93425896667134,-1.1598898412155174,-148.43416421850037,-449.49163502736167,-0.7172659019058163,-148.6091141424479,-899.6665849513092,-0.8922158258533608,0.551250654763523,-199.4487493452365,0.5512506547635228,150.87387621684863,-100.18359459201267,2.0997157555767787,151.09070542014916,-449.9667653887122,2.3165449588772997,150.95894518431388,-900.0985256245475,2.1847847230420268,0.38821006166581223,-199.6117899383342,0.3882100616658123
201,2.01,0.7310183335377851,700.7310183335378,0.731018333537785,0.5686956777601652,550.5686956777602,0.568695677760165,0.5204580287569441,300.520458028757,0.5204580287569441,0.5475090360465863,400.54750903604656,0.5475090360465863,0.7007788370413847,200.7007788370414,0.7007788370413846,0.9291799444731448,100.92917994447318,0.9291799444731448,-1.0506706776875956,1000.0112319203001,-0.5225490372284602,-196.44252859518895,500.0896345764502,-0.8833315994089465,-346.5712038894477,399.9125620313037,1.4603304576743699,-451.2074343201572,203.73675081664064,-0.5175829140625374,-500.63085462914626,45.8562945863283,0.7738230360786478,0.949978630212299,-194.75737631732235,1.265288097621636,0.36964692494615337,-199.63035307505385,0.3696469249461533,0.3131007618958094,-199.6868992381042,0.31310076189580943,0.32328470246682933,-199.67671529753318,0.3232847024668292,0.8844834706503579,-199.11551652934966,0.8844834706503577,202.89621967099038,500.35545121754114,-0.6175149583178757,349.6855262817194,398.4169439207833,1.944819155922829,455.0569047552746,204.89291497852383,0.3976122605923012,498.8707741135049,49.16492293844715,-2.1440574287738507,2.984187550407568,-198.78448457919052,-2.5940277419514017,0.9781445584980154,-199.02185544150203,0.9781445584980154,0.2156692504546145,-199.7843307495454,0.21566925045461444,0.5689143458539161,-199.4310856541461,0.5689143458539161,0.12856830413100995,-199.87143169586898,0.1285683041310099,-148.78962796681049,-99.6628363086796,-1.284780609001047,-148.31950245172084,-449.19271079359,-0.8146550939113741,-148.47814738651766,-899.3513557283869,-0.9733000287082114,0.5824920475067068,-199.41750795249328,0.5824920475067068,150.8705561668633,-100.38004068724294,2.3094655281355942,151.0230077116485,-450.22758914245776,2.461917072920775,150.8343016434512,-900.4162952106551,2.2732110047234784,0.7463344452563738,-199.25366555474363,0.7463344452563739
202,2.02,0.7780799820512312,700.7780799820513,0.7780799820512312,0.5556827134223488,550.5556827134224,0.5556827134223488,0.4509304520975449,300.4509304520975,0.45093045209754473,0.6356207150748381,400.6356207150749,0.6356207150748381,0.8593661285081691,200.85936612850816,0.859366128508169,1.0231396165809483,101.02313961658095,1.0231396165809483,-1.0956831700766854,999.9703764987777,-0.5682601345149131,-196.4225632813451,500.2630937376989,-0.78599447473612,-346.10262091876996,400.41998071679416,1.5547527758830475,-451.3665054639451,203.59153729418927,-0.5972030964392536,-500.7008060216861,46.16232555640213,1.110160238119543,0.5244277420313955,-195.07586885029767,1.3330173393929057,0.24952998199161552,-199.7504700180084,0.2495299819916154,0.2710327247975881,-199.7289672752024,0.2710327247975881,0.29508073819435915,-199.70491926180566,0.2950807381943591,0.779475988954957,-199.22052401104506,0.7794759889549568,202.8989771819273,500.54502907401616,-0.5040591384189161,349.35329767494926,398.09523535298786,1.7438217860502305,455.11372655385844,205.11478963586845,0.6757790560329424,499.1836711115772,48.98067012420067,-2.118544843226128,2.9367498687564826,-198.3805557219929,-2.5650406424213896,0.8638383095021074,-199.13616169049794,0.8638383095021074,0.2582438363524385,-199.74175616364755,0.25824383635243847,0.515226952495603,-199.4847730475044,0.515226952495603,0.20038435188895565,-199.79961564811106,0.20038435188895565,-148.6155287561531,-99.3041095645502,-1.3174415581200334,-148.34468296909125,-449.0332637774884,-1.046595771058176,-148.46338398709753,-899.1519647954947,-1.1652967890644397,0.532238976707258,-199.46776102329278,0.532238976707258,150.89716566948323,-100.54637285982832,2.5442324003265955,150.8647842511344,-450.57875427817714,2.5118509819778048,150.75154506331285,-900.6919934659986,2.3986117941562473,1.0576020761437395,-198.94239792385625,1.0576020761437397
203,2.03,0.6967029145302066,700.6967029145301,0.6967029145302066,0.4344955813716719,550.4344955813716,0.43449558137167194,0.3871028894649836,300.3871028894649,0.3871028894649836,0.6787687253069865,400.678768725307,0.6787687253069865,0.8790967546476692,200.87909675464766,0.8790967546476692,1.048913987239756,101.04891398723973,1.048913987239756,-1.1160926687990944,999.9538460458391,-0.5895586964767662,-196.38553986700043,500.45716558322266,-0.6670626029340143,-345.7297883441226,400.84240532724044,1.561584119585654,-451.60565736456346,203.3495586795252,-0.7628374628285146,-500.76704310943364,46.46288961243629,1.4297261894913285,0.07176601097968616,-195.4384739453601,1.3644880052106516,0.21305856702914733,-199.78694143297088,0.21305856702914716,0.3331489689559876,-199.66685103104402,0.33314896895598756,0.259763343945277,-199.74023665605475,0.2597633439452769,0.6695786685286682,-199.33042133147134,0.6695786685286682,202.7925182608888,500.6275803086234,-0.4966478775332869,349.0721979247919,397.8226410616602,1.5838229940676851,455.0492151304628,205.22230780798634,0.8485688217050478,499.47495038519145,48.76034260383208,-2.116371745836575,2.8839979975159205,-197.96679929322582,-2.505755087494699,0.6927643457271423,-199.30723565427286,0.6927643457271423,0.2349690493408435,-199.7650309506592,0.23496904934084345,0.4284489554502424,-199.57155104454978,0.4284489554502425,0.235344932345129,-199.7646550676549,0.235344932345129,-148.37311610919045,-98.8766118432377,-1.2758407166347134,-148.4513083909421,-448.9548041249893,-1.3540329983863724,-148.55470989347435,-899.0582056275218,-1.457434500918636,0.4606251689774871,-199.5393748310225,0.46062516897748707,150.94914675739966,-100.68723493782943,2.798803420199275,150.6230781001845,-451.0133035950446,2.4727347629841425,150.66907007456496,-900.9673116206642,2.5187267373645907,1.1808996752823986,-198.81910032471757,1.1808996752823988
204,2.04,0.552282164814507,700.5522821648145,0.5522821648145071,0.24443471465828567,550.2444347146582,0.2444347146582857,0.32304349269132165,300.3230434926913,0.3230434926913216,0.6039763276970088,400.60397632769696,0.6039763276970088,0.7305316490314264,200.73053164903138,0.7305316490314265,0.9947580299843022,100.99475802998427,0.9947580299843023,-1.0821836001174807,999.9913529112716,-0.5567303662751252,-196.45276003165066,500.55036368256333,-0.6479406379769175,-345.53868606736387,401.09417437764165,1.3961746527522076,-451.91196907320085,203.02329255228096,-1.0019616355904204,-500.8583678495404,46.72722570747507,1.7010169699747835,-0.3948513431192842,-195.83398564969087,1.3692479466311849,0.22201557932512425,-199.7779844206749,0.22201557932512422,0.40632688881493084,-199.59367311118507,0.4063268888149308,0.25041769249337037,-199.7495823075066,0.2504176924933702,0.5671479502779823,-199.43285204972202,0.5671479502779824,202.5353925738355,500.5614244170022,-0.6368799035381425,348.85484133236946,397.61122109240785,1.476855248875711,454.88040459167246,205.23202467175918,0.9322082273771808,499.7631988051139,48.52517483811999,-2.1166172884789707,2.7260340265149163,-197.64550535746082,-2.517306496137828,0.4764033796029077,-199.52359662039714,0.4764033796029077,0.12076144592799987,-199.879238554072,0.12076144592799976,0.29029265775442537,-199.7097073422456,0.2902926577544254,0.23264301673225674,-199.76735698326775,0.23264301673225668,-148.16159656449824,-98.47945964761008,-1.2585427268223581,-148.5654505155317,-448.88331359864355,-1.6623966778557988,-148.69599087142063,-899.0138539545325,-1.7929370337447645,0.396651406782856,-199.60334859321716,0.396651406782856,150.9855166725446,-100.8436932671217,3.031556367184006,150.31877176965008,-451.5104381700162,2.3648114642894873,150.5316665536281,-901.2975433860382,2.5777062482674946,1.0338988084645702,-198.96610119153542,1.03389880846457
205,2.05,0.4678049779744444,700.4678049779744,0.4678049779744444,0.030440766356124013,550.0304407663562,0.030440766356124083,0.252657872989798,300.25265787298974,0.252657872989798,0.41967503333297973,400.41967503333296,0.41967503333297973,0.49244350311733087,200.49244350311727,0.4924435031173309,0.8783437276268647,100.87834372762683,0.8783437276268649,-0.9887720046765778,1000.0880779147901,-0.4645923322168351,-196.70734963293435,500.45937283303215,-0.811862818304122,-345.49114737215257,401.2137274418103,1.0979822007520583,-452.2553186884685,202.64247374594444,-1.2848210432716936,-501.0479953843587,46.88032787526765,1.8483184140872457,-0.8155200617995235,-196.20435442519891,1.4036907120146607,0.2341287908297017,-199.7658712091703,0.2341287908297017,0.38589040786561135,-199.6141095921344,0.3858904078656114,0.2782162813457134,-199.7217837186543,0.2782162813457133,0.47615348451028955,-199.5238465154897,0.47615348451028955,202.17071070899874,500.38943922693534,-0.8817964244009264,348.64281953471243,397.4020308739036,1.3639678450712305,454.7071929106208,205.24331314053708,1.0257272502653632,500.0493779488812,48.278905802561184,-2.115938404570504,2.4421889147438414,-197.43988227412615,-2.6218538600582333,0.20531176027936915,-199.79468823972064,0.20531176027936915,-0.04665957740695614,-200.04665957740696,-0.04665957740695614,0.10375327887169289,-199.8962467211283,0.10375327887169297,0.24644316863825302,-199.75355683136178,0.24644316863825294,-148.0713224616438,-98.20291888590334,-1.3552758278162242,-148.61231913257382,-448.7439155568334,-1.8962724987462414,-148.7982881423471,-898.9298845666067,-2.0822415085195307,0.33727422275194646,-199.66272577724806,0.33727422275194646,150.96740646671032,-101.05469694796331,3.2030004879632497,150.0147883159401,-452.00731509873356,2.2503823371930496,150.33204643239134,-901.6900569822824,2.567640453644291,0.6625294615246844,-199.3374705384753,0.6625294615246843
206,2.06,0.5354227099635209,700.5354227099635,0.535422709963521,-0.15182866497686043,549.848171335023,-0.1518286649768604,0.18268035471618477,300.1826803547162,0.18268035471618474,0.2257521332028124,400.22575213320283,0.22575213320281234,0.2945834255022807,200.29458342550225,0.2945834255022808,0.7257080434146277,100.72570804341464,0.7257080434146277,-0.8694938847602969,1000.2103820001893,-0.34678167422591155,-197.0923117472681,500.2409962511373,-1.101945859942179,-345.4661629996354,401.3222989986126,0.7892634707533189,-452.5884091850318,202.25407093735254,-1.5644549518746484,-501.37553253112725,46.88097913903054,1.8297457845488476,-1.1194584089602906,-196.48053920230572,1.53521139161495,0.23715405253309663,-199.76284594746693,0.23715405253309668,0.24164437916000836,-199.75835562083998,0.24164437916000844,0.3075353206304511,-199.69246467936955,0.3075353206304511,0.4171883364293348,-199.58281166357068,0.41718833642933484,201.80931323893049,500.2222302541592,-1.1207118569203727,348.3595364683482,397.1179592790173,1.168064369032543,454.62337468157534,205.3493983332986,1.2219949660603469,500.3178787159347,48.00881362379046,-2.1275352435006667,2.1005813758670246,-197.28447965035411,-2.7530064810628856,-0.11109469213476017,-200.11109469213477,-0.11109469213476013,-0.18130465331932058,-200.18130465331933,-0.18130465331932055,-0.10295270249238139,-200.10295270249236,-0.1029527024923815,0.35668425737774695,-199.6433157426223,0.3566842573777469,-148.10620495948785,-98.0508190393534,-1.569346959806774,-148.57282354802788,-448.51743762789346,-2.035965548346851,-148.79203453918208,-898.7366486190476,-2.2551765395010293,0.2916243870507379,-199.70837561294923,0.2916243870507379,150.89360879323755,-101.32152889679594,3.311326372487689,149.79550497217022,-452.41963271786324,2.213222551420404,150.12194957327105,-902.0931881167626,2.539667152521214,0.22902895909200027,-199.77097104090797,0.22902895909200022
207,2.07,0.7587767666782648,700.7587767666782,0.7587767666782648,-0.2440316226880682,549.7559683773119,-0.24403162268806816,0.13249718147113304,300.1324971814712,0.132497181471133,0.14002152424810071,400.14002152424814,0.14002152424810066,0.22885383359581962,200.2288538335958,0.22885383359581973,0.5584428115985156,100.55844281159855,0.5584428115985156,-0.7810509227061033,1000.3015605183111,-0.26000108149750023,-197.42104049211304,500.0816419886447,-1.331702624291756,-345.37120039759026,401.51259729997105,0.5637502764970325,-452.8560402612301,201.91301700727593,-1.7859666503793443,-501.77879107087335,46.78994885639365,1.7054467318991755,-1.2902454581711695,-196.64772698856024,1.7769947593181474,0.24583370236921784,-199.75416629763077,0.24583370236921787,0.045611734139185324,-199.95438826586084,0.045611734139185366,0.2951955554858955,-199.7048044445141,0.29519555548589543,0.4197615454196457,-199.58023845458035,0.4197615454196457,201.5735447151073,500.18190499405364,-1.2314396188829193,348.0066614038965,396.76018465800485,0.8903580799946668,454.63772512582426,205.55844351240762,1.528806823946716,500.59434919574085,47.743522424635756,-2.1233438941339315,1.7992623741025486,-197.08402443606087,-2.8146632820915727,-0.42023329182676733,-200.42023329182678,-0.4202332918267673,-0.1948930218733258,-200.19489302187333,-0.19489302187332574,-0.2767655471045293,-200.2767655471045,-0.2767655471045293,0.5825575267095122,-199.41744247329052,0.5825575267095121,-148.18997914744494,-97.94681940109099,-1.8239089029416928,-148.49365601423912,-448.2504962678852,-2.127585769735885,-148.66202590625295,-898.4188661598992,-2.295955661749711,0.288343640506946,-199.71165635949302,0.28834364050694594,150.8001605002668,-101.60822212812155,3.391990573346341,149.70865645400644,-452.6997261743819,2.3004865270860035,149.9793148577528,-902.4290677706356,2.5711449308323786,-0.0837618902427979,-200.08376189024278,-0.08376189024279801
208,2.08,1.0633635627582882,701.0633635627584,1.0633635627582882,-0.2091861294443903,549.7908138705556,-0.2091861294443903,0.13623908326160145,300.13623908326167,0.13623908326160145,0.22108876903499086,400.2210887690351,0.2210887690349908,0.322078212724331,200.32207821272436,0.3220782127243312,0.4126535414364647,100.41265354143655,0.4126535414364646,-0.7760860299167611,1000.3089676793859,-0.2568944007748208,-197.50540612808692,500.1692380747559,-1.3131270590080724,-345.18452374501896,401.8064826680036,0.4443251820528982,-453.0100961365688,201.6672232307438,-1.9015097290279543,-502.1056328424452,46.75815640952689,1.625770412735712,-1.3741630538471066,-196.7536571535523,2.0796985495471603,0.2903120240240502,-199.70968797597595,0.29031202402405026,-0.06789634943482661,-200.06789634943482,-0.06789634943482659,0.25428176088063476,-199.74571823911933,0.2542817608806347,0.48694281227537894,-199.5130571877246,0.48694281227537894,201.53104648058363,500.33586603432764,-1.1464990994363908,347.6914581181908,396.43550689658707,0.637703262191427,454.68850091826243,205.80805305236913,1.8833889633458867,500.9646800048496,47.57196576878608,-2.0150720031084286,1.6130412597145467,-196.76657429343666,-2.7341688112257962,-0.6298998683540693,-200.62989986835404,-0.6298998683540692,-0.03516953792633376,-200.03516953792632,-0.035169537926333705,-0.3454069302570693,-200.34540693025707,-0.3454069302570695,0.8433134291460417,-199.156686570854,0.8433134291460417,-148.2261936629403,-97.79439979428679,-2.02195185705611,-148.4025712139567,-447.9707773453032,-2.198329408072521,-148.44429460613696,-898.0125007374836,-2.240052800252796,0.34553160881114015,-199.65446839118883,0.34553160881114015,150.71862612072664,-101.88327516653175,3.4760010565586086,149.73449661770337,-452.86740466955507,2.4918715535353364,149.9635713938348,-902.6383298934236,2.720946329666762,-0.1843645174584999,-200.18436451745848,-0.18436451745849994
209,2.09,1.3386777830856558,701.3386777830858,1.3386777830856558,-0.06158004368471359,549.9384199563153,-0.06158004368471351,0.23056514199827577,300.23056514199834,0.23056514199827582,0.43502211643932903,400.43502211643937,0.43502211643932903,0.5491374798770088,200.549137479877,0.5491374798770089,0.3282555080048441,100.3282555080049,0.3282555080048441,-0.8701846957839923,1000.2170152054312,-0.3530479845639911,-197.30649727613022,500.5424905488842,-1.0074362474087184,-344.9217579128995,402.1884020691332,0.41645341966775684,-453.03415900779567,201.5329675787662,-1.8949001660939708,-502.21681027285086,46.92383754097493,1.728439031446816,-1.4330233831903159,-196.86143249246436,2.3786497282704167,0.39298117018979056,-199.60701882981022,0.39298117018979056,0.0030825004972385925,-199.99691749950276,0.003082500497238648,0.2437771382321723,-199.7562228617678,0.24377713823217229,0.5801733077600728,-199.4198266922399,0.5801733077600728,201.63742629434267,500.63948098195556,-0.9104458143374614,347.53017758417184,396.2597428659575,0.5259899185006013,454.7089170173418,206.03075161433756,2.2178787424857584,501.481183389028,47.54954318415384,-1.7480408085225503,1.551726984599571,-196.32525497171514,-2.504052659825489,-0.6549777562911165,-200.6549777562911,-0.6549777562911165,0.2836852815307848,-199.71631471846916,0.2836852815307848,-0.2636789832500742,-200.26367898325003,-0.2636789832500743,1.019138431199356,-198.98086156880066,1.019138431199356,-148.15507065576838,-97.53372160511208,-2.103165296037132,-148.256858125126,-447.6355090744698,-2.204952765394757,-148.216171911535,-897.5948228608788,-2.1642665518037583,0.43686058481972384,-199.56313941518022,0.4368605848197238,150.63805325120947,-102.15769560187704,3.5518744690382453,149.80826503589907,-452.98748381718747,2.7220862537277983,150.07921318040613,-902.7165356726805,2.993034398234882,-0.11292837270781224,-200.1129283727078,-0.11292837270781222
210,2.1,1.480337847199522,701.4803378471995,1.480337847199522,0.11828307992909456,550.1182830799291,0.11828307992909462,0.409210220587747,300.4092102205878,0.4092102205877469,0.6782107365191508,400.67821073651913,0.6782107365191508,0.8290015578699297,200.82900155786996,0.8290015578699299,0.29732840760851603,100.29732840760857,0.2973284076085161,-1.0157617343224103,1000.073285584914,-0.5008774370854442,-196.97696073671284,501.0485438967285,-0.5674100536281304,-344.6140001482918,402.6272761856544,0.45006730949222906,-452.9743277399833,201.4640775462691,-1.812433805937129,-502.0963787746531,47.30213685353944,2.0281452892089042,-1.5122744779912187,-197.01760954285527,2.625761246301823,0.5304658706820916,-199.46953412931788,0.5304658706820917,0.23533448606946666,-199.76466551393054,0.23533448606946675,0.2939680081637551,-199.7060319918362,0.2939680081637551,0.6393831303637982,-199.3606168696362,0.6393831303637982,201.7457120759721,500.94553651260276,-0.6704174377538585,347.52264957175424,396.2323206452413,0.5547371896512815,454.64996954520853,206.17680956440597,2.4821515122066327,502.0558113822574,47.591315245988376,-1.4079881106161949,1.5332072602910856,-195.84515900468085,-2.2089296057386294,-0.5002400095641529,-200.5002400095641,-0.5002400095641528,0.6626988610298075,-199.3373011389702,0.6626988610298075,-0.07062146537686897,-200.07062146537686,-0.07062146537686892,1.0451119708511958,-198.9548880291488,1.0451119708511958,-147.98946203303424,-97.17758505918636,-2.0798960238317825,-148.02731536410369,-447.2154383902559,-2.1177493549012514,-148.07059209455832,-897.2587151207106,-2.1610260853558687,0.47559783094714525,-199.52440216905282,0.47559783094714525,150.515587026071,-102.47438458624953,3.5762524223946155,149.86074016003957,-453.1292314522809,2.921405556363201,150.25997093930943,-902.7300006730111,3.3206363356330626,0.017104507006330184,-199.98289549299363,0.01710450700633024
211,2.11,1.4311913623291226,701.4311913623292,1.4311913623291226,0.2272195835384862,550.2272195835385,0.22721958353848623,0.5929650751173083,300.5929650751174,0.5929650751173083,0.8446764301457972,400.8446764301458,0.8446764301457972,1.0407367581177707,201.0407367581178,1.0407367581177709,0.26681433431265356,100.2668143343127,0.2668143343126536,-1.1248518756860817,999.9657414824964,-0.6124182051346174,-196.7389141664944,501.46506863390147,-0.21530361917510327,-344.314689438701,403.0696290346358,0.4926932383659221,-452.93819125926234,201.35295803174728,-1.7618587006955662,-501.84971519427756,47.78709225724781,2.4185414900116102,-1.6373186235342319,-197.24850327607732,2.7932341179728355,0.6265942408895844,-199.37340575911037,0.6265942408895845,0.48947001795159306,-199.5105299820484,0.489470017951593,0.3766957120489508,-199.62330428795102,0.37669571204895075,0.6185554053447317,-199.38144459465525,0.6185554053447317,201.7102611952881,501.1081479667665,-0.5722242863100337,347.54523030468715,396.2292296493406,0.6000426355875166,454.47647135013426,206.2102812581403,2.639860252899047,502.49687471202384,47.50869910311113,-1.18437030172823,1.4301436933141929,-195.45662788262769,-1.9787826300103866,-0.2890691002264343,-200.2890691002264,-0.2890691002264343,0.9575546498747189,-199.04244535012526,0.9575546498747189,0.12446699304936054,-199.8755330069506,0.12446699304936054,0.9477046341387813,-199.0522953658612,0.9477046341387813,-147.80295869135676,-96.79953944333451,-2.025259132362054,-147.79352266663176,-446.79010341860953,-2.0158231076370434,-148.04551587005543,-897.0420966220333,-2.2678163110607215,0.36062997584783674,-199.63937002415213,0.36062997584783674,150.32681243060227,-102.85779353378473,3.5242455305046474,149.84916719165557,-453.33543877273144,3.046600291557948,150.39687319452855,-902.7877327698586,3.5943062944309077,0.11448265577080405,-199.88551734422919,0.1144826557708041
212,2.12,1.2078180411712056,701.2078180411712,1.2078180411712058,0.22651566738568252,550.2265156673857,0.22651566738568252,0.676727689394089,300.67672768939417,0.6767276893940891,0.8949753407036704,400.8949753407037,0.8949753407036704,1.0958145819835958,201.09581458198363,1.0958145819835958,0.21030672070906964,100.2103067207091,0.2103067207090696,-1.1394580414270776,999.9523774650111,-0.6296738527116122,-196.71174602211823,501.67246162710353,-0.07064712082301301,-344.08757951126165,403.4516141854506,0.48147525623721943,-453.0260684065979,201.09935250233428,-1.8436140800272236,-501.5987077674585,48.25644589215397,2.777054800677317,-1.8149486590774502,-197.5616112793041,2.8721396755749806,0.6063874047354672,-199.39361259526453,0.6063874047354672,0.6262513121904814,-199.3737486878095,0.6262513121904815,0.4472835110088893,-199.55271648899108,0.4472835110088893,0.5166793484155674,-199.48332065158442,0.5166793484155674,201.50083162958472,501.0968308149103,-0.6462779330161758,347.46964339944526,396.12186387674865,0.533424597343164,454.19338036887046,206.13533629853436,2.6947681772429215,502.6709067922255,47.171308985515736,-1.2085189259092002,1.173294304190232,-195.2319064843463,-1.8856175926151213,-0.16445828776408208,-200.16445828776406,-0.16445828776408206,1.0742291926334213,-198.92577080736658,1.0742291926334213,0.22229176769723202,-199.77770823230276,0.222291767697232,0.8054163432012373,-199.19458365679876,0.8054163432012373,-147.65939841384483,-96.46339194547835,-2.002647532718725,-147.69453279187337,-446.4985263235069,-2.0377819107472894,-148.07771934885312,-896.8817128804867,-2.4209684677270347,0.08066680130336255,-199.91933319869662,0.08066680130336268,150.1030626126194,-103.27661486862331,3.426743354062375,149.7745674168967,-453.605110064346,3.0982481583396835,150.40467528780923,-902.9750021934335,3.7283560292522058,0.15571691314953218,-199.84428308685045,0.1557169131495322
213,2.13,0.8950716480092333,700.8950716480092,0.8950716480092334,0.17788162577125388,550.1778816257713,0.17788162577125385,0.6267881212515147,300.62678812125154,0.6267881212515147,0.8776890041533558,400.8776890041534,0.8776890041533558,1.0070970948298863,201.00709709482993,1.007097094829886,0.165057485947946,100.16505748594797,0.165057485947946,-1.0815453349880835,1000.0112260121712,-0.5746100509121967,-196.85591382544345,501.7100480981954,-0.09404384439610285,-343.9631031525756,403.7426498950058,0.38680761652790213,-453.23444953175965,200.70690215921024,-2.054271232350732,-501.40279473155204,48.65060438039591,3.043851488211395,-2.0345931010984755,-197.9468484770282,2.8711909191593454,0.4666617902930491,-199.53333820970698,0.4666617902930492,0.6101166536182199,-199.3898833463818,0.6101166536182198,0.4905911757539033,-199.50940882424607,0.4905911757539033,0.3914277083697343,-199.60857229163025,0.3914277083697344,201.21781898788072,501.0117379905641,-0.792353952027335,347.2750261943336,395.88907037475275,0.33386974071553155,453.868656364062,206.01911933129554,2.713609858231386,502.62144302909405,46.62571211690686,-1.4348813561726348,0.7993266515832873,-195.1373067430764,-1.8956265443157125,-0.1474715800945763,-200.1474715800946,-0.14747158009457623,1.0335627050882974,-198.9664372949117,1.0335627050882974,0.20526810261182948,-199.79473189738815,0.2052681026118295,0.6866157642959584,-199.31338423570404,0.6866157642959583,-147.55168476050235,-96.16202743682524,-2.004552382453143,-147.7846713923545,-446.3950140686774,-2.2375390143052942,-148.05630581633673,-896.6666484926598,-2.5091734382875064,-0.23510058155990227,-200.2351005815599,-0.23510058155990216,149.91965984855557,-103.65554016943985,3.358656902354585,149.67893891632883,-453.8962611016666,3.1179359701278453,150.27290102226885,-903.3022989957267,3.7118980760678655,0.16697149899705965,-199.83302850100296,0.16697149899705968
214,2.14,0.606457624835107,700.606457624835,0.606457624835107,0.17509128111641364,550.1750912811165,0.1750912811164136,0.5238832313176943,300.52388323131765,0.5238832313176943,0.8830466549616587,400.8830466549617,0.8830466549616587,0.8803686774280505,200.88036867742812,0.8803686774280505,0.1911690332497184,100.19116903324974,0.19116903324971835,-1.0293205265965724,1000.0640780328462,-0.525434062247973,-197.05731797520775,501.6917080858325,-0.1715437997108195,-343.9116478484228,403.9721431653734,0.2390562723308322,-453.4411117410047,200.29803118489735,-2.27164821467589,-501.26436840351005,48.96723161999489,3.216433318754424,-2.2598073817755275,-198.36802978725632,2.825265537150588,0.2916858737624398,-199.7083141262376,0.2916858737624398,0.5036586956059549,-199.49634130439406,0.5036586956059548,0.5232900782721084,-199.4767099217279,0.5232900782721084,0.3294318748741659,-199.67056812512584,0.3294318748741661,200.998437508162,500.98984119698594,-0.8734106885574514,347.04822323831246,395.61744468149936,0.08812754516251338,453.5926338401564,205.95112616894588,2.7854686696291475,502.5330326705971,46.05941746034517,-1.677028175655825,0.40414023029410207,-195.07986207498925,-1.9158412095737773,-0.12160377524148408,-200.12160377524148,-0.121603775241484,0.930043449569955,-199.06995655043005,0.930043449569955,0.15088507171377302,-199.8491149282862,0.1508850717137731,0.6206537270801249,-199.3793462729199,0.6206537270801249,-147.42395381106445,-95.83957605107038,-1.9747312624530635,-147.9735127218031,-446.3891349618091,-2.5242901731916865,-147.921593210552,-896.337215450558,-2.4723706619406065,-0.41003690031465206,-200.41003690031462,-0.41003690031465184,149.84229871113723,-103.92887616774195,3.3853032338286306,149.6159536090309,-454.1552212698483,3.158958131722298,150.05891935357977,-903.7122555252995,3.6019238762711745,0.18806850697842425,-199.81193149302158,0.18806850697842417
215,2.15,0.42441458680018934,700.4244145868001,0.42441458680018934,0.24674443065517176,550.2467444306551,0.24674443065517165,0.4899002703136477,300.4899002703136,0.4899002703136477,0.9557325287606502,400.9557325287607,0.9557325287606504,0.8276687615616161,200.82766876156168,0.8276687615616161,0.30785466643402626,100.30785466643404,0.3078546664340262,-1.042020765121493,1000.051694154344,-0.5413834519569476,-197.23944525780283,501.6937332116255,-0.22678702962674246,-343.88066729940584,404.19237817069234,0.09144478240580833,-453.52191797666933,199.99714789034488,-2.37160857203605,-501.16205746334424,49.22796141975627,3.3163533913325915,-2.4235146028646186,-198.75810419947135,2.800177083781257,0.18928426505011692,-199.81071573494992,0.1892842650501169,0.38060739117820597,-199.61939260882184,0.38060739117820586,0.5623566932365537,-199.43764330676345,0.5623566932365537,0.3804889696765271,-199.61951103032348,0.3804889696765271,200.89875800274228,501.08696916210255,-0.8335510791495356,346.89384433189497,395.4113906280131,-0.09923087496592004,453.4029740966946,205.96815918999158,2.9467334808923096,502.58271513812633,45.65232943129988,-1.756195145639904,0.07084500781464775,-194.97932590286769,-1.86612998268315,0.029439872781000298,-199.97056012721902,0.029439872781000187,0.8199546176485071,-199.18004538235152,0.8199546176485071,0.16591769396569495,-199.8340823060343,0.16591769396569506,0.599829999447175,-199.40017000055283,0.5998299994471749,-147.25145486499488,-95.471294661286,-1.8880902029604338,-148.11959763869086,-446.33943743498196,-2.7562329766563893,-147.7118329816185,-895.9316727779096,-2.3484683195839935,-0.3733121222519732,-200.37331212225197,-0.3733121222519731,149.86715424236752,-104.10043580027218,3.5025149540039613,149.6093429771467,-454.358247065493,3.244703688783145,149.84169107634514,-904.1258989662947,3.477051787981585,0.24164341361935288,-199.75835658638064,0.24164341361935274
216,2.16,0.361586440316013,700.361586440316,0.36158644031601295,0.33524813784534935,550.3352481378454,0.33524813784534924,0.5674161219995428,300.5674161219995,0.5674161219995428,1.0539212955878474,401.0539212955879,1.0539212955878474,0.8753583178981158,200.8753583178982,0.8753583178981155,0.46357643959958156,100.46357643959959,0.46357643959958134,-1.1059099107864387,999.9878083908045,-0.608722420198765,-197.4075794498225,501.71061635780825,-0.26521400614832075,-343.861171331,404.41202653679034,-0.04643788257925907,-453.4820022834876,199.79945940412875,-2.3592464233932087,-501.06404844112893,49.46506903394243,3.375890441125164,-2.4707776203376666,-199.06192215998857,2.849912403325937,0.19547508928056034,-199.80452491071952,0.19547508928056034,0.25651138917651817,-199.74348861082353,0.25651138917651806,0.5958869725130449,-199.40411302748697,0.5958869725130448,0.5206136985546561,-199.4793863014454,0.5206136985546561,200.86140016618856,501.2455002557735,-0.7303301081830134,346.8454522165152,395.3043095881266,-0.19462452483344878,453.2603895134165,206.0300550943316,3.1568276836120854,502.8148900154779,45.45159594469207,-1.62643041382269,-0.16949113385334003,-194.80740170404323,-1.718425878770069,0.2887073605022734,-199.71129263949777,0.28870736050227336,0.6707007389447703,-199.32929926105524,0.6707007389447703,0.2798793694467836,-199.72012063055325,0.27987936944678354,0.5840588891428076,-199.4159411108572,0.5840588891428076,-147.08447033323702,-95.10748748527594,-1.7946047885116694,-148.16455345711577,-446.1875706091547,-2.8746879123904177,-147.52984561145828,-895.5528627634972,-2.2399800667329277,-0.20108251427927426,-200.2010825142793,-0.20108251427927412,149.90406955842192,-104.26034989272087,3.6198290325212277,149.63605106199168,-454.5283683891512,3.351810536090958,149.68148354355884,-904.482935907584,3.3972430176581576,0.31102332001299177,-199.68897667998704,0.31102332001299166
217,2.17,0.3715249551322237,700.3715249551323,0.3715249551322237,0.35998700898625197,550.3599870089863,0.3599870089862518,0.6885618763914182,300.68856187639136,0.6885618763914182,1.1036982082970475,401.1036982082971,1.1036982082970472,0.9509030123814578,200.95090301238156,0.9509030123814577,0.5671633706597262,100.56716337065973,0.5671633706597261,-1.1534108836039776,999.9399957958374,-0.6598741499995504,-197.61521249196977,501.68864077646754,-0.3404765934494254,-343.89672350829045,404.58715016413385,-0.21763693607777326,-453.4395288546344,199.58721230896833,-2.3526455082948883,-500.93876230177136,49.71078577621158,3.427365770154741,-2.4190874521142556,-199.29652131000245,2.95635023410105,0.23748276980678767,-199.76251723019325,0.2374827698067876,0.09990409087362706,-199.90009590912643,0.09990409087362695,0.5911221798369743,-199.40887782016307,0.5911221798369743,0.6799622417534901,-199.32003775824654,0.67996224175349,200.7991525882021,501.3779828113624,-0.6511345585544766,346.84594592261095,395.23898517896896,-0.2550788524017379,453.0960469169697,206.0670918508534,3.3456173814587866,503.1364214654257,45.366691752216624,-1.3795060291579537,-0.3387618473646303,-194.58864057126448,-1.4976214439176259,0.5217022638642383,-199.4782977361358,0.5217022638642383,0.43488591235446517,-199.56511408764555,0.43488591235446517,0.4104997485284524,-199.58950025147158,0.4104997485284524,0.520920471726637,-199.4790795282734,0.5209204717266369,-147.00997348494639,-94.83516447907058,-1.7809790005976285,-148.15716185577483,-445.98235284989903,-2.9281673714260625,-147.45278138835081,-895.2779723824751,-2.2237869040020497,-0.016018030834631325,-200.01601803083466,-0.01601803083463127,149.83764192503014,-104.52398043972849,3.6215739734725547,149.6483826338693,-454.71323973088937,3.4323146823116994,149.60075314494304,-904.7608692198157,3.384685193385426,0.3480093155788714,-199.65199068442115,0.34800931557887127
218,2.18,0.38435646455119155,700.3843564645512,0.38435646455119143,0.28432590929684787,550.2843259092969,0.28432590929684765,0.7643711704681578,300.7643711704681,0.7643711704681578,1.0741182043844133,401.07411820438443,1.074118204384413,0.9526984321420875,200.9526984321422,0.952698432142087,0.5603094756418078,100.5603094756418,0.5603094756418078,-1.1300969897300892,999.9626811372086,-0.6404121331455823,-197.8944324417602,501.5954924225245,-0.4848257855509927,-344.0230009023497,404.68164214702915,-0.4573932143131891,-453.4793831405649,199.27600094176236,-2.4365704778506956,-500.78420866024317,49.96793427016215,3.473780343652246,-2.3359715981304525,-199.52873420073456,3.051657348847441,0.19910722494831434,-199.80089277505175,0.199107224948314,-0.10504563138060158,-200.10504563138068,-0.10504563138060169,0.528406448529534,-199.47159355147048,0.528406448529534,0.7892925903585029,-199.21070740964154,0.7892925903585029,200.68600405212817,501.45816673188665,-0.6221514761887215,346.801899590739,395.1219232196195,-0.3738868288518632,452.86285248256456,206.03127727619523,3.4647011787769983,503.4067457682825,45.2595059430988,-1.1548249152128873,-0.4898600170038273,-194.37845783071833,-1.2595821871203916,0.5977029648881733,-199.40229703511187,0.5977029648881733,0.1418222542228666,-199.85817774577714,0.1418222542228665,0.4447941014122158,-199.55520589858781,0.4447941014122157,0.38445782085627234,-199.61554217914377,0.3844578208562723,-147.07586296620036,-94.7022764322777,-1.8948807110030672,-148.16340340433646,-445.7898168704138,-2.982421149139185,-147.4556116464922,-895.0820251125695,-2.2746293912948907,0.1131875558972047,-199.88681244410282,0.1131875558972047,149.6272238971389,-104.93191889066091,3.466871928772565,149.60391173312144,-454.9552310546784,3.4435597647551255,149.57752889695269,-904.9816138908473,3.417176928586387,0.3126441420285187,-199.68735585797154,0.31264414202851853
219,2.19,0.3385630326409226,700.338563032641,0.3385630326409226,0.13622408314140733,550.1362240831414,0.13622408314140705,0.7776668292776283,300.77766682927756,0.7776668292776282,0.9814982237294666,400.9814982237295,0.9814982237294666,0.8281605063961444,200.82816050639622,0.8281605063961441,0.4656658587144497,100.46566585871443,0.4656658587144496,-1.0414171362352875,1000.0504136830734,-0.5557853845226196,-198.20155188486558,501.4746318302555,-0.654739898794711,-344.22317910841343,404.7118426877454,-0.7485295523034475,-453.55888247733503,198.90905590080976,-2.568177886428757,-500.64241906705405,50.195483002224236,3.474370701374907,-2.2459046559472067,-199.78210038591348,3.111379815150303,0.036782257532933904,-199.96321774246712,0.03678225753293357,-0.3148945165092017,-200.31489451650927,-0.3148945165092018,0.4133755142212729,-199.58662448577877,0.41337551422127267,0.8051938044124064,-199.19480619558766,0.8051938044124063,200.55396583434086,501.51782609558825,-0.6115456334618584,346.66779419676084,394.9075843731679,-0.5963773567600101,452.5451232323139,205.90602429158432,3.4970866110727483,503.52950643209624,45.03595822790775,-1.0477987099041346,-0.6827928665182759,-194.23922806098355,-1.0672378991206148,0.48235427008848164,-199.51764572991158,0.48235427008848153,-0.10836387113001167,-200.10836387113008,-0.10836387113001172,0.3411247713925473,-199.65887522860749,0.3411247713925472,0.19488748210823698,-199.8051125178918,0.19488748210823675,-147.2514633227062,-94.67821599432034,-2.105443054223589,-148.1841480277019,-445.610900699316,-3.038127759219285,-147.4348486928859,-894.8616013645001,-2.2888284244032837,0.17654336279879088,-199.82345663720125,0.1765433627987909,149.3519887516865,-105.40492021531684,3.2347049797785474,149.48472893859213,-455.2721800284112,3.367445166684205,149.56807199774306,-905.1888369692604,3.4507882258351232,0.20875965466741087,-199.79124034533265,0.20875965466741064
220,2.2,0.2223365044183128,700.2223365044183,0.22233650441831268,-0.007114722428081921,549.9928852775719,-0.007114722428082032,0.7816638499622983,300.78166384996223,0.7816638499622984,0.8591309626129799,400.859130962613,0.8591309626129797,0.6034079951370329,200.60340799513705,0.6034079951370328,0.37016348230660673,100.37016348230662,0.37016348230660673,-0.9512546094847857,1000.1393084245703,-0.4698772200934883,-198.42166466797977,501.44073767009354,-0.7354810822968533,-344.4403625138815,404.73411000534765,-1.0338820910887556,-453.56423859643354,198.60078039961542,-2.6334792450300064,-500.5499773262434,50.35800233466384,3.3940658279122875,-2.1029906276335097,-200.00955228603289,3.1817599682723947,-0.1564199108679024,-200.15641991086795,-0.15641991086790258,-0.425774549125034,-200.4257745491251,-0.4257745491250341,0.26853423519062436,-199.73146576480943,0.2685342351906242,0.7299748091339261,-199.27002519086614,0.7299748091339259,200.45141354429364,501.60510130031366,-0.5711174520767005,346.4982695338878,394.6506368201067,-0.8676636539636993,452.1667940292924,205.7143617415489,3.4654020976912547,503.4985350884667,44.69196237910924,-1.0638781276407832,-0.9518639021927006,-194.20744810976612,-0.9577414789053575,0.2557425425688153,-199.74425745743127,0.25574254256881523,-0.20794833652238412,-200.20794833652246,-0.2079483365223842,0.15968837663836424,-199.84031162336169,0.1596883766383641,0.007637789211821511,-199.99236221078823,0.007637789211821344,-147.44147086208392,-94.66776396444774,-2.3172110113378066,-148.15587903557997,-445.3821721379437,-3.031619184833838,-147.31105372102277,-894.5373468233865,-2.186793870276661,0.1962522997887902,-199.80374770021126,0.1962522997887901,149.15779674247779,-105.79703622326863,3.0707821129490833,149.32712822749832,-455.62770473824816,3.240113597969637,149.56175627943736,-905.3930766863091,3.474741649908651,0.091949749058985,-199.90805025094107,0.0919497490589847
221,2.21,0.10313049565566662,700.1031304956557,0.10313049565566657,-0.07054326877872119,549.9294567312212,-0.07054326877872119,0.8295878301482918,300.8295878301482,0.8295878301482917,0.7489635509858757,400.74896355098593,0.7489635509858754,0.35820289395183913,200.3582028939518,0.358202893951839,0.360340543208368,100.36034054320838,0.360340543208368,-0.9395488692973014,1000.1494242825976,-0.46262705068375826,-198.45504194899203,501.5933109895467,-0.6274911424770413,-344.60853443873725,404.8138716134249,-1.2472511357871352,-453.4326421054096,198.41466438050503,-2.569426223772487,-500.46651355546356,50.497155402588916,3.274978394964631,-1.8706273001834979,-200.17308518702004,3.3000687235850092,-0.2176819253284199,-200.21768192532852,-0.21768192532842,-0.3224597947084892,-200.32245979470855,-0.3224597947084893,0.13420614761136287,-199.86579385238866,0.1342061476113628,0.6159760461161884,-199.3840239538839,0.6159760461161883,200.43517606366657,501.77658830473587,-0.4442138272878935,346.40959405132463,394.46742655889375,-1.0711740131662384,451.80021981930634,205.52774051091518,3.440704149775562,503.3954251894304,44.31098399182662,-1.1209887121851028,-1.2659411768659448,-194.25398775680696,-0.9027149427010626,0.07166902706003428,-199.92833097294005,0.07166902706003422,-0.09779287169873815,-200.0977928716988,-0.09779287169873827,0.014619288352354376,-199.98538071164768,0.014619288352354265,-0.10974818750501336,-200.10974818750506,-0.10974818750501347,-147.5346482648879,-94.55978425230487,-2.4188366117375324,-148.01221081791965,-445.03734680533665,-2.8963991647693232,-147.10363634066863,-894.1287723280857,-1.9878246875183088,0.2232174637979194,-199.77678253620212,0.22321746379791935,149.15016927434104,-106.00264104203156,3.0805139839636277,149.22489622538035,-455.9279140909923,3.1552409350029356,149.59843801387,-905.5543723025025,3.5287827234925833,0.04490206069225977,-199.95509793930785,0.04490206069225963
222,2.22,0.06773430676564873,700.0677343067656,0.06773430676564879,-0.0617166269312906,549.9382833730685,-0.06171662693129065,0.9127857543102649,300.9127857543102,0.9127857543102649,0.6751561586200089,400.67515615862,0.6751561586200087,0.16174638499161023,200.1617463849916,0.1617463849916101,0.445109330410847,100.44510933041086,0.4451093304108471,-1.027025223412808,1000.0600344342482,-0.5547600561060366,-198.34246135887787,501.8913463434415,-0.37172047638385997,-344.6934210369994,404.9847620738734,-1.3542654513499066,-453.21401811755345,198.30152721337376,-2.4256671791137405,-500.29982754042555,50.706558488358354,3.2112649609931703,-1.5928172862112364,-200.3150759222384,3.42328867252791,-0.08390204672370782,-200.08390204672375,-0.08390204672370785,0.01589370334426754,-199.9841062966558,0.015893703344267457,0.0488413412091987,-199.95115865879083,0.04884134120919867,0.5136125049137521,-199.48638749508632,0.5136125049137521,200.53590103499232,502.0627044164024,-0.20036240342289907,346.4582618846806,394.4145746659301,-1.1500556009528362,451.4983938962365,205.39825570008384,3.474700590372507,503.326419376925,44.00091357137145,-1.1126510073457092,-1.550560857519328,-194.30617715707592,-0.8303317783825814,0.05492835710694524,-199.9450716428931,0.05492835710694527,0.16932419604104135,-199.83067580395902,0.1693241960410413,-0.02378924962043452,-200.02378924962048,-0.02378924962043452,-0.12462948330409773,-200.12462948330415,-0.12462948330409782,-147.48714621686855,-94.31054577950667,-2.366401022904877,-147.76593369581775,-444.5893332584559,-2.6451885018540726,-146.92998847458637,-893.7533880372246,-1.809243280622713,0.3052605716209005,-199.69473942837914,0.30526057162090053,149.30678066327826,-106.0439390894054,3.241505134701045,149.2478887768044,-456.1028309758793,3.1826132482271943,149.69154002118228,-905.6591797315014,3.626264492605083,0.10920642983031056,-199.89079357016976,0.10920642983031054
223,2.23,0.10232325985862673,700.1023232598586,0.10232325985862675,-0.09679205692248416,549.9032079430774,-0.09679205692248424,0.9505983431618497,300.9505983431618,0.9505983431618498,0.5885300075140213,400.588530007514,0.5885300075140212,0.013256761188165156,200.01325676118807,0.013256761188165135,0.5268917400028592,100.52689174000287,0.5268917400028591,-1.1226822354544872,999.9621389057149,-0.6552745928083428,-198.29225794353846,502.1262811448778,-0.17667878236519308,-344.7431824507727,405.19793372993695,-1.4030734870800847,-453.03388681627825,198.13665519856065,-2.3274087880667538,-500.02711725184463,51.010535161812385,3.227879411623407,-1.370905835602238,-200.53503029279676,3.4513679030456856,0.10970722338760315,-199.89029277661243,0.10970722338760312,0.4323705154864169,-199.56762948451365,0.4323705154864169,-0.004489097417742671,-200.0044890974178,-0.004489097417742699,0.40076312814719006,-199.59923687185287,0.4007631281471901,200.68460993204496,502.39424365850107,0.09128373125803635,346.55453199907095,394.4025164339386,-1.1936363732021493,451.19538239536536,205.259085046915,3.5001899720832963,503.3248388252706,43.7964833688751,-1.0055567595620265,-1.786617680553089,-194.3464827873123,-0.7239873993497725,0.19030276024490944,-199.80969723975517,0.1903027602449095,0.4065623645434435,-199.5934376354566,0.4065623645434435,-0.009307428209692437,-200.00930742820975,-0.009307428209692326,-0.09685702494394277,-200.09685702494397,-0.09685702494394274,-147.39175170441393,-94.01297096243036,-2.252663168319511,-147.54948592533654,-444.170705183353,-2.410397389242134,-146.9435890398509,-893.5648082978673,-1.80450050375652,0.4167187638328666,-199.58328123616715,0.4167187638328666,149.47819188457876,-106.07023113974344,3.40428806319207,149.35001150884312,-456.1984115154791,3.2761076874564283,149.74783334032878,-905.8005896839935,3.6739295189420798,0.2260478696543753,-199.77395213034572,0.22604786965437523
224,2.24,0.07786673633944771,700.0778667363393,0.07786673633944788,-0.2893669845595435,549.7106330154403,-0.2893669845595436,0.8407244592730694,300.840724459273,0.8407244592730694,0.38898044983486935,400.3889804498349,0.38898044983486907,-0.14292117090020373,199.85707882909975,-0.14292117090020368,0.48215487529311907,100.4821548752931,0.482154875293119,-1.086603762186769,999.9956525358632,-0.6242542308486563,-198.5150808837244,502.0872392383729,-0.2531915465393318,-344.8667917522793,405.3436798769135,-1.5027220660233147,-452.9932330169215,197.8199298168243,-2.3752868479788454,-499.7434326711407,51.31564420608811,3.2320996585350787,-1.2844700067755204,-200.91048374168716,3.3063200279688587,0.15283334962381587,-199.84716665037624,0.15283334962381595,0.6639502571086204,-199.33604974289145,0.6639502571086203,-0.0941607006220771,-200.09416070062213,-0.0941607006220771,0.2045322296259053,-199.79546777037416,0.20453222962590525,200.7397708862057,502.62944988916405,0.2890191042517984,346.53418752849154,394.26726047139505,-1.3656670202765127,450.75689933112517,204.9750678954177,3.381641489733798,503.3288071487233,43.63698066275849,-0.8618484915523857,-2.035822973202458,-194.43795269954575,-0.647738534504945,0.33230172592550256,-199.66769827407455,0.3323017259255026,0.41994437058227296,-199.5800556294178,0.4199443705822728,-0.07584486567294074,-200.07584486567302,-0.07584486567294063,-0.15808337008036483,-200.15808337008042,-0.15808337008036488,-147.41929140358323,-93.83803920525264,-2.248463302518062,-147.53133470450572,-443.95008250617514,-2.3605066034405455,-147.22147425265695,-893.6402220543266,-2.0506461515918,0.45869598174005954,-199.54130401826,0.45869598174005954,149.50502952995868,-106.24073526447177,3.409502366217299,149.402664861394,-456.34309993303657,3.307137697652607,149.63090587761465,-906.1148589168159,3.5353787138732704,0.28620515784643913,-199.71379484215362,0.2862051578464391
225,2.25,-0.10109267904581662,699.8989073209541,-0.10109267904581665,-0.5991146068203208,549.4008853931796,-0.599114606820321,0.5449403379962353,300.5449403379962,0.5449403379962353,0.05822929057939169,400.0582292905794,0.05822929057939158,-0.33024772068272806,199.6697522793172,-0.33024772068272795,0.2992878140518037,100.29928781405178,0.29928781405180366,-0.8799768660320271,1000.1993870645097,-0.42288566615838774,-199.00252908313803,501.78239560471593,-0.5930353954832556,-345.10915690390965,405.37631513331735,-1.6982777712279846,-453.0860072281011,197.35832423099916,-2.5628687391272194,-499.54450598657684,51.52783044131765,3.130676710141085,-1.3247787775890725,-201.4304747718482,2.998750933296731,-0.01536939450363739,-200.0153693945037,-0.01536939450363739,0.5491801732205834,-199.45081982677948,0.5491801732205833,-0.2463571391694244,-200.2463571391695,-0.2463571391694244,-0.07793165970948784,-200.07793165970958,-0.07793165970948779,200.6356552769945,502.7023736811184,0.3269426809190894,346.3301489873866,393.94200143900036,-1.7327092621117286,450.1698974291254,204.5322999447722,3.1047906190858363,503.2817079638505,43.46669666533293,-0.7386633059593459,-2.314139836306256,-194.59764078712874,-0.6197212946767926,0.35709606678487005,-199.64290393321522,0.35709606678487016,0.20456065223224082,-199.79543934776785,0.20456065223224065,-0.27611626527650207,-200.27611626527658,-0.2761162652765021,-0.37924572980426013,-200.37924572980432,-0.3792457298042601,-147.63757234604026,-93.8537275854963,-2.421663725692277,-147.7489699051397,-443.9651251445958,-2.5330612847917044,-147.66873666403734,-893.8848919034933,-2.45282804368934,0.3719252372911196,-199.62807476270893,0.3719252372911196,149.3618759328581,-106.58069668876885,3.231784912762836,149.32939003714804,-456.613182584479,3.1992990170527666,149.32479083367411,-906.6177817879529,3.1946998135788522,0.25478501539345155,-199.7452149846066,0.25478501539345155
226,2.26,-0.36567642024532054,699.6343235797547,-0.36567642024532054,-0.8436996723569885,549.156300327643,-0.8436996723569887,0.13749205169248346,300.13749205169245,0.1374920516924834,-0.26715780585013393,399.73284219414984,-0.26715780585013416,-0.48956057015069854,199.51043942984927,-0.4895605701506984,0.10767824913776515,100.10767824913776,0.1076782491377651,-0.6230701787498679,1000.4530727695005,-0.17143708399889473,-199.51405705054293,501.4520707713158,-0.9558437412932366,-345.3810578501096,405.3842408905781,-1.900763145864053,-453.2132755948624,196.85175066482202,-2.790804926766068,-499.39985393118786,51.67930285521782,2.9567105271130374,-1.3790865572321263,-201.97985346352243,2.6435498961016224,-0.2595699732182982,-200.25956997321833,-0.2595699732182982,0.1593710520349584,-199.84062894796512,0.1593710520349584,-0.3999301992534502,-200.39993019925353,-0.3999301992534502,-0.3254128890739558,-200.32541288907402,-0.3254128890739558,200.44795575272525,502.68849062725343,0.28057611464442955,346.04586761340784,393.5305126832726,-2.190744229331406,449.5995765911191,204.09514560099402,2.8336523016150985,503.223274687907,43.32600970833647,-0.5970423045199076,-2.508435710669901,-194.71325038000393,-0.5287882686432899,0.28322885424666355,-199.7167711457534,0.28322885424666355,-0.03185262829704058,-200.03185262829712,-0.03185262829704075,-0.4973777950271646,-200.4973777950272,-0.4973777950271647,-0.6713442009828425,-200.6713442009829,-0.6713442009828426,-147.91461807065235,-93.92824694015926,-2.6403848461458916,-148.0541302838686,-444.06775915337556,-2.7798970593621197,-148.06585649870357,-894.0794853682106,-2.7916232741971223,0.22112603988224355,-199.7788739601178,0.22112603988224355,149.17300610325114,-106.96565092374246,2.9955066892427262,149.1818679514852,-456.9567890755084,3.0043685374767874,148.98778945338518,-907.1508675736084,2.8102900393767705,0.2000219209687392,-199.79997807903135,0.20002192096873916
227,2.27,-0.5450768059782668,699.4549231940217,-0.5450768059782668,-0.8843584913927456,549.1156415086073,-0.8843584913927457,-0.24628547996036446,299.75371452003964,-0.24628547996036448,-0.4083101075241259,399.5916898924758,-0.408310107524126,-0.5296357612028502,199.47036423879706,-0.5296357612028502,0.04104746631846934,100.04104746631846,0.04104746631846928,-0.47658733524377955,1000.5960050336282,-0.03061159257596882,-199.8054185240932,501.34028747944274,-1.097550167557505,-345.5648158034162,405.4842787699554,-1.9928247738886027,-453.27337651990854,196.40290087134122,-2.9569872926190315,-499.192276805965,51.88901568222681,2.8301283114929188,-1.2867029694359844,-202.3953678401386,2.40380233090488,-0.4188216396517316,-200.41882163965175,-0.4188216396517316,-0.2809567731234489,-200.28095677312348,-0.28095677312344897,-0.48583985296519966,-200.48583985296528,-0.4858398529651996,-0.4059152342095981,-200.40591523420966,-0.4059152342095981,200.2805095772964,502.69142496774566,0.25358732074536666,345.85300846950923,393.20482839748416,-2.567491296467179,449.2187559810728,203.8356139030931,2.7398976451546044,503.2421179939014,43.30390818316185,-0.3494001872233924,-2.4979800243927928,-194.664624944391,-0.2559924617693969,0.2228142068392132,-199.77718579316084,0.2228142068392132,-0.06991358895627864,-200.06991358895633,-0.06991358895627897,-0.5850473754265448,-200.58504737542657,-0.5850473754265448,-0.8632737045180796,-200.86327370451812,-0.8632737045180796,-148.05066134312165,-93.86203443445226,-2.7049976730078438,-148.25343744857202,-444.0648105399026,-2.9077737784582025,-148.2488979425236,-894.0602710338542,-2.9032342724097786,0.12876417732121548,-199.8712358226788,0.12876417732121545,149.0815606686911,-107.25225097772201,2.8439455132416596,149.08133341321917,-457.252478233194,2.8437182577697544,148.82099087067286,-907.5128207757404,2.583375715223416,0.18744634009563216,-199.8125536599044,0.1874463400956321
228,2.28,-0.5428575636692853,699.4571424363307,-0.5428575636692854,-0.7583666078177085,549.2416333921823,-0.7583666078177086,-0.5169389431112719,299.48306105688874,-0.516938943111272,-0.3098557060373335,399.6901442939626,-0.30985570603733353,-0.4161364158333484,199.58386358416658,-0.41613641583334837,0.09511806134176329,100.09511806134174,0.09511806134176315,-0.4912573494281617,1000.577453969448,-0.051137598745478366,-199.82997680453144,501.4934606413312,-0.9716985232193667,-345.6604311128734,405.675535688563,-1.9748696350454868,-453.227645848041,196.05151781542864,-3.02227617398286,-498.8540613523812,52.226445455300635,2.8214582635985828,-0.9496394444084911,-202.57632848493654,2.380123773315284,-0.4494122138180202,-200.44941221381805,-0.44941221381802027,-0.574423392553458,-200.5744233925535,-0.5744233925534581,-0.5050063524929722,-200.50500635249307,-0.5050063524929722,-0.32022877181522597,-200.32022877181527,-0.320228771815226,200.14662208566267,502.72427332091274,0.2591141563622156,345.85349116029306,393.06728316794187,-2.760369505710754,449.0555869857023,203.78107526089127,2.850571375746643,503.3654014042985,43.42766375475951,0.030155446643395534,-2.3151793570686543,-194.48447838326032,0.1646893873540079,0.2467017051590123,-199.75329829484102,0.2467017051590123,0.12195450671888483,-199.87804549328115,0.12195450671888472,-0.5162183973314611,-200.5162183973315,-0.5162183973314611,-0.8663244019302441,-200.86632440193029,-0.8663244019302443,-147.98048579250093,-93.59009496201114,-2.5504650885625977,-148.27742980581664,-443.88703897532685,-2.8474091018783243,-148.22899043801945,-893.8385996075297,-2.7989697340811275,0.14791546220573087,-199.85208453779427,0.14791546220573093,149.1226776746927,-107.40513579354936,2.8124174693890236,149.09729127851625,-457.4305221897258,2.787031073212566,148.90521226775087,-907.6226012004913,2.5949520624471543,0.1962277008448559,-199.80377229915518,0.19622770084485583
229,2.29,-0.41247484138712154,699.587525158613,-0.4124748413871216,-0.6175109784604237,549.3824890215396,-0.6175109784604238,-0.6787339741800308,299.32126602581997,-0.6787339741800309,-0.06953379417891402,399.93046620582106,-0.06953379417891403,-0.20933823663763823,199.7906617633623,-0.2093382366376382,0.14682813538626574,100.14682813538624,0.1468281353862656,-0.5905216126601871,1000.4739774214946,-0.15645580631474973,-199.71330918647223,501.7857931975366,-0.7040471138780657,-345.7795384113564,405.8454518272615,-1.9590184374412838,-453.1017164394958,195.77309275527938,-3.011801928514808,-498.41754469381505,52.66100700039335,2.9012417898090543,-0.41407770062330623,-202.56609634136802,2.529170181760777,-0.3939021546404392,-200.3939021546405,-0.3939021546404392,-0.6578817058968247,-200.6578817058969,-0.6578817058968248,-0.5050627899011094,-200.50506278990116,-0.5050627899011092,-0.198652566792917,-200.19865256679296,-0.198652566792917,199.98187793816822,502.7224162076149,0.23257589620026728,346.04220935453014,393.11323010159765,-2.7737803817634488,449.0300550739293,203.85076701292633,3.084598047550721,503.5308254102664,43.63481525480393,0.47781545983516427,-2.116540347128162,-194.3293552064353,0.5754038034476674,0.3271348201657111,-199.67286517983433,0.3271348201657111,0.38589564322731973,-199.6141043567727,0.3858956432273195,-0.40393932885660194,-200.4039393288566,-0.4039393288566019,-0.7286769790542391,-200.72867697905428,-0.7286769790542391,-147.80033283601048,-93.20890774836961,-2.273248272599319,-148.19516466137054,-443.6037395737296,-2.668080097959356,-148.12635448248258,-893.5349293948418,-2.599269919071401,0.2281493940928029,-199.77185060590722,0.22814939409280277,149.21911891242584,-107.50130424352452,2.82390273632378,149.1821771082593,-457.538246047691,2.7869609321572573,149.16048616263944,-907.559936993311,2.7652699865373673,0.15848574185652944,-199.84151425814352,0.15848574185652933
230,2.3,-0.27716265772681914,699.7228373422731,-0.27716265772681914,-0.5869386773334246,549.4130613226665,-0.5869386773334246,-0.7851471071859819,299.21485289281406,-0.785147107185982,0.15659422442081902,400.15659422442076,0.156594224420819,-0.033752482446144094,199.9662475175538,-0.03375248244614415,0.08526922093426209,100.08526922093424,0.08526922093426204,-0.6602149029361764,1000.3997399576947,-0.23240022513951117,-199.61249859777212,502.0599847641661,-0.45186010085964473,-346.02163537204257,405.89357515868124,-2.045332265778496,-452.9595551903688,195.50482467614034,-2.9890040746842406,-497.9711166156398,53.10603129310367,2.9840070966821868,0.15280538564902957,-202.52892803543114,2.686790235776778,-0.2988846290757339,-200.29888462907576,-0.29888462907573393,-0.6034861609771982,-200.60348616097724,-0.6034861609771982,-0.5300425721386417,-200.5300425721387,-0.5300425721386417,-0.18824026096225768,-200.18824026096232,-0.18824026096225774,199.71469686228195,502.6140740573854,0.1022291923596228,346.34254315402984,393.2665515802056,-2.6835980892622997,449.03796599714775,203.9397832305479,3.3367724355745185,503.6407643570709,43.82730749489062,0.8942154001176017,-2.0265494492766067,-194.32350970158183,0.8505487122813855,0.3831795108628393,-199.6168204891372,0.38317951086283936,0.5279069289994123,-199.47209307100064,0.527906928999412,-0.3583534862218386,-200.35835348622186,-0.35835348622183855,-0.5628947386724402,-200.56289473867247,-0.5628947386724403,-147.64019852304523,-92.84872278930415,-2.00360291112808,-148.1116268243279,-443.3201510905868,-2.4750312124107396,-148.03772754012016,-893.2462518063791,-2.4011319282029784,0.2675089927659488,-199.7324910072341,0.26750899276594875,149.261431097378,-107.64995435762474,2.76920612986748,149.22215062219928,-457.68923483280344,2.7299256546887785,149.4174273829769,-907.4939580720259,2.925202415466406,0.03897725103963155,-199.9610227489604,0.03897725103963148
231,2.31,-0.22402117044216277,699.7759788295577,-0.2240211704421628,-0.6988551518381927,549.3011448481618,-0.6988551518381929,-0.8755593447388177,299.1244406552612,-0.8755593447388177,0.2460147011852406,400.2460147011852,0.2460147011852406,-0.007917718827751774,199.9920822811722,-0.007917718827751784,-0.11451720081680622,99.8854827991832,-0.1145172008168063,-0.6257908911782144,1000.4292873636531,-0.20442367734224087,-199.6361958923286,502.20716962425513,-0.3239695537318172,-346.39950795799575,405.80613963915755,-2.247235438146756,-452.86816845541205,195.18091113326423,-3.0203389543716987,-497.6156157405868,53.46234980809393,2.9718488208112115,0.5759516994561926,-202.6368833735806,2.6811149964801255,-0.20975220374446632,-200.20975220374453,-0.20975220374446635,-0.5601470921143032,-200.56014709211436,-0.5601470921143035,-0.6098112118657645,-200.6098112118658,-0.6098112118657646,-0.36748513695169127,-200.36748513695173,-0.36748513695169116,199.30996670595692,502.3639405201621,-0.16719865782492044,346.64675695291515,393.4200552910721,-2.5967742795814313,448.96143803933757,203.92957046176224,3.488255803691324,503.61073274330784,43.91996162910861,1.1929131727227618,-2.0557268119338525,-194.47696138182135,0.9787254026565321,0.34652422067445554,-199.6534757793256,0.34652422067445565,0.4533854997950067,-199.54661450020504,0.4533854997950066,-0.39222825015247315,-200.39222825015253,-0.3922282501524732,-0.47437004259771165,-200.4743700425978,-0.47437004259771176,-147.5811728924878,-92.59089971924234,-1.8229177855076197,-148.09000960915102,-443.0997364359056,-2.331754502170856,-148.00002904848208,-893.0097558752366,-2.2417739415018856,0.17049543031626946,-199.82950456968376,0.1704954303162694,149.18312048642673,-107.9173091964812,2.5821309517746043,149.14311170341253,-457.95731797949543,2.5421221687604083,149.52145260845188,-907.5789770744561,2.9204630737997563,-0.14613388877983752,-200.1461338887799,-0.14613388877983757
232,2.32,-0.2743597378221291,699.7256402621779,-0.2743597378221291,-0.9077322035709374,549.092267796429,-0.9077322035709375,-0.9493313040624358,299.0506686959376,-0.9493313040624358,0.15561157829808928,400.1556115782981,0.15561157829808928,-0.16587886362673593,199.83412113637323,-0.1658788636267359,-0.41798479853615855,99.58201520146386,-0.41798479853615855,-0.4781271979463272,1000.571741586474,-0.06340285398734977,-199.82355603808045,502.1879808211397,-0.35971139836654514,-346.86721336470106,405.628085851789,-2.51949578120702,-452.8490458453522,194.78110054499749,-3.1267258804322093,-497.4270270370122,53.65557810713587,2.7917064618128933,0.7868041401375474,-202.95546529226965,2.4469146749693564,-0.18845678296416035,-200.18845678296424,-0.18845678296416035,-0.6530680341466779,-200.65306803414677,-0.6530680341466778,-0.753304468094123,-200.7533044680942,-0.753304468094123,-0.7151583339248458,-200.71515833392488,-0.7151583339248457,198.8033257702316,502.00746505089523,-0.5402271686109235,346.8588788601627,393.4783516141779,-2.6084615442397405,448.69661165703644,203.71564073972462,3.4342893719988865,503.397018091327,43.86811418665235,1.328035241728494,-2.1327445671578262,-194.7176169897405,1.0306239913678041,0.1983802327235714,-199.80161976727646,0.19838023272357141,0.1857659712637824,-199.81423402873628,0.1857659712637823,-0.45037430382398524,-200.45037430382405,-0.45037430382398524,-0.5267482452359308,-200.52674824523598,-0.526748245235931,-147.66053452452434,-92.4730017923537,-1.76880842557276,-148.14054423139768,-442.95301149922705,-2.248818132446115,-148.0259899527015,-892.8384572205309,-2.1342638537499448,-0.09396889478512205,-200.0939688947852,-0.09396889478512216,149.00289789314394,-108.28437240786734,2.281723106274422,148.96345817503467,-458.3238121259766,2.24228338816514,149.42781151588738,-907.859458785124,2.7066367290178617,-0.3585985227792855,-200.35859852277935,-0.3585985227792856
233,2.33,-0.4036860996872363,699.5963139003127,-0.40368609968723634,-1.1178040773552231,548.8821959226448,-1.1178040773552231,-0.967428861505224,299.0325711384948,-0.9674288615052242,-0.05543500221442538,399.9445649977856,-0.0554350022144254,-0.4121658050367566,199.58783419496322,-0.41216580503675665,-0.760397182426541,99.23960281757351,-0.760397182426541,-0.27848651425509297,1000.7658396144404,0.1294005641078323,-200.11685676674642,502.0599317869102,-0.5015438274174595,-347.3715960835527,405.4115486590148,-2.809737762778745,-452.84011638754066,194.36873196099725,-3.245505748193125,-497.3932206126235,53.69935889133052,2.4586018681619954,0.8565758868503417,-203.41037339449448,2.058841397465703,-0.26031353548843794,-200.26031353548854,-0.260313535488438,-0.8741297208199952,-200.8741297208201,-0.8741297208199953,-0.921437284136523,-200.92143728413657,-0.9214372841365229,-1.0915072094095373,-201.0915072094096,-1.0915072094095373,198.32168501197995,501.67137535760367,-0.8901002567240044,346.9427298050862,393.4058804931762,-2.753987344590699,448.2497431357389,203.3036684677703,3.1802915948121955,503.03315670359416,43.70410103450688,1.3307675796692695,-2.1588093313345715,-194.94565882495223,1.1046425824641788,-0.015351774642384344,-200.01535177464243,-0.015351774642384347,-0.1844984865222979,-200.1844984865224,-0.1844984865222979,-0.4797335584402336,-200.4797335584403,-0.47973355844023363,-0.6919391317030136,-200.69193913170307,-0.6919391317030137,-147.85991868225165,-92.47696337337771,-1.8232842248975265,-148.2304406784602,-442.8474853695863,-2.193806221106067,-148.10248297121012,-892.7195276623363,-2.065848513856012,-0.4365614257444713,-200.43656142574457,-0.4365614257444713,148.83454974306426,-108.63705782320051,1.982141128984275,148.78001146029584,-458.69159610596887,1.927602846215893,149.2412129071276,-908.2303946591373,2.3888042930475963,-0.551323436552123,-200.5513234365522,-0.551323436552123
234,2.34,-0.5515788736528595,699.4484211263471,-0.5515788736528596,-1.2079631208827823,548.7920368791172,-1.2079631208827826,-0.8729349341762891,299.12706506582373,-0.8729349341762891,-0.24740449907302187,399.752595500927,-0.24740449907302192,-0.5621375600909422,199.437862439909,-0.5621375600909422,-1.0299657950546868,98.97003420494539,-1.029965795054687,-0.14234458507787193,1000.8961054939659,0.2585119228429968,-200.35997237122598,501.9789428196509,-0.5935208594661748,-347.86004213342704,405.20810680337246,-3.0661935409483867,-452.71055024836176,194.07592912164077,-3.2452452990127427,-497.3851840225574,53.72411245972329,2.104383744763906,0.9327357077303748,-203.85104185074087,1.6678872162144605,-0.34740972230631656,-200.3474097223064,-0.34740972230631667,-1.054417139598522,-201.05441713959863,-1.0544171395985222,-1.0212412920427372,-201.0212412920428,-1.021241292042737,-1.2706394145218116,-201.2706394145219,-1.2706394145218116,198.0299884438455,501.5204380395868,-1.052025639530295,346.9468810731263,393.2518665463257,-2.9838996591012528,447.7745246442862,202.84681354835595,2.879181616315612,502.65326913314493,43.560603026120006,1.33270808129431,-2.0439328247666357,-195.06982325405718,1.2906162206297485,-0.19154989420896812,-200.191549894209,-0.19154989420896812,-0.5325281848896956,-200.53252818488977,-0.5325281848896956,-0.4511185762410489,-200.45111857624113,-0.4511185762410489,-0.8279048417036525,-200.82790484170374,-0.8279048417036526,-148.07132150865178,-92.49509340586783,-1.878751487063395,-148.2952729307583,-442.71904482797436,-2.102702909169924,-148.16781194396765,-892.5915838411838,-1.975241922379305,-0.662362859745697,-200.6623628597458,-0.6623628597456972,148.8346558344735,-108.81847242639772,1.8403727970433772,148.73372876588869,-458.9193994949826,1.7394457284585656,149.14297464167623,-908.5101536191951,2.148691604246112,-0.6613798974791036,-200.66137989747918,-0.6613798974791038
235,2.35,-0.6228320838844147,699.3771679161156,-0.6228320838844146,-1.0803174239121986,548.9196825760878,-1.0803174239121986,-0.6334960249102259,299.36650397508976,-0.6334960249102259,-0.28569968617222224,399.71430031382783,-0.28569968617222236,-0.46177679944396033,199.53822320055602,-0.46177679944396044,-1.0751776024852582,98.92482239751479,-1.075177602485258,-0.17976639249412196,1000.852474146866,0.2138674116301822,-200.38484172120346,502.11287333855347,-0.4677601177058658,-348.26520486874705,405.08406103328923,-3.222425351007632,-452.3379725706571,194.02638227049707,-3.0029535784377304,-497.24142644111396,53.8926163875889,1.8933010245774373,1.1345074165492601,-204.155163365045,1.3968556939284125,-0.3100822794204698,-200.31008227942056,-0.31008227942046984,-0.9807183186857557,-200.98071831868583,-0.9807183186857558,-0.9558940402071645,-200.95589404020726,-0.9558940402071645,-1.0713859328370516,-201.07138593283716,-1.0713859328370514,198.0178427147412,501.64408839885994,-0.9365450573993997,346.981033627215,393.1266957821607,-3.1875909809684284,447.46140606743995,202.5350461224675,2.7207042703298026,502.44746592107344,43.6260637998657,1.5212908662377451,-1.7450968511462073,-195.04557557698985,1.6316494238005297,-0.22109271213380072,-200.2210927121339,-0.2210927121338007,-0.7181863765630663,-200.71818637656312,-0.7181863765630663,-0.34539818788357046,-200.3453981878837,-0.3453981878835706,-0.7677403104438216,-200.76774031044388,-0.7677403104438218,-148.1403648913211,-92.37333947266904,-1.7812770190476883,-148.26418881578851,-442.4971633971365,-1.9051009435151038,-148.15262132048002,-892.3855959018281,-1.7935334482066052,-0.5900681287621506,-200.59006812876223,-0.5900681287621508,149.09645626564713,-108.73505023172498,1.9501007851251249,148.94617474486043,-458.8853317525118,1.7998192643383943,149.24288759390075,-908.5886189034716,2.096532113378705,-0.6289059920897193,-200.6289059920898,-0.6289059920897194
236,2.36,-0.5280285649432006,699.4719714350568,-0.5280285649432007,-0.7246299883739973,549.275370011626,-0.7246299883739973,-0.27916894245786117,299.72083105754206,-0.27916894245786117,-0.12600574520335578,399.8739942547966,-0.1260057452033559,-0.09826664523235362,199.90173335476763,-0.09826664523235368,-0.7982852920986426,99.2017147079014,-0.7982852920986427,-0.41800066521330836,1000.6076968612133,-0.03178044621908191,-200.14959850771237,502.5033919057854,-0.08257283924498435,-348.5270942425785,405.09834886012993,-3.219411122540531,-451.70538981681545,194.23841734491447,-2.5010109685144966,-496.9087487021841,54.25922057192662,1.8812112830766616,1.4821866647491637,-204.29939582065902,1.2696504776723345,-0.07965007019613701,-200.07965007019624,-0.07965007019613711,-0.5820041440507169,-200.5820041440508,-0.5820041440507171,-0.6997326134152597,-200.69973261341534,-0.6997326134152597,-0.5021946069000071,-200.5021946069001,-0.5021946069000072,198.23538346918812,501.99229702277603,-0.5936677222543403,347.14752425607185,393.1334189715924,-3.2617956121338065,447.38602742106605,202.44358171088774,2.7798654157345535,502.5364561872356,44.01931220824218,2.0144149136854157,-1.2964572799579388,-194.90532580865815,2.0939076958663345,-0.06679549051622052,-200.06679549051628,-0.06679549051622052,-0.652394693902555,-200.6523946939026,-0.652394693902555,-0.15836173029378564,-200.1583617302939,-0.1583617302937858,-0.4653616439303443,-200.4653616439304,-0.4653616439303445,-147.99558217816644,-92.04057263459214,-1.4598724590948593,-148.10724003421944,-442.15223049064514,-1.5715303151478763,-148.05659016708714,-892.101580623513,-1.5208804480155544,-0.19281184639811388,-200.19281184639823,-0.19281184639811394,149.57533642857476,-108.4310681678526,2.267186271514734,149.42275285347557,-458.5836517429518,2.114602696415548,149.49500526444018,-908.5113993319873,2.186855107380162,-0.4452820218691425,-200.44528202186922,-0.4452820218691425
237,2.37,-0.26073206833651175,699.7392679316636,-0.2607320683365117,-0.24360783921604784,549.7563921607841,-0.24360783921604798,0.10284141782072748,300.1028414178207,0.10284141782072753,0.173355787681206,400.1733557876812,0.1733557876812059,0.3921868371703619,200.39218683717036,0.3921868371703619,-0.26331528863052145,99.73668471136955,-0.2633152886305214,-0.7762264971899739,1000.2425946730618,-0.397609412229431,-199.79304699457458,503.0115007368371,0.4230606067306188,-348.64672945246264,405.2488960031404,-3.059193268954968,-450.9333243961562,194.5928567823206,-1.8593065614586362,-496.48833243340556,54.723744560331376,1.9694711450132973,1.8974296783630853,-204.35909679771197,1.2115357018995467,0.26704182379528907,-199.73295817620482,0.26704182379528896,-0.0088899497459127,-200.008889949746,-0.008889949745912812,-0.3241876821905646,-200.3241876821906,-0.32418768219056454,0.2193668362086587,-199.78063316379144,0.21936683620865868,198.54852461305086,502.43081926509353,-0.15762086501291758,347.47372954274067,393.3001526808442,-3.178189247248347,447.4772213017224,202.5008861967474,2.9849370473614174,502.85013785191984,44.66816803513741,2.739055649910566,-0.7975292553820545,-194.74662749891462,2.5784258570591905,0.2064276310626372,-199.79357236893742,0.20642763106263726,-0.3792979357972435,-200.3792979357973,-0.3792979357972436,0.08300384730389226,-199.91699615269619,0.08300384730389221,-0.03968144582647323,-200.03968144582652,-0.03968144582647344,-147.72332507513025,-91.58349338140675,-1.0013996746916147,-147.88102174039997,-441.74119004667654,-1.159096339961315,-147.958012743903,-891.8181810501796,-1.2360873434643485,0.3707292664834163,-199.62927073351665,0.37072926648341625,150.12019030169517,-108.05728373253164,2.64103073133546,150.01421837335235,-458.1632556608746,2.535058802992604,149.7576433200398,-908.4198307141871,2.2784837496800643,-0.1684415565270206,-200.1684415565271,-0.16844155652702067
238,2.38,0.07666204106883945,700.076662041069,0.07666204106883939,0.19926242286720292,550.1992624228673,0.19926242286720283,0.4118068812325104,300.41180688123245,0.4118068812325104,0.49912721263834203,400.4991272126383,0.49912721263834203,0.8210683290893632,200.82106832908943,0.8210683290893632,0.3121228825803305,100.3121228825804,0.3121228825803306,-1.120253898239801,999.8913578161313,-0.7494280835299867,-199.52778897177916,503.42440900393177,0.8363639965525791,-348.6976963017032,405.4610631735427,-2.81643199752663,-450.1972959429165,194.9155335926037,-1.2527222292900877,-496.1387874089289,55.128418166903316,2.0018697223057584,2.2712650936359693,-204.44033461220943,1.1171196049153522,0.5716106763366167,-199.42838932366345,0.5716106763366167,0.4775555761665604,-199.52244442383346,0.47755557616656025,0.05556895969057858,-199.94443104030947,0.05556895969057865,0.79834345668677,-199.20165654331333,0.7983434566867699,198.84282183239677,502.8450589719324,0.2570139645531839,347.9044696494623,393.5724799731295,-2.990988837850554,447.6109028757266,202.5825681427786,3.2113496764089167,503.1464159546892,45.328277332841,3.450105785505592,-0.36028951727242864,-194.67929536038804,2.973997384240323,0.4866490840112112,-199.51335091598884,0.4866490840112112,-0.06858764901241315,-200.06858764901244,-0.06858764901241327,0.3337927861547515,-199.66620721384533,0.3337927861547515,0.33244045515280696,-199.66755954484722,0.33244045515280685,-147.4869736239438,-91.16584059650783,-0.5697791335946905,-147.71869101266086,-441.3975579852249,-0.8014965223117435,-147.94469320308966,-891.6235601756538,-1.0274987127405448,0.866744585393572,-199.13325541460648,0.866744585393572,150.57684093062878,-107.76751552554924,2.9179948108600615,150.5032828109367,-457.84107364524147,2.8444366911679415,149.91498103639265,-908.4293754197854,2.2561349166238984,0.12299575481156169,-199.8770042451885,0.12299575481156164
239,2.39,0.3469290804296111,700.3469290804297,0.3469290804296111,0.47510546755984473,550.47510546756,0.47510546755984473,0.5780580976690783,300.57805809766904,0.5780580976690785,0.7377282740874536,400.7377282740875,0.7377282740874533,1.0519151904562514,201.05191519045633,1.0519151904562514,0.7007137589379278,100.70071375893801,0.700713758937928,-1.3434735450885382,999.6605959710196,-0.980625644087245,-199.4756091354725,503.6201477074762,1.0353801004329986,-348.7705266143179,405.64327084324657,-2.5827804942107897,-449.6024682797679,195.10263967872606,-0.7857824124223254,-495.94705082469574,55.38697178602273,1.893711530724466,2.551195420146954,-204.5928091537135,0.9374281163577877,0.7186635012044579,-199.28133649879558,0.7186635012044579,0.6865242149424318,-199.31347578505762,0.6865242149424317,0.34999915297254236,-199.65000084702746,0.34999915297254247,1.0418508574651688,-198.95814914253492,1.0418508574651688,199.0579523393211,503.1745484261794,0.589780819136198,348.3530603572223,393.86449922989004,-2.7859042843236277,447.69560313119666,202.5969141558685,3.367227693846572,503.18618739110275,45.7581155520532,3.905383542519451,-0.05377387642534842,-194.77001961584784,3.212566812464817,0.6855565997982336,-199.31444340020178,0.6855565997982336,0.10317282543713986,-199.89682717456287,0.10317282543713982,0.5566428191439649,-199.44335718085608,0.556642819143965,0.552104448915686,-199.44789555108432,0.552104448915686,-147.38619719188117,-90.88765147087123,-0.26524918521122015,-147.74229829224754,-441.2437525712376,-0.6213502855776003,-148.052406442243,-891.5538607212331,-0.9314584355730593,1.1332547547187592,-198.8667452452813,1.1332547547187595,150.86195668085944,-107.6447280723666,3.015312872186906,150.73824609013747,-457.7684386630886,2.891602281464949,149.93898106318207,-908.567703690044,2.092337254509523,0.3764823746947412,-199.62351762530528,0.37648237469474116
240,2.4,0.4737667846453744,700.4737667846455,0.47376678464537436,0.5489620526897524,550.54896205269,0.5489620526897524,0.5896764973013275,300.5896764973013,0.5896764973013277,0.8176557067710888,400.8176557067711,0.8176557067710888,1.0401173558664123,201.04011735586653,1.0401173558664123,0.8147310621074599,100.81473106210754,0.8147310621074599,-1.4114278261723325,999.5847672206229,-1.0567429097210814,-199.61417827482,503.6208667349524,1.0422677210220503,-348.9080196859644,405.7516819993007,-2.402201982211632,-449.1407405535957,195.163629936239,-0.44974810182226593,-495.8846102866164,55.52840471347814,1.6755772331839307,2.767288495815494,-204.78378196814248,0.7059690052915903,0.698844211938224,-199.3011557880618,0.698844211938224,0.5873653457200821,-199.41263465427994,0.5873653457200821,0.5188826201848802,-199.48111737981515,0.5188826201848804,0.9564099531965126,-199.04359004680353,0.9564099531965126,199.15834460106637,503.3835782664086,0.8049792524783099,348.75446472147826,394.1119724661991,-2.626990579637535,447.6784931302695,202.49091502603193,3.399415445028734,502.902031318711,45.8876975572066,4.034347332777165,0.12852546021528086,-195.00978161685407,3.3018206106390737,0.7583773935406382,-199.24162260645937,0.7583773935406382,0.07734134132888959,-199.92265865867114,0.07734134132888959,0.7238375956982082,-199.27616240430183,0.723837595698208,0.626046588591952,-199.37395341140808,0.626046588591952,-147.41408561096057,-90.74239150765541,-0.0814953954601427,-147.95992432850565,-441.28823022520055,-0.6273341130052279,-148.2560260199364,-891.5843319166313,-0.9234358044359903,1.1485794225309938,-198.85142057746904,1.1485794225309935,150.96568907280437,-107.698395124091,2.9237290244014638,150.70082494731432,-457.9632592495811,2.658864898911408,149.8758576140218,-908.7882265828737,1.83389756561889,0.5626923249982853,-199.43730767500176,0.5626923249982851
241,2.41,0.4588346296366653,700.4588346296368,0.45883462963666527,0.4590639924358453,550.459063992436,0.4590639924358453,0.49634969732318773,300.4963496973231,0.4963496973231879,0.7299205931126823,400.72992059311275,0.7299205931126823,0.8225695553137992,200.82256955531392,0.822569555313799,0.724058668555233,100.7240586685553,0.7240586685552332,-1.354711515589509,999.6332773763654,-1.0083730023039212,-199.86096863379095,503.50891973886473,0.939386553800851,-349.0935830815019,405.80186555668797,-2.2593059822151926,-448.7574897911227,195.15447490178758,-0.1893622500724882,-495.863127662382,55.64135440832406,1.4376851826114576,2.970360550730187,-204.95991378591174,0.47688842561765055,0.5737381778399282,-199.4262618221601,0.5737381778399282,0.2826185915319616,-199.71738140846807,0.2826185915319616,0.564659432694272,-199.43534056730573,0.5646594326942721,0.6948189559025904,-199.30518104409745,0.6948189559025904,199.1211000150704,503.44911934269464,0.879586157630735,349.07865021205953,394.28567902198813,-2.543294522050847,447.52729130421955,202.2321746732928,3.2753860503360808,502.40797295819834,45.828362083665716,3.9478844150926564,0.2574281403644646,-195.32510515176227,3.313942079477796,0.6945406167263475,-199.30545938327367,0.6945406167263475,-0.07086843327298675,-200.070868433273,-0.07086843327298667,0.8029835194149861,-199.19701648058503,0.8029835194149862,0.5955001770508515,-199.40449982294916,0.5955001770508515,-147.52610552137938,-90.68590967640372,0.025395004078489915,-148.24955974778214,-441.40936390280655,-0.6980592223242981,-148.4959220379458,-891.6557261929702,-0.9444215124879469,0.9954662151493718,-199.00453378485062,0.9954662151493718,150.92170447141018,-107.89446915747507,2.677526919381143,150.48484930437823,-458.331324324507,2.240671752349183,149.8001220093532,-909.0160516195322,1.55594445732416,0.6531233481605468,-199.34687665183947,0.653123348160547
242,2.42,0.3325588790523738,700.3325588790525,0.3325588790523737,0.26000380980628207,550.2600038098064,0.2600038098062822,0.38008670834171454,300.38008670834165,0.38008670834171465,0.51488206992292,400.5148820699229,0.51488206992292,0.49309522641424075,200.4930952264143,0.4930952264142406,0.5524646275093326,100.5524646275094,0.5524646275093327,-1.2302351788192438,999.7492165726219,-0.8924247557585012,-200.17108189592958,503.3290363853515,0.7714694209406909,-349.2937373289894,405.82629586281894,-2.1218483418329335,-448.42795850813934,195.1012683347023,0.020759767228432563,-495.82539142771276,55.78313913225831,1.2389262418314502,3.161897094614331,-205.11736310570078,0.2548662861035633,0.3993383377938107,-199.60066166220622,0.39933833779381067,-0.07439436496936008,-200.07439436496938,-0.07439436496936008,0.5313052252545333,-199.4686947747455,0.5313052252545333,0.41298631927676843,-199.58701368072326,0.41298631927676854,198.94756208925025,503.37239206838376,0.8148251039729469,349.3137202931773,394.3745435992122,-2.5457270257213755,447.23955132423555,201.81819942688827,2.9925304978080023,501.87450313632974,45.747812805423315,3.813355673493435,0.4026620430584349,-195.64348072653667,3.32019295647599,0.5085766514771946,-199.4914233485228,0.5085766514771946,-0.2278197111470075,-200.227819711147,-0.2278197111470074,0.7563208297371302,-199.2436791702629,0.7563208297371302,0.48480905338253716,-199.51519094661748,0.4848090533825373,-147.71180959483354,-90.70814639690411,0.06522587073974521,-148.45824890116515,-441.45458570323575,-0.681213435591858,-148.7163391540973,-891.7126759561679,-0.9393036885240271,0.7736646149850637,-199.22633538501498,0.7736646149850637,150.7875312361423,-108.17503546466958,2.3348749244475293,150.2310486772451,-458.7315180235668,1.77839236555033,149.76528412923548,-909.1972825715766,1.3126278175406927,0.6223757524006357,-199.37762424759939,0.6223757524006357
243,2.43,0.13106825855263826,700.1310682585528,0.13106825855263818,0.008405673950046696,550.00840567395,0.008405673950046752,0.30777211354709944,300.307772113547,0.30777211354709955,0.23187892330459361,400.23187892330463,0.23187892330459364,0.16806259776488275,200.16806259776496,0.16806259776488264,0.3872161702053744,100.38721617020542,0.3872161702053744,-1.0866085510040078,999.8839758885374,-0.7575060946510881,-200.5402753395793,503.0852964256755,0.5425963308649375,-349.4960673267335,405.8364054602278,-1.9786778690440139,-448.1562379974939,195.001239124518,0.177144026931984,-495.78960502993493,55.93546649407398,1.0625644495010371,3.300259993296401,-205.29559730305022,0.0012990138671591933,0.18752621092578906,-199.8124737890742,0.18752621092578903,-0.36009438040667535,-200.3600943804067,-0.3600943804066753,0.49021088369928234,-199.50978911630074,0.49021088369928234,0.18053702139761368,-199.81946297860242,0.1805370213976137,198.6635614452464,503.1791115853158,0.6364114905051814,349.45553802405,394.37525624009106,-2.6374434333834746,446.8582451481253,201.29198222965374,2.593741602384336,501.4019673046331,45.74352956201567,3.728010041190534,0.5732546421514493,-195.95299578143278,3.3312887350689886,0.23409720420741167,-199.7659027957926,0.23409720420741167,-0.3400076377723783,-200.3400076377724,-0.3400076377723782,0.5672683973515666,-199.43273160264846,0.5672683973515666,0.32571964887105825,-199.67428035112897,0.3257196488710583,-147.98944705670357,-90.8277427763169,0.019083683463349543,-148.51923268171265,-441.3575284013259,-0.5107019415457272,-148.88420689713377,-891.7225026167471,-0.875676156966832,0.5353258355500456,-199.46467416445,0.5353258355500456,150.63523468710642,-108.46763847236272,1.9684990342336448,150.06190808619112,-459.040965073278,1.3951724333183457,149.78516987857893,-909.3177032808903,1.1184342257061695,0.4733962821617024,-199.52660371783833,0.47339628216170243
244,2.44,-0.07877012501025427,699.9212298749898,-0.07877012501025438,-0.21286836998520675,549.7871316300148,-0.2128683699852067,0.301632736077752,300.3016327360777,0.30163273607775204,-0.0560079453017029,399.94399205469836,-0.0560079453017029,-0.05324917389268674,199.94675082610735,-0.05324917389268691,0.27212745997222665,100.27212745997224,0.2721274599722267,-0.9574957187179551,1000.0038921663177,-0.637279216302283,-200.93756397293902,502.80852778090537,0.2835925538398142,-349.7072739581648,405.82453759583814,-1.8377830829489745,-447.9321167519266,194.86589808638072,0.2906068269162186,-495.8153737722663,56.038445428650434,0.8502411036465525,3.3614451777625987,-205.51665166570433,-0.3049656523490668,-0.06421117066803053,-200.06421117066807,-0.06421117066803063,-0.5155633730581248,-200.51556337305817,-0.5155633730581248,0.4854792524115417,-199.5145207475885,0.4854792524115417,0.007397287933944174,-199.99260271206612,0.007397287933944174,198.32208746233903,502.9221595599909,0.3972243329253459,349.53004753953843,394.3145901208487,-2.791525956197295,446.46166024549916,200.73190076368553,2.157311829820701,500.9860483023807,45.80827382247495,3.684492626778537,0.7410206316252049,-196.27886938489598,3.3208691290924848,-0.0730705497836414,-200.07307054978367,-0.07307054978364147,-0.4212355743342281,-200.42123557433425,-0.4212355743342281,0.27760192804042494,-199.72239807195962,0.2776019280404249,0.18330577176755855,-199.8166942282325,0.18330577176755858,-148.3453006576845,-91.03137625498113,-0.09999730388168243,-148.47697268523578,-441.1630482825324,-0.23166933143293023,-148.9761768380027,-891.6622524352993,-0.7308734841998221,0.28336772111991243,-199.71663227888013,0.2833677211199123,150.5324361340546,-108.70426403871983,1.646699775420412,150.03759060884235,-459.1991095639321,1.1518542502081475,149.8570150337557,-909.3796851390189,0.971278675121505,0.2597459341605356,-199.7402540658395,0.2597459341605356
245,2.45,-0.2011612938792154,699.7988387061208,-0.20116129387921555,-0.31750661397711794,549.6824933860229,-0.31750661397711794,0.3375929139950174,300.337592913995,0.33759291399501745,-0.2838290631764815,399.7161709368236,-0.28382906317648143,-0.11609853294923221,199.8839014670508,-0.11609853294923228,0.22317341734983281,100.22317341734984,0.22317341734983281,-0.8691789543515638,1000.082684176868,-0.5580244255456774,-201.27295888067476,502.5885684077606,0.08429048158419315,-349.93811309470055,405.77901127988184,-1.711226280812831,-447.72315112141655,194.7289625627115,0.3941812603591526,-495.93810554902495,56.056186295207795,0.5675669899813635,3.3767788032396324,-205.7474483960201,-0.6299538411867172,-0.3222216486877849,-200.32222164868784,-0.3222216486877851,-0.5279905286359103,-200.52799052863594,-0.5279905286359103,0.48933781960145584,-199.51066218039858,0.4893378196014558,-0.09659807407986482,-200.09659807407994,-0.09659807407986482,198.0108696240752,502.6891656725136,0.18488774633720617,349.61959575882145,394.27571952434243,-2.9246658771408045,446.1304355850082,200.21875407539662,1.7639695655559149,500.57417633166676,45.88652165950981,3.6272797973072715,0.9144695372998448,-196.60956749030743,3.2993875717411827,-0.3359726592690495,-200.3359726592691,-0.33597265926904957,-0.4884001092827124,-200.48840010928276,-0.4884001092827124,-0.01037967654753219,-200.01037967654756,-0.010379676547532302,0.11132210370285894,-199.88867789629722,0.11132210370285894,-148.69756618720785,-91.23763875826475,-0.21091238803241955,-148.42057568927555,-440.96064826033245,0.06607810989990123,-148.97627112564822,-891.5163436967052,-0.48961732647274564,0.015104265157461827,-199.9848957348426,0.015104265157461771,150.51793298642934,-108.84572070495275,1.4089701296421007,150.149667373111,-459.2139863182711,1.0407045163237534,149.98081565740478,-909.3828380339774,0.8718528006175081,0.07412522055868498,-199.92587477944136,0.07412522055868498
246,2.46,-0.1774270922858564,699.8225729077142,-0.17742709228585643,-0.2884287922306987,549.7115712077693,-0.2884287922306987,0.35414499021713347,300.35414499021715,0.35414499021713347,-0.4080951881292283,399.5919048118708,-0.4080951881292283,-0.025915542337239778,199.9740844576628,-0.02591554233723975,0.21403445248983122,100.21403445248981,0.21403445248983122,-0.8343154198784342,1000.1076959160054,-0.5323968389002024,-201.45267762756913,502.51905609984686,0.03831942513491279,-350.2023549490519,405.6851659154147,-1.6140979028914266,-447.506064460828,194.6149525932953,0.5117153520447327,-496.1379953875009,56.00781913596484,0.23513283873842042,3.4117646409481246,-205.92096266909272,-0.9057377505998803,-0.5195607671248546,-200.51956076712491,-0.5195607671248548,-0.412450066386649,-200.41245006638673,-0.412450066386649,0.43414915222564643,-199.5658508477744,0.4341491522256463,-0.11962732682812932,-200.1196273268282,-0.11962732682812938,197.82103301752002,502.57116324803405,0.09042657332208295,349.82646319491874,394.3617468800263,-2.933636629494355,445.91623532125766,199.80443663313804,1.4655527640542665,500.1441553679268,45.953113260499805,3.5313302291601647,1.1506767222784933,-196.88495515402457,3.3259633279124623,-0.4881749200061193,-200.4881749200062,-0.48817492000611934,-0.5231088533377545,-200.5231088533378,-0.5231088533377546,-0.1926773468314839,-200.1926773468315,-0.19267734683148402,0.09426501948450203,-199.90573498051558,0.09426501948450197,-148.93501214957251,-91.33569498056002,-0.20314384901367277,-148.416540329032,-440.81722316001947,0.315327971526862,-148.9041647824825,-891.3048476134701,-0.17229648192367572,-0.2423347658967418,-200.24233476589677,-0.24233476589674197,150.5934349121684,-108.88990492861157,1.257729449653071,150.34658346902845,-459.1367563717515,1.0108780065131233,150.14211170871488,-909.3412281320652,0.8064062461995425,-0.017163550760479998,-200.01716355076053,-0.017163550760480054
247,2.47,-0.040067977802032695,699.959932022198,-0.04006797780203275,-0.19095154711142742,549.8090484528885,-0.19095154711142737,0.2844077870766915,300.2844077870767,0.28440778707669156,-0.44921208611136154,399.5507879138887,-0.4492120861113617,0.15504884608742803,200.15504884608742,0.15504884608742805,0.17783697652877714,100.17783697652877,0.17783697652877714,-0.8414577773241037,1000.0903759939304,-0.5489469954759639,-201.45595738236398,502.62061556084245,0.1662926875377144,-350.5083646158381,405.5337846451996,-1.5560920510760152,-447.29171264060346,194.51422079885361,0.6329038959000743,-496.350900718642,55.956623151898015,-0.08236889079254066,3.5213634639219107,-205.98095487114318,-1.0751739596903318,-0.6077093635682135,-200.6077093635683,-0.6077093635682136,-0.220430042132081,-200.22043004213214,-0.22043004213208103,0.29145243453891423,-199.70854756546115,0.2914524345389141,-0.08203655548836242,-200.08203655548846,-0.08203655548836247,197.78115966009705,502.5966507054725,0.1423278321678667,350.1810060927138,394.603841114744,-2.787155507151154,445.83658660661433,199.5067762391953,1.2798464029601413,499.73050713706175,46.0396199092866,3.4284528480679537,1.4885528124833545,-197.06305049139908,3.4416314232084,-0.5130562694841234,-200.51305626948417,-0.5130562694841236,-0.5008361781669468,-200.500836178167,-0.5008361781669468,-0.23567925537269324,-200.23567925537276,-0.23567925537269327,0.07070057949938915,-199.92929942050068,0.07070057949938907,-148.9923653179328,-91.26066652190093,-0.012144212678370644,-148.48907762815332,-440.7573788321214,0.49114347710113754,-148.81806126694312,-891.0863624709114,0.16215983831133943,-0.4330751249264413,-200.43307512492652,-0.43307512492644135,150.73664542257578,-108.85872091596482,1.1714027536250158,150.5613643230192,-459.0340020155213,0.9961216540684699,150.2977036763624,-909.2976626621783,0.7324610074116673,-0.0339594674126813,-200.03395946741273,-0.03395946741268134
248,2.48,0.1302656670928837,700.130265667093,0.1302656670928837,-0.08910356318412664,549.9108964368158,-0.08910356318412659,0.12441109952300652,300.12441109952306,0.1244110995230065,-0.48078966762404074,399.519210332376,-0.4807896676240408,0.35562261581671584,200.3556226158167,0.3556226158167159,0.06771655433621157,100.06771655433623,0.06771655433621163,-0.8712574009208568,1000.0500744229719,-0.5883240695974529,-201.336509863209,502.8394036479501,0.4143528096847615,-350.8326943176221,405.3475058817693,-1.515093698711313,-447.1164627290059,194.39156918718197,0.7219071969689369,-496.5007041155545,55.97767061758818,-0.30850763388056435,3.725414554277048,-205.9065587923722,-1.116497587772846,-0.5809421299785646,-200.5809421299786,-0.5809421299785649,-0.025387768953618717,-200.02538776895364,-0.02538776895361869,0.10959592001056413,-199.89040407998948,0.10959592001056408,-0.030224451697550503,-200.03022445169762,-0.03022445169755053,197.84068290032587,502.7149860696692,0.2899352314039756,350.6137268297106,394.9333042645744,-2.553817056986203,445.893089824302,199.32774409019947,1.2087920387997715,499.39238442480723,46.20228000852578,3.3752432184454495,1.9028045854990945,-197.16608712958194,3.623283613465394,-0.4380329630154306,-200.43803296301547,-0.4380329630154306,-0.42559548957422616,-200.42559548957425,-0.42559548957422627,-0.18100755774463212,-200.18100755774464,-0.18100755774463215,0.012986755044327877,-199.98701324495573,0.01298675504432785,-148.88317941099527,-91.0264991275076,0.3477974043086684,-148.62556614782602,-440.76888586433836,0.605410667477889,-148.76350353261384,-890.9068232491262,0.4674732826900976,-0.49633042228004154,-200.49633042228007,-0.49633042228004154,150.92219833119935,-108.77714560007351,1.125354853248614,150.7400708285715,-458.95927310270133,0.9432273506207665,150.41630795381303,-909.2830359774598,0.6194644758622979,-0.039640299553329816,-200.03964029955335,-0.03964029955332976
249,2.49,0.30045432419853285,700.3004543241987,0.30045432419853285,0.02477282058024515,550.0247728205802,0.024772820580245263,-0.03013622092657306,299.9698637790735,-0.03013622092657295,-0.5408634938784804,399.45913650612164,-0.5408634938784805,0.5568017871483861,200.5568017871484,0.5568017871483864,-0.08224111133955558,99.91775888866047,-0.08224111133955553,-0.9252866610305717,999.9852203335239,-0.6520981552260804,-201.15249285077016,503.1171380392979,0.7242002429845906,-351.11588111552743,405.18502924579457,-1.4329713699789592,-447.006564453996,194.2218732910649,0.7529771211667784,-496.54707031325773,56.11007836518456,-0.40287058050951075,3.995364031530624,-205.72556099278037,-1.0566074831793015,-0.4498285279335774,-200.44982852793362,-0.4498285279335775,0.12597818668780913,-199.8740218133122,0.1259781866878092,-0.02354593858910603,-200.0235459385891,-0.02354593858910603,0.01349562207578181,-199.9865043779243,0.013495622075781838,197.9353232336814,502.86182288802974,0.4688850917164843,351.04736542946523,395.2736592137412,-2.3100052879600823,446.0832099028389,199.26524564471595,1.250278125843747,499.17355459131346,46.48200482271682,3.413089055736589,2.328989259028166,-197.25548302355662,3.808702513861057,-0.2879038295217249,-200.28790382952175,-0.28790382952172483,-0.3164506287386142,-200.3164506287386,-0.31645062873861424,-0.08321025990717172,-200.08321025990716,-0.08321025990717175,-0.039391002567703365,-200.0393910025677,-0.039391002567703365,-148.6775165936331,-90.70364273702432,0.8058761579583352,-148.7892972437521,-440.8154233871433,0.6940955078393178,-148.73671442404105,-890.7628405674324,0.7466783275503495,-0.3927965821661574,-200.39279658216617,-0.3927965821661574,151.13656291898852,-108.65832492672929,1.1067931557881,150.87144378643333,-458.9234440592845,0.8416740232328879,150.53401595848123,-909.2608718872367,0.5042461952807962,-0.04413613833075983,-200.04413613833077,-0.044136138330759744
250,2.5,0.49676538870591075,700.4967653887061,0.49676538870591086,0.1957886308995242,550.1957886308995,0.19578863089952434,-0.04782394645095095,299.9521760535491,-0.04782394645095086,-0.5669254776401812,399.43307452235996,-0.5669254776401813,0.7820538026405444,200.78205380264052,0.7820538026405446,-0.17694624775568774,99.82305375224433,-0.17694624775568774,-1.022154283762775,999.8772066142471,-0.7588756261090981,-200.92734933847393,503.4302582555615,1.0722543791376564,-351.3098149842481,405.0937509976581,-1.2629402078069143,-446.94288019024276,194.0253479094141,0.7457247184168836,-496.52554748467526,56.316916788945505,-0.40116077983752807,4.245062231708114,-205.52360904653955,-0.9802801124994344,-0.2234269015381256,-200.22342690153815,-0.2234269015381256,0.23623722230829497,-199.76376277769168,0.23623722230829491,-0.04795796271204897,-200.04795796271205,-0.04795796271204897,0.07318387060691006,-199.9268161293931,0.07318387060691015,198.04742139299503,503.01944341094963,0.6614395345257532,351.4844597926845,395.6282061816589,-2.052337076791879,446.3925907903854,199.30543437636973,1.390453179484949,499.0898424737027,46.89184293653862,3.5556338531530205,2.7077619497403784,-197.38761566980767,3.940788841561444,-0.0590920151158032,-200.05909201511582,-0.0590920151158031,-0.1826770782921015,-200.1826770782921,-0.18267707829210153,0.036291634580940535,-199.96370836541905,0.03629163458094051,-0.019998606226567253,-200.01999860622655,-0.01999860622656724,-148.4702253518472,-90.38732789951692,1.266495990499135,-148.94485427683256,-440.8619568245023,0.7918670655137587,-148.71237142583038,-890.6294739735001,1.024349916515968,-0.13179300342460426,-200.1317930034246,-0.13179300342460426,151.37513932367693,-108.50647992467293,1.1118606660232122,150.98415914660154,-458.8974601017483,0.7208804889478463,150.72664109067716,-909.1549781576728,0.4633624330234596,0.0005168463735779338,-199.99948315362641,0.0005168463735780726
251,2.51,0.7114812452780176,700.711481245278,0.7114812452780176,0.4196394355995985,550.4196394355996,0.4196394355995986,0.1242280509242793,300.1242280509243,0.12422805092427933,-0.44919843314585106,399.55080156685426,-0.44919843314585106,1.0197851601968562,201.01978516019685,1.0197851601968564,-0.14169436674017083,99.85830563325982,-0.14169436674017089,-1.1622518914966908,999.7256433713237,-0.9090456768635731,-200.69558246411168,503.7441508913415,1.4238787925490102,-351.4341731541426,405.0533330447346,-1.0259913519916095,-446.8560749998422,193.87235293957377,0.769927901308636,-496.52457017234724,56.50821888094246,-0.3921949386315096,4.369948360622556,-205.40503039465,-0.9909938464070451,0.06694478194385065,-199.93305521805615,0.06694478194385067,0.332274189162481,-199.6677258108375,0.332274189162481,0.03374542644472793,-199.96625457355526,0.03374542644472797,0.18170626829678557,-199.81829373170325,0.18170626829678563,198.1834211782484,503.194241500743,0.8739694019505293,351.9681710187618,396.04084434692203,-1.7368403825276828,446.7884619882826,199.4161173126538,1.5971306874062916,499.12821984550203,47.416090415616736,3.787885609911109,3.010487755046601,-197.58823207443282,3.9931534064049643,0.24372699189421143,-199.75627300810578,0.24372699189421154,-0.03042419852332985,-200.03042419852332,-0.030424198523329796,0.17504041947085153,-199.82495958052914,0.17504041947085153,0.10811646469132322,-199.8918835353087,0.10811646469132324,-148.35464023085595,-90.17126404871013,1.6355722971150315,-149.08021636042704,-440.89684017828125,0.9099961675439308,-148.68672657988031,-890.5033503977345,1.3034859480906598,0.2144517150376869,-199.78554828496232,0.21445171503768695,151.62220733869347,-108.33695936909314,1.1255823814562502,151.10869956503947,-458.8504671427471,0.6120746078022485,151.01155122243222,-908.9476154853544,0.5149262651949641,0.11167481498626233,-199.8883251850137,0.11167481498626247
252,2.52,0.8562777252631553,700.8562777252632,0.8562777252631553,0.6164920631052742,550.6164920631053,0.6164920631052743,0.4065950428659507,300.40659504286594,0.40659504286595083,-0.14650841611298906,399.85349158388715,-0.146508416112989,1.187215761420369,201.18721576142033,1.1872157614203696,0.028943360773046038,100.02894336077301,0.02894336077304597,-1.3094550501662057,999.5666568809128,-1.066481370854204,-200.55149250539188,503.9644127734797,1.684644412556294,-351.56838932692153,404.983736903612,-0.8028562528064076,-446.6696320631484,193.84037398042852,0.9025138531694179,-496.604427884767,56.62202518350649,-0.43686498961397663,4.337923530022043,-205.40196066850214,-1.120062472605896,0.35275683837597505,-199.64724316162403,0.352756838375975,0.42718768442434824,-199.57281231557562,0.4271876844243482,0.1811738797983605,-199.81882612020166,0.18117387979836055,0.333456490512667,-199.66654350948738,0.333456490512667,198.31699028774395,503.35984353095,1.0800751700265199,352.4894767531197,396.5032615595138,-1.3717643200670988,447.2160777570988,199.5431929746868,1.816226387052998,499.23523119716384,47.99873626010551,4.054660254562359,3.2530172787199305,-197.83869446992645,3.9838728496690217,0.5532432098112059,-199.44675679018877,0.553243209811206,0.12461528912146082,-199.87538471087856,0.12461528912146089,0.31535254314194133,-199.68464745685804,0.3153525431419414,0.32540184227061636,-199.6745981577294,0.32540184227061636,-148.38479712121904,-90.10985332910343,1.8583190528416345,-149.20188256586118,-440.9269387737456,1.0412336081995077,-148.67990145210058,-890.404957659985,1.5632147219601138,0.5441866482231047,-199.45581335177695,0.5441866482231048,151.8389785651261,-108.18818908914741,1.1099150324414029,151.2578366957114,-458.7693309585621,0.528773163026727,151.31378820921148,-908.7133794450622,0.58472467652681,0.23867560713966757,-199.76132439286033,0.2386756071396677
253,2.53,0.8482218974448692,700.8482218974449,0.8482218974448692,0.6890885240388851,550.6890885240389,0.6890885240388852,0.6355806209026722,300.63558062090266,0.6355806209026723,0.25870616354287884,400.258706163543,0.258706163542879,1.1922560027275688,201.1922560027275,1.1922560027275688,0.28298983158039237,100.28298983158032,0.28298983158039237,-1.4079804912953242,999.4560323668111,-1.1753968628524103,-200.60797192634584,503.97805605919154,1.7415346383413333,-351.7823262529122,404.8145541156117,-0.6646744265497537,-446.3693308505676,193.94454037094815,1.1580788245194735,-496.7567980027005,56.66486589290018,-0.5276621582338007,4.221708606947255,-205.4419850437659,-1.2942814649167391,0.5615183267311016,-199.43848167326894,0.5615183267311016,0.489543203930923,-199.5104567960691,0.48954320393092293,0.3628989384849941,-199.63710106151507,0.3628989384849941,0.47281887473078665,-199.5271811252693,0.47281887473078676,198.38807044881162,503.4561585740852,1.2196371532349537,352.97159140608505,396.93935100269977,-1.0331622327406138,447.58798674644356,199.59991947220914,1.9610256670535549,499.3094592599679,48.53594640902543,4.253063027795857,3.4788832059355213,-198.09280399764162,3.958666911175123,0.7477251919970175,-199.25227480800302,0.7477251919970176,0.2642627127954748,-199.73573728720456,0.26426271279547486,0.4128845089424692,-199.58711549105755,0.41288450894246925,0.5580930265651228,-199.44190697343493,0.5580930265651228,-148.54944830751873,-90.19220419323744,1.9452361769357964,-149.31810326481403,-440.9608591505328,1.1765812196404866,-148.72613440484483,-890.3688902905637,1.7685500796096851,0.7892596370680118,-199.21074036293203,0.7892596370680119,151.98316190587357,-108.10210792462057,1.0233101645332372,151.4317392231773,-458.65353060731684,0.4718874818369505,151.5366863656332,-908.5485834648609,0.5768346242928419,0.31656076680690126,-199.68343923319313,0.3165607668069013
254,2.54,0.6984373028354893,700.6984373028355,0.6984373028354893,0.5936293152432621,550.5936293152432,0.5936293152432623,0.6723389476671306,300.6723389476671,0.6723389476671306,0.6077663731383388,400.60776637313836,0.6077663731383388,1.023086622842907,201.02308662284287,1.0230866228429072,0.5366402523823666,100.53664025238227,0.5366402523823666,-1.4092501175598484,999.4423499945503,-1.1872114052522733,-200.90018360992931,503.7498301384645,1.5592672609662082,-352.0876561049144,404.5336286675997,-0.6243691061426261,-446.0353947152105,194.1054739991543,1.4567386473245083,-496.95868237714956,56.65784059881266,-0.642603007943958,4.108922499066703,-205.43805701013844,-1.425851365494695,0.6608750016587119,-199.33912499834133,0.6608750016587119,0.4453829931535124,-199.5546170068465,0.4453829931535125,0.5588795858766853,-199.44112041412336,0.5588795858766853,0.5162039194786775,-199.4837960805214,0.5162039194786774,198.35706767013613,503.4435686998314,1.2530058223331535,353.32604996880866,397.2612915455948,-0.8088110246986713,447.8010293933721,199.4839101027325,1.9291784449544027,499.23252980518646,48.9070856737784,4.263507212777441,3.7008144325458305,-198.33530568266536,3.9323938982504947,0.7302300379139347,-199.26976996208612,0.7302300379139349,0.37009866394780533,-199.62990133605223,0.3700986639478054,0.4077782153665701,-199.59222178463347,0.4077782153665701,0.7006344679341091,-199.29936553206596,0.7006344679341092,-148.79697786511667,-90.36704536136867,1.9471965410387184,-149.44212524024098,-441.01219273649303,1.3020491659144016,-148.87523317691466,-890.4453006731667,1.868941229240721,0.9273851956433841,-199.07261480435665,0.9273851956433843,152.04067533276145,-108.09245739520651,0.8524235019909367,151.60138573861366,-458.53174698935436,0.4131339078431322,151.63451240647208,-908.4986203214959,0.4462605757015599,0.3151910860800934,-199.68480891391994,0.3151910860800935
255,2.55,0.48162760550615347,700.4816276055062,0.4816276055061535,0.366059944868382,550.3660599448683,0.3660599448683821,0.4970469458536618,300.49704694585364,0.49704694585366194,0.7683794773547779,400.76837947735476,0.7683794773547781,0.7636558615789585,200.7636558615789,0.7636558615789586,0.7094024290982266,100.70940242909813,0.7094024290982266,-1.295133460900319,999.5437424129,-1.0837918068681933,-201.34248292111718,503.36529969623416,1.2233725480292963,-352.45329839281385,404.1716216616412,-0.6520805486019849,-445.7888701033188,194.2029066988024,1.6777477788839792,-497.23662852829386,56.5724146042088,-0.8094384860250519,4.007119201295945,-205.3834562584011,-1.5073399551082953,0.6702067891975726,-199.3297932108025,0.6702067891975726,0.2451728194055391,-199.7548271805945,0.2451728194055392,0.7245465510089166,-199.2754534489912,0.7245465510089166,0.4015134307830629,-199.59848656921707,0.40151343078306295,198.24293746762595,503.3410142355333,1.1990870873284658,353.51438942804003,397.4312258033933,-0.7365327380771934,447.8046268680793,199.1454202386961,1.6709853086526072,498.94916484713167,49.054786588241456,4.029779213229761,3.8712268236407144,-198.6114154680499,3.859523592831515,0.5030541447384084,-199.49694585526169,0.5030541447384085,0.4259118357507372,-199.57408816424936,0.4259118357507372,0.259548275291633,-199.7404517247084,0.25954827529163327,0.666049636661793,-199.3339503633383,0.6660496366617932,-149.08574054960542,-90.59306329387987,1.9051094683811345,-149.59901085400574,-441.10633359828023,1.3918391639808299,-149.15815076715535,-890.6654735114299,1.8326992508311917,0.9403066619104712,-199.05969333808957,0.9403066619104714,152.03076311270334,-108.13966589062264,0.6172297866525391,151.69964736794918,-458.4707816353768,0.28611404189839484,151.62806439603938,-908.5423646072867,0.21453106998858848,0.2414204889665113,-199.75857951103356,0.24142048896651147
256,2.56,0.2554356262625123,700.2554356262625,0.2554356262625125,0.10281360931180852,550.1028136093119,0.10281360931180866,0.21287823666123243,300.2128782366612,0.2128782366612325,0.7041593518123466,400.70415935181234,0.7041593518123466,0.5176669521398216,200.5176669521398,0.517666952139822,0.7766991303770141,100.77669913037695,0.7766991303770141,-1.0955531366746436,999.7302892992939,-0.8950578878025182,-201.78283935379412,502.97642318085354,0.8857717374415032,-352.837760875214,403.76967276571645,-0.7075024728073748,-445.69664155640316,194.17066207333133,1.75448270958216,-497.6414874601943,56.35567965352621,-1.0803981106103302,3.868310825226665,-205.32725850823385,-1.5871560105849067,0.6360795133165674,-199.36392048668353,0.6360795133165675,-0.06139700132823882,-200.06139700132832,-0.061397001328238734,0.7956202398184242,-199.20437976018167,0.7956202398184242,0.14744572725423644,-199.85255427274583,0.14744572725423652,198.1065580176517,503.20936694276554,1.118715499353552,353.5850980243992,397.4982061646979,-0.767248117635932,447.65006567188107,198.63662961382119,1.2386790363149671,498.537854988096,49.055635785692175,3.629720605412736,3.940362617690516,-198.96869714590582,3.692259765371391,0.1688520680386223,-199.83114793196145,0.16885206803862243,0.4395689690289984,-199.56043103097107,0.4395689690289985,0.0032148341476643215,-199.99678516585237,0.003214834147664396,0.4427681410652027,-199.55723185893487,0.4427681410652028,-149.40348138391886,-90.85832038704555,1.830503510990515,-149.80071533745692,-441.25555434058367,1.433269557452478,-149.52182247449582,-890.9766614776227,1.7121624204135535,0.8106830292612698,-199.18931697073882,0.8106830292612701,151.98226969978555,-108.21457616902462,0.3472943071319311,151.67380102891292,-458.52304483989735,0.03882563625927132,151.5880875660471,-908.6087583027632,-0.0468878266065266,0.1311862437906015,-199.86881375620948,0.13118624379060173
257,2.57,0.03519617296528088,700.0351961729652,0.03519617296528099,-0.08615271083461887,549.9138472891653,-0.08615271083461873,-0.04395302097718698,299.9560469790228,-0.04395302097718684,0.46376525794405565,400.4637652579441,0.46376525794405576,0.322141656162848,200.32214165616284,0.3221416561628482,0.7770706466287003,100.77707064662866,0.7770706466287003,-0.879755437065066,999.9327467659591,-0.6902530735975944,-202.10329655580452,502.70109288432405,0.6643171457718711,-353.1959560831771,403.37258581970684,-0.7466942592361212,-445.73349668976186,194.0345875751177,1.712375557362245,-498.16636777390084,56.012419219658355,-1.4501291193837145,3.6685487698541186,-205.2947451810934,-1.6899625316969353,0.5874018017213178,-199.41259819827872,0.5874018017213178,-0.34265815141220224,-200.34265815141225,-0.3426581514122021,0.7448128712207707,-199.25518712877928,0.7448128712207707,-0.14034807637808477,-200.14034807637813,-0.14034807637808466,198.00239112985798,503.1030910021437,1.0663152635915105,353.64818850539694,397.5727649515642,-0.7904059995694643,447.457589851741,198.07873198013147,0.7535134699028694,498.17977805876177,49.08910494295117,3.2441542233223917,3.9270032574479625,-199.38636427106857,3.4512372189028495,-0.139854089623497,-200.13985408962355,-0.13985408962349688,0.4378457540291115,-199.56215424597093,0.4378457540291115,-0.23945609479742153,-200.23945609479748,-0.23945609479742153,0.10548434236443563,-199.89451565763562,0.10548434236443577,-149.74635055618666,-91.15926851081635,1.7265138838260605,-150.01290311788702,-441.4258210725168,1.4599613221256922,-149.8399896494163,-891.2529076040462,1.6328747905963954,0.5713686914255843,-199.42863130857447,0.5713686914255844,151.9073620844512,-108.3047243669672,0.05549291750352653,151.54743085582783,-458.66465559559066,-0.3044383111198617,151.59327606078602,-908.6188103906325,-0.2585931061615974,0.030058740318316624,-199.96994125968172,0.030058740318316818
258,2.58,-0.18987478135282054,699.8101252186472,-0.18987478135282043,-0.1293184239775411,549.8706815760224,-0.12931842397754095,-0.19505801283288607,299.8049419871671,-0.19505801283288593,0.13705163769947906,400.1370516376995,0.13705163769947906,0.14086705948023293,200.14086705948029,0.140867059480233,0.7474385746068772,100.74743857460689,0.7474385746068772,-0.7156463158014581,1000.0832113746901,-0.5372803807340265,-202.28032536791284,502.5627819983835,0.5824392552344919,-353.4803875947771,403.0276444480968,-0.723263066326794,-445.8176616655527,193.87701633374803,1.633377337624887,-498.720211611589,55.631552641978175,-1.8292562610343492,3.4229376538012533,-205.2723783780147,-1.8016548777540682,0.508104853285793,-199.49189514671423,0.508104853285793,-0.4840541783833287,-200.48405417838336,-0.4840541783833287,0.6094690333896697,-199.39053096661036,0.6094690333896698,-0.33786283765836356,-200.33786283765835,-0.33786283765836345,197.93991731522476,503.03167808203114,1.0513353388821733,353.7817087150481,397.7334220679736,-0.7274751712598924,447.34567943101433,197.59121074351964,0.33503835387377534,498.023844890424,49.30260703044305,3.0219350376751093,3.8939940605708636,-199.7997685254943,3.2010319069855107,-0.34084187696144685,-200.34084187696146,-0.34084187696144674,0.41336196560052374,-199.58663803439953,0.41336196560052385,-0.34250490806659684,-200.34250490806664,-0.34250490806659684,-0.23283886452564082,-200.2328388645257,-0.23283886452564068,-150.0854305139623,-91.46727477973181,1.6213576623362527,-150.17019392354638,-441.5520381893159,1.5365942527522023,-150.02118393318338,-891.4030281989528,1.6856042431151925,0.3141928624899142,-199.6858071375101,0.31419286248991435,151.7982941079926,-108.41757700722118,-0.2652259384408319,151.41355505978436,-458.8023160554295,-0.6499649866490567,151.67614562141316,-908.5397254938007,-0.3873744250202513,-0.046019824573093476,-200.04601982457308,-0.04601982457309328
259,2.59,-0.4381380817839756,699.5618619182161,-0.4381380817839755,-0.024880006790463677,549.9751199932097,-0.02488000679046358,-0.22859845400040346,299.77140154599965,-0.22859845400040335,-0.16957147396471917,399.8304285260353,-0.16957147396471928,-0.06558736061243596,199.93441263938763,-0.06558736061243588,0.6716757394439679,100.67167573944403,0.6716757394439679,-0.6340133829292733,1000.1508981415393,-0.46692441220326636,-202.36238388930803,502.5129846336747,0.5915867665164314,-353.65650830186297,402.76925542904553,-0.6037181201342976,-445.8548127502596,193.79275315447074,1.6119453248829694,-499.19517342431675,55.31877694104615,-2.1117433797455547,3.1482104672477895,-205.24521280074103,-1.9067754352600081,0.3711169721616267,-199.62888302783836,0.3711169721616269,-0.4630032616550551,-200.46300326165505,-0.4630032616550551,0.4509651580010969,-199.5490348419989,0.45096515800109693,-0.37668144192943936,-200.3766814419294,-0.3766814419294393,197.88559255128217,502.9616040930398,1.0402062258816016,353.97079578889554,397.9657364188637,-0.5928924224834522,447.37693161500647,197.23771714563026,0.046976710543983,498.0794061799887,49.70421174787232,2.9726597330620854,3.8675509124419247,-200.18110424728582,2.9694544262671916,-0.4299980142011543,-200.42999801420115,-0.42999801420115424,0.31394083867772693,-199.68605916132228,0.3139408386777269,-0.27209814295334567,-200.27209814295333,-0.27209814295334567,-0.4812697701227313,-200.48126977012276,-0.48126977012273126,-150.35621867666367,-91.71810298416163,1.5788533138668777,-150.22279318064602,-441.58467748814405,1.7122788098845358,-150.080884892534,-891.4427692000319,1.8541870979965784,0.13174940162329676,-199.86825059837668,0.13174940162329676,151.66017292583763,-108.54776581560155,-0.6090770061449547,151.369884472861,-458.8380542685782,-0.8993654591215676,151.80559143066242,-908.4023473107768,-0.4636585013201723,-0.11913939215767211,-200.11913939215765,-0.11913939215767194
260,2.6,-0.7013851027019432,699.2986148972982,-0.7013851027019431,0.16100589171397583,550.1610058917141,0.16100589171397595,-0.15544695327238847,299.8445530467277,-0.15544695327238833,-0.35903527763148835,399.6409647223685,-0.3590352776314884,-0.2751819358929003,199.72481806410718,-0.27518193589290024,0.511792296831954,100.511792296832,0.511792296831954,-0.6295668352609479,1000.1410996057817,-0.47389228879308964,-202.40012169516865,502.50101167635154,0.6410224917753683,-353.71665046951523,402.6050200113345,-0.38139699227694335,-445.76443026908316,193.8627183843888,1.7286881990996736,-499.5463358425669,55.116871844050706,-2.254591237316538,2.8502562175717725,-205.2093534544921,-2.000973640537557,0.20658406650466038,-199.7934159334953,0.20658406650466052,-0.342590424870612,-200.3425904248706,-0.3425904248706121,0.3052754009041159,-199.69472459909588,0.305275400904116,-0.2636061573717359,-200.2636061573717,-0.2636061573717359,197.81028186633722,502.8637627501886,1.003773565612477,354.15930331040107,398.2139304683817,-0.4424374221950436,447.53102673746434,196.99903296828245,-0.12981326793556797,498.24305694962123,50.189456583200865,2.9934714483473863,3.8223996737230492,-200.55427834433473,2.732677680947104,-0.44636518062174224,-200.44636518062168,-0.44636518062174224,0.11770278996360561,-199.88229721003637,0.1177027899636055,-0.08920258119389199,-200.0892025811939,-0.08920258119389202,-0.5999495544573059,-200.59994955445728,-0.5999495544573058,-150.4943049114898,-91.84758983235783,1.6627454100907046,-150.1511485274968,-441.5044334483648,2.005901794083733,-150.0884074729629,-891.441692393831,2.068642848617599,0.07126062166899322,-199.928739378331,0.07126062166899323,151.55415425909217,-108.63389370212514,-0.9142451554240316,151.4535093456541,-458.7345386155632,-1.014890068862115,151.91846715113329,-908.2695808100841,-0.549932263382934,-0.20374946155944923,-200.20374946155943,-0.20374946155944906
261,2.61,-0.9111473560933746,699.0888526439068,-0.9111473560933747,0.3295113111036258,550.3295113111037,0.3295113111036259,0.005159134248365338,300.0051591342485,0.005159134248365491,-0.37396285526812534,399.62603714473187,-0.37396285526812545,-0.4078109897694436,199.59218901023064,-0.4078109897694435,0.2797650403750123,100.27976504037505,0.2797650403750122,-0.6852199166844245,1000.0709053689864,-0.5410941102593982,-202.39573661809715,502.5246340701999,0.7284666758530176,-353.67774146727936,402.51801929306714,-0.07417775897770715,-445.51935612860075,194.11438848417413,2.0108078100703914,-499.79222829547575,55.00520218494335,-2.2783373904523727,2.539814860132472,-205.15624446797045,-2.07529668123724,0.10639305711003344,-199.89360694288993,0.1063930571100335,-0.20742731188741745,-200.2074273118874,-0.20742731188741756,0.1830198151282136,-199.81698018487174,0.1830198151282136,-0.05859392612997496,-200.05859392612993,-0.05859392612997491,197.73454793824936,502.7587541382826,0.9625867439358171,354.3350990989681,398.4661856196647,-0.2879367415141039,447.72802956327695,196.7963683867136,-0.2740411809865421,498.40428197400183,50.64699682130574,2.9747030366314196,3.740275533938463,-200.93641829070137,2.4737260408244035,-0.4169557409014555,-200.4169557409014,-0.41695574090145554,-0.11545644707768749,-200.11545644707763,-0.11545644707768749,0.12064610978351703,-199.87935389021646,0.12064610978351699,-0.5890566518488493,-200.58905665184884,-0.5890566518488493,-150.49193979884234,-91.84821203440407,1.8801384870614297,-149.95525119415507,-441.31152342971683,2.4168270917486865,-150.0712740123421,-891.4275462479038,2.3008042735616927,0.13464234624181348,-199.86535765375817,0.13464234624181343,151.58524321554017,-108.57073512023942,-1.0750866832136468,151.6174242638267,-458.53855407195294,-1.042905634927107,151.9704279178609,-908.1855504179188,-0.6899019808929456,-0.2683173909936132,-200.2683173909936,-0.26831739099361296
262,2.62,-0.9602625850300148,699.0397374149701,-0.9602625850300149,0.4055816982992936,550.4055816982993,0.40558169829929364,0.20632650024422897,300.20632650024436,0.2063265002442291,-0.1900615585385096,399.80993844146155,-0.19006155853850967,-0.3799734222123107,199.62002657778777,-0.37997342221231056,0.06967876772580807,100.06967876772583,0.069678767725808,-0.7907345709284236,999.9505564415886,-0.6582886089837229,-202.30499753055312,502.6280600870423,0.898074308441785,-353.56978074618706,402.47833808207076,0.28704737192223045,-445.18131296901623,194.48627525211344,2.396579502465085,-499.95452806881923,54.96003779740631,-2.206737989544324,2.2349163972617907,-205.0702122881599,-2.113734125381791,0.14254851044017575,-199.85745148955982,0.14254851044017572,-0.09888439372670621,-200.09888439372668,-0.09888439372670638,0.10339926215698386,-199.89660073784296,0.1033992621569838,0.16930025385609532,-199.83069974614386,0.16930025385609532,197.71784738527077,502.70608095806335,0.976095179462859,354.5352744636123,398.75984926149454,-0.0920561806149856,447.9071012363577,196.57007027247386,-0.4452769298570525,498.5134462123401,51.026598510889684,2.8678628856973507,3.645680185483424,-201.30212027824075,2.2182239426328536,-0.3397429120384311,-200.3397429120384,-0.3397429120384312,-0.2882350913557978,-200.28823509135574,-0.28823509135579783,0.30850118429427265,-199.6914988157057,0.30850118429427265,-0.4625290648388772,-200.46252906483883,-0.46252906483887724,-150.4101886408962,-91.78123918658099,2.169345092100194,-149.6710664998579,-441.0421170455427,2.9084672331385004,-150.00016738975904,-891.3712179354438,2.5793663432373672,0.28507606013348386,-199.71492393986648,0.28507606013348374,151.8194539141914,-108.29207756515768,-1.0249717426944052,151.77875556140364,-458.33277591794547,-1.0656700954821474,151.97775342296322,-908.133778056386,-0.86667223392258,-0.2474546556647711,-200.24745465566474,-0.247454655664771
263,2.63,-0.7877253150946162,699.2122746849055,-0.7877253150946162,0.36845751235695995,550.368457512357,0.36845751235696,0.38758430818629835,300.38758430818643,0.3875843081862984,0.1881786459573898,400.18817864595735,0.18817864595738973,-0.16174132144738623,199.8382586785527,-0.16174132144738618,0.008034627095564406,100.00803462709555,0.008034627095564295,-0.939542369258177,999.7866243144952,-0.8189040785898786,-202.09072145701685,502.84845825661034,1.186958098350806,-353.4292445398478,402.44966075471496,0.6649704757273991,-444.87167441642316,194.8571542371635,2.764581534256038,-500.03392036917955,54.978714141500575,-2.0426082456100163,1.945890117928216,-204.94343743042697,-2.1081906523843026,0.2978882394191426,-199.70211176058083,0.29788823941914255,-0.0063271318347850325,-200.00632713183472,-0.006327131834785185,0.10093248112863137,-199.8990675188713,0.10093248112863137,0.3829752546902405,-199.61702474530972,0.3829752546902405,197.80275268518199,502.74837038941587,1.0868702311563674,354.7840992986044,399.11938786871656,0.16965298420055513,448.0806688639368,196.33378794987746,-0.629785769140043,498.57560191144114,51.332946045574786,2.67943498944949,3.5773253830221634,-201.61200892334432,2.005832559262117,-0.21465060826319915,-200.21465060826316,-0.2146506082631992,-0.3391387002416061,-200.33913870024156,-0.3391387002416062,0.46913757114846255,-199.5308624288515,0.46913757114846255,-0.24696642450758627,-200.24696642450755,-0.24696642450758632,-150.33003668284056,-91.72783793034282,2.4487825410919672,-149.39505397108235,-440.7928552185846,3.383765252850215,-149.85764566264757,-891.2554469101499,2.9211735612849585,0.44746779007202586,-199.55253220992796,0.44746779007202564,152.21278236019424,-107.84174975981023,-0.8073134450748842,151.90207733537744,-458.152454784627,-1.1180184698916626,152.00894866843097,-908.0455834515735,-1.0111471368381622,-0.08406137394814112,-200.0840613739481,-0.08406137394814106
264,2.64,-0.4577563989631674,699.542243601037,-0.45775639896316744,0.22386402003234585,550.2238640200324,0.22386402003234587,0.516523274879223,300.5165232748793,0.5165232748792231,0.6701583342656235,400.67015833426564,0.6701583342656235,0.17889175320393957,200.178891753204,0.17889175320393963,0.1404780158525194,100.14047801585247,0.14047801585251934,-1.1008148058876135,999.6099406629324,-0.9921086703054907,-201.79936700723255,503.13936396446354,1.5485951184130216,-353.313334542403,402.3750228563948,1.0016221036056208,-444.6942838881493,195.12324489398782,3.01087613780739,-500.0558952493112,55.033855619027676,-1.8135996010124011,1.659458620727408,-204.79184030525116,-2.0743724041522396,0.4800006393222248,-199.5199993606778,0.4800006393222248,0.0779876603217969,-199.9220123396782,0.07798766032179671,0.17470997274431177,-199.82529002725568,0.17470997274431177,0.5648638471501056,-199.43513615284988,0.5648638471501056,197.9697771707965,502.8661990197719,1.2754301737213538,355.0456436339898,399.5090067790889,0.46137445264871374,448.2883439729658,196.12838765515113,-0.7866146467861533,498.60488105404295,51.58003304131968,2.4252619891142175,3.537176251569071,-201.86369514854815,1.8392879436936402,-0.07407985459394015,-200.0740798545939,-0.07407985459394026,-0.27805856470742896,-200.2780585647074,-0.27805856470742907,0.5932079268652886,-199.40679207313468,0.5932079268652886,-0.007018702658373399,-200.0070187026584,-0.007018702658373399,-150.31265562408575,-91.74933746765356,2.6567083022663733,-149.26715258830757,-440.70383443187546,3.7022113380445245,-149.6972863918478,-891.1339682354158,3.2720775345042803,0.531729956197544,-199.46827004380242,0.5317299561975437,152.62280052515422,-107.36202856891789,-0.56397567236213,152.01051576118573,-457.9743133328864,-1.1762604363306242,152.1027898711635,-907.8820392229086,-1.0839863263528418,0.2140925078916212,-199.78590749210835,0.21409250789162124
265,2.65,-0.14957410187713605,699.8504258981229,-0.14957410187713616,-0.02972563729686134,549.9702743627032,-0.02972563729686134,0.5828626535544648,300.5828626535545,0.5828626535544648,1.0509748368185825,401.05097483681857,1.0509748368185825,0.46934527347095584,200.469345273471,0.4693452734709559,0.35533685696971923,100.35533685696963,0.35533685696971923,-1.1962501763231042,999.4988104673241,-1.0995972722832135,-201.5863508071635,503.3453630412637,1.8275104443003007,-353.3184249335505,402.1583640705943,1.199926873007641,-444.6985465396878,195.2351178964248,3.0859176366456813,-500.10859236583735,55.03555042000394,-1.610024755407844,1.327295722181709,-204.66650219314545,-2.063208027494466,0.5806040018894452,-199.4193959981106,0.5806040018894452,0.11482945169992967,-199.88517054830007,0.11482945169992952,0.23886380812351202,-199.7611361918765,0.23886380812351202,0.6576280204683447,-199.34237197953166,0.6576280204683446,198.1386016613838,502.97931939734144,1.4614668003780666,355.2248744474989,399.83374546198496,0.6881228638937672,448.5078116506372,195.93283752444103,-0.9367080028768497,498.5881663420577,51.754829725891966,2.0942044384246157,3.466596636799255,-202.11562994683646,1.6605429683419917,0.019055733512383245,-199.98094426648765,0.019055733512383148,-0.183258888217125,-200.18325888821713,-0.18325888821712505,0.6186293325708282,-199.38137066742917,0.6186293325708282,0.15999395375987918,-199.84000604624012,0.1599939537598792,-150.4108635988044,-91.89868861626672,2.739761820758007,-149.41531169027107,-440.90313670773344,3.7353137292913434,-149.62829561321075,-891.1161206306731,3.5223298063516717,0.4755068138579587,-199.52449318614208,0.47550681385795845,152.88670931542322,-107.0155869544086,-0.45722191221895947,152.10699135042915,-457.7953049194027,-1.2369398772130649,152.1923643421259,-907.7099319277061,-1.151566885516298,0.5287316300099186,-199.47126836999007,0.5287316300099186
266,2.66,-0.037455016947573305,699.9625449830525,-0.037455016947573416,-0.3743674642834486,549.6256325357165,-0.37436746428344864,0.5583644323093437,300.55836443230936,0.5583644323093436,1.1304277394423563,401.1304277394423,1.1304277394423563,0.5238049035670721,200.5238049035671,0.523804903567072,0.4545032533864799,100.45450325338638,0.45450325338647996,-1.1348047943367816,999.5442807955018,-1.0503227275793607,-201.61818743472475,503.29995183629774,1.8571372800967896,-353.538315352446,401.70627495292047,1.1654528449446901,-444.8877167130041,195.18940725344936,2.9862652588243686,-500.30243262493116,54.87173766327963,-1.5444697809794503,0.8831046548270818,-204.6365651448659,-2.143748187453778,0.5267781860941303,-199.47322181390592,0.5267781860941303,0.04795138347435089,-199.9520486165257,0.04795138347435075,0.16589554941200563,-199.83410445058803,0.1658955494120057,0.5553903812324938,-199.44460961876757,0.5553903812324938,198.21707967327603,502.9956651525349,1.5528505963340296,355.2168093455972,399.98862989472156,0.7448968836057032,448.6543570080161,195.66372976449776,-1.1633863698386597,498.4977950907628,51.82998126045683,1.6608307529952002,3.2815495360251985,-202.45190100986738,1.3859661088593411,0.0016187205285143058,-199.99838127947152,0.0016187205285141948,-0.15562900601444338,-200.15562900601446,-0.15562900601444338,0.4648169600992471,-199.53518303990077,0.46481696009924706,0.18550705101038847,-199.81449294898965,0.1855070510103885,-150.6660487864463,-92.21738656954685,2.656042617287075,-149.88650771319482,-441.4378454962954,3.435583690538545,-149.73743453616527,-891.288772319266,3.5846568675681194,0.26896529521988327,-199.73103470478014,0.2689652952198831,152.90727056815527,-106.89956282842121,-0.5837849690929393,152.13734397113043,-457.66948942544605,-1.3537115661177797,152.15640040428292,-907.6504329922935,-1.334655132965305,0.6711272449855907,-199.3288727550144,0.6711272449855906
267,2.67,-0.15268706242419067,699.8473129375759,-0.15268706242419083,-0.7212153006162407,549.2787846993838,-0.7212153006162406,0.4060528297005841,300.40605282970057,0.4060528297005841,0.8814903101424614,400.8814903101424,0.8814903101424614,0.2979282447003976,200.29792824470042,0.2979282447003976,0.33293053036497144,100.33293053036488,0.33293053036497156,-0.8980240491491596,999.7648097446677,-0.8258268923693715,-201.9120605064983,502.9859661290137,1.6202459243476914,-353.95988919295763,401.03233805694083,0.9107553076687397,-445.20651890036356,195.0411892162069,2.766962632602646,-500.68418980122385,54.49415357152548,-1.6658465870876498,0.30996795085714,-204.72185959915902,-2.335792349179145,0.31018876738747936,-199.68981123261256,0.31018876738747936,-0.12862090627476475,-200.12862090627482,-0.12862090627476483,-0.09503830205475178,-200.09503830205477,-0.09503830205475167,0.1936946928219838,-199.8063053071781,0.19369469282198376,198.17160250371467,502.8817159817435,1.5159957770775736,354.98949701710524,399.9416519570419,0.5996593216788216,448.6850272661392,195.2794383208273,-1.5081894558959108,498.34583503201185,51.81807605286842,1.139676945060742,2.958813990268793,-202.89601087743858,0.9925584469468605,-0.1399268092626687,-200.1399268092627,-0.13992680926266876,-0.24292302404693156,-200.24292302404695,-0.24292302404693156,0.1329996069805504,-199.8670003930195,0.1329996069805504,0.07651508104785927,-199.92348491895217,0.0765150810478593,-151.04705256404918,-92.67435327634581,2.436228743453996,-150.59011932471824,-442.2174200370149,2.8931619827849553,-150.01544347034962,-891.6427441826463,3.4678378371535707,-0.0431451180669275,-200.043145118067,-0.0431451180669275,152.69361276811574,-107.00475410722136,-0.9340628529470235,152.05895175903066,-457.6394151163065,-1.5687238620321091,151.9665983112793,-907.7317685640578,-1.661077309783457,0.5219039380718997,-199.4780960619281,0.5219039380718997
268,2.68,-0.36810670298677317,699.6318932970133,-0.3681067029867733,-0.9283954688882085,549.0716045311117,-0.9283954688882086,0.12820845218344015,300.12820845218346,0.12820845218344024,0.46611505557764876,400.46611505557763,0.46611505557764876,-0.06433881440111949,199.93566118559892,-0.06433881440111949,0.07137508372967007,100.07137508372962,0.0713750837296701,-0.5807556164168228,1000.0655532295137,-0.5209538479955578,-202.29410143340104,502.5773023605875,1.2906650585537427,-354.4192959541828,400.30094471831376,0.5991962259312692,-445.532302603434,194.9128275979599,2.550383583719745,-501.19451738574196,53.96082125860131,-1.9169011599508368,-0.30041538228819287,-204.83364430446107,-2.550627422925709,-0.011010399622512101,-200.0110103996226,-0.01101039962251213,-0.34998814304596104,-200.349988143046,-0.34998814304596115,-0.45304829623056697,-200.45304829623058,-0.45304829623056686,-0.34832209239719847,-200.34832209239727,-0.3483220923971984,198.05609535255496,502.6914936582201,1.4048563561862355,354.63414419549235,399.78389558599963,0.3434640193186358,448.66960956241365,194.85109215711935,-1.899903594631942,498.20889854013626,51.79645065476228,0.6100427784874262,2.5824530479603336,-203.3644020531289,0.5644234804816097,-0.33951505475204213,-200.3395150547521,-0.33951505475204236,-0.405751830220762,-200.40575183022082,-0.405751830220762,-0.26458648624260167,-200.26458648624265,-0.26458648624260167,-0.10950502746707623,-200.10950502746712,-0.10950502746707617,-151.42200881119794,-93.13777605518777,2.211738977470291,-151.3183169374408,-443.03408418143067,2.315430851227404,-150.35810210696917,-892.0738693509591,3.2756456816990385,-0.36219944737400145,-200.36219944737405,-0.3621994473740015,152.33631884669126,-107.24053160117973,-1.4170324788194986,151.90762657963535,-457.66922386823563,-1.845724745875388,151.74177652066012,-907.8350739272109,-2.011574804850622,0.14344187832545602,-199.8565581216746,0.14344187832545596
269,2.69,-0.5243202036095046,699.4756797963906,-0.5243202036095046,-0.9023381464795597,549.0976618535205,-0.9023381464795597,-0.21695938051589425,299.78304061948415,-0.2169593805158942,0.0862874284683714,400.0862874284683,0.08628742846837145,-0.36578539844982627,199.6342146015503,-0.36578539844982627,-0.16357990933718733,99.83642009066281,-0.16357990933718733,-0.32717422922144357,1000.302340210301,-0.2798746730430639,-202.54154887832686,502.296758152498,1.0911223250365123,-354.7041526613981,399.7250924835554,0.4427443348414535,-445.73273808632234,194.9362785087296,2.4685372338022886,-501.7083969448157,53.39561769102577,-2.1746440225280077,-0.7903321330758015,-204.81718547913113,-2.6336052176871423,-0.33935015480795955,-200.33935015480802,-0.33935015480795955,-0.5276485805232802,-200.52764858052333,-0.5276485805232803,-0.7378732390093657,-200.73787323900936,-0.7378732390093657,-0.8510625631847251,-200.85106256318477,-0.851062563184725,197.95939317653358,502.51393776490755,1.308301937445889,354.3162578987019,399.68067846526344,0.14159827593752966,448.72991199656155,194.5018516816759,-2.215286021731023,498.18314888242907,51.86218493897177,0.17097808438162587,2.27523480710513,-203.73502715194022,0.22419170955689582,-0.49972784219637967,-200.49972784219642,-0.49972784219637967,-0.5610995512246837,-200.56109955122474,-0.5610995512246837,-0.5930402643887329,-200.59304026438878,-0.5930402643887329,-0.3183356414751899,-200.31833564147522,-0.3183356414751899,-151.63859591274473,-93.45535899098041,2.1344822102607814,-151.86602224820777,-443.68278532644354,1.9070558747977109,-150.64763884850692,-892.4644019267428,3.1254392744986004,-0.5551629812596529,-200.5551629812597,-0.5551629812596529,151.95094708050624,-107.49131872030298,-1.9167301548560327,151.7773462616782,-457.664919539131,-2.0903309736840656,151.63305606091694,-907.8092097398923,-2.2346211744453073,-0.26062426318651866,-200.26062426318651,-0.2606242631865187
270,2.7,-0.548365443008685,699.4516345569915,-0.548365443008685,-0.6784444932953907,549.3215555067047,-0.6784444932953907,-0.530488474124196,299.4695115258759,-0.5304884741241959,-0.15348977093694288,399.846510229063,-0.15348977093694283,-0.5076728249959273,199.49232717500422,-0.5076728249959273,-0.2792770547809467,99.72072294521908,-0.2792770547809467,-0.23120150468790807,1000.381252865275,-0.19650727107148577,-202.55029029978277,502.2484907281061,1.1257028101181101,-354.6974218840857,399.4225056594116,0.5580983469830012,-445.73750553195237,195.18140199452856,2.591379887870846,-502.1182476645496,52.90517800387372,-2.3334427444023964,-1.0630553401807517,-204.5787341438906,-2.4911176507362516,-0.5714842948169828,-200.57148429481703,-0.5714842948169828,-0.6084615805420118,-200.60846158054204,-0.6084615805420118,-0.8232295424779297,-200.82322954247795,-0.8232295424779297,-1.0833128068791327,-201.08331280687918,-1.0833128068791322,197.93209163770277,502.399756510971,1.2769685929828951,354.17103548858154,399.76694179506694,0.1289733584877906,448.93192723264605,194.2990676542736,-2.3869066423800884,498.32245758036095,52.07024675336274,-0.12058152204716369,2.0915160538554036,-203.95445465119116,0.02590946257524135,-0.577628549588999,-200.577628549589,-0.577628549588999,-0.6452467477972044,-200.64524674779727,-0.6452467477972044,-0.774102023361343,-200.77410202336137,-0.7741020233613429,-0.5152555781814376,-200.51525557818144,-0.5152555781814376,-151.62655160217525,-93.5568372599273,2.2743438744945186,-152.13681248615387,-444.067098143906,1.7640829905158986,-150.82642369260532,-892.7567093503574,3.074471784064446,-0.5207989469384942,-200.52079894693853,-0.5207989469384942,151.64630567447972,-107.64831740769401,-2.323978269422887,151.7632411973134,-457.53138188486037,-2.2070427465892237,151.6897437277612,-907.6048793544126,-2.2805402161414348,-0.4919451885559785,-200.49194518855597,-0.4919451885559786
271,2.71,-0.45968095622814326,699.540319043772,-0.45968095622814326,-0.3930314678907304,549.6069685321092,-0.3930314678907304,-0.6987357048025713,299.3012642951975,-0.6987357048025711,-0.2610869806816433,399.7389130193184,-0.26108698068164327,-0.5017544542553491,199.49824554574485,-0.5017544542553491,-0.30260203218928,99.69739796781076,-0.30260203218927995,-0.295703399875231,1000.2994291337675,-0.27371382764547164,-202.3723594806417,502.3805193381455,1.3423515334659377,-354.4230057381701,399.37003959941353,0.9210938820931727,-445.54887075551636,195.6453874255986,2.9162405537606237,-502.3848523890632,52.52798173037684,-2.355931955705046,-1.161912665949064,-204.1645715593897,-2.169639662189322,-0.6329181101452173,-200.63291811014523,-0.6329181101452175,-0.5888012137550747,-200.58880121375506,-0.5888012137550747,-0.7030720814205029,-200.7030720814205,-0.7030720814205029,-0.9644636181924537,-200.96446361819247,-0.9644636181924537,197.97485329844037,502.3497327846112,1.3115649799315423,354.2374234294826,400.0813090254933,0.34418397231501097,449.2594599825799,194.22790391612958,-2.4295259437113104,498.61452381139054,52.40959710521987,-0.2737184241532646,2.0010398824434468,-204.05405896460366,-0.06115672140003496,-0.5984150802349422,-200.59841508023493,-0.5984150802349423,-0.6411290679411457,-200.64112906794116,-0.6411290679411457,-0.7768901780762532,-200.77689017807626,-0.7768901780762532,-0.6684110062399082,-200.66841100623992,-0.6684110062399083,-151.4143139268715,-93.47061766636071,2.6025461311421205,-152.13399770622178,-444.19030144571104,1.8828623517918774,-150.90152874558788,-892.9578324850772,3.1153313124257416,-0.2708789442719185,-200.27087894427194,-0.2708789442719185,151.51290864445022,-107.62105268334606,-2.54793055802293,151.91619426384506,-457.21776706395127,-2.1446449386280864,151.84423638633325,-907.289724941463,-2.216602816139881,-0.4672470288498136,-200.4672470288498,-0.46724702884981373
272,2.72,-0.3204361342630899,699.6795638657371,-0.3204361342630899,-0.18457485573831134,549.8154251442618,-0.1845748557383113,-0.6511091198655152,299.34889088013455,-0.6511091198655152,-0.3032431140568318,399.6967568859432,-0.3032431140568318,-0.40263625575992446,199.59736374424028,-0.40263625575992446,-0.3129524337813234,99.68704756621872,-0.3129524337813234,-0.4542506644769856,1000.1233022624547,-0.4450612642006764,-202.1394449975365,502.5612167346445,1.609364988063423,-353.9976185670844,399.4518060377925,1.414831422261229,-445.2250840114888,196.26935609417438,3.384423552709165,-502.52837611519726,52.243344863783314,-2.2640169629618097,-1.218676425840176,-203.7093767005405,-1.80409378491855,-0.5210158752367146,-200.52101587523674,-0.5210158752367147,-0.48949735564474006,-200.4894973556447,-0.48949735564474006,-0.47711810141491695,-200.47711810141487,-0.47711810141491695,-0.6216621372497502,-200.62166213724976,-0.6216621372497502,198.07180576532386,502.348122144628,1.3962703980469304,354.45799042783784,400.56595923698484,0.7293823738254286,449.6566827688199,194.2338883582353,-2.397544634212599,498.98357886057045,52.80587902283832,-0.36085309403645366,1.9474018527537449,-204.0915404029455,-0.09404568071897493,-0.5940644279092585,-200.59406442790925,-0.5940644279092585,-0.582345188288954,-200.58234518828897,-0.582345188288954,-0.6029856371602755,-200.60298563716026,-0.6029856371602754,-0.7449164987824584,-200.74491649878246,-0.7449164987824584,-151.08214987107934,-93.27690692943602,3.038520274023365,-151.90274196039832,-444.09749901875506,2.217928184704382,-150.91495380867067,-893.1097108670274,3.205716336432009,0.06101916431778205,-199.93898083568223,0.06101916431778211,151.58999505349098,-107.37035374201554,-2.5490538921643333,152.20156429078605,-456.75878450472044,-1.9374846548692792,151.9811245111565,-906.97922428435,-2.1579244344988084,-0.22501122140071472,-200.22501122140073,-0.22501122140071478
273,2.73,-0.20081506198217997,699.799184938018,-0.20081506198217997,-0.11993654399403691,549.8800634560059,-0.11993654399403691,-0.427278113710738,299.57272188628934,-0.4272781137107378,-0.3572640708206992,399.64273592917937,-0.3572640708206992,-0.274341369917972,199.7256586300822,-0.274341369917972,-0.3687312863376385,99.6312687136624,-0.36873128633763846,-0.6124473949597597,999.9472722501388,-0.6161497933732059,-201.96920796138176,502.6729913628507,1.8090734003198714,-353.56493139312715,399.5250263851618,1.89553219991022,-444.877384886802,196.94135802504718,3.884205223457216,-502.5904995909002,52.00929500035289,-2.100993737471151,-1.3413218251089025,-203.32396250990342,-1.5055831331578395,-0.3219720706267185,-200.3219720706267,-0.3219720706267185,-0.33670417128840213,-200.33670417128837,-0.33670417128840213,-0.2702208523346381,-200.2702208523346,-0.27022085233463794,-0.2907468867618175,-200.29074688676184,-0.2907468867618174,198.20968187956237,502.38179284862383,1.5178748860928852,354.71917843633435,401.1068786527182,1.1705306060284124,450.0605721356043,194.25534431521442,-2.3525728202993514,499.31525177432013,53.14626639608275,-0.49290414307934116,1.87847560004918,-204.12048424001705,-0.12566637143714005,-0.567380689824905,-200.5673806898249,-0.5673806898249051,-0.5399355841560092,-200.539935584156,-0.5399355841560091,-0.31771244237748897,-200.31771244237746,-0.31771244237748886,-0.7339432334617049,-200.73394323346167,-0.7339432334617048,-150.73287675622518,-93.07843284112354,3.479186229406661,-151.52454987372695,-443.87010595862535,2.6875131119049045,-150.9236953969684,-893.2692514818668,3.2883675886634185,0.30891121161633006,-199.6910887883837,0.3089112116163301,151.82732345297674,-106.94655975232197,-2.3773347358282333,152.49896780236784,-456.2749154029308,-1.7056903864370991,152.01556904594503,-906.7583141593536,-2.189089142859922,0.12679825186094992,-199.87320174813902,0.12679825186094987
274,2.74,-0.15359581169676456,699.8464041883034,-0.15359581169676456,-0.1809893662508668,549.8190106337493,-0.1809893662508668,-0.16650611514123856,299.83349388485885,-0.16650611514123848,-0.47301205624382564,399.52698794375624,-0.4730120562438255,-0.18371860395042477,199.81628139604973,-0.18371860395042475,-0.4783059665424322,99.52169403345759,-0.47830596654243207,-0.6930615960857883,999.8485752851109,-0.7097434817383208,-201.9155658474191,502.6620034528373,1.887556891933445,-353.23158432210334,399.4840168098908,2.2565258354401037,-444.64364404623257,197.52273222763233,4.277193947983276,-502.6057591613155,51.79123833136238,-1.9028765307670568,-1.5513310536168987,-203.03255876658105,-1.29867066955331,-0.1668391144527443,-200.16683911445276,-0.16683911445274435,-0.17134056869479034,-200.1713405686948,-0.1713405686947902,-0.1512410348760947,-200.1512410348761,-0.15124103487609458,-0.15888874769886965,-200.15888874769888,-0.15888874769886951,198.3762758826456,502.43868184671203,1.6642352858081835,354.912590801404,401.59514956153043,1.55869013209789,450.425058514943,194.24753560887018,-2.339285493394122,499.52238037835536,53.34525711788126,-0.7535039656850592,1.741766639725582,-204.1949902868585,-0.20943312561841626,-0.5135596350371691,-200.51355963503715,-0.5135596350371691,-0.5781693545486087,-200.5781693545486,-0.5781693545486086,-0.04268755807303626,-200.04268755807303,-0.0426875580730362,-0.6560803142358457,-200.65608031423585,-0.6560803142358457,-150.48453119324833,-92.99311307160451,3.8062843731467826,-151.13823510368928,-443.6468169820455,3.152580462705819,-150.97481908419897,-893.4834009625553,3.3159964821961396,0.37546022518491634,-199.6245397748151,0.3754602251849164,152.09958790357052,-106.4751039804666,-2.157863891519529,152.68580652837443,-455.8888853556627,-1.571645266715617,151.94713671466553,-906.6275551693717,-2.310315080424496,0.4583327266531154,-199.5416672733469,0.4583327266531154
275,2.75,-0.1856780679700674,699.8143219320302,-0.18567806797006733,-0.2880507344812059,549.7119492655188,-0.2880507344812058,0.007280601545659557,300.00728060154574,0.007280601545659612,-0.6368729073293153,399.3631270926707,-0.6368729073293153,-0.17152225596224546,199.82847774403788,-0.1715222559622454,-0.6038304946160405,99.39616950538395,-0.6038304946160404,-0.6791571193353954,999.8441518055764,-0.708902189473644,-201.97327513314238,502.53358229252063,1.8500628251744413,-353.013457188915,399.31391482545206,2.4819794378830773,-444.6169017878349,197.91957042535557,4.469793534449721,-502.5894573091186,51.57405396605696,-1.6862976604933293,-1.7865149032645236,-202.77561341358233,-1.1241766190192406,-0.15245584810208496,-200.15245584810208,-0.15245584810208493,-0.0428692839546016,-200.0428692839546,-0.04286928395460146,-0.1105414921532913,-200.1105414921533,-0.11054149215329119,-0.26496886986525436,-200.2649688698653,-0.26496886986525425,198.5589921225565,502.50634330630055,1.8228238389543705,354.9870928449782,401.9790519412337,1.8421241532942152,450.75796528853164,194.21960080065085,-2.34848876597332,499.61932696599536,53.41897000198567,-1.1247104561480108,1.5097651760660198,-204.34430232209098,-0.37390073860813894,-0.4327996871717875,-200.43279968717178,-0.4327996871717875,-0.6949080225318558,-200.69490802253188,-0.6949080225318557,0.13357215802367892,-199.8664278419763,0.13357215802367897,-0.5232615166003907,-200.52326151660043,-0.5232615166003907,-150.42500433525421,-93.10869037146155,3.931740914662428,-150.902235452227,-443.58592148843434,3.4545097976896213,-151.0615797897567,-893.7452658259641,3.29516546015991,0.26319712791147887,-199.73680287208856,0.26319712791147887,152.27753161632918,-106.08540019728702,-2.0197234933109454,152.73337788475516,-455.629553928861,-1.5638772248849704,151.85470867484105,-906.5082231387752,-2.4425464347990924,0.6611761577201811,-199.33882384227985,0.6611761577201813
276,2.76,-0.24590792870199774,699.7540920712981,-0.24590792870199768,-0.3438635897280871,549.656136410272,-0.3438635897280871,0.09621517794492843,300.096215177945,0.09621517794492848,-0.7678017549342531,399.2321982450658,-0.7678017549342531,-0.21619603755715008,199.78380396244293,-0.21619603755715003,-0.6896542282465047,99.31034577175345,-0.6896542282465046,-0.6242507022645138,999.8804894591111,-0.667138610981733,-202.10355938478173,502.3265980415139,1.7353776909445213,-352.8408241449392,399.0855216918505,2.641742469887877,-444.78504827125573,198.14303939209475,4.473525087212313,-502.538225894788,51.361533525622704,-1.449061554577281,-1.938246729130723,-202.44700733457162,-0.8763890476496019,-0.2799567120393446,-200.27995671203936,-0.2799567120393446,0.04075508081055729,-199.95924491918947,0.04075508081055751,-0.0947589440645884,-200.0947589440646,-0.09475894406458829,-0.48798055164762005,-200.48798055164764,-0.48798055164762,198.73830998710707,502.56541335474003,1.974193004170639,354.95821844493327,402.27347134457443,2.035706170069576,451.11822823809416,194.23176786361427,-2.3199056438695216,499.72556071354876,53.488707710421984,-1.4834525211913312,1.218082810236088,-204.53465264974938,-0.5846146200360887,-0.3128382281570274,-200.31283822815703,-0.31283822815702733,-0.8006722218838942,-200.80067222188393,-0.8006722218838941,0.21543250478670867,-199.7845674952133,0.21543250478670872,-0.3072199826495748,-200.3072199826496,-0.3072199826495747,-150.53507514736515,-93.40576588826298,3.8746351289488272,-150.90289585806806,-443.7735865989659,3.5068144182459147,-151.113484220934,-893.9841749618317,3.2962260553799396,0.04939505291681082,-199.95060494708324,0.049395052916810844,152.29496118366504,-105.84382839818808,-2.028973275214486,152.70690455713793,-455.43188502471526,-1.6170299017415815,151.82701678024983,-906.3117728016034,-2.4969176786296905,0.7011074887418307,-199.2988925112582,0.7011074887418307
277,2.77,-0.25233647007303955,699.7476635299272,-0.25233647007303955,-0.2855221968029705,549.714477803197,-0.2855221968029704,0.20231763345661233,300.2023176334567,0.20231763345661244,-0.767808685755115,399.2321913142449,-0.767808685755115,-0.24158025961969573,199.75841974038036,-0.24158025961969562,-0.704072669961016,99.29592733003894,-0.7040726699610159,-0.6064460454058208,999.8794890245372,-0.6625523530801489,-202.25263478078,502.0949360974983,1.5973015512266997,-352.6357347146708,398.8779181135759,2.813964852832706,-445.04747950119247,198.29272780493284,4.388373273613001,-502.445122696173,51.161285372344686,-1.1852337200588696,-1.9216699364693022,-201.96424392184838,-0.47324897763906676,-0.45028324449950263,-200.45028324449953,-0.4502832444995025,0.13393460340989,-199.86606539659016,0.1339346034098901,-0.053612666177854096,-200.05361266617788,-0.053612666177853985,-0.6258293793232825,-200.6258293793233,-0.6258293793232825,198.87833154186188,502.58015751754954,2.0825229712779314,354.87767105305267,402.52940148342503,2.1904232185868997,451.54354750235166,194.3230014101265,-2.2145291966546616,499.97746129322434,53.69274034381452,-1.689754691875799,0.9448091134806655,-204.68988599346113,-0.7647401813772478,-0.1331532296057638,-200.1331532296058,-0.13315322960576376,-0.7730852048891388,-200.77308520488918,-0.7730852048891388,0.244296525648372,-199.7557034743516,0.244296525648372,0.0049787011285437055,-199.9950212988715,0.004978701128543747,-150.68531041426778,-93.75469931839888,3.764299714666026,-151.0984667831444,-444.1678556872755,3.351143345789394,-151.06262409532786,-894.132012999459,3.3869860336059228,-0.15760822449654976,-200.15760822449658,-0.1576082244965497,152.16447560429444,-105.73800563146024,-2.1729219092907166,152.6769415252374,-455.2255397105173,-1.6604559883477497,151.8861405876097,-906.016340648145,-2.451256925975443,0.6334522811994714,-199.36654771880058,0.6334522811994716
278,2.78,-0.14429380420720977,699.855706195793,-0.14429380420720972,-0.10979233033938057,549.8902076696606,-0.10979233033938052,0.39147972546838733,300.39147972546846,0.3914797254683874,-0.588645763143146,399.41135423685694,-0.5886457631431461,-0.17105063292401962,199.828949367076,-0.17105063292401948,-0.652807825657892,99.34719217434206,-0.652807825657892,-0.6664072661301839,999.8004909568056,-0.7358033901752915,-202.36856042752345,501.89064665998086,1.487797680722752,-352.3796783333895,398.71079623316484,3.0174313046929475,-445.2981307775446,198.47361589216206,4.319755267315999,-502.3099247259065,50.97443997705705,-0.8954281663870223,-1.7422709724871848,-201.33500556265884,0.0770978039818222,-0.5198747071287453,-200.51987470712876,-0.5198747071287451,0.28612241262456556,-199.71387758737546,0.2861224126245656,0.038351442896983806,-199.96164855710305,0.03835144289698386,-0.5404937934202322,-200.5404937934203,-0.5404937934202323,198.940830686003,502.5125196658296,2.1096706865715467,354.79689476156653,402.7975171179818,2.3569493861552178,451.99566007847466,194.45627053107125,-2.0693550685854873,500.4258931978872,54.08385939600984,-1.6891910915061792,0.7475674298503824,-204.75438354409732,-0.8579922419602026,0.10492769769485097,-199.89507230230515,0.10492769769485107,-0.5518044796309749,-200.55180447963102,-0.5518044796309748,0.23019802302132056,-199.7698019769787,0.23019802302132053,0.33330687846123763,-199.6666931215388,0.3333068784612378,-150.74382497523712,-94.02336938394103,3.732560787537585,-151.3501987389711,-444.6297431476751,3.1261870238036,-150.91444665342945,-894.1939910621334,3.5619391093452517,-0.26266344453502816,-200.26266344453506,-0.26266344453502805,151.95865644753098,-105.69559558963638,-2.3789370671535255,152.65685407863737,-454.99739795853003,-1.680739436047126,151.97685288026008,-905.6773991569074,-2.3607406344244084,0.5531966119173962,-199.44680338808263,0.5531966119173963
279,2.79,0.08672514380036656,700.0867251438004,0.0867251438003666,0.15288284243804925,550.1528828424381,0.15288284243804937,0.6242562014943702,300.62425620149435,0.6242562014943703,-0.25848864004926786,399.74151135995083,-0.25848864004926786,0.026117725871130877,200.02611772587113,0.026117725871131012,-0.5438452296357952,99.45615477036415,-0.543845229635795,-0.7976669456611543,999.6499673386893,-0.8804201126123075,-202.40759126395602,501.75759169495257,1.4506396111211028,-352.09164815807935,398.5663921398931,3.2334961239112037,-445.4936291855944,198.72792629271086,4.310370785527109,-502.1247639592684,50.81001079225368,-0.5724389509581367,-1.4767071498776692,-200.63796650618374,0.695492748347559,-0.3804385775661684,-200.3804385775662,-0.38043857756616833,0.47887177622550753,-199.52112822377455,0.4788717762255076,0.1887472411242644,-199.81125275887575,0.1887472411242644,-0.2529344119268806,-200.2529344119269,-0.25293441192688076,198.92452905146985,502.3613976984649,2.0544456146335226,354.75186107731463,403.1129629046867,2.570435256130487,452.4132743296076,194.57147872589755,-1.9444518492466945,501.0139485610497,54.607100046180804,-1.535170745796517,0.6460163250832102,-204.71054093073684,-0.8461181890249944,0.3835636561842002,-199.6164363438158,0.38356365618420035,-0.18284654323980834,-200.18284654323986,-0.18284654323980823,0.1898644553626572,-199.81013554463738,0.1898644553626572,0.5538586386896847,-199.4461413613103,0.5538586386896851,-150.6688344929205,-94.16972694043517,3.8211852022668062,-151.49815542526588,-444.9990478727806,2.991864269921414,-150.72307967393894,-894.2239721214537,3.7669400212483577,-0.20567556903725248,-200.20567556903728,-0.20567556903725237,151.78840798769045,-105.60596813349568,-2.5361053735945465,152.6278269538094,-454.76654916737675,-1.6966864074756054,152.0431189650502,-905.351257156136,-2.281394396234795,0.5402570313469938,-199.45974296865305,0.5402570313469939
280,2.8,0.4052097991644507,700.4052097991645,0.40520979916445066,0.4812361160384311,550.4812361160385,0.4812361160384312,0.8348115114041703,300.83481151140415,0.8348115114041705,0.13439523354134775,400.13439523354145,0.1343952335413478,0.32852078712086663,200.32852078712085,0.32852078712086674,-0.3560670987336363,99.64393290126633,-0.3560670987336362,-0.9841864775658098,999.4439615309677,-1.0803596765239345,-202.31926201574478,501.74636083993846,1.5363271174102193,-351.7653476324774,398.4522754253127,3.4688749449255276,-445.6505716302636,199.0378496114964,4.342926706119258,-501.86549606755636,50.69352005412166,-0.19260646081783747,-1.1902785054519336,-199.94025143593248,1.3143110014468207,-0.019549843746727302,-200.01954984374677,-0.01954984374672719,0.6670355159371452,-199.3329644840629,0.6670355159371453,0.39738798798113406,-199.6026120120189,0.39738798798113417,0.10245925712688855,-199.89754074287316,0.10245925712688847,198.88901749159214,502.18656480561583,1.9765310830876284,354.7639592105279,403.4962460035184,2.8514010798701337,452.80348371721175,194.67687315973873,-1.831552066329969,501.6476260293649,55.17039953644468,-1.3182864483118875,0.6531393338568101,-204.5474576525284,-0.7175923963808737,0.696863921398057,-199.303136078602,0.6968639213980571,0.22917766577906437,-199.77082233422098,0.2291776657790645,0.20467479248574358,-199.79532520751428,0.2046747924857436,0.6421007725319635,-199.35789922746807,0.6421007725319637,-150.49009331358832,-94.22323327259141,4.000442645232455,-151.4304948266647,-445.1636347856679,3.060041132156039,-150.51199256382077,-894.245132522824,3.9785433949999676,0.03783025051100447,-199.96216974948905,0.037830250511004526,151.75581570887294,-105.36734034919074,-2.5423738520315395,152.5886075694516,-454.53454848861213,-1.7095819914529011,152.1126258370901,-905.0105302209736,-2.185563723814404,0.6420206011511973,-199.35797939884884,0.6420206011511973
281,2.81,0.740731303569121,700.7407313035692,0.740731303569121,0.8538270420673856,550.8538270420675,0.8538270420673857,1.0241243542650977,301.02412435426504,1.0241243542650977,0.4764383692597481,400.4764383692598,0.4764383692597481,0.6698071112656648,200.6698071112657,0.6698071112656648,-0.0759513266978345,99.92404867330214,-0.07595132669783453,-1.2109439045934232,999.1975003342277,-1.3205958420493031,-202.0600446811353,501.9006137674713,1.7884286641947746,-351.3787351387507,398.3918004665427,3.746098140429906,-445.8074058658225,199.36366720697006,4.378258802799698,-501.5264866485562,50.632205058443105,0.24939707539173647,-0.9182457112467719,-199.27874187128072,1.8961601564417936,0.4646009182170505,-199.535399081783,0.4646009182170505,0.8447803651101242,-199.15521963488993,0.8447803651101244,0.6346539829981959,-199.36534601700185,0.6346539829981959,0.38996553966340014,-199.61003446033664,0.3899655396634002,198.926368802526,502.08028195709994,1.968096853823396,354.8247893409738,403.9380319000444,3.1905331282036413,453.2248336738982,194.8321071804393,-1.670989866601185,502.2741956231805,55.722941760584284,-1.0879770184690398,0.7624630093524094,-204.2736981589448,-0.4803820575221145,1.0337839656333925,-198.96621603436665,1.0337839656333927,0.5960756980536812,-199.40392430194638,0.5960756980536814,0.35615318707874427,-199.64384681292128,0.3561531870787442,0.7005762609594041,-199.2994237390406,0.7005762609594042,-150.25883393235006,-94.23480009026656,4.2191659849105845,-151.13566852892734,-445.1116346868439,3.342331388333304,-150.267339165126,-894.2433053230425,4.210660752134655,0.43259978388821896,-199.56740021611182,0.43259978388821907,151.87535095309232,-104.96557136663361,-2.383345089256573,152.55152247869728,-454.2893998410286,-1.7071735636515988,152.26723891715108,-904.5736834025749,-1.99145712519781,0.8527946434157155,-199.14720535658432,0.8527946434157156
282,2.82,0.9923310272169075,700.992331027217,0.9923310272169075,1.1902932360437877,551.1902932360439,1.1902932360437877,1.2254863064087083,301.22548630640864,1.2254863064087083,0.677352629651891,400.677352629652,0.6773526296518911,0.942095124609685,200.9420951246097,0.942095124609685,0.23442376465097603,100.23442376465097,0.23442376465097595,-1.4323298730223315,998.956198033126,-1.5555149290826167,-201.66276683336991,502.18766172230016,2.17416302724747,-350.96522670693736,398.3528994803314,4.0323059077980705,-446.0022125794779,199.66597313920738,4.377552528879782,-501.1601333087134,50.575486610218704,0.7010445044284349,-0.7191964520365098,-198.7134329024929,2.3805287621585283,0.9111396338217543,-199.08886036617827,0.9111396338217543,1.0152205321711025,-198.98477946782896,1.0152205321711025,0.8130484623732002,-199.18695153762684,0.8130484623732004,0.5300473599435285,-199.4699526400565,0.5300473599435285,199.09177374087807,502.0979336793492,2.0844349842965424,354.8683895860837,404.37137415852897,3.5209139359187174,453.6761800210721,195.03709451659262,-1.4628469630575252,502.88049644101676,56.25343510731865,-0.8542558735414134,0.8903432442775527,-203.97498480063285,-0.21964462535842846,1.3315377297597684,-198.66846227024027,1.3315377297597684,0.8805249156236813,-199.11947508437635,0.8805249156236814,0.6078955074667238,-199.39210449253332,0.6078955074667238,0.8098746210082127,-199.19012537899178,0.8098746210082128,-150.04573723762238,-94.27476039755985,4.406780706656162,-150.71609056831042,-444.945113728248,3.7364273759680997,-150.0102921890768,-894.2393153490143,4.442225755201701,0.8526855137943925,-199.14731448620566,0.8526855137943927,152.05093732959773,-104.49709532276148,-2.155210502560205,152.50577048546396,-454.0422621668953,-1.7003773466939842,152.5152575752812,-904.032775077078,-1.6908902568767425,1.0849906413382895,-198.91500935866173,1.0849906413382895
283,2.83,1.0683406181841528,701.0683406181843,1.0683406181841528,1.35207993196103,551.3520799319612,1.35207993196103,1.408909947564482,301.40890994756444,1.408909947564482,0.7141928981196064,400.7141928981197,0.7141928981196064,1.0274663280845837,201.0274663280846,1.0274663280845837,0.44773363730646887,100.44773363730648,0.44773363730646887,-1.5696875593641169,998.7987164682584,-1.70645574540035,-201.26848692387097,502.4665920483302,2.552523906214003,-350.6170671802199,398.2447069646903,4.235874651138736,-446.2597641435091,199.91861964983642,4.315287223492319,-500.8584620553283,50.43336126061686,1.0703546659080974,-0.6753196436409992,-198.3276997073179,2.683525103961265,1.188733588322086,-198.81126641167793,1.1887335883220858,1.1252772292769235,-198.8747227707231,1.1252772292769235,0.8285975822128882,-199.17140241778714,0.8285975822128882,0.49951188331108437,-199.50048811668893,0.4995118833110845,199.35443839447854,502.20892517821704,2.294857036100827,354.78617835421153,404.6866597799723,3.7329681104923123,454.05735217631064,195.19266841783843,-1.3062935863556209,503.4341452460426,56.73130177965312,-0.6465276602412712,0.888924935765372,-203.8012177679963,-0.08475194741572722,1.4792831014762127,-198.5207168985238,1.4792831014762127,1.086223376510195,-198.91377662348984,1.0862233765101952,0.8067821375113299,-199.19321786248872,0.8067821375113298,0.9071410171149747,-199.092858982885,0.9071410171149749,-149.92935210842137,-94.42128880677552,4.484884859661699,-150.32798996690434,-444.81992666525844,4.086247001178753,-149.8241801052119,-894.316116803566,4.590056862871199,1.126281860061137,-198.8737181399389,1.126281860061137,152.1671752762318,-104.07769608065868,-1.9735253197787719,152.41321615336096,-453.8316552035295,-1.7274844426496248,152.73870318960536,-903.5061681672851,-1.4019974064052754,1.2009093954975585,-198.79909060450242,1.2009093954975585
284,2.84,0.9517151760495648,700.9517151760497,0.9517151760495648,1.2490960892482526,551.2490960892484,1.2490960892482526,1.4788232456286399,301.4788232456287,1.4788232456286399,0.6267495452630516,400.6267495452631,0.6267495452630516,0.8634723038241952,200.8634723038242,0.8634723038241952,0.4763846665877718,100.47638466658782,0.4763846665877718,-1.5651009611310038,998.7829767439351,-1.7154978788723925,-201.0404199728949,502.5743423187979,2.7603541418935107,-350.3918680447554,398.0110173348853,4.299876460715294,-446.5776615848597,200.1225846100945,4.193102179427887,-500.68978265239014,50.139732766419186,1.2892327021119616,-0.8200224678925396,-198.1559088813749,2.7702711887306206,1.259897694515805,-198.74010230548419,1.259897694515805,1.0878642571612356,-198.91213574283879,1.0878642571612356,0.6571789743700107,-199.34282102563,0.6571789743700107,0.33082228173957084,-199.66917771826047,0.33082228173957096,199.61435173557902,502.3134496372302,2.4994614603257634,354.50401721631823,404.808675288191,3.751528825689003,454.26059074097134,195.1920153437302,-1.3081548337538829,503.86055182341283,57.083674656852025,-0.5365968488272236,0.65583215297456,-203.8567650447488,-0.17958409739702288,1.3796977794368954,-198.62030222056313,1.3796977794368952,1.2147407413975184,-198.78525925860248,1.2147407413975182,0.8093414531575154,-199.1906585468425,0.8093414531575153,0.8634998305911503,-199.13650016940886,0.8634998305911503,-149.93568249060283,-94.69998942120658,4.427661391825557,-150.08094727726944,-444.84525420787315,4.2823966051589615,-149.78413277845155,-894.5484397090554,4.57921110397682,1.1468891422899972,-198.85311085771002,1.1468891422899972,152.1933645144273,-103.73848396510114,-1.8691855325183089,152.24370692640952,-453.68814155311895,-1.8188431205361022,152.7972569437718,-903.1345915357566,-1.2652931031737784,1.1088778946482916,-198.8911221053517,1.1088778946482916
285,2.85,0.711002224846406,700.7110022248465,0.711002224846406,0.9251330280342113,550.9251330280342,0.9251330280342113,1.3680727497213832,301.3680727497214,1.3680727497213832,0.4648277326470453,400.46482773264717,0.46482773264704536,0.4926482354095806,200.49264823540966,0.4926482354095806,0.3486812050438347,100.3486812050439,0.34868120504383465,-1.4218314035007862,998.905722720028,-1.5858982055909636,-201.05116877861647,502.43846893894573,2.7251144072772053,-350.2561731193622,397.686714574592,4.258510505766279,-446.93328813521964,200.29902255846926,4.032846197254914,-500.6538153572337,49.697270459665816,1.3583374035975257,-1.1052355058969523,-198.1507199025078,2.687606577560961,1.1592368064336664,-198.84076319356632,1.1592368064336664,0.8590227298916758,-199.14097727010835,0.8590227298916757,0.3734498860680904,-199.6265501139319,0.3734498860680904,0.10821979411108745,-199.89178020588892,0.10821979411108762,199.763447224652,502.303649559796,2.5902950281273283,354.0455655491532,404.7599647859508,3.599196239717939,454.2627362337417,195.01285998211688,-1.4907256344052682,504.08574255610574,57.23820331698095,-0.5958666438347813,0.21276923990805274,-204.1218421248225,-0.48391262723188666,1.0149245556728328,-198.98507544432715,1.0149245556728328,1.2200860758227812,-198.7799139241772,1.2200860758227812,0.5868990293208924,-199.41310097067912,0.5868990293208923,0.6447096914039434,-199.355290308596,0.6447096914039433,-150.01297580144094,-95.0586851336229,4.287089025450249,-149.99474273753162,-445.0404520697135,4.305322089359577,-149.88656177044288,-894.9322711026248,4.413503056448309,0.9327541303107425,-199.06724586968926,0.9327541303107427,152.1723803923302,-103.43701852254559,-1.7995508303806313,152.0000138717685,-453.6093850431073,-1.9719173509423489,152.64986335322553,-902.9595355616502,-1.3220678694853039,0.8232311387649778,-199.176768861235,0.8232311387649778
286,2.86,0.4310496172785871,700.4310496172787,0.4310496172785871,0.5130070870368729,550.513007087037,0.5130070870368728,1.1064323416481672,301.1064323416482,1.1064323416481672,0.2511341641872048,400.2511341641873,0.25113416418720474,0.054698808514522634,200.0546988085146,0.05469880851452266,0.16141547910856643,100.16141547910865,0.16141547910856635,-1.1859899341513804,999.1208486156144,-1.3637632861889064,-201.27256996773545,502.0873008983382,2.4750370494036367,-350.13683541529844,397.3463906086166,4.185723042665545,-447.30983953662786,200.46323913673208,3.85055043805761,-500.69097255836095,49.168111127250924,1.3377921453828956,-1.4467138575550473,-198.2283846374937,2.5187941216615397,0.9339081511859024,-199.0660918488141,0.9339081511859023,0.46689967316512193,-199.53310032683487,0.4668996731651217,0.06448069454140053,-199.93551930545863,0.06448069454140046,-0.06732459203003076,-200.06732459203005,-0.06732459203003058,199.74387500869932,502.12188869960846,2.509624850673805,353.511242385089,404.63979540441403,3.3753032590685246,454.1226360475537,194.71486868906175,-1.7943672389858814,504.09083422442245,57.177511386594574,-0.8408860196036153,-0.33643502353246146,-204.4944495437442,-0.8953412687026235,0.47786080436953327,-199.52213919563044,0.47786080436953315,1.033121265938119,-198.9668787340619,1.033121265938119,0.22674230304254542,-199.77325769695744,0.22674230304254533,0.3387303046201902,-199.66126969537981,0.33873030462019016,-150.0928065394554,-95.42850221453311,4.131857799622152,-150.03751519528822,-445.3732108703659,4.187149143789358,-150.06291601597638,-895.3986116910542,4.161748323101162,0.5877040247697947,-199.4122959752302,0.5877040247697948,152.13157958639073,-103.14640183806276,-1.7375380486117913,151.70918174721604,-453.5687996772375,-2.1599358877864985,152.35508602853824,-902.9228953959152,-1.5140316064642654,0.43083309701942235,-199.56916690298056,0.4308330970194223
287,2.87,0.14917774988863725,700.1491777498888,0.1491777498886372,0.12985374493276103,550.1298537449329,0.1298537449327611,0.7984492476366727,300.79844924763677,0.7984492476366727,-0.006311366404117419,399.993688633596,-0.006311366404117419,-0.2780366280013329,199.72196337199875,-0.2780366280013328,-0.01962689758874292,99.98037310241136,-0.019626897588743003,-0.9116723639117124,999.3742639667737,-1.103184407993555,-201.63250077361184,501.59313278706145,2.082319196187121,-349.99417252288174,397.0311850575395,4.122048694622251,-447.70826926982056,200.61275074038332,3.6444863946471515,-500.7291185491101,48.62708130004452,1.3004162678109346,-1.7699211772480914,-198.3146318231552,2.337640633580027,0.6304043236634012,-199.3695956763366,0.630404323663401,-0.006887298600245034,-200.00688729860022,-0.006887298600245173,-0.22988339895712173,-200.22988339895713,-0.2298833989571218,-0.12855039158906095,-200.12855039158904,-0.12855039158906073,199.5782017927876,501.7909516583221,2.2801380674476714,353.0062753640254,404.55221002862925,3.1839685287976973,453.9373548402153,194.39585657454927,-2.1213000096443757,503.93075336709614,56.95790070658556,-1.2146493691768323,-0.895401498040628,-204.87992968606306,-1.318865526570373,-0.05953700213244528,-200.0595370021324,-0.05953700213244528,0.6498847594532813,-199.35011524054673,0.6498847594532813,-0.1299990549500113,-200.12999905495002,-0.1299990549500114,0.04699309502321593,-199.95300690497675,0.046993095023215914,-150.15390796277848,-95.78770305035168,3.983536419178308,-150.16889283282913,-445.8026879204023,3.9685515491276444,-150.24541945460527,-895.8792145421786,3.892024927351488,0.23164347260156684,-199.7683565273984,0.2316434726015669,152.04762326543639,-102.89045430836111,-1.7067970283567022,151.40266999860685,-453.5354075751907,-2.3517502951862137,152.00032976687845,-902.9377478069191,-1.7540905269146108,0.027249453806447922,-199.9727505461935,0.02724945380644797
288,2.88,-0.12436639012753795,699.8756336098727,-0.124366390127538,-0.16326700252146847,549.8367329974786,-0.16326700252146825,0.5507724238474658,300.55077242384755,0.5507724238474658,-0.2838548801696992,399.71614511983046,-0.2838548801696992,-0.3925606374643852,199.6074393625357,-0.3925606374643852,-0.18523456946533864,99.81476543053476,-0.18523456946533867,-0.6523112653859635,999.6125416263837,-0.8575895851727002,-202.03263727147427,501.05446634652037,1.6453643988476818,-349.832350230605,396.73839668613766,4.064223310953125,-448.13319368869657,200.74138438285644,3.409263984727919,-500.7161381795682,48.12910935640889,1.2991462612445845,-2.0142380920042413,-198.34887797207702,2.204291008232306,0.32047409902304436,-199.6795259009769,0.3204740990230443,-0.44967334778095447,-200.44967334778093,-0.4496733477809546,-0.48476637283991986,-200.48476637283994,-0.4847663728399198,-0.07276824216661132,-200.07276824216663,-0.07276824216661115,199.36558519052787,501.410217956564,2.0011160088911897,352.5976006513448,404.5629311496172,3.091000498061455,453.8169186683856,194.16652855676332,-2.3608621879515015,503.70947436730586,56.68457561686343,-1.6113754444560755,-1.4077580824545404,-205.2235081083249,-1.69941638551569,-0.4414935116007098,-200.44149351160067,-0.44149351160070993,0.1661527133057707,-199.83384728669427,0.1661527133057708,-0.353890303426821,-200.3538903034268,-0.35389030342682115,-0.18390274196692682,-200.1839027419669,-0.18390274196692685,-150.20535611609984,-96.14487130803985,3.8333871338453442,-150.33583060655621,-446.2753457984962,3.702912643388999,-150.40092232416953,-896.3404375161095,3.6378209257756478,-0.041142360063841754,-200.04114236006384,-0.041142360063841754,151.89642553317566,-102.69376505842379,-1.7317610771960856,151.1072395426683,-453.48295104893117,-2.5209470677034402,151.66035677602991,-902.9298338155696,-1.9678298343418164,-0.30657595856250186,-200.30657595856246,-0.30657595856250186
289,2.89,-0.3484790645894387,699.6515209354106,-0.3484790645894388,-0.33233333254582753,549.6676666674542,-0.3323333325458274,0.42213031298841686,300.42213031298854,0.42213031298841686,-0.5290181615439088,399.4709818384563,-0.5290181615439088,-0.29083689484371766,199.70916310515636,-0.29083689484371755,-0.3255803946346704,99.6744196053654,-0.32558039463467037,-0.4616406014391722,999.7819531340218,-0.6807081887601198,-202.3450640206846,500.5994006051196,1.2921728601420288,-349.65812602825486,396.4627349119313,4.006436768775087,-448.56622986785294,200.86594494877966,3.162496945739677,-500.6121847107129,47.716957275119384,1.3747765438841446,-2.1256285400568333,-198.2768982066335,2.172562255449267,0.0980621214780815,-199.90193787852186,0.09806212147808144,-0.7539853757323899,-200.7539853757324,-0.7539853757323899,-0.6533930747962539,-200.65339307479627,-0.6533930747962537,0.03550720777490396,-199.9644927922251,0.035507207774904126,199.24208771850368,501.11597574365305,1.8087479986754031,352.31202051175694,404.69752251876594,3.1220592350444196,453.8526832232046,194.118844755594,-2.4211442708807165,503.5302125230428,56.46182374573456,-1.9263291853616393,-1.837421855242657,-205.49056094526264,-2.0021296839624725,-0.6182497116969035,-200.61824971169688,-0.6182497116969035,-0.29009885487565656,-200.29009885487565,-0.29009885487565656,-0.3798276507667159,-200.3798276507667,-0.3798276507667158,-0.3311119392153838,-200.3311119392154,-0.33111193921538384,-150.22941207448605,-96.48175539075139,3.699522283288747,-150.45922924535586,-446.7115725616211,3.4697051124189775,-150.5079172733229,-896.7602605895884,3.4210170844518952,-0.17804254822165375,-200.17804254822164,-0.1780425482216537,151.70698627451043,-102.52785788014606,-1.7838129086224739,150.85003955050593,-453.38480460415064,-2.640759632626984,151.38949345803988,-902.8453506966167,-2.10130572509303,-0.5051865419672574,-200.50518654196722,-0.5051865419672574
290,2.9,-0.4551480313539002,699.5448519686462,-0.4551480313539002,-0.3548500550222827,549.6451499449779,-0.3548500550222825,0.4187852292117901,300.4187852292119,0.41878522921179007,-0.6811183564654832,399.31888164353467,-0.6811183564654832,-0.06314773145591218,199.93685226854413,-0.06314773145591202,-0.39491658234271143,99.60508341765734,-0.3949165823427113,-0.3744048628293667,999.8477595766917,-0.6072800858453304,-202.46088995802918,500.33701575513993,1.1317254046184166,-349.4447461232016,396.23241776280815,3.9764321029245275,-448.961071744664,201.03114423667452,2.949729936455976,-500.39250750978493,47.41837156802943,1.5531193175703155,-2.069940936612488,-198.06413387618497,2.2766405555425706,0.024489408337582008,-199.97551059166238,0.024489408337581953,-0.8777858620649657,-200.87778586206494,-0.8777858620649656,-0.691774719693961,-200.69177471969397,-0.6917747196939608,0.09118352080807869,-199.90881647919196,0.0911835208080788,199.30497552421267,501.0057202359609,1.800429885439258,352.13525825659184,404.9404483073281,3.2617156927320656,454.06503468476865,194.27371875406618,-2.281290467037647,503.4454052612824,56.34298657578647,-2.1058531529693436,-2.1642169821483552,-205.66221955372077,-2.207952297368229,-0.6487475812679022,-200.64874758126788,-0.6487475812679023,-0.6381767973685373,-200.63817679736854,-0.6381767973685373,-0.24882004459117324,-200.24882004459113,-0.2488200445911733,-0.3752475370626797,-200.3752475370627,-0.3752475370626797,-150.17958944475942,-96.75133722112182,3.6288354718171507,-150.4658012867808,-447.03754906314316,3.342623629795817,-150.532865163378,-897.1046129397405,3.2755597531985687,-0.1676315982256611,-200.16763159822563,-0.16763159822566104,151.54643737421185,-102.32614372846768,-1.7962370963328176,150.6667152743659,-453.2058658283137,-2.6759591961787232,151.21135066758183,-902.6612304350979,-2.1313238029628154,-0.5463958188310585,-200.54639581883103,-0.5463958188310585
291,2.91,-0.4147116277520393,699.585288372248,-0.4147116277520393,-0.24968638687145844,549.7503136131286,-0.2496863868714583,0.5051910528973718,300.50519105289743,0.5051910528973718,-0.7124254404228915,399.2875745595772,-0.7124254404228914,0.19383226808659187,200.1938322680866,0.19383226808659199,-0.3601575106793454,99.63984248932067,-0.36015751067934526,-0.38093819711451304,999.8196324582473,-0.6276347700553035,-202.35732046330952,500.29030084982855,1.186911269824746,-349.1453019951805,396.09581027673346,4.022144954312317,-449.2838843202042,201.26921200831464,2.8040475675250844,-500.0812410920906,47.212272065497935,1.8112021296017176,-1.859105535648734,-197.7218982570431,2.504880005802532,0.07670913252779107,-199.9232908674722,0.07670913252779106,-0.8683292642547089,-200.86832926425473,-0.8683292642547087,-0.6012639681108063,-200.6012639681108,-0.6012639681108061,0.01724446618121281,-199.98275553381876,0.017244466181212878,199.54130179858564,501.0667368353551,1.9633472553511782,352.0069131207671,405.2300323119007,3.4484109652668,454.38265789423883,194.56028343707825,-2.012232524879921,503.4388837238679,56.31262211144663,-2.16520623145544,-2.393692543081491,-205.74517666602736,-2.323449393495945,-0.6155185650995941,-200.6155185650996,-0.6155185650995941,-0.8543205414922683,-200.85432054149226,-0.8543205414922683,-0.09314592446490241,-200.09314592446492,-0.09314592446490241,-0.3350235800464967,-200.33502358004648,-0.3350235800464967,-150.04604427019342,-96.94322349364361,3.6316102317961483,-150.34517115003058,-447.2423503734808,3.3324833519589996,-150.45964156075084,-897.3568207842011,3.2180129412387384,-0.02770006450037238,-200.02770006450035,-0.027700064500372323,151.45569316842838,-102.04826891884498,-1.7285681876796315,150.59442146306924,-452.90954062420417,-2.5898398930387505,151.12212611562546,-902.3818359716479,-2.0621352404825215,-0.47978724247762744,-200.47978724247758,-0.4797872424776275
292,2.92,-0.27231143560027193,699.7276885643998,-0.27231143560027193,-0.09725520080482838,549.9027447991953,-0.09725520080482834,0.6127226588251268,300.6127226588252,0.6127226588251268,-0.6457632911591423,399.35423670884086,-0.6457632911591422,0.4408546343586297,200.44085463435863,0.44085463435862976,-0.26132089407754305,99.73867910592246,-0.26132089407754294,-0.4326873093597645,999.7461323240946,-0.6932133443636374,-202.1028406557988,500.3909819581884,1.3893498481903885,-348.744453308242,396.06971713141917,4.159996531077539,-449.5552174796904,201.55795401567175,2.704156882604963,-499.74284574667627,47.0373138260847,2.085819806069347,-1.5539566952217898,-197.3102057834302,2.796988876683262,0.16539663714785008,-199.83460336285216,0.16539663714785008,-0.8078357158157145,-200.8078357158157,-0.8078357158157141,-0.4359513079797698,-200.4359513079798,-0.4359513079797696,-0.1627371095955995,-200.16273710959564,-0.16273710959559942,199.8364483748589,501.18465477481476,2.1830226648166824,351.8463738207952,405.48435274547893,3.600357291725137,454.6894700920505,194.86280835831667,-1.7297690734537832,503.4547339986742,56.31535421376239,-2.1597314164374164,-2.533520066691959,-205.74807705475388,-2.3571943680143166,-0.5463994911399737,-200.54639949113994,-0.5463994911399738,-0.9412787440392473,-200.94127874403927,-0.9412787440392474,-0.029706622715347242,-200.0297066227153,-0.02970662271534741,-0.27723189627488665,-200.27723189627488,-0.27723189627488665,-149.89454769524576,-97.12259605580658,3.6425592184011464,-150.16383686304692,-447.3918852236078,3.3732700506000053,-150.33653985130576,-897.5645882118666,3.200567062341131,0.19949801324345173,-199.80050198675653,0.19949801324345184,151.4144069562639,-101.7151839500836,-1.6016478873753028,150.6463345519451,-452.48325635440244,-2.369720291694062,151.11759402168124,-902.0119968846664,-1.8984608219579187,-0.3915193100273556,-200.39151931002735,-0.39151931002735574
293,2.93,-0.10565493428385073,699.8943450657163,-0.10565493428385064,0.002487726547056819,550.0024877265471,0.002487726547056878,0.6682201676770121,300.6682201676771,0.6682201676770122,-0.5201075121304423,399.47989248786956,-0.5201075121304422,0.6905341629004663,200.69053416290046,0.6905341629004664,-0.1817272909695978,99.81827270903042,-0.18172729096959772,-0.48371776786329546,999.673209357092,-0.7580706719041963,-201.79835524745002,500.5384349191287,1.6382741231210707,-348.2795687036381,396.1183298226946,4.35383890543203,-449.8266078488472,201.8440043455911,2.5977574881703687,-499.40896361100863,46.865122170599136,2.3466939936877025,-1.2216589675678504,-196.8951957608536,3.0866608611197686,0.21292480235018565,-199.78707519764984,0.21292480235018565,-0.7403788007488984,-200.74037880074889,-0.7403788007488983,-0.2692991193781218,-200.26929911937816,-0.2692991193781216,-0.33490797663557315,-200.3349079766356,-0.33490797663557303,200.07351196733507,501.2428888479242,2.3427280519164757,351.60516406351485,405.6534874747857,3.667811327864519,454.9044236160469,195.10043599946354,-1.5148157704996894,503.4474506744522,56.30599934884354,-2.1348031826328056,-2.559838389163348,-205.64786830252206,-2.2861135260876035,-0.4230824256930872,-200.4230824256931,-0.4230824256930873,-0.9147422781058622,-200.91474227810588,-0.9147422781058623,-0.05533644874986576,-200.05533644874987,-0.05533644874986579,-0.26838139220533186,-200.26838139220536,-0.2683813922053319,-149.81037706745377,-97.37399740899764,3.5769919836198363,-150.0091021588772,-447.57272250042115,3.378266892196411,-150.25413073953806,-897.8177510810821,3.1332383115355453,0.43970012246578327,-199.5602998775342,0.4397001224657834,151.3745422482937,-101.37569166007297,-1.464120994698125,150.79636227137416,-451.9538716369925,-2.042300971617638,151.20397576588095,-901.5462581424858,-1.6346874771108446,-0.3228256728378771,-200.3228256728379,-0.3228256728378772
294,2.94,0.051022626395850174,700.0510226263959,0.05102262639585023,0.007213196950713235,550.0072131969508,0.007213196950713291,0.6457320543122511,300.64573205431236,0.6457320543122511,-0.341771645540016,399.65822835446,-0.3417716455400159,0.9524489845792529,200.9524489845793,0.9524489845792529,-0.1522823716757225,99.84771762832432,-0.15228237167572242,-0.5294429517560579,999.6055050803146,-0.8175858696586606,-201.5062734310902,500.6708348717284,1.87154970448443,-347.8017024459889,396.19265781907495,4.554374943004264,-450.118448588479,202.1042901224493,2.4635364892380447,-499.0381111936646,46.74108400244223,2.6369004124287643,-0.8906949106481505,-196.50407075157392,3.3468669677852976,0.2134049158701608,-199.78659508412989,0.21340491587016086,-0.6625089358992797,-200.66250893589927,-0.6625089358992795,-0.14178543426804285,-200.14178543426806,-0.14178543426804285,-0.38856652391478347,-200.3885665239148,-0.3885665239147834,200.2232641508239,501.2128467849918,2.4135616177477277,351.30190664192304,405.7540175878502,3.6677023226614143,455.0342029587366,195.27959030592427,-1.3609378302548836,503.41602438758804,56.283555184326076,-2.092166871937011,-2.4407520981767084,-205.41335565090415,-2.0790126679993053,-0.2459926601025199,-200.24599266010253,-0.24599266010252013,-0.8006413441772484,-200.80064134417728,-0.8006413441772484,-0.06778704702943751,-200.06778704702947,-0.06778704702943762,-0.3166500670887938,-200.31665006708883,-0.31665006708879384,-149.8060192495577,-97.7085602199757,3.423378521083005,-149.90904717365217,-447.81158814407024,3.320350596988534,-150.25347253945176,-898.15601350987,2.9759252311889424,0.6027000844337571,-199.39729991556624,0.6027000844337571,151.3136235621779,-101.0537315315452,-1.339488372657583,151.00004563717155,-451.36730945655165,-1.6530662976639339,151.3764992310792,-900.9908558626439,-1.276612703756272,-0.24224214379110115,-200.24224214379112,-0.2422421437911012
295,2.95,0.2233659567079638,700.2233659567081,0.2233659567079639,-0.03744881847467994,549.9625511815254,-0.0374488184746799,0.5844605567124252,300.58446055671254,0.5844605567124251,-0.08984815494209197,399.9101518450579,-0.0898481549420918,1.1932049559661217,201.19320495596617,1.1932049559661217,-0.1163795999849701,99.88362040001509,-0.11637959998497,-0.5973338306922046,999.5157444861389,-0.8991107305357503,-201.22668515572533,500.78975982626014,2.08984436558627,-347.3447144037271,396.2627753569327,4.731366059845254,-450.4089776964429,202.35481907146018,2.321723458831057,-498.57862297210147,46.723065720119365,3.0103579317331426,-0.5720586542528815,-196.1460974182605,3.569611481068668,0.22099945926021958,-199.7790005407398,0.22099945926021958,-0.5679445015087314,-200.56794450150872,-0.5679445015087314,-0.03890218081479821,-200.03890218081483,-0.03890218081479821,-0.28883339488839166,-200.2888333948884,-0.28883339488839166,200.33025531104747,501.14085630463035,2.4409408439564806,351.00734923725645,405.85251222434283,3.6675313318527145,455.14693956207634,195.46673624731787,-1.2013954947269077,503.39522529936596,56.28216550471322,-2.0000641633960647,-2.204457188881996,-205.07353237193144,-1.7648133082157806,-0.06254269588360917,-200.06254269588362,-0.06254269588360936,-0.6227195633554501,-200.62271956335547,-0.62271956335545,0.02081803130239912,-199.97918196869762,0.020818031302399065,-0.35338960846423295,-200.35338960846425,-0.353389608464233,-149.80831931019287,-98.04957764527535,3.2570913007037694,-149.81265579906386,-448.05391413414645,3.252754811832735,-150.27593674569118,-898.5171950807737,2.789473865205446,0.6350238357379756,-199.36497616426203,0.6350238357379758,151.24121501391042,-100.74368328466909,-1.2206417972991166,151.21819570078537,-450.76670259779416,-1.2436611104241735,151.5998424852606,-900.385055813319,-0.8620143259489212,-0.11486012415958746,-200.1148601241596,-0.11486012415958746
296,2.96,0.42957113225732646,700.4295711322575,0.42957113225732646,-0.0552082808379275,549.9447917191621,-0.05520828083792747,0.5321679954459758,300.5321679954461,0.5321679954459758,0.2253968057939265,400.22539680579393,0.22539680579392657,1.3474519721011853,201.34745197210125,1.3474519721011848,-0.008934680124395675,99.99106531987567,-0.008934680124395578,-0.6946404809227184,999.3972489106638,-1.0095501196733356,-200.94811301639882,500.91123211618566,2.30667134545232,-346.9466439555908,396.29959409125206,4.8553140617464505,-450.6818064263107,202.59803306513726,2.1855090328095423,-498.0641853662603,46.789723570586396,3.4373055066618305,-0.31957508943715496,-195.87247099343506,3.707802885206115,0.29066531909061666,-199.70933468090942,0.2906653190906167,-0.4758832911510088,-200.47588329115098,-0.4758832911510087,0.0700592688636601,-199.92994073113636,0.07005926886366008,-0.07941488339711097,-200.0794148833971,-0.07941488339711097,200.4273402510463,501.0645835703318,2.4600227995984763,350.7811514109362,405.99876909083963,3.7195643436285835,455.2770319795666,195.69100602431098,-1.0060696390948423,503.4031132870622,56.3179052206533,-1.8489533777291607,-1.9645821369615457,-204.74340195452032,-1.4581573530972312,0.0670167328277671,-199.93298326717226,0.06701673282776688,-0.4020382037591155,-200.40203820375916,-0.40203820375911536,0.2083809364041252,-199.79161906359587,0.20838093640412517,-0.2838922564897556,-200.28389225648976,-0.2838922564897557,-149.74151258490375,-98.31190503713346,3.159422056581936,-149.6635613983314,-448.23395385056114,3.2373732431542974,-150.23129881873126,-898.8016912709611,2.6696358227544223,0.5505455671025595,-199.44945443289745,0.5505455671025595,151.16355431875908,-100.44983201218423,-1.107561045225402,151.40488554079002,-450.2085007901533,-0.8662298231944476,151.80771306060103,-899.8056732703424,-0.4634023033834307,0.01882127072154119,-199.98117872927844,0.01882127072154119
297,2.97,0.6258073098067556,700.6258073098069,0.6258073098067556,-0.019026341927047587,549.980973658073,-0.019026341927047566,0.48444409780529196,300.4844440978054,0.4844440978052919,0.5350060567519719,400.53500605675197,0.5350060567519719,1.3676687383625308,201.36766873836262,1.3676687383625308,0.15479885206884586,100.15479885206895,0.15479885206884592,-0.7818737238114566,999.2907911597752,-1.1086408702809305,-200.70485047619846,501.01095452449204,2.4921922545153845,-346.6607388800585,396.26834407040803,4.890810584313041,-450.9454205401492,202.79596767653322,2.0400351303142235,-497.61675412195734,46.84309073606307,3.802827256430631,-0.21665523367235842,-195.76243620427311,3.6916221641155276,0.42909268948878587,-199.5709073105112,0.42909268948878587,-0.4148219020463129,-200.4148219020463,-0.4148219020463129,0.18186570926962464,-199.81813429073037,0.18186570926962464,0.15046266530406044,-199.84953733469592,0.15046266530406038,200.4952539047202,500.97532610128826,2.456563831311604,350.61994287706113,406.1687893152766,3.8051734481938464,455.37744120609455,195.8933474307724,-0.8316681666065444,503.4074498365261,56.35416631391415,-1.6897101682749716,-1.8508658511663172,-204.55536003041672,-1.2904712558566576,0.1136181333468324,-199.88638186665318,0.11361813334683213,-0.1742390757485742,-200.17423907574855,-0.17423907574857414,0.42200856013986954,-199.5779914398601,0.42200856013986954,-0.08250017604070814,-200.0825001760407,-0.0825001760407082,-149.60365501990776,-98.47318064878411,3.144088060045881,-149.47851105744178,-448.3480366863181,3.2692320225118547,-150.10366108744012,-898.9731867163165,2.644081992513519,0.4021933402595315,-199.59780665974046,0.4021933402595316,151.06857118419805,-100.20723295409869,-1.0256376028166385,151.5013855891998,-449.774418549097,-0.5928231978148959,151.92317951322508,-899.3526246250718,-0.17102927378961597,0.06764238680463,-199.93235761319536,0.06764238680462997
298,2.98,0.7502531361712814,700.7502531361714,0.7502531361712814,0.03814599086353138,550.0381459908635,0.03814599086353137,0.4157373227991145,300.4157373227992,0.4157373227991144,0.7596310590756712,400.7596310590757,0.7596310590756712,1.2787865674710495,201.27878656747112,1.2787865674710492,0.2987635371936621,100.29876353719375,0.2987635371936621,-0.8180086155619893,999.2395463986302,-1.1540623808152068,-200.54993261648528,501.052511253601,2.600764304826904,-346.511876267646,396.1741717884862,4.842072243460884,-451.1879962347024,202.9121322655322,1.8869089626515758,-497.3388411564017,46.818699552962435,4.015159672865258,-0.27172227404252136,-195.81851902120547,3.5344244665089297,0.587726091782145,-199.4122739082178,0.5877260917821451,-0.39329379123994884,-200.3932937912399,-0.3932937912399489,0.26552751947662123,-199.73447248052332,0.26552751947662123,0.31718994395725997,-199.68281005604268,0.31718994395725997,200.51022379013185,500.86686191906136,2.415114970287384,350.4904089589296,406.2955839907605,3.8662611378861502,455.39696442182066,196.00237069941613,-0.7455777585203083,503.37308073911345,56.34862314757993,-1.588258971046837,-1.8925208453338058,-204.54291555494316,-1.2935217619178225,0.09506942659257081,-199.9049305734074,0.09506942659257052,0.010327764917220981,-199.98967223508276,0.010327764917221052,0.586589773950736,-199.41341022604922,0.586589773950736,0.16629289217049334,-199.83370710782947,0.16629289217049328,-149.45722420158953,-98.56206369989889,3.1679488597475762,-149.32633770310184,-448.4311772014112,3.2988353582352827,-149.96096399103862,-899.065803489348,2.664209070298506,0.24786010911367395,-199.75213989088633,0.2478601091136739,150.95811737265186,-100.05215315742325,-0.9949481581788122,151.48928586909307,-449.5209846609821,-0.4637796617376137,151.9194638506761,-899.0908066793991,-0.03360168015458756,0.0030416615476325237,-199.99695833845234,0.003041661547632457
299,2.99,0.7960478601937098,700.7960478601938,0.7960478601937098,0.0750015772922047,550.0750015772923,0.07500157729220466,0.35234558732025884,300.3523455873203,0.35234558732025867,0.8678088644065043,400.86780886440647,0.8678088644065043,1.1837356441473732,201.18373564414742,1.1837356441473732,0.3722063320539009,100.37220633205398,0.3722063320539009,-0.8154227286905362,999.2336806141668,-1.1566599516080014,-200.48840677233642,501.0504550781813,2.6360510955981935,-346.46411343078626,396.08810782153114,4.779085961018187,-451.34453089871727,202.95487167764372,1.7792565941168443,-497.22802410929796,46.76298775772291,4.088948179842821,-0.3671764731740459,-195.91667456299655,3.379073327873952,0.6931796970537907,-199.30682030294616,0.6931796970537907,-0.39354322743139936,-200.3935432274314,-0.39354322743139936,0.3045459566274203,-199.69545404337254,0.30454595662742023,0.3927484632041537,-199.6072515367958,0.3927484632041537,200.49572172208696,500.78335679352483,2.368952810941871,350.4032860519824,406.3504655148639,3.884606607256628,455.3694820686766,196.02806258872755,-0.7330399036968414,503.326836755295,56.31972761474957,-1.553899409143754,-1.9799676390696095,-204.6015352428935,-1.3606490767890218,0.0627671297615249,-199.93723287023843,0.0627671297615246,0.1110171398643001,-199.88898286013563,0.11101713986430016,0.6691738042754716,-199.33082619572448,0.6691738042754716,0.3327029899635475,-199.6672970100364,0.3327029899635475,-149.36796125075085,-98.60447146789738,3.187954012446219,-149.25008534577591,-448.48659556292233,3.305829917421205,-149.8753091947699,-899.1118194119164,2.6806060684271853,0.14709577869378365,-199.85290422130618,0.1470957786937836,150.8763485690073,-99.98534789956074,-0.9970922483548865,151.43710688388333,-449.4245895846847,-0.43633393347883687,151.8675228973615,-898.9941735712066,-0.005917920000660451,-0.08573911372427104,-200.08573911372423,-0.08573911372427112
