frame,time,Head_x,Head_y,Head_z,Neck_x,Neck_y,Neck_z,Spine_x,Spine_y,Spine_z,Spine1_x,Spine1_y,Spine1_z,Spine2_x,Spine2_y,Spine2_z,Spine3_x,Spine3_y,Spine3_z,Hips_x,Hips_y,Hips_z,LeftShoulder_x,LeftShoulder_y,LeftShoulder_z,LeftArm_x,LeftArm_y,LeftArm_z,LeftForeArm_x,LeftForeArm_y,LeftForeArm_z,LeftHand_x,LeftHand_y,LeftHand_z,LeftHandThumb_x,LeftHandThumb_y,LeftHandThumb_z,LeftHandIndex_x,LeftHandIndex_y,LeftHandIndex_z,LeftHandMiddle_x,LeftHandMiddle_y,LeftHandMiddle_z,LeftHandRing_x,LeftHandRing_y,LeftHandRing_z,LeftHandPinky_x,LeftHandPinky_y,LeftHandPinky_z,RightShoulder_x,RightShoulder_y,RightShoulder_z,RightArm_x,RightArm_y,RightArm_z,RightForeArm_x,RightForeArm_y,RightForeArm_z,RightHand_x,RightHand_y,RightHand_z,RightHandThumb_x,RightHandThumb_y,RightHandThumb_z,RightHandIndex_x,RightHandIndex_y,RightHandIndex_z,RightHandMiddle_x,RightHandMiddle_y,RightHandMiddle_z,RightHandRing_x,RightHandRing_y,RightHandRing_z,RightHandPinky_x,RightHandPinky_y,RightHandPinky_z,LeftUpLeg_x,LeftUpLeg_y,LeftUpLeg_z,LeftLeg_x,LeftLeg_y,LeftLeg_z,LeftFoot_x,LeftFoot_y,LeftFoot_z,LeftToeBase_x,LeftToeBase_y,LeftToeBase_z,RightUpLeg_x,RightUpLeg_y,RightUpLeg_z,RightLeg_x,RightLeg_y,RightLeg_z,RightFoot_x,RightFoot_y,RightFoot_z,RightToeBase_x,RightToeBase_y,RightToeBase_z
0,0.0,-0.11350003744750992,699.8864999625526,-0.11350003744750992,-1.5560830228339844,548.4439169771662,-1.5566491840846564,-0.6868904009223586,299.44396012865934,-0.6868904009223586,-0.27248224837871465,399.7275177516212,-0.27244006297287826,0.29450671566595965,200.294506715666,0.29450671566595954,-2.0946549779134616,97.90534502208672,-2.0946549779134616,0.25915141587953544,1000.2460251944923,0.2525895185095866,-194.7666581924892,499.4817467907864,-0.6560021720963807,-342.6432221820384,405.27374066833164,-1.8376290277791578,-454.91836585284454,207.30974348395839,4.265542196671566,-505.152634246901,62.31766487278276,-3.3492954412431493,0.02982861308563331,-210.72439581449436,5.387169219265777,1.186321763503308,-198.81367823649663,1.204313014091617,0.8120478025744058,-199.18795219742555,0.8120478025744058,-1.0632311785784057,-201.06323117857835,-1.0632311785784057,-0.6706706274252674,-200.66546853310004,-0.6654685331000862,206.81427924221137,501.0886199960552,0.9508710331724237,357.9059402891671,405.21094886187836,2.090050878694629,456.50704719243936,205.20524919446683,-6.775523065735122,497.9738032239677,48.30621654889051,0.33964038288890397,2.472235633301955,-187.89428770710435,4.744661044862229,0.46879932167976857,-199.53120067832018,0.46879932167976857,0.2481840180849161,-199.75181598191506,0.24818401808491605,-1.365857574024088,-201.36585757402406,-1.3658575740240877,1.4033775025166835,-198.59662249748328,1.4033775025166835,-150.7539010873504,-100.30255699265108,-0.6159809887147932,-149.03614846195688,-448.58480436725756,1.1017716366787738,-150.8896718603117,-900.4383277656125,-0.7517517616760304,0.14517130239519857,-199.85482869760472,0.14517130239519857,150.2879939296514,-100.13709772227332,0.16319762575566724,149.24410740926,-451.1809842426648,-0.8806888946357474,150.0107502239557,-900.4219947980635,-0.11404607994004284,0.48118249940717334,-199.51902791050662,0.4809720894933324
1,0.01,-0.021599943659716653,699.9784000563405,-0.02159994365971668,-1.281891312028126,548.718108687972,-1.2843842167766022,-0.6713388259620858,299.51369659933704,-0.6713388259620858,-0.1153944145246793,399.88460558547524,-0.11511933112370179,0.14877933258094211,200.148779332581,0.1487793325809421,-1.8154436363297926,98.1845563636704,-1.8154436363297923,0.16581707546684082,1000.14845431167,0.15713793073806054,-194.62128671003103,499.7001536861774,-0.4820145802215429,-342.5785401738248,405.2064623953266,-1.6128127787691948,-454.97355723332805,207.26134115588548,4.466536647062325,-505.32657714302195,62.14195512852746,-3.5955895369709725,0.35547835012496926,-210.73207574321566,5.391833275449699,1.0036055200433731,-198.9963944799566,1.0485535604843417,0.7257212870935719,-199.27427871290638,0.7257212870935718,-0.8721592173170176,-200.87215921731695,-0.8721592173170176,-0.523098605129537,-200.50577755108483,-0.5057775510848759,206.84274786386433,501.2043607675166,1.0221925011177373,358.217520823164,405.3163997709661,2.2542926781462853,456.8203004086997,205.41293505521793,-6.490155169058088,498.4284892362086,48.38812781339884,0.4206383873297325,2.8553115889487355,-187.70290683447217,4.828507636362198,0.20638673440110633,-199.79361326559885,0.2063867344011062,0.19737778645691903,-199.80262221354303,0.19737778645691872,-1.0668969200702838,-201.06689692007023,-1.0668969200702838,1.3316930447941018,-198.66830695520585,1.331693044794102,-150.6050845992904,-100.00771579757927,-0.4226014534576551,-149.1841174921315,-448.58674869042045,0.9983656537012359,-150.72489925717943,-900.1275304554683,-0.5424161113467088,0.27389516399016667,-199.7261048360098,0.27389516399016667,150.1903435681506,-100.3722997059665,0.025218711775422176,149.21096350034483,-451.3516797737723,-0.9541613560303348,149.89637973401523,-900.6805976449151,-0.2687451223599232,0.6776849604443945,-199.32368708454487,0.6763129154551138
2,0.02,0.06802938903780723,700.068029389038,0.0680293890378072,-0.8731680192536412,549.1268319807464,-0.8830276487967985,-0.6821626663307936,299.572037157439,-0.6821626663307935,-0.01920237765268811,399.98074111496453,-0.017861896255094212,-0.1749572885302309,199.8250427114698,-0.1749572885302309,-1.3779600709211965,98.62203992907894,-1.3779600709211965,0.0852433936093251,1000.0602982837754,0.07277542608805898,-194.5422831188235,499.91162235371723,-0.35001279224210147,-342.53088992982,405.02257808792234,-1.2713468320523982,-455.202659193691,207.03697811335434,4.6883912837126385,-505.60940629421657,61.838936690672455,-4.0136446382197075,0.8048776896627874,-210.83898059266747,5.263858131437221,0.6194674043193841,-199.3805325956806,0.7256866882771276,0.4903438561890258,-199.50965614381096,0.4903438561890257,-0.6825348562070366,-200.68253485620698,-0.6825348562070365,-0.37383035417790156,-200.32088201720995,-0.3208820172099982,206.7822402814382,501.30178811463117,1.0401529686719324,358.62608755451197,405.3610337154922,2.404738499845668,457.2579080814693,205.66583034245417,-6.0921692104123135,499.08750121610683,48.352549178124626,0.4092696544631031,3.4024087166285506,-187.49942100645495,4.840870991699961,-0.15628183380593808,-200.1562818338059,-0.1562818338059382,0.054181397795052155,-199.94581860220495,0.05418139779505207,-0.6584347237757007,-200.65843472377566,-0.6584347237757006,1.1399224974996012,-198.86007750250036,1.1399224974996012,-150.3460742363658,-99.48707127267548,-0.08379508886262499,-149.38563675397492,-448.52663024767037,0.8766423935282158,-150.49789174733488,-899.6388887836446,-0.2356125998317162,0.34673128157810323,-199.65326871842188,0.3467312815781032,149.96896315161436,-100.84014959240798,-0.2683800608462768,149.11753448455707,-451.69157825946536,-1.1198087279035682,149.66807091596817,-901.167028817968,-0.5692722964924555,0.8792630798894994,-199.12770473950394,0.8722952604960696
3,0.03,0.04022485058119968,700.0401328479948,0.04022485058119968,-0.5125672690149231,549.4874327309851,-0.5429370660578466,-0.7415752392571262,299.54351227401537,-0.7415752392571262,-0.16198498763555325,399.83764653794253,-0.15682826425009033,-0.6180181401416699,199.38198185985837,-0.61801814014167,-0.9073129904239023,99.0926870095762,-0.9073129904239022,0.10484852947055123,1000.0702393072052,0.08755272782685297,-194.66923581427295,499.95724607634264,-0.40559697261537375,-342.53415442483583,404.7341702596955,-0.8848436145776484,-455.64980044216475,206.57988980881078,4.799584008842741,-505.88575331286967,61.500373351501835,-4.474487103828475,1.185219323565796,-211.09686457999413,4.902824270751365,0.11046830483246037,-199.88953169516756,0.30870721289227365,0.12441504674613692,-199.87558495325385,0.12441504674613676,-0.6477280312708761,-200.64772803127087,-0.6477280312708761,-0.34316101416932937,-200.21614455676036,-0.21614455676038147,206.53168866299103,501.25624996462363,0.8934069156657072,358.8877621440785,405.1697972823494,2.349659416845039,457.61092836730097,205.7924718786109,-5.767628839524857,499.67878847783777,48.002838136558864,0.14369744209579283,3.880154312333759,-187.46022221452426,4.639557641224462,-0.3876342354663303,-200.38763423546635,-0.38763423546633036,-0.14623189321956337,-200.1462318932196,-0.14623189321956342,-0.3311579985266429,-200.33115799852663,-0.33115799852664285,0.8297896989472175,-199.1702103010528,0.8297896989472174,-150.02436514103874,-98.8312177187264,0.33971084840912036,-149.52544970767485,-448.33227918461546,0.8386262817730086,-150.3510627193046,-899.1579152969923,0.013013270143288208,0.22685871065618265,-199.7731412893438,0.2268587106561826,149.64221779726248,-101.48171118051883,-0.6870858636429542,148.95333294079938,-452.1705960369819,-1.376151445361096,149.3439391751382,-901.8176790940485,-0.9855452110222661,0.9312667292561028,-199.0962915310364,0.9037084689636341
4,0.04,-0.14196209448054314,699.857479042386,-0.14198392236527077,-0.28789783229603305,549.7121650646815,-0.36075118810509754,-0.8048801083236673,299.44631791642723,-0.8048801083236672,-0.49139825529283815,399.50679337416614,-0.47625071543173436,-0.9935429082568005,199.00651998872075,-0.9935429082568006,-0.4714195478233913,99.52864334915418,-0.4714195478233911,0.19811169240478332,1000.1527638426574,0.17548482128818693,-194.87370073644382,499.9491536482034,-0.5254208166100302,-342.51029063360784,404.4582620577921,-0.4076099055632672,-456.15860792027945,206.03563645328046,4.8820187333606935,-506.0350810331021,61.22700246790086,-4.845703057427389,1.480400652295143,-211.42573716208284,4.371492060751879,-0.30354836342442904,-200.30348546644694,-0.015112454154113775,-0.2182792689705438,-200.2182163719931,-0.2182792689705439,-0.7054015649186427,-200.7053386679412,-0.7054015649186427,-0.4068050676558529,-200.16944418759675,-0.16950708457422387,206.1092578596366,501.06597707912454,0.5914026143111559,358.9043168096797,404.7033838087716,2.0356243714419113,457.8053343854583,205.75057927443612,-5.571290865526969,500.09135957653234,47.311503308063045,-0.39179729108777545,4.223607266863315,-187.6008734521276,4.238347610087881,-0.3428647446169518,-200.34280184763946,-0.34286474461695204,-0.271984812022524,-200.27192191504508,-0.27198481202252406,-0.12671613203889576,-200.1266532350614,-0.12671613203889576,0.504454524677015,-199.4954825783455,0.504454524677015,-149.68255650524978,-98.11905090551072,0.7941310334155269,-149.54022851538392,-447.97660560037116,0.9364590232813846,-150.3306440547489,-898.7671384550099,0.14604348391642302,0.004261462415256236,-199.99567564060726,0.004261462415256158,149.30447984703704,-102.16833005320704,-1.1257754726964084,148.74818164095365,-452.72462825929045,-1.6832521554784616,148.98819983802574,-902.5273013962592,-1.4432339584063896,0.8679517398875953,-199.21687078081467,0.7830663222078647
5,0.05,-0.3807742307076347,699.6164468661785,-0.380916566395723,-0.1376300739937476,549.8627800658198,-0.2737380614694034,-0.7895988830444037,299.38334815134573,-0.7895988830444037,-0.8131020549265926,399.1799070782821,-0.7796116653065999,-1.1197556721817896,198.88065446763187,-1.1197556721817898,-0.12380344570415541,99.87660669410947,-0.1238034457041553,0.26877445198809125,1000.2120332562838,0.24063468054488102,-194.90406480255265,500.1293281937104,-0.4609409036982408,-342.38697308995904,404.2906974351854,0.21265182773351693,-456.4916865903141,205.63507747602483,5.12777726503759,-505.9998236978756,61.06501688461694,-5.061997996950652,1.800135297002155,-211.67928677533274,3.8273006324525944,-0.3997812176752408,-200.3993710778617,-0.07294051327665957,-0.38614605022383763,-200.38573591041032,-0.38614605022383774,-0.6634348119843486,-200.66302467217082,-0.6634348119843485,-0.46415035334435856,-200.1184736854408,-0.11888382525437324,205.6270685707858,500.8312808861656,0.24101178875689244,358.72398179458827,404.0480152406917,1.540293271530826,457.89423377826927,205.61237249945862,-5.4386918340936425,500.361127196106,46.4021520972417,-1.1012626669315122,4.517329401376938,-187.80547542271535,3.7712310667670677,-0.07081579280553019,-200.070405652992,-0.07081579280553041,-0.21423860671473102,-200.2138284669012,-0.214238606714731,0.03884834046290647,-199.96074151972354,0.03884834046290647,0.2924770948032399,-199.70711276538321,0.29247709480323986,-149.36305085419687,-97.4143473738958,1.230383606540709,-149.42769531098827,-447.47852783977874,1.1657391497492817,-150.32076745025483,-898.3720639699538,0.27266701048273617,-0.10804610058327851,-200.10763596076973,-0.10804610058327863,149.06259609250586,-102.77262499638616,-1.4685740268438907,148.54392127149342,-453.2912998173987,-1.993233646357769,148.7062214167188,-903.1666746422314,-1.8309335011323813,0.8197897108621932,-199.38342968061426,0.6161601795722088
6,0.06,-0.4795009337668027,699.5098091269185,-0.4802237740348608,0.04001497921744157,550.0420978410548,-0.15802097402059945,-0.6698432564338905,299.4245919500667,-0.6698432564338905,-0.9991156546168292,398.98017050197734,-0.9452128974240129,-0.9663325351714016,199.035750326666,-0.9663325351714015,0.06620578117957865,100.0682886430169,0.06620578117957873,0.26739087707848924,1000.1978490210774,0.2337014564275784,-194.68284501949032,500.57180881196234,-0.13607925941920215,-342.23727309116174,404.1698576278096,0.8929880517801843,-456.57001028371235,205.45497923432183,5.594670238453633,-505.81884461502096,60.97197457232603,-5.157858367312125,2.2149265472450494,-211.782064612586,3.363586959410198,-0.1657878514039859,-200.16370498956672,0.12264805786632926,-0.3753513355269401,-200.37326847368965,-0.3753513355269402,-0.4319843278933361,-200.4299014660561,-0.431984327893336,-0.48074194283120064,-200.087420848793,-0.08950371063027984,205.20700417250742,500.6696064366603,-0.0382816347212982,358.4110461390575,403.29299353030905,0.9482836765404611,457.93313340791906,205.4427392537358,-5.30952808741376,500.5679129084141,45.431066508786934,-1.8741104360427019,4.840615158807999,-187.9777814480454,3.3425519664337084,0.23698528517032946,-199.76093185299243,0.23698528517032935,0.02374634375238549,-199.97417079441033,0.023746343752385546,0.2532639710496567,-199.74465316711303,0.2532639710496567,0.23538225756691156,-199.7625348805958,0.23538225756691156,-149.09655653128476,-96.75625085271955,1.6147829376834897,-149.21361023931635,-446.87187536813684,1.4977292296519076,-150.1671247210176,-897.8268190424526,0.5442147479506678,-0.02974649709464325,-200.02766363525737,-0.02974649709464325,148.95417457129588,-103.24704739526703,-1.6661157191262572,148.35254912510703,-453.84867284145594,-2.29141150255942,148.57217884386844,-903.6549367256943,-2.0717817837979973,0.8366433929245884,-199.5417037938845,0.4562133442782569
7,0.07,-0.2703538206800149,699.6979086764278,-0.273212709398602,0.2405223606781523,550.2487602390481,0.016118226614851794,-0.534324334966027,299.51241172832226,-0.5343243349660272,-1.0473590752738273,398.90619235010456,-0.9889836300613494,-0.6447651257515349,199.36347275261846,-0.6447651257515351,0.061965828789106,100.07020370715901,0.061965828789106,0.2321349475608607,1000.1453308687187,0.19291123360331497,-194.38078578036013,501.1073473052393,0.2778865726647272,-342.2215275911017,403.94212315650395,1.4684807279218999,-456.5532972455917,205.33737119010806,6.114563731468883,-505.5850436065799,60.85745735994834,-5.223433874977327,2.689083470740203,-211.7688483484763,2.9559824393956338,0.17326046831496822,-199.81850165331517,0.37149937637478136,-0.3081551294501417,-200.29991725108027,-0.3081551294501417,-0.11640143524730917,-200.10816355687749,-0.11640143524730923,-0.517101705067353,-200.16359729860753,-0.17183517697736767,204.9319585966253,500.66497453991843,-0.16448619265604947,357.96099975914746,402.45917132724367,0.27612353998529404,457.9021778146391,205.22770602502442,-5.202404695039988,500.78455767759624,44.51681733843021,-2.6222797362524117,5.179888763577889,-188.12048492953835,2.9507613145248923,0.4014317040776113,-199.59033041755254,0.40143170407761114,0.33853563471530723,-199.65322648691483,0.33853563471530723,0.5226093568076512,-199.4691527648225,0.522609356807651,0.2761914847470625,-199.71557063688306,0.27619148474706245,-148.87864080410958,-96.1402691216048,1.950733027729782,-148.9281913058115,-446.18652695136893,1.9010467431127627,-149.83425462677252,-897.0958829442679,0.9951192050668249,0.10764173232214366,-199.884120389308,0.10764173232214362,148.93783460829735,-103.6269289165231,-1.7401820240273733,148.1513542118504,-454.41340931297015,-2.5995721920738855,148.5511965051367,-904.0274268666149,-2.1997298987875884,0.851860359456893,-199.69342421681648,0.2983379048136956
8,0.08,0.2233634015008586,700.1508940190937,0.2145574043006846,0.3653028079414581,550.3906772596958,0.16726685470341718,-0.519450283899959,299.51842269857707,-0.5194502838999588,-0.993004186215815,398.9302025208109,-0.9613776549321843,-0.2887388816970292,199.73663557005744,-0.2887388816970293,-0.09393485390126599,99.93143959785311,-0.09393485390126596,0.23055928293460273,1000.1155648506584,0.18583379882899714,-194.20058997148533,501.53913372094553,0.5780406899052652,-342.40541438075275,403.54923284973876,1.8707941885168502,-456.6831413796084,205.04654317516594,6.442363289689887,-505.3887425596239,60.638780308201255,-5.3467294201045785,3.1474904901436336,-211.70722608037684,2.5375878263946965,0.366291746969934,-199.60833380127576,0.47240138808607446,-0.31108337516466955,-200.2857089234103,-0.31108337516466955,0.11046193153188932,-199.8641636167138,0.11046193153188932,-0.6282280485364431,-200.3655556137005,-0.3909300654548141,204.81939139349873,500.840603506384,-0.12048952465629104,357.3446598446246,401.5443827677649,-0.4850908790007301,457.73010144549244,204.90305831280853,-5.18878011403315,501.0791550411724,43.744045352228476,-3.2684077470241477,5.461992582916624,-188.29578551513092,2.5296514464930047,0.3463992673891638,-199.6282262808565,0.34639926738916377,0.5654173034625571,-199.4092082447831,0.5654173034625571,0.766821309366511,-199.2078042388791,0.766821309366511,0.33418143943229717,-199.64044410881334,0.33418143943229706,-148.67983337175033,-95.5311437835623,2.2674033843843358,-148.61476293193883,-445.46055356266044,2.331588408367075,-149.4050376129939,-896.2563480248059,1.5421991431407878,0.13673470485634623,-199.83789084338932,0.1367347048563463,148.92648940034155,-103.9922113232941,-1.756275479593131,147.908432758217,-455.0102679654186,-2.949353029706473,148.50633515213366,-904.4181432152861,-2.351450635789809,0.776304839135271,-199.8255438223271,0.1490817259185795
9,0.09,0.7282429776828692,700.6016440550108,0.7071184885606281,0.35959621659372976,550.4204663620053,0.22348822911807387,-0.6750863723874334,299.38894389648027,-0.6750863723874334,-0.8540014164191312,399.05821553756283,-0.8679566134446259,0.024940024418822593,200.08581016983047,0.024940024418822593,-0.3080861631093359,99.75278398230226,-0.30808616310933595,0.29801280689039183,1000.1365356320632,0.2478255441254716,-194.17828454686025,501.83819699708886,0.7282234332645937,-342.70335035732705,403.08425300336273,2.1833108959617684,-457.076490939954,204.47262503555027,6.459106851944171,-505.29354500505957,60.26173057407095,-5.58895562320113,3.5384070604712017,-211.63786546416515,2.064254228546879,0.32947784819519255,-199.60965200639328,0.37371092749822854,-0.43020302387615994,-200.3693328784646,-0.4302030238761599,0.169368688387731,-199.76976116620074,0.16936868838773095,-0.7748552953310545,-200.58696869251054,-0.6478388379221066,204.79637356877092,501.1305516290538,0.02057806522958605,356.6047733723176,400.59710878007616,-1.2942385026565204,457.3553985573911,204.41454490551772,-5.3308791448439115,501.5119563591327,43.17604364062741,-3.744773756939583,5.616470451232534,-188.56343908147502,2.014081647672673,0.0913334832817059,-199.84779637130674,0.09133348328170579,0.5423211425322819,-199.39680871205613,0.5423211425322819,0.8663450081351748,-199.07278484645326,0.8663450081351748,0.361084802933759,-199.57804505165467,0.3610848029337589,-148.48913019764223,-94.91055511907223,2.575694027555511,-148.33320878388668,-444.749810711391,2.727118928710393,-148.9751146131405,-895.3965395345706,2.089709612057241,0.03768528750002814,-199.90144456708845,0.03768528750002827,148.8081532051434,-104.44746752377216,-1.8287586026469824,147.61125438772672,-455.64436634118897,-3.353195311941192,148.29904769013967,-904.958448765086,-2.66540200952823,0.566332496465041,-199.92631981276662,0.012810041821843615
10,0.1,0.8805419378913442,700.7127666653222,0.8410761964858962,0.26600272617654613,550.3797231292701,0.19314937036748173,-0.8953449953957304,299.2189976729014,-0.8953449953957304,-0.6511726170196189,399.294101652162,-0.6905846619612839,0.266651657152282,200.3803720602459,0.266651657152282,-0.49158071081632004,99.62213969227724,-0.4915807108163201,0.42208448928313824,1000.19684583723,0.3664807988544041,-194.2244092479125,502.09272450165486,0.8177706197393007,-342.99079920329984,402.67056199762357,2.528387896849382,-457.6597720461764,203.68806069609784,6.236813697703504,-505.30891691832187,59.718432659614834,-5.9569698757717635,3.82735021245485,-211.59209845557098,1.5085610078468408,0.12064644850585698,-199.76563314840064,0.13500682684044524,-0.608844084369211,-200.4951236812757,-0.6088440843692109,0.10209531511890413,-199.78418428178762,0.10209531511890413,-0.8462383338016621,-200.67956959374027,-0.793289996833759,204.74306244046855,501.4136493381154,0.1386954561998946,355.89986818589705,399.7291549002232,-2.0384386338023006,456.77259563785174,203.7553428717372,-5.635141914595393,502.1086424212393,42.83383903737751,-4.018815802241781,5.631937906229839,-188.93302235299114,1.3973601833499667,-0.2618508045240332,-200.14813040143054,-0.2618508045240333,0.2392009675034002,-199.64707862940307,0.23920096750340009,0.744871155171676,-199.14140844173482,0.744871155171676,0.3575444596777534,-199.5287351372287,0.3575444596777531,-148.33688370360903,-94.30979646538742,2.8451849827676856,-148.1288614412435,-444.10899787093956,3.0354231928119457,-148.58806258673116,-894.5609753485096,2.5940060996455614,-0.07290622455910936,-199.9591858214656,-0.0729062245591093,148.49556458890916,-105.08104534520594,-2.0959093712948076,147.29334492088282,-456.28326501323227,-3.77751638463642,147.92101959152333,-905.6560646004738,-3.1498417139959,0.2222314190662568,-200.04447822648658,-0.15819862958007497
11,0.11,0.5286525347941826,700.3624365844464,0.4712302198777135,0.16208501796990377,550.327547228138,0.13171522092698018,-0.9647874212985437,299.2007702163292,-0.9647874212985438,-0.39145071901288786,399.62535829972546,-0.41347061827560827,0.42892870249089854,200.59439091265898,0.42892870249089865,-0.5604436340466162,99.60501857612144,-0.5604436340466162,0.5372941504801381,1000.2494866093696,0.4763243416407185,-194.25507907455736,502.367871342026,0.9304349498455979,-343.21323677032944,402.343935231027,2.9582993367119492,-458.239266199348,202.86812402184495,5.967879622902228,-505.3420964781176,59.08628111930834,-6.355171267432111,4.008808863176371,-211.59020756851666,0.8714782576789157,-0.16744910553176495,-200.00198689536376,-0.16381823327804423,-0.7037954696243365,-200.5383332594563,-0.7037954696243365,0.012924788585654379,-199.82161300124636,0.012924788585654268,-0.7462832998440718,-200.5636312814369,-0.7290934916049205,204.62674064373988,501.63839856388455,0.20096217170416558,355.46603101457936,399.0868673729425,-2.552805497726445,456.05083758904414,202.97567212282428,-6.0335716075716626,502.8409999710078,42.67171060791617,-4.112221815529377,5.6066042082173935,-189.32236191283107,0.78196909699025,-0.5450181977584073,-200.37955598759044,-0.5450181977584072,-0.14665141523833675,-199.9811892050703,-0.14665141523833697,0.46938658376201625,-199.36515120606998,0.46938658376201625,0.381466278916593,-199.45307151091538,0.381466278916593,-148.2503254963543,-93.77449274283452,3.0485768711608463,-147.99834663023677,-443.5679731077928,3.2457769996763153,-148.23055603089261,-893.7547232773729,3.068346336622521,-0.06019314528328687,-199.89473093511526,-0.06019314528328684,148.0296061469483,-105.87061152435041,-2.5929762724965366,147.05026043129334,-456.84995724000544,-4.1267023185429474,147.54749791708457,-906.3528131411283,-3.6294648327517107,-0.20450412416518307,-200.24267144528716,-0.40813365545516755
12,0.12,-0.09545192952259471,699.7849433763939,-0.16051993684170776,0.12649085825426132,550.3139841057473,0.11658956226513362,-0.7026615023198666,299.4848317451731,-0.7026615023198666,-0.031117947066128842,400.0542075556991,-0.0220357867318835,0.5311535757321042,200.71864682322507,0.5311535757321042,-0.4208456280842132,99.76664761940873,-0.4208456280842131,0.5365688446310705,1000.2159955930628,0.4702881594784577,-194.220786572362,502.6842659857533,1.1155802723270143,-343.3922460911452,402.0537997906045,3.4491274750510232,-458.6218420598908,202.17750082046035,5.844298531235628,-505.20671373293476,58.52660396076949,-6.594135751234288,4.158506577125194,-211.5818961173884,0.23474877467221922,-0.4218092692877281,-200.23431602179483,-0.4210943081497955,-0.5482027469065315,-200.36070949941362,-0.5482027469065315,0.024046606833092177,-199.788460145674,0.024046606833092343,-0.4426361912468335,-200.25079667958676,-0.43828992707968545,204.57243461265762,501.9008966551837,0.33221094175749405,355.49918604511276,398.801855113123,-2.6770569955309154,455.31021610119984,202.1664691151768,-6.407387649682765,503.6339648592092,42.58977788001794,-4.0938740886706295,5.705794205306489,-189.59267839160094,0.3371083285384314,-0.6174184648555898,-200.42992521736267,-0.6174184648555897,-0.293896118721193,-200.10640287122828,-0.2938961187211931,0.2592119689907288,-199.55329478351635,0.2592119689907288,0.5141860714080108,-199.29832068109903,0.5141860714080108,-148.19145493864795,-93.29519773747032,3.2237936863366166,-147.8946382968645,-443.123383259036,3.3892029678517885,-147.85640330659749,-892.96014610542,3.5588453183870725,0.16096082777443352,-199.65154592473266,0.1609608277744336,147.59968876817797,-106.65542192986277,-3.159374172314177,146.99992609069324,-457.25518460734753,-4.282761163986077,147.41163059945117,-906.8434944199367,-3.871056655228153,-0.5960403399011054,-200.49343251008793,-0.6809257575808365
13,0.13,-0.5356510765191383,699.4060442397711,-0.5930733914356076,0.24362574525808312,550.4090879554262,0.24086114115204638,-0.12258255594448392,300.0428796542236,-0.12258255594448392,0.45145793306447146,400.56223369024104,0.45187295534994093,0.6179839060723699,200.78344611624044,0.6179839060723699,-0.04212712492310711,100.12347026677308,-0.042127124923106996,0.3471981538160143,1000.0380219060171,0.27566673937949354,-194.09778067483575,503.0510220458038,1.3968029051781035,-343.58885311064057,401.7242925465745,3.937435436566732,-458.7322540864088,201.67738186807253,5.94036803725622,-504.7500104021267,58.18180730868159,-6.51786179567185,4.406853256239688,-211.4484264971132,-0.2655828979152732,-0.5165722733263397,-200.35111006315833,-0.5164626304847366,-0.05780411769057972,-199.89234190752256,-0.05780411769057969,0.23226353198708216,-199.6022742578449,0.23226353198708227,0.03861065814912473,-199.7950713015248,0.039466488307157876,204.72321130226402,502.3295238001183,0.6753046594925585,355.9985825649132,398.895061185749,-2.375835035217018,454.6605412630708,201.42255290560297,-6.648248776496253,504.3754247721972,42.46624629575637,-4.070094692411406,6.005338384711165,-189.6808200758586,0.14205931231535118,-0.4821618259530123,-200.316699615785,-0.48216182595301216,-0.029142023619365687,-199.8636798134513,-0.029142023619365798,0.3210450894355151,-199.51349270039648,0.32104508943551513,0.7622956360292394,-199.07224215380273,0.7622956360292393,-148.08704728417092,-92.81301369469932,3.443974014915458,-147.76493117994943,-442.732970405223,3.520588849538975,-147.4477582705674,-892.1737246810958,4.083263028518977,0.5996383663050597,-199.23489942352688,0.5996383663050597,147.38909724503577,-107.26658384883768,-3.556493585946787,147.18223237847414,-457.4733341408471,-4.205726091739187,147.57600282034045,-907.0796782735331,-3.8119556498728793,-0.8195939777820185,-200.68169002790646,-0.8471522380744874
14,0.14,-0.486152873377071,699.4990639513497,-0.5256186147825191,0.5287087318324453,550.642429134926,0.5268380465924742,0.5283805604732589,300.64210096356686,0.5283805604732589,0.9239269079277628,401.0148506057782,0.8630503457505433,0.7080348452506698,200.8217552483443,0.70803484525067,0.4256906104205458,100.54029250780751,0.425690610420546,0.031150407532293423,999.763190759375,-0.045566714626974536,-193.93930405601728,503.42895284668987,1.7206944624911835,-343.8918652446169,401.2803771000242,4.3319374580726695,-458.66897546153837,201.28408239181405,6.156860078778893,-504.0074360493302,58.035201456886504,-6.1583946948545805,4.793210948104198,-211.1338670019424,-0.5848842543946655,-0.4161258613532545,-200.30240545825973,-0.4161258613532546,0.6709863027303856,-199.2152932941761,0.6709863027303856,0.6397490073117181,-199.24653058959476,0.6397490073117182,0.6012442327176138,-199.28490411838334,0.6013754785231239,205.0147097532684,502.87392657956616,1.1656681953674835,356.6951532408442,399.1833818666955,-1.8465395412576557,454.1350658983722,200.79080557416495,-6.724522797751783,504.91411856231656,42.168747950549076,-4.186791174666519,6.380757410015095,-189.6956369163418,0.0753469129306964,-0.28504414213815676,-200.17132373904462,-0.28504414213815643,0.49248456693455256,-199.39379502997193,0.49248456693455256,0.6398286582045027,-199.24645093870197,0.639828658204503,0.9972695882763388,-198.8890100086301,0.9972695882763388,-147.94527862591028,-92.32176633887974,3.7008455096148767,-147.60964248943796,-442.3419032493361,3.679279406544241,-147.08239612845603,-891.4588838414256,4.563728007069103,1.1400102786833064,-198.74626931822314,1.1400102786833064,147.40370848370293,-107.68388450701305,-3.6980944475186934,147.48764606009055,-457.5991998106946,-4.005043831116027,147.84404353862308,-907.2435494520928,-3.6486463525835084,-0.8394433583994347,-200.73269077469934,-0.8464111777928647
15,0.15,-0.03420037192848946,699.9684287918174,-0.055324861050730645,0.8368784954632621,550.8977486408749,0.831345988784452,0.90830152458601,300.96917166999765,0.90830152458601,1.1350618432422255,401.188530982049,1.0064945030953683,0.7384919973391775,200.79936214275077,0.7384919973391773,0.6791682941573799,100.74451503696966,0.6791682941573803,-0.21868050161844726,999.5558018653545,-0.300513468281659,-193.88805262437398,503.70366067216025,1.9443825558805188,-344.3968313451711,400.6544365173596,4.53454801957245,-458.63668842143994,200.82210041745213,6.288533408613111,-503.20395066100053,57.89521405301261,-5.7371593238001495,5.175970425637409,-210.74948082768302,-0.8598879234447905,-0.2380300787113535,-200.17715993329978,-0.2380300787113535,1.3640234276261456,-198.57510642696226,1.3640234276261458,1.1252320642688924,-198.81389779031952,1.1252320642688924,1.0550418726376076,-198.8840879819508,1.0550418726376076,205.1633684368103,503.27879412239497,1.519516006115209,357.1803721397705,399.33299231556435,-1.4515526363537088,453.667972485075,200.23321238186898,-6.703793225147166,505.1101612716076,41.590240378767405,-4.57897308298247,6.58191967794089,-189.85778079232983,-0.11062161247794178,-0.18043613531187752,-200.1195659899003,-0.1804361353118774,0.9004774356676383,-199.03865241892078,0.9004774356676386,0.9737999921708285,-198.9653298624176,0.9737999921708287,1.046471740829171,-198.89265811375927,1.046471740829171,-147.88509821183735,-91.91183033246165,3.875352065685237,-147.52283984846275,-441.9538711433486,3.8328472638897653,-146.9061418386052,-890.9328739592296,4.8543084389173625,1.547853348806317,-198.39127650578212,1.5478533488063169,147.47968797901754,-108.04254463430405,-3.7299295305473126,147.7016174320603,-457.8168209931814,-3.8951669121358714,147.92430441392202,-907.5979281993996,-3.672479930274122,-0.7717019567708943,-200.71220385634857,-0.7730740017601749
16,0.16,0.45049995323313263,700.4550184469035,0.44169395603295847,0.9533049703445077,550.9786794220989,0.9364955263175153,0.8012145403328104,300.82658899208724,0.8012145403328104,0.9474260483818506,400.9709292326178,0.7973663029317501,0.5957931445135134,200.62116759626787,0.5957931445135136,0.4928354905696263,100.53579497873004,0.4928354905696265,-0.2273417277624208,999.5723531425817,-0.31421586938759094,-194.07195081326864,503.7653715067215,1.9397557149770175,-345.1223109396633,399.84561843164,4.524121958806551,-458.78470815556386,200.161302278411,6.1857117883124,-502.5684665923568,57.55652219445625,-5.479434033723,5.351421146806057,-210.47925979213412,-1.2898509951735038,-0.1457192061963224,-200.120344754442,-0.14571920619632228,1.730809092078302,-198.24381645616728,1.730809092078302,1.5152888126416613,-198.45933673560398,1.5152888126416615,1.1931069069903235,-198.7815186412553,1.1931069069903233,204.92947658460662,503.32251953514526,1.496903743400785,357.16574179624024,399.0761158859158,-1.477080430829813,453.1568035345892,199.6649069852093,-6.690421912047171,504.9716077884569,40.761056666790864,-5.234226036906047,6.416563867386644,-190.3405755492663,-0.6060485339404427,-0.18626740522194468,-200.1608929534676,-0.18626740522194463,0.9215974652555898,-199.05302808299,0.9215974652555902,1.0876406417003341,-198.8869849065453,1.0876406417003346,0.8652537249516012,-199.10937182329403,0.865253724951601,-147.9930751317193,-91.65136770295932,3.8808067010666987,-147.62446906676067,-441.6398465622699,3.892210526482406,-146.99451185060525,-890.6528044218454,4.879369982180737,1.6350550695879318,-198.33957047865772,1.6350550695879316,147.43794789614398,-108.5031492733039,-3.8824154113075613,147.64385243455246,-458.2822384299383,-4.056281114983191,147.66925084316256,-908.2718463262854,-4.030882706373108,-0.7938100372531336,-200.76864599541258,-0.7940204471669747
17,0.17,0.6407828217678424,700.6431151041799,0.6379239330492552,0.805761912193233,550.8139997905632,0.7654381522115579,0.2560866396280005,300.264324517998,0.2560866396280005,0.4885031769392,400.4963725808873,0.3691414237204288,0.2188044238441299,200.227042302214,0.2188044238441299,-0.06288906892938464,99.99910080323102,-0.06288906892938456,0.010242302887908727,999.8169236410401,-0.08159357561358932,-194.4977899109665,503.60797791566273,1.6998252837450631,-345.94049274597234,398.9819023738364,4.42584553170386,-459.08856176570134,199.3280236823956,5.872706386985756,-502.15046485921164,56.97607864424126,-5.431000379171762,5.257270074664682,-210.38374006346376,-1.9330676704585217,-0.19496310117324678,-200.18672522280335,-0.19496310117324678,1.6839414073733379,-198.30782071425674,1.683941407373338,1.6960414268974704,-198.29572069473264,1.6960414268974702,0.9710435735727487,-199.02071854805735,0.9710435735727487,204.35228074591643,503.04498773516775,1.1368351032500976,356.65350277468997,398.3971482480856,-1.9397111255347035,452.56738977081193,199.05178591136007,-6.720613392776759,504.7270790697207,39.914185346417206,-5.920119114566752,5.870331344384313,-191.15730205187413,-1.423723504248024,-0.17339780698606086,-200.16515992861616,-0.17339780698606092,0.587941166735316,-199.40382095489474,0.5879411667353164,0.9654074809364723,-199.02635464069363,0.9654074809364723,0.601227180620219,-199.3905349410099,0.6012271806202187,-148.20397952298651,-91.47422949050427,3.782309996179147,-147.90837783315934,-441.424105969528,3.832410416408326,-147.26471024513222,-890.53496021265,4.721579274033442,1.445051633517994,-198.5467879110676,1.4449742105624743,147.20928835038214,-109.13382435840467,-4.273087550247331,147.2840979456299,-459.0127920897878,-4.518519816532768,147.15432278419803,-909.1887899245887,-4.648294977964646,-0.976218518799439,-200.96798064042952,-0.976218518799439
18,0.18,0.48308472661405355,700.4838448159571,0.4823618863459952,0.5229343356027227,550.5250171974401,0.44759963402849073,-0.4443950067963237,299.5576878550411,-0.4443950067963238,0.02967739527199721,400.0317037497265,-0.03962835441485729,-0.3243629513985964,199.67771991043873,-0.3243629513985963,-0.6479329048418012,99.48099318428368,-0.6479329048418012,0.33161105662864676,1000.1344383644064,0.23489760767167964,-195.0601274008689,503.32921642016925,1.3298263216377793,-346.65005806955696,398.2563180325294,4.438382777395452,-459.37925255375546,198.48488039319187,5.518552110546105,-501.81004437848526,56.29209821372416,-5.448226976545824,5.026907192854076,-210.33667166224467,-2.652631239912566,-0.31530987749950473,-200.31322701566216,-0.3153098774995047,1.4042343989551243,-198.5936827392075,1.4042343989551243,1.6722401074890216,-198.32567703067366,1.6722401074890216,0.5933284586117848,-199.40458867955093,0.5933284586117848,203.692492613041,502.6991600561081,0.6997699575766904,355.8880004398325,397.51629567316536,-2.6118544004971924,451.9624635962357,198.44820408348846,-6.7337934637613035,504.68026631908833,39.348827398044314,-6.329729893500856,5.099243494382493,-192.1596388837646,-2.4065522337245477,-0.008392892372186767,-200.0063100305349,-0.008392892372186878,0.15365983632852342,-199.84425730183415,0.15365983632852365,0.7793168072063885,-199.2186003309563,0.7793168072063885,0.4743472908368854,-199.52356984732577,0.4743472908368853,-148.37709059846873,-91.24718858452398,3.720441793968013,-148.18428382826238,-441.1857856319716,3.781841203906091,-147.54964329331784,-890.419741279373,4.5478890991189065,1.21206428974389,-198.78635770950746,1.2115594286551858,146.84316281788378,-109.89239381161651,-4.843778689734275,146.74797510460706,-459.8766990957271,-5.1561303899157505,146.58267899586997,-910.1528776336304,-5.321426498652871,-1.2102701144825239,-201.20818725264525,-1.210270114482524
19,0.19,0.165611631788104,700.1657874333271,0.1654692961000156,0.26142230950708645,550.2618490041717,0.15182752034476613,-0.9713403076653464,299.0290698321483,-0.9715043401869461,-0.2613233285374716,399.73908681127614,-0.2915956688902891,-0.8587113871483372,199.14169875266526,-0.858711387148337,-0.899924363992173,99.32915010037618,-0.8999243639921731,0.5632621423641518,1000.3579020958784,0.4617599750877501,-195.6376985036698,503.04351676480917,0.9508063175765376,-347.1622579356083,397.75013415326947,4.647808297844879,-459.50127539518417,197.78201136159083,5.278992102032894,-501.3731779956114,55.678019405749986,-5.353361015011091,4.842249074779572,-210.16292167700973,-3.2636138358697266,-0.42321262661443304,-200.42280248680083,-0.42321262661443293,1.1500056491736408,-198.84958421101274,1.1500056491736408,1.5277727478259064,-198.4718171123605,1.5277727478259064,0.3578677083954814,-199.64172215179093,0.3578677083954813,203.1741288313499,502.5021749306186,0.40946448338605185,355.14405955306023,396.6933851394819,-3.2271930107080795,451.39838752317246,197.9029696371667,-6.67587235963855,504.95039777959545,39.180103803536426,-6.341202254793206,4.321074285545238,-193.13701986637608,-3.3361856723699415,0.2890153879324904,-199.71057447225394,0.2890153879324902,-0.169702042586533,-200.16929190277295,-0.169702042586533,0.669642341171194,-199.3299475190152,0.6696423411711939,0.5662619576098571,-199.43332790257654,0.5662619576098569,-148.4524799141644,-90.91696357228942,3.7549777450596067,-148.22897284920458,-440.7482352449316,3.923706072417409,-147.73544031988007,-890.199923978005,4.472017339343944,1.1255312814749978,-198.87662247487538,1.122967385310991,146.42866020989598,-110.69613603900748,-5.460003676787876,146.21496187025133,-460.70267872861217,-5.789491454419887,146.1378816366036,-910.9869146122999,-5.86657168806764,-1.3312507740127022,-201.3308406341991,-1.3312507740127026
20,0.2,-0.09570949658065209,699.9043315725122,-0.0957313244653798,0.040343622196559126,550.0405536853934,-0.0837543515217124,-1.1738904034735331,298.82617249350403,-1.1749600298767369,-0.42573586016626563,399.57432703681127,-0.4358405034465053,-1.2106507789878893,198.78941211798968,-1.210650778987889,-0.6851749833217657,99.62199587276679,-0.685174983321766,0.6751809354249199,1000.4604648725515,0.5689835426668841,-196.16796177033763,502.80992087117613,0.6250798675121345,-347.6007627498969,397.3353734128018,4.927767621137617,-459.4580053885624,197.21415176177828,5.151088222938864,-500.80094954492495,55.1756870750293,-5.103801337672035,4.767199429109759,-209.80255255082852,-3.699624872809217,-0.519098789096795,-200.5190358921193,-0.519098789096795,0.996330863144671,-199.00364460710674,0.9962924959157343,1.3219296362215347,-198.67800746680095,1.3219296362215347,0.3902162178961748,-199.6097208851263,0.3902162178961748,202.82651750825008,502.4798190073101,0.2949780036461095,354.52694896889096,396.0272251981919,-3.683787289031959,450.81559140758173,197.3522514810569,-6.60879871961584,505.38171154077577,39.25097685172328,-6.108293355133907,3.6672802476803437,-193.96238367859536,-4.081244551602029,0.5394074307126778,-199.4605296723098,0.5394426451259846,-0.38562650333375287,-200.38556360635621,-0.38562650333375253,0.5875363288347561,-199.41240077418772,0.587536328834756,0.7082015631108776,-199.2917355399116,0.7082015631108775,-148.49104512415778,-90.54778919790158,3.824855453494787,-147.9990725315791,-440.0736006576442,4.299043993752197,-147.81263511929706,-889.8693791930409,4.503265458355481,1.1786973940883791,-198.83138011497232,1.1685569880501314,146.0082450565133,-111.5055787439959,-6.047067854141199,145.79584342123147,-461.41657068697987,-6.307662370905014,145.87373878691278,-911.6400850135965,-6.229767005223699,-1.303622523686352,-201.30355962670882,-1.303622523686352
21,0.21,-0.23775391844501037,699.7622460815551,-0.23775391844501034,-0.2210865544409638,549.7797173810518,-0.33014967708093373,-1.1516762209193878,298.8483237790807,-1.1571082320080872,-0.6038743430208084,399.39612565697917,-0.6064716230999556,-1.3140698563224678,198.68593014367758,-1.3140698563224675,-0.17361916451620196,100.11297652513468,-0.17361916451620207,0.7797145958690779,1000.5555227652754,0.6689200637815205,-196.6397253299241,502.6382302370174,0.363602711204838,-348.19324408059015,396.78184956055816,5.047905518244763,-459.4037494012879,196.62735168276825,4.98116789867771,-500.2246739972869,54.65895978919097,-4.827254810960479,4.740037674322576,-209.31965898215557,-4.020436999166381,-0.6641036423037819,-200.66410364230376,-0.6641036423037818,0.8033946301213548,-199.19685555563865,0.8031444443613082,1.0383811015581532,-198.96161889844183,1.038381101558153,0.5526855856749693,-199.44731441432504,0.5526855856749693,202.56327151731938,502.5442741614088,0.26964663559626095,353.94583800376427,395.42459460458934,-4.0738609071340806,450.07974617988907,196.6595326317448,-6.669376683920259,505.7182637787678,39.30582010332158,-5.885580193264285,3.1206254885080384,-194.6559974918045,-4.659926494103534,0.5638128379225888,-199.43618716207743,0.5640424647421924,-0.6385080336624265,-200.6385080336624,-0.6385080336624265,0.37734037736671344,-199.6226596226333,0.37734037736671333,0.6097672679840623,-199.39023273201593,0.6097672679840623,-148.5902570583314,-90.23839089878211,3.8324273895271217,-147.67685562554223,-439.32948597859365,4.7413323097155935,-147.829054816783,-889.4771886572337,4.593629631075524,1.2249065839348157,-198.80632806559902,1.1936719344009346,145.56313409544305,-112.34034840291889,-6.622315350358093,145.5024622587115,-462.0594783130839,-6.698633124971918,145.70808965071868,-912.1953928476435,-6.493005732964735,-1.2380294080765384,-201.23802940807656,-1.2380294080765384
22,0.22,-0.34551720710053824,699.6544827928996,-0.34551720710053824,-0.5547895323694391,549.4486773486753,-0.6279559763508792,-1.1010633806982228,298.8989366193018,-1.1225474013137844,-0.8616876443029416,399.13831235569705,-0.8622119570326947,-1.225781798787757,198.7742182012123,-1.2257817987877573,0.298412731044336,100.43661622352312,0.29841273104433597,0.9867399124126914,1000.7531817166825,0.8714508707208686,-197.0505441462063,502.5303131047855,0.16857477383658825,-349.06636922762556,395.9597743552213,4.878881568359741,-459.48664761860243,195.87477505408532,4.621920226957944,-499.8237311303345,53.95453351837159,-4.699606076361517,4.682593086286132,-208.79448421419966,-4.302821930692586,-0.8759791122014158,-200.8759791122014,-0.8759791122014158,0.43421956295424424,-199.5670509851724,0.4331054961859186,0.6555340461050689,-199.3444659538949,0.6555340461050688,0.606356839537086,-199.39364316046294,0.606356839537086,202.34212849833608,502.652661977711,0.2909236467621551,353.2665852433553,394.7500844713419,-4.532663810556339,449.13144569832775,195.76400259765063,-6.919574530364605,505.82803652903135,39.213222882319926,-5.80436155691122,2.6075527895916393,-195.29601188103447,-5.1492745634910815,0.3523176294009393,-199.64768237059906,0.3534837706130616,-1.002161624835059,-201.00216162483503,-1.002161624835059,0.004371050306118562,-199.99562894969387,0.004371050306118451,0.1368485858800289,-199.86315141411995,0.1368485858800288,-148.79178443475593,-90.03090604898019,3.7358362592759713,-147.513445615971,-438.753452646024,5.013289662232139,-147.8261104770133,-889.0652320912377,4.701510217018593,1.1131453251657084,-198.9617827039168,1.0382172960831606,145.08268306056277,-113.2110789337525,-7.210403637475334,145.32228293815814,-462.6700693638593,-6.974759672490098,145.53484712168932,-912.7589148726261,-6.762195488958927,-1.23466013647758,-201.2346601364776,-1.2346601364775802
23,0.23,-0.5082225602178063,699.4917774397823,-0.5082225602178063,-0.8868015117068806,549.1250133472499,-0.9204465681184435,-1.1040997469059268,298.8959002530941,-1.1702751891884815,-1.1340298100654995,398.8659701899345,-1.1341102160267873,-1.0399855660222324,198.9600144339778,-1.0399855660222324,0.466501336364739,100.3945758602389,0.4665013363647388,1.2833701312533923,1001.0406254991357,1.1636937011821704,-197.40522258298697,502.48094119677046,0.03493791223048248,-350.14931858522567,394.9334119857159,4.4888036902148,-459.7035904907008,194.96111751847195,4.077475962981146,-499.66617151711284,53.00062734744823,-4.785559137121903,4.5554506843259865,-208.26886548349876,-4.585349953050658,-1.0665448100680455,-201.06654481006805,-1.0665448100680455,-0.07001649531832738,-200.0750416106394,-0.07402122400604769,0.226975771760128,-199.77302422823988,0.226975771760128,0.41869069001581993,-199.58130930998422,0.41869069001581993,202.1867795567698,502.82821180629804,0.3822085217580639,352.4668195534952,393.9802840094418,-5.083626353813438,448.0661065833946,194.75980273844334,-7.26661502918909,505.7366175324413,38.99900598456272,-5.838982737076202,2.120545960914989,-195.89997114548896,-5.566035420213511,0.06248891680818991,-199.9375110831918,0.06710109477189365,-1.3693892324574555,-201.36938923245742,-1.3693892324574555,-0.3570440307431382,-200.3570440307431,-0.3570440307431383,-0.5516506370602166,-200.5516506370602,-0.5516506370602166,-149.06017911030398,-89.89023071188046,3.570329928886216,-147.63586178870787,-438.4660491731994,4.994511467567259,-147.82010155774088,-888.6501531593174,4.810407481449313,0.7846428281319738,-199.35534115929983,0.6446588407001405,144.6400307668237,-114.04442836736425,-7.750346446845024,145.2709836700397,-463.20631981410827,-7.12017250900805,145.33394498421964,-913.3505141499684,-7.057211194828108,-1.2754485872545178,-201.27544858725452,-1.2754485872545176
24,0.24,-0.7065535272452443,699.2934464727548,-0.7066012408866327,-1.1031693410181587,548.9286725083329,-1.1040051216964668,-1.0817663909067172,298.9182336090933,-1.2405607381070716,-1.303949155101243,398.69605084489876,-1.3039968687426313,-0.7909244272592559,199.20907557274074,-0.7909721409006444,0.29776530365718196,100.0701311403854,0.2977175900157934,1.5524747287538816,1001.3007311389488,1.4285701822855779,-197.72081511961898,502.4726937873163,-0.05467218995145218,-351.24175968190417,393.8909585594402,4.075126388613537,-459.90508050643814,194.03764444784514,3.498494250720715,-499.6547411261948,51.90081592689748,-4.984744444919226,4.3350036978792135,-207.7692632433308,-4.89138595749335,-1.094752667194119,-201.09475266719411,-1.0948003808355073,-0.5339091936811473,-200.5493876385609,-0.5442534012981544,-0.15956134161501256,-200.15956134161502,-0.15960905525640096,0.030175189275891523,-199.9698248107241,0.030127475634503187,202.08904817592395,503.06234451619474,0.5349785389270109,351.6422655508933,393.2098585633222,-5.632234249744263,447.07756405851245,193.83953320751016,-7.519417242525275,505.51103363895163,38.729960715892446,-5.9230492092035245,1.7236291122624077,-196.42244537878872,-5.8642516893599685,-0.13758098617541714,-200.1375809861754,-0.12342219154279654,-1.5349260374528582,-201.53492603745286,-1.5349737510942465,-0.4943753185337939,-200.4943753185338,-0.49442303217518235,-1.139287402628718,-201.13928740262872,-1.1393351162701066,-149.31801409960553,-89.73925351703929,3.4130759601536735,-147.97230702366048,-438.39354644109414,4.758783036098761,-147.81363611779975,-888.2348755352334,4.917453941959475,0.31588404378261176,-199.8877914561147,0.11196324131746424,144.39673645003177,-114.67853695292402,-8.086425058580986,145.34789476044799,-463.61649621334163,-7.135351826629082,145.15772470539065,-913.9175486975653,-7.325556261431922,-1.2724678289928577,-201.27246782899283,-1.272515542634246
25,0.25,-0.8424102199703963,699.1575897800296,-0.8427213519954619,-1.1231953657468736,548.9446878473327,-1.0990318524560232,-0.9225117933453328,299.0774882066547,-1.219400681772911,-1.3095333914251224,398.6904666085749,-1.3098445234501879,-0.4608183827838698,199.53918161721612,-0.4611295148089354,-0.028764032214211616,99.70943267593854,-0.029075164239277362,1.6776679475760161,1001.4171203461384,1.5498669282397017,-197.9864755674215,502.51604604122275,-0.08984746567087887,-352.14922861525486,393.0132373243249,3.828584090922009,-459.92259980843767,193.27475538219431,3.0547179630310204,-499.60880251965375,50.841998353380255,-5.1137462721383855,4.017220103055976,-207.3030394987709,-5.22539168815408,-0.8850791850514446,-200.88507918505144,-0.8853903170765103,-0.7897078281939293,-200.82683868720497,-0.8066548058298401,-0.4690395997139394,-200.46903959971394,-0.4693507317390051,-0.39949217025093203,-200.39949217025094,-0.3998033022759977,201.97007992200017,503.27579980693287,0.6699063000392309,350.9016672900754,392.54641643040566,-6.07117225444205,446.34505978064914,193.18135865051897,-7.50167095996907,505.17673118792663,38.43077193780471,-6.032513011392715,1.474615163673964,-196.82666425083818,-6.006912862028099,-0.20008327357732061,-200.20008327357732,-0.16631476389032668,-1.3550753506248852,-201.35507535062487,-1.3553864826499509,-0.38110509818769045,-200.38110509818773,-0.3814162302127563,-1.377241986893186,-201.37724198689318,-1.377553118918252,-149.48166854202765,-89.49470355841913,3.347304441627503,-148.3250078646446,-438.338042881036,4.503965119010583,-147.80252112506307,-887.8155561414544,5.026451858592081,-0.12172042142725169,-200.35251499906354,-0.35411457273796115,144.50666112887558,-114.95920865185764,-8.066709816106908,145.49127128410163,-463.9283758232626,-7.08187547677878,145.0528168925348,-914.4130528881985,-7.520554052447693,-1.162660280834933,-201.16266028083498,-1.1629714128599986
26,0.26,-0.846910276094018,699.1530897239061,-0.8484903348931878,-0.9200557555986695,549.1943973004074,-0.879464999648657,-0.6102103087639236,299.38978969123616,-1.0433084568954776,-1.1811936383869863,398.81880636161304,-1.182773697186156,-0.08434330693236237,199.91565669306758,-0.08592336573153213,-0.27569344810881247,99.5245951512983,-0.27727350690798225,1.6211693622219507,1001.3520200766385,1.4905976387081523,-198.13927277447198,502.673553769297,-0.00872435567181884,-352.78345298380054,392.3889138224288,3.831155960368636,-459.6766060841697,192.75404181391332,2.8264711116341408,-499.3877647189702,49.970921943329614,-5.030066231349738,3.6533698520021503,-206.8227086331487,-5.53769176897633,-0.4940292573744376,-200.49402925737445,-0.49560931617360726,-0.7629003548630933,-200.83226993210644,-0.7707209053115677,-0.707560735076773,-200.7075607350768,-0.7091407938759426,-0.6784614151539969,-200.67846141515403,-0.6800414739531666,201.75407898272573,503.3923732570354,0.710095132066465,350.28860081182785,392.0323277034995,-6.3590076045202055,445.9383495336214,192.8543872926107,-7.147220058079212,504.7220483071213,38.0885001433533,-6.181691053987796,1.3694891116110695,-197.11698529690517,-5.9989317330113465,-0.18915603384401236,-200.18915603384403,-0.12706693978388833,-0.8400674008018092,-200.8400674008018,-0.8416474596009791,-0.19252905560826006,-200.19252905560828,-0.19410911440742978,-1.2032112735335097,-201.20321127353355,-1.2047913323326793,-149.48322208542376,-89.08904464235366,3.43991252508928,-148.5095834491038,-438.11540600603365,4.413551161409276,-147.77625612007182,-887.3820786770017,5.1468784904412415,-0.3875590508053869,-200.59123455070275,-0.5993578561023055,144.97879333896844,-114.87708553293476,-7.683197824517004,145.6351868224087,-464.2056857445374,-7.02566584026469,145.044426124325,-914.8114527475784,-7.617565039160445,-0.9390480053470249,-200.93904800534705,-0.9406280641461948
27,0.27,-0.715949034710305,699.2840509652898,-0.7221982884877471,-0.5240665296279308,549.6284452243826,-0.4812381674152434,-0.22346100765814253,299.77653899234195,-0.7186843168329282,-0.9881465643416345,399.0118534356584,-0.9943958181190766,0.22794243682612098,200.22794243682608,0.2216931830486789,-0.3091225893104436,99.57897924174583,-0.3153718430878856,1.4243157527079624,1001.1467744026791,1.2944981138647198,-198.11399620957968,503.0100483126813,0.2512278241258822,-353.17268344571295,392.01939374337087,4.04360552295049,-459.1706405868595,192.4742632164219,2.8095618551375154,-498.94313365465496,49.342086474863564,-4.685187176228764,3.31806775727747,-206.25786883634692,-5.757401292841717,-0.05643463100098095,-200.05643463100097,-0.06268388477842302,-0.49362963403917326,-200.59456177336392,-0.44937222337911853,-0.8517621137350088,-200.85176211373502,-0.8580113675124508,-0.6795593038202472,-200.67955930382027,-0.6858085575976892,201.45986791126703,503.43047658350724,0.6716560949517072,349.79108319472806,391.65433985225934,-6.511558226167927,445.78344533288936,192.78624825355962,-6.5352929123113555,504.1434435005665,37.69782394204998,-6.379003724751881,1.3354494613451529,-197.32316137150698,-5.872400724218885,-0.18281275088628546,-200.18281275088626,-0.09642393387744122,-0.13884866932288892,-200.1388486693229,-0.14509792310033104,-0.11847086958001785,-200.11847086958005,-0.12472012335745986,-0.741833734592243,-200.74183373459226,-0.748082988369685,-149.2974446476299,-88.49746474251842,3.713492068414456,-148.4474562287997,-437.6474763236882,4.563480487244686,-147.72257622569188,-886.9225963205804,5.288360490352466,-0.4639073759062765,-200.6038913633381,-0.6360196594371598,145.64585796282,-114.59903924223345,-7.105443475537884,145.8025009075187,-464.438602109455,-6.944297672778488,145.17234210550484,-915.0725550995487,-7.578959332853039,-0.6311740302698161,-200.63117403026985,-0.6374232840472581
28,0.28,-0.4603266603546997,699.5396733396454,-0.4795757171331413,-0.031497832780159746,550.1289511429443,-0.007237938065565101,0.150711222551941,300.150711222552,-0.3000559235588848,-0.7625197294076222,399.2374802705924,-0.7817687861860637,0.420008555921498,200.42000855592147,0.40075949914305664,-0.15117452317520397,99.80119475098027,-0.17042357995364546,1.1654414486778415,1000.8797248536397,1.0448372201352534,-197.9189117346161,503.5168812461769,0.6765208576419218,-353.39251729852526,391.87573092587616,4.376056819420502,-458.4367210985964,192.40656994789322,2.9689524427821588,-498.301249459687,48.934963016372336,-4.108269310702023,3.016097688951784,-205.60834868540678,-5.886515330936418,0.32975921180337864,-199.67024078819662,0.31051015502493706,-0.1266801931183552,-200.2410512906589,0.0226245854898125,-0.8680208057036236,-200.86802080570362,-0.8872698624820655,-0.42280025296045787,-200.42280025296049,-0.44204930973889944,201.21213099713088,503.51438153336153,0.6740211448263816,349.38605375193094,391.3880656566547,-6.558335970506283,445.71726770308146,192.8213347097922,-5.836770012338524,503.4879733399216,37.30353563838201,-6.585406985080468,1.2512896993852292,-197.49819380079066,-5.685380455537924,-0.2026883765519431,-200.20268837655192,-0.11696474672380924,0.5400978528195246,-199.45990214718046,0.5208487960410829,-0.21181214327158848,-200.21181214327157,-0.2310612000500301,-0.23495654912344172,-200.23495654912347,-0.25420560590188324,-148.97847184750054,-87.77455095373048,4.1087242200833005,-148.1903313442113,-436.9864104504413,4.896864723372531,-147.64451553008496,-886.4405946363149,5.442680537498901,-0.42691551228968244,-200.50184354137224,-0.6008056603435508,146.28789317279166,-114.34459453090204,-6.558094437707021,146.08616786626453,-464.54557271749843,-6.745949964967171,145.48314383098537,-915.1493438727084,-7.362843779513309,-0.29160040389243463,-200.29160040389246,-0.3108494606708762
29,0.29,-0.09887884156267418,699.9011211584374,-0.1450549283006477,0.41094098191577544,550.544111881175,0.3947733557741396,0.46433233368131377,300.4643323336814,0.12157849054082764,-0.495884528619559,399.5041154713805,-0.5420606153575325,0.575600276612042,200.57560027661202,0.5294241898740688,0.09528629934132082,100.0796718689047,0.04911021260334747,0.9300788812817765,1000.6364109647054,0.8327481390054876,-197.6608500888644,504.0868363762831,1.1544288268387422,-353.5119538963515,391.91167244945564,4.752510101010545,-457.5428127672449,192.4882454312428,3.233150591435588,-497.56160404913476,48.65563426493216,-3.402624255441263,2.6585988411460715,-204.96798835957622,-6.021832379814228,0.6634467907828506,-199.33655320921713,0.617270704044877,0.1560546889647403,-199.94487745036,0.42059981129247476,-0.7908492126981655,-200.7908492126982,-0.8370252994361393,-0.06586561435538207,-200.0658656143554,-0.11204170109335543,201.1288140724661,503.76162021491183,0.829212665467337,349.05133681786117,391.20981897715893,-6.528841981711263,445.5898077921441,192.82636537845207,-5.210141752709291,502.8434032320854,36.99067371256616,-6.722386757750634,0.9969497145870229,-197.7296283283561,-5.531330214540267,-0.23993927020235117,-200.23993927020234,-0.19347728615403853,1.008946872586042,-198.99105312741395,0.9627707858480684,-0.41073334213788476,-200.41073334213786,-0.4569094288758582,0.08202657069325481,-199.91797342930676,0.03585048395528134,-148.66567413899423,-87.06015797882645,4.480380315038502,-147.91455664322777,-436.30904048306,5.231497810804995,-147.59234182309754,-885.9868256629298,5.553712630935201,-0.36789897406552535,-200.39913362359943,-0.6365314058383402,146.7595884097001,-114.25859191731469,-6.191804559780074,146.50311555632285,-464.5149501961398,-6.415005542341043,145.96661543541987,-915.051564891595,-6.984777534060318,0.007141462346258065,-199.99285853765377,-0.039034624391715345
30,0.3,0.28477794954058844,700.2847779495407,0.19850966216232968,0.6675024563078765,550.7549256865694,0.5977549611242463,0.6846806510621928,300.6846806510622,0.43966573012496796,-0.2008773321433755,399.79912266785664,-0.2871456195216341,0.7848216167434617,200.78482161674344,0.6985533293652033,0.3416137960710146,100.33763167054778,0.25534550869275596,0.7944870903361286,1000.493098780838,0.7337319176946908,-197.48929480805268,504.5700423106596,1.5359255386430157,-353.61522133294557,392.01760125624764,5.1045530287216145,-456.6296206496871,192.58706106847154,3.4644342185022774,-496.9043506074966,48.329245122407755,-2.7462226957171882,2.1602757595638504,-204.42739406574185,-6.250694538352311,1.0020931097150723,-198.99790689028492,0.9158248223368136,0.25315707969404977,-199.8162124975493,0.563983570000872,-0.6923734505286767,-200.6923734505287,-0.7786417379069352,0.21218800784389533,-199.7878119921561,0.12591972046563676,201.1810228588982,504.142883973275,1.1087672012583507,348.7399068081537,391.0706831911135,-6.471473636266722,445.32101210944097,192.74046145025852,-4.737587923730337,502.26905059593,36.81539133947225,-6.734060761224253,0.525795770340877,-198.1033115939295,-5.49584230244331,-0.31383332707250927,-200.31383332707247,-0.3364324615914742,1.151182012749486,-198.8488179872505,1.0649137253712275,-0.6381947827327132,-200.63819478273268,-0.7244630701109719,0.10176620297723232,-199.89823379702278,0.015497915598973781,-148.50420488703244,-86.49995538879023,4.683799569656357,-147.84316310540788,-435.8389136071657,5.344841351280932,-147.6643183544701,-885.660068856228,5.523686102218689,-0.35397575757263466,-200.36411616361087,-0.8076336105821464,146.98964692640345,-114.41182595284207,-6.076847185002512,146.9066908199498,-464.4947820592957,-6.097643253307333,146.51421373652695,-914.8872591427187,-6.552280374878999,0.1957336488226154,-199.80426635117738,0.10946536144435692
31,0.31,0.5576171406833537,700.5576171406834,0.4320975231941714,0.6949869389786258,550.7421532225162,0.5786822647418273,0.7901191977077304,300.7901191977077,0.5984241379359935,0.06987196187033978,400.0698719618704,-0.05564765561884222,0.9829782612615781,200.9829782612616,0.8574586437723963,0.5335596676691613,100.53277554066153,0.4080400501799796,0.7833833886305618,1000.4745125179346,0.7585038216178661,-197.4863469526848,504.8840082237582,1.75260550737975,-353.81391978188645,392.0326373248078,5.358910343538148,-455.8488081193816,192.56073084604307,3.5275101034119283,-496.50636644644806,47.78390237680646,-2.3008921246374205,1.5551165437801955,-203.95818155426855,-6.528355542636964,1.3783279625668738,-198.6216720374331,1.2528083450776917,0.20780083572725408,-199.82933002328375,0.45680370761749073,-0.568273780623329,-200.56827378062331,-0.6937933981125111,0.32677280399099906,-199.673227196009,0.20125318650181712,201.21740957427403,504.5064105287652,1.3750078123865956,348.375936783601,390.8911591458988,-6.4519914977155945,444.8924742508121,192.5412355247792,-4.426389878526398,501.75686953308417,36.766069802702305,-6.619174256739593,-0.09354047281579703,-198.62543755114274,-5.571804932892892,-0.4391482013172564,-200.4391482013172,-0.530588177094379,0.9607001912632286,-199.03929980873676,0.8351805737740465,-0.8365169166977999,-200.83651691669778,-0.9620365341869819,-0.10222110107658028,-200.10222110107657,-0.22774071856576222,-148.505102223981,-86.10552849713153,4.721673436221069,-148.05969066137433,-435.66011693452486,5.16708499882775,-147.9210803506396,-885.5215066237902,5.305695309562449,-0.4153131818953523,-200.41787707805938,-1.0631911556359315,146.94636317864263,-114.83546880681473,-6.23065334753408,147.11711077821118,-464.66472120724615,-5.969463426126715,146.96001364539262,-914.8218183400649,-6.217002880784083,0.2632296727798311,-199.73677032722014,0.13771005529064917
32,0.32,0.6486952740051759,700.6486952740053,0.5064629136177694,0.5735731450273134,550.6015928975121,0.4435400647637958,0.815547792828731,300.8155477928287,0.6518314118257632,0.27193576455645835,400.2719357645565,0.12970340416905193,1.0334533167330455,201.03345331673304,0.8912209563456392,0.6393823686128182,100.63926211884157,0.4971500082254118,0.8312826127227853,1000.5151738105137,0.819884892543479,-197.59837521306804,505.0819742505771,1.8794819502049456,-354.18379046116297,391.8487819543347,5.471556375514789,-455.2282838095024,192.38290005818834,3.418665862664163,-496.3864795207734,47.0054135093237,-2.063112721923517,0.9948675422159892,-203.4144607248615,-6.685026588161996,1.7417007919319039,-198.25829920806808,1.5994684315444974,0.13364111053884944,-199.8818373343409,0.2588552381988648,-0.34724322624893794,-200.3472432262489,-0.4894755866363442,0.30854306067648823,-199.69145693932347,0.16631070028908185,201.144301347689,504.75811292584797,1.5556206254757,347.90259292835606,390.606207257425,-6.514029630329608,444.3368422585273,192.20910510910045,-4.225064743639866,501.2807739900162,36.8126735441685,-6.387290972937688,-0.734110002416799,-199.21857077773484,-5.660978589428568,-0.5375338422371991,-200.53753384223717,-0.6655596943505966,0.5740501028570151,-199.42594989714297,0.4318177424696088,-0.9486311063655274,-200.9486311063655,-1.0908634667529338,-0.3169782534470532,-200.31697825344708,-0.45921061383445966,-148.51083102918273,-85.71991919379154,4.772952296733848,-148.3938261966486,-435.6029143612575,4.8899571292679935,-148.28881499242533,-885.4979031570342,4.9949683334912445,-0.5316169470624299,-200.53212180815115,-1.2633584568992733,146.68311962103962,-115.47557460993309,-6.577868264518351,147.12884479649406,-465.0298494344787,-6.029658511980491,147.18720323287903,-914.9714909980937,-6.0737846526789365,0.2931288048197077,-199.7068711951803,0.15089644443230152
33,0.33,0.6102063684637389,700.6102063684638,0.4846867509745567,0.4446908226283419,550.4812729240007,0.35061715112468245,0.8508496762804831,300.8508496762804,0.7198980477026018,0.40836951814706657,400.40836951814714,0.28284990065788457,0.9389925920363884,200.93899259203639,0.8134729745472066,0.6744062636354907,100.67440626363552,0.5488866461463087,0.8249401813456633,1000.5018447670519,0.7937474985082082,-197.68775010467436,505.3011777942405,2.0647505164000863,-354.70817669087467,391.4797387613409,5.451577732862923,-454.64440856220665,192.16238697743327,3.275051235748462,-496.3603143661387,46.18240914694478,-1.8373795013656333,0.6245539058596217,-202.65727229491827,-6.56882343741721,1.982357364040063,-198.01764263595993,1.8568377465508812,0.08931781322570714,-199.91570730209537,0.11021188417767763,-0.026578640525544706,-200.02657864052554,-0.15209825801472676,0.25216162233003664,-199.74783837766995,0.1266420048408547,201.01207019945298,504.94795004860464,1.7115227707641971,347.32571077453133,390.2063188277575,-6.656526760624514,443.7514536171712,191.7611747638181,-4.028222277470578,500.86258884526274,36.97273599941467,-6.011302658425601,-1.3232781104143156,-199.8159676136368,-5.686819325887134,-0.46639487344930175,-200.4663948734493,-0.5873023129747801,0.2449521322408847,-199.75504786775912,0.11943251475170277,-0.9240417123322742,-200.92404171233227,-1.0495613298214561,-0.3350232325578499,-200.33505811922336,-0.460542850047032,-148.3674755173784,-85.18981722794584,5.002151441650914,-148.56817128143672,-435.3905129920041,4.801455677592618,-148.59292205720305,-885.4152637677705,4.7767049018262675,-0.6392530393209435,-200.6393304622765,-1.284644539853036,146.372308983943,-116.15915847690185,-6.934932609411433,147.11521002538217,-465.41625743546274,-6.101589246133468,147.210358204072,-915.3211092567728,-6.0968833892824215,0.42045379276386086,-199.57954620723615,0.294934175274679
34,0.34,0.552765092751799,700.5527650927519,0.4664968053735403,0.4118449035821816,550.4873712664352,0.39980435560484534,0.9481664280699955,300.94816642806995,0.8608285142885334,0.5323825667958083,400.5323825667959,0.44611427941754966,0.8575109234111947,200.8575109234112,0.7712426360329363,0.7159069946195462,100.71590699461959,0.6296387072412877,0.7030689899415885,1000.3732448614921,0.6296952053859162,-197.6660294710656,505.62966852951024,2.3856412313424364,-355.3010057670778,391.022715846803,5.341993622898675,-453.95649919319374,192.01555970802224,3.229201606062264,-496.19137540735466,45.55523146831876,-1.3982588102574476,0.46555127863512336,-201.6714716090454,-6.1736201592602615,2.0299116241510657,-197.97008837584895,1.9436433367728068,0.06401505861840176,-199.93725548950826,0.03960530870750971,0.29772691651966626,-199.70227308348035,0.21145862914140756,0.25427880858509816,-199.74558226717554,0.16801052120683949,200.90305609837236,505.15785021437074,1.9138229162028488,346.69874181225566,389.72771702696343,-6.854488141270895,443.2794879731469,191.29984550506956,-3.7063646301647344,500.56351933932683,37.302866328441354,-5.446877494594082,-1.882400590296465,-200.42386977363026,-5.667733947675218,-0.15934614266947095,-200.1593461426695,-0.24444828883560715,0.2265557500166986,-199.77344424998333,0.14028746263844005,-0.7410142300638691,-200.74101423006388,-0.8272825174421277,-0.12300563000125109,-200.1232331196366,-0.20927391737950982,-148.11426562049925,-84.55508512839458,5.358862843609691,-148.4653869963297,-434.90620650422505,5.007741467779237,-148.7059623221574,-885.1467818300528,4.767166141951506,-0.6591606916179362,-200.65916069161798,-1.1026781385892004,146.2119360259883,-116.68759620921739,-7.114444869009283,147.23564607218768,-465.66388616301805,-6.0285747846611315,147.15616462880982,-915.7433676063959,-6.170216266187772,0.7257463370578248,-199.27425366294221,0.6394780496795662
35,0.35,0.5427311504222845,700.5427311504224,0.4964947540599159,0.48686993832601827,550.6256162019891,0.5791240915072966,1.0424007907883184,301.0424007907883,0.99600036190435,0.7172020874730985,400.7172020874732,0.6709656911107299,0.9047153641059136,200.90471536410593,0.8584789677435453,0.8312058289675657,100.8312058289676,0.784969432605197,0.508130479060522,1000.1718419986573,0.3919511738416079,-197.59576971402873,506.0044976819088,2.7575103689243203,-355.8842588798697,390.5654310036505,5.180476239729981,-453.1617469984878,191.93436630360412,3.2650120003117147,-495.7979664146483,45.208990012379694,-0.6864116880559372,0.39942564764812244,-200.58184293801352,-5.644266686507455,1.9090576983447571,-198.09094230165528,1.8628213019823887,0.06032639155522318,-199.9399237942049,0.034334822832982725,0.5463949677434403,-199.45365267143626,0.5001109322014109,0.3547133513783439,-199.6443807487853,0.30847695501597533,200.80256589536282,505.3727106438479,2.125723330863364,346.07195546233146,389.22128490544765,-7.079154615837279,443.0146043371178,190.95742325611775,-3.1903361509093138,500.39452665839497,37.8091645239745,-4.71113379819216,-2.4754986518116224,-201.09319482029218,-5.677927405980638,0.30793332756001446,-199.69206667244003,0.2619265580172495,0.6164613804853161,-199.38353861951475,0.5702249841229479,-0.4168254307081324,-200.41682543070817,-0.4630618270705009,0.15858452675079768,-199.842570760944,0.11234813038842895,-147.93975527409773,-84.0049348776703,5.632480744377966,-148.22187054460304,-434.28705014817564,5.350365473872667,-148.65350405171927,-884.718683655292,4.918731966756422,-0.5222742084336119,-200.52227420843369,-0.7597323002969414,146.2813408853924,-116.98090255022868,-7.058536522645461,147.49494182497992,-465.7673016106412,-5.8116637122416375,147.15406828191516,-916.108175153706,-6.1858091261226935,1.1473961111269815,-198.85260388887306,1.1011597147646128
36,0.36,0.5707495123188686,700.5707495123188,0.5511071873885314,0.6069684997670229,550.808486188223,0.7888046482623559,0.9865787803138298,300.9865787803138,0.9669364553834924,0.9788808590341413,400.9788808590341,0.9592385341038039,1.014937482224649,201.01493748222464,0.9952951572943121,0.9743262461684858,100.97432624616849,0.9546839212381485,0.35506118885369753,1000.0125790658041,0.2096739383152942,-197.66329848148217,506.23894585121417,2.9794789768514476,-356.45705221513674,390.1129039714418,4.959803778316136,-452.42284817056634,191.77229791478698,3.2085068928668337,-495.3195358587045,45.007195334628236,0.14346872490301327,0.22509724255364705,-199.59588876111147,-5.20097220823809,1.668101071279246,-198.33189892872082,1.6484587463489087,0.10461489827835468,-199.89542346895064,0.09011615702319342,0.7032467723278075,-199.29706387414586,0.6832938009238609,0.48731275801320934,-199.50808670301183,0.467670433082872,200.61529332925105,505.49681800283133,2.2373511284686316,345.4581540235557,388.7376143623485,-7.294542502382717,442.88995088246924,190.7451688360951,-2.5638927124600643,500.23182157610273,38.36275645368224,-3.948685051508142,-3.1644514960022128,-201.88074769308002,-5.79029439761389,0.7712024705567707,-199.2287975294433,0.7515953600397403,1.2670339149609064,-198.73296608503918,1.2473915900305692,-0.03179979404283645,-200.0317997940429,-0.05144211897317369,0.3118761416976612,-199.69269310977214,0.2922338167673237,-147.97940673036447,-83.67551046731307,5.673029383751415,-148.09133550371635,-433.787439240665,5.561100610399552,-148.59238542629387,-884.2884891632425,5.060050687822004,-0.2143596023658556,-200.21435960236596,-0.31371498948907234,146.50165768671616,-117.11727433023583,-6.86000392632295,147.76583530401012,-465.85309671294186,-5.581956529762001,147.23789706529453,-916.3810349516575,-6.123764547744554,1.4838360006288374,-198.51616399937123,1.4641936756985001
37,0.37,0.5908424463003614,700.5908424463004,0.5825960120536156,0.6878283817123856,550.9161069278168,0.9078869679542036,0.6683286939475793,300.6683286939475,0.6600822597008335,1.2077771853610324,401.207777185361,1.1995307511142865,1.000582930902317,201.00058293090225,0.9923364966555714,0.9792355976466857,100.97923559764669,0.9709891633999401,0.36684004065523945,1000.0184412113092,0.20760631316580322,-198.02703606227897,506.174202129516,2.8910303009502156,-357.08781955879283,389.5973372010557,4.628648486772145,-451.95457161669253,191.34420917163987,2.8461798575434782,-495.00874916557757,44.69966967264166,0.835504294617379,-0.25588868188596703,-198.91851158938792,-5.049072442613746,1.2885398171033782,-198.7114601828967,1.2802933828566325,0.16330239546698222,-199.8366976045331,0.15607634785359104,0.7347192707439134,-199.2668583222216,0.7248952435317575,0.4866732493102608,-199.49513126607684,0.4784268150635149,200.2638286721978,505.45235858226397,2.1691867536980753,344.8421626874521,388.3209182897395,-7.458612579937725,442.684955122793,190.4926428433191,-2.0519833116057775,499.85985378674934,38.74282610656814,-3.3836795482119104,-3.9919495126150943,-202.82842260918716,-6.051350836007925,1.0390748067805327,-198.96092519321957,1.0308283725337868,1.8351190442195482,-198.16488095578057,1.8268726099728023,0.24507129997757965,-199.75492870002253,0.23682486573083383,0.2363427538368641,-199.7777315315272,0.228096319590118,-148.24014116809596,-83.57443661079932,5.471532090591527,-148.26033742441098,-433.59463286711446,5.4513358342764935,-148.70875835942172,-884.0431296747344,5.002839026656561,0.15701222319145572,-199.84298777680863,0.12288674662310206,146.71944394811243,-117.24946295049179,-6.673761855596197,147.88492654618648,-466.0839803524177,-5.503776399461371,147.3515086257091,-916.6173982728951,-6.04169717799949,1.502286894444797,-198.4977131055553,1.494040460198051
38,0.38,0.5719021183495893,700.5719021183495,0.5624230575648043,0.6747851244797916,550.8760909632347,0.866784537120677,0.11578898578757074,300.1157889857875,0.1063099250027858,1.2371600165169006,401.23716001651684,1.2276809557321156,0.7264948576133838,200.7264948576133,0.717015796828599,0.70175249304906,100.70175249304904,0.692273432264275,0.6026831346064327,1000.2486506394462,0.4423981830307598,-198.66840974857178,505.82845025248076,2.5129678791029164,-357.7987710431626,388.9958363302929,4.178925171527739,-451.8569467418424,190.57016360732547,2.0836665770922704,-495.0439682110409,44.11005440953354,1.2120292461071946,-1.118945740229964,-198.63155028645716,-5.266696705274017,0.7314016986941091,-199.268598301306,0.7219226379093242,0.14003702736897117,-199.8599629726311,0.1307144479425133,0.581435153156804,-199.424804348059,0.5657165911562835,0.19041579504114994,-199.75353816667982,0.18093673425636506,199.7506461941031,505.2414062952587,1.9259239218808166,344.2286266283882,388.0048991239542,-7.53552891477668,442.2155075888277,190.01765346856243,-1.8386848297399543,499.15953814202044,38.82488588019928,-3.1396478443393905,-4.939037926989421,-203.91619771201823,-6.443630042693521,0.9636856794946838,-199.03631432050543,0.9542066187098988,1.9830147374798628,-198.01698526252022,1.9735356766950782,0.2279462989510309,-199.77205370104906,0.21846723816624594,-0.055372955306656646,-200.08913541074656,-0.06485201609144176,-148.6760924008516,-83.65657042207727,5.076130960990739,-148.75602611176393,-433.7365041329897,4.996197250078417,-149.1011547812976,-884.0821275540842,4.650573828983939,0.3863775003767559,-199.61362249962332,0.37035519299156183,146.82404398797937,-117.48741300047436,-6.6076094707116315,147.75066326076444,-466.5607937276893,-5.679851697114531,147.43694141970005,-916.8745155687536,-5.994712038990942,1.1093919331489768,-198.89060806685114,1.099912872364192
39,0.39,0.5257566645958035,700.5257566645957,0.5011148935650088,0.5697721720636301,550.7073694555577,0.6836043957254707,-0.4826956691848179,299.5173125150735,-0.5073292559571605,1.0144762073799283,401.01447620737986,0.9898344363491337,0.2598696279002691,200.25986962790012,0.23522785686947467,0.2048935837879972,100.20489358378795,0.18025181275720262,0.9955600385185203,1000.6361828964477,0.848324044532935,-199.38635348171232,505.40236946715913,2.044715096279438,-358.4535291827028,388.4438883144786,3.740914019735458,-452.02468448169304,189.55911397092973,1.028111074925887,-495.3957858919383,43.269266590621726,1.2988630346927792,-2.2208624161077957,-198.59814871318122,-5.7173394879766235,0.0690191884778697,-199.93098081152226,0.044377417447075296,-0.0025010359045071484,-200.00250103590463,-0.027142806935301828,0.2789458022012255,-199.74027321457245,0.23508501439687735,-0.404416138121068,-200.26996868156866,-0.42905790915186254,199.16637675885767,504.9541958032369,1.5965414323571587,343.6583877953369,387.7983600297856,-7.51824819326364,441.55143907215285,189.36883873411955,-1.8579168134675568,498.25618551590026,38.72875224913827,-3.099717627576984,-5.874758346743924,-205.00888286846802,-6.841835971515032,0.5714006938531001,-199.42859930614702,0.5467589228223053,1.6196339411109992,-198.38036605888908,1.5949921700802046,-0.10813020759980779,-200.1081302075999,-0.13277197863060214,-0.4349890769108383,-200.4980656477993,-0.4596308479416328,-149.21651967603424,-83.85191205972727,4.555974232877188,-149.44217624494144,-434.07756862863454,4.330317663969994,-149.69680422571395,-884.3347091651522,4.07317712745248,0.3387516597950367,-199.66124834020508,0.31282144711488136,146.8238295980584,-117.82202373410661,-6.654192322881821,147.39410362638478,-467.2517497057803,-6.083694110453351,147.49305044405912,-917.152802888106,-5.984971476881113,0.47542852966600857,-199.52457147033414,0.450786758635214
40,0.4,0.5044774350824097,700.5044774350824,0.44606355264374586,0.4306284950099839,550.5012808231679,0.4463344007832313,-0.8794942922588529,299.12055907581004,-0.9378548066285174,0.6685320304722169,400.6685320304722,0.6101181480335534,-0.13725359609149343,199.86274640390837,-0.19566747853015698,-0.22111771062977448,99.77888228937019,-0.2795315930684381,1.363077654907146,1000.9986507347867,1.2476733924450796,-199.9410009196144,505.1354419777148,1.7211160559287935,-358.8160265807731,388.1766291806982,3.5327406920242996,-452.20517561875073,188.55943745386838,-0.06935082724787262,-495.845491560542,42.3970287638935,1.3073509114087405,-3.2659142804337473,-198.52882120536566,-6.115433065344283,-0.48755992556464084,-200.48755992556477,-0.5459738080033044,-0.1755751439215897,-200.17573191348865,-0.23414579592720247,-0.00024023203828446582,-200.0463442565508,-0.10475813898936485,-1.0748822210406686,-200.82370130384948,-1.1332961034793319,198.665199874249,504.74451509226947,1.3301891704834417,343.14342847850037,387.6509278384648,-7.462302447620521,440.99130311345425,188.82606270380313,-1.818156637569054,497.4367356196426,38.73582374661668,-2.9888311437769515,-6.5898850189306675,-205.8920194182004,-7.045809411142066,0.11346011420182456,-199.88653988579824,0.05504623176316073,0.962323827671083,-199.03767617232901,0.9039099452324194,-0.5348581211209416,-200.53485812112103,-0.5932720035596051,-0.6642740008551162,-200.75604986996132,-0.7225237640071682,-149.72275465515935,-84.02254943483821,4.044764254275197,-150.07293896652385,-434.3727337462028,3.6945799429106927,-150.25976986794007,-884.5695019983611,3.497811690752318,0.08984144050914743,-199.91015855949092,0.031229969144064507,146.83868365717154,-118.13266772290848,-6.698026727338896,146.97885828054768,-467.9924930995324,-6.557817724217206,147.5560468195755,-917.4153045605045,-5.980663564934904,-0.01964075950928218,-200.0196407595094,-0.07805464194794581
41,0.41,0.5576233608608282,700.5576233608608,0.4485810019545118,0.35323725115533966,550.3734544468863,0.275092616861184,-0.9211519614225386,299.07911906399494,-1.0299232949112715,0.39399327487408614,400.39399327487405,0.28495091596776995,-0.2066688306600687,199.7933311693398,-0.31571118956638483,-0.282349928498123,99.71765007150182,-0.3913922874044393,1.5201689069406472,1001.1509927964235,1.4536292993284698,-200.2239786881271,505.1356602058295,1.6519528962722245,-358.76901044556683,388.31044970156483,3.664255309394578,-452.1413392077094,187.82479402394782,-0.9466417164884924,-496.14605706028044,41.74088242582162,1.4832042687933156,-4.024061218833413,-198.19960406576297,-6.234688427912221,-0.7121695841410953,-200.7121695841412,-0.8212119430474114,-0.24680905011023413,-200.24783131609996,-0.3568736750061973,-0.08970197255070478,-200.17583562996748,-0.28487798887369964,-1.498535250115096,-201.13306917208592,-1.6075776090214116,198.40018879143835,504.76505109482605,1.2813437852687888,342.61658851766833,387.4547125003601,-7.474328523501372,440.7790891459849,188.6239471124996,-1.4759077804625829,496.9101629521786,39.04953205292298,-2.603472563112331,-6.936699656789221,-206.42061145716542,-6.910299642861498,-0.1184947123279419,-200.11849471232802,-0.22753707123425837,0.33503426910559986,-199.6649657308945,0.22599191019928344,-0.720863026010471,-200.7208630260106,-0.8299053849167872,-0.5344190440230151,-200.63841472812953,-0.6423912107471786,-150.02241300890142,-83.99686742452322,3.716357496728004,-150.4094088011237,-434.38386321674557,3.3293617045057182,-150.5221448439964,-884.5272084548079,3.1860164664433444,-0.14367697611845898,-200.1436769761185,-0.2527193350247753,147.00941468176785,-118.27777868157582,-6.596276608637204,146.7168681134877,-468.57032524985607,-6.888823176917395,147.66186534913214,-917.6253280142116,-5.943825941272937,-0.03735206848735928,-200.03735206848742,-0.14639442739367559
42,0.42,0.6674468918164926,700.6674468918164,0.5087911957780858,0.42582946061212024,550.4102392262835,0.2772047871048105,-0.6333469399614693,299.36772498635884,-0.7909307096794727,0.3002522971339462,400.3002522971339,0.14159660109553962,0.08553673232890432,200.08553673232882,-0.07311896370950234,0.051601119970955234,100.05160111997091,-0.10705457606745161,1.4077717395471177,1001.0341526112607,1.3892613001550034,-200.3254102284692,505.31252345303903,1.7646285235413128,-358.4661387758621,388.69090355932303,3.9986540999271662,-451.6868947896891,187.50116395159625,-1.4363407108632176,-496.19704986971874,41.401278548771245,1.9412935432765714,-4.48701566440634,-197.60807944820797,-6.054431549193808,-0.5181580236701595,-200.51815802367022,-0.6768137197085662,-0.15326117522989535,-200.15845267029286,-0.317108366331187,0.018790995739970673,-200.10653273631107,-0.2651884323493687,-1.4652677968525347,-201.0511404758854,-1.6239234928909414,198.4212649524889,505.06534465469883,1.5174497252010297,342.0101254045844,387.13845864717194,-7.60822931188909,440.8743762659513,188.71863614849974,-0.855851886610669,496.65468802075486,39.642597934764886,-1.9547142269078281,-6.950930110474713,-206.64999925238527,-6.457182982275005,-0.05173879709436739,-200.0517387970944,-0.2103944931327742,-0.09171068445528802,-200.09171068445534,-0.25036638049369486,-0.50292600322624,-200.50292600322632,-0.6615816992646464,-0.0655538510961216,-200.1573297202023,-0.2187746627832426,-150.04075271761985,-83.70090369059193,3.6630939010172088,-150.3679117302455,-434.02806270321764,3.3359348883915456,-150.37210385376392,-884.1056824688449,3.2583151227643055,-0.2044226638984266,-200.2044226638985,-0.36307835993683335,147.3894676493871,-118.20314312106774,-6.277358090465742,146.7478961832494,-468.8447145872055,-6.918929556603434,147.8348064928252,-917.7578042776297,-5.8320192470276435,0.45187406485183,-199.54812593514822,0.2932183688134232
43,0.43,0.7218020053430094,700.7218020053431,0.5420215488068483,0.6553311796759146,550.6100006098055,0.4780869628220242,-0.18894659027264304,299.81419931368316,-0.36558114285294874,0.3500352628775947,400.35003526287755,0.17025480634143358,0.5196328627746976,200.51963286277467,0.3398524062385366,0.5054754269117655,100.50547542691173,0.32569497037560435,1.1271673478375621,1000.7494168229666,1.1283801544118737,-200.45168334710434,505.4592708579244,1.8798829947919737,-358.23804458613137,388.9866471000041,4.235768399462668,-450.87268328475614,187.55936260347084,-1.5385330016752674,-496.09517952930037,41.28103896201803,2.608608703838639,-4.827865199477175,-196.93295536706233,-5.725697400799606,-0.027088588673056788,-200.0270885886731,-0.20686904520921784,0.07507194509872213,-199.9454608161817,-0.12524127271781238,0.18918321495905352,-199.95282717814706,-0.1326076346831831,-0.9830655579208707,-200.6175994798917,-1.162846014457032,198.60609250692175,505.52268555537194,1.9432976922395488,341.3640881883597,386.7565988917894,-7.782635779987837,441.0175031705717,188.8493855432754,-0.19218776468188775,496.4763825548781,40.31568037297898,-1.216072170160447,-6.82625105468893,-206.8031142150321,-5.856448312695504,0.13781012531143927,-199.86218987468862,-0.041970331224721935,-0.3544329152763562,-200.3544329152764,-0.5342133718125175,-0.01574494068083085,-200.0157449406809,-0.19552539721699191,0.47234136815784833,-199.59073520273057,0.3140562962112229,-149.88268892833446,-83.24036096360746,3.807267036734721,-150.09007555201316,-433.44774758728624,3.599880413056009,-149.95098202374572,-883.4458349545524,3.601793045789842,-0.10386708964884869,-200.10386708964893,-0.2836475461850098,147.89355579678463,-117.9932711182001,-5.7988257814331625,147.05907678077193,-468.8277501342129,-6.633304797445877,148.08143754678,-917.8053893682049,-5.610944031437828,1.1255743470783228,-198.8744256529217,0.9457938905421616
44,0.44,0.5933288173272976,700.593216560702,0.4345608646636392,0.9505306949859075,550.8813843132463,0.7923744141520561,0.21346259759357844,300.2203667762876,0.061711080249215594,0.40045745395825577,400.40045745395827,0.24180175791984915,0.795896306496458,200.79589630649647,0.6372406104580512,0.7399241031734041,100.7399241031734,0.5812684071349974,0.8493442903653365,1000.4677792996877,0.828216383533811,-200.75126829668417,505.42706381883403,1.862661480692839,-358.31609750830046,388.96568132293163,4.160741256895977,-449.9101794388499,187.79029857394298,-1.4476488868598092,-496.0311020142243,41.18856383346693,3.304167254879431,-5.244091192955412,-196.3770438527208,-5.43751900294291,0.5079041765483563,-199.49209582345168,0.34924848050994967,0.36851172637906215,-199.6947336308716,0.14661067309003778,0.2805923446163361,-199.84473138743462,-0.003387083473003094,-0.2233131652228558,-199.97213224803164,-0.3819688612612626,198.7249343098175,505.90696902365323,2.3425666855120477,340.80894540281326,386.45216890086067,-7.8413050093399335,440.98350358077494,188.79067242916773,0.30199672777013375,496.2014911721566,40.889740959677226,-0.5544441526187565,-6.763932152056147,-207.09603415704964,-5.299130568136649,0.25375890605541157,-199.7462410939446,0.09510321001700489,-0.5223559548972788,-200.5223559548973,-0.6810116509356856,0.4393571353389513,-199.56064286466108,0.28070143930054464,0.7756121701105476,-199.25815028532926,0.6831669198588016,-149.75362034973466,-82.82143078357896,3.9569848464603874,-149.84294514556413,-432.91075557940854,3.8676600506309207,-149.54683775669935,-882.8142452157948,3.964170414244692,0.04682440147523098,-199.9531755985248,-0.11183129456317581,148.34988039782345,-117.81917918697661,-5.318468984708554,147.5237473697242,-468.64531221507593,-6.144602012807816,148.3834406317372,-917.785618953063,-5.284908750794829,1.5686352784241486,-198.4313647215759,1.4099795823857417
45,0.45,0.2846219161150341,700.2838899109668,0.17484755206039326,1.207180537123874,551.1283380978562,1.098214766019694,0.48216452163486967,300.49180058214216,0.382758223235852,0.32777812360632763,400.3277781236063,0.2187357647000115,0.7462461740884327,200.74624617408847,0.6372038151821164,0.6502254276267725,100.65022542762682,0.5411830687204563,0.6803807082201381,1000.2953233506494,0.6086118841544347,-201.20244283007395,505.2372614394345,1.7205802861268482,-358.6438727903764,388.6838860696337,3.8176040817751455,-449.0735490668558,187.9222846816786,-1.448342571351107,-496.14348202460747,40.9837851561675,3.871172502685418,-5.821147300932967,-196.03080141646217,-5.29427278492748,0.8856625002799524,-199.11433749972008,0.7766201413736362,0.6743904912871538,-199.47732723367952,0.41363040741420776,0.2508193037851353,-199.83531435363153,0.055643287462140756,0.5949463856582846,-199.27060615778922,0.4859040267519682,198.61676396185743,506.05680826826585,2.5401271149581675,340.45795962315344,386.34394047810713,-7.679795086051864,440.7441876293574,188.51401454457516,0.5830032889264727,495.81461843487773,41.34427213771408,-0.005678779819902988,-6.835190827166712,-207.5860570947218,-4.87344661314293,0.2861296258644094,-199.71387037413558,0.17708726695809313,-0.5354498365692152,-200.53544983656923,-0.6444921954755314,0.6664579362722824,-199.33354206372772,0.5574155773659663,0.7535810761848566,-199.26049320917912,0.8033693198787089,-149.79232200907975,-82.58368353118381,3.9594690636850673,-149.8277100107731,-432.6190715328773,3.924081061991727,-149.37089461644663,-882.3884291989507,4.154723395918262,0.17208494037894573,-199.8279150596211,0.06304258147262953,148.62881200874722,-117.80971175400731,-4.979441415886198,148.02491834233123,-468.4136054204234,-5.5833350823021926,148.70779383760333,-917.7307299251513,-4.900459587030102,1.619448111996383,-198.38055188800365,1.510405753090067
46,0.46,-0.021966859691633367,699.9743157114278,-0.08405045736947447,1.391754018767904,551.3221082218237,1.3333878499706286,0.6696644912670789,300.6707808715017,0.6124147027044042,0.15294212268819557,400.1529421226883,0.0945759538909203,0.43462952900693386,200.43462952900705,0.3762633602096587,0.42572420628618096,100.42572420628625,0.3673580374889056,0.6055892239868181,1000.2173666226774,0.4823077160531092,-201.66373193031615,505.03098129354214,1.5673447002499903,-358.9812293819054,388.3809447082348,3.4196274357199696,-448.5112855029614,187.80930214506776,-1.713283624979541,-496.4548962613239,40.64228301241884,4.255000262232772,-6.487961735919932,-195.8277960443046,-5.257283037291915,1.0840242035882002,-198.91597579641183,1.025658034790925,0.9652449909580512,-199.31820103538166,0.623432795821056,0.14100355511114124,-199.90510046940125,0.036533361801449504,1.2859393162687478,-198.65801464545217,1.2275731474714722,198.30936302782214,505.9996321892329,2.535995595940757,340.3386202985436,386.460471861079,-7.297556169135529,440.4259076623963,188.14556400516767,0.748152166068625,495.4114551878058,41.770062821744546,0.49205922483638076,-6.958372766638995,-208.16313632833305,-4.528095364670081,0.3746312920581171,-199.62536870794187,0.31626512326084194,-0.26416452255215916,-200.26416452255216,-0.32253069134943435,0.7267195073608379,-199.27328049263917,0.6683533385635627,0.5757463577620829,-199.4288228937076,0.814114820189096,-149.99909499493498,-82.52821538383309,3.7867641480388015,-150.07360025594184,-432.60272064484,3.712258887031933,-149.43122940974442,-882.1599468238937,4.1550327079783305,0.28804380700340215,-199.7119561929966,0.2296776382061269,148.7344563910894,-117.95997801739365,-4.804839736016971,148.5231572356571,-468.171277172826,-5.016138891449271,149.0140311401626,-917.6804032683206,-4.525264986943779,1.4562840080703596,-198.54371599192962,1.3979178392730844
47,0.47,-0.0990364417730995,699.8862608417923,-0.13806979721346715,1.5316179107466106,551.4837160264326,1.5072872717408816,0.8742506156856381,300.83576850637326,0.8114378673675205,0.03360648535059402,400.0336064853507,0.009275846344865168,0.10299919882530972,200.10299919882544,0.07866855981958099,0.3248048359842697,100.32480483598435,0.30047419697854083,0.5470273750881447,1000.1559715311566,0.3890675442950039,-201.99687823015842,504.9461294949258,1.523166036746218,-359.17003277235017,388.2146236350818,3.107588517661463,-448.16605879115394,187.5110830159478,-2.1996312104928357,-496.90831042622483,40.21883168533508,4.490144382401958,-7.077619914899145,-195.60535762017753,-5.182079023181838,1.2055766759252196,-198.79442332407478,1.1812460369194906,1.2072047341183958,-199.20520680071354,0.7704625602807302,0.023944922347372027,-199.99513708429956,-0.01960473343191016,1.7448502495178142,-198.23695426586923,1.7205788946071998,197.96293380924618,505.89529863307246,2.4723351748928724,340.39883845745857,386.7490669689146,-6.765582628682615,440.1895719049622,187.84612243161862,0.9391883423254684,495.0439065951167,42.21436348541221,0.96685298076711,-6.991151507967285,-208.666148805256,-4.141050319298057,0.6091177171279837,-199.39088228287198,0.5847870781222548,0.2967677860445029,-199.70323221395552,0.2724371470387741,0.8252125366603391,-199.17478746333967,0.8008818976546104,0.5026108024263973,-199.49854448526833,0.9100265042719062,-150.30370438437117,-82.58558340586696,3.49118790646299,-150.46424850186145,-432.74612752335736,3.330643788972699,-149.59962917145572,-882.0186890884852,4.058082223844836,0.45542890319380547,-199.54457109680618,0.4310982641880767,148.7729692103696,-118.1630400802711,-4.706003418878251,149.02397549919579,-467.912033791445,-4.454997130052101,149.24648657287136,-917.6895227177695,-4.23248605637653,1.3454532150735334,-198.65454678492648,1.3211225760678045
48,0.48,0.13221902662752663,700.0869314717409,0.079032469755073,1.6551601650338243,551.6293101919996,1.647261163048209,1.0993110562493011,300.9700022965816,0.962103294595985,0.12050624276256924,400.12050624276264,0.11260724077695408,-0.005451769764771963,199.99454823023535,-0.013350771750386847,0.42472486139155663,100.42472486139162,0.41682585940594147,0.45432811696128006,1000.060775760882,0.27949007042941776,-202.135602097125,505.04864109542257,1.6530200882289088,-359.24184071662535,388.1530884490726,2.8494107921887277,-447.8732275010793,187.19458938984545,-2.740539721440226,-497.4414002801117,39.77310506222055,4.632951672467507,-7.4406209375703245,-195.2178054932687,-4.92459731034544,1.327028714733259,-198.67297128526673,1.3191297127476438,1.3429832318998165,-199.12434026082192,0.8677607371924766,-0.0009660287369138744,-200.0063121116993,-0.015104531938264575,1.9777414030645208,-198.01771150960747,1.970228981939861,197.70839675061728,505.87439227252287,2.4787712653291645,340.5570052973324,387.1272463192149,-6.16792233989499,440.15058270657346,187.7310802027245,1.269242813560754,494.65827550742824,42.6191040329933,1.3582810869619626,-6.851302085474265,-209.0108908622678,-3.6332983981875024,0.9114660201660424,-199.08853397983398,0.9035670181804272,0.9551604356814254,-199.04483956431858,0.9472614336958105,1.0741791952961486,-198.92582080470385,1.0662801933105335,0.6694634192900938,-199.3307640703452,1.1507971155573213,-150.64356781867883,-82.69399124783901,3.134162529034797,-150.82449343684695,-432.87491686600714,2.953236910866679,-149.77113259214556,-881.8949836634146,3.9331701134592523,0.6981339023986631,-199.3018660976013,0.6902349004130479,148.8474401737237,-118.31503168495749,-4.580614080926213,149.53085836857056,-467.6316134901107,-3.8971958860793485,149.35694828908115,-917.8055235696002,-4.071105965568773,1.37323092661033,-198.62676907338965,1.3653319246247149
49,0.49,0.5304067178576938,700.4217675213155,0.41977034084617404,1.74456704222238,551.7327249967667,1.742569861753076,1.2169392384843707,300.94993241896594,0.9479352384966829,0.4247864989646405,400.42478649896464,0.4227893184953367,0.1568826912102843,200.15688269121037,0.15488551074098073,0.5855760637166502,100.5855760637167,0.5835788832473464,0.3516607149277114,999.955953155662,0.1706728940217001,-202.11133972133183,505.30674247349384,1.9322065345190638,-359.29135538676536,388.10145325132703,2.558052384632391,-447.525629413952,186.96921398058004,-3.2186641526515105,-498.0354375132947,39.32082032379088,4.704073044492365,-7.527076691625868,-194.61862222095053,-4.43205052923941,1.4181592648409826,-198.581840735159,1.4161620843716785,1.3110729885595904,-199.1013385462724,0.8966642732583497,0.1596314915539792,-199.83740894914533,0.15605671811926564,2.058511838171091,-197.94093081051426,2.058477877305472,197.53271884390273,505.92355347492185,2.549017535947148,340.74087911362926,387.52184180100676,-5.571283073544627,440.31401614787467,187.80559661025717,1.7493135974240501,494.1782774317155,42.90394043914431,1.591772721093041,-6.569342333978085,-209.23376193248197,-3.030170945529483,1.1113495332667995,-198.8886504667332,1.1093523527974956,1.4457843972104334,-198.55421560278955,1.4437872167411296,1.3850180636551603,-198.61498193634486,1.3830208831858566,0.9847675420026147,-199.01526734466285,1.4145167023845486,-150.97879199467815,-82.8143227330856,2.7624766420848927,-151.03269163012834,-432.86822236853584,2.7085770066347,-149.9631951692656,-881.8293351028628,3.7474642723077216,0.9451226486073698,-199.0548773513926,0.943125468138066,148.98408741691574,-118.3889667261449,-4.395205578035263,150.00594359154599,-467.36711055151466,-3.3733494034050056,149.35411962095287,-918.0189345221079,-4.025173373998134,1.4448175465479631,-198.55518245345206,1.4428203660786592
50,0.5,0.8294755121273897,700.6265107723686,0.6261175042168142,1.7268357073165228,551.7187743600963,1.726442439164627,1.092388545876447,300.6902862238606,0.6898929557087703,0.8025440096755542,400.80254400967556,0.8021507415236583,0.4078297594078294,200.4078297594079,0.40743649125593373,0.5995720592852803,100.59957205928532,0.5991787911333847,0.32142571356683514,999.9239086854798,0.1387869612984799,-202.04905395387988,505.5951409647189,2.2416590883423075,-359.34942554392137,388.0287794695553,2.209652054986261,-447.1526965097393,186.80765666166306,-3.6541660588106875,-498.70699356749833,38.8420665027825,4.687921935589982,-7.403105125731958,-193.8768252315698,-3.7681698253897755,1.3849932735838664,-198.61500672641614,1.3846000054319705,1.0666741048940593,-199.21677192144568,0.7828348104024438,0.48809451953715416,-199.4942713416204,0.48739060491164937,2.016097702224942,-197.98553344898386,2.023605897196572,197.30721391142515,505.91377903861314,2.5602971622366324,340.87616319800054,387.8577122657199,-5.045194494429337,440.54396889860936,187.93394680246251,2.248736881906572,493.6087368923612,43.069979681865085,1.6734641842463294,-6.2560377174328945,-209.45013406620188,-2.437718295690643,1.1048365821807828,-198.89516341781922,1.1044433140288874,1.5907993018028463,-198.40920069819714,1.5904060336509507,1.5684550849211134,-198.4315449150789,1.568061816769218,1.205890257091251,-198.79410974290874,1.502231620163644,-151.29380910716463,-82.93177537839742,2.397770867237329,-151.1102411157618,-432.74820738699464,2.5813388586401813,-150.27488829222415,-881.9227919141991,3.40675433143564,1.0487652040053161,-198.95123479599468,1.0483719358534205,149.13287058075457,-118.43412909183839,-4.193431889110684,150.32979253072008,-467.2372071418729,-2.9965099391451653,149.2978050227835,-918.2691946498095,-4.028497447081776,1.4415135060799595,-198.55848649392004,1.441120237928064
51,0.51,0.8068566067356344,700.5115446529167,0.5114843432921425,1.517790919349892,551.5027640395001,1.5177306097254966,0.7388012105336808,300.2774862226842,0.2774259130598655,1.0389988271129256,401.03904369421286,1.0389833845885659,0.5234735124543985,200.52347351245444,0.5234132028300034,0.34287896010512825,100.34287896010517,0.3428186504807331,0.44513486279453734,1000.0461583704242,0.26231926979169806,-202.0906895083337,505.771570121064,2.442127975604902,-359.41988938586655,387.9312335474659,1.804321286518488,-446.86202157856394,186.60434968431943,-4.1486541709116285,-499.4715479212383,38.31773109805017,4.566746360516236,-7.22316136909922,-193.14928025688943,-3.087871705252186,1.1696488292606038,-198.8303511707394,1.1695885196362086,0.5935930111000023,-199.55812471386668,0.4418149765089775,0.8034292967670367,-199.14134451233178,0.8033213479629808,1.7817048568996308,-198.22529592730322,1.8064533691439957,196.92180977557783,505.73468980523444,2.4052476597753567,340.8629745518814,388.0342155907724,-4.6878969088136735,440.6614426750343,187.9374058631937,2.5907118594412815,493.0502587828037,43.2144763333021,1.7025433938632477,-6.032610471469415,-209.78213820185874,-1.975275534393297,0.9150133697450804,-199.08498663025495,0.9149530601206854,1.3509067120978129,-198.6490932879022,1.3508464024734177,1.509638050169591,-198.4903619498304,1.509577740545196,1.1317669403481982,-198.8682330596518,1.2905372333239715,-151.6105322872937,-83.0690129049909,2.0210210440584016,-151.1984549890558,-432.65693560675305,2.4330983422962835,-150.7568633104276,-882.2178564838698,2.8721774651794774,0.9017979137560608,-199.09820208624393,0.9017376041316659,149.21846303524944,-118.52510336231262,-4.04745911009698,150.34745043904448,-467.3961159585176,-2.9184717063019416,149.21626572401064,-918.5273006735515,-4.04965642133576,1.2894299096584152,-198.71057009034155,1.28936960003402
52,0.52,0.39990305773412044,700.0652707740919,0.06527077409186889,1.0851045131981127,551.0509873885444,1.0851045131981125,0.309937994826358,299.9009870754155,-0.09901292458440225,0.9733411288091769,400.9736336990529,0.9736336990529614,0.43263352373802755,200.43263352373805,0.4326335237380276,-0.17189942475241704,99.82810057524759,-0.17189942475241704,0.7491960715826204,1000.3491142323176,0.5666815203621586,-202.3058935045746,505.76606961898733,2.4646361498682765,-359.5664963104965,387.74516525623187,1.2803959006310688,-446.71683273491703,186.29797532528988,-4.761493527803391,-500.3195033753775,37.7535218843217,4.345834074260743,-7.158911345259532,-192.60956131853482,-2.5649317436537142,0.8108767251533209,-199.1891269631693,0.8108767251533209,-0.06975284813774314,-200.1329982053884,-0.1329982053883608,0.8576646520276765,-199.00974032258844,0.8576646520276766,1.2767287132220844,-198.7448352202352,1.3386318973560036,196.38671963896667,505.3962024708515,2.0947690017325566,340.6038052115406,387.95317292846926,-4.597198674851201,440.5935918577153,187.74349558845648,2.7027271769945997,492.6250924856725,43.456718381780135,1.7983222074403835,-5.960178034499059,-210.28926950649011,-1.7036647200422457,0.6132102254137458,-199.38678977458625,0.613210225413746,0.800346805880007,-199.19965319412,0.800346805880007,1.2493284505128828,-198.75067154948715,1.249353866079352,0.756641412474606,-199.2433585875254,0.8228518582612668,-151.97397658636794,-83.27178330071375,1.5880949386496706,-151.44052140952456,-432.7383281238705,2.121550115493032,-151.34376872882862,-882.6420701947353,2.2178080446281836,0.546533873062861,-199.45346612693714,0.5465338730628613,149.19724505024675,-118.70478455687729,-3.999797372329911,150.01768812004397,-467.88434148708006,-3.179354302532694,149.0636343965541,-918.8383952105701,-4.133408026022546,0.9376367786841662,-199.06236322131585,0.9376367786841666
53,0.53,-0.2812961096075193,699.4233919365734,-0.5766080634266162,0.4674730359146138,550.4040299053427,0.46747303591461364,-0.05540556712215444,299.663061152365,-0.3369388476349646,0.6061828049801831,400.60766859927594,0.6076685992759313,0.19851858966688452,200.1985185896669,0.19851858966688463,-0.8084798703083276,99.19152012969165,-0.8084798703083276,1.1920763384440813,1000.7912472231728,1.0101303614946968,-202.69193398172277,505.5810671890466,2.3118039179195105,-359.8793979946047,387.38061622823807,0.5491841121325072,-446.67037067728995,185.937081152423,-5.442950620536076,-501.2062112418736,37.189980673013864,4.064774870329661,-7.277202183573779,-192.3259116733733,-2.2686923199257234,0.4120201177342403,-199.58800393315025,0.4120201177342404,-0.7961086634285977,-200.816641424709,-0.8166414247089708,0.5089076662733204,-199.24337221357763,0.5089076662733205,0.5455349987999254,-199.50619418841137,0.6706376666509617,195.8004799866335,504.9965679069843,1.727304635857319,340.07149310979526,387.58684205400635,-4.801258064556977,440.3971080951321,187.40936778863613,2.6411901241702678,492.3863838484143,43.84729719966306,2.010758727807647,-5.997440613394914,-210.92728411630384,-1.581553564286099,0.23453157658710683,-199.76546842341293,0.234531576587107,0.09882407888066103,-199.90117592111932,0.09882407888066103,0.9229276335650063,-199.077072366435,0.9230933638767936,0.2677549024643593,-199.7322450975356,0.2892502870538951,-152.39981712687842,-83.5564740668316,1.0834381129203512,-151.88750022326735,-433.0441571632206,1.5957550165314236,-151.92693804707775,-883.0836708596403,1.5562413201118133,0.14156833051445566,-199.85843166948558,0.14156833051445578,149.0854407708582,-118.9562440586458,-4.033922515041793,149.49236706089272,-468.54931776861133,-3.6269962250072645,148.80010795876294,-919.241576870741,-4.319255327137041,0.39116354207767146,-199.60883645792234,0.3911635420776716
54,0.54,-0.9982065152243649,698.7988287450169,-1.201171254983045,-0.2413336530846502,549.6663956566184,-0.24133365308465032,-0.3315868999724433,299.51762749274144,-0.4823725072585489,0.11985770546417529,400.1257341358983,0.12573413589833754,-0.11355459426703796,199.88644540573296,-0.11355459426703779,-1.3466548773064977,98.65334512269348,-1.3466548773064972,1.676211139008497,1001.2749966108012,1.4950428396905209,-203.20341687569626,505.2616620708138,2.028766346731943,-360.3406657346334,386.855801767911,-0.3699210436416465,-446.5989570428329,185.64700458780084,-6.066637993276025,-502.04799143997565,36.7065036628827,3.8021194923343824,-7.460404176402752,-192.1815805309799,-2.0837543985233604,0.06842354330449735,-199.93151586877434,0.06842354330449757,-1.3749275797452578,-201.3801190748082,-1.3801190748081427,-0.15251559585645097,-199.79208494781145,-0.15251559585645091,-0.21757013477758896,-200.31421297966637,-0.006431710819467251,195.24496542510056,504.6173864056694,1.384490681587496,339.3596230755998,387.028320404268,-5.207544126052888,440.1820264330644,187.04540500237437,2.515867960587869,492.30291195934456,44.35277576217617,2.3057684963956477,-6.02149948830796,-211.56908807041222,-1.485041583911057,-0.20504923018310967,-200.20504923018308,-0.20504923018310955,-0.5561653176432215,-200.55616531764326,-0.5561653176432215,0.6536263868214531,-199.34637361317857,0.6544680347918713,-0.08731115782485077,-200.08731115782484,-0.08187627347356485,-152.82904856643097,-83.86476880650767,0.5660496679008966,-152.46410319149194,-433.49982343156864,0.9309950428399364,-152.45763709308616,-883.493357333163,0.9374611412457232,-0.1718282820931503,-200.17182828209314,-0.1718282820931501,148.9446538173744,-119.21719688613418,-4.088107818321527,149.01878859712897,-469.1430621063796,-4.013973038566948,148.50362002246115,-919.6582306810474,-4.529141613234772,-0.21110456891471097,-200.21110456891472,-0.2111045689147107
55,0.55,-1.4661523384442108,698.4252084650135,-1.574791534986427,-0.9121343452553847,548.9833092647712,-0.9121343452553847,-0.5497485563606532,299.387380587985,-0.6126194120149668,-0.24366825297187772,399.77443242706283,-0.22556757293707663,-0.46836467229230433,199.53163532770768,-0.46836467229230405,-1.5795104218671336,98.42048957813284,-1.5795104218671332,2.0737757611798324,1001.6725413120671,1.8935960134131409,-203.72912996675385,504.91878148713374,1.7264214788769543,-360.7691104255347,386.3522895669904,-1.2941747409427449,-446.389369659523,185.54249099389597,-6.516807532361552,-502.7564310321304,36.38708447908114,3.641217769267384,-7.497851346952773,-191.96626263670953,-1.801313986065889,-0.1553735232756898,-200.15466505941936,-0.1553735232756894,-1.6048516123625847,-201.60570991870173,-1.6058738783522317,-0.8243968594795611,-200.4159754282095,-0.824396859479561,-0.7845422285945288,-200.92515673819202,-0.4754475169566793,194.73742830252743,504.27564769227195,1.0832876840150722,338.6746253153015,386.4836451436279,-5.610642684045123,440.06419915972896,186.76738240828246,2.4424541027760407,492.3208966828985,44.91738060063446,2.627016528942754,-5.905650412825812,-212.08146785489902,-1.2841882026425817,-0.6485705731705985,-200.64857057317062,-0.6485705731705984,-1.011671551009892,-201.01167155100993,-1.011671551009892,0.5050348948981043,-199.49496510510195,0.5083636771947981,-0.16351011102842097,-200.16351011102847,-0.16243991884626796,-153.14737203145387,-84.08303132328945,0.1501882299112019,-152.98988861588055,-433.9255479077161,0.3076716454845301,-152.9483167704407,-883.8839760622764,0.34924349092435725,-0.35411995125195617,-200.35411995125196,-0.354119951251956,148.8374870544468,-119.42438475549181,-4.099713711384861,148.77928853322487,-469.4825832767138,-4.157912232606806,148.35330939064414,-919.9085624192946,-4.583891375187522,-0.6354942431888702,-200.63549424318887,-0.6354942431888699
56,0.56,-1.5100708192496517,698.4446416258635,-1.55535837413649,-1.431494221337358,548.4762350883658,-1.431494221337358,-0.7174930630924625,299.2620931014547,-0.7379068985452659,-0.3778700082840494,399.66555126585536,-0.3344487341445616,-0.8123424798609924,199.18765752013903,-0.8123424798609922,-1.4560099630864352,98.54399003691353,-1.456009963086435,2.2957903560926063,1001.8949049420019,2.1168116932860372,-204.1240870450252,504.6971368891186,1.5494469132786028,-360.960844026858,386.0744364805985,-2.017986878201239,-446.02062691597905,185.64590308911363,-6.770083821855976,-503.3176494591173,36.24109126304908,3.591058127718974,-7.3001346102857205,-191.59039469444934,-1.333386506688631,-0.2194419308338959,-200.21487877311978,-0.2194419308338954,-1.443582733983786,-201.44267035232667,-1.4437395035507348,-1.1938074404314447,-200.83337679238645,-1.1938074404314447,-1.0625642100408528,-201.22190132407002,-0.659304185960999,194.25954746824448,503.9527800637498,0.8050900879097614,338.2351250626782,386.1711439382517,-5.792842998989836,440.1212363152161,186.65026495889623,2.498568924328953,492.3891868574401,45.48732687099508,2.920310321617537,-5.6045779237198605,-212.40925592233108,-0.927039611140094,-1.0032054515563418,-201.00320545155637,-1.0032054515563416,-1.2255266913061604,-201.2255266913062,-1.2255266913061604,0.4727677651932803,-199.52723223480677,0.48302113650993594,-0.019949947596798398,-200.0199499475968,-0.019785828310186333,-153.27573988817556,-84.13284760840143,-0.08511138950183604,-153.30945861443647,-434.1665663346624,-0.11883011576271352,-153.40763276933052,-884.2647404895565,-0.2170042706567816,-0.46628007563339996,-200.46628007563345,-0.4662800756333998,148.77514508241228,-119.56597636918053,-4.057526090648316,148.80171996612762,-469.53940148546525,-4.030951206932999,148.4739075585809,-919.867213893012,-4.35876361447972,-0.7449982051690325,-200.74499820516905,-0.7449982051690323
57,0.57,-1.2164555876247762,698.7688416959405,-1.2311583040594152,-1.7692762180319783,548.1673071257803,-1.7692762180319783,-0.8282958959671654,299.1665426781281,-0.8334573218718764,-0.38591902085245033,399.6952025990252,-0.3047974009747959,-1.0871014338497302,198.91289856615026,-1.08710143384973,-1.1259079345600351,98.87409206543992,-1.125907934560035,2.369852909162141,1001.9696887830794,2.1922894120571823,-204.35140757289503,504.6334112052665,1.5344870854551453,-360.8974669232931,386.04119896430996,-2.521115364912003,-445.5885247086146,185.86267825793146,-6.920009889990803,-503.8309681338381,36.16463977024107,3.5476415307413656,-7.001670469361209,-191.18773152570273,-0.8153709663525212,-0.14899659708981283,-200.12863336857953,-0.14899659708981233,-1.0810024312044488,-201.07557283327452,-1.0810024312044488,-1.179207339401329,-200.93148721925232,-1.179207339401329,-1.1577445405662115,-201.29835905016375,-0.6907338424629887,193.79759725916622,503.634819739327,0.5358956195156503,338.12257492645773,386.1720679639738,-5.673502466815746,440.3185905612186,186.65009276892505,2.649843968227626,492.4275331743572,45.97738928923428,3.1001776253064666,-5.191043475291456,-212.61429595281265,-0.47857788668018814,-1.2106927733197863,-201.2106927733198,-1.2106927733197859,-1.2689081108761038,-201.2689081108761,-1.2689081108761038,0.4699545993797014,-199.5300454006204,0.49455115851109716,0.1156140718441856,-199.88438592815584,0.11561407184418604,-153.25463048236406,-84.05529785949261,-0.18031189743417744,-153.44907730747553,-434.2497446846041,-0.3747587225456407,-153.8248254302707,-884.6254928073993,-0.7505068453408282,-0.6341383234214516,-200.6341383234215,-0.6341383234214513,148.70683639547616,-119.69216797522976,-4.012355195243767,148.96455905455898,-469.434445316147,-3.7546325361609765,148.81549252696377,-919.5835118437424,-3.9036990637561813,-0.6445569593168987,-200.6445569593169,-0.6445569593168984
58,0.58,-0.873429348391979,699.1228532227274,-0.8771467772725448,-1.9635564417692555,548.0024990682479,-1.9635564417692553,-0.8848850042632457,299.1140986507154,-0.8859013492845842,-0.43914573627157677,399.67888552419026,-0.3211144758096684,-1.2798763878090809,198.72012361219095,-1.2798763878090804,-0.7930021507907947,99.20699784920913,-0.7930021507907943,2.4091349552366,1002.0100674986545,2.233202138714253,-204.52980396850603,504.6088730981786,1.5627675603194222,-360.7402102058367,386.09198815540935,-2.9628148765106506,-445.22942239095175,186.05753735402484,-7.100841429055546,-504.41588717286425,36.03365931093097,3.387046986790421,-6.817717686643827,-190.97237432395792,-0.46306603121646306,-0.06035671159374456,-199.9933074610315,-0.060356711593743895,-0.816539902106593,-200.79506542571903,-0.8165399021065927,-0.9695456839810113,-200.8369506585972,-0.969545683981011,-1.2475086973255802,-201.34415154221443,-0.7824026563386574,193.36561120004612,503.3355749100107,0.2894693721513805,338.23997787111705,386.38931508191564,-5.35032112335001,440.53846114097223,186.62890935026147,2.7788246154178373,492.37317726519314,46.31587625705099,3.094846570929721,-4.798736872161792,-212.82677027065208,-0.07203247889847503,-1.2908080049894615,-201.29080800498954,-1.290808004989461,-1.253223580805999,-201.253223580806,-1.253223580805999,0.36631677403767093,-199.63368322596241,0.41226919620164354,0.02952311268835331,-199.9704768873117,0.029523112688353892,-153.2083939724417,-83.97529966641528,-0.25971840887976433,-153.57598809396228,-434.34289378793585,-0.627312530400328,-154.18931536136182,-884.9562210553354,-1.2406397977998689,-0.9672626956682755,-200.96726269566835,-0.9672626956682754,148.59819870142027,-119.83676069144175,-3.998611229096983,149.1003625703398,-469.33459682252226,-3.496447360177461,149.21850614583002,-919.2164532470321,-3.378303784687264,-0.5825957080573682,-200.5825957080574,-0.5825957080573678
59,0.59,-0.6899880909911574,699.3092799038604,-0.690720096139482,-2.018925382239452,547.9669244491095,-2.018925382239452,-0.8571877792475456,299.14265635919537,-0.8573436408045957,-0.5789947118746356,399.55475222833127,-0.4452477716686966,-1.3875657535392045,198.6124342464608,-1.3875657535392043,-0.5279338284544888,99.47206617154544,-0.5279338284544884,2.4686672241074934,1002.0710747768285,2.2945819230076756,-204.77199841835244,504.51165966538315,1.5223777740092774,-360.57813842985786,386.13846405330503,-3.430046610529909,-444.97862244166265,186.19610030124096,-7.3459341746575015,-505.0672592337895,35.84876118174084,3.11029828160456,-6.80863664107558,-191.00304559696445,-0.3369326890193586,-0.059762129006071585,-199.89262491307989,-0.05976212900607114,-0.8192005686880232,-200.75305452469735,-0.8192005686880227,-0.8135635466618031,-200.758289716581,-0.8135635466618029,-1.3786416556350702,-201.43037084284643,-0.9949022050364368,193.0173484018871,503.10859247075916,0.11931057938533104,338.4583421941922,386.69388454545367,-4.952884597973667,440.74469871197266,186.52764139436147,2.849872999168929,492.31206765427675,46.57907989107131,2.980700813277346,-4.488096237865038,-213.11933047402323,0.21700479532825323,-1.2958429915143255,-201.2958429915144,-1.2958429915143252,-1.2208653341953513,-201.22086533419537,-1.220865334195351,0.11849603881220871,-199.88150396118786,0.18535641854169976,-0.2882525912248238,-200.28825259122485,-0.2882525912248233,-153.2038202125974,-83.96017333137705,-0.39004548426543995,-153.7836633866711,-434.5400165054507,-0.9698886583391141,-154.45842110387926,-885.214774222659,-1.6446463755472798,-1.4317142659587954,-201.43171426595885,-1.4317142659587954,148.53490932678966,-119.9135526598724,-3.930694799342687,149.15509154812406,-469.293370438538,-3.310512578008281,149.58296376559287,-918.8654982210692,-2.88264036053946,-0.6909940927562072,-200.69099409275623,-0.6909940927562068
60,0.6,-0.6129049034679837,699.3869828399066,-0.6130171600932348,-1.874473842166095,548.1209322706678,-1.8744738421660943,-0.6648821409207564,299.33511785907916,-0.6648821409207559,-0.69459107432509,399.42344018613676,-0.5765598138631817,-1.3483611860271847,198.6516388139728,-1.3483611860271847,-0.2670874361457631,99.73291256385413,-0.2670874361457628,2.4690534577263286,1002.0733171460859,2.2970337117296693,-205.04104806163855,504.3818221174148,1.4533167578610329,-360.2725664534415,386.3201152088069,-3.781902622372889,-444.70167987384,186.41357248948168,-7.519060438320393,-505.65635315344247,35.7342165133102,2.8423388702587213,-6.810275148127986,-191.11349442293283,-0.27248719590785797,-0.11141153698331872,-199.79202559073133,-0.11141153698331836,-1.0021439117154014,-200.8434678009924,-1.002143911715401,-0.8018329418225382,-200.78388815650652,-0.8018329418225381,-1.4157065626721048,-201.43727049612937,-1.1606397047583477,192.83146429536805,503.032329071672,0.10382371211829303,338.7810358971602,387.0892306379757,-4.478308125366508,441.0529500057469,186.46622416229093,2.979310128811723,492.47652248993586,47.00110507664302,2.9921127736439073,-4.161961430323467,-213.41611616331045,0.4615762775932771,-1.233299415009307,-201.23329941500938,-1.2332994150093064,-1.099117039211734,-201.09911703921176,-1.0991170392117335,-0.14770465116851939,-200.14770465116862,-0.07194191530658593,-0.6392954373728552,-200.63929543737288,-0.6392954373728547,-153.1838195625677,-83.95332021057796,-0.5140971978695805,-153.9981864442349,-434.7676870922452,-1.3284640795367868,-154.5247600458084,-885.2943327789785,-1.8550376811102862,-1.8051875928688876,-201.80518759286895,-1.8051875928688874,148.692138504076,-119.74688822463273,-3.633544368628769,149.2583025170188,-469.18072421168995,-3.0673803556860024,149.9343349999476,-918.5046917287614,-2.391347872757204,-0.8574143770420608,-200.8574143770421,-0.8574143770420604
61,0.61,-0.4638750027247145,699.5360916217046,-0.46387500272471427,-1.4933399624541823,548.5054985209716,-1.4933399624541819,-0.2556651659960869,299.74433483400384,-0.2556651659960864,-0.6741770232718096,399.40694459660585,-0.5930554033941551,-1.0768687428173012,198.92313125718272,-1.076868742817301,0.03198305225418141,100.03198305225405,0.03198305225418163,2.2926703957642225,1001.8991739593415,2.122935333386555,-205.2259390201579,504.337029383697,1.4731967950253826,-359.6229539476435,386.8383603455129,-3.8155083053245433,-444.20803343364577,186.90112892409462,-7.428027826123423,-506.07528761013475,35.79356293955913,2.6875151708648777,-6.587321482635295,-191.06587257551664,-0.03366493963686079,-0.06827436751359062,-199.59727613249396,-0.0682743675135904,-1.1158767486602659,-200.819430746261,-1.1158767486602654,-0.8607270848853324,-200.85618993261926,-0.8607270848853322,-1.2019787837659872,-201.20897956796887,-1.0676442493611504,192.86828021599194,503.1669210044375,0.303088415765855,339.3190131551421,387.68648795103957,-3.8160089141641023,441.5799126520636,186.62224061785844,3.284667571897939,493.0369606002079,47.777520982583056,3.325098381945817,-3.6319973733419113,-213.53698190572618,0.8391462936874882,-1.059709323713099,-201.05970932371315,-1.0597093237130986,-0.7783522579726847,-200.7783522579727,-0.7783522579726844,-0.22657859075704856,-200.2265785907571,-0.15971821102755746,-0.7914292645781625,-200.79142926457817,-0.79151021149176,-153.06394244513814,-83.8707399084976,-0.5472860637310422,-154.10212560562678,-434.90892306898627,-1.5854692242197075,-154.29629530161384,-885.1035628192615,-1.7796389202067355,-1.8301555127358586,-201.83015551273587,-1.8301555127358582,149.17441927580137,-119.2317903879937,-3.0027669808503816,149.6155184422056,-468.79069122158955,-2.561667814446178,150.34460193812953,-918.0616077256657,-1.8325843185222253,-0.8655651300400439,-200.86556513004007,-0.8655651300400434
62,0.62,-0.19502408380990938,699.8047582801311,-0.1950240838099092,-0.9300185433826397,549.0697527404429,-0.9300185433826393,0.30698254431474375,300.3069825443147,0.3069825443147442,-0.5324492315813905,399.51097204255814,-0.4890279574419022,-0.5767252036073081,199.42327479639266,-0.5767252036073078,0.3024931751764586,100.30249317517635,0.30249317517645874,1.9325122696248973,1001.5416418865076,1.7652819913751556,-205.30784949092558,504.4036995443911,1.6083749078426597,-358.6236764249436,387.6997730836156,-3.522801832214114,-443.46319229682933,187.69375333664357,-7.036842927107203,-506.3189368713833,36.02773766719724,2.647522973256354,-6.0342822346707,-190.7517389315293,0.4861872916416715,0.14252355701585856,-199.3194394305679,0.14252355701585878,-0.9535659068904928,-200.52223951850164,-0.9535659068904927,-0.8881372578908115,-200.88724383963745,-0.8881372578908113,-0.7596366711787736,-200.76140674662702,-0.7040695166823103,193.1122088393236,503.4966099219607,0.7012852854122998,340.10607490255927,388.51973032640467,-2.9324448576044793,442.27908007432757,187.0428766823505,3.720343207224844,493.9162582707138,48.87007677732317,3.9420350284531693,-2.787386191239138,-213.35305551073833,1.4760571238696636,-0.7598018018215132,-200.7598018018216,-0.7598018018215128,-0.25646681336373445,-200.25646681336377,-0.256466813363734,-0.013137189537916052,-200.01313718953799,0.03281523262605633,-0.6461755524932467,-200.64617555249328,-0.6467033926751684,-152.86125144747973,-83.7299001306982,-0.5065046203182915,-154.08150388242694,-434.9501525656454,-1.7267570552655238,-153.83357946498822,-884.7046152808524,-1.4788326378267955,-1.4528926383722705,-201.4528926383723,-1.45289263837227,149.91426561525856,-118.43534493528841,-2.1060206554033534,150.314576269491,-468.03503428105597,-1.705710001170929,150.83280170874625,-917.5168088418009,-1.1874845619157017,-0.6263442838239367,-200.62634428382395,-0.6263442838239363
63,0.63,0.06719679044365988,700.0660915433388,0.06719679044365985,-0.29439580198150217,549.7055691232572,-0.29439580198150184,0.8488668118626185,300.84886681186254,0.8488668118626187,-0.3916975874710378,399.62640309256375,-0.37359690743623647,0.013295503964588062,200.01329550396457,0.013295503964588118,0.43473151824039435,100.4347315182403,0.4347315182403946,1.5294922836169909,1001.1416363942894,1.3649877443696612,-205.39175655922188,504.4756005428653,1.7525536305752334,-357.4996849380243,388.68041763226813,-3.126202680212268,-442.67783907861156,188.58133228769236,-6.554619932735118,-506.4453657180965,36.37467950923639,2.659750116660885,-5.236803850984718,-190.25341076808056,1.2029719542940525,0.39185839678673906,-199.13101001662807,0.39185839678673917,-0.5120568033881778,-200.0232999736184,-0.5120568033881777,-0.8267939582203728,-200.82665694809378,-0.8267939582203725,-0.3167699663000297,-200.31711851482183,-0.2987961728238982,193.42651616253042,503.88450508695803,1.1614581746678883,340.9695308872488,389.4166308227148,-2.000452234008154,442.9817214893765,187.60679078117028,4.118447024079295,494.83669609128935,50.02155765416847,4.586518808104624,-1.721261097107889,-212.9263898430114,2.307890812543862,-0.4177241560621556,-200.4177241560622,-0.41772415606215535,0.2867782529558895,-199.71322174704414,0.2867782529558897,0.4029296429555676,-199.5970703570445,0.4275262020869631,-0.2744079637196839,-200.27440796371974,-0.27708855734814486,-152.70478343779521,-83.6601966759655,-0.5205871501585349,-154.0420255584492,-434.99743879661946,-1.8578292708125181,-153.37790277382288,-884.342757304755,-1.1937064861862101,-0.890395746954165,-200.8903957469542,-0.8903957469541649,150.7090320415499,-117.55984294162477,-1.1461551675921378,151.21063609971077,-467.0582388834639,-0.6445511094312575,151.32892170470845,-916.9399532784662,-0.5262655044335999,-0.2602800994637449,-200.2602800994638,-0.26028009946374453
64,0.64,0.19975774151280273,700.1953864044153,0.1997577415128028,0.3102534224482061,550.3102534224482,0.3102534224482064,1.1872982790165838,301.18729827901655,1.1872982790165838,-0.3646759935983118,399.6412004368358,-0.3587995631641494,0.4976479052316626,200.49764790523162,0.4976479052316627,0.39349231561325665,100.39349231561316,0.39349231561325676,1.2641574794119428,1000.8797066093346,1.1026003700455762,-205.57520115435744,504.43548740456106,1.7884182932147834,-356.5280450639731,389.50430485525715,-2.900159821573041,-442.16492056026806,189.25195381828095,-6.292284622999306,-506.52920264707274,36.75599045313733,2.6414745632838788,-4.3542072953175195,-189.7263548406748,1.9592850753151407,0.45615767098262094,-199.21494962360578,0.456157670982621,0.013244752955167527,-199.555428858656,0.013244752955167638,-0.6311203755899177,-200.63112037558997,-0.6311203755899175,-0.11010920514580469,-200.11016265679288,-0.10557970783486803,193.6028905737412,504.12215269062835,1.4750835792821073,341.62313167831974,390.0913912022988,-1.3063139103051833,443.5710521005825,188.15058674793363,4.36206869130058,495.54813168792606,50.96493152574992,4.99251139847928,-0.6881771425551849,-212.48971326723884,3.0997316474786736,-0.16906386621854175,-200.1690638662186,-0.16906386621854158,0.600622256168003,-199.39937774383202,0.6006222561680032,0.8136528369181998,-199.18634716308185,0.8239062082348553,0.15665943725327025,-199.8433405627468,0.14605748378973415,-152.72629057322573,-83.79369245264405,-0.7210504146465546,-154.10129533624524,-435.16869721566366,-2.0960551776661087,-153.20797827555236,-884.3044613840107,-1.202738116973204,-0.43381470808634603,-200.4338147080864,-0.43381470808634603,151.32156440367172,-116.84213197675513,-0.3605615361747253,152.00075359221185,-466.162942788215,0.31862765236542184,151.71469595769767,-916.4490004227291,0.032570017851254164,0.025108345565975854,-199.9748916544341,0.025108345565975965
65,0.65,0.21295063516421403,700.1994859689842,0.21295063516421409,0.8082633579081395,550.8082633579081,0.8082633579081397,1.2531994047783273,301.25298098424514,1.2529809842451618,-0.4568740842248797,399.54461171007085,-0.4553882899291313,0.7457670082422034,200.74576700824218,0.7457670082422034,0.27254816376039226,100.27254816376029,0.27254816376039237,1.2051640927494471,1000.8245106736991,1.0467767211031296,-205.81036032969223,504.3007701639448,1.7333050179902145,-355.8516889538675,390.0296349513743,-2.984913326458235,-442.10484599714704,189.5270782214981,-6.4274061404064184,-506.62668096273126,37.111926845780175,2.5225221746558733,-3.456823941472143,-189.23629052269843,2.687056373515321,0.2672111997357106,-199.55643183995483,0.2672111997357107,0.4130572046072362,-199.29049679299348,0.4130572046072363,-0.25146526492248433,-200.25146526492253,-0.2514652649224841,-0.1431701724871042,-200.14317017248715,-0.14227826158377457,193.52296074067402,504.0910539724731,1.5235888265184492,341.91617953051514,390.39384985289416,-1.000649142495846,444.08194309072525,188.61355196455554,4.483222301406036,496.00910645968503,51.623430445387825,5.084420616012257,0.10136804425500118,-212.24766693352638,3.6449410277866194,-0.06107671276038734,-200.06107671276047,-0.06107671276038734,0.5920587330722689,-199.40794126692776,0.5920587330722691,1.0700006394161092,-198.92999936058396,1.0733294217128027,0.4855540374551737,-199.51444596254487,0.4528977217653445,-152.93569417028914,-84.1405694988693,-1.1175473790972956,-154.2581965432389,-435.463071871819,-2.440049752047038,-153.43147370845443,-884.7061112788967,-1.61332691726258,-0.20102959205952842,-200.20102959205957,-0.20102959205952864,151.5982216980854,-116.43559613523371,0.0968496501861623,152.44546543532746,-465.5883523979917,0.9440933874282513,151.91545573645217,-916.118362096867,0.41408368855295496,0.12271358347820391,-199.87728641652188,0.12271358347820399
66,0.66,0.18822144470133045,700.1559213896602,0.1882214447013305,1.1506801745824156,551.1506801745824,1.1506801745824156,1.1126614727231559,301.11123719193415,1.1112371919342172,-0.5803182448862393,399.41997432535754,-0.5800256746424546,0.7477152117809341,200.74771521178093,0.7477152117809343,0.23637335591503666,100.23637335591496,0.2363733559150366,1.27047551334816,1000.8940137035895,1.1154806845481713,-205.9381242735308,504.21522960830964,1.7309165372680986,-355.42433661504697,390.3038706049465,-3.331425509924448,-442.43227106803556,189.47400946556246,-6.891728013462357,-506.7276418914887,37.44942577830517,2.29795247523754,-2.5155908081072935,-188.74696984948605,3.4179273193042663,-0.009201726157992085,-199.93560597237837,-0.009201726157991752,0.6439682578002839,-199.19735563147677,0.6439682578002839,0.2999522361167799,-199.70004776388328,0.2999522361167799,-0.17219904324704224,-200.1721990432471,-0.17206226428003338,193.25853811047728,503.86290793284934,1.3785948618077835,341.96579533124236,390.4417453843083,-0.9661477417184112,444.6403444561322,189.05438343271203,4.600597452340345,496.347301647222,52.102998947209805,4.969594536306156,0.6476306334276541,-212.20187741594907,3.940096139695724,-0.012491870837626068,-200.01249187083766,-0.012491870837626207,0.41218545571874976,-199.5878145442813,0.41218545571875,1.1784850032505843,-198.82151499674944,1.179326651221002,0.6218646172871203,-199.37813538271294,0.5435261883867986,-153.19806737411201,-84.56610995087732,-1.5748498675936473,-154.37910465404508,-435.74714723081036,-2.755887147526723,-153.9022320218375,-885.4006076249433,-2.2790145153191266,-0.10199430163119255,-200.10199430163127,-0.10199430163119269,151.5703319044011,-116.30870189931596,0.2571040554826992,152.5144355649066,-465.3645982388106,1.2012077159881778,151.93595373568033,-915.9430800680368,0.6227258867619441,0.08469239693799635,-199.91530760306208,0.08469239693799646
67,0.67,0.16708299049238462,700.106738543237,0.16708299049238462,1.3118395649712742,551.3118395649713,1.3118395649712742,0.8617209625222425,300.8544878678494,0.8544878678494079,-0.6517475208410421,399.34829734625896,-0.6517026537410069,0.5799906883776501,200.57999068837768,0.5799906883776501,0.3911384828592021,100.39113848285913,0.39113848285920194,1.338108704023403,1000.9662342073802,1.1867296002326213,-205.8811175467261,504.27127869042374,1.8735836847729448,-355.09243104793,390.48179600875665,-3.7833262084299144,-442.90160510011384,189.33759210303208,-7.439473588477995,-506.76120097404635,37.836465157885264,2.039955241958774,-1.5498837611910659,-188.26441829538481,4.135388781853049,-0.16665080868144555,-200.14274216330946,-0.16665080868144555,0.810901474954541,-199.12295248105477,0.8109014749545407,0.898482976590779,-199.10151702340926,0.8984829765907791,0.04754429947687289,-199.9524557005232,0.04754429947687311,192.97920493091473,503.6071995480548,1.2095045424040043,342.02422800220484,390.48802228755187,-0.9502622270323153,445.33176190384484,189.54670358817225,4.791375814210013,496.6823375910225,52.5246119768861,4.7707089918245345,1.1052077395772644,-212.19897037270243,4.13698670750527,0.043653461888428835,-199.95634653811157,0.04365346188842878,0.2859781114168588,-199.71402188858318,0.28597811141685914,1.2072893039643802,-198.79271069603564,1.2074550342761674,0.5669337092209888,-199.43306629077904,0.42057825611637084,-153.34318698137403,-84.90024632169029,-1.9224005053205004,-154.3309907383501,-435.8880500786663,-2.91020426229654,-154.35297247018028,-886.0996652448632,-2.9321859941267396,0.009512674471755633,-199.9904873255283,0.009512674471755411,151.44288374692894,-116.25630791946827,0.3248554784569764,152.31386652942834,-465.38532513696896,1.1958382609563785,151.79486838432464,-915.9043232820726,0.6768401158527073,0.01991951540776493,-199.98008048459232,0.01991951540776482
68,0.68,0.1588017124172042,700.0710010597408,0.15880171241720414,1.2919490422746218,551.2919490422747,1.2919490422746216,0.5524910434580536,300.52388359908286,0.5238835990828437,-0.6467096544003532,399.3532903455997,-0.6467096544003534,0.3610807676429639,200.361080767643,0.36108076764296393,0.7174476978416466,100.71744769784164,0.7174476978416464,1.3558648122294747,1000.9889746961289,1.2083248718723896,-205.74280814061882,504.39557130524713,2.0878742552669545,-354.73206124084817,390.68858778119045,-4.213846151697946,-443.2443521452964,189.3801305220676,-7.807429007643254,-506.67074161028256,38.32709336219431,1.840066923296461,-0.7066277193908845,-187.9126481947584,4.695639522673847,-0.14113901881824523,-200.1350915738928,-0.1411390188182451,1.0190209987031884,-198.95950452490922,1.0190209987031884,1.3793974606317811,-198.62060253936824,1.379397460631781,0.5418682274772777,-199.45813177252276,0.5418682274772779,192.80273785954324,503.4416235542824,1.1339265043021927,342.26643038434133,390.7084027024374,-0.7776339274972489,446.12878266590803,190.0897653435086,5.031324855413964,497.0572019431222,52.94323289094546,4.545222945275141,1.596602316353414,-212.11480175804257,4.358393229871112,0.044109956908804926,-199.9558900430912,0.044109956908804815,0.31622815886372374,-199.6837718411363,0.3162281588637237,1.1411245594454937,-198.85887544055447,1.1411499750119631,0.42026557836618517,-199.57973442163382,0.20731965061640903,-153.29951229089068,-85.07153897090895,-2.08829182454244,-154.107439634042,-435.8794663140603,-2.8962191676937916,-154.59295450033204,-886.5798640131526,-3.3817340339838156,0.2139982367391146,-199.7860017632609,0.21399823673911444,151.43727218114452,-116.05692090663601,0.5211315955104718,151.95389956052932,-465.54029352725127,1.0377589748952842,151.49755229600726,-915.9966407917732,0.5814117103732293,-0.0006392764018843811,-200.0006392764019,-0.00063927640188427
69,0.69,0.19981090601706583,700.1003197322585,0.19981090601706583,1.1236365629465017,551.1236365629466,1.1236365629465015,0.24610247426945536,300.1579853421005,0.15798534210044848,-0.574943504346918,399.42505649565317,-0.574943504346918,0.22914081767829794,200.22914081767834,0.229140817678298,1.1200709947600005,101.12007099476004,1.12007099476,1.3357744347482317,1000.974266947307,1.1922972312647144,-205.67127265898836,504.45944483743256,2.2450356393245134,-354.33579878876697,390.93297203816843,-4.612664157172033,-443.3299639333891,189.72274687764877,-7.873587389790347,-506.46891255169135,38.9064514822567,1.740311250167701,-0.14477776327978154,-187.8250880836954,4.943071945828806,0.016907606461045777,-199.98190085475414,0.016907606461045888,1.2827902771362623,-198.71178012493374,1.2827902771362623,1.6645008908976002,-198.3354991091024,1.6645008908976,1.1411218097896385,-198.85887819021036,1.141121809789639,192.75247183862984,503.38944847790714,1.1750392797990385,342.71545281690544,391.12677552337266,-0.4247018122902858,446.9167629464363,190.61647256934384,5.232802798430894,497.5120525351174,53.408420738228465,4.346963586814457,2.1117770897213797,-211.9561219469576,4.596431285681144,-0.10232345838673207,-200.1023234583867,-0.10232345838673185,0.46249030892282783,-199.53750969107716,0.4624903089228277,0.9025730711107083,-199.09742692888926,0.9025730711107084,0.35010901011460366,-199.64989098988536,0.10874175720405327,-153.1296407912414,-85.14263058122658,-2.1347223453121686,-153.82034829518255,-435.8333380851677,-2.825429849253323,-154.57506346167227,-886.777686686024,-3.580145015743018,0.494838426501017,-199.50516157349898,0.4948384265010169,151.6253230225587,-115.63867221257351,0.9173589835964928,151.53210015976157,-465.7318950753707,0.8241361207993719,151.11283039481611,-916.1511648403161,0.40486635585393366,0.06468654261049872,-199.93531345738947,0.0646865426104987
70,0.7,0.3298817701881848,700.2420811175118,0.3298817701881848,0.8683645051359014,550.868364505136,0.868364505135901,0.061330042363098636,299.84994803102774,-0.15005196897236533,-0.4621294653366735,399.53787053466345,-0.46212946533667365,0.28507460728772427,200.2850746072878,0.28507460728772427,1.4988418486208055,101.49884184862088,1.4988418486208053,1.2970965708687698,1000.9413709570938,1.157905691050003,-205.6886433457443,504.441733409295,2.3238081627965594,-353.9820037865393,391.13791199665536,-5.055223758223376,-443.23337650157686,190.28520627177448,-7.717322019081516,-506.22697826773856,39.501439059843875,1.6976346939948994,0.12998019636422656,-188.00527901325222,4.875536774409855,0.24597850279537917,-199.7538387688137,0.24597850279537917,1.5410516079576475,-198.45787924081822,1.541051607957647,1.7912766098784045,-198.20872339012155,1.7912766098784045,1.6371954026405917,-198.36280459735937,1.6371954026405917,192.79997171006153,503.4221883861,1.304263139601541,343.2859132797784,391.6586617328697,0.02376483232241425,447.5808002441913,191.0624279230958,5.321784494722316,498.1030606971747,53.9789651753146,4.241685535507585,2.5629308795110943,-211.80710935425566,4.76602527822075,-0.3408670591295415,-200.3408670591295,-0.3408670591295415,0.632824497969257,-199.3671755020307,0.632824497969257,0.5105030336540349,-199.48949696634594,0.510503033654035,0.5020738890434329,-199.49792611095654,0.28868516967491425,-152.97302706764367,-85.25296402944686,-2.200716014221188,-153.60059702728518,-435.88053398908835,-2.828285973862682,-154.34563325755528,-886.755903245699,-3.573322204132782,0.7459360615380733,-199.25406393846185,0.7459360615380732,151.9157416008714,-115.09287020977514,1.4218123070864621,151.1588024682971,-465.84980934234954,0.664873174512137,150.80459665746096,-916.2040151531858,0.31066736367600606,0.2484903566843416,-199.75150964331561,0.24849035668434158
71,0.71,0.5165477240183338,700.456203276763,0.5165477240183338,0.6023168921218747,550.602316892122,0.6023168921218746,0.09503829838325269,299.700124710232,-0.29987528976812,-0.35854408464855164,399.64145591535157,-0.35854408464855175,0.5063470287657521,200.50634702876587,0.5063470287657521,1.7661978134367566,101.76619781343686,1.7661978134367562,1.2508446391611123,1000.9013009563366,1.116163561121326,-205.71765916748103,504.4118151039848,2.39347240560923,-353.71374968937545,391.26167644539584,-5.581668918607535,-443.1381226169907,190.88716428060008,-7.518135173809115,-506.0364382342558,40.019107137219386,1.5949012083025558,0.2800692266225597,-188.33751498068153,4.659147024433071,0.49556138392008187,-199.50443861607988,0.49556138392008175,1.7017607573613849,-198.29807528298807,1.7017607573613844,1.825341325577472,-198.1746586744225,1.825341325577472,1.8790098505560313,-198.12099014944394,1.8790098505560315,192.90722833864527,503.50179912593194,1.4834564275563125,343.8505886947538,392.17780058038295,0.4412544885939341,448.09245102226174,191.42349593675,5.2914512212156675,498.8159855652726,54.6399034680474,4.222211934252961,2.9025364846263235,-211.71258460032993,4.821700521215621,-0.47407565741315993,-200.47407565741315,-0.47407565741315993,0.762142426952703,-199.23785757304728,0.7621424269527028,0.13045550729327804,-199.86954449270667,0.13045550729327804,0.8988954666353942,-199.10110453336455,0.750291332144651,-152.96928076056963,-85.54207948943795,-2.4254208342240333,-153.51682286871542,-436.0896215975838,-2.9729629423698674,-154.0042512883149,-886.6468122590455,-3.460391361969347,0.8377328955157177,-199.16226710448421,0.8377328955157177,152.1644795978924,-114.56363430759015,1.8899818276264146,150.91505646956904,-465.8130574359136,0.6405586993030278,150.72589946288056,-916.002214442602,0.4514016926145778,0.5425729461652533,-199.4574270538347,0.5425729461652533
72,0.72,0.6473935080686406,700.6150934530276,0.6473935080686406,0.39267361175375964,550.3926736117538,0.39267361175375964,0.30591501785974323,299.73131913758357,-0.26868086241657224,-0.3180495070610314,399.68195049293905,-0.3180495070610315,0.7450237192058968,200.74502371920602,0.7450237192058968,1.8512515451992066,101.85125154519932,1.8512533507415858,1.2237285498821997,1000.880767482216,1.093780520720082,-205.73734108252313,504.3837296482625,2.467966984197843,-353.465724621466,391.3709316310534,-6.123756273364653,-443.173672462417,191.4064281522411,-7.39736060257701,-505.9793674496861,40.37632621389119,1.2979293502040763,0.4773538572406344,-188.7250424519313,4.469573819839601,0.6940142234436911,-199.30598577655627,0.6940142234436911,1.6566876414732734,-198.3433123585267,1.656687641473273,1.7645789827590777,-198.23542101724087,1.7645789827590779,1.7811229729987292,-198.21887702700127,1.7811229729987295,193.02440279555822,503.57842260352027,1.6626599394555919,344.3027722227566,392.57850146666647,0.7218671076917604,448.51428500315194,191.74492267591393,5.187112616083935,499.5282308542282,55.27326452397186,4.172047451401074,3.1616346979783305,-211.64103772224706,4.794561129679174,-0.3507316333333981,-200.3507316333334,-0.350731633333398,0.8249887692802068,-199.17501123071975,0.8249887692802067,-0.08246952439667651,-200.08246952439663,-0.08246952439667647,1.4042854232512045,-198.59571457674878,1.3170532869433549,-153.1939484538239,-86.08539564900795,-2.883891563200731,-153.57502274001612,-436.46646993520017,-3.2649658493929294,-153.70723008542637,-886.6277585096504,-3.397173194803179,0.7313995131325786,-199.2686004868674,0.7313995131325787,152.25050403461688,-114.17212663486677,2.2003432023179292,150.80256606828067,-465.620064601203,0.7524052359816902,150.88896664924664,-915.5336640202372,0.8388058169476844,0.8650101519132638,-199.13498984808672,0.8650101519132637
73,0.73,0.609594593739909,700.5961299275598,0.609594593739909,0.258859400091567,550.2588594000916,0.2588594000915671,0.5174860898304219,299.86638365695694,-0.1336163430432562,-0.36232477438194954,399.63767522561807,-0.36232477438194954,0.8477830120937583,200.84778301209388,0.8477830120937583,1.7292420076963813,101.72924200769651,1.729253781311649,1.2709062184733673,1000.9349288910742,1.145914131677203,-205.84670421082717,504.2550721916767,2.4447824342771414,-353.140379781998,391.56458594028356,-6.581014504269907,-443.3634945596606,191.82346123231997,-7.373586092913309,-506.10833920917867,40.51986801625049,0.7217753410856058,0.7491813543063333,-189.1757089053011,4.338050508490828,0.7485446097800259,-199.25145539021995,0.7485446097800258,1.30060742948307,-198.6993925705169,1.3006074294830698,1.5219722775883797,-198.47802772241158,1.5219722775883797,1.3360939009355381,-198.66390609906446,1.3360939009355381,193.0516653883691,503.5522258894592,1.7419361320595401,344.6025973438899,392.8219623450267,0.826634228491028,448.90961133796725,192.05281937721526,5.035548013416543,500.0911892638061,55.74812579448149,3.9483908205050113,3.3637020159260125,-211.5719852702982,4.7049368429436385,-0.03239644515125473,-200.03239644515128,-0.03239644515125467,0.7972040443507324,-199.20279595564926,0.7972040443507326,-0.1482421263511886,-200.14824212635114,-0.1482421263511884,1.774570702811063,-198.2254292971889,1.7145198397152202,-153.6170773686036,-86.85277292080409,-3.5456543571313377,-153.7812027229779,-437.0168982751785,-3.709779711505647,-153.64255094057066,-886.8876877855329,-3.5711279290983855,0.525601777509009,-199.47439822249098,0.525601777509009,152.08506362915452,-114.0072861638466,2.263624791274589,150.7582039387495,-465.3341458542517,0.9367651008695506,151.14664328177395,-914.9457065112273,1.325204443894031,1.0672052262879506,-198.93271306578896,1.0672869342109985
74,0.74,0.3951617591463176,700.3907904220489,0.39516175914631774,0.16497792273968434,550.1649779227397,0.16497792273968448,0.5627951027895439,299.98819922251334,-0.011800777486771552,-0.4757457945090573,399.52425420549105,-0.47574579450905735,0.7910773244995963,200.79107732449967,0.7910773244995963,1.4556456282429007,101.45564562824305,1.4557054195948145,1.4328739635201537,1001.1042817557791,1.3130602361709331,-206.16075528432233,503.9096986895079,2.2076667012063913,-352.7210430926609,391.86066926395245,-6.933868952548913,-443.67458319713694,192.16957938486695,-7.414387891161496,-506.4047248916637,40.46810629679681,-0.11371318109939219,1.021884236940048,-189.71800270221425,4.194837882274372,0.629323717616321,-199.37067628238367,0.6293237176163208,0.6307521840646764,-199.36924781593532,0.6307521840646763,1.020221687937865,-198.97977831206214,1.020221687937865,0.6656688854758216,-199.33433111452422,0.6656688854758218,192.8648507187384,503.29905633148536,1.597024343183803,344.80489199877655,392.9641179435745,0.8113688113561586,449.2815981412678,192.32670428382124,4.817236725208295,500.459799814952,56.04470520160626,3.510718183156653,3.475024502704491,-211.54334878271453,4.515007260835647,0.25353870684111723,-199.74646129315892,0.253538706841117,0.6631879524727484,-199.33681204752725,0.6631879524727486,-0.20678562233000897,-200.20678562233,-0.2067856223300088,1.7991967822759662,-198.20080321772406,1.722878725850734,-154.10228945540715,-87.70758724198515,-4.273781948507126,-154.15479994811307,-437.7600984055274,-4.326292441213058,-153.9077342316006,-887.5154191508243,-4.079226724700573,0.388134759201331,-199.61186524079866,0.3881347592013312,151.66840982554865,-114.06910797239117,2.0795297733470615,150.7103535913708,-465.02716420656907,1.121473539169209,151.31965178574504,-914.4178660121948,1.730771733543465,1.005605414329403,-198.99386178308367,1.006138216916298
75,0.75,0.14946431628376378,700.1483590691789,0.149464316283764,0.08431652093798489,550.084316520938,0.08431652093798497,0.4414077027220169,300.04649411457075,0.046494114570644285,-0.6010694662231124,399.398930533777,-0.6010694662231125,0.7033761422150999,200.70337614221515,0.7033761422150999,1.1602130390153806,101.1602130390155,1.1604495183995678,1.659554182028924,1001.3387485404792,1.5451406318558056,-206.65927602703505,503.3675721240003,1.776471472362568,-352.2497281780319,392.21851698282956,-7.221461518787214,-444.04161609419106,192.50568014477187,-7.4577447080735375,-506.7252083388622,40.3644990919915,-1.0476298855063866,1.3026041909165067,-190.25977162848463,4.051011002238598,0.45604001814241746,-199.5439599818576,0.45604001814241735,-0.1319400883597761,-200.13194008835978,-0.1319400883597761,0.34179297049740054,-199.6582070295026,0.3417929704974006,0.04065705962739785,-199.95934294037264,0.04065705962739807,192.46720185304082,502.8221857594966,1.2310851078588123,345.06040451180877,393.15685955577396,0.8278865269701237,449.6286659416003,192.56503128608216,4.531680948763444,500.760454706612,56.303813082183055,2.9866645524543487,3.5181842163719748,-211.5294343652863,4.250823746219561,0.34688865399541846,-199.6531113460046,0.34688865399541846,0.48144233871314435,-199.51855766128688,0.48144233871314446,-0.3079303757572706,-200.30793037575725,-0.30793037575727034,1.4669766297618116,-198.53302337023825,1.3415221924369616,-154.45886660106845,-88.45881518210972,-4.876980075409977,-154.6451381223647,-438.6450157027323,-5.063251596706224,-154.38099385565437,-888.3814124909838,-4.799107329995868,0.445850962985446,-199.55414903701455,0.4458509629854462,151.17561340000466,-114.1828267358543,1.8225539746924084,150.64188228813433,-464.7165578477247,1.28882286282207,151.37005655736476,-913.9883835784942,2.0169971320525173,0.6727872027044425,-199.3245070024952,0.6754929975047899
76,0.76,0.07021670504527638,700.0699990689864,0.07021670504527638,0.04580729942243308,550.0458072994224,0.04580729942243315,0.3235075073330014,300.1121254959976,0.1121254959975374,-0.6437359411365096,399.3562640588636,-0.6437359411365096,0.7373032054067156,200.73730320540673,0.7373032054067156,0.9619365339521317,100.96193653395224,0.9626649417357269,1.815152304804769,1001.5025345555321,1.706360027147416,-207.16801409958993,502.8028725042626,1.3252622917894303,-351.7204434503419,392.6454538342517,-7.434970580146309,-444.3742729289044,192.9182583491717,-7.4165563134258345,-506.84591253447104,40.43345477455964,-1.839707818796941,1.7180100753653307,-190.6178991691163,4.037140666748082,0.41351820891181656,-199.5864817910882,0.41351820891181645,-0.6107705246607583,-200.61077052466078,-0.6107705246607583,-0.24960226232667093,-200.24960226232668,-0.2496022623266707,-0.2459947174592167,-200.24599471745924,-0.24599471745921667,192.07165341942078,502.3345935963339,0.8569833838606584,345.5367880932961,393.5690132238933,1.044985317887091,450.0061658067219,192.8345360682788,4.24674959461538,501.1988724640089,56.72372600397828,2.5778987128707276,3.65575691223862,-211.34886779288644,4.0943745632968644,0.3111676059744104,-199.6888323940256,0.31116760597441034,0.3579754249300811,-199.6420245750699,0.3579754249300811,-0.3304770000910729,-200.3304770000911,-0.33047700009107267,0.9931934253868269,-199.0068065746132,0.8140306966869824,-154.54840094669882,-88.96768435647061,-5.216239154604256,-155.0987165468142,-439.51753066439665,-5.766554754719639,-154.78820612474868,-889.2075616196803,-5.456044332654125,0.6974529537979379,-199.30254704620208,0.6974269271606817,150.87916983036243,-114.07631126131992,1.7645925935825901,150.61649332502367,-464.33898776665876,1.5019160882438372,151.4256129696832,-913.5298681219992,2.311035732903349,0.26334433442954197,-199.7259540395386,0.2740459604613961
77,0.77,0.1951866101211063,700.1951532345505,0.1951866101211064,0.07062154563694611,550.070621545637,0.07062154563694611,0.36757779871577484,300.27946066654675,0.27957006967259396,-0.55385339095844,399.44614660904165,-0.5538533909584401,0.9030467559972739,200.90304675599728,0.9030467559972739,0.8467346323007179,100.84673463230078,0.848481991736718,1.8132411790056304,1001.5092123396837,1.710290423738046,-207.52337699558535,502.3792018807942,1.0175236929637774,-351.08404147555325,393.1919375139854,-7.522471060658283,-444.6246592371721,193.45325448530653,-7.245318672708404,-506.6340090177474,40.808711545716626,-2.3466261379723647,2.322986199172243,-190.73016684297778,4.211946032869233,0.5347772825559738,-199.46522271744402,0.5347772825559738,-0.5851549644133505,-200.5851549644134,-0.5851549644133505,-0.5274908224369608,-200.52749082243696,-0.5274908224369608,-0.12040307679609663,-200.1204030767961,-0.12040307679609652,191.91226026799086,502.07039551096295,0.7087173231324816,346.26631471443267,394.2340471377162,1.4961540485624232,450.4663017278009,193.19757661861104,4.026016238687731,501.83918252515474,57.350193348719486,2.3430692051183613,4.033007775285242,-210.82868571339264,4.2194926640764,0.3129166042564613,-199.68708339574357,0.31291660425646123,0.3098352519304425,-199.6901647480696,0.30983525193044237,-0.1439249515906239,-200.14392495159063,-0.1439249515906237,0.6345102200969394,-199.3654897799031,0.43200942559549227,-154.39609814990615,-89.25897697896059,-5.3161390289756865,-155.40015985779237,-440.260630469355,-6.32020073686195,-154.96216767104673,-889.8250361835233,-5.882198233538208,0.9790451337841354,-199.0209548662159,0.9788754187902752,150.89440291073,-113.63466058157161,2.0203453003347307,150.70310025485145,-463.8259632374502,1.829042644456182,151.5977219530543,-912.9313415392473,2.7236643426590206,0.041472700648403,-199.92556397053744,0.07443602946254016
78,0.78,0.3210137382925157,700.3210137382925,0.32101373829251584,0.09146456110546189,550.0914645611055,0.0914645611054618,0.5265342061388361,300.4979267617636,0.4986401597583364,-0.42511188032995,399.5748881196701,-0.4251118803299503,1.0428962258989078,201.04289622589886,1.0428962258989076,0.6554293970689095,100.65542939706893,0.6586938942713978,1.736550433147037,1001.4415110247729,1.6396604816176166,-207.75094515718055,502.0710047621151,0.827579737035713,-350.36497661058684,393.83479405462856,-7.505702603669695,-444.84227640288714,194.06029937966034,-6.995458828405827,-506.16188772651606,41.41915278688636,-2.6338872952231944,2.9521100865200354,-190.77837661204413,4.413737932740824,0.6244084209940541,-199.37559157900597,0.6244084209940539,-0.23754549675700154,-200.23754549675704,-0.23754549675700165,-0.5442745168751748,-200.5442745168752,-0.5442745168751748,0.16189738086190075,-199.8381026191381,0.16189738086190086,191.99074340619478,502.0313893260342,0.7879643009547532,347.0705824136745,394.9747723362384,2.004274325343585,450.95512299249543,193.60577253671238,3.822395639101522,502.487207394129,57.978180468756605,2.0957376752694983,4.559544930440667,-210.04524767558325,4.550941400917651,0.3712103298019997,-199.62878967019805,0.37121032980199953,0.23333880832741016,-199.76666119167263,0.23333880832741014,0.19952513468219785,-199.8004748653178,0.19952513468219782,0.4723306003881978,-199.52766939961185,0.293695711870275,-154.20161367997588,-89.5318666431381,-5.37568687437995,-155.61966559217973,-440.9403170032672,-6.7937387865837735,-154.9875735503607,-890.3177592409834,-6.161579472225156,1.0477082829826658,-198.95229171701737,1.0468463991269519,151.0328565908511,-113.0468909152834,2.4006304022686433,150.8460865632867,-463.23358165680247,2.213939660749617,151.81715730829592,-912.2625109117932,3.18501040575885,0.10635423407211309,-199.81457085082872,0.18542914917126074
79,0.79,0.20492056076369597,700.2049205607638,0.20492056076369605,0.002578720454352923,550.0025787204543,0.002578720454352812,0.573175698699775,300.5659426040269,0.5695655379843638,-0.43592382071862956,399.5640761792814,-0.43592382071862984,0.9888644940373694,200.9888644940373,0.9888888201116273,0.25586331104190224,100.2558633110419,0.2606131264445677,1.7686992380659163,1001.4830490964662,1.678088280108489,-208.02976202894462,501.69927808600943,0.57630410893086,-349.68334676405357,394.4551691592706,-7.5021216585654855,-445.11047019238146,194.65447727575304,-6.752168584382538,-505.61113960476666,42.0848060841673,-2.8773794254800102,3.3473845389863497,-191.03470067977344,4.388118000496226,0.4369078644796247,-199.5630921355204,0.4369078644796244,-0.006370701888832157,-200.0063707018889,-0.006370701888832195,-0.5614959695759144,-200.56149596957596,-0.5614959695759144,0.22093881927666795,-199.77906118072335,0.2209388192766679,192.11274139035288,502.0233063608184,0.9003323837398164,347.68681577828295,395.52963648581937,2.3079152540245254,451.3374166752672,193.9265565037163,3.504692189458074,502.85978993711694,58.32671199976451,1.5880663281076868,4.947547428901938,-209.2993813027772,4.7892658494487,0.3127910309297817,-199.68720896907024,0.31279103092978144,0.04386552829136739,-199.95613447170865,0.04386552829136728,0.4895753626411711,-199.51042463735888,0.4895753626411709,0.3934837951931081,-199.60651620480695,0.2707099514967191,-154.19155335414177,-90.01241953887049,-5.620819469828208,-155.92473534962087,-441.7158422772169,-7.354001465307331,-155.04524318988837,-890.8657677364713,-6.474167667428942,0.7758156948905565,-199.22418430510947,0.7724068781149601,150.97172187297124,-112.63662866906114,2.58169289461181,150.8712549054189,-462.73657862665283,2.481742937020207,151.89995191633264,-911.7078816157391,3.510439947933924,0.31465273602974586,-199.53761587350198,0.4623841264980247
80,0.8,-0.17702467217937617,699.8229753278206,-0.17702467217937606,-0.210228373057864,549.7897716269422,-0.2102283730578641,0.345760169639365,300.34433588885037,0.35866487061411106,-0.6604249820926621,399.33957501790735,-0.6604249820926624,0.7298862386505329,200.72988623865047,0.7300448645806756,-0.27295721323691746,99.72704278676308,-0.2675749672610341,2.0003443568705643,1001.7244824440572,1.9162293679412463,-208.4674227899177,501.1564824924983,0.15603151830039633,-349.13259270786455,394.9608220938808,-7.602664414036167,-445.45568277792256,195.20604966561874,-6.5438493885176845,-505.09765485702235,42.69172322426323,-3.1872607308282586,3.4102203434482115,-191.6028244688266,4.039930250222637,-0.09531345880644457,-200.09531345880646,-0.09531345880644487,-0.17878572013370075,-200.1787857201337,-0.17878572013370087,-0.7319974924892672,-200.7319974924893,-0.7319974924892674,-0.10920753328554617,-200.1092075332856,-0.10920753328554633,192.14497075223937,501.91297178838204,0.9125208141841452,347.9961343113745,395.7809854752957,2.289595870012906,451.5376232920522,194.08584309115292,3.000265492349344,502.87796273064305,58.32512499648226,0.7923213428744413,4.959187921310417,-208.85560749954786,4.671562867171822,0.00543756216280207,-199.99456243783723,0.005437562162801803,-0.22255344757097492,-200.22255344757104,-0.22255344757097498,0.5560231920969969,-199.44397680790303,0.5560231920969967,0.2555233461138745,-199.74447665388618,0.18980724315217787,-154.43348747731162,-90.76760946543766,-6.118419188605621,-156.33378167925503,-442.59611014434483,-8.018653108785868,-155.17581303991375,-891.5085838229614,-6.859393546129397,0.2714122889911865,-199.72858771100886,0.2609123941241204,150.56901160461507,-112.54776817485902,2.419547700540725,150.6666239357234,-462.4475302505237,2.519785624876079,151.74849489189003,-911.3656592943571,3.601656581042673,0.4373892170279401,-199.34766287817112,0.652337121828895
81,0.81,-0.6284265216283829,699.3715734783716,-0.6284265216283826,-0.43988588410254703,549.5601141158975,-0.43988588410254714,-0.07164592184860635,299.92813565761816,-0.027727971325431422,-0.9897312096331228,399.0102687903669,-0.9897312096331231,0.40759973877483324,200.4075997387748,0.40840530771826045,-0.6829045392183897,99.31709546078162,-0.6781547238157242,2.3393579915449942,1002.0736822069912,2.2619546100396954,-208.9680296699321,500.5385869924212,-0.33739750092850157,-348.7041495793503,395.36146752927044,-7.796489521386771,-445.88025129826235,195.7084674977448,-6.374932435936076,-504.62989272472703,43.23368549835217,-3.5660899562643515,3.2710958217187778,-192.35175353974108,3.502891572624818,-0.8111799788882874,-200.81117997888833,-0.8111799788882877,-0.6716854962303582,-200.6716854962304,-0.6716854962303582,-0.9577015261808557,-200.95770152618087,-0.9577015261808556,-0.6603338747415461,-200.66033387474158,-0.6603338747415464,192.1306554839629,501.7435622448385,0.8675777514887628,348.1240688762433,395.85557305031625,2.0762954583331643,451.6265356974171,194.15561891802986,2.3826170705697582,502.74506977917207,58.18413727220957,-0.05976967514759572,4.566700504266949,-208.7595278899512,4.154087708481092,-0.44261050359833454,-200.44261050359842,-0.44261050359833476,-0.47937273882129244,-200.47937273882133,-0.47937273882129255,0.3982321720921461,-199.60176782790785,0.3982321720921459,0.038250040547966546,-199.96174995945205,0.010855493141952749,-154.79471938646702,-91.66408744010386,-6.735084506217977,-156.6313810601916,-443.36583945269,-8.571353093468728,-155.25053889393178,-892.11574494292,-7.186742009034003,-0.2280170224566147,-200.22801702245667,-0.25320496084247135,149.991237626396,-112.61842717351537,2.076025086501701,150.30855743369676,-462.29072294355876,2.403729316458287,151.43345195388358,-911.165828423372,3.5286238366451315,0.3586972015314883,-199.39773491265336,0.602265087346646
82,0.82,-0.9424737407914371,699.0575262592085,-0.942473740791437,-0.5615610139391671,549.4384389860609,-0.5615610139391671,-0.447883542541396,299.55211645745857,-0.3420058924489763,-1.2536403308740895,398.746359669126,-1.2536403308740898,0.1663843399645369,200.16638433996454,0.16957042694139307,-0.7915428162927058,99.20845718370732,-0.7882783190902176,2.613567020377535,1002.3584740122907,2.5430894251849554,-209.34228456765192,500.0349763141314,-0.7147291100332736,-348.350773147718,395.7054427887891,-8.034876650129528,-446.4518933548871,196.09027885847647,-6.315375252007058,-504.1908937464588,43.730163592701444,-3.9907641500248108,3.134024778295006,-193.0750029088228,2.9840329566347847,-1.4519079009096072,-201.45190790090965,-1.4519079009096072,-1.1862705717990052,-201.18627057179904,-1.1862705717990054,-1.077120698075416,-201.07712069807542,-1.077120698075416,-1.1093155660501315,-201.10931556605016,-1.1093155660501315,192.17272818872345,501.6175456146301,0.867840190465369,348.3197165618916,396.0037088615261,1.9186021335069594,451.7675838091596,194.30035099189917,1.8177950605782418,502.7272738712795,58.17445840805165,-0.7194946604701786,3.922662683578189,-208.8607763089904,3.389295399963275,-0.7756178020264144,-200.77561780202643,-0.7756178020264145,-0.7011433570934642,-200.70114335709349,-0.7011433570934643,0.12379491504865853,-199.87620508495135,0.12379491504865847,-0.16726490073468941,-200.16726490073472,-0.17615860814221718,-155.06966756713422,-92.49556506662559,-7.264514186701934,-156.56766480669899,-443.7952776115714,-8.760515168434765,-155.14021374579687,-892.556127115163,-7.325076235239441,-0.5611421304828172,-200.56114213048284,-0.6081993945482456,149.55001173826133,-112.54589101970426,1.8538272745833315,149.97476307592444,-462.0891534084103,2.3105648858773087,151.09063480496792,-910.9732816793669,3.4264366149208096,0.11569434826410602,-199.66935774693496,0.3306422530650611
83,0.83,-1.026751240850809,698.9732487591492,-1.026751240850809,-0.5236073297598363,549.4763926702402,-0.5236073297598363,-0.6352746764788901,299.3647253235211,-0.4374691847113034,-1.3630788268277572,398.63692117317225,-1.3630788268277574,0.035770861279769806,200.03577086127981,0.045584700068000354,-0.629547917907691,99.37045208209234,-0.6278005584716908,2.717596695872481,1002.4734816725368,2.654257484217405,-209.4632131767153,499.77272672190554,-0.8490202105425906,-348.04070539100167,396.0255359849725,-8.286504455204067,-447.2611455415912,196.2581203395791,-6.458091783523411,-503.7818193904708,44.18274744485596,-4.4561053539192095,3.1141202781619928,-193.65490789100187,2.601239093724429,-1.8279826722021828,-201.8279826722022,-1.8279826722021828,-1.4883249835926424,-201.4883249835927,-1.4883249835926424,-1.0622866040986545,-201.06228660409863,-1.0622866040986545,-1.2276112375848425,-201.22761123758485,-1.2276112375848425,192.31291100309448,501.57395612308494,0.9522091906367931,348.76375120409267,396.4072621916908,1.9987169402784222,452.1012601548342,194.66149164042997,1.4488953040793662,502.9145266818249,58.388665686209166,-1.1372851293292827,3.2609458012441124,-208.9204553189166,2.618395936284584,-0.8298394050713717,-200.82983940507137,-0.8298394050713717,-0.9156007881065732,-200.9156007881066,-0.9156007881065732,-0.17333936998373273,-200.17333936998375,-0.17333936998373267,-0.2851412186978598,-200.28514121869785,-0.2873899000839849,-155.11905975511235,-93.12201007324046,-7.566703554102761,-156.1043381075315,-443.8764678976329,-8.54408655363784,-154.86776204576293,-892.8520595531461,-7.2967530340084785,-0.7136528842181682,-200.7136528842182,-0.7821207994287881,149.43360266508503,-112.15194805167482,1.9311938058263833,149.79126644140672,-461.71755319379395,2.365588663707264,150.7977285252081,-910.7110911099926,3.372050747508638,-0.19596689122230512,-200.04823550075403,-0.04823550075402602
84,0.84,-0.8553602310163475,699.1446397689838,-0.8553602310163475,-0.3262010009971799,549.6737989990029,-0.3262010009971798,-0.654114544673743,299.34588545532625,-0.36630925238757267,-1.312209415156515,398.68779058484347,-1.312209415156515,-0.04496208029769743,199.95503791970236,-0.02141990488963552,-0.36041183605550253,99.63958816394452,-0.35968342827190697,2.6499264523355857,1002.4171829936015,2.593936517967254,-209.2759987776451,499.8067721484151,-0.6854721726405639,-347.7176522584703,396.3790021988117,-8.498481394921416,-448.2617202648032,196.25584670877697,-6.75945571426637,-503.3850683969081,44.611835343189995,-4.938187679853707,3.213702098207258,-194.08680290281006,2.359334408294454,-1.90088261816415,-201.9008826181642,-1.90088261816415,-1.5240634171548582,-201.52406341715488,-1.5240634171548582,-0.9676769440769872,-200.96767694407703,-0.9676769440769871,-0.9978486546872156,-200.99784865468726,-0.9978486546872157,192.54142490862364,501.59456384197506,1.1023195209194114,349.4861856101183,397.09741744059716,2.3482095503828155,452.6735806724761,195.28593356728325,1.3245123814474915,503.2166959121339,58.73829278494185,-1.4279065903017416,2.808046091465951,-208.70835804807172,2.074123037002435,-0.6292391734721722,-200.62923917347217,-0.6292391734721721,-1.0989805711570826,-201.0989805711571,-1.0989805711570826,-0.43689194780010143,-200.43689194780012,-0.4368919478001014,-0.3219545276430144,-200.32195452764302,-0.32239731926175685,-154.90885639890945,-93.50857139125071,-7.606870217688128,-155.43259850958157,-443.81091883179914,-8.106292929378618,-154.58074357322167,-893.1533188860708,-7.2516177125081,-0.7377875339882758,-200.7377875339883,-0.8153718461939004,149.5803587139842,-111.49779190913867,2.2469998685671957,149.7927532036044,-461.14196837957616,2.6027468911197538,150.5708235092548,-910.3639745809359,3.380817196770119,-0.49488447840259153,-200.41580956330347,-0.41580956330344365
85,0.85,-0.42250220538406624,699.577497794616,-0.42250220538406624,0.02332913373386558,550.0233291337338,0.023329133733865637,-0.5919071086857681,299.40809289131425,-0.2657809869472486,-1.1029060040732952,398.89709399592675,-1.102906004073295,-0.13060420095884698,199.86939579904123,-0.08662162692357522,-0.13608739260554192,99.86391260739445,-0.1358509132213543,2.4590018863611376,1002.2380217553527,2.410570298141377,-208.76605952267792,500.1518268141516,-0.20950807418011352,-347.2847723163122,396.8635690315969,-8.578244916333063,-449.2208185275812,196.31369435036652,-6.989840228995419,-502.947154998443,45.073474886617596,-5.377512074472752,3.3851466440486853,-194.4163622330533,2.2129144780825767,-1.7456119128482277,-201.7456119128483,-1.7456119128482277,-1.3468169863488648,-201.34681698634887,-1.3468169863488648,-0.78779690511915,-200.7877969051192,-0.78779690511915,-0.5767542229852068,-200.57675422298524,-0.5767542229852067,192.8472230753435,501.6507572958727,1.2894224075410392,350.39658614010915,397.9848820512288,2.878226235718728,453.43159625333817,196.12151595479787,1.3942415199794955,503.5147707995207,59.10551878007952,-1.707667625825311,2.6960899506169844,-208.0922284371835,1.8914634233941243,-0.2956329849447608,-200.2956329849448,-0.29563298494476076,-1.129200662847969,-201.129200662848,-1.129200662847969,-0.5984082606129701,-200.59840826061298,-0.59840826061297,-0.2959559084895774,-200.2959559084896,-0.2960238127835888,-154.48671111635497,-93.70204140265267,-7.431916877009423,-154.7844662032852,-443.8058251685751,-7.671332758558529,-154.381533073608,-893.5662013237554,-7.296076798112155,-0.6713595628341252,-200.67135956283414,-0.7398274780447451,149.78531767575095,-110.76596848061476,2.6188099081645664,149.9665937799012,-460.375616783411,3.0086627169951603,150.42690292605857,-909.915806525627,3.4689718631525563,-0.703328183860581,-200.67036485504644,-0.6703648550464436
86,0.86,0.20931128736261706,700.2093112873627,0.20931128736261703,0.47438991250277607,550.4743899125027,0.4743899125027762,-0.4803401644438277,299.5196598355562,-0.19253487215765747,-0.7345461998769683,399.26545380012305,-0.7345461998769681,-0.22401229883263488,199.77598770116742,-0.1600180312185053,-0.05496206514517765,99.94503793485481,-0.05490227379326319,2.1993300852059385,1001.9905030403238,2.1586639661516687,-208.0159239283406,500.72550961904324,0.49635183478847605,-346.68091149453164,397.5411963382012,-8.461920586815555,-449.8885479554229,196.67873097273997,-6.904660052645465,-502.4286978143102,45.60763798736782,-5.7307465105777275,3.5810044032025097,-194.68949313385525,2.1164480585500556,-1.4517368689120502,-201.45173686891212,-1.4517368689120504,-1.015917719635065,-201.01591771963513,-1.0159177196350648,-0.4709435333820819,-200.47094353338213,-0.47094353338208195,-0.17015580937071567,-200.17015580937078,-0.17015580937071556,193.2056402122522,501.6979227443667,1.4687649601119463,351.3375064026618,398.9133136649977,3.4329169030798234,454.25387461527794,197.04742796056394,1.5390777350507028,503.74791401690493,59.43027826800256,-2.0218067466800993,2.893596186685172,-207.105848149093,2.0395584090480097,0.0681267845423392,-199.9318732154577,0.06812678454233925,-0.8841270744503293,-200.88412707445036,-0.8841270744503291,-0.5776074056174183,-200.57760740561747,-0.5776074056174182,-0.16128031704914336,-200.16128031704918,-0.16128031704914336,-153.95651737222744,-93.80540457796948,-7.144980425838627,-154.2833641598254,-443.9505838738623,-7.362835228823519,-154.22086445755397,-894.0432070064819,-7.382782854350912,-0.5243227947220686,-200.52432279472208,-0.5713800587874969,149.90435572880716,-110.0654513459408,2.937802650272566,150.28173808474222,-459.44902013853834,3.5517002934631225,150.38960543611248,-909.3438532683813,3.6594007278321907,-0.7342695806523832,-200.7235679546206,-0.7235679546205288
87,0.87,0.8614647360777,700.8614171121666,0.8614647360776999,0.8820686167664569,550.8820686167664,0.8820686167664571,-0.28376958887664594,299.7162304111233,-0.08596409710905911,-0.2762524391570391,399.723747560843,-0.2762524391570391,-0.31346670885058026,199.68653329114943,-0.24095170349848483,-0.1820053943759119,99.81799460562411,-0.1819936207606433,1.9377079850881858,1001.7414215923811,1.9050123919227873,-207.25555697089183,501.29801791124197,1.2021640468038903,-345.9563129161065,398.36236118646116,-8.182312524079157,-450.22061804334464,197.392240816562,-6.470259258801586,-501.85177740021084,46.18749392219931,-6.021467524771803,3.7488706055821996,-194.95747175314796,2.0191354950139884,-1.0905202595304329,-201.09052025953048,-1.0905202595304326,-0.6022767203885842,-200.6022767203886,-0.602276720388584,-0.05379289947396977,-200.05379289947402,-0.053792899473969646,0.0833942302739546,-199.9166057697261,0.0833942302739547,193.5260631311957,501.64840677787606,1.5525529134380602,352.13581413880524,399.7106406099652,3.8407552922856887,454.9866122523885,197.91020448560545,1.6074070933850297,503.8857296499567,59.682566450598515,-2.386951662973108,3.192218064374133,-205.96107571907606,2.3096522822525847,0.4001134322018891,-199.59988656779817,0.4001134322018892,-0.40068800934584836,-200.4006880093459,-0.40068800934584825,-0.36140596700058913,-200.36147288759267,-0.3614728875926212,0.12408001439762051,-199.87591998560242,0.12408001439762045,-153.4503584003534,-93.94978952142193,-6.877384370203864,-153.96733355125292,-444.27786165667675,-7.235777119229187,-153.98711760768225,-894.4709176925016,-7.398512541283425,-0.3075749882841405,-200.30757498828416,-0.3327629266699972,149.92426743445588,-109.39230536374166,3.2081078859567964,150.67999118715494,-458.4168314949679,4.173496778908984,150.42480119581268,-908.6831948977045,3.9172183519939505,-0.5437622201259246,-200.54105642532562,-0.541056425325577
88,0.88,1.3023192097424472,701.3020086628323,1.3023192097424472,1.0617527712849233,551.061752771285,1.0617527712849233,0.011089951105970663,300.011089951106,0.11696760119839061,0.10464446502654157,400.1046444650266,0.10464446502654173,-0.4213492616380269,199.578650738362,-0.3573549940238973,-0.5231395261073379,99.47686047389271,-0.5231377205649586,1.7634027421045417,1001.580042188084,1.7388805453724467,-206.77183961890887,501.58264779892056,1.6210822567869578,-345.2578271698882,399.1808427056839,-7.860351286768218,-450.4079195991072,198.26022988046503,-5.896511820960169,-501.2813144153364,46.7348387117346,-6.324744750133305,3.809134531975187,-195.29919642732654,1.8426490448292399,-0.7754712824300166,-200.7754712824301,-0.7754712824300166,-0.2512703438902706,-200.25127034389033,-0.2512703438902706,0.29793819164532287,-199.70206180835476,0.2979381916453231,0.14072571855483285,-199.8592742814452,0.140725718554833,193.66096818636373,501.4053430008784,1.4437774587448842,352.66891739521515,400.2552818521011,3.9807584662022815,455.49455810169076,198.57387532793072,1.4651512241458498,503.8899814807618,59.82415065722482,-2.8333353095987506,3.282428421604406,-204.9715257750238,2.3913997112962395,0.6184679572721528,-199.38153204272788,0.6184679572721528,0.09985695436609467,-199.90014304563397,0.099856954366095,-0.0640609747332328,-200.06449735180934,-0.06449735180929933,0.4697501742051151,-199.53010008522708,0.4697501742051151,-153.08978439522707,-94.255748441547,-6.749918576943771,-153.86194062752736,-444.8383572987694,-7.342377405876672,-153.6565737246317,-894.8245049907957,-7.318675126192472,-0.06263583646839217,-200.06263583646844,-0.07313573133545814,149.8600457574288,-108.75062162114239,3.4258717996773242,151.04717015065847,-457.38333121139846,4.761876257772922,150.41800131895414,-908.0493135266847,4.127179894135028,-0.19095706921296218,-200.1904242666261,-0.19042426662606676
89,0.89,1.3986825766202995,701.3971054892802,1.3986825766202995,0.9153293577532393,550.9153293577532,0.9153293577532395,0.32834589508956513,300.32834589508957,0.3724822661459058,0.23687701573540987,400.23687701573544,0.23687701573540998,-0.5856417815832381,199.41435821841674,-0.5416592075479665,-0.9670959644128811,99.0329040355872,-0.9670959644128807,1.7463577879931296,1001.5763056929657,1.7302095527918322,-206.72868691202893,501.41567589622264,1.5892392578291668,-344.7354573020317,399.8471725726978,-7.632408675721599,-450.68020781703603,199.04979116432193,-5.4344041072284135,-500.7641659283344,47.18729318881013,-6.699956015540382,3.6849464843016824,-195.7912193158677,1.5110941733903607,-0.6615228342406414,-200.66152283424066,-0.6615228342406412,-0.13324119131541448,-200.13324119131545,-0.13324119131541431,0.4153366483832582,-199.58466335161683,0.41533664838325857,0.03415502877546045,-199.96584497122456,0.034155028775460616,193.5154969720238,500.9522372603337,1.1258006219402568,352.92604178774997,400.5374182391706,3.8437574212359906,455.7399925773025,198.99743056572586,1.0732279344950915,503.72918330693375,59.82315780213358,-3.388363670842467,2.9351866619501723,-204.37078556916987,2.0546349962313544,0.6050338385300443,-199.39496616146997,0.6050338385300444,0.38461781041661264,-199.6153821895834,0.38461781041661297,0.13448509492553706,-199.86773101072498,0.1322689892750516,0.667345717951664,-199.33167785089069,0.6673457179516641,-152.93974209713292,-94.78718916371429,-6.8267714677694595,-153.95570106466982,-445.64207402406964,-7.6841480334321535,-153.2900961898836,-895.170194001359,-7.209776305413966,0.14103311217099349,-199.85896688782907,0.1376242953953974,149.6761891029736,-108.21299072194924,3.5187838624535255,151.20191653591465,-456.5124916899964,5.143104189839328,150.2649836757709,-907.5474650675928,4.1843095168100195,0.18676031998125753,-199.81315797209572,0.18684202790430587
90,0.9,1.204537507594577,701.1983000061656,1.2045375075945772,0.49904765987900396,550.499047659879,0.499047659879004,0.5485294273823749,300.5485294273824,0.5628584091460596,0.06518715925915675,400.06518715925915,0.06518715925915691,-0.7835526059522244,199.21644739404775,-0.7600104305441626,-1.3088378885694316,98.69116211143066,-1.3088378885694312,1.8755600720465133,1001.7191963040382,1.8679839394300166,-207.07043774791396,500.85296934147016,1.1623571109292525,-344.4576603063099,400.29332937689855,-7.577907590977503,-451.11757318404835,199.67764968606616,-5.164609258605675,-500.28480384496595,47.56638847678599,-7.12271422761197,3.3525990080234727,-196.4573598193761,1.001388432322496,-0.815390474793038,-200.81539047479305,-0.8153904747930377,-0.28388981565826754,-200.28388981565828,-0.2838898156582673,0.26976396380236295,-199.73023603619765,0.26976396380236334,-0.13748481699085524,-200.13748481699085,-0.13748481699085513,193.14518796624117,500.3840836978202,0.6934714672792677,353.0136522778595,400.66440848749926,3.5378122681008533,455.8243535587785,199.27501395937384,0.5277397315679884,503.414138560472,59.68961507425492,-4.039165617621595,2.181758869013624,-204.13250529925557,1.329266758975097,0.30665095619945926,-199.69334904380054,0.3066509561994595,0.3916628631011024,-199.6083371368989,0.3916628631011029,0.13090690525548954,-199.8778579626183,0.12214203738172102,0.5624833160939355,-199.43255795732645,0.5624833160939358,-152.97892879854984,-95.52173170422424,-7.085886677288359,-154.14131018165483,-446.57463026631547,-8.139276075780279,-152.92224370786423,-895.552004603841,-7.116159576905032,0.2346457848683387,-199.76534992386894,0.23378390101262464,149.3459865808885,-107.830469251051,3.436110451229142,150.9609879077352,-455.9693621927386,5.1504371761047025,149.97592163398056,-907.1685479243282,4.098031777952063,0.4593270599559782,-199.54067294004403,0.45932705995597856
91,0.91,0.8760541785329066,700.8568413215359,0.8760541785329068,-0.01695421911398043,549.9830457808862,-0.016954219113980262,0.5983324877737959,300.59833248777386,0.6019891138415779,-0.3328341564360373,399.667165843564,-0.3328341564360371,-0.9045759954320851,199.09542400456792,-0.8947621566438546,-1.3903045820850406,98.60969541791505,-1.3903045820850404,2.0682332455361667,1001.9259347348818,2.0694248146436856,-207.60110731018506,500.0907331550866,0.5364946559780905,-344.40675975708155,400.5373222408276,-7.702437048934233,-451.68250810461205,200.17811001292415,-5.00711197371027,-499.7847121613344,47.981459567963824,-7.4809852867448505,2.828345789569483,-197.28187642592292,0.330081328788288,-1.1412636461666479,-201.14126364616664,-1.1412636461666477,-0.551882768105879,-200.55188276810588,-0.5518827681058787,-0.029302258138541218,-200.02930225813856,-0.029302258138540874,-0.24545896923589458,-200.24545896923587,-0.24545896923589436,192.7095235649988,499.82144101053734,0.2672025114288449,353.0830397912499,400.7883702677719,3.215792339128667,455.91172462423526,199.56227846942656,-0.013675638892001463,503.00039759333663,59.47791222282363,-4.730012568567388,1.2880902214916503,-203.99599116032215,0.4796692044729449,-0.1797748329332609,-200.17977483293322,-0.17977483293326063,0.21911561347851694,-199.7808843865215,0.21911561347851743,-0.03590882728283805,-200.06290299824872,-0.06290652098616042,0.18688978283726082,-199.79349807309245,0.18688978283726104,-153.1228636108489,-96.37378223637135,-7.442037004379868,-154.26223217164278,-447.4547362167082,-8.523066359792654,-152.57049663487248,-895.9859168407648,-7.054171608773265,0.16232731256147476,-199.83764470489035,0.16215759756761483,148.91952919276432,-107.55533958306029,3.2259350254243775,150.2826683233365,-455.7929766640252,4.760996740488137,149.64628718299969,-906.8181971701691,3.963077438315584,0.5577558552896732,-199.4422441447103,0.5577558552896735
92,0.92,0.5174787294575182,700.4713894814809,0.5174787294575186,-0.43457041290051135,549.5654295870995,-0.43457041290051135,0.4996061022705505,300.4996061022706,0.5005392004226903,-0.8075106455074468,399.19248935449264,-0.8075106455074463,-0.825096750297306,199.1749032497027,-0.8219106633204494,-1.212691279618354,98.78730872038173,-1.2126912796183538,2.2363237452505382,1002.1084642999242,2.2464759562140477,-208.12033900344574,499.3295580713442,-0.08790450205435929,-344.5072075451327,400.65492575478686,-7.94525481602367,-452.3561253794576,200.56684839972658,-4.875503225273949,-499.2340880472019,48.53909099712986,-7.665652988879078,2.1532906719990974,-198.2245646454321,-0.4617524164277775,-1.4600150491087964,-201.46001504910873,-1.4600150491087964,-0.7376928678351236,-200.7376928678351,-0.7376928678351233,-0.33852782855620916,-200.3385278285562,-0.33852782855620883,-0.20682949012342733,-200.2068294901234,-0.206829490123427,192.34788902547524,499.3258615700885,-0.09160100331001936,353.2640126692638,401.03986640605524,3.0090612389933256,456.10055484053714,199.9588905676195,-0.4493459467128,502.56998332804926,59.268536097608035,-5.3822432738187125,0.5252087171085598,-203.6957642537523,-0.22489309602093788,-0.6723353607824777,-200.67233536078245,-0.6723353607824774,-0.00042829491388396423,-200.0004282949139,-0.00042829491388352015,-0.2479128489685278,-200.31265397825376,-0.3126769493875191,-0.27795244233900773,-200.21754278573036,-0.2779524423390075,-153.2680570260409,-97.23870547409972,-7.790996681795707,-154.20895047460976,-448.1552795236871,-8.707570731382969,-152.334075906904,-896.5437929352669,-7.09608414296269,-0.08984325136990967,-200.08970114426458,-0.08986927800716604,148.4990345204506,-107.27722373406473,2.99904416105142,149.38063834121954,-455.8006817551973,4.185066592867904,149.34234892709827,-906.4312837341902,3.8449841609260336,0.4941130460348638,-199.5058869539651,0.4941130460348641
93,0.93,0.1592137181235065,700.0731076669099,0.15921371812350713,-0.5929395867636907,549.4070604132363,-0.5929395867636905,0.3782124064731946,300.37821240647327,0.3794375390609801,-1.1820601201102576,398.8179398798899,-1.1820601201102572,-0.5102680600379805,199.4897319399621,-0.5094624910945529,-0.8924620843271,99.10753791567296,-0.8924620843270996,2.3120837980686835,1002.199033919826,2.331386815752662,-208.45764087902432,498.7401838605625,-0.5402485152657207,-344.6128238731354,400.792437085807,-8.160300407864142,-453.1145967898158,200.86448486507385,-4.713682996462116,-498.66465323417754,49.247571695771256,-7.666073779386649,1.4605429642771268,-199.15358499399696,-1.2413501232488076,-1.6171529570964176,-201.61715295709638,-1.6171529570964172,-0.7294207493628397,-200.72942074936287,-0.7294207493628393,-0.5401087890182008,-200.54010878901818,-0.5401087890182006,-0.014597208080988966,-200.01459720808097,-0.014597208080988688,192.15041420397418,498.9373481550804,-0.343084220747818,353.6644742940686,401.52747756572194,3.027048205778466,456.3909303447962,200.48637237388493,-0.7557274776166997,502.22758650857554,59.164278603713214,-5.899670701008128,-0.003025205149618182,-203.1337710723878,-0.6824925373484566,-1.023512409909763,-201.0235124099097,-1.0235124099097626,-0.15370546670236318,-200.15370546670235,-0.1537054667023628,-0.37986640419761486,-200.50074501594906,-0.5008616729921302,-0.6311329020645596,-200.48621766930904,-0.6311329020645593,-153.29422881698633,-97.9950455070684,-8.011761997290753,-153.93548747787435,-448.62840881507236,-8.64512530529468,-152.33441423640744,-897.3025933100461,-7.319309800268336,-0.4220819089880752,-200.4215198644836,-0.42208190898807485,148.18572864101748,-106.88787192237558,2.8641387759931947,148.65815044941218,-455.6578789369371,3.776183844269246,149.0735629984054,-905.999520555027,3.75249014334184,0.37334462236558424,-199.6266553776344,0.37334462236558463
94,0.94,-0.13905771306104026,699.7356587216766,-0.13905771306103984,-0.429799807406216,549.5702001925938,-0.4297998074062158,0.4097867655667767,300.40978676556676,0.41419956119084866,-1.2988836988836168,398.7011163011165,-1.2988836988836165,-0.05768387940915015,199.9423161205909,-0.057525253479007166,-0.5521290336651509,99.44787096633493,-0.5521290336651505,2.241779883304557,1002.1439065847123,2.2704209819309957,-208.46562711732298,498.47025757614915,-0.6730388890673524,-344.52755713392276,401.14591365308627,-8.14468485910844,-453.8097924499874,201.21595450438636,-4.4122020599949225,-498.11708684520806,50.032277086653956,-7.55470325687487,0.9839350158401949,-199.83672522670946,-1.7755330540389311,-1.5525159428441508,-201.55251594284414,-1.5525159428441504,-0.5078583694907717,-200.5078583694908,-0.5078583694907712,-0.5473753601169982,-200.54737536011697,-0.5473753601169977,0.28553564125499514,-199.71449637782365,0.28553564125499536,192.1970735624447,498.73344383143404,-0.4098526337823787,354.3480903845045,402.3152911234424,3.334735497379749,456.7350813465757,201.13008105808836,-0.9454308270080742,502.0701960945405,59.259883503663374,-6.195532612250592,-0.3444030444340015,-202.36382579203854,-0.9429980749110867,-1.154327787070319,-201.15416466955574,-1.1543277870703186,-0.15443194964256785,-200.15443194964254,-0.15443194964256746,-0.3239429762149879,-200.49952866596496,-0.4999900535204294,-0.7501216405343201,-200.47938434276847,-0.7501216405343198,-153.07777924450932,-98.51800004554346,-7.980025224432374,-153.43854245728556,-448.87676700048786,-8.338792179376718,-152.52891367539456,-898.1908370607653,-7.652862239653989,-0.6309697538909486,-200.62923853493842,-0.6309697538909486,148.05398256017708,-106.3101293276494,2.8988670568018926,148.43874593932534,-455.11961489263757,3.781282289825075,148.8594347501253,-905.5045978516557,3.704398532795499,0.3339954584722808,-199.66600454152768,0.33399545847228107
95,0.95,-0.2543224326435516,699.6037126891847,-0.25432243264355126,-0.038579249431401154,549.9614452431526,-0.0385547568474562,0.6776960781864878,300.6776960781865,0.6912884456185862,-1.0988427459925676,398.90115725400756,-1.0988427459925674,0.35253191542705076,200.3525319154271,0.35255624150130854,-0.2817694117633561,99.71823058823674,-0.28176941176335607,2.021011941492738,1001.9386785639183,2.0591753902042194,-208.10150418596976,498.5628471075958,-0.44335677158141273,-344.1452109821114,401.8214440728797,-7.786303731647193,-454.24367441768436,201.81612451219058,-3.846929340808349,-497.58362387394266,50.830182668989295,-7.392590139904366,0.878753028205332,-200.1206460489565,-1.909962126586997,-1.340496205693171,-201.34049620569314,-1.3404962056931709,-0.12227329534359721,-200.1222732953436,-0.12227329534359699,-0.33370866685469464,-200.33370866685465,-0.33370866685469447,0.6139551754505743,-199.38625361516984,0.6139551754505745,192.51989596559068,498.7666519123334,-0.23955196684387065,355.2444351996083,403.3327787832386,3.8625343496248385,457.06480019790183,201.83821409321698,-1.0682208863413227,502.11627016560186,59.571237289139326,-6.250475709070926,-0.6170913944683614,-201.51028949441377,-1.1267721198103544,-1.046150467371622,-201.04508680756385,-1.0461504673716218,-0.0021258785486998333,-200.00212587854867,-0.0021258785486996667,-0.04562546064611245,-200.24369176023944,-0.24511293396170947,-0.6102086398257269,-200.21628819595952,-0.6102086398257269,-152.59048628860108,-98.77812078188623,-7.6668745698357155,-152.78734773165064,-448.97458913846197,-7.863342926411423,-152.69729537973797,-898.9934013658376,-7.882155153786958,-0.5722501206509378,-200.56809714227728,-0.5722501206509378,148.11954999524025,-105.52814875632555,3.1196113790519266,148.71836251230565,-454.223812323095,4.157530146037949,148.7449260170755,-904.9027727344903,3.7449874008871644,0.41746854463249194,-199.58253145536747,0.4174685446324921
96,0.96,-0.10294487653752674,699.7717511179703,-0.10294487653752658,0.3789676970346891,550.3791069685146,0.37928798702792144,1.0654947038783744,301.0654742636486,1.0981010982977581,-0.659481905874289,399.340497653896,-0.6594819058742889,0.5843801158090698,200.58435967557932,0.5843801158090698,-0.13496547768685446,99.86501408208346,-0.13496547768685463,1.723959316226047,1001.6575457890892,1.7718262656393495,-207.49739310182161,498.8860981714827,0.01681463593246435,-343.5719300552731,402.7126404880487,-7.188422404709279,-454.39313443347964,202.68494656395092,-3.0436017715407298,-497.0170938969862,51.6434663087728,-7.175760010961719,1.0545035125888824,-200.098108568739,-1.7363551924533125,-1.1231524908233832,-201.12317293105315,-1.123152490823383,0.3076890299487874,-199.692331410281,0.3076890299487875,0.041828154960752956,-199.95819228526904,0.04182815496075301,0.8870974687417189,-199.11398329774948,0.887097468741719,193.0394159328461,498.97557414739424,0.10629061184397877,356.1460083961662,404.36996215884005,4.401469179546322,457.3014503282917,202.51496276324656,-1.2178481642975816,502.29993741639015,60.02957358529105,-6.10576026245044,-0.9413007152030325,-200.6997139657172,-1.35631185025588,-0.755992847790162,-200.7506115778031,-0.7559928477901617,0.20275925938745992,-199.79726118084233,0.20275925938745992,0.3450191983557335,-199.82763910064875,0.1689721210502918,-0.2563642603650342,-199.8100143589965,-0.25636426036503407,-151.97103219203498,-98.91286358642014,-7.210323414600904,-152.13124598910701,-449.073017101729,-7.370476929909763,-152.6355729729336,-899.5301487911638,-7.8276086193444705,-0.2959281591328261,-200.2881898143047,-0.2959281591328262,148.31665836322094,-104.60868318812004,3.460215686960287,149.20519112669353,-453.2177209930892,4.6505414682534205,148.73614781893718,-904.189193732404,3.879705142676499,0.5260496827626067,-199.47397075746716,0.5260496827626068
97,0.97,0.25422494276595986,700.1679856045112,0.25422494276595975,0.6783199561635489,550.6789977521091,0.6801781410921267,1.331218266028101,301.33108497898684,1.3921350305885547,-0.13648421203163466,399.86338250092706,-0.13648421203163474,0.6406521562218321,200.64051886918054,0.6406521562218319,-0.09225985380029758,99.9076068591585,-0.09225985380029761,1.4470122578671114,1001.3969664448889,1.5047606276695056,-206.87329668704558,499.2202356451876,0.48762265758665607,-343.03520200923765,403.5916044219754,-6.577634909938324,-454.44584869206045,203.63158141144032,-2.1955792722788914,-496.3800420013951,52.50913854071072,-6.865559301062813,1.2547841924402354,-200.02810515532235,-1.512597270645109,-0.9438442868106467,-200.94397757385195,-0.9438442868106467,0.6458196023276743,-199.35431368471367,0.6458196023276743,0.47778872048232024,-199.52232545886923,0.47778872048232024,1.0714399787845947,-198.93288697997178,1.071439978784595,193.61541493185285,499.22889041134164,0.49627742374066164,356.8687343072051,405.23429616248154,4.760090080897086,457.4036736572675,203.0850224997081,-1.4675126488831145,502.5466668865848,60.55713831825481,-5.797721657647412,-1.3595720717930977,-199.9811130072925,-1.6765075802356937,-0.3885153941842586,-200.36728450288305,-0.38851539418425873,0.37187380188029656,-199.628259485161,0.3718738018802965,0.6496569094273523,-199.4651023876704,0.5286616406328368,0.2257509676496555,-199.3804618755255,0.22575096764965555,-151.42002426974605,-99.12164368538318,-6.81033379269719,-151.61095325305058,-449.3125726686877,-7.001262776001701,-152.29259846341267,-899.7777622922007,-7.466452399514592,0.018278666636121044,-199.97056565475805,0.018278666636120877,148.53206380413528,-103.66622515427134,3.806876587481625,149.59034663930098,-452.3197017337584,5.026697584483028,148.76850711594528,-903.4297818424614,4.043319899291621,0.535738234241623,-199.46439505279966,0.5357382342416229
98,0.98,0.6260870591290211,700.5793209237042,0.626087059129021,0.8742553993503583,550.8767864073444,0.8827809172266127,1.3114369545116276,301.3107600670636,1.4000703239534065,0.3266191101375644,400.3259422226895,0.32661911013756423,0.6294068041685889,200.62872991672054,0.6294068041685886,-0.05266885856426917,99.94665425398775,-0.05266885856426934,1.2276400050875131,1001.1947439062567,1.2954443727275238,-206.38827688422734,499.4061710557489,0.8101676455791778,-342.6588266061656,404.33374230296795,-6.077730191568612,-454.58586681584853,204.4686053605916,-1.4718522770816793,-495.69241493896766,53.42778186463161,-6.459705390510244,1.269914922331581,-200.1234115396665,-1.4500883779097564,-0.6766299700915058,-200.67730685753958,-0.6766299700915058,0.8478461558682036,-199.15283073157988,0.8478461558682033,0.9014083247871572,-199.09914396487233,0.901408324787157,1.1902361707258078,-198.82335813499776,1.1902361707258078,194.1579109733035,499.43948359845444,0.8434801882846878,357.39374583060413,405.88884495886236,4.902861497690899,457.41457422048734,203.56897350460497,-1.7942736153025862,502.7928418547039,61.08640896257319,-5.371989784912752,-1.8077281831479157,-199.2970811121135,-2.025564825244016,-0.006518270314081975,-199.94138885566815,-0.006518270314082031,0.5227014261895792,-199.4779754612585,0.5225833365029835,0.7577469609804935,-199.2984268101052,0.6929828605615019,0.7268786616278368,-199.00306092805445,0.7268786616278369,-151.0219455218147,-99.48800447044086,-6.550769633500435,-151.2643727557084,-449.73043170433453,-6.793196867394125,-151.72970755316635,-899.839214596717,-6.901979759776605,0.23184792008600436,-199.75603689340227,0.23184792008600424,148.6783717795628,-102.78977707414941,4.071587155968513,149.73431390450236,-451.60150689587306,5.194868405306082,148.77015694408314,-902.6979919096291,4.1633723204888655,0.4142332722075349,-199.5864436152405,0.41423327220753486
99,0.99,0.8134047762880793,700.7915147775011,0.8134047762880792,1.048433221401395,551.0556370932019,1.0793458397023146,1.0418722864251744,301.0391951446353,1.1423070518982263,0.6472877757863209,400.6446106339964,0.6472877757863209,0.6506480503213742,200.64797090853148,0.6506480503213741,0.10068346636725051,100.0980063245774,0.10068346636725034,1.0438913391924087,1001.0299484666443,1.121922829716465,-206.0935582265446,499.3919775787705,0.9333993113137009,-342.3804543830928,404.9998055877225,-5.626667716811534,-454.83126667732824,205.17394439902515,-0.8775701503509631,-495.05479238727264,54.31606826649676,-6.0393510338751994,1.0417163107168224,-200.44619532505237,-1.6089415025773313,-0.1655294877204681,-200.16820662951037,-0.16552948772046816,1.0043098179559014,-198.99836732383403,1.0043098179559014,1.288788071919131,-198.71325631008938,1.288788071919131,1.2648926078416887,-198.76877180951118,1.2648926078416887,194.6534519929476,499.59385105977407,1.1352727923171972,357.8225461060344,406.4138291312985,4.912128276902248,457.44498629983065,204.07465436572397,-2.0872601095388856,502.9169852409695,61.490673501079,-4.972275233640198,-2.2066249965139724,-198.5759186679512,-2.3267265848350522,0.3949011809372629,-199.449914848572,0.3949011809372628,0.7132939328540252,-199.2893832089359,0.7125238913677583,0.7329300523092674,-199.28624365082396,0.7059323586059449,1.1430184908194247,-198.714743418215,1.1430184908194247,-150.71836532688042,-99.95325275448931,-6.3726100346978924,-151.03181907342423,-450.2667065010331,-6.686063781241673,-151.04085026752716,-899.8611905762276,-6.280547856436204,0.33995328379133594,-199.6514348923514,0.3399532837913357,148.75186544801932,-101.98536137927556,4.250047174788686,149.63738679724707,-451.05144405930923,5.157430336901999,148.74176970895883,-901.9954571183362,4.239951435728187,0.2291299394288247,-199.77354720236104,0.2291299394288247
100,1.0,0.730592236629448,700.7161085579522,0.730592236629448,1.1904087766321978,551.2058659187653,1.2788939992027202,0.6746918268696851,300.6664456496215,0.7633251963114638,0.7981868862338009,400.78994070898557,0.7981868862338009,0.7068750344810966,200.6986288572329,0.7068750344810965,0.4206713188517851,100.41242514160359,0.4206713188517851,0.8886794579086059,1000.8976008866407,0.9771056349945958,-205.98501574934932,499.1800030787289,0.8616285988458857,-342.10266237029293,405.6844168354811,-5.127570835475337,-455.1140070476383,205.81063277664254,-0.33997192036403456,-494.6262738486638,55.022116490418966,-5.7533303940284695,0.620346852876572,-200.95154161053182,-1.941120169453574,0.5564942546254038,-199.4517519226228,0.5564942546254037,1.2384154165143197,-198.7698307607339,1.2384154165143195,1.6289231064108693,-198.37682045735477,1.6289231064108693,1.2631764787792779,-198.80296155077122,1.2631764787792776,195.09173672783902,499.6801320628998,1.3617575830168342,358.2198603481889,406.87466649847744,4.856552726617815,457.5891572605519,204.70187475641023,-2.242564818304653,502.7260694453222,61.568197042262284,-4.833999090249094,-2.5803787260267197,-197.85021020565432,-2.6064710860496825,0.7917833243275518,-198.92153946806656,0.7917833243275518,0.9274530955949825,-199.0807930816532,0.9235425022517056,0.7020698147867366,-199.30567401355387,0.693304946912968,1.4055497671634343,-198.54228675347613,1.4056958322568252,-150.45789151041583,-100.46705559646654,-6.223903849439591,-150.84886839160873,-450.85792832991535,-6.614880730632503,-150.3373034087345,-899.9783166051,-5.735407515391581,0.4179204874035962,-199.58256690478666,0.4179204874035962,148.8179762470261,-101.19094518170598,4.407136231877884,149.34634196215518,-450.64852301315847,4.941029478940498,148.7446705013348,-901.2642509273974,4.33383048618659,0.0861486742014179,-199.92209750304676,0.08614867420141792
101,1.01,0.43340667276214456,700.4120480345516,0.43340667276214445,1.1824838998302338,551.2069859795718,1.382171237498892,0.3007623978633629,300.280980846993,0.3616791624238167,0.7612870933466064,400.74150554247626,0.7612870933466065,0.6945286676026599,200.67474711673233,0.6945286676026597,0.8453554447589896,100.82557389388865,0.8453554447589895,0.8236980204883467,1000.8617876434912,0.9226827787266733,-206.06842248831526,498.7624230173187,0.5892799557850654,-341.8687575374219,406.3410680279131,-4.6244750627158195,-455.4540732893899,206.35347775712614,0.1205111063622264,-494.55340547382366,55.40049964678275,-5.743953071729728,0.06605903406199659,-201.5848586388757,-2.388655406426946,1.1969258399037543,-198.8228557109666,1.1969258399037543,1.537683027184505,-198.48209852368583,1.5376830271845048,1.879036576842851,-198.1330363818123,1.879036576842851,1.1098867134358434,-198.99412698551066,1.1098867134358432,195.38972297704856,499.6132776486721,1.440134587138488,358.5299403669712,407.26415685469294,4.732495986858155,457.82547961274605,205.4331629101901,-2.2733025918311958,502.07348506624294,61.157540483538696,-5.132482663241723,-3.0543217595317964,-197.25393252269305,-2.9924386979522284,1.0562444156763482,-198.53442614226117,1.0562444156763482,1.0718466704297036,-198.94793488044064,1.056379973724901,0.6983189053101876,-199.31730949247253,0.6961027996597019,1.472548228373302,-198.52762117842676,1.4735006924270961,-150.3248979622053,-101.11573960953422,-6.18849975163456,-150.7311190287401,-451.52128154746777,-6.594720818169337,-149.75351752056193,-900.2895997566989,-5.363942223282438,0.49529916039292177,-199.52032941210373,0.49529916039292177,148.89825326059093,-100.38866666256884,4.5638855335435125,148.92112835569938,-450.3625660268282,4.587849064224754,148.79834210331896,-900.4885778198409,4.463974376271557,0.05542254821752143,-199.96435900265277,0.05542254821752149
102,1.02,0.05729345931098628,700.0200261099558,0.057293459310986256,0.9313871046095066,550.9588626045127,1.2861517544367775,-0.11048572619555297,299.8525574713592,-0.07787933177616957,0.4999747840230404,400.4630179815779,0.4999747840230406,0.4928372461182368,200.45588044367304,0.4928372461182368,1.198520817763676,101.16156401531845,1.198520817763676,0.9416417322515548,1001.0148720699767,1.051345190723858,-206.380651099464,498.10304787465566,0.07968946664607689,-341.8525677745092,406.79534050689733,-4.292116754076453,-455.9804260062235,206.67112977288414,0.3725206213099124,-494.8760552977895,55.4126945335542,-6.0495639398779,-0.6156323854762593,-202.34366143440892,-2.948449185974137,1.387475702505995,-198.64948109993924,1.387475702505995,1.7091511332477136,-198.32780566919752,1.7091511332477136,1.952722249070848,-198.0657426019581,1.952722249070848,0.761383432466502,-199.3710208982697,0.7613834324665019,195.42012669416084,499.2667304867825,1.2433720787728884,358.63736346107896,407.5460635408853,4.5045874469310885,457.997788879804,206.115204844765,-2.3311858102274243,500.9882125580328,60.26647879884072,-5.843597265600065,-3.7363005765544495,-196.9006970383294,-3.5947014629422074,1.037734274448483,-198.5129760701609,1.0377342744484832,1.0703210984591298,-198.96663570398607,1.0226803186718922,0.6348902944659548,-199.39909366652455,0.6344539173898882,1.2954123072992823,-198.7365857685663,1.3002493188823008,-150.47072161908176,-102.0530326161282,-6.4172455851462065,-150.7619349064534,-452.3407970038827,-6.70845887251783,-149.41345857508338,-900.8521690938157,-5.224417769612114,0.5121618185342887,-199.5230637649584,0.5121618185342887,148.882851180538,-99.68933420464401,4.609968229657846,148.42915972182277,-450.1424379254207,4.1564436879438045,148.80893821728685,-899.7632471678952,4.536055266406686,0.10503835483028495,-199.93191844761486,0.105038354830285
103,1.03,-0.258728762156147,699.6874517836632,-0.258728762156147,0.4653298391175526,550.4845693725815,0.9607722758189414,-0.594731435398052,299.3514967343325,-0.581139067965954,0.0035473108370177586,399.9497754805676,0.0035473108370179807,0.0931748236807069,200.03940299341122,0.09317482368070694,1.2907969902933383,101.23702516002385,1.2907969902933383,1.2676490176197994,1001.3759874047462,1.3882274148250435,-206.9312280463672,497.1987181654944,-0.6764495963158124,-342.19122162287124,406.91507683959674,-4.268709850724223,-456.77467964134223,206.68536248460956,0.3317374072190379,-495.46905321075127,55.190078161562,-6.544494831339085,-1.4448915435288474,-203.24552391093613,-3.643186277794566,0.9859714300267668,-199.06780040024273,0.985971430026767,1.5558847301168819,-198.4978871001526,1.5558847301168819,1.7642111266978164,-198.25501319009328,1.7642111266978167,0.2734779530431199,-199.86452602530252,0.27347795304311984,195.15005971848265,498.61401174847254,0.7388439866623815,358.48337895763234,407.7070095283966,4.154668370949156,457.9269276681927,206.57478990245596,-2.593533539022383,499.6676382549298,59.07443721959717,-6.763496247698885,-4.622356341798478,-196.78643590349662,-4.411416205911953,0.7166120635054566,-198.90804877383118,0.7166120635054565,0.9247078304221704,-199.1290639998473,0.8104235408052387,0.40236878178324914,-199.65004879535599,0.4023018611912169,0.8410365149647687,-199.21175888414703,0.860167266885262,-150.90427598223513,-103.29273097757775,-6.9186041560908365,-150.98617706197842,-453.3609913947254,-7.000505235834127,-149.3641977702685,-901.6642592205848,-5.322013559032586,0.4148534413466558,-199.63835634441836,0.4148534413466559,148.62232213846266,-99.23768147727891,4.395493517907878,147.93865837125816,-449.9212807095025,3.7118297507033766,148.62638545719176,-899.23361815855,4.3995568366369575,0.09552014146652182,-199.95825168880293,0.09552014146652188
104,1.04,-0.4169824550365123,699.5220860786751,-0.4169824550365123,-0.10522200488902111,549.8982788311708,0.4378874143202144,-1.0678054714229306,298.8712630622887,-1.0633926757988588,-0.6398838306554125,399.2991847030562,-0.6398838306554124,-0.36020197086122613,199.57886656285035,-0.3602019708612261,1.0763213433460483,101.01538987705763,1.0763213433460486,1.7069455264867524,1001.8410588754291,1.8385511166638988,-207.59859459723754,496.1806644317833,-1.5574825636642515,-342.8382093025972,406.75494368312536,-4.509003251358613,-457.74207921378934,206.49772614783416,0.09015149683485324,-496.0782955934032,54.99568167084197,-6.974929535619679,-2.382444912303801,-204.2453010058727,-4.436187622633227,0.21429455372367207,-199.84663691256475,0.21429455372367218,1.0993498838930715,-198.96158158239535,1.0993498838930713,1.3096558045699023,-198.70100932621105,1.3096558045699023,-0.23632698884444764,-200.35515030743517,-0.2363269888444477,194.73756514805189,497.82287740900233,0.08486493007075374,358.1203276835655,407.7685829844929,3.6962730842110902,457.56256707444845,206.76976657023545,-3.109942120173492,498.35098224027666,57.8285003475668,-7.647988195470399,-5.605960495298405,-196.80097293781714,-5.3380338300793975,0.24015537567108983,-199.52585270576324,0.24015537567108983,0.6872627799185761,-199.37366868636985,0.4737516178437303,-0.020800126415535948,-200.08127020514848,-0.020800126415536004,0.1755996127991279,-199.88518211292148,0.23452647719710207,-151.39200401537906,-104.6157673920974,-7.458608304646795,-151.3274428757874,-454.5091290319134,-7.393986143220389,-149.52837219003823,-902.6352424665192,-5.576625996356994,0.244804767675531,-199.81598459150757,0.2448047676755311,148.11520759131506,-99.0271506791492,3.918600700228486,147.52856277742643,-449.61379549303786,3.331955886339867,148.18235321678304,-898.9600050536812,3.9857463256964696,-0.10857879035938975,-200.16951025664775,-0.1085787903593897
105,1.05,-0.38372774858423786,699.5625004211463,-0.38372774858423775,-0.6713594424412512,549.3191523579011,-0.2046447388615295,-1.3539931794503455,298.59223499028025,-1.3528774499883864,-1.2335991803398823,398.7126289893907,-1.233599180339882,-0.6672958516195757,199.27893231811098,-0.6672958516195755,0.7070670844924452,100.653295254223,0.7070670844924454,2.0903960290664885,1002.2362819493269,2.233176979962476,-208.10846406658965,495.3282231977524,-2.2893554773019518,-343.56632084698145,406.5455702521517,-4.787214633548054,-458.660583568987,206.33254629923647,-0.1328555052391147,-496.4367735271912,55.10039260112963,-7.0747715864557295,-3.3114483384912194,-205.22503703172742,-5.2134017709963505,-0.4930366737281169,-200.5468085039976,-0.49303667372811677,0.5794182004300389,-199.47435362983944,0.5794182004300387,0.7233438473481375,-199.27346876259975,0.7233438473481375,-0.6865920609378406,-200.77135116677024,-0.6865920609378406,194.44394192549225,497.15971597189446,-0.45698554529023344,357.681619036935,407.78932307102446,3.1845380590923034,457.03140595210334,206.8300893297594,-3.753316854589271,497.2183502189391,56.75900279473976,-8.316862586623998,-6.527284873693334,-196.78517886859652,-6.216544609883808,-0.189815834268932,-200.0857265522577,-0.18981583426893212,0.4234768740833314,-199.63029495618613,0.11281996633927532,-0.5113222896168429,-200.56497746284327,-0.511322289616843,-0.49841814429701775,-200.5521899745665,-0.3570599451417684,-151.6130750141445,-105.72383083882082,-7.716059837137072,-151.6244739490908,-455.6340402402743,-7.727060859736506,-149.7270986202182,-903.595069540885,-5.825425443928129,0.09610285568450605,-199.9576409920368,0.09610285568450616,147.55863612728308,-98.85721766383682,3.376059048483649,147.28860315169726,-449.12725063942264,3.106026072897846,147.570752255804,-898.8451015353161,3.388175177004558,-0.4772303390560305,-200.53100216932552,-0.4772303390560306
106,1.06,-0.20840257777765547,699.7546693317403,-0.20837386581454304,-1.1447372547499928,548.8420092621863,-0.8307015878896858,-1.327549425333514,298.6354937722214,-1.327329725176085,-1.561651783547139,398.4013914140077,-1.561651783547139,-0.7053870840293472,199.2576561135255,-0.7053870840293472,0.41247297338975825,100.37551617094459,0.41247297338975836,2.2739243698194196,1002.422238761721,2.428024661950649,-208.17436835968988,494.9235934904368,-2.5875758917500837,-344.1295279954509,406.5269733897876,-4.8589073909313045,-459.3348236970195,206.37827684014104,-0.14445901128445438,-496.3969241414719,55.64590620631664,-6.697991841683822,-4.127215939668323,-206.08858699375196,-5.873338730559591,-0.7883611753973294,-200.82531797784247,-0.7883611753973294,0.23940135923673675,-199.79755544320847,0.23940135923673667,0.24058868568503766,-199.7461017812527,0.2405886856850376,-1.0396765605970146,-201.08955078131768,-1.0396765605970146,194.42514348888645,496.7762501283341,-0.7304646786289999,357.3063715491552,407.8520638715945,2.708239143309015,456.5366616672116,206.9527286421502,-4.320270318353096,496.3870648634533,56.05151042523603,-8.655817768089861,-7.216076397836568,-196.57850358990083,-6.878329777600889,-0.455535436374892,-200.42668593672607,-0.45553543637489224,0.222585287662773,-199.8143715147824,-0.12943510678192804,-0.8447575143572271,-200.88169134566866,-0.8447575143572272,-0.9432631740527622,-200.98021997649795,-0.6791712899310685,-151.42286381213898,-106.4718188287252,-7.546010674530676,-151.74418289018902,-456.60281360238895,-7.865308986943351,-149.79180421812768,-904.388026275041,-5.913961604488481,0.01922293522742391,-200.017729575955,0.01922293522742402,147.18736483086604,-98.49904366066194,3.0023111089952916,147.2574799125552,-448.42892857897283,3.0724261906844474,146.99362732361118,-898.692781167917,2.8085736017403917,-0.7914218116530995,-200.82837861409828,-0.7914218116530997
107,1.07,-0.012134487385625836,699.9682711872622,-0.011947261867580217,-1.447870176126815,548.5422292865934,-1.2825854554795506,-1.017637302017902,298.9625811471119,-1.0176036099075434,-1.521768156553233,398.45845029257646,-1.5217681565532333,-0.4903385028078844,199.48987994632182,-0.4903385028078844,0.32811947606918246,100.30833792519891,0.32811947606918246,2.22130325033585,1002.3719914279196,2.3868625777908394,-207.69571023172978,495.05848057803246,-2.3580371771229425,-344.4507011004169,406.7655410394125,-4.648701959061408,-459.698956110256,206.68935056125503,0.11876446033362911,-496.01524720895975,56.56480846931149,-5.90323629892892,-4.81196549163269,-206.83325472004574,-6.403413069338077,-0.6147585158160053,-200.63454006668633,-0.6147585158160053,0.1581549393518083,-199.8616266115185,0.15815493935180813,0.06276132652283484,-199.9224727108691,0.06276132652283484,-1.2246550678347545,-201.24863029042012,-1.2246550678347545,194.60931752999716,496.5917724584625,-0.8071271099146784,357.05277440610934,408.00221892576013,2.323376353789499,456.1916593965972,207.24003472133745,-4.697459709264145,495.92245206063626,55.7967121242253,-8.603836940193034,-7.568742860291675,-196.09132923472657,-7.221226181639619,-0.5860444538851945,-200.58446182641296,-0.5860444538851948,0.1821214243384453,-199.83766012653186,-0.12853548340561094,-0.8460940543873996,-200.86587208252024,-0.8460940543873997,-1.0530996845754177,-201.07288123544575,-0.668848260508008,-150.95810311903918,-106.93327998546594,-7.08491700378993,-151.66366786949894,-457.35687242056883,-7.782489471114838,-149.6970251719633,-904.9934026591201,-5.8234647342859756,-0.005731944442106424,-200.0255134953124,-0.005731944442106229,147.06727375077952,-97.89728099512911,2.8629689806203236,147.34634180822292,-447.6182129376857,3.1420370380636955,146.6143119771564,-898.3502427687522,2.4100072069971845,-0.8286153202402899,-200.8483968711106,-0.82861532024029
108,1.08,0.08575521818936516,700.0784598505763,0.08670602782445513,-1.5361595425099264,548.458802175684,-1.4681697438785457,-0.586728437654369,299.4050253850976,-0.5867284376543691,-1.1789047417498622,398.812849081002,-1.1789047417498624,-0.1458832634002991,199.8458705593515,-0.1458832634002991,0.43334286692946694,100.42509668968133,0.4333428669294668,2.016033010428968,1002.1750344720508,2.193186683259265,-206.81888477891465,495.580900345731,-1.760764001194128,-344.6476175989679,407.13595449010916,-4.276278100551335,-459.8209482178342,207.18982708089328,0.5865607237874197,-495.525581528399,57.61523320592744,-4.927088736324328,-5.389263398808361,-207.49946520554698,-6.837550552315179,-0.16884297773773171,-200.17708915498588,-0.16884297773773171,0.26711062577104194,-199.74113555147713,0.26711062577104183,0.2241868513191124,-199.76556737451284,0.22418685131911242,-1.144686390465499,-201.15399289397504,-1.1446863904654991,194.79201115751093,496.39627640915774,-0.8911201020059467,356.8717939368221,408.20433443945683,2.001797377959394,455.93568380021924,207.62352073978212,-4.9457345031175155,495.78947665299916,55.91113480339621,-8.200594019377546,-7.63406305000278,-195.3827206614589,-7.295217478796328,-0.7060315168036984,-200.70887598383504,-0.7060315168036984,0.3258702843935526,-199.68237589285462,0.11235912231870651,-0.528359129329664,-200.53660530657788,-0.5283591293296641,-0.9125282325243926,-200.92077440977258,-0.4771143257536825,-150.4931190827638,-107.27696392316722,-6.606876515560572,-151.45849039916882,-457.9072572247154,-7.547629866792308,-149.57445167024477,-905.5382608646569,-5.687647181689364,-0.019466924899304516,-200.02771310214752,-0.019466924899304322,147.05715254797434,-97.20035680703276,2.816602635110525,147.37466661588206,-446.88284273912507,3.1341167030182344,146.4372505384758,-897.8202588165314,2.1967006256119896,-0.5639651084631457,-200.57221128571132,-0.5639651084631458
109,1.09,0.053041878571428114,700.0541252618373,0.05680240362710126,-1.415175915701534,548.5829580254955,-1.3932653356990614,-0.21303433415738196,299.78428852405284,-0.21303433415738204,-0.6878487539335054,399.30947410427666,-0.6878487539335054,0.18430409700136097,200.18162695521147,0.18430409700136086,0.616248842001786,100.6135717002119,0.6164796911928361,1.7895330459940262,1001.9631076717203,1.9784118942399036,-205.81317185263003,496.22166495792095,-1.0805350695116314,-344.8638963315713,407.4926374383983,-3.887302453760251,-459.8456007968023,207.7327554115894,1.1119837600477285,-495.18617742949374,58.536179217289884,-4.031124604913494,-5.830003108170612,-208.07734910707808,-7.1651585315199995,0.3025692880514343,-199.70010785373847,0.302569288051434,0.4390329386902011,-199.56364420309967,0.439032938690201,0.5860615898636725,-199.4089069597111,0.5860615898636725,-0.7895396769266845,-200.792425609337,-0.7895396769266847,194.86027439475384,496.07693781787344,-1.095080439094096,356.6850032878424,408.3967096944516,1.6834359750298615,455.61959962593005,207.95186761356425,-5.214514599552846,495.8214211746937,56.147129048640465,-7.617600064266352,-7.591821334219906,-194.63665140975024,-7.281052183901178,-0.9018038911576305,-200.90341737313975,-0.9018038911576305,0.55245615002766,-199.45022099176222,0.4381718604107282,-0.06818532482339545,-200.07086246661333,-0.06818532482339555,-0.6822975681721758,-200.6849747099621,-0.29804614410476604,-150.19777564776686,-107.6164883944841,-6.281574292124056,-151.21201341432277,-458.2976907003761,-7.236756630238012,-149.57154226734673,-906.1712695663516,-5.6543686120318855,-0.025478108443281133,-200.0281552502332,-0.025478108443280967,146.96864121825104,-96.59815054365214,2.6746821661164955,147.2311688862282,-446.33562287567497,2.9372098340936406,146.32244036414872,-897.2443513977544,2.028481312014169,-0.16440205952999745,-200.1670792013199,-0.16440205952999754
110,1.1,-0.04623476008756666,699.9646214699354,-0.03470164261652131,-1.1212778665730434,548.8781548425225,-1.1154079341552523,0.025015256009876558,300.02428825339575,0.024965140843659223,-0.18976985782775307,399.809503139558,-0.18981997299397046,0.41870287396924394,200.41797587135494,0.4186527588030263,0.7697632746063345,100.76903627199206,0.7712184852590279,1.6276379492032578,1001.8196919396129,1.8284183437663257,-204.90295743897246,496.7591612295881,-0.5393499006292876,-345.11241461778974,407.8233444042977,-3.4968883945069704,-459.91180007395,208.17992808264432,1.5541012871550814,-495.1103706860293,59.21385158852691,-3.332611706157418,-6.051747045387133,-208.50298143736637,-7.324421664232169,0.6573812861349583,-199.34334571647935,0.6573311709687408,0.5393020553581538,-199.46142494725615,0.5392519401919366,0.9589290253653485,-199.03929536376646,0.9588789101991314,-0.2838429776983753,-200.28460199939133,-0.28389309286459274,194.904759305099,495.7272137409486,-1.328085822866132,356.47767198164286,408.5746800550555,1.3625411054228795,455.16844913971136,208.1505277050054,-5.579241186739817,495.7995668383712,56.235221812592265,-7.07844298897409,-7.6120329242828895,-194.02420213436505,-7.349505098341989,-1.129896551675931,-201.13046043677565,-1.1299466668421483,0.7053549101113247,-199.29537209250293,0.6576640151578694,0.35687198171528445,-199.64385502089903,0.3568218665490671,-0.45683427708956537,-200.45756127970384,-0.19279250813408866,-150.0309806944785,-107.96260273551644,-6.067840438147861,-150.93127200760372,-458.56426044444163,-6.857801685822013,-149.71129154086694,-906.9413634811303,-5.747129237122852,0.015261904658724956,-199.98546509795557,0.015211789492507899,146.745129992839,-96.14609067125355,2.380428947382236,146.98392423861316,-445.90729642547933,2.6192231931563947,146.1323246767888,-896.7588959873037,1.7676236313320528,0.17819451796469055,-199.8225324846496,0.17814440279847316
111,1.11,-0.10938151168795185,699.9179451399345,-0.08192157302423753,-0.695303865900191,549.3042605477084,-0.6923107789461473,0.1812605637214988,300.1808004847462,0.1809337717874104,0.2286422934525298,400.22818221447716,0.22831550151844132,0.5561217197824071,200.555661640807,0.5557949278483186,0.841584016387469,100.84112393741208,0.848901899749296,1.5316438431512316,1001.744141323436,1.7446739344960456,-204.20518633856722,497.0788117633514,-0.2145467071193552,-345.30927260273035,408.2121163604235,-3.02362873677442,-460.0661406043173,208.48517800233918,1.8643028663682197,-495.2338666562423,59.71131058939507,-2.7718426314169387,-6.019400269967358,-208.73930318188576,-7.280220010788606,0.8733309363281674,-199.12712914264725,0.8730041443940789,0.4788062355471623,-199.52165384342825,0.47847944361307404,1.230816892267112,-198.7690104269269,1.230490100333024,0.2138951607344935,-199.7865649182409,0.2135683688004048,195.10225946648825,495.5262956992365,-1.4131920301826333,356.2961088543649,408.7882672110873,1.0883330607105937,454.6597837258331,208.29697715684262,-5.963118975594641,495.592392421177,56.03996226703359,-6.719623055751811,-7.720120976814121,-193.571800494076,-7.526619409079995,-1.2687081286835327,-201.269168207659,-1.269034920617621,0.7130118264193781,-199.28744825255603,0.697218337780487,0.6978285537771067,-199.3026315251983,0.6975017618430182,-0.24488674292122237,-200.24534682189665,-0.10385533570006134,-149.84264616183927,-108.2724822557908,-5.815687634792129,-150.54647985591689,-458.7149950307169,-6.358992030864133,-149.89473705009405,-907.7919265314883,-5.868614383381768,0.14361896378346206,-199.85684111519197,0.14329217184937393,146.48047909227958,-95.74951754961407,2.0274603825428237,146.81064253001006,-445.41935411188354,2.357623820273317,145.88079479877575,-896.349201843118,1.427776089038972,0.37376275430497613,-199.62669732467046,0.3734359623708876
112,1.12,-0.04482212035574892,700.0054103001448,0.005430740374582688,-0.16533437402697737,549.832985599364,-0.1579412449737781,0.3712810679929244,300.36960104138393,0.3696214816136527,0.5423912042600749,400.54071117765113,0.5407316178808032,0.6520027094648357,200.65032268285574,0.6503431230855641,0.843109713209639,100.84142968660058,0.8716854041475272,1.4378121288762757,1001.6725143304235,1.6642648658736074,-203.75305034608894,497.14805866508686,-0.07867106424034898,-345.40645930577523,408.7052931342648,-2.4227801938193734,-460.21487739864153,208.74110360025537,2.1338276043874074,-495.43813555798846,60.14377113077916,-2.2360245427183982,-5.816675446350883,-208.82653188325367,-7.073743985260082,1.0071895174839987,-198.99449050912511,1.0055299311047272,0.2960389597709099,-199.7056410668382,0.2943793733916384,1.4058288594031862,-198.59572656941737,1.4041692730239146,0.6355605727494272,-199.36611945385965,0.6339009863701555,195.5339369572377,495.556008515656,-1.2697331308630018,356.18726617453945,409.0840404580223,0.9076619321166488,454.27937814292045,208.57510933285118,-6.181925790372603,495.2348151801866,55.613446791101175,-6.511797649516511,-7.784110904015672,-193.14972404178914,-7.681419420513975,-1.2261090594780442,-201.22778908608714,-1.2277686458573158,0.6602292822994998,-199.34145074430958,0.6546591025769513,1.0189926095887478,-198.98268741702034,1.0173330232094764,-0.03077045206229803,-200.03245047867136,0.026496825956404263,-149.5281941936667,-108.51146674417149,-5.421345112614868,-149.98521827821682,-458.7445711042571,-5.69646567145801,-149.98748327394588,-908.6100454986893,-5.889258227526687,0.38054131536723623,-199.62113871124183,0.37888172898796457,146.3077144151702,-95.27631238671759,1.7479598601237272,146.8482846774138,-444.735742124474,2.2885301223673253,145.74285917522528,-895.8411676266626,1.1831046201787814,0.44373398116917473,-199.5579460454399,0.44207439478990307
113,1.13,0.19544102859182055,700.2644094019898,0.26440940198978136,0.4427977492817752,550.4362339578233,0.4636236684924717,0.6433752085093436,300.6368114170511,0.6368114170510103,0.7963921170181515,400.7898283255598,0.7898283255598182,0.7935502415921231,200.78698645013375,0.7869864501337894,0.8396605679255347,100.83309677646722,0.9262279870912253,1.2656045688161504,1001.5264429667161,1.5091633466416035,-203.5046698629409,497.0070474390974,-0.06135363269593325,-345.43687053138046,409.2658679358814,-1.7323050765682122,-460.17570981825145,209.1266552479902,2.5409536225935256,-495.68895272989255,60.539454276467836,-1.6988156797566114,-5.606175793875588,-208.8608755786014,-6.801611324881791,1.1528764429212068,-198.85368734853714,1.1463126514628734,0.1662429041161067,-199.84032088734227,0.15967911265777343,1.5589478789328348,-198.44759680483583,1.5523840874745014,1.0000764119674788,-199.00648737949086,0.993512620509145,196.1435106138897,495.75836403990365,-0.9561662908382096,356.17509026016927,409.48266417857747,0.8421527718885834,454.1940879519697,209.14746539033416,-6.07218429977899,494.88756645157014,55.129174627900426,-6.30139832232313,-7.636979001478508,-192.59506784111156,-7.649286413280154,-0.9741505810991357,-200.9806872756111,-0.9806872756110234,0.6995909617048455,-199.30697282975353,0.6922571287602448,1.3842732659671473,-198.62229052549125,1.3777094745088139,0.20286443718050462,-199.80369935427785,0.21543139764266428,-149.07841008942268,-108.67531281037833,-4.878145104381042,-149.26138434505842,-458.68411710541284,-4.900590062011166,-149.87151564884923,-909.2560063424287,-5.701469663172343,0.7341266140782032,-199.27243717738014,0.72756282261987,146.29998994763721,-94.65656596403838,1.612607406944692,147.11325871975964,-443.8432971919159,2.425876179067145,145.89760509732608,-895.0589508143496,1.2102225566335636,0.4588393315141118,-199.54772445994428,0.4522755400557783
114,1.14,0.5585666742044935,700.6239379289254,0.6239379289254489,1.038941467987848,551.018723566945,1.084428067177948,0.8995897315426168,300.87937183049996,0.8793718304998739,1.0608622793773255,401.04064437833466,1.0406443783345827,1.0362247751425469,201.0160068740998,1.0160068740998036,0.9033659515183674,100.88314805047563,1.1065582107388419,0.9932414024367461,1001.2892471466212,1.262763176361356,-203.35135441130643,496.75980963603774,-0.08945588017265416,-345.47319896729084,409.81404770311406,-1.0327295749067866,-459.84130127444445,209.74306294714808,3.1865062467402803,-496.0596501729376,60.815808341998356,-1.2445141574407586,-5.545413498756167,-208.97114773831134,-6.592906720298416,1.3577109014140238,-198.66250699962876,1.337493000371281,0.2576898624546275,-199.7625280385882,0.2374719614118848,1.7394338180085853,-198.28078408303423,1.7192159169658423,1.2930347395441788,-198.72718316149857,1.2728168385014356,196.79652637143207,495.99427461212815,-0.6117793376797704,356.25418687681525,409.9722755778157,0.8811584815901241,454.3819695756411,209.98480545869157,-5.661936411395277,494.69110574761714,54.72880536258622,-5.95765562412918,-7.2429727311289875,-191.8786102218633,-7.399254025341941,-0.5539980176001573,-200.5740392243565,-0.574039224356414,0.8656585749624494,-199.15455932608035,0.8453225842331107,1.7466125546326854,-198.2736053464101,1.726394653589943,0.4654536766594112,-199.55476422438335,0.45007278719968663,-148.5564307143589,-108.80275791469745,-4.254489415201402,-148.51852538765309,-458.6510736229234,-4.10625402304448,-149.477089946278,-909.6186970660135,-5.249596693535313,1.1645493296753058,-198.85566857136746,1.144331428632563,146.43406962246178,-93.91965037234692,1.593084775455058,147.49951986981475,-442.8542001249939,2.6585350228080578,146.32434725678485,-894.0293727380239,1.4833624097781537,0.4479166634633542,-199.57230123757944,0.4276987624206113
115,1.15,0.8563250355694927,700.8833569771185,0.8833569771184795,1.4185201275855477,551.3700199042781,1.4927720712233534,0.9587402016590423,300.9102399783518,0.9102399783517349,1.3258620722933492,401.2773618489861,1.2773618489860419,1.3063456550633663,201.25784543175598,1.257845431756059,1.0288900769919482,100.98038985368461,1.3977749824456813,0.7202088387821517,1001.0662639463371,1.030423853252046,-203.198822152177,496.49522102185523,-0.13541928556115185,-345.60705927832043,410.25031330151796,-0.4242957766363437,-459.31594305265264,210.4794517336631,3.959162265058943,-496.6391134052259,60.873722174038065,-0.9740477137041864,-5.73912340134717,-209.30447059034083,-6.595102643683186,1.5326028848815079,-198.51589733842584,1.4841026615742008,0.5445329175459798,-199.50396730576136,0.4960326942386726,1.8801519044700346,-198.1683483188373,1.8316516811627268,1.384280807601734,-198.6642194157056,1.3357805842944264,197.32018974115854,496.08556319176114,-0.41489534519029714,356.3495308942885,410.47055110046,0.9437998308647851,454.56559641180365,210.80161068998893,-5.235339102108529,494.61245289127436,54.374498042416604,-5.523766819156951,-6.763969160608585,-191.16898638535798,-7.0984040090152,-0.1013647224635148,-200.14896761814265,-0.1489676181425702,0.9989811714647777,-199.04951905184257,0.9504809481574703,1.9219993124380088,-198.12650091086937,1.8734990891307017,0.7096196448348954,-199.33888057847247,0.662071885581382,-148.09212684404505,-109.00345385877694,-3.686268892709864,-147.96796277516225,-458.81955523285103,-3.5030493953851334,-148.85974584001633,-909.7291864869212,-4.593790714059183,1.5269764011151712,-198.52152382219217,1.4784761778078641,146.59398305432097,-93.1883824705402,1.5676950740460196,147.8116213011374,-441.97074422372384,2.785333320862429,146.75622496401155,-893.0261405608496,1.7299369837366085,0.34917762492121895,-199.69932259838615,0.30067740161391165
116,1.16,0.859954031561603,700.8212561325429,0.8212561325427692,1.3645410605364576,551.273930714408,1.4525340634389408,0.7163220236476864,300.62571167751923,0.6257116775192493,1.4665390686051223,401.3759287224767,1.3759287224766854,1.4082602420267671,201.31764989589828,1.31764989589833,1.1121378340721007,101.0214095110378,1.62881926688029,0.6192084146264859,1001.0293873439962,0.9840413996833527,-203.05489198672365,496.20671853591136,-0.2454162380335816,-345.9285583299189,410.48326626540677,0.0008567033679852884,-458.8471890262231,211.0887679525576,4.6111977706163865,-497.4282537861375,60.70849702960581,-0.8940206108246922,-6.204733402347378,-209.94872886167713,-6.896545931173112,1.4958016196278692,-198.59510859792022,1.4051912734994323,0.7906308232296949,-199.29997952289878,0.7000204771012583,1.8205985838423273,-198.27001176228617,1.72998823771389,1.1125438551663227,-198.97806649096214,1.0219335090378854,197.55874119384492,495.87774776676156,-0.5201191714220125,356.3082655387706,410.8239204117873,0.8784368764684722,454.3982860007301,211.2497279992391,-5.13822311820736,494.44629195467417,53.86093662419867,-5.2083787314659284,-6.447565292512627,-190.7133667891659,-6.992581809322385,0.19312959586396775,-199.8939317506492,0.10606824935086331,0.8910857524292181,-199.1995245936992,0.8004754063007811,1.7023545005665548,-198.38825584556193,1.6117441544381177,0.8255753648092268,-199.26503498131927,0.73511108377418,-147.84115675993235,-109.41911989554518,-3.3285388123725337,-147.75301826743527,-459.30625929013075,-3.2157823547021884,-148.23851386095802,-909.8031495321361,-3.9297180979471404,1.6287329347757862,-198.46187741135267,1.5381225886473493,146.63424408301245,-92.60839329743257,1.3919601653389138,147.84962048628884,-441.3930168941562,2.607336568615313,146.88537345940438,-892.3572639210406,1.643089541730846,0.09341002345411192,-199.99720032267436,0.002799677325674932
117,1.17,0.4908505381924767,700.3867999930978,0.3867999930978201,0.8565815402812592,550.7247442645887,0.9271283732557414,0.2388242283723639,300.1069869526799,0.1069869526799046,1.3648043784786408,401.23296710278623,1.2329671027861815,1.1950457704392137,201.06320849474673,1.0632084947467542,1.0598832999034977,100.92727671814794,1.6161977640732776,0.7812858225762385,1001.2549447485919,1.1999453308698513,-202.99650441416506,495.83253116764126,-0.483486135668549,-346.4464045967713,410.5167792990178,0.2458235702224844,-458.6120292598938,211.40988898233087,4.9795497525203745,-498.32192602889256,60.43521834165375,-0.8913496019691255,-6.8283131938207005,-210.82118719153982,-7.415096478104733,1.1537717155946607,-198.9802146414425,1.0219344399022017,0.7666800826954139,-199.36515719299706,0.6348428070029548,1.465967474895749,-198.66586980079674,1.3341301992032892,0.47235565496069853,-199.6594816207318,0.3405183792682388,197.48536712207527,495.3592040196652,-0.9391950968664682,355.98873263644396,410.9038544279806,0.5609525845847123,453.7670712501696,211.2286017707401,-5.466256207645248,494.0026624378729,53.01207357581514,-5.1906323905593705,-6.411746366690689,-190.61487509895898,-7.183839846743085,0.2067196173809423,-199.91418596989962,0.08581403010043359,0.4951450160295544,-199.63669225966294,0.363307740337095,1.057176454051187,-199.07466082164132,0.9253391783587275,0.7408294667696054,-199.3910078089229,0.6089921910771459,-147.84832089345343,-110.07491447800523,-3.2116417930784404,-147.8699716765207,-460.0885729779377,-3.2253002930108337,-147.87609635930056,-910.0993815865099,-3.4704449975869474,1.4023162680675842,-198.7295210076249,1.270478992375125,146.49108792055378,-92.22963634692552,1.0170898035915783,147.52298449484522,-441.1977397726341,2.04898637788301,146.63413211490132,-892.0865921525781,1.1601339979391099,-0.24819697867981577,-200.38003425437233,-0.3800342543722751
118,1.18,-0.09350705865991138,699.76868496897,-0.2313150310301037,0.15718833083909406,550.0077971258316,0.186400474862559,-0.2895344513386606,299.56107434365384,-0.4389256563461157,1.0476719730269968,400.8982807680196,0.8982807680195416,0.7266254489644965,200.57723424395704,0.5772342439570414,0.9094899672296027,100.75619190366612,1.3673905411587741,1.1141180666210866,1001.627815926548,1.5630175809578497,-203.05373971254812,495.3658294348023,-0.8407971592506249,-347.0402088561584,410.49187165807996,0.4508140774478754,-458.60415244787293,211.47654772241384,5.09272452285731,-499.1785162176445,60.213374985009345,-0.8086316313808974,-7.3865408185220485,-211.67825341169188,-7.907890434328049,0.630348903607744,-199.53023559249013,0.48095769860028903,0.48385671686532866,-199.66553448814216,0.3344655118578739,0.9179639556015448,-199.23142724940593,0.7685727505940897,-0.30996570831085124,-200.45935691331832,-0.45935691331830647,197.2588026672793,494.7119357855129,-1.4902362333162045,355.37176301101283,410.712329786398,0.004172827226796821,452.8758729261265,210.96284351287596,-5.98605525801503,493.3016908282498,51.870304528475984,-5.431233555115681,-6.5169145872342975,-190.7104548795619,-7.508307860817048,-0.04079744559502653,-200.1639648933497,-0.16396489334970643,-0.01898220347771995,-200.16837340848514,-0.16837340848517496,0.21629221481777477,-199.93309899018973,0.06690100981031993,0.5189793158418194,-199.63041188916566,0.36958811083436427,-147.95570645106386,-110.7884138034124,-3.1551841292440974,-148.20169026238312,-461.03237684909425,-3.399147174925989,-147.89012739905016,-910.7221832972123,-3.2934995233684337,0.9814558801128587,-199.1679353248946,0.8320646751054037,146.22817694114002,-91.96651142636526,0.5298555906467648,146.91294462101683,-441.2817437464885,1.2146232705235311,146.205975176891,-891.9887131906144,0.5076538263977418,-0.4611999852705778,-200.61059119027806,-0.6105911902780329
119,1.19,-0.6106920713052526,699.261231178058,-0.7387688219420386,-0.32891774282916547,549.5392449814783,-0.3380028515765115,-0.6654982592608809,299.2026644650466,-0.7973355349533401,0.6728061279704152,400.54096885227796,0.5409688522779558,0.24351102249718656,200.11167374680474,0.11167374680472719,0.8050679554270805,100.65777875440011,1.0906158084956614,1.4002313214207232,1001.9190846253596,1.844344126165286,-203.14077134811106,494.90433763524123,-1.20583896805738,-347.54832699511906,410.5794406297716,0.7858854046753734,-458.70244750176744,211.43130753191946,5.082864291869763,-499.89173167148414,60.15567643898879,-0.5353133904026961,-7.668917941840254,-212.27947267004134,-8.135333308190514,0.2159141592550205,-199.96161212565542,0.08407688356256132,0.1896425650510213,-199.94219471064144,0.057805289358562106,0.42666471426998537,-199.7051725614225,0.2948274385775259,-0.8969763620606146,-201.02881363775307,-1.028813637753074,197.13811507627486,494.20692404408953,-1.9023754013394178,354.59060561502434,410.3923303902907,-0.6278880205848041,452.0308858944997,210.76852830523933,-6.372323384133889,492.59993864193564,50.70356548890405,-5.6655116125111284,-6.464787118145198,-190.68921172494305,-7.654537439986253,-0.4109858412293552,-200.49383068844563,-0.4938306884456335,-0.37963308244764427,-200.51147035814006,-0.5114703581401036,-0.4798176728148511,-200.61165494850732,-0.6116549485073105,0.34862998664670336,-199.7832839959296,0.21671600407041708,-147.90862790210605,-111.29243736785426,-2.893409782520857,-148.57581957722667,-461.95923113062804,-3.560203545294611,-148.19549365750663,-911.5792032195197,-3.3204120263372383,0.5870305001547289,-199.54480677553772,0.4551932244622696,145.96750484366086,-91.68639229846872,0.06406111458652969,146.25076214278582,-441.4031349993437,0.3473184137115113,145.88641273924245,-891.7674844028871,-0.01703098983186302,-0.373051347196377,-200.50488862288884,-0.5048886228888363
120,1.2,-0.8345670681090687,699.0757733953976,-0.9242266046024155,-0.30996287531227656,549.5994267785593,-0.3348687212078706,-0.716831693480145,299.19255796039135,-0.8074420396085817,0.3907107276049976,400.30010038147657,0.30010038147656065,-0.021581636711083554,199.88780801716047,-0.11219198283952034,0.8555198868407389,100.71731425994882,0.988319700975519,1.452146420510439,1001.952698832572,1.8678752432410546,-203.09227913695335,494.6024053361174,-1.4176211033769928,-347.9080162660307,410.82859873256467,1.2992827962700326,-458.776374384093,211.4048406364632,5.068862776366138,-500.4124772450514,60.2947038891614,-0.0410267659595595,-7.604786104502049,-212.54886078685274,-8.022431366451464,0.19492022925509067,-200.0420331776283,0.10430988312665379,0.13801020094668504,-199.95260014518175,0.04739985481824838,0.19871377546137725,-199.89189657066706,0.10810342933294023,-1.0323229361520292,-201.12293328228048,-1.122933282280466,197.32914448439476,494.0390523312512,-1.9808395917272055,353.85528228747,410.14069388364396,-1.1147120426970538,451.38665063041185,210.7900785612848,-6.484920950325777,492.2307525752333,49.83417798030276,-5.57456044680506,-6.052281175316914,-190.35782756445275,-7.428917466991884,-0.7120205901361051,-200.7313473734504,-0.7313473734504023,-0.3753525223422286,-200.46596286847063,-0.4659628684706656,-0.8071372123788633,-200.89774755850732,-0.8977475585073,0.42602168540032265,-199.66508885244284,0.33491114755716633,-147.57368302520317,-111.46425153632512,-2.3047707404468953,-148.81661478340496,-462.70712227269223,-3.547641476813938,-148.60374444518274,-912.4943129563048,-3.4098421281934663,0.38408891022018354,-199.70652143590826,0.2934785640917467,145.80591003737393,-91.30462627562703,-0.2944598928435877,145.81200942274805,-441.2985268902529,-0.28836050746948266,145.8271298082353,-891.2834065047656,-0.2732401219821898,-0.005654421194362257,-200.0962647673228,-0.09626476732279914
121,1.21,-0.7196034062327995,699.232083595978,-0.7679164040220609,0.18337933329305542,550.1348791099858,0.16226882065477818,-0.3761976292554793,299.5753021474371,-0.4246978525627866,0.23612202966827156,400.187621806361,0.18762180636096423,-0.036232175519833154,199.91526760117287,-0.08473239882714029,1.0133781656305183,100.85070279919032,1.058009152947235,1.2453970859909158,1001.7269742399992,1.6319289731446975,-202.8069466098134,494.5390241932015,-1.3950323871893646,-348.2033089280608,411.1303232095009,1.8810920245228657,-458.744382074731,211.4544349670752,5.1092889260827885,-500.7518712384261,60.59145227007696,0.6329667408312026,-7.2942716365521845,-212.6004038724697,-7.684288362766053,0.6669642637994484,-199.7498778237711,0.6184640404921411,0.36976677179393674,-199.67873345151338,0.3212665484866295,0.2162930707942687,-199.83220715251304,0.1677928474869613,-0.6761831437633429,-200.72468336707064,-0.7246833670706502,197.8674861344861,494.22160312208166,-1.712453458309318,353.29832234250387,410.06536777851943,-1.3503152833454248,450.8789854562157,210.94926439301895,-6.435814692431462,492.3596821998342,49.40577174889201,-5.01830095740021,-5.344692328546168,-189.80224257788686,-6.917355911034824,-0.7885678492982908,-200.75629321367364,-0.7562932136736639,0.008893993546201462,-200.0396062297611,-0.03960622976110589,-0.765401456714274,-200.8139016800216,-0.813901680021581,0.8052465602163881,-199.24579384621717,0.7542061537828098,-147.0578258893101,-111.43288671698986,-1.5194845747859071,-148.84221076276359,-463.21727159044343,-3.3038694482394306,-148.94118884246785,-913.3162496701476,-3.4341163346030408,0.42105654801536213,-199.62744367529194,0.3725563247080548,145.78158811460764,-90.8065053657293,-0.5298169742240972,145.74491433416,-440.8431791461769,-0.5664907546717606,145.98362270117883,-890.6044707791582,-0.3277823876529268,0.46211029510336094,-199.58638992820397,0.4136100717960537
122,1.22,-0.43311709170682,699.5466937192136,-0.45330628078645024,0.777223619971035,550.7570057189283,0.7658978560772244,0.20249472621472608,300.182276825172,0.1822768251719833,0.13014238944692802,400.1099244884042,0.10992448840418534,0.008203891544273922,199.98798599050156,-0.01201400949846887,1.0794949953702142,100.8459698447302,1.0895123716446309,0.9425872811548248,1001.4192178372986,1.3138147140619592,-202.40440566894435,494.5803164693548,-1.2715805587934144,-348.5918430807485,411.3100674335791,2.355853786201088,-458.61409745855565,211.52884460746262,5.1813676063454785,-500.98828461587664,60.94776862834353,1.3862279259189985,-6.933541654916679,-212.64086458736668,-7.328907985083379,1.4480118052989237,-199.30181932348614,1.427793904256181,0.6841983907068179,-199.33601951033594,0.6639804896640751,0.23401174711299666,-199.78620615392975,0.21379384607025387,-0.039764466407528176,-200.0599823674503,-0.05998236745027091,198.59687415231627,494.5840747645357,-1.2678222636125358,352.85746050009453,410.0875481766369,-1.468840232569156,450.3299566255089,211.07391810767467,-6.455470984805878,492.84145409953214,49.259670734901064,-4.159079601769998,-4.601914283127233,-189.29446335931218,-6.392086611879172,-0.6168124324079708,-200.56574677063657,-0.5657467706365739,0.5459318934900662,-199.47428600755268,0.5257139924473233,-0.5361001609161717,-200.5563180619589,-0.5563180619589143,1.3301180702797692,-198.70014644991764,1.2998535500823554,-146.63351705849774,-111.48485524310486,-0.8252500313072147,-148.7466650860151,-463.59800327062226,-2.9383980588245646,-149.10700576182558,-913.9583439464327,-3.3088902298683402,0.6077817845366309,-199.41243611650611,0.5875638834938882,145.85295044740394,-90.24897248027635,-0.6977714456008594,145.95107696183993,-440.1508459658403,-0.5996449311648724,146.19228833518542,-889.9096345924947,-0.358433557819385,0.8300894388011855,-199.19012846224155,0.8098715377584428
123,1.23,-0.24170975503156397,699.7517264535102,-0.24827354648989722,1.0157676940535527,551.0092039025953,1.0114521869577964,0.6796700210962567,300.67310622963794,0.6731062296379231,-0.023414293105704975,399.97002191543595,-0.029978084564038165,-0.10668612108001463,199.88675008746165,-0.11324991253834793,0.8591411721744238,100.54221716387624,0.8602220560120055,0.7664324073022867,1001.2529373430634,1.1370426519230346,-202.17316586164765,494.4374369414801,-1.336076299580797,-349.17149603183,411.2669678632136,2.621773660571512,-458.4697447417308,211.49626952788097,5.197566580292872,-501.23773183631124,61.24183713107888,2.0946383696226243,-6.670850456519103,-212.8168142233139,-7.104221216025426,2.155220827572201,-198.99038147759217,2.1486570361138675,0.8061425341485036,-199.20042125730987,0.7995787426901704,0.012199500979371308,-199.99436429047898,0.005635709521037993,0.5215269106610438,-199.48503688079728,0.5149631192027104,199.28310483183378,494.8919359308933,-0.8815773101676364,352.3467212776014,410.01860318965555,-1.7452762201764507,449.61194804845366,211.05920371636068,-6.692303584520319,493.3491602879879,49.06974800353333,-3.326797342918029,-4.047932369974503,-189.05625034097835,-6.075354079040352,-0.31524802597879603,-200.27281938896095,-0.2728193889609484,0.9074025892621751,-199.09916120219614,0.9008387978038415,-0.3378873015077094,-200.34445109296604,-0.3444510929660426,1.7406885297013162,-198.29682102735188,1.7031789726481017,-146.54012973016745,-111.85972699755206,-0.46282034837817854,-148.7216628688572,-464.0412601362418,-2.644353487067955,-149.08181802861614,-914.4014152960008,-3.0070753467784552,0.7528758838314694,-199.2536879076269,0.7463120923731361,145.91275988769243,-89.74065271644513,-0.9057699833383562,146.17104702658733,-439.48236557755024,-0.6474828444434565,146.31302902845906,-889.3403835756785,-0.5055008425717344,0.9719833864494504,-199.0345804050089,0.9654195949911173
124,1.24,-0.2842360132579,699.7141044003629,-0.2858955996371715,0.7442516719151282,550.7425920855359,0.7430347989760272,0.8018935426597531,300.80023395628047,0.8002339562804816,-0.24865543667093115,399.7496849769499,-0.2503150230502026,-0.40677599929272334,199.591564414328,-0.40843558567199456,0.35316151140136287,99.9998177254165,0.3530072508410021,0.8120580467454956,1001.3173718120659,1.1908543670491067,-202.27470830699247,493.95524652355823,-1.7437549210555878,-349.89871187060817,411.0482932063519,2.725174277707602,-458.37024822215585,211.2734104941096,5.096683855516638,-501.588545717923,61.38631627197045,2.668550974359367,-6.492789681104151,-213.10649949101506,-6.989947512572867,2.4663606816714267,-198.93869867760782,2.4647010952921553,0.6117332496195218,-199.38992633675986,0.6100736632402503,-0.4242980298006194,-200.42595761617997,-0.42595761617989086,0.7340049674081957,-199.26765461897108,0.732345381028924,199.796628762685,495.0219852835861,-0.6770161610277655,351.65812265714646,409.75455220770016,-2.3264724163923667,448.76166025537833,210.9419200118602,-7.0877421348067315,493.66808754598753,48.628697557751,-2.7326211593983083,-3.7297551918446814,-189.12531032655835,-6.005602173612516,-0.054149722948775375,-200.02958555207533,-0.029585552075271818,0.9164770613884227,-199.08518252499087,0.9148174750091509,-0.2666619362952858,-200.26832152267457,-0.26832152267455733,1.872646711440703,-198.20324790747702,1.7967520925229734,-146.82162076961936,-112.59503337589487,-0.4709049054253157,-148.86282088039644,-464.63623348667204,-2.5121050162024345,-148.90162594609362,-914.6750385523692,-2.55141549508681,0.7074340023093366,-199.29422558406998,0.7057744159300652,145.8794104378586,-89.35780448650642,-1.2288980669425924,146.22102705870208,-439.016187865663,-0.8872814460991895,146.3363332046123,-888.9008817197528,-0.77197530018896,0.8629210914618719,-199.13873849491745,0.8612615050826004
125,1.25,-0.45530859548815855,699.5443646125777,-0.45563538742224685,0.21589835878666355,550.2155715668526,0.2156394591575145,0.6226443374584647,300.62231754552437,0.6223175455243765,-0.5166187166456107,399.4830544914204,-0.5169455085796989,-0.7329243246324229,199.26674888343345,-0.7332511165665112,-0.22289054032034084,99.46642245090565,-0.22298648306337931,0.9892294812074478,1001.517099691155,1.3798308894377977,-202.55648176417924,493.29193707477873,-2.336516930241024,-350.6473235267195,410.7832524362509,2.7943063304113256,-458.26471207930217,210.92171910246935,4.917601683079888,-502.0699534584089,61.352427721616216,3.076891923063046,-6.258779343950478,-213.36149317737062,-6.839238994755846,2.3259580261685495,-199.04057059794889,2.3256312342344616,0.21935182934882536,-199.78097496258533,0.21902503741473703,-0.8024757028327633,-200.80280249476692,-0.8028024947668515,0.5901301693450545,-199.41019662258907,0.589803377410966,200.17632991685906,495.0187514297546,-0.6097025752651757,350.85279563105956,409.3598145454356,-3.1032436085403234,447.955142653541,210.83633573644636,-7.426726695062795,493.8315786923231,47.97620433922198,-2.340796894304349,-3.5647096259948254,-189.4100021140879,-6.092174677801711,0.047358791272297585,-199.9420363122499,0.057963687750159976,0.6501108627498244,-199.3502159291843,0.6497840708157359,-0.26135239696733786,-200.2616791889015,-0.26167918890142633,1.746178170396803,-198.39283792097714,1.607162079022891,-147.33741355512177,-113.54452954247793,-0.70442916097105,-149.08488110201472,-465.29199708937097,-2.452129038158748,-148.62323353743665,-914.8303495247928,-1.990326650908497,0.49186805754540874,-199.50845873438877,0.49154126561132033,145.77765941917156,-89.07096501336704,-1.6365277914398528,146.1326977826592,-438.7159266498794,-1.2814711071826943,146.34655703071994,-888.5020674018187,-1.0676301798914758,0.5545549124543565,-199.44577187947982,0.5542281205202683
126,1.26,-0.540444740101695,699.4595051447321,-0.5404948552679121,-0.21290942769191856,549.7870404571419,-0.21295954285813568,0.3938913365887998,300.3938412214226,0.3938412214225828,-0.8171452313292117,399.1828046535046,-0.8171953464954288,-0.9352845363167306,199.064665348517,-0.9353346514829478,-0.6349571532471336,99.15168548198929,-0.635007268413351,1.1507324152312888,1001.7023829322276,1.5542368111029385,-202.73350306374465,492.7354669935386,-2.8264923295592226,-351.35259688745157,410.5369958729133,2.8933526342121003,-458.0539187125379,210.5682354120496,4.742621697919555,-502.68222201666674,61.13789005225681,3.3151072138686337,-5.852102328587504,-213.4595574030377,-6.53153640600871,1.8865334715948099,-199.16519255860607,1.8864833564285926,-0.1340988083204715,-200.1341489234868,-0.13414892348668866,-0.8740501924619707,-200.87420356103436,-0.8742035610342713,0.30902519021565233,-199.69102492495065,0.3089750750494352,200.50551790568443,494.96852119773973,-0.5934381253581593,350.06796490347386,408.9722345344348,-3.8494970716873835,447.3520823756454,210.8021893788316,-7.526016963395281,493.9870223281872,47.26356225842796,-2.004013687612753,-3.4527280757747443,-189.8036219906647,-6.229594565157086,-0.022487689377871656,-200.01898880492885,-0.01898880492875643,0.28997347330323126,-199.71007664186305,0.28992335813701386,-0.23581113572469292,-200.23586125089096,-0.23586125089091015,1.4679877789023292,-198.7338540762483,1.2661459237517556,-147.90428605208405,-114.52204657476116,-0.9783844806475164,-149.2344848974751,-465.8522454201523,-2.3100983098666448,-148.32204568177022,-914.9398062044474,-1.3961441103337169,0.23534789455716953,-199.76470222060914,0.2352977793909523,145.69264447542898,-88.79289603588637,-2.0402658877508397,146.05082728001963,-438.43471323129575,-1.6819636167359227,146.38241609037385,-888.1031244209415,-1.3504942728059712,0.11958587395740039,-199.88046424120887,0.11953575879118317
127,1.27,-0.42894587826285296,699.5710541217371,-0.4289458782628529,-0.42496208401322255,549.5750379159867,-0.4249620840132222,0.276293097638864,300.2762930976388,0.27629309763886417,-1.1382599642201614,398.8617400357798,-1.1382599642201612,-0.9988509120414033,199.00114908795848,-0.9988509120414031,-0.8112263719356553,99.07459848493136,-0.811226371935655,1.2397475133187084,1001.8155640683348,1.6564173615308104,-202.68270237222288,492.41019283012463,-3.089408901968469,-352.0698555283798,410.25297644393294,2.96479233982385,-457.7293823212733,210.2550936116965,4.584939615685483,-503.42928955460053,60.73530596261302,3.373562324546884,-5.277375037737849,-213.40116052616335,-6.069077928325745,1.2909396440791272,-199.34943943989046,1.2909396440791272,-0.2879389640254524,-200.28793896402556,-0.2879389640254522,-0.6158013269187121,-200.61647462370343,-0.6164746237033396,0.10862972777644198,-199.89137027222364,0.10862972777644198,200.78002999870387,494.86841853047656,-0.6311832016165256,349.39879682176013,408.6859148069274,-4.413913380481551,446.956353383305,210.7917522657699,-7.381852647860873,494.21131261323217,46.57237194928072,-1.6446883840981066,-3.327361870880561,-190.23447698335428,-6.347629892932968,-0.16907133511108133,-200.16817400748292,-0.16817400748282943,-0.06892577741859783,-200.06892577741866,-0.0689257774185978,-0.20678194794926438,-200.2067819479493,-0.20678194794926433,1.0998843130856102,-199.1287756849194,0.8712243150806738,-148.39016341125023,-115.39430708666654,-1.1606414511901668,-149.23854440494154,-466.2426880803579,-2.0167161675947654,-148.1010452793359,-915.1051889547523,-0.8715233192758143,-0.0009388545168443063,-200.00093885451693,-0.0009388545168441675,145.6595201915239,-88.48796924309183,-2.4033414649603904,146.03836615150354,-438.10912328311224,-2.023888804417466,146.3773555898736,-887.7701338447423,-1.6855060666107042,-0.3796234729291249,-200.3796234729292,-0.3796234729291247
128,1.28,-0.18367209536256973,699.8163279046374,-0.18367209536256968,-0.5479631345577856,549.4520368654421,-0.5479631345577852,0.21827580424475773,300.21827580424474,0.21827580424475798,-1.3921077598075637,398.6078922401924,-1.3921077598075637,-0.994071572009853,199.00592842799,-0.9940715720098529,-0.8098933416233358,99.14251137761315,-0.8099969266912939,1.2991449646715592,1001.8993281542332,1.7290603475650002,-202.4741432173435,492.2466813043344,-3.1947800952143215,-352.88627410859385,409.84219735196956,2.9186515161027247,-457.40638166635046,209.92116983841365,4.38168726099937,-504.29802406258693,60.15397582375971,3.259367758099173,-4.6261028091424095,-213.27402689019718,-5.541440092455796,0.5845024115930106,-199.7239073355899,0.5845024115930108,-0.23577772839512162,-200.2357777283952,-0.23577772839512118,-0.18408957233171824,-200.1875088555405,-0.18750885554044316,0.030723094258292005,-199.96927690574176,0.030723094258292005,200.93850627028365,494.6577116749843,-0.7837497245644485,348.8657433319998,408.5196008458165,-4.773924367700903,446.63362620325984,210.71915586170712,-7.139899219329485,494.47123200747257,45.87816755291867,-1.2913207014232326,-3.154892143902694,-190.6640025481459,-6.409403041251683,-0.2639668135705322,-200.26379011928412,-0.26379011928404605,-0.4338541621276431,-200.43385416212772,-0.43385416212764283,-0.2603162994071555,-200.26031629940718,-0.2603162994071553,0.6571159984714646,-199.54467574151295,0.45532425848710856,-148.71651696994454,-116.0822918966559,-1.1733142513535384,-149.12775390817754,-466.49352883488893,-1.614980453202409,-148.04945172081761,-915.4152266475292,-0.5062490022266524,-0.28540374092933946,-200.28540374092944,-0.2854037409293392,145.63788923503483,-88.19670221737698,-2.7651442493430585,146.03003349030723,-437.80455796210464,-2.3706004467949993,146.2580806557715,-887.5765107966405,-2.1449528286063853,-0.8794725988434396,-200.8794725988435,-0.8794725988434393
129,1.29,0.047291217333082385,700.0472912173332,0.047291217333082336,-0.708385576293201,549.2916144237067,-0.7083855762932009,0.1058062903982791,300.1058062903982,0.10580629039827932,-1.439902151387714,398.56009784861226,-1.439902151387714,-0.9527831324689515,199.0472168675309,-0.9527831324689513,-0.6738780632083747,99.31067001145712,-0.674553522700097,1.3686131532406298,1001.9933046611634,1.8117980474992472,-202.17414026911518,492.17911772138063,-3.2084965119555897,-353.7930320733135,409.3115934600854,2.76088740578715,-457.1985909653796,209.52190425369668,4.0996258526797185,-505.19730685154116,59.48137849645246,3.057871353510956,-3.9768943496925386,-213.15285444813884,-5.025245862662379,-0.1584094724648163,-200.27581856921972,-0.1584094724648159,-0.06499513397783224,-200.06499513397787,-0.06499513397783196,0.24698358014951685,-199.76653994727837,0.23346005272161455,-0.0006909838093174248,-200.00069098380936,-0.0006909838093170917,200.9886008655048,494.3445506481935,-1.0430635851427743,348.4445144801834,408.4471882782235,-4.977480883771596,446.25355860876067,210.55244112942276,-6.940887188817914,494.70217351456176,45.12783809454353,-1.0010536850565546,-2.9043913690640157,-191.0563385440612,-6.380957194590314,-0.2363487338850585,-200.23632163693867,-0.23632163693861252,-0.7828466807774315,-200.78284668077745,-0.7828466807774312,-0.4197993486472694,-200.4197993486473,-0.4197993486472692,0.20811483411601822,-199.93057446532384,0.06942553467619461,-148.86308011861766,-116.56542921484746,-0.9969475592700273,-148.95168797426106,-466.65403707049086,-1.1792841454031988,-148.15743529302486,-915.8597843892546,-0.2913027336772399,-0.6798370438490007,-200.67983704384903,-0.6798370438490005,145.58706734372316,-87.95996657589244,-3.1654350041416657,145.96588947772875,-437.58114444188686,-2.779221744187899,146.07094079390345,-887.4760931257124,-2.6815615539614175,-1.2950865337121964,-201.2950865337122,-1.2950865337121962
130,1.3,0.16904450209543553,700.1690445020954,0.16904450209543553,-0.857352554975656,549.1426474450243,-0.8573525549756559,-0.027496789948171285,299.9725032100518,-0.027496789948171063,-1.2010569425112205,398.7989430574889,-1.2010569425112205,-0.794834683546146,199.2051653164537,-0.7948346835461456,-0.38412568667354186,99.61196745477045,-0.3875559530151498,1.4003201662414813,1002.0496527724104,1.8567925059355814,-201.73674461931637,492.2538963309296,-3.0842354610185057,-354.6438712601385,408.80555805174197,2.634918002119211,-457.0854410421574,209.10911968532184,3.8005491838758783,-505.93531316266024,58.906002117523016,2.9554999963372737,-3.32180393134662,-213.0256134590502,-4.510453143630312,-0.717229468509439,-200.75252614182818,-0.7172294685094389,0.14241047840494345,-199.85758952159506,0.14241047840494375,0.5965880039283527,-199.44506739311188,0.5549326068881222,0.0031455928179069392,-199.9968544071821,0.0031455928179069947,201.05637240021036,494.0554332813541,-1.282698510594009,348.12284158872876,408.45457029604825,-5.057917924051948,445.79418144745455,210.3325008197399,-6.813045314769784,494.905449310425,44.3309795279817,-0.7683034665955247,-2.4874271887314703,-191.3179994660037,-6.170916092917615,-0.08275059927764947,-200.0827505992777,-0.08275059927764923,-0.9841241911459714,-200.984124191146,-0.9841241911459714,-0.5850477064180154,-200.58504770641804,-0.5850477064180151,-0.08710710877452904,-200.161342141313,-0.16134214131298694,-148.86524811422038,-116.87891814481088,-0.6678377970792183,-148.71782578740377,-466.7314958179943,-0.7452590061693447,-148.28544984655895,-916.2991198771496,-0.08803952941779203,-1.069359864479866,-201.06935986447988,-1.0693598644798659,145.5404580333963,-87.74453714835087,-3.5698969631330884,145.90829389248162,-437.37670128926555,-3.1843307146159905,145.98224922829968,-887.3027459534476,-3.128105768229684,-1.5324351579370488,-201.53243515793707,-1.5324351579370485
131,1.31,0.2181763900027803,700.2181763900028,0.21817639000278038,-0.8288453637887436,549.1711546362112,-0.8288453637887436,0.004432771825165827,300.0044327718251,0.004432771825165938,-0.7140114105807344,399.2859885894194,-0.7140114105807344,-0.3893157464494459,199.61068425355046,-0.3893157464494458,0.05190610343890756,100.05113679737585,0.03833913687779539,1.2902613845474156,1001.9643588617248,1.7600330114856577,-201.1103191887391,492.5230944620242,-2.7699867371260853,-355.24272768066066,408.5183691219579,2.7340510944250536,-456.93124110368467,208.7758996300529,3.5823258259769624,-506.31323930258696,58.62369959070329,3.146125405364489,-2.5824328556548637,-212.80963301568335,-3.9164305244129203,-0.8303280403664316,-200.83869705161217,-0.8303280403664314,0.3526622051857803,-199.64733779481423,0.35266220518578045,0.8797317536112932,-199.2201943492089,0.7798056507910933,0.12941281165862545,-199.87058718834137,0.12941281165862556,201.29444671921306,493.94341752911544,-1.3496636700348739,347.935178993483,408.57443378861694,-4.991633132496547,445.3112192192722,210.11679246511358,-6.704262247441873,495.1802698592081,43.58833422877086,-0.49630163622196827,-1.7591790856313902,-191.29898465627116,-5.631582831155679,0.18150285210257222,-199.81849714789746,0.18150285210257247,-0.8926711282863868,-200.8926711282864,-0.8926711282863868,-0.6063867904042133,-200.6063867904042,-0.6063867904042131,-0.08907286625263683,-200.12001863184753,-0.1200186318475181,-148.75882698907054,-117.05842718882136,-0.22272940675864533,-148.43708278294116,-466.73668298269206,-0.32104822764184393,-148.2576970324271,-916.5572972321779,0.27840054988481533,-1.1814095655974923,-201.1814095655975,-1.1814095655974923,145.59766658402785,-87.45092817057595,-3.877974252160528,145.98572264817608,-437.0628721064278,-3.456793459632708,146.1454574439085,-886.9031373106955,-3.330183392279893,-1.540280692866833,-201.54028069286682,-1.5402806928668327
132,1.32,0.30273210664086614,700.302732106641,0.3027321066408661,-0.5416698378380516,549.4582573691575,-0.5416698378380514,0.3172832952898713,300.3172832952898,0.3172832952898713,-0.12037088427274666,399.87962911572737,-0.12037088427274667,0.277070136965827,200.27707013696576,0.2771565087693595,0.5241092973294559,100.52399132042366,0.4823200983392099,1.0041137671826554,1001.7030907810563,1.4871903837668294,-200.37304359084632,492.90896709176354,-2.3435579713266574,-355.511312098417,408.5266165319067,3.1339141068185814,-456.6251897073803,208.55454050483584,3.478860346296709,-506.2947200850149,58.66830069090981,3.661685849420337,-1.7212863395980427,-212.4629952604576,-3.2033401766738834,-0.4328385075336231,-200.43440129245295,-0.4328385075336229,0.5432910716699659,-199.45670892833004,0.543291071669966,1.1158556774044637,-199.07083086023133,0.9291691397686682,0.40061799950920074,-199.59938200049083,0.40061799950920096,201.73284740799926,494.03895142513386,-1.2135736379563553,347.9137066725443,408.837325090893,-4.750771055259778,444.8422352631007,209.91531855552913,-6.579560659471847,495.6371819759864,43.008750397162224,-0.08011785919870518,-0.6666991148517685,-190.94108333842553,-4.7072326140930985,0.5161606577574038,-199.48383934224262,0.5161606577574039,-0.5292287398725151,-200.5292287398725,-0.5292287398725151,-0.4134691898556655,-200.41346918985568,-0.4134691898556652,0.167627990661586,-199.84241862849314,0.1575813715069147,-148.56290978734563,-117.12297000510031,0.3183115892145697,-148.20467417689193,-466.7647343946467,0.06535910176643528,-148.01082550860423,-916.5708857263592,0.8703958679559207,-0.8199286770233368,-200.81992867702337,-0.8199286770233368,145.83136320682092,-87.00653060317158,-4.016011402907572,146.24912889415333,-436.5887649158392,-3.550049520171334,146.55460940458414,-886.2832844054084,-3.2927652051443816,-1.3588770784133022,-201.3588770784133,-1.358877078413302
133,1.33,0.45389400693922194,700.4538940069392,0.45389400693922183,-0.11914414161293968,549.8803811883718,-0.11914414161293979,0.7749977560953767,300.7749977560954,0.7749977560953768,0.3917999225312207,400.3917999225313,0.3917999225312207,1.0151947178819136,201.0151947178819,1.0157579327898447,0.8632848753065316,100.86328487530653,0.7630377982941554,0.6562734447154555,1001.380235457231,1.1526545693255066,-199.69700478201142,493.23985563349163,-1.9766657664578304,-355.5847116106645,408.6936079028537,3.696862598138571,-456.16878975901943,208.39441800575764,3.4401279782846252,-506.0716453170294,58.845821888300826,4.30640485014367,-0.8450579379371033,-212.08785895979688,-2.47544964089521,0.24290593941216443,-199.75728773464573,0.24290593941216454,0.6640571449964487,-199.33594285500357,0.6640571449964487,1.2505479037903715,-199.0210794056945,0.9789205943054914,0.6791531076496032,-199.3208468923504,0.6791531076496035,202.22506360547777,494.1959403476633,-1.020581052286179,347.97904149094734,409.1627503628839,-4.416084093515735,444.36978506958354,209.6862600442352,-6.458765662997895,496.2639015198834,42.58097971380677,0.46515551577694,0.6042734827552636,-190.4247337908106,-3.58095885179902,0.8153543636041107,-199.18464563639594,0.8153543636041107,-0.11711777606423328,-200.11711777606428,-0.1171177760642333,-0.07156701531088555,-200.0715670153109,-0.07156701531088558,0.4702755808831742,-199.53226460224312,0.46773539775690276,-148.3504534645169,-117.14548164007292,0.8813235143026648,-148.1643963298723,-466.9594245054283,0.3748138012770232,-147.65047505087722,-916.4455032264333,1.5813019279423701,-0.08527123691249641,-200.08527123691252,-0.08527123691249644,146.1991876612678,-86.4537081882073,-4.02535156677188,146.62626242331126,-436.02663342616387,-3.5436633604628307,147.0176078077064,-885.6352880417687,-3.2069314203332544,-1.0911849793061608,-201.09118497930615,-1.0911849793061608
134,1.34,0.5513535005902911,700.5513535005904,0.551353500590291,0.19992047424041126,550.1975099009984,0.19992047424041126,1.0705215227576725,301.0705215227577,1.0705215227576725,0.6677042538633975,400.66770425386346,0.6677042538633975,1.5503988257885917,201.5503988257886,1.5532590670990518,0.9421243501101966,100.94212435011019,0.7548381537374279,0.44554806574725425,1001.1945912417682,0.9552269906829087,-199.2102564221541,493.38812802142866,-1.7969955407967524,-355.7207049534725,408.7600604989952,4.162674665247225,-455.64064033496004,208.21635586002455,3.3886153903230314,-505.92975800608605,58.86889097322681,4.791223906068925,-0.18758860630472662,-211.9134591936452,-1.9641193243111008,0.805786071295018,-199.19421392870504,0.805786071295018,0.6615754731277654,-199.33842452687225,0.6615754731277654,1.1963629080722882,-199.1114311574812,0.8885688425187922,0.7836349366215827,-199.21636506337848,0.7836349366215827,202.54963890239674,494.1933353804769,-0.9917881817484234,347.8986790378207,409.3183725584456,-4.219757210555699,443.85451776367427,209.37772565303658,-6.383514679756381,496.90452916731954,42.15465403560884,0.9853975544637736,1.6978719425230704,-190.10050811271879,-2.6061441202404643,0.9268266640928547,-199.0731733359072,0.9268266640928549,0.07892896200372801,-199.92107103799628,0.07892896200372801,0.25405697822952333,-199.7459430217705,0.254056978229523,0.5901101369293793,-199.41039005478535,0.5896099452146597,-148.27705102432293,-117.28158981381964,1.3096798683040305,-148.38367424386126,-467.388213033358,0.5918685508638951,-147.36765384582995,-916.3721926353268,2.21907704679701,0.6530768967665465,-199.34692310323348,0.6530768967665463,146.54996169128816,-85.94358587125684,-4.056127051210131,146.9815143402048,-435.51203322234016,-3.5763782068895775,147.28619058355085,-885.2073569789943,-3.3198981589474093,-0.8277283537793435,-200.82772835377938,-0.8277283537793435
135,1.35,0.42464202434642684,700.4246420243464,0.4246420243464264,0.2512056124969856,550.2416716103785,0.2512056124969855,0.9792340067555989,300.97923400675563,0.9792340067555988,0.660791522601286,400.6607915226013,0.6607915226012859,1.7104754551502361,201.71047545515023,1.7217879289791744,0.7369983002624575,100.73699830026248,0.4644984924635803,0.5056589171793388,1001.2798700345161,1.0286226691836944,-198.9335733173005,493.3334237209608,-1.8249564507645117,-356.09348523440616,408.55038536496056,4.354837508391855,-455.11983165507667,207.96402720681294,3.272915272908598,-506.0387348408199,58.56668571566188,4.94374843083136,0.047070773693254325,-212.13921161970896,-1.870894239955305,0.9485561456057192,-199.05144385439434,0.948556145605719,0.527760079925954,-199.47223992007406,0.5277600799259539,0.939337209271546,-199.33229010021338,0.6677098997866656,0.6380159880124798,-199.36198401198754,0.6380159880124797,202.57302049626782,493.89798194068,-1.2603982310452921,347.4182124004455,409.0519452556654,-4.413768088163738,443.2821846036595,208.97046516375866,-6.370319240411854,497.4111055581516,41.58956406602039,1.3367543877827077,2.332850936913146,-190.24440717167664,-2.0617406508188276,0.7299221633029698,-199.26996871640335,0.73003128359672,-0.05117929846298014,-200.051179298463,-0.051179298462980305,0.38173027709892104,-199.61826972290112,0.3817302770989209,0.4449501655121222,-199.55512654137175,0.44487345862829514,-148.46774512232753,-117.65642749203371,1.4772788235178356,-148.81290115763838,-468.00158352734456,0.712059761194463,-147.3083296826075,-916.4970120523137,2.6366942632378674,1.0252011401110532,-198.97479885988898,1.025201140111053,146.72204980443405,-85.63769006053323,-4.268901645420035,147.1710863631278,-435.18865350183944,-3.786740358346686,147.259638980062,-885.1001008849053,-3.731312469792103,-0.609405120761454,-200.6094051207615,-0.6094051207614541
136,1.36,0.04700379119528103,700.0470037911954,0.04700379119528075,0.05183446514094814,550.0224676711779,0.05183446514094858,0.5325543656943331,300.53255436569435,0.5325543656943329,0.4607728853423453,400.4607728853424,0.46077288534234506,1.505369383646493,201.5053693836465,1.5402142561373338,0.34129139199375413,100.34129139199376,0.03250865632544889,0.7981622966169252,1001.5976186594671,1.3343916000063623,-198.80433938874847,493.1387652206373,-1.997569836708605,-356.65377016585046,408.1125836160632,4.320446050046975,-454.64044769493967,207.62379099063833,3.0895956166822964,-506.3576809338907,57.97945438937071,4.802774700168014,-0.1092802779557035,-212.72869462493134,-2.1614733716702585,0.6257162121461054,-199.37428378785393,0.6257162121461053,0.3008873553277033,-199.6991126446723,0.3008873553277032,0.5588514404983158,-199.6278350971375,0.3721649028625206,0.2906188888597148,-199.70938111114032,0.29061888885971476,202.3474055512441,493.36246562256014,-1.7738694347857165,346.4973732178994,408.32594010576213,-5.0354533974461955,442.6971603781679,208.50685244405798,-6.377034999462304,497.8141453729528,40.923870048839476,1.5538663788505402,2.499093037494224,-190.86139714770047,-1.955791843048174,0.22496342703783856,-199.77432501926432,0.22567498073574155,-0.39342898932801984,-200.39342898932807,-0.39342898932802,0.23091552152269762,-199.76908447847734,0.2309155215226973,0.13795712474483285,-199.8620428752552,0.1379571247448328,-148.8713846481569,-118.21898826151127,1.4341898648690399,-149.34015540800658,-468.68775902136105,0.7405755691125817,-147.49609224287786,-916.8436958562322,2.809482270148071,0.940541063101909,-199.05945893689812,0.9405410631019087,146.66344093984333,-85.58786817250265,-4.714592179961449,147.10096653699597,-435.15034257535,-4.259336193377043,147.09332864670864,-885.1579804656374,-4.284704473096138,-0.4191515943107086,-200.41915159431073,-0.4191515943107086
137,1.37,-0.37821847705875333,699.6217815229413,-0.3782184770587536,-0.23019637980102958,549.6993563436979,-0.2301963798010298,-0.031557833451031414,299.96844216654904,-0.031557833451031525,0.25487731122579155,400.2548773112258,0.2548773112257914,1.0921995357714738,201.09219953577153,1.175788039511186,-0.06496092403941454,99.93503907596056,-0.33746073183829195,1.1282716490289486,1001.9530410048669,1.6777408914526935,-198.70292236141836,492.92418281401876,-2.1949494210205307,-357.17737453120935,407.669680121405,4.281638841093778,-454.18283643236134,207.22661293468917,2.8812326988893457,-506.70111577727573,57.29254106218127,4.552320678895023,-0.32349952920072,-213.34419985336757,-2.500247228675546,0.061894628306455104,-199.9381401657153,0.061894628306454924,0.034303098945437704,-199.9656969010546,0.03430309894543748,0.1430516051448959,-199.95687449767536,0.04312550232469575,-0.13425358988061253,-200.13425358988064,-0.13425358988061264,202.0947912705206,492.8091617657373,-2.3098654319741736,345.4062114997445,407.4083935497034,-5.8166634554606285,442.19744377104473,208.0835732622748,-6.307852949980075,498.30172350484395,40.35253610322813,1.8283183411141346,2.4510118619913426,-191.69204811754287,-2.032219799693765,-0.4098925939964478,-200.40627902615108,-0.40627902615104083,-0.6997536891749869,-200.699753689175,-0.6997536891749871,-0.09119709475391774,-200.09119709475397,-0.09119709475391813,-0.12367399900267358,-200.12367399900268,-0.12367399900267367,-149.25389526008328,-118.73539548842334,1.4133865900741338,-149.80992426419434,-469.2914244925344,0.7636288554733293,-147.82764945282833,-917.3091496811685,2.839632397329089,0.6384260305683398,-199.36157396943167,0.6384260305683394,146.4889195389565,-85.67911894437927,-5.277300796048395,146.8252371469147,-435.3428013364211,-4.933592062141985,147.08076057013295,-885.0876526809399,-4.6858345326090225,-0.18998154245851728,-200.18998154245855,-0.1899815424585174
138,1.38,-0.5524086169320093,699.4475913830681,-0.5524086169320095,-0.3882136771637983,549.4801734833009,-0.3882136771637985,-0.46820411743233137,299.53179588256774,-0.46820411743233153,0.21949053007351235,400.2194905300736,0.219490530073512,0.6990690437318133,200.6990690437319,0.8552329279313389,-0.3046309805627068,99.69536901943727,-0.4919171769354759,1.2781541885788081,1002.1282946485333,1.8408313894304544,-198.4821902669807,492.83719757649635,-2.269978021655479,-357.4626044730635,407.4223349644261,4.438211633107046,-453.6949884662404,206.8300630841536,2.7037985968002296,-506.86790151051025,56.70746443831191,4.392709489165664,-0.17605907242774274,-213.56173205534668,-2.465284610670315,-0.4174145786532557,-200.4176414641755,-0.41741457865325593,-0.21895636017667347,-200.2189563601767,-0.21895636017667358,-0.26286459315554456,-200.3045199901958,-0.30451999019577547,-0.4741125157583355,-200.47411251575835,-0.4741125157583357,202.08415237494688,492.5074124419774,-2.599078226759848,344.5316510871048,406.67423508931904,-6.382435121796204,441.8687633757154,207.7854012322224,-6.079185188516964,499.00456028620056,40.0126712145497,2.293995742296649,2.5182921272613434,-192.40183409757174,-1.9603595729206473,-0.8856107084569154,-200.87131877038485,-0.8713187703848515,-0.7694356242356095,-200.7694356242356,-0.7694356242356097,-0.3686494301975699,-200.36864943019756,-0.3686494301975702,-0.1685229092193269,-200.16852290921935,-0.16852290921932706,-149.36504120816875,-118.95566260178737,1.663988322880246,-150.03174699331177,-469.6223683869305,0.9668532741213486,-148.14371831186935,-917.7343397054881,2.8853112191796555,0.47133433819935955,-199.52866566180063,0.47133433819935944,146.41919421734474,-85.69056867860363,-5.735293085065679,146.5708209268385,-435.53883859945176,-5.581163458638137,147.39228901706747,-884.7198143018481,-4.764538708310372,0.12243283778476777,-199.87756716221526,0.12243283778476755
139,1.39,-0.3280807505281414,699.671919249472,-0.32808075052814156,-0.2935084043583718,549.5149960440642,-0.29350840435837194,-0.6693550418774847,299.3306449581226,-0.669355041877485,0.39841358825024414,400.39841358825026,0.3984135882502438,0.5376761745549798,200.5376761745551,0.7648932853387207,-0.2995363112359062,99.70046368876407,-0.3997833882482827,1.1523913641313206,1002.0279513268888,1.72823814563357,-198.03669223607196,492.9836400634723,-2.1185928912824252,-357.49019095379293,407.3889153054942,4.807691235974829,-453.1183552861821,206.49606448808737,2.5900901550709454,-506.7360193618546,56.34714431493275,4.445799563212914,0.5091140656300284,-213.20089209840717,-1.8782025012680692,-0.59376237418524,-200.5949145939407,-0.5937623741852401,-0.40664567487958964,-200.4066456748796,-0.4066456748795898,-0.6077984393620504,-200.62132196678994,-0.621321966789953,-0.5786040671517816,-200.5786040671518,-0.5786040671517818,202.46308253098442,492.6051674044613,-2.4935871917155223,344.0785473056066,406.31057244731073,-6.5457075954290875,441.7287471989006,207.6291516527296,-5.675487421343709,499.84046707574373,39.82824716779854,2.8718171045210292,2.898390697091054,-192.78867011150487,-1.5442088316703577,-1.002285329302079,-200.95826306084876,-0.958263060848814,-0.5804653169411172,-200.58046531694112,-0.5804653169411174,-0.4767474972140436,-200.47674749721406,-0.47674749721404386,0.03260351155425188,-199.96739648844573,0.03260351155425176,-149.13560196880093,-118.81086803177604,2.2540870053230737,-149.8820110104182,-469.5572770733934,1.4999842409924957,-148.3415901637801,-918.0168562267553,3.048098810343915,0.629882630072103,-199.3701173699279,0.6298826300721029,146.63633932806712,-85.44018858931568,-5.905717263904583,146.59200684174485,-435.48384702079477,-5.9488917707802145,147.94252298235068,-884.1457414831813,-4.611270157770225,0.46468059047026805,-199.53531940952973,0.46468059047026783
140,1.4,0.16656865384366557,700.1665686538438,0.16656865384366543,0.04998457367993993,549.8329916856409,0.04998457367993987,-0.6421313193810062,299.35786868061905,-0.6421313193810063,0.6817099305772769,400.6817099305773,0.6817099305772767,0.7070599112037628,200.70677947722703,0.9645306287986726,-0.08978213793964418,99.91021786206034,-0.13157133692989054,0.8174177261488312,1001.7184358054171,1.4063892871316643,-197.37740324258738,493.3529050675986,-1.7566952206604358,-357.4142056186135,407.4145843932294,5.234426402636323,-452.4030559366455,206.27750132174498,2.5478831689168144,-506.29822480806627,56.22014725697916,4.719330880277882,1.5644064097277928,-212.4251500873758,-0.9044261152183259,-0.4431599852074123,-200.447717102742,-0.4431599852074124,-0.4968995887544568,-200.49689958875445,-0.496899588754457,-0.8025415519493643,-200.8059608351581,-0.8059608351580896,-0.37616247572563016,-200.3761624757256,-0.3761624757256302,203.16175978471966,493.03294905686664,-2.062894056347392,343.95824668242415,406.2193231068792,-6.4046916164481065,441.74553957410654,207.58230282741994,-5.130634321607858,500.60321998138954,39.5990882930263,3.3587373974976145,3.5828056593795465,-192.85667892221232,-0.7995671234703313,-0.7999501399589816,-200.69434620778208,-0.6943462077820566,-0.2566464979153774,-200.2566464979154,-0.2566464979153775,-0.46660514814073,-200.46660514814073,-0.4666051481407302,0.3677545006147811,-199.63224549938522,0.36775450061478104,-148.72171460473135,-118.457495724349,3.026408443243438,-149.42283523250143,-469.1586163521191,2.3237728316453348,-148.43608311398725,-918.1718642336049,3.3120399339875455,1.045411925906734,-198.95458807409327,1.0454119259067343,147.16356961348384,-84.90610855838335,-5.7659196894045746,146.97340510086872,-435.09284993805045,-5.953342202474095,148.52352724333423,-883.5918126825977,-4.45162381361905,0.7295216338683213,-199.27047836613167,0.7295216338683211
141,1.41,0.6308983541802331,700.6308983541803,0.6308983541802331,0.5309212463817206,550.3394256948043,0.5309212463817204,-0.4265944178078468,299.5734055821922,-0.4265944178078469,0.9189956267265373,400.91899562672654,0.9189956267265373,1.1261265789580936,201.12429791971994,1.3533436897418347,0.21693231541066244,100.21693231541069,0.20336534884955,0.42927752471663416,1001.3557824802858,1.0313226171080627,-196.64442828682382,493.80524694897656,-1.3348273435321731,-357.4429397724791,407.2904269913822,5.508715003326033,-451.5382526395127,206.18809739876662,2.5682886910724574,-505.66083095001784,56.2217488565748,5.108137778520705,2.682928916141887,-211.53747491756252,0.15119449820390396,-0.08716617094113238,-200.10120308115359,-0.08716617094113244,-0.5047896674815945,-200.50478966748162,-0.5047896674815945,-0.7930515892827353,-200.79372488606737,-0.7937248860673631,0.0892622035150897,-199.9107377964849,0.08926220351508968,203.9466818324663,493.55758727341913,-1.5401880497273517,343.90315828242376,406.14012566471763,-6.219958634821669,441.85853100119834,207.58372980481815,-4.507182249962474,501.1630686218363,39.201357399937486,3.6282467337088966,4.414881725775036,-192.75852043066345,0.10044339004081507,-0.5030019476305836,-200.30570782825208,-0.30570782825209686,0.0719983626444975,-199.92800163735552,0.07199836264449747,-0.4422177533680457,-200.44221775336808,-0.4422177533680458,0.6733706171398421,-199.32662938286018,0.6733706171398421,-148.36153050127967,-118.13408989078994,3.7416592423599484,-148.88017776250211,-468.6527371520124,3.2227796508427744,-148.52039717515564,-918.2929565646659,3.582792568483979,1.496500195474461,-198.50349980452555,1.4965001954744612,147.8638349358418,-84.23015433922795,-5.4569837460225274,147.58040680764583,-434.5000437139821,-5.7309205814079425,149.0099336595992,-883.221708958033,-4.448538364827394,0.8587412604018672,-199.14125873959813,0.858741260401867
142,1.42,0.8145669233071732,700.8145669233073,0.8145669233071732,0.9911677735800339,550.8595549340448,0.9911677735800338,-0.08643575940660403,299.9135642405934,-0.08643575940660403,1.033629637057023,401.03362963705706,1.033629637057023,1.565229308723723,201.5559426108358,1.721393192923249,0.504694130736028,100.50469413073608,0.50126386439442,0.13739121646022745,1001.0894018888896,0.7524521245077116,-196.03648619602683,494.1422953604226,-1.0634261258215214,-357.72002623719965,406.8723314349176,5.485687699027305,-450.59184310742876,206.16288744137273,2.609022477470072,-505.0166897310369,56.15991456873032,5.421158745837248,3.6476852408562443,-210.75120489881112,1.0735265796278435,0.29949333410572826,-199.7341794630065,0.29949333410572826,-0.47572102366237834,-200.4757210236624,-0.4757210236623785,-0.6334231336059127,-200.633526387012,-0.6335263870119962,0.6691915406723691,-199.33080845932764,0.6691915406723692,204.57052740748293,493.93208035005114,-1.172484917160074,343.65032621596185,405.82558407201486,-6.2391968681100645,441.9440024061259,207.5093520150519,-3.9307178722083327,501.54562276781525,38.666412255205216,3.709238655544554,5.182769012132786,-192.70261771794787,0.9246123290295156,-0.3283876304555481,-200.0413263806052,-0.041326380605191226,0.3430093808511807,-199.65699061914887,0.3430093808511807,-0.4186585825580644,-200.41865858255807,-0.41865858255806443,0.8285038222380878,-199.17149617776192,0.8285038222380878,-148.20436264070256,-117.99040016257595,4.249383260513577,-148.50066064988704,-468.28669817176046,3.9530852513290853,-148.67701401346818,-918.4630515353416,3.776731887747963,1.7633642665657674,-198.23663573343427,1.7633642665657674,148.5552115763978,-83.60447454305215,-5.170358437378276,148.18386574280422,-433.9341180801807,-5.5160824518857945,149.38803386963667,-883.0926409370958,-4.658524831421834,0.8551790153843475,-199.14482098461565,0.8551790153843474
143,1.43,0.6753651294666331,700.6753651294669,0.6753651294666331,1.2881133221730616,551.217666045672,1.2881133221730616,0.26002508647845696,300.26002508647844,0.26002508647845696,1.0233250925102921,401.0233250925104,1.0233250925102921,1.7848053827773316,201.74807578012792,1.8683938865170442,0.6927080793742679,100.69270807937433,0.6920326198825452,0.02139421899085503,1000.9989194679587,0.6494067412303819,-195.70393762528238,494.21402678550237,-1.0895865390307797,-358.2397608349211,406.1656715509586,5.1699913463425045,-449.6939713018056,206.0746962213813,2.5880839526714645,-504.5645689388382,55.83389334960121,5.46204532201857,4.370065926122178,-210.15159056444554,1.7756243201119244,0.5568461167524564,-199.50606295032796,0.5568461167524565,-0.43007132688683225,-200.43007132688683,-0.4300713268868323,-0.44503329463635377,-200.4450332946364,-0.44503329463635377,1.1785390223015915,-198.8214609776984,1.1785390223015915,204.8953981514111,494.0190109711673,-1.0973854417299624,343.0988089199733,405.1845867908212,-6.553892217956548,441.8314981209596,207.1885090874398,-3.5734784000434097,501.8710458271919,38.119954536581986,3.72516988984464,5.709354705385695,-192.86432050151805,1.4967102730563318,-0.33559522572302214,-200.01031221451967,-0.010312214519660523,0.5214403539855865,-199.47855964601445,0.5214403539855865,-0.3343722131855363,-200.33437221318556,-0.33437221318553634,0.7931987055731109,-199.2068012944269,0.7931987055731109,-148.26728801928817,-118.04398176504455,4.53136295883524,-148.42275444013612,-468.19944818589255,4.375896537987281,-148.91430088594342,-918.6909946316998,3.8843500921799516,1.7203378181832014,-198.27966218181683,1.7203378181832014,149.14109275886776,-83.1373026020028,-5.013621872426222,148.6188752795792,-433.55948147259977,-5.485332100384354,149.64891878309146,-883.2070339332708,-5.08335320369423,0.7351974355911798,-199.26480256440885,0.7351974355911798
144,1.44,0.373805374025378,700.3738053740256,0.373805374025378,1.36592658106491,551.3365597871018,1.36592658106491,0.47852218754672776,300.4785221875467,0.4785221875467278,0.9023631932858573,400.90236319328596,0.9023631932858573,1.6904929473206556,201.57735780638578,1.7253378198114968,0.7560541427187293,100.75605414271881,0.755950557650771,0.06692436357975057,1001.0699630099239,0.7078177975684926,-195.6749482573586,493.9926008913586,-1.4065973023719909,-358.8290323203911,405.34337960586305,4.733863292103759,-448.9567470532679,205.81440875842281,2.4255466230152254,-504.382928869116,55.1585152419608,5.155366349381291,4.82869467839817,-209.75698315211474,2.237552494123595,0.5882840924941609,-199.50324806000947,0.588284092494161,-0.34745314453828147,-200.34745314453826,-0.34745314453828147,-0.3273368523232367,-200.32733685232324,-0.3273368523232367,1.498212058920746,-198.50178794107927,1.498212058920746,204.9247327770919,493.8227253748476,-1.311161663538519,342.37979511359845,404.348206836279,-7.0334280726889205,441.4377084367767,206.53784568763095,-3.5204626271841057,502.2691601656704,37.69709211552531,3.8091323682461438,5.921604821550675,-193.31868066107063,1.7864643844996744,-0.41685716793590033,-200.1297959180855,-0.12979591808554328,0.5745234938236208,-199.4254765061764,0.5745234938236208,-0.15496583407847148,-200.1549658340785,-0.15496583407847148,0.5934437659501994,-199.4065562340498,0.5934437659501994,-148.49281260663338,-118.23785811866085,4.643958239432736,-148.641445017965,-468.38649052999244,4.4953258281011355,-149.17224849199974,-918.9172940040273,3.9645223540664007,1.3772839597652555,-198.62271604023476,1.3772839597652553,149.6339418421332,-82.81398666480246,-4.971512598185513,148.837503219805,-433.4235285608555,-5.6998740436888955,149.752763087071,-883.494165004056,-5.651690937439096,0.537449060099089,-199.46255093990095,0.5374490600990889
145,1.45,0.1329670369821102,700.1329670369823,0.13296703698211024,1.298635856366288,551.2891018542477,1.298635856366288,0.5148488539932035,300.51484885399316,0.5148488539932035,0.6828552602567488,400.6828552602569,0.6828552602567488,1.3832878627353369,201.1118907682672,1.3946003365642756,0.7152227913353018,100.71522279133538,0.7152227913353016,0.1875881200424769,1001.216128891521,0.8412852498698499,-195.85279618149366,493.57505271694424,-1.8621356824329252,-359.2510756796469,404.64219534643354,4.4133816232914445,-448.40873127578146,205.3564748813803,2.097514606495169,-504.37676181233746,54.22116183294759,4.599744566453004,5.059742728532611,-209.52855244447767,2.496680301889214,0.4200334758124252,-199.68368604120292,0.4200334758124252,-0.2190998633585331,-200.2190998633585,-0.2190998633585331,-0.31884499859022514,-200.31884499859027,-0.3188449985902251,1.6101873058759728,-198.38981269412403,1.6101873058759726,204.7656401481987,493.45350043794144,-1.7064241706739078,341.75684878577084,403.57518539212333,-7.419601307128233,440.8712961592088,205.66613979229652,-3.6645983542986365,502.80870667062516,37.47155744259404,4.033080239839558,5.855667100214152,-194.0373512281054,1.8935362512302543,-0.41598216065515514,-200.21868804127666,-0.21868804127666816,0.5264683687429978,-199.473531631257,0.5264683687429978,0.07923233007806699,-199.92076766992193,0.07923233007806688,0.30167597852560474,-199.6983240214744,0.30167597852560474,-148.79664676376015,-118.48829379428997,4.670334839782778,-149.05470129269455,-468.7463483232244,4.412280310848385,-149.38559660504995,-919.0772436355799,4.081384998492984,0.8786900706726957,-199.1213099293273,0.8786900706726959,150.063251147275,-82.57411649730233,-4.983057848073185,148.84940956891612,-433.51602494351073,-6.146950437206016,149.70440549430134,-883.778195897215,-6.187137247985778,0.35034631325589827,-199.6496536867441,0.35034631325589827
146,1.46,0.07924153620602853,700.0792415362062,0.07924153620602858,1.2222220427298787,551.2198114694879,1.2222220427298787,0.4245570566510901,300.424557056651,0.4245570566510902,0.39614073226150437,400.3961407322616,0.3961407322615045,1.0540517380948256,200.5470152134959,1.0569119794052861,0.6116044247216127,100.61160442472169,0.6116044247216128,0.2904906848983956,1001.3445121656986,0.9569077714892302,-196.07358313037545,493.1255810180112,-2.2607198884711,-359.38038144810207,404.1877584699543,4.333558705028994,-447.99034215772764,204.76349280711366,1.655023984542331,-504.3783131308837,53.19542003465318,3.9671069733047126,5.171363727654336,-209.35588121674635,2.6620981008903963,0.22548725891573157,-199.86604489358788,0.2254872589157316,-0.08653789347337676,-200.08653789347338,-0.08653789347337675,-0.3967800208393989,-200.3967800208394,-0.39678002083939884,1.519983905373878,-198.4800160946261,1.5199839053738777,204.55788600581036,493.0601259354256,-2.143135731287611,341.40721255436745,403.03857950321805,-7.539973975004269,440.3548248264417,204.79623205145427,-3.7848085645927725,503.4421750990255,37.40049892777867,4.35262872637644,5.608958640556084,-194.9325347812342,1.9398090430398005,-0.2778398609680003,-200.17223592879105,-0.17223592879107513,0.4697391311347718,-199.53026086886524,0.4697391311347718,0.29156000449092473,-199.70843999550908,0.2915600044909247,0.03323652525367407,-199.96676347474633,0.03323652525367403,-149.08083188424837,-118.6979185967644,4.707341506327946,-149.5468089226493,-469.1638956351653,4.241364467927025,-149.5439095662466,-919.1609962787627,4.244263824329716,0.41331812835782156,-199.5866818716422,0.41331812835782156,150.39756923074862,-82.40152762636954,-5.031578941043296,148.66804837855508,-433.82290787052915,-6.775944207339361,149.61182160397573,-883.8650309555752,-6.495082270248765,0.26523980451240503,-199.73476019548758,0.26523980451240503
147,1.47,0.18973300681465682,700.1897330068147,0.18973300681465682,1.1881595817690724,551.1876849117539,1.1881595817690724,0.2990040852695378,300.29899945387854,0.29899945387861687,0.11620203236869964,400.11620203236873,0.11620203236869958,0.8104439669118318,200.07271017672258,0.8110071818197631,0.4955857948489173,100.49558579484896,0.4955857948489171,0.3361650432760791,1001.4156356272993,1.0152118174985167,-196.19172496687983,492.7900573778586,-2.486553889803679,-359.29239261181823,403.9049129489965,4.418646431191157,-447.58672811892404,204.1533259847032,1.2057677735729284,-504.292287361424,52.20996104954186,3.357445767354851,5.294589853200489,-209.1060953415144,2.8654979052472,0.2234598216454668,-199.8394492454349,0.2234598216454668,0.003310298418206681,-199.99668970158177,0.003310298418206653,-0.489174037819914,-200.48917403781994,-0.489174037819914,1.2135216542048763,-198.7864783457951,1.2135216542048763,204.38813683943516,492.74755186792004,-2.534367768781061,341.2914441082194,402.69682309696014,-7.436811441995568,440.0529490895698,204.09321673078045,-3.717815870059129,504.0174928771745,37.33613331606564,4.618712784453752,5.308233524173766,-195.87396961367097,2.0146262374868584,-0.08495468965575348,-200.0409324212025,-0.04093242120248822,0.4665017513453252,-199.53349824865467,0.4665017513453251,0.43271834276226084,-199.56728165723774,0.43271834276226084,-0.08009359926990312,-200.0800935992699,-0.08009359926990317,-149.27000154433796,-118.79198607313647,4.829252647887189,-150.04516711221225,-469.5671516410108,4.054087080012898,-149.6904136552607,-919.2123981840593,4.408840536964455,0.07676860596681934,-199.9232313940332,0.07676860596681934,150.58920919880177,-82.31968057259652,-5.140071674018745,148.34665397096074,-434.29030266828704,-7.476683747906966,149.64267425291342,-883.6718783505175,-6.492269451939801,0.3034099251709606,-199.69659007482906,0.30340992517096055
148,1.48,0.3649603483519019,700.3649603483519,0.3649603483519019,1.1043018787922683,551.1042290857879,1.1043018787922683,0.17878242933688143,300.1787522288744,0.17875222887440972,-0.050422314282044745,399.949577685718,-0.05042231428204469,0.6051921979388002,199.7692302948107,0.6052785697423326,0.4137579231207882,100.41375792312081,0.4137579231207881,0.34580178294374736,1001.4506796308892,1.0373814415333464,-196.1553749353531,492.62060256961206,-2.5677066121713423,-359.18932327320346,403.5918890216062,4.46631899735036,-447.09109728443013,203.6357634913814,0.8546424534711496,-504.1275015955548,51.30547270475685,2.767127866335896,5.494683593468263,-208.7125348341909,3.172512301626367,0.4867398980595553,-199.5469328990527,0.4867398980595553,0.055822065776562985,-199.9441779342234,0.05582206577656293,-0.5269274404850937,-200.52692744048508,-0.5269274404850937,0.746036408393364,-199.25396359160663,0.7460364083933639,204.24554073016512,492.5256318984839,-2.8907198519556356,341.2370281765984,402.3766345654501,-7.284173728021481,439.99221565954537,203.58424263278266,-3.438336842290062,504.3751415967278,37.122828613748695,4.674675100548303,5.085193580215517,-196.6986661687767,2.2028613157088484,0.056768969389850904,-199.9289390925381,0.07106090746191515,0.4782832131464029,-199.52171678685357,0.4782832131464028,0.5053764360217856,-199.49462356397822,0.5053764360217856,0.036929310845686625,-199.96307068915434,0.03692931084568657,-149.3773099547305,-118.78429924906503,5.021843662643503,-150.5248120687667,-469.9318013631012,3.8743415486073136,-149.87398783715952,-919.2809771314942,4.525165780214465,-0.1654997846774277,-200.16549978467742,-0.1654997846774277,150.67176051218271,-82.31790261564879,-5.297449148645566,148.03238101160287,-434.7703853899536,-8.072916945086801,149.90402125131783,-883.261436133986,-6.240982666982784,0.4038782243694816,-199.5961217756305,0.4038782243694815
149,1.49,0.5189090235369278,700.518909023537,0.5189090235369277,0.851540598218435,550.8515405982184,0.8515405982184348,0.030372705256372173,300.03021933465277,0.030219334652824253,-0.03243267509186776,399.96756732490815,-0.03243267509186776,0.3300870095088162,199.5923532193196,0.3300870095088163,0.38263875235546707,100.38263875235549,0.38263875235546707,0.36468759008743623,1001.4949205903608,1.0686967943978583,-196.02562867293688,492.5563811750678,-2.641899961513419,-359.23937540303905,403.08108651898084,4.308456867793442,-446.47807725309417,203.2391502388366,0.6284414042642092,-503.9273279081195,50.466252937860546,2.158411552472316,5.728543302420027,-208.21736752811245,3.5401100277595257,0.8562944263208663,-199.15774248389155,0.8562944263208662,0.09764898877955464,-199.90235101122045,0.0976489887795545,-0.5062665043926651,-200.50626650439267,-0.5062665043926651,0.3036998475967565,-199.69630015240324,0.3036998475967564,204.07705583343713,492.33875735728316,-3.264991532198702,341.127218199994,401.9611136202904,-7.1998173481377625,440.1058583196039,203.20330749256988,-3.014282745264115,504.457802163651,36.706718808922,4.465884639084186,5.0122731227156265,-197.28695001634313,2.5726701024167644,0.13507399781618978,-199.8613124343384,0.13868756566159698,0.4273631486990996,-199.5726368513009,0.4273631486990995,0.5231418920504056,-199.4768581079496,0.5231418920504058,0.3279284994682979,-199.67207150053167,0.3279284994682978,-149.5182245011053,-118.791000391311,5.168602138169401,-150.97852709356923,-470.25130298377496,3.70829954570547,-150.11236296224502,-919.3851388524508,4.5744636770296765,-0.3833646626899106,-200.38336466268993,-0.38336466268991065,150.75776305156262,-82.32996566746988,-5.437120605024409,147.9115844534948,-435.0761056568462,-8.40524473732518,150.34006143547714,-882.7988207708679,-5.905975708422499,0.4722962890834542,-199.52770371091654,0.47229628908345417
150,1.5,0.5891151800997233,700.5891151800997,0.5891151800997233,0.4318144245011421,550.4318144245012,0.4318144245011421,-0.21166627242241054,299.7877271350735,-0.21227286492648323,0.1427405028859742,400.14274050288594,0.14274050288597426,-0.05009037491562009,199.44287310048554,-0.05009037491561996,0.3760204313412954,100.37602043134129,0.3760204313412955,0.42151134714957994,1001.5770370806174,1.1378402247390942,-195.91646790773905,492.48365753381165,-2.840326194195912,-359.46756980697944,402.3482433986869,3.9203158048023212,-445.8210065950532,202.89308559180864,0.4565074943155709,-503.7159803425094,49.65141135494758,1.5131150632334003,5.883012380558188,-207.73329533540078,3.854898196248593,1.081008661596314,-198.92354845593823,1.081008661596314,0.10782008481904828,-199.89217991518092,0.1078200848190482,-0.4846589550421011,-200.48465895504208,-0.4846589550421011,0.07458890393543187,-199.92541109606464,0.07458890393543176,203.88614213247462,492.1393652940154,-3.653490896200447,340.9927314786778,401.48105722253473,-7.153877851410197,440.31884774479795,202.87624132655162,-2.5217059428665567,504.3537174282653,36.17903947430604,4.08302242143679,5.050208678893504,-197.65429177960547,3.1028145621517194,0.20451220052099164,-199.79477624578112,0.20522375421889485,0.2945059666100707,-199.70549403338993,0.2945059666100707,0.46063324597885197,-199.53936675402116,0.460633245978852,0.6134398048815979,-199.38656019511842,0.6134398048815978,-149.83066862657057,-118.95071106071836,5.1305886577777,-151.38811208485785,-470.50815451900564,3.5731451994904164,-150.38428846801315,-919.504330902161,4.576968816335138,-0.5995743131425336,-200.59957431314257,-0.5995743131425337,150.919167076193,-82.3135442530597,-5.5164502597992975,148.07605969956956,-435.11494933321814,-8.436674889408074,150.7543698628124,-882.4857240569881,-5.688630063727706,0.43725897416976567,-199.56274102583023,0.4372589741697656
151,1.51,0.5172952646334479,700.5170275174016,0.5170275174016579,-0.02231477304269408,549.9776099497245,-0.022390050275569034,-0.554923210838822,299.4429406054779,-0.5570593945220839,0.3794868647725135,400.37921911754063,0.37921911754072346,-0.46304220651644723,199.26529295178364,-0.46330995374823714,0.34278137935622394,100.34251363212442,0.342513632124434,0.5028845159336729,1001.683897971777,1.2316844122273725,-195.89126928195745,492.33901883776485,-3.16799154292955,-359.76540857830366,401.50250446281433,3.4105959402399053,-445.2230535732699,202.49702719215435,0.23829241879937071,-503.4792884283607,48.8362604395616,0.8515277690722085,5.860707912560736,-207.35800485478924,4.018679345140042,1.0488824208189103,-198.95253754616837,1.0486146735871202,0.05072762503066722,-199.94954012220114,0.05045987779887709,-0.511649305025181,-200.511917052257,-0.5119170522569712,0.07230296473970077,-199.92796478249215,0.07203521750791064,203.7585980676679,491.9338149653388,-3.9704659757634526,340.93762908728013,401.04051810262047,-7.043309545515047,440.6026269240774,202.57507305609334,-1.9903289453795487,504.26011624737464,35.739260687097136,3.72513606637122,5.093670525561559,-197.92928443984698,3.6809644342057606,0.2804118378250399,-199.719746789113,0.28025321088700034,0.1431689957745151,-199.85709875145727,0.14290124854272512,0.2976579448690584,-199.70260980236273,0.2973901976372685,0.7255214724095538,-199.27474627482223,0.7252537251777638,-150.3687636955665,-119.31853885373629,4.85243081303906,-151.7201461931615,-470.66992135133125,3.501048315444093,-150.63663353442703,-919.5864086925969,4.584560974178566,-0.7894313493427481,-200.78969909657457,-0.7896990965745381,151.1077803162865,-82.31801019067208,-5.584552738348325,148.4797816931967,-434.93247006032,-8.2485439653574,150.9581848062887,-882.4664775502205,-5.733020097896718,0.2870279180706073,-199.71323671053887,0.2867632894611761
152,1.52,0.2987336999794227,700.296987768711,0.2969877687109506,-0.34563645198336246,549.6538726787971,-0.34612732120281875,-0.8787850874533835,299.1149868352363,-0.8850131647636386,0.6022225647083044,400.6004766334398,0.6004766334398324,-0.7847301268627778,199.1003888009339,-0.7864760581312498,0.24126804261419527,100.23952211134574,0.23952211134572343,0.5544032839495383,1001.7620317745143,1.2967617118619628,-195.89677653085982,492.1749954400768,-3.4824211768175477,-359.9769622361847,400.6999253617818,2.9349459913076026,-444.73497053189544,202.00211987966475,-0.07496678028234605,-503.1435051009057,48.07098619588577,0.2531447566422168,5.656849651321471,-207.09775301631984,4.024872572373966,0.86311611227602,-199.13885670451472,0.861370181007548,-0.021862423030776734,-200.02360835429926,-0.023608354299248735,-0.5761177870119445,-200.57786371828047,-0.5778637182804164,0.15751142156782716,-199.84430290009738,0.1557654902993551,203.8043544529387,491.79144820297006,-4.106718303913274,341.010185945143,400.68723234027414,-6.821455940334859,440.9509018332852,202.2927256034074,-1.4281581576694315,504.3757328516572,35.587179638218984,3.5911817025819226,5.066078495506803,-198.23588298832757,4.197254417363547,0.31514690721619354,-199.6865990240523,0.3134009759477218,0.07523824622875522,-199.92650768503972,0.07349231496028338,0.11822001862244275,-199.88352591264606,0.11647408735397088,0.665004919630074,-199.33674101163842,0.6632589883616021,-151.06007008565345,-119.82372279097861,4.404678462108453,-151.93802836003943,-470.7016810653646,3.5267467297816477,-150.8118254531178,-919.575478158443,4.652923094644103,-0.8887848511901416,-200.89053078245865,-0.8905307824586135,151.2162426263778,-82.43878478237437,-5.736645910156862,149.03722160872576,-434.6143826670785,-7.928324272239891,150.9021814791491,-882.7518665892807,-6.049727717063174,0.07396969269989001,-199.92775590259635,0.07224409740372528
153,1.53,0.05055432204532331,700.041687751454,0.04168775145390738,-0.4231444954013382,549.5743626650097,-0.42563733499019074,-0.9860828726404376,298.99667680554495,-1.003323194455036,0.7932849899061819,400.78441841931476,0.7844184193147661,-0.8969544321116969,199.05744939464745,-0.9058210027031128,0.07596914576652831,100.06710257517514,0.06710257517511249,0.5154558739306935,1001.75524834005,1.2768858529121168,-195.79652450386487,492.123822148983,-3.6014251179974544,-359.97118925197077,400.0683364405753,2.6208271788978905,-444.33965844995583,201.423807501365,-0.46773664329973297,-502.5910573538084,47.47342036932321,-0.16195084742491772,5.376695979939358,-206.8527487891937,3.973137679467912,0.6951062988665909,-199.3137950657466,0.6862397282751751,0.023938133149520938,-199.98492843744194,0.015071562558105003,-0.6230617620110321,-200.6319283326025,-0.6319283326024482,0.22250165745292733,-199.78681087454484,0.21363508686151134,204.08630465606623,491.81070267917147,-4.003587383539393,341.1557613213583,400.3626759126673,-6.5479910062070035,441.3140761231498,201.97328848912167,-0.8898613169937029,504.76269631810766,35.781980154177845,3.7380026796174946,4.958695472631374,-198.61771515823375,4.613541703850408,0.2816435325537513,-199.72722303803772,0.2727769619623356,0.1646430117480729,-199.84422355884337,0.15577644115665704,0.10168549861117032,-199.9071810719803,0.09281892801975461,0.5947510259972617,-199.41411554459418,0.5858844554058459,-151.73719610862713,-120.30405370931877,3.9493838757431403,-151.9958118136921,-470.5626694143838,3.6909412466449787,-150.88824779159376,-919.4551053922854,4.798332192776526,-0.7946947347472533,-200.8035613053387,-0.8035613053386692,151.19040992916177,-82.72299145722826,-6.01970406801456,149.70281534308214,-434.20991198846457,-7.510690380651763,150.6904689182105,-883.2226331810734,-6.51934579185966,-0.11739689989214083,-200.12616019589473,-0.12616019589465172
154,1.54,-0.044777239193300844,699.9201422982351,-0.07984520615154206,-0.24358350174285615,549.7465446308119,-0.2534428735747011,-0.7661427460748691,299.18659305521555,-0.8133944491709889,0.9603870959109657,400.92542927326724,0.9253191289527245,-0.7187067107037867,199.23692612883653,-0.7537746776620278,-0.08565644790473836,99.87926308952359,-0.1206171143721986,0.3667231226989412,1001.6576688929187,1.166169475011019,-195.48236509508934,492.2803825677297,-3.449404205918003,-359.68141843467936,399.662328089337,2.522511008202037,-444.00495002846054,200.78351140202258,-0.9184978279558829,-501.75205508778265,47.117841995673714,-0.3301682216854065,5.167685621007456,-206.4905400057816,3.9960057236133966,0.5954453856509987,-199.43963507692075,0.5603774186927575,0.26703102589132033,-199.76804943668043,0.2319630589330792,-0.618149050728118,-200.6532295132999,-0.6532170176863592,0.2891535740058049,-199.74819166746147,0.2540856070475638,204.56673929769767,492.0199192316673,-3.712033189837877,341.27450582141853,399.95424210873784,-6.336726857893748,441.60867688804996,201.51463771036947,-0.4728569373735245,505.2848943672733,36.17505561198838,4.012140579816324,4.80567063603469,-199.05672968915735,4.947989339984847,0.23969418230629375,-199.79538628026546,0.2046262153480527,0.40762785493624476,-199.62745260763552,0.37255988797800366,0.37453504645118874,-199.66054541612058,0.33946707949294774,0.6502885924380196,-199.38479187013374,0.6152206254797785,-152.21492454030655,-120.58852732031858,3.6574616024574818,-151.8491071738303,-470.22270995384235,4.024157921218431,-150.90089722624762,-919.2745000062597,4.9714889165164236,-0.4368645218597018,-200.47194498443147,-0.47193248881794303,151.0679988966803,-83.14039323340502,-6.403383320366027,150.42398265696917,-433.784306103458,-7.048096790245656,150.50371430700213,-883.7045744534252,-6.967564540386084,-0.2220501146251592,-200.2567221182743,-0.2567096226607527
155,1.55,0.08519947826732638,699.97710105395,-0.02281746441474882,0.06623704375843936,550.035786558887,0.03586804052224296,-0.29891664798034534,299.57917894594505,-0.42073957241963233,1.1004535265083955,400.99315481497877,0.9924365838263202,-0.23624231819440425,199.65383059824995,-0.3442592608764795,-0.1430289305035199,99.74887264517915,-0.2503461860936903,0.144314841568551,1001.5331036361572,1.0283827287041272,-194.96901504217345,492.602419794698,-3.1215182653187856,-359.1412248629707,399.4221301908757,2.57997751908337,-443.72867920301667,200.05831100795547,-1.450047045914446,-500.68155128359825,46.938028606321666,-0.3269472635111847,5.121110819852175,-205.94957628964477,4.155338964453023,0.48178276255823643,-199.62631566175918,0.3737658198761612,0.6522946412042767,-199.45580378311314,0.5442776985222015,-0.5816904157456917,-200.6897888400631,-0.6897073584277669,0.42374544733381764,-199.69331035127564,0.31572850465174246,205.09938085165197,492.2964611245111,-3.4058240387263026,341.31370130931276,399.3823395326483,-6.268494134216958,441.8041029497633,200.85249549778462,-0.23578704573760878,505.71464201115765,36.511429142801546,4.153323332064129,4.640661104387002,-199.5364589062845,5.215221923265494,0.3029988525585924,-199.80509957175883,0.19498190987651723,0.7334609485759666,-199.37463747574145,0.6254440058938912,0.8836353519106976,-199.22446307240676,0.7756184092286227,0.7919730091524595,-199.31612541516495,0.6839560664703843,-152.38432135415584,-120.59669126906971,3.6093607299580066,-151.53268027248436,-469.74505018739825,4.4644781353512375,-150.92248111933722,-919.1348510342511,5.0712009647766365,0.11864913043327106,-199.98944929388415,0.010632187751195829,150.94889969706776,-83.6163079771957,-6.812918161317258,151.09168528603746,-433.473522388226,-6.670255348307427,150.48925293902792,-884.0759547352357,-7.2725649193570865,-0.22068236336699495,-200.3275226456288,-0.32744116399343987
156,1.56,0.2986622757913693,700.0391293027737,0.03954310066147898,0.307437019831388,550.2342510406554,0.23458556826566956,0.22531690006497931,299.9536001909093,-0.04598601120278982,1.1925672432912395,400.93709554691884,0.9334480681613493,0.4608662053340226,200.20105279833936,0.20174703020413218,-0.021277062847827904,99.71918996413443,-0.2768429337301202,-0.09177764031023053,1001.4731459789448,0.9549161561582856,-194.39569198184145,492.91925844700967,-2.824625628026513,-358.49633805871656,399.1720583308239,2.6174925093266532,-443.5014801668176,199.22849480099092,-2.0818162626478087,-499.5135817425444,46.77969549914695,-0.3103656730178411,5.235523455542268,-205.26543530624087,4.4162387884089185,0.2970980222568841,-199.96243495076092,0.03797884712699379,1.0623607820192822,-199.19717219099851,0.803241606889392,-0.5509564296014718,-200.81048940261928,-0.8100756047313622,0.6206920469213969,-199.66643158131282,0.3615728717915065,205.5130258942446,492.4404065613179,-3.2874048875038238,341.31112643327936,398.654114714711,-6.337285226600114,441.9529156466283,200.01068345495958,-0.15773603594941432,505.92137255919954,36.62880004388811,4.001351987941121,4.4529415923774485,-200.09048767941567,5.3797261475833285,0.5401294333736628,-199.71940353964413,0.28101025824377257,1.0692709295787526,-199.19026204343902,0.8101517544488621,1.417337494815866,-198.84219547820192,1.1582183196859759,0.8718750847921215,-199.38765788822568,0.6127559096622313,-152.26961347470223,-120.38516166943504,3.748679900331508,-151.20965401582686,-469.3252022105597,4.819347190106841,-151.01234020698377,-919.1278884017166,5.005953168049981,0.6750182159984821,-199.58451475701932,0.41589904086859175,150.9509013804087,-84.0633976633684,-7.160779587562054,151.609594535025,-433.40470450875216,-6.502086432945768,150.68025507662298,-884.3340439671542,-7.431425891347814,-0.12160742632533844,-200.37812227344955,-0.37770847556167614
157,1.57,0.35457300649839796,699.8688380526746,-0.12952534493119156,0.38208104678681915,550.2448569216538,0.24597661690609646,0.6701793827084759,300.17607067766136,0.177707280055704,1.203646076507117,400.7339737834085,0.7195477250775273,1.1825932204157514,200.69685826659185,0.6984948689861614,0.29327436166559395,99.80753940784172,-0.17677039884486595,-0.2960475722955997,1001.5196430721012,0.9869937523928649,-193.93686595143834,493.0602163106836,-2.734100150382842,-357.9342174148259,398.73009726137695,2.4534480102512264,-443.23271760672856,198.39078550078753,-2.7163915499602647,-498.3626683116735,46.540016002909695,-0.383278884535464,5.438477493588209,-204.50990349095656,4.7082242138548835,0.12111104132814304,-200.36462391249577,-0.3629873101014467,1.3964632558358734,-199.08927169798804,0.9123649044062836,-0.5306551939189775,-201.01639014774292,-1.0147535453485672,0.8000027128596827,-199.75174980948196,0.315904361430093,205.73518029406677,492.3625304996284,-3.4248414990277336,341.3438927871644,397.85144985461403,-6.461996053162264,442.1368427953692,199.09570238224612,-0.1528056966144057,505.9333425560685,36.55841348870119,3.6047823914408657,4.189300133651713,-200.7653496896482,5.393470460395284,0.9010659577778782,-199.58466899604605,0.41696760634828867,1.3681747296399904,-199.11756022418393,0.8840763782104006,1.7500601225942012,-198.73567483122972,1.2659617711646116,0.8004388780290109,-199.6852960757949,0.3163405265994213,-151.99782531279186,-120.07809339704434,3.9519545820729536,-151.07182979280068,-469.15209787705317,4.903636853062018,-151.16152068603898,-919.2417887702915,4.78825920882584,1.0329847486577903,-199.45275020516613,0.548886397228201,151.15751782103086,-84.39359538350995,-7.358344723210894,151.98102701303236,-433.5700861915085,-6.534835531209396,151.01217482358157,-884.5389383809593,-7.503687720660208,0.06514725679522931,-200.41494909552904,-0.41331249313470897
158,1.58,0.153398343123329,699.4439983076926,-0.5509606020375488,0.3771814318647984,550.1767346356967,0.17915065489684193,1.0043711727772302,300.2904889913047,0.2955300815745689,1.100209916631969,400.44028635940566,0.39585097147109083,1.7104257229716024,201.0010256875408,1.0060667778107244,0.7470403651323014,100.03764032970153,0.08596952750832876,-0.44614298846398176,1001.6176321014344,1.0683655386293682,-193.69071956717272,493.00453746676493,-2.8591364172806157,-357.5569343402319,398.07340724929634,2.0661117676973886,-442.78837003056447,197.758842684735,-3.1387682363110008,-497.2977281145369,46.23407374604651,-0.5286497013672601,5.606936513726146,-203.73215753793875,4.984294790778085,0.09876113100366166,-200.61063890442713,-0.6055978141572164,1.5555065797510688,-199.15389345567974,0.8511476345901907,-0.4958264084846201,-201.20522644391542,-1.200185353645498,0.887172365400791,-199.94477856803093,0.1828134202399131,205.82034265413176,492.17667562956376,-3.684899959004436,341.4280134964406,397.06892256894,-6.548219395120715,442.4371316548529,198.29787862650437,-0.06112538326260275,505.8270836830493,36.45291163357168,3.1429158071669674,3.8228506717484403,-201.5113116297973,5.3055363478148845,1.2504866085608364,-199.45891342686997,0.5461276633999587,1.5714144717623375,-199.13798556366845,0.8670555266014597,1.792059461333319,-198.91734057409747,1.0877005161724411,0.5980999606377675,-200.111300074793,-0.10625898452311046,-151.72850678412024,-119.75851177275993,4.137569084280625,-151.18814918438585,-469.2181541730256,4.725915852726332,-151.2904073080039,-919.3204122966436,4.575668560396977,1.1042213932244676,-199.60517864220634,0.3998624480635895,151.55654378196226,-84.54100140919473,-7.338549140625302,152.27509854986516,-433.8224466412919,-6.619994372722395,151.39738099913782,-884.7001641920192,-7.497711923449738,0.3169073346749185,-200.38428858398345,-0.37924749371351335
159,1.59,-0.15039293942841941,699.0393708645557,-0.9485361885412495,0.42544240333564737,550.1993335453355,0.20104413475478586,1.221884986168995,300.4097803537016,0.42187330060469286,0.8768604270883937,400.1853121322696,0.07871717797556338,1.88263699747999,201.07240080146403,1.0844937483671595,1.2173950926344599,100.40715889661851,0.5230946152145017,-0.530506359151661,1001.6583681261224,1.088824946374778,-193.62726184526156,492.90261080487176,-3.0379776669635774,-357.3182081000285,397.3706152233615,1.625428136486578,-442.15470446435245,197.46891346987675,-3.2111912346960114,-496.36870923050805,45.938540842729935,-0.6673982445023001,5.607542688908695,-202.9491415283326,5.230063489612045,0.29297773784430603,-200.51725845817163,-0.5051655112685244,1.4339163628840574,-199.3763198331319,0.6357731137712272,-0.4233546137102945,-201.23359080972625,-1.2214978628231243,0.8790277348278512,-200.10552652840997,0.08088448571502094,205.85939792312513,492.08531546267096,-3.8548102635037322,341.49215724827803,396.3568895449887,-6.545647412654663,442.93608481980164,197.83691869803118,0.32152596300051567,505.6230415053692,36.451314830735726,2.7699649080320654,3.395344540054002,-202.1686050045247,5.275403227435612,1.4864418875150096,-199.32379430850096,0.6882986384021792,1.6008574635904282,-199.20937873242553,0.8027142144775979,1.6201935378692955,-199.1900426581467,0.8220502887564655,0.3276822028229867,-200.48255399319297,-0.47046104628984353,-151.60759624297253,-119.45284020210744,4.280739236004787,-151.4832683964976,-469.3285123556326,4.474929014669678,-151.32872851944924,-919.1739724785843,4.559606959528091,0.9359151200032629,-199.87432107601268,0.13777187089043297,152.021336717069,-84.5111682943441,-7.105661372961215,152.53079328427955,-434.0017117271336,-6.596204805750644,151.751307570055,-884.7811974413582,-7.375690519975214,0.5716571593409303,-200.22928255444555,-0.21718960754242317
160,1.6,-0.28394972994802686,698.989098725726,-0.9883086751089046,0.529474234325157,550.340830770645,0.3314434573572004,1.2990998873223258,300.5715417504922,0.5941343496573754,0.5918815669151751,400.0866682141968,-0.11247737824570297,1.641147319668041,200.9141957753419,0.9367883745071635,1.5373076132336405,100.81035606890757,1.0269525064965284,-0.5448252102277997,1001.584861284518,0.9915857708906504,-193.63206279400515,492.9302474516061,-3.0901069287418776,-357.0905535357017,396.81267320937945,1.3220359449451524,-441.51779059487785,197.39832386096322,-3.056504873087432,-495.6093251542536,45.687058612594306,-0.7650203654887047,5.380856399514191,-202.1632900250462,5.444192306687647,0.6352102386391907,-200.09174130568692,-0.06914870652168736,0.9985174221517269,-199.7284341221744,0.2941584769908492,-0.3082077191930283,-201.03515926351912,-1.0125666643539062,0.8514196759800283,-200.05726972103088,0.1470607308191506,205.89027992236493,492.1848251422888,-3.835431510924428,341.47244648174916,395.7142934796316,-6.45710090607385,443.6601984255093,197.78805787878235,1.0830290563629352,505.31401185241674,36.60548430333901,2.5276289626291755,2.965386774563566,-202.6200965945224,5.418443400141709,1.6110641464700728,-199.11588739785606,0.906705201309195,1.4333822592765426,-199.29356928504956,0.7290233141156646,1.3674667996589722,-199.3594847446671,0.6631078544980943,0.0590400461964487,-200.66791149812966,-0.6453188989644292,-151.7282857652889,-119.19375056023509,4.348822005096388,-151.8323902316676,-469.2978550266138,4.324086769403251,-151.3013272825871,-918.7667920775334,4.775780487798206,0.6772718276851181,-200.04967971664098,-0.02708711747575998,152.38579185958952,-84.40811633495561,-6.764137873032706,152.73040905174682,-434.0634991427984,-6.419520680875403,151.98735263391023,-884.8065555606349,-7.162577098711973,0.7416229135394061,-199.97712451401424,0.045468085150974336
161,1.61,-0.1002177742470789,699.3828118365042,-0.5843161256766685,0.5888070442769724,550.4965463984635,0.4527026143962499,1.2577666043904143,300.740642844538,0.7735148823572764,0.3691449155037463,400.17480169133705,-0.11495343592584353,1.0635302430555322,200.54655985380657,0.5794318916259428,1.5898261296169691,101.07285574036811,1.3880016974969354,-0.5023244219944186,1001.4413005688198,0.8245091223176041,-193.61627328757268,493.11894468994984,-2.9859959977052384,-356.7774688369769,396.44094798769436,1.1935540427160105,-441.11427208379445,197.25498514744777,-2.9704510643928987,-495.03301400034,45.41461575176494,-0.8891211741753013,4.9797881013713905,-201.3837836279661,5.615330862564953,0.9897572553610329,-199.5272131338879,0.5056589039314432,0.3652631531645686,-200.15170723608438,-0.11883519826502104,-0.16239607981332044,-200.67936646906224,-0.6464944312429101,0.893140516335938,-199.73557512262934,0.4090421649063485,205.9051220543759,492.4093201151726,-3.695620572482458,341.4223211783201,395.13880683958666,-6.290185021596098,444.5043427975055,197.9615127424946,2.0575837684619476,504.9457312800873,36.90101469605829,2.376210959511548,2.5507234006131614,-202.9085275897516,5.686883811820166,1.6722152305401665,-198.84475515870878,1.188116879110577,1.1515637529832683,-199.36540663626565,0.6674654015536787,1.0920885237722309,-199.4248818654767,0.6079901723426411,-0.11289671984621574,-200.62986710909513,-0.5969950712758054,-152.07738539488662,-119.02624085993679,4.293434292621058,-152.12732633052033,-469.0761817955705,4.314579007376407,-151.31505054311472,-918.263906008165,5.055769144392943,0.5007524936624703,-200.01621789558646,0.016654142232880767,152.56399500156834,-84.3743995150099,-6.460491774563355,152.8435165551394,-434.0948779614389,-6.180970220992313,152.05707594726215,-884.8813185693161,-6.967410828869586,0.7715851177981032,-199.73974666995116,0.293125367868165
162,1.62,0.3032106968853159,700.0068426229515,0.04409152175542563,0.5539427051129994,550.5871663788537,0.481091253547281,1.1977119078903136,300.9013136334939,0.9385625322979514,0.3288886085045934,400.39810500760075,0.06976943337470305,0.37069388127622255,200.07432580734218,0.11157470614633236,1.4051935062226169,101.10882543228868,1.4659325860994599,-0.43657000665092377,1001.3101848857337,0.6757804039050899,-193.6096836860935,493.3228923892011,-2.8767074327904365,-356.3533078450979,396.1674069990045,1.1462202508086168,-441.0116942545385,196.85712565269392,-3.1404848180634666,-494.647627482547,45.00288191149336,-1.1626380965579042,4.500330779605483,-200.63571940400334,5.714396269794161,1.2283097892902823,-199.06805828464377,0.969190614160392,-0.24204126383666502,-200.53840933777073,-0.5011604389665553,-0.0014765742905567536,-200.2978446482246,-0.26059574942044705,1.0090478421672213,-199.24744542546256,0.7499286670373311,205.92268641232997,492.6613159718031,-3.538283850188371,341.5138213258948,394.6881750119982,-5.994488154567123,445.2780031002904,198.03408697144584,2.933466627513032,504.6155402368328,37.31598444992643,2.275127864151318,2.1418245751741045,-203.1627268317562,5.945049861564048,1.6638286714065962,-198.63253940252747,1.404709496276706,0.8823625967992227,-199.41400547713482,0.6232434216693323,0.7710335200012288,-199.5253345539328,0.5119143448713386,-0.0947279278505454,-200.39109600178458,-0.35384710298043576,-152.5232037309398,-118.9354481069384,4.124093687003241,-152.28497152288966,-468.6972158988883,4.415305666266608,-151.46284861608535,-917.8750929920841,5.1844488018577035,0.48314140264642425,-199.81322667128762,0.22402222751653406,152.60317680875193,-84.47808860001868,-6.268821430303145,152.8589994884332,-434.2222659203374,-6.012998750621863,151.9935605206531,-885.0877048881175,-6.878437718401997,0.684024007451362,-199.6093259405891,0.42792295821502446
163,1.63,0.6803411769499456,700.5394521964487,0.5723242342678705,0.4670509684115267,550.6123451519453,0.4367195043684017,1.1953972065353602,301.05450359464305,1.087375632462364,0.4833465687284296,400.6650847533092,0.37532962604635445,-0.17115672676848098,199.68795429273007,-0.27917366945055605,1.1284119963556745,100.98752301585435,1.3026689729831555,-0.38262444713981125,1001.2321857263421,0.5889264061400055,-193.73675943030045,493.3419193113467,-2.965075508129292,-355.83499485235876,395.9018781511197,1.0869956067414146,-441.06735858081004,196.27341301923673,-3.50080766830377,-494.45736856879466,44.37721154117387,-1.662002107923749,3.9944668644478267,-199.94818698134162,5.711337724662387,1.2681964134527908,-198.87269256704866,1.1601794707707156,-0.6289683821239656,-200.76985736262543,-0.7369853248060407,0.16447822722502173,-199.9764107532764,0.05646128454294655,1.106071316279349,-198.79549453192652,0.9980543735972742,206.0151369642312,492.9372181995728,-3.36977661990312,341.9121804781385,394.4537868747641,-5.483161796152825,445.8614354253631,197.81189586268175,3.51301159487886,504.38023566821596,37.827816139910745,2.2007010700865584,1.7250479806048467,-203.47542721166934,6.096396439328697,1.5196263449626473,-198.62126263553876,1.4116094022805719,0.7023241867387355,-199.4385647937627,0.5943072440566602,0.4087227558787103,-199.73216622462274,0.3007058131966352,0.12920587346932966,-200.0116831070321,0.021188930787254423,-152.88650485410474,-118.81862075553683,3.941091000183112,-152.26830767702182,-468.200423578454,4.60034706617653,-151.74532446191608,-917.6774403633482,5.082271392371791,0.543431200009893,-199.59745778049154,0.43541425732781813,152.63100028302534,-84.66650416250599,-6.139697277822139,152.7907856013357,-434.5067188441956,-5.980002972740355,151.88000652756622,-885.4174979179652,-6.890691033281271,0.5616957781254922,-199.57793506032033,0.4549369774990475
164,1.64,0.8397769741782402,700.7821164080548,0.8047090072199992,0.3635199127983716,550.5673693089548,0.353905327254468,1.1844328719321613,301.1267723058087,1.14936490497392,0.7014074712137348,400.86548509669797,0.6663395042554938,-0.41806651908271775,199.52427291479376,-0.4531344860409587,0.8665128834231739,100.80885231729977,1.0254487548886986,-0.3532073087017463,1001.201700594641,0.5554976652784152,-194.06482581187004,493.1015942320982,-3.322585479736431,-355.2536722137791,395.60868037520015,0.9830647603722247,-441.0853360931935,195.69422206938972,-3.8582299720467628,-494.43472725939546,43.562956023701,-2.357965040442159,3.4676181205229635,-199.3284949435466,5.6037752039446875,1.0952977669640165,-198.9623627991595,1.0602298000057755,-0.7288480535876192,-200.78650861971116,-0.7639160205458602,0.31071311729749884,-199.746947448826,0.27564515033925774,1.0968419594793204,-198.54389530992466,1.0617739925210794,206.23828479498914,493.28567887579305,-3.138500836041504,342.62903766436267,394.44216719688063,-4.748552922655596,446.296929681268,197.34048913596126,3.8350266356880756,504.1875982010094,38.37311883367203,2.101296008973171,1.2560564334763975,-203.90152288346872,6.088122535811546,1.2117530920917068,-198.84590747403178,1.1766851251334658,0.6138135132724136,-199.4438470528511,0.5787455463141725,0.10050769095513173,-199.9571528751684,0.06543972399689074,0.46911987957856705,-199.58854068654495,0.43405191262032594,-153.05352097765845,-118.56984302100278,3.853636331529422,-152.12244120281943,-467.6387632461639,4.83229977912244,-152.06816468632582,-917.5844867296703,4.838992622862071,0.536498108478424,-199.5211624576451,0.5014301415201831,152.7608938479687,-84.83259991537236,-5.963673409179497,152.69406756818188,-434.8994261951592,-6.031093169767307,151.79145397375348,-885.8020397895876,-6.933113283394705,0.4866674209013114,-199.57058468629953,0.45200791286571806
165,1.65,0.7722585457168116,700.7512990282223,0.7633919751253958,0.2263450277996344,550.420294465897,0.22509531555550344,1.017094197576375,300.99613468008187,1.0082276269849593,0.8081490415977826,400.9058774253004,0.7992824710063668,-0.41241610299410925,199.56662437951132,-0.42128267358552507,0.6053592694528991,100.58439975195839,0.7003354705543557,-0.340824590990765,1001.2004898139064,0.5515763373757413,-194.47334483423978,492.7481828749228,-3.7971900797786584,-354.63116106340846,395.2943885788229,0.8467285422146988,-440.97372614083633,195.23860573186437,-4.088072211569504,-494.4979240711755,42.67253797902801,-3.131406468576439,2.9281248745877697,-198.74841755639193,5.4278746237601485,0.7681010677746299,-199.25285844971995,0.7592344971832143,-0.5902362690706444,-200.61119578656525,-0.5991028396620602,0.3917620089159426,-199.62919750857867,0.38289543832452677,0.9918266740330375,-198.5343899207508,0.9829601034416215,206.54501532555054,493.68525775709657,-2.8601151976047823,343.5034224407092,394.5201895902742,-3.919857848746136,446.72873289544896,196.79939067935462,4.076075989852512,503.9277897582857,38.86335198445103,1.9023870588528895,0.659853502320116,-204.49375995755156,5.872609135102436,0.8382481055950244,-199.18271141189956,0.8293815350036086,0.5803551954114786,-199.44060432208312,0.5714886248200628,-0.0396043017572798,-200.06056381925185,-0.04847087234869574,0.7989745549566459,-199.221984962538,0.7901079843652301,-153.0445775604852,-118.18442388140653,3.872598196367755,-151.95330141877872,-467.0931477397001,5.036243804266683,-152.30600672903373,-917.4458530499551,4.611169027819237,0.4148274011712981,-199.60613211632332,0.4059608305798823,153.02098953589083,-84.92179295298205,-5.680988077695133,152.6673739106612,-435.2754085782116,-6.037617647122573,151.782440223731,-886.1603422651419,-6.919537389854974,0.49587621557387906,-199.52498002733182,0.48711291957136843
166,1.66,0.6161309231732912,700.6093439016349,0.614384991904819,0.08876869852427188,550.2265607631455,0.09319449332954893,0.6892105975298632,300.6824235759915,0.6874646662613912,0.7625480276805242,400.80523748434655,0.7608020964120524,-0.27788990578713474,199.7153230726745,-0.2796358370556066,0.31484635606730665,100.30805933452898,0.35638853233573975,-0.3581859768376146,1001.1918345526469,0.5367797976433367,-194.69572776420594,492.57226006001366,-4.094543033442714,-353.9383489468414,395.0148622148209,0.737585561760543,-440.74636174009765,194.91801081713095,-4.175295880928712,-494.5244633785667,41.857775909078335,-3.8258643848270326,2.41606524123846,-198.1499084982886,5.247780449543146,0.40315339778195536,-199.60363362375642,0.40140746651348336,-0.29796387018113296,-200.30475089171955,-0.2997098014496048,0.408874824457249,-199.59791219708114,0.407128893188777,0.8832544891928525,-198.68128335930513,0.8815085579243805,206.81356771386712,494.03812645684536,-2.6286766366109924,344.348104542397,394.52684449468194,-3.156195442357871,447.2782501652821,196.34014805691774,4.386256032176445,503.56149538697593,39.278427362776256,1.593246634686078,-0.0704795209566359,-205.2385347049507,5.466774005380168,0.6029585936584227,-199.40382842787997,0.601212662389951,0.5801711198873746,-199.42661590165102,0.5784251886189028,0.026686985873728086,-199.9801000356647,0.02494105460525653,1.0611030643321073,-198.9456839572063,1.0593571330636355,-152.9606213407767,-117.73999823391628,3.9245558877101088,-151.84281826184295,-466.6221951549826,5.143476849749506,-152.37760834893646,-917.1569852420762,4.507568879550331,0.28137118795270166,-199.7254158335857,0.2796252566842301,153.35297175365054,-84.96769241217876,-5.322137023798156,152.8055507789883,-435.515113386841,-5.881478379001335,151.90912490598606,-886.4115392598433,-6.765983871462641,0.5891473868605004,-199.417443497401,0.5875975928689223
167,1.67,0.5146038148809742,700.5126994652549,0.5143360676491842,0.10548395035606387,550.1804878926154,0.12055306449264122,0.4357433527099324,300.43383900308385,0.43547560547814224,0.7315863285009747,400.7457446396002,0.7313185812691847,-0.09933137995095126,199.898764270423,-0.09959912718274117,0.08402092716415954,100.08211657753813,0.0978067708514993,-0.463680560549521,1001.1040966845305,0.4392745804669542,-194.51025980616419,492.808749439135,-3.979413501199263,-353.10539246073864,394.85599820763514,0.7418295834688557,-440.42588840309054,194.7241605616808,-4.128076031106572,-494.40906359882,41.24624505435544,-4.312636189294935,1.987461988106348,-197.46988550146142,5.12936788293755,0.15479275462425485,-199.84711159500188,0.15452500739246505,0.0909464497007112,-199.91095789992542,0.09067870246892111,0.46481886730266697,-199.53708548232345,0.46455112007087707,0.8759775655322453,-198.8208630720616,0.8757098183004549,206.96812947735913,494.2816275528928,-2.5065353874413887,345.1000197151726,394.4146225979364,-2.5066733114755757,447.9632312876424,195.9977314368404,4.797887571571402,503.16467480214374,39.70246303003981,1.262251757476561,-0.7927757576933243,-205.98388131027895,5.022627368273467,0.686462438586225,-199.31544191103984,0.6861946913544351,0.6389340395513667,-199.36297031007476,0.6386662923195767,0.2664093920983005,-199.7354949575278,0.2661416448665106,1.2973551700663788,-198.70454917955976,1.297087422834589,-152.8493742837469,-117.27171440396563,3.9751568737839253,-151.79784826506474,-466.2202137707609,5.140441557829719,-152.27238049980906,-916.6947206200279,4.5521506577217705,0.30071900992129486,-199.70118533970484,0.3004512626895049,153.68605468914342,-85.02715968079795,-4.944386750420329,153.13269444214106,-435.58051992780037,-5.534464354410398,152.22633500061082,-886.4868793693306,-6.404106438952936,0.7642771150588414,-199.2364777474366,0.7651588549577366
168,1.68,0.4850526447926803,700.4846388469048,0.4850526447926803,0.39890078405783935,550.4304668986229,0.435230290356187,0.5013824719888864,300.500968674101,0.5013824719888866,0.9189371836170142,400.92258466237445,0.9189371836170142,0.0604657625664145,200.06005196467862,0.06046576256641454,0.04431866056506875,100.04390486267727,0.04787196481266673,-0.6937645442158669,1000.8949120363951,0.2181664486267943,-193.92783534703548,493.45260732575497,-3.458199171386841,-352.15140783355224,394.80745029151893,0.8477705074111554,-440.04105216624896,194.6351831866447,-3.969870457213526,-494.1433694338884,40.87153661478386,-4.558721809066476,1.657502861934172,-196.69354549224295,5.08872084250297,0.14360318604014033,-199.85681061184772,0.14360318604014055,0.525478287216995,-199.4749355106709,0.5254782872169949,0.6569287182621079,-199.34348507962576,0.6569287182621077,1.0129572457063152,-198.82399739834716,1.0129572457063147,207.03121963730655,494.44407688348144,-2.466729613660394,345.78829820934106,394.2209551556916,-1.9371397451956778,448.6838575422005,195.681266138515,5.216819808020139,502.8040621376475,40.202742474780045,0.9787101928126098,-1.3187142698804843,-206.5389448763175,4.729598535067726,1.0861974141338009,-198.91421638375408,1.0861974141338007,0.7719847330216598,-199.22842906486622,0.77198473302166,0.601936664557686,-199.39847713333018,0.601936664557686,1.5669597562607394,-198.43345404162716,1.5669597562607396,-152.67247863482183,-116.7359582486146,4.0671947577950185,-151.80624832680996,-465.86989347470876,5.03369053868701,-152.04787943123083,-916.1113590450236,4.691793961385996,0.5530768634815024,-199.4473369344064,0.5530768634815024,153.98266355668085,-85.13120999074806,-4.580871821621306,153.57000693162746,-435.54386661580145,-5.081608807212266,152.7203610630743,-886.3935124843547,-5.843174315227853,1.0015470398910953,-198.9930450183405,1.0073687795474027
169,1.69,0.4088611785368848,700.4087796969017,0.40886117853688464,0.8381848359178669,550.8484857117664,0.9060572891952634,0.8274834353403782,300.827401953705,0.8274834353403782,1.2857788938462156,401.2864971249986,1.2857788938462158,0.08347326347549061,200.0833917818403,0.08347326347549044,0.15076749195111594,100.1506860103159,0.1514671790430206,-0.9508699850944857,1000.6596044392822,-0.029925305664526003,-193.22739117032614,494.22706672401387,-2.8088425871503664,-351.2983733364633,394.65239440589494,0.837437919455025,-439.74970559850294,194.49628119914058,-3.85691148172835,-493.8610186751007,40.63807292622084,-4.660174015675033,1.3353421439318263,-195.91583933986806,5.032485986446196,0.3367804778730155,-199.66330100376229,0.3367804778730156,0.8651767954662082,-199.13490468616908,0.8651767954662082,0.8970147618822655,-199.10306671975303,0.8970147618822655,1.1989778095722372,-198.73293524970185,1.1989778095722372,207.0465939196603,494.57134606765203,-2.464563243512193,346.3790327731863,393.91665157429924,-1.479901745333234,449.27115563464963,195.22658738161059,5.476355789735922,502.39444837586234,40.690716540621054,0.6562366666886439,-1.6245872957716234,-206.8810328683409,4.609319665194222,1.5491309754688163,-198.45095050616646,1.5491309754688158,0.8789041010937393,-199.12117738054155,0.8789041010937394,0.8810555824654304,-199.11902589916986,0.8810555824654305,1.8309882593998776,-198.1690932222354,1.8309882593998776,-152.42731591624465,-116.12849319677466,4.20430777200181,-151.91661793885163,-465.6186358709367,4.783898891865533,-151.83879764402093,-915.5399749245508,4.79282604422551,0.9222853775902256,-199.0777961040451,0.9222853775902254,154.18122835899507,-85.33854320922819,-4.292284688111275,153.9501412582954,-435.5696303099279,-4.687927566314431,153.22903700619182,-886.2907345620315,-5.244476040914543,1.1834902969469687,-198.79356575768676,1.2065157239485336
170,1.7,0.16257072570296016,700.1625582300895,0.16257072570295994,1.0930402934649661,551.0956528689212,1.1917941302726531,1.061874699258462,301.0618622036449,1.0618746992584618,1.5145557892622032,401.5146659335768,1.5145557892622032,-0.1539172563677115,199.84607024801892,-0.15391725636771175,0.15624812553965517,100.15623562992624,0.15635542603043606,-1.0268483614423227,1000.6054173268526,-0.09712581038124302,-192.77862834767777,494.7632403364322,-2.400738700899964,-350.8509625579446,394.09001063614005,0.4095509334922103,-439.83449271329556,194.0263700041486,-4.071078534147821,-493.7750041830392,40.37354600543307,-4.789185707423834,0.8472601262973096,-195.3159404226446,4.78388184596243,0.5368318593057494,-199.46318063630773,0.5368318593057495,0.8814602698436567,-199.1185522257698,0.8814602698436564,0.9445193722229888,-199.0554931233905,0.9445193722229885,1.2202418059324625,-198.75763964316553,1.2202418059324622,207.00201705042753,494.65195977647573,-2.512019260856508,346.7430807172038,393.37601834303894,-1.26311184814024,449.6003377536911,194.51179320907318,5.453401062782662,501.75614837326816,40.981839188834705,0.11314131381887149,-1.897299200944127,-207.19925188149432,4.472473027205046,1.7053446886180588,-198.29466780699542,1.7053446886180588,0.7720492308589553,-199.22796326475452,0.7720492308589554,0.9106329973707409,-199.08937949824275,0.9106329973707407,1.93723200796189,-198.06278048765157,1.9372320079618897,-152.2209120804564,-115.556038957495,4.279888304383713,-152.20033828681028,-465.53879000524626,4.337337939883888,-151.83080677999646,-915.1659336570351,4.669993604843638,1.1382534611920192,-198.86175903442145,1.138253461192019,154.1795809619754,-85.74982353757557,-4.180664524986867,154.0823564683071,-435.84704803124384,-4.517316262148518,153.4938315370822,-886.4355729624688,-4.866413949880075,1.0908353331875853,-198.83825385422216,1.1617586413913377
171,1.71,-0.2224983547477682,699.7775016452523,-0.2224983547477684,0.9620129768441206,550.962529883986,1.0739157342571648,0.9083599140574408,300.9083599140574,0.9083599140574408,1.319106880815121,401.3191068808151,1.319106880815121,-0.61951341796212,199.38048658203792,-0.6195134179621202,-0.12507544385203534,99.87492455614802,-0.12507544385203553,-0.8076106832499339,1000.8462227146335,0.13064808323483462,-192.76752275201974,494.8752610462843,-2.419838224002488,-350.89797241934843,393.0346962968424,-0.521514133454055,-440.4226297589017,193.0989472940634,-4.739273118979366,-493.99897329892843,39.961254677387636,-5.06203092421323,0.08609092640522686,-195.0071185498383,4.232568522838313,0.5648830466440449,-199.435116953356,0.5648830466440448,0.46478747929293984,-199.5352125207071,0.46478747929293984,0.6812455657709962,-199.31875443422902,0.681245565770996,0.9307519580249233,-199.0636524371194,0.9307519580249229,206.86129335459316,494.6497774039946,-2.64532186629227,346.8127475252559,392.53418525987945,-1.3536808685421615,449.7184044569449,193.58595761818557,5.196467629285479,500.8338990899768,41.01516176832191,-0.7081841874211094,-2.3187976107902024,-207.67825210988525,4.134796361763291,1.3507888419916458,-198.64921115800837,1.3507888419916458,0.37345569933905587,-199.62654430066095,0.3734556993390558,0.6316241572449888,-199.36837584275503,0.6316241572449887,1.7616005708247964,-198.23839942917522,1.761600570824796,-152.16288247009498,-115.12856411156947,4.184545181780001,-152.61384383949783,-465.5897667134643,3.7489559502897545,-152.14161576138977,-915.1072974028643,4.205811890485174,1.0131737000725578,-198.98682629992746,1.0131737000725576,153.98980213903513,-86.35218301525686,-4.234143045809343,153.87914636754326,-436.46283878674876,-4.616105427887751,153.37934793703533,-886.9626372172567,-4.844597247809141,0.5929626922134184,-199.2369011359702,0.7630988640298142
172,1.72,-0.5343211808019305,699.4656788191982,-0.5343211808019307,0.5884666955989892,550.5885459658766,0.6872205324066761,0.42490396810639125,300.42490396810643,0.42490396810639114,0.7583234943790607,400.75832349437906,0.7583234943790602,-1.0794887080949058,198.92051129190511,-1.079488708094906,-0.5794332659426156,99.42056673405742,-0.5794332659426158,-0.4342624039261224,1001.2408610719046,0.5122851445050073,-193.06842256279964,494.688709736234,-2.740477398570045,-351.1683128683464,391.7605914880455,-1.681457403681278,-441.2408668907335,191.98765644368942,-5.5881134285890965,-494.39852573188983,39.44325600301215,-5.436204140688045,-0.8545196258254625,-194.90190966897168,3.469207093590808,0.4482572406439076,-199.5517427593561,0.44825724064390754,-0.1728531301154077,-200.1728531301154,-0.1728531301154077,0.27312635857132306,-199.7268736414287,0.27312635857132306,0.4402624078322006,-199.5586357522419,0.4402624078322004,206.65662941781565,494.59688112907656,-2.832306005727591,346.71187556774515,391.51771076738265,-1.6269252519153707,449.86914945709316,192.69616936149123,4.950940054926241,499.813797566039,40.97084218270454,-1.6240319103405843,-2.8421948427914394,-208.2737897415862,3.641255680794047,0.6292240214550954,-199.37077597854488,0.6292240214550954,-0.13740003069739593,-200.13740003069742,-0.13740003069739593,0.23688635463063334,-199.76311364536934,0.23688635463063323,1.3748364538810143,-198.62516354611898,1.374836453881014,-152.2310765866694,-114.8244043612318,3.940726449250941,-152.93765660486085,-465.55555181902804,3.2391370335613643,-152.68084784461007,-915.2741756191726,3.4909551913102446,0.6573798658131658,-199.34262013418686,0.6573798658131654,153.85745086237614,-86.89946831472253,-4.2074472704064245,153.4688577984528,-437.2880613786459,-4.8354675778231115,153.03803902016568,-887.718880156933,-5.026859112616901,-0.13199361667880463,-199.81413740146982,0.18586259853017112
173,1.73,-0.5362810041835709,699.4637189958164,-0.5362810041835709,0.310177180777829,550.3101771807779,0.37804963405522535,-0.04322323803751209,299.9567767619625,-0.04322323803751202,0.19055791002261346,400.19055791002256,0.19055791002261332,-1.2742473540179229,198.7257526459821,-1.274247354017923,-0.8847324330770652,99.11526756692297,-0.8847324330770656,-0.1985779388173665,1001.4975354612959,0.7560052475240309,-193.40056652789326,494.4842284975649,-3.0818962552950318,-351.22473236916903,390.70797486045706,-2.62979277354824,-441.79772982405575,191.1841766283785,-6.126175997684556,-494.67535585803125,38.97349710396036,-5.757404962775789,-1.7359519340366392,-194.76777584247898,2.7296541828487486,0.3694621591927326,-199.63053784080725,0.3694621591927325,-0.6103639627966486,-200.61036396279667,-0.6103639627966485,-0.014946114245204714,-200.01494611424522,-0.014946114245204714,0.051112254266517644,-199.94871877310817,0.05111225426651749,206.51513968624687,494.62021306235715,-2.945911690502776,346.68946140596603,390.57832173758106,-1.832953826198155,450.338058383014,192.1340405740729,5.003967528015659,498.9979999951288,41.14502173230537,-2.334649264194807,-3.2551041447392386,-208.77590028684068,3.202732428711555,-0.08845416465287592,-200.0884541646529,-0.08845416465287592,-0.4277647453309722,-200.427764745331,-0.4277647453309722,0.027001109524459017,-199.97299889047554,0.027001109524458784,1.01216415864638,-198.98783584135361,1.0121641586463803,-152.2829237672835,-114.5014757224791,3.6913732460300857,-152.90945080703165,-465.17390078195325,3.0661080282013327,-153.15837320639923,-915.376925161595,2.8159238069143404,0.3964444087162396,-199.6035555912838,0.3964444087162393,154.0720340709848,-87.10164077404579,-3.811429315011555,153.13411337194637,-438.0395614730843,-4.913905791553433,152.79005235336905,-888.3836224916618,-5.093411032627337,-0.6636719396110352,-200.20119387539893,-0.2011938753989402
174,1.74,-0.1795193962916941,699.8204806037083,-0.1795193962916941,0.32828917159189064,550.328289171592,0.3646186778902381,-0.19608064376717227,299.8039193562329,-0.19608064376717227,-0.06894875958856073,399.9310512404115,-0.06894875958856078,-1.1426512632404244,198.8573487367596,-1.1426512632404244,-0.8261846088334759,99.17381539116656,-0.826184608833476,-0.2641974666034138,1001.4525957377753,0.6981625724758262,-193.61560034454493,494.4100233997988,-3.295754972469023,-350.80832896346374,390.13876138453054,-3.1043709229253182,-441.8541386837355,190.92762397585463,-6.114613870422426,-494.6451072556858,38.6637704607061,-5.913536939713241,-2.3844999674584715,-194.43692790572157,2.1851055781226822,0.4283098092945083,-199.57169019070548,0.42830980929450835,-0.5934798626190286,-200.593479862619,-0.5934798626190286,-0.12142543788056925,-200.1214254378806,-0.12142543788056925,-0.01823420266222764,-200.0182342026622,-0.01823420266222764,206.55280759322767,494.83555559905875,-2.870222773209013,346.94201343070074,389.91528101297314,-1.7743144456190296,451.2031340912614,191.98534010144004,5.435282220589526,498.5695817015224,41.71475057423021,-2.659349620634023,-3.4666276886698633,-209.09583855641193,2.9090555597034893,-0.5227171346843901,-200.52271713468434,-0.5227171346843901,-0.3048276047346374,-200.30482760473467,-0.30482760473463727,0.12877506503419317,-199.87122493496577,0.1287750650341929,0.8397761822662132,-199.16022381773377,0.8397761822662131,-152.18317283761127,-114.02499419947657,3.572179457066512,-152.46753357986023,-464.37613616637486,3.2880671822855465,-153.30879712565124,-915.1506184875166,2.446555169026568,0.4395840409947425,-199.56041595900524,0.43958404099474246,154.61645541688367,-86.97530963000823,-3.063616955952616,153.0706460274602,-438.5211190194318,-4.697506705913609,152.82092016990845,-888.7708448769836,-4.859152202927823,-0.697314713951043,-200.17325841091179,-0.17325841091176708
175,1.75,0.3487336192432603,700.3487336192433,0.3487336192432604,0.5547251160494909,550.5547251160496,0.5698695074189432,-0.006219379177083388,299.99378062082303,-0.006219379177083427,0.0020423983654700856,400.0020423983656,0.0020423983654700717,-0.8520581835951078,199.14794181640494,-0.8520581835951077,-0.45387925772522564,99.54612074227481,-0.45387925772522564,-0.5323085988854698,1001.2048443873841,0.43756393873699095,-193.78889429971133,494.3905595144902,-3.457451476601748,-349.9890548479801,389.98600004840773,-3.1718959009630923,-441.6370024955869,190.9909711342039,-5.7807497288844045,-494.3883376839027,38.50611306225973,-5.912283962418931,-2.822290148180237,-193.93718752527946,1.8112064057118695,0.5235232706068085,-199.47647672939317,0.5235232706068087,-0.2547180091340327,-200.25471800913402,-0.2547180091340326,-0.2130773958744498,-200.21307739587445,-0.21307739587444946,0.18965370959375416,-199.81034629040624,0.18965370959375422,206.73053976781875,495.203598366698,-2.64441262439402,347.513101641621,389.5749403773469,-1.4064487001245545,452.236636475542,192.02773451228296,6.01893192789432,498.470630890029,42.616140109893564,-2.6583894191680453,-3.6378844645890203,-209.39656787585147,2.598490170965988,-0.6610074266585586,-200.66100742665856,-0.6610074266585586,0.1011534897968579,-199.89884651020316,0.10115348979685793,0.4064023269337934,-199.5935976730662,0.4064023269337931,0.8060557687643524,-199.19394423123566,0.8060557687643524,-151.9023730590979,-113.36594342753833,3.613109823032203,-151.85350870260092,-463.3927521124467,3.662012283249523,-153.11494129061748,-914.578511659058,2.4005415915126584,0.6854154215809061,-199.3145845784191,0.6854154215809061,155.11268896872716,-86.89804663537141,-2.3425389886478842,153.2276848835597,-438.78305072053894,-4.264260430803044,153.03911334830207,-888.9716222557965,-4.416114609072949,-0.2877591466445035,-199.82528108243238,0.1747189175675918
176,1.76,0.8015261818309953,700.8015261818312,0.8015261818309953,0.7561191693830329,550.7561191693832,0.7610358334077658,0.3527508390017605,300.3527508390019,0.35275083900176063,0.21229061606838742,400.2122906160685,0.21229061606838745,-0.6133602167190555,199.38663978328103,-0.6133602167190552,0.06218738268795715,100.062187382688,0.06218738268795709,-0.7942438345854761,1000.9629390767595,0.18287135314849295,-194.016074922799,494.3300294523568,-3.662653037697769,-349.0044429927833,390.01513701051647,-3.0666637670207217,-441.5675533342141,190.95271524405155,-5.546408004567389,-494.1074513093452,38.442533428419274,-5.811429009385664,-3.177052963386821,-193.4017161875504,1.4783064017686338,0.49993888486653054,-199.50006111513346,0.4999388848665307,0.08361026753957898,-199.91638973246043,0.08361026753957906,-0.40260143163783346,-200.40260143163783,-0.40260143163783313,0.45723176781012576,-199.54276823218987,0.4572317678101258,206.85480791181578,495.5305803663748,-2.4621021236799017,348.32637087031287,389.4837443053376,-0.8046833674768707,453.1046608202395,191.92798551228367,6.4228510617647006,498.47917118142095,43.62133093403165,-2.5560170426734703,-3.967343609808158,-209.87807030927635,2.0724169696190646,-0.6297714122142923,-200.62977141221427,-0.6297714122142922,0.4756764066901794,-199.52432359330982,0.4756764066901795,0.6602593565656434,-199.33974064343434,0.6602593565656434,0.7598167662683235,-199.24018323373167,0.7598167662683235,-151.50831711837276,-112.59251702247867,3.7469557625367447,-151.41809734086965,-462.56907846962497,3.837175540039829,-152.7508907241244,-913.8350906282304,2.5043821567851077,0.8875143485714065,-199.1124856514286,0.8875143485714067,155.1846610134745,-87.24550490510936,-2.02484224290289,153.42669701989928,-439.0034688986847,-3.7947266170190828,153.23388537333403,-889.1962805452499,-3.975617883043366,0.2883865279653934,-199.39375725682564,0.6062427431743693
177,1.77,1.064464785300555,701.0644647853006,1.064464785300555,0.787795970751608,550.7877959707517,0.7890390980963293,0.682760364476966,300.6827603644771,0.6827603644769661,0.39444945274702947,400.39444945274715,0.3944494527470296,-0.5039954479954918,199.49600455200456,-0.5039954479954916,0.6048082583987555,100.60480825839879,0.6048082583987555,-0.9518486842087015,1000.8250245327768,0.032233888402201885,-194.21578086740442,494.3095976925278,-3.8300520758934917,-348.02026475549695,390.0633477842375,-2.9512321972991282,-441.85928903034755,190.5989378960344,-5.62594697609344,-493.92826612437784,38.43966411925362,-5.644275287335617,-3.51752259636727,-192.90437427397444,1.1160847059757373,0.3469721618455846,-199.6530278381544,0.3469721618455848,0.25614149416898635,-199.743858505831,0.25614149416898657,-0.553282385841757,-200.55328238584178,-0.5532823858417567,0.5875943808256731,-199.4124056191743,0.5875943808256732,206.747161862256,495.6378033199369,-2.501846448484405,349.25225179688726,389.5149313708257,-0.09752423707926389,453.67303753452666,191.55021000256374,6.514752864508001,498.3914382706913,44.52081379452102,-2.5581684233252955,-4.43026005201979,-210.51676249708913,1.3559055401908366,-0.4894642650894706,-200.48946426508945,-0.48946426508947033,0.6125456730081378,-199.38745432699187,0.6125456730081378,0.8334849877484969,-199.16651501225152,0.8334849877484969,0.6485667241274228,-199.35143327587258,0.6485667241274229,-151.09941607002764,-111.8034930533187,3.875958998003191,-151.32376226356467,-462.07373726658176,3.651612804466189,-152.3450524553204,-913.0491294386115,2.6303226127104744,0.9316370955338014,-199.0683629044662,0.9316370955338014,154.8168573696929,-88.03281208098669,-2.126682843559742,153.58271040652022,-439.26706417903495,-3.363948885805808,153.30335301235857,-889.5463164383211,-3.640187200894077,0.8095441566491021,-199.0203196715345,0.9798575398287288
178,1.78,1.1612889104750552,701.1612889104752,1.1612889104750552,0.6737067599208495,550.673706759921,0.6739515462087908,0.8270759829718218,300.8270759829719,0.8270759829718219,0.510108011012336,400.5101080110125,0.5101080110123362,-0.4718675791892365,199.5281324208108,-0.47186757918923616,1.0753953162632193,101.07539531626327,1.0753953162632195,-1.0454659025898847,1000.7507483136892,-0.054696547079092175,-194.21661725540662,494.5004464703135,-3.788320412919856,-347.08574357788603,390.0843134056322,-2.871646098611124,-442.413369184992,190.02791231269788,-5.921791484010364,-493.8887925061057,38.46285090774986,-5.445580512347958,-3.8294179637913905,-192.435663950854,0.7375905318243607,0.19862828484491432,-199.80137171515508,0.19862828484491457,0.3246405426051371,-199.67535945739485,0.3246405426051372,-0.44405069182559775,-200.44405069182562,-0.4440506918255975,0.5162102067665439,-199.48378979323343,0.516210206766544,206.39770405735672,495.5151064406066,-2.7736604426267073,350.1361029738947,389.516666563078,0.5614809298403769,454.0892705778741,191.04180925713382,6.4440601846687455,498.15409739403583,45.25568987585173,-2.7202229820118395,-4.820856494903227,-211.10766132815627,0.6555372619696989,-0.22375207435044492,-200.22375207435041,-0.22375207435044475,0.529578510067041,-199.47042148993296,0.5295785100670412,0.9848677598656133,-199.0151322401344,0.9848677598656135,0.5562880638018489,-199.44371193619816,0.5562880638018489,-150.76435334304415,-111.08788774936866,3.912155878401937,-151.469415989944,-461.81751783587333,3.2070932315020952,-151.90354609192352,-912.227080498248,2.7729631295225925,0.8797793072355646,-199.12022069276446,0.8797793072355646,154.324457104621,-88.94443692161254,-2.3335908278466606,153.72821446053032,-439.54136513120994,-2.931112518245051,153.30081170818622,-889.9680823180474,-3.3572362242814515,1.1918234760710527,-198.73725321572522,1.263902347520499
179,1.79,1.138767171534736,701.1387671715348,1.1387671715347363,0.517847952302815,550.5178479523029,0.5178854914958864,0.6892813797115507,300.68928137971164,0.6892813797115509,0.5831914272974611,400.5831914272976,0.583191427297461,-0.4473504778639057,199.55264952213616,-0.44735047786390547,1.322077993115298,101.32207799311533,1.3220779931152982,-1.1244881250438505,1000.6907081768451,-0.127317842690201,-193.98388852089315,494.9370431857386,-3.502842006014057,-346.24895963645264,390.03280574972155,-2.8728540563261724,-443.01140065745653,189.45732157221832,-6.218182428225431,-494.02947843180414,38.43199361093346,-5.295691270042514,-4.103704664007697,-191.99095569837152,0.35099997297603475,0.18768585031121854,-199.8123141496888,0.18768585031121854,0.3776889334853376,-199.62231106651467,0.3776889334853377,-0.060498515728253266,-200.06049851572823,-0.06049851572825293,0.3003122170626204,-199.69968778293736,0.3003122170626205,205.95151915343638,495.30729637424065,-3.1325888175119956,350.8338825213461,389.34770321014514,1.0294089897289673,454.5729291309565,190.62505119024814,6.432289399618266,497.8443314154358,45.89779985791843,-2.9668903677500644,-5.002416153249868,-211.51446401321923,0.10931338172580687,0.13062655061364264,-199.86937344938633,0.1306265506136427,0.35813302117116375,-199.64186697882883,0.35813302117116386,1.1367488806841914,-198.86325111931583,1.1367488806841914,0.591199522175912,-199.40880047782412,0.591199522175912,-150.56710914181787,-110.50997977266229,3.7923510722385494,-151.6633811166858,-461.61649298002226,2.6960790973706183,-151.4413074468967,-911.3841780777411,2.9181527671597416,0.8052638444156717,-199.19456574676497,0.8054342532350466,154.04559855999122,-89.64192341294205,-2.308202218772503,153.85444747422758,-439.8365560876264,-2.5029259066854626,153.3224009207451,-890.3651210521882,-3.0313998580186308,1.4098516114740085,-198.56712296152443,1.438745472861169
180,1.8,1.0101575287358673,701.0101575287358,1.0101575287358675,0.399111856019701,550.3991118560198,0.399111856019701,0.3028117584928638,300.30281175849296,0.30281175849286396,0.610487511574199,400.6104875115743,0.6104875115741989,-0.4068630594386523,199.5931369405614,-0.40686305943865214,1.234059944300197,101.23405994430023,1.234059944300197,-1.162769222612416,1000.6710407272852,-0.15948903831351946,-193.684657199421,495.452081887033,-3.1407716099467824,-345.6057104990761,389.8158169801694,-3.047580624301014,-443.5229937324002,189.01670665136947,-6.390625863689491,-494.40848796638556,38.253291632935216,-5.288771236578426,-4.363949870630035,-191.5978108095053,-0.06772329923173534,0.34855430578401664,-199.651445694216,0.3485543057840167,0.3956932634663877,-199.6043067365336,0.3956932634663877,0.3667654349440481,-199.63323456505594,0.3667654349440483,0.03549964896804217,-199.96450035103197,0.03549964896804225,205.57420397550828,495.1796774935076,-3.4131760034721443,351.29175263295815,388.956977685726,1.2535607187289053,455.16899244854466,190.34891652210166,6.526387452745593,497.51402699091375,46.49428338237729,-3.248000802164369,-5.02615889545025,-211.78841534376875,-0.3322244681232112,0.4369686984216937,-199.5630313015783,0.4369686984216938,0.2132012286899284,-199.7867987713101,0.21320122868992847,1.217304759570943,-198.78269524042906,1.217304759570943,0.7648817629152843,-199.23511823708472,0.7648817629152844,-150.5353475796353,-110.09769739291549,3.4897282981399673,-151.8086369916162,-461.3743116462938,2.2164388861590787,-151.07567063128758,-910.6380204445678,2.9494052464876708,0.6826439617009039,-199.31624483321144,0.6837551667885564,154.0933243219337,-90.01194576458124,-1.9383119244393592,153.84196104026154,-440.2770789975526,-2.203445157410761,153.39827233750822,-890.7069977490066,-2.63336390886483,1.4440744242599455,-198.55010383608374,1.4731062721547086
181,1.81,0.7787389708426339,700.7787389708427,0.7787389708426339,0.33237813801135613,550.3323781380113,0.33237813801135624,-0.15894804984525435,299.8410519501548,-0.15894804984525418,0.5342445985386444,400.53424459853875,0.5342445985386444,-0.36577130107686245,199.6342286989232,-0.36577130107686234,0.8682126472343932,100.8682126472344,0.8682126472343932,-1.0897394945982932,1000.7623062290324,-0.0806455143022568,-193.5607170184789,495.80351047288246,-2.944007723220896,-345.2187096111613,389.37335134537034,-3.455536236619543,-443.95958191408215,188.69365132026024,-6.461503753396916,-495.0506543311848,37.88282426753927,-5.4692133775518315,-4.625933252199875,-191.27556321006102,-0.5344267113846477,0.6038336137273277,-199.39616638627268,0.6038336137273278,0.308072850888389,-199.69192714911162,0.30807285088838904,0.5831743511146132,-199.41682564888538,0.5831743511146132,-0.2409983469051371,-200.24099834690514,-0.24099834690513708,205.33016373548838,495.1963484784921,-3.551169717611205,351.5887366927065,388.42625673492574,1.314112649414687,455.72365560198523,190.06337585714,6.574529744164508,497.0666930124878,46.94504251243858,-3.661565073314426,-5.023845380130554,-212.0609068150075,-0.7986059086289287,0.5538142753408927,-199.4461857246591,0.5538142753408927,0.14102133857327187,-199.85897866142676,0.14102133857327198,1.1239010479420903,-198.87609895205793,1.1239010479420903,0.9590062653391924,-199.04099373466084,0.9590062653391924,-150.676215617383,-109.8584176364028,2.9980490262953863,-151.95068089008544,-461.1337235606603,1.7235837535929197,-150.96493545547594,-910.1471374744958,2.7093291882024473,0.43038804226307287,-199.56396879266558,0.43603120733441847,154.30959184587988,-90.21229758236151,-1.3828607583905512,153.5817416221369,-440.98256224210525,-2.1531254181343167,153.46301451330157,-891.0588749149399,-2.2294380909688893,1.2773864776864388,-198.72146715380524,1.3500250126560671
182,1.82,0.4615119117390666,700.4615119117391,0.4615119117390667,0.28570942541355904,550.2857094254135,0.28570942541355915,-0.49906012357946883,299.50093987642055,-0.4990601235794686,0.28233656277181285,400.28233656277183,0.28233656277181274,-0.3527206269984116,199.64727937300165,-0.35272062699841145,0.40925801133354084,100.40925801133355,0.40925801133354084,-0.8684826011840238,1001.0014116762709,0.14612407842395556,-193.7698223253821,495.83330157685145,-3.070421854885086,-345.0444280922403,388.75157387589974,-4.050270179191601,-444.41457652974935,188.39363268586501,-6.5366148824822226,-495.91380992387013,37.35402425317515,-5.804168656037726,-4.893313893191391,-191.03096081715915,-1.052426966328281,0.7945586977712571,-199.20552196956984,0.7944780304301875,0.09145702364744335,-199.90854297635258,0.09145702364744329,0.5106800584965214,-199.48931994150348,0.5106800584965214,-0.5652634137450367,-200.56526341374501,-0.5652634137450367,205.16103157904797,495.2986222442998,-3.605101187436661,351.85798227590084,387.89139072957556,1.3453747398583684,456.0657376256904,189.60038426126107,6.407520420670663,496.3501690941306,47.09899990863909,-4.361046643660452,-5.05053545591775,-212.38623393831733,-1.3422018590849323,0.4400074500177644,-199.5599925499822,0.44000745001776437,0.10154553380704058,-199.89845446619296,0.10154553380704066,0.8099561308392544,-199.19000862743076,0.8099561308392544,1.0057662645684502,-198.99423373543158,1.0057662645684502,-150.98205549848223,-109.78467909765943,2.325937466617867,-152.18566469133935,-460.9884538246226,1.1223282737607003,-151.18477660517837,-909.9874002043557,2.1232163599217033,0.0016247865294286012,-199.9760560626533,0.023943937346706134,154.39355371473005,-90.54361124100224,-0.9436526095859659,153.1074039836697,-441.93158186894345,-2.3316232375272445,153.41368107345255,-891.5234838822798,-1.9235252508635052,0.9057874218258518,-199.09403677686956,1.077464014966639
183,1.83,0.09814710003804109,700.098147100038,0.09814710003804103,0.23035023897877926,550.2303502389788,0.2303502389787794,-0.6109565259178805,299.38904347408214,-0.6109565259178805,-0.13617051222511256,399.86382948777486,-0.13617051222511262,-0.3827206540731707,199.61727934592687,-0.3827206540731707,0.03757635517417497,100.03757635517417,0.03757635517417493,-0.5498374577910147,1001.3375089027603,0.4699759265149446,-194.2776532037115,495.5752714056971,-3.48582346331106,-344.9616656801062,388.0742301814563,-4.707752416303762,-444.9752669058834,188.02812659791138,-6.703509985875668,-496.88032960743163,36.77958962499281,-6.1816357429978055,-5.182702239645151,-190.88321567106848,-1.6375768711682481,0.7763174902736869,-199.2242085268664,0.7757914731336533,-0.18998847021525858,-200.18998847021527,-0.18998847021525864,0.25819575443910026,-199.7418042455609,0.2581957544391002,-0.9432861440003082,-200.9432861440003,-0.9432861440003081,204.97255510825744,495.3919128623278,-3.669398383463483,352.1613158498044,387.41685870455643,1.4103397136330882,456.16385755398676,188.93124946418666,5.995960582481615,495.39823538193343,47.00263176414212,-5.313734795616351,-5.031708796130255,-212.68871973553152,-1.8853609020246134,0.15406323709437686,-199.84593676290564,0.15406323709437675,0.002429086939037206,-199.997570913061,0.002429086939037345,0.3376890606870659,-199.6620811343659,0.337689060687066,0.8242770272942255,-199.17572297270578,0.8242770272942255,-151.35272953329104,-109.77650726447669,1.574552998042068,-152.5059900978143,-460.9297932144774,0.42129243351879236,-151.64278619298267,-910.0665639241683,1.2844963383504582,-0.5740614212820435,-200.50531359688117,-0.5053135968811225,154.1329810422979,-91.21793394761886,-0.8339282576471365,152.57908388962645,-442.96240165683463,-2.5783959668629413,153.20961889658545,-892.1412960933312,-1.757290403359564,0.3909444630508141,-199.6090555369492,0.7113501240952214
184,1.84,-0.23491254143904788,699.765087458561,-0.23491254143904794,0.1802967204485602,550.1802967204485,0.18029672044856027,-0.509260328438004,299.490739671562,-0.5092603284380041,-0.5698581382619863,399.430141861738,-0.5698581382619864,-0.43812564510401275,199.56187435489608,-0.43812564510401275,-0.14603032754298437,99.85396967245697,-0.1460303275429844,-0.25822323539690106,1001.6461695852649,0.7664860563380707,-194.84554912846536,495.26701736461484,-3.951693417361338,-344.85351131874387,387.4606648701738,-5.30835674270112,-445.6540595561237,187.58337445401548,-6.949434879333006,-497.7764037963426,36.32889064751049,-6.433052921469887,-5.521020452366606,-190.86134640262264,-2.3156242894256382,0.5362647348474936,-199.46640660061036,0.5335933993896634,-0.39654779575763976,-200.39654779575767,-0.3965477957576398,-0.006381253389367479,-200.00638125338938,-0.00638125338936755,-1.2607058110690228,-201.26070581106904,-1.2607058110690228,204.7435263673908,495.45466596206495,-3.765455773776142,352.4693608888523,386.9758769264357,1.4807958094837246,456.11032119542296,188.15072247834723,5.434127284794668,494.506185910673,46.98209274565495,-6.225156774691609,-4.832015862134734,-212.83147249311875,-2.2891799685798175,-0.2205479818539001,-200.22054798185394,-0.22054798185390023,-0.2019248829366104,-200.20192488293662,-0.2019248829366103,-0.13662803597304413,-200.13546099015508,-0.13662803597304407,0.5037316977777727,-199.4962683022223,0.5037316977777726,-151.55935586370765,-109.60515098347332,0.9738514166597283,-152.748578481639,-460.7943736014047,-0.21537120127161258,-152.09371480184785,-910.1395099216136,0.4394924785195358,-1.2014212573450405,-201.03650379987573,-1.0367035756447167,153.56587441030626,-92.19711611125163,-1.01675145353109,152.16341943901855,-443.8785969762439,-2.6982323185233663,152.90505862875878,-892.8579318927992,-1.6775672350785542,-0.09684447658961531,-200.09684447658964,0.3693275802546924
185,1.85,-0.4360778792082947,699.5639221207916,-0.4360778792082947,0.17335484655468392,550.1733548465546,0.17335484655468397,-0.32248316640569724,299.67751683359427,-0.3224831664056973,-0.814308427302607,399.1856915726974,-0.814308427302607,-0.4734229518540175,199.526577048146,-0.47342295185401745,-0.13629247090862412,99.8637075290913,-0.13629247090862412,-0.1057104486458249,1001.8153141591611,0.9235792483028525,-195.18331636854367,495.19483660999913,-4.177991188849452,-344.6552582680729,386.9778795031716,-5.784804342046727,-446.37341142244895,187.13545633671555,-7.156972683544346,-498.45559971331704,36.14396096243049,-6.417303265753337,-5.9149394187605315,-190.9736014327279,-3.091651526815478,0.20601130239171211,-199.80455403429676,0.19544596570333553,-0.39637409808435436,-200.39634785483926,-0.39634785483923135,-0.18715941071344577,-200.18715941071343,-0.1871594107134458,-1.3562168405096284,-201.35621684050966,-1.3562168405096284,204.52818222935622,495.54075955035864,-3.8392336634580664,352.75091669281517,386.53976831870466,1.526700252670016,456.0124193943219,187.36839591831045,4.8312641145109385,494.0014325043147,47.400737890662555,-6.768462089636563,-4.383051825438713,-212.74417035468545,-2.4813018448580704,-0.6226594750145319,-200.62265947501456,-0.622659475014532,-0.4569623644160584,-200.4569623644161,-0.4569623644160583,-0.4568463137135216,-200.45223055796396,-0.45684631371352147,0.25972414507553,-199.74027585492456,0.25972414507553,-151.4230285265005,-109.09180338065582,0.7038616933505168,-152.73540082975623,-460.4041756839116,-0.608510609905192,-152.27744841407477,-909.9462232682301,-0.15055819422375266,-1.7515496594403768,-201.44344328621332,-1.4447459878677464,152.90624863804058,-93.26702572341759,-1.2792209757078263,151.9302924597608,-444.5660706441392,-2.578265896429448,152.57363542916966,-893.5996389322886,-1.6118341845787412,-0.36558312163633033,-200.3655831216364,0.16257589615113144
186,1.86,-0.4410202006041149,699.5589797993958,-0.44102020060411495,0.21671862896090005,550.2167186289607,0.21671862896090008,-0.231776181721639,299.76822381827833,-0.2317761817216391,-0.7884883258263551,399.2115116741736,-0.7884883258263551,-0.4343019588428315,199.5656980411572,-0.43430195884283146,-0.011093339204170771,99.98890666079575,-0.011093339204170716,-0.11250439665067716,1001.8247283813224,0.9210455984620518,-195.18410597142383,495.454389989475,-4.058032611454921,-344.347553228488,386.64724885802207,-6.115448972080124,-447.01902026507173,186.79710735981178,-7.1929375550162025,-498.89685288885573,36.24122674969535,-6.118980857859336,-6.30164439869203,-191.1582149896734,-3.9008471504968667,-0.04302319398426402,-200.07556672206636,-0.07556672206629345,-0.18198555114967196,-200.18181442369513,-0.18181442369509343,-0.2817575479487724,-200.2817575479488,-0.28175754794877245,-1.1889418815014907,-201.18894188150153,-1.1889418815014907,204.3755517293595,495.6988517942044,-3.841910572676419,353.0354607657532,386.140455636958,1.578676329371239,455.94737495434697,186.66365860863266,4.266520546963308,493.96834392724094,48.33473016252107,-6.859574392952285,-3.7652577651647285,-212.50497698119094,-2.537843651654326,-0.987606184855715,-200.98760618485574,-0.9876061848557152,-0.6729156929842676,-200.6729156929843,-0.6729156929842673,-0.5638375851027908,-200.5496200564724,-0.5638375851027907,0.27352468978953703,-199.72647531021056,0.27366574386460607,-151.0361566209997,-108.32894203784585,0.6733434451773832,-152.44966317877217,-459.7424485956184,-0.7401631125951071,-152.09973940674553,-909.3925248235917,-0.39023934056848514,-2.0958076576954383,-201.64751552986087,-1.6541311947427868,152.3354464443326,-94.24623369476716,-1.441153612069937,151.83543890058434,-445.0526533781043,-2.2475732954070664,152.24873254223053,-894.3329475968693,-1.527867514171991,-0.3668666919816146,-200.36686669198167,0.09880985008277408
187,1.87,-0.2920926443916785,699.7079073556082,-0.29209264439167854,0.2698229473703876,550.2698229473702,0.26982294737038764,-0.3280296880226316,299.6719703119773,-0.32802968802263166,-0.5823576599925877,399.41764234000743,-0.5823576599925876,-0.275979507819859,199.72402049218013,-0.275979507819859,0.12462074469749168,100.12462074469737,0.12462074469749168,-0.2202463889216898,1001.7327621078493,0.8172392949537952,-194.98160919306503,495.8892867262882,-3.7256850694560377,-343.9438007031971,386.45686105414467,-6.311938217766353,-447.5200966300482,186.63745276661118,-7.00979771597183,-499.20232842703183,36.51368699132039,-5.646204890921723,-6.513670110780366,-191.24834721641236,-4.5733510382448985,-0.10643708643579552,-200.18450495193036,-0.18450495193030064,0.11738728784380204,-199.88174365523315,0.11825634476691815,-0.3015554342664851,-200.30155543426653,-0.3015554342664851,-0.8871683637551339,-200.8871683637552,-0.8871683637551339,204.3026623020511,495.9455877227344,-3.7566766975862755,353.3951308064986,385.85243447966246,1.7099901382165452,456.0078249377094,186.13118060912436,3.8344268257370056,494.23411423310665,49.51065235822714,-6.671317096909402,-3.169261644222189,-212.30190066010545,-2.6447686027688313,-1.2041128591011327,-201.20411285910117,-1.2041128591011327,-0.8088084029820226,-200.80880840298207,-0.8088084029820224,-0.4981469386726818,-200.46404086049978,-0.49814693867268167,0.5299863069760025,-199.47001369302407,0.5309060950857122,-150.68385811622142,-107.60172395466485,0.5983895960655705,-152.04146203656202,-458.9593278750055,-0.7592143242750478,-151.6853626250086,-908.6032284634521,-0.4031149127216213,-2.13703731938061,-201.62905578820283,-1.6552212503841,151.9156716477462,-95.07247950735224,-1.4415474322917587,151.78578235383105,-445.46402821801274,-1.8330961429522392,151.97958151522883,-895.0085696398697,-1.3776375648091022,-0.22651466594827857,-200.22651466594837,0.0918701725716062
188,1.88,-0.1282394768686823,699.8717605231312,-0.1282394768686823,0.28250792830816707,550.2825079283081,0.2825079283081672,-0.512417863625545,299.4875821363744,-0.512417863625545,-0.3158635033684012,399.6841364966315,-0.3158635033684012,0.014793117400382836,200.0147931174004,0.014793117400382864,0.20973127758715004,100.20973127758703,0.20973127758715004,-0.36937393344046876,1001.5989691096188,0.6717184322646185,-194.76514556920392,496.28447386906794,-3.3704553127902286,-343.495880211979,386.3555584603247,-6.425173886863796,-447.8896732283301,186.64170591680966,-6.664816725470134,-499.49872333290466,36.82965394299918,-5.131872767976722,-6.34738087208611,-191.04073112083034,-4.902748225968276,0.009632144907801066,-200.13621782920774,-0.13621782920767062,0.3625632139982692,-199.63399959919428,0.36600040080577834,-0.2246290816804015,-200.22462908168046,-0.22462908168040138,-0.6229703945672737,-200.6229703945673,-0.6229703945672735,204.3255782910728,496.29663821672864,-3.567695085571387,353.90523589912004,385.753275757159,1.9970566304054138,456.3164902290056,185.89557563075857,3.6595562833024813,494.5751662452951,50.550849274792796,-6.427006864019308,-2.7739181201783434,-212.31085576366172,-2.975959867680401,-1.1478552815642173,-201.14785528156426,-1.1478552815642171,-0.8724097237978825,-200.87240972379794,-0.8724097237978825,-0.33583955446697816,-200.27212101179654,-0.3358395544669781,0.816678494216867,-199.18332150578323,0.8213495636633884,-150.52616882090376,-107.07019581357216,0.32021371452974645,-151.67163707590743,-458.21566406857585,-0.8252545404739625,-151.24646168395563,-907.7904886766241,-0.40007914852214854,-1.842595238139456,-201.39430311030486,-1.4748984077754925,151.65657255850653,-95.7360865349435,-1.2719947083371512,151.71835115635113,-445.9097673026363,-1.4456754760298873,151.88540130140188,-895.5072577920482,-1.0431659654417684,-0.09664933679153881,-200.0966493367916,0.06862688345595447
189,1.89,-0.08207993846121076,699.9179200615388,-0.08207993846121076,0.23213372633304746,550.2321337263329,0.2321337263330475,-0.5974082607108437,299.40259173928916,-0.5974082607108436,-0.021756771462793936,399.97824322853717,-0.02175677146279402,0.39201143751836953,200.39201143751836,0.3920114375183696,0.23596376474061315,100.23596376474049,0.23596376474061326,-0.5323859980077604,1001.4508418145274,0.5119797521841323,-194.6216707853691,496.5560863526842,-3.079497056136514,-343.07805004330527,386.2694975764965,-6.528753350739077,-448.20980998310415,186.7259708745992,-6.269538206610189,-499.8618577820713,37.1082055535606,-4.658200492811016,-5.731806787228288,-190.46567235056074,-4.814922470638131,0.1967266850758118,-200.01548377508453,-0.015483775084486395,0.5113121719031598,-199.4781005473795,0.5218994526205281,-0.0551503188750536,-200.05515031887506,-0.055150318875053506,-0.4839635839055165,-200.48396358390556,-0.4839635839055164,204.43730793461305,496.7446074886432,-3.2821943216628346,354.59793568571365,385.8772964345799,2.4731137433587813,456.9210215584477,186.00624038098186,3.7913643251248783,494.8746365711985,51.26064000572789,-6.242968612752545,-2.651954999401124,-212.6013341765239,-3.5989040864879023,-0.8036275611987143,-200.80362756119877,-0.8036275611987141,-0.8840481960760345,-200.88404819607607,-0.8840481960760342,-0.15978117851222107,-200.067059478702,-0.15978117851222104,0.9038911772463718,-199.09610882275365,0.9223656152854538,-150.46882020230717,-106.64007322725156,-0.0656316455466387,-151.37873258099052,-457.5499856059349,-0.9755440242299923,-150.91331954529738,-907.0845725702418,-0.51013098853686,-1.2903931148141534,-200.98228674158707,-1.1756248094993205,151.5534733957769,-96.24172920434889,-0.9384466613674133,151.61419057451727,-446.41797688896776,-1.1146943459861913,152.0473238098138,-895.7478787903121,-0.44459624733048997,-0.03459434970993802,-200.03459434970998,0.021965845751684143
190,1.9,-0.19667826984103765,699.8033217301589,-0.19667826984103776,0.11467086856130057,550.1146708685612,0.11467086856130057,-0.5357704057140749,299.46422959428594,-0.5357704057140749,0.2803034053779112,400.2803034053779,0.2803034053779111,0.732995856112059,200.7329958561121,0.732995856112059,0.18813050954322844,100.18813050954313,0.1881305095432285,-0.6702457194675808,1001.3274086018225,0.3770559368476713,-194.58646451538777,496.7319838315427,-2.8882985321817873,-342.74959297715185,386.141265703193,-6.679854012356566,-448.5980065913762,186.77083772057796,-5.945472578769619,-500.32175577182954,37.314149006711055,-4.26175122014835,-4.843735269605421,-189.70442282150896,-4.4831686983548,0.30314748138962194,-199.93731847326563,0.06268152673438065,0.5712186773070157,-199.40338375654983,0.5966162434502041,0.11247110060036988,-199.88752889939965,0.11247110060037,-0.4733812330445036,-200.4733812330445,-0.47338123304450347,204.55789488263568,497.2091251081839,-2.9803766709423294,355.3929873282801,386.1462983877958,3.058964456743265,457.67292526346876,186.31627414227475,4.083107383178611,495.1058394177127,51.68864599694723,-6.145074783777617,-2.762321844526898,-213.1287819839469,-4.467079758182594,-0.35680014013655875,-200.35680014013656,-0.3568001401365586,-0.882310519658762,-200.8823105196588,-0.8823105196587617,-0.0779310498591364,-199.97280020096338,-0.0779310498591364,0.7126425947127402,-199.28735740528725,0.7695478700350128,-150.3823618261834,-106.18186473364182,-0.4283813610513554,-151.11263472603915,-456.91213763349754,-1.1586542609071095,-150.7042761213719,-906.5037790288304,-0.7502956562398668,-0.6953203138165731,-200.53040285634722,-0.8916059201421187,151.54211187668858,-96.65369385843312,-0.5064719010739736,151.4485896332271,-446.98144056899855,-0.8342186116393502,152.34570799335296,-895.8500977417689,0.29712421559041635,-0.03635078441680728,-200.0363507844168,-0.04103727063499896
191,1.91,-0.4465481176593801,699.5534518823407,-0.4465481176593803,-0.07565654160359889,549.9243434583964,-0.07565654160359893,-0.5052532108178441,299.4947467891822,-0.5052532108178441,0.47229512594292633,400.4722951259429,0.4722951259429262,0.875162497645422,200.87516249764548,0.875162497645422,0.015268133265371353,100.01526813326532,0.015268133265371575,-0.7073095171639833,1001.3043046921648,0.34258649750967257,-194.7256219286752,496.8440804504029,-2.8631736997690673,-342.5362569076705,385.9501680341051,-6.8989472617049525,-449.1599116149903,186.66868154002884,-5.790085557546435,-500.8848987543583,37.43581139530805,-3.9556360013189416,-4.026235493051818,-189.10986995231508,-4.2467417897287465,0.23688576154714033,-199.97532469861315,0.024675301386842013,0.5001786804983228,-199.45237241922604,0.5476275807739521,0.15197500259079932,-199.8480249974092,0.15197500259079944,-0.5759676697666226,-200.5759676697666,-0.5759676697666226,204.57029543540958,497.57272376240473,-2.7795404877852694,356.09903832152634,386.37085346547815,3.5642648541880124,458.29345111061207,186.5483609289538,4.257724186683241,495.25345217429197,51.971115646034676,-6.147565882481057,-2.984874669143922,-213.7693151065365,-5.454684121159427,-0.10153543465165926,-200.10153543465165,-0.10153543465165918,-0.9243653780551954,-200.9243653780552,-0.9243653780551953,-0.19283218658677703,-200.09973257549507,-0.19283218658677703,0.3125193467338656,-199.6874806532661,0.4490280058008608,-150.31816877810343,-105.7468808911749,-0.8180692599289162,-150.86559347579464,-456.2943055888661,-1.3654939576201424,-150.5978618910098,-906.0265740040812,-1.097762372835298,-0.3253097406524895,-200.25656191625154,-0.7821092730069437,151.49701233128508,-97.09750397430075,-0.10287921623674612,151.1638653559788,-447.6286829658863,-0.6340582078221784,152.50834588157252,-896.0861704240134,0.9084543340507076,-0.10923798447015036,-200.10923798447013,-0.14395885551606236
192,1.92,-0.7888680801190137,699.2111319198812,-0.7888680801190138,-0.32125919189564617,549.6787408081045,-0.32125919189564617,-0.7238411170693393,299.2761588829307,-0.7238411170693393,0.4114713154474688,400.41147131544744,0.4114713154474688,0.7285969576487553,200.72859695764885,0.7285969576487553,-0.277185195078678,99.72281480492128,-0.27718519507867767,-0.601962042021307,1001.4231372020283,0.4501828276559561,-195.06499165876784,496.9155003268883,-3.0301998998149835,-342.4185598438619,385.7225188443949,-7.159508242114937,-449.91410596483286,186.398887190935,-5.815130302968909,-501.5198784475035,37.49943094342181,-3.7151133609645024,-3.546038087472146,-188.9596072423573,-4.368263837828118,0.033156372835038805,-200.11269360128045,-0.11269360128043293,0.2386241828556142,-199.69233807461026,0.30766192538972986,0.04063945529732538,-199.9593605447027,0.04063945529732543,-0.7681707461629481,-200.76817074616292,-0.768170746162948,204.41112911519383,497.771590361511,-2.74332928059398,356.561813186284,386.39848281698823,3.8357062411675145,458.6287214011539,186.54989346686443,4.162958598263829,495.3187462453384,52.207431128511715,-6.247828767659383,-3.1370676438752363,-214.33644453141346,-6.373369111755379,-0.19539000814726704,-200.19539000814726,-0.19539000814726715,-1.0206147814357809,-201.02061478143577,-1.0206147814357809,-0.4939346640037092,-200.42867491275436,-0.4939346640037091,-0.16309193357294335,-200.16309193357293,0.09193981688346375,-150.39916661801334,-105.45796101797472,-1.3562572840273206,-150.68889573470537,-455.74769013466675,-1.6459864007193281,-150.5586368072458,-905.6174312072071,-1.5157274732597592,-0.30865339861519514,-200.28633424779792,-0.8818574221186305,151.32906113777983,-97.66234295035784,0.18186206443927386,150.7387266179969,-448.3870754585553,-0.5428704437580569,152.37706026218194,-896.6143438259559,1.2298611888413578,-0.24387848906957238,-200.24387848906954,-0.28869129936858223
193,1.93,-1.1460866375249525,698.8539133624752,-1.1460866375249528,-0.5377315609599275,549.4622684390401,-0.5377315609599274,-1.19928005510068,298.80071994489936,-1.1992800551006797,0.11589127641834635,400.1158912764183,0.11589127641834612,0.37797557903128715,200.37797557903136,0.37797557903128715,-0.5027045954774656,99.49729540452252,-0.5027045954774655,-0.43654609661738925,1001.6015552270698,0.6174982850844658,-195.49153401216407,497.00950378222785,-3.2765757385059535,-342.3093203234796,385.5494466870773,-7.370211511657024,-450.7282445225992,186.09171607395356,-5.886386673266452,-502.1372440582645,37.58935315557075,-3.4573833803281993,-3.3791475315882105,-189.22531322771516,-4.819367122769096,-0.17704129460695323,-200.25510916010148,-0.25510916010145834,-0.1506718233508771,-200.0724418121951,-0.07244181219511803,-0.09284652946875631,-200.09284652946874,-0.0928465294687564,-0.9688414962414109,-200.96884149624137,-0.9688414962414109,204.1122413322754,497.837129250879,-2.8401686713401917,356.8273299190364,386.27686639025194,3.920227214538212,458.818481721891,186.46171937663456,3.9401044004790617,495.4008839041237,52.502469880537895,-6.345111835801465,-2.999630840446141,-214.60678986781812,-6.997965068390226,-0.5048104924555402,-200.50481049245553,-0.5050740251687955,-1.0827623499084809,-201.08276234990848,-1.0827623499084806,-0.8053363075440116,-200.7664829727388,-0.8053363075440114,-0.5477543438462126,-200.54775434384618,-0.17668533647708867,-150.57638946484687,-105.26603316327626,-1.9925978774407385,-150.55701829736327,-455.24666199579264,-1.9732267099571503,-150.50264313553632,-905.1922868339658,-1.9188515481301762,-0.5091098739088233,-200.50346670883746,-1.029014065592853,151.08224222034804,-98.30431672859685,0.3903618695382155,150.30116023131538,-449.15707495500135,-0.46239635686626906,152.08312427478432,-897.3034346741606,1.3912439239744896,-0.3431533426810489,-200.34315334268103,-0.38340023104006504
194,1.94,-1.380847563797388,698.6191524362026,-1.380847563797388,-0.6063147693629765,549.3936852306372,-0.6063147693629766,-1.7020460815507732,298.2979539184492,-1.7020460815507732,-0.20205162146254027,399.7979483785374,-0.2020516214625403,0.03893396877856542,200.03893396877857,0.03893396877856553,-0.3694196745428395,99.63058032545712,-0.3694196745428394,-0.3790235541420919,1001.6715889265711,0.6765672750611714,-195.8214969169349,497.2110279608972,-3.4187966976984123,-342.0853896728711,385.552396894593,-7.409429299416776,-451.37323066149736,185.97414010919732,-5.776029119466052,-502.6282538331367,37.80932160050145,-3.0802866385002927,-3.2248735346516044,-189.57087626721338,-5.294758856631452,-0.2732019019875742,-200.3057454300696,-0.30574543006960364,-0.4612460712427156,-200.39224251368182,-0.3922083287085999,-0.08877933695054765,-200.08877933695058,-0.08877933695054763,-1.0472526365639923,-201.047252636564,-1.047252636563992,203.77318347152064,497.8684428547493,-2.9707859242882853,357.1118090440163,386.2237454732949,4.034918549318379,459.1427282464316,186.56476448303786,3.870626960239973,495.68746558760927,53.005411706712174,-6.249992573840707,-2.4196009370355154,-214.42314783039348,-7.169558727979936,-0.7380298935965252,-200.73802989359655,-0.7397483427519532,-0.9887372303417143,-200.98873723034174,-0.9887372303417143,-0.9158748092596747,-200.89026920397998,-0.9158748092596745,-0.6773449126876249,-200.67734491268763,-0.2568686410062593,-150.6450446392543,-104.96618073013533,-2.520903014119103,-150.3139773602114,-454.6351134510925,-2.189835735076181,-150.3201100133984,-904.6412461042794,-2.1959683882631773,-0.6405067023969868,-200.63939549730935,-1.0005985611042378,150.90355883979717,-98.8765300307482,0.6682355562554403,150.10943244599687,-449.70049169888574,-0.15572611188208635,151.90263884205064,-897.8774500284946,1.6673155585089132,-0.2721464050813994,-200.2721464050814,-0.2992040157190853
195,1.95,-1.3875808822359657,698.6124191177641,-1.3875808822359654,-0.4933283544982727,549.5066716455018,-0.49332835449827284,-1.9852100662623957,298.0147899337375,-1.985210066262396,-0.3393917826427206,399.6606572924382,-0.33939178264272063,-0.12279007465384606,199.87720992534608,-0.12279007465384617,0.21268137497969483,100.21268137497962,0.21268137497969508,-0.5121590161841453,1001.550465869012,0.5446215946071873,-195.9719361704336,497.5390741384133,-3.3741750323321336,-341.70187150115726,385.7716688050085,-7.236694934562339,-451.7174747024161,186.1755918492733,-5.354976996602829,-502.9587995177202,38.18882007437513,-2.555951328963401,-2.7750693333047884,-189.6345057856933,-5.481495359521982,-0.2499952278399773,-200.26056056452836,-0.26056056452835386,-0.5322584553981681,-200.48503246914964,-0.48480955512253865,0.06587359502196655,-199.9341264049781,0.0658735950219666,-0.9492837996955029,-200.94928379969554,-0.9492837996955028,203.4753815501217,497.94650090155767,-3.0540408937642187,357.58332860952754,386.40857164673525,4.348674262537878,459.6821630342847,186.94048471286604,4.0366132391810075,496.2639952690198,53.76843919557209,-5.874929707362625,-1.4537689899638417,-213.83797941646765,-6.938989228592295,-0.7425329352230485,-200.7425329352231,-0.7512599401284002,-0.7183929590576303,-200.71839295905767,-0.7183929590576303,-0.7883383799170696,-200.76244689600463,-0.7883383799170695,-0.5107860842313827,-200.51078608423143,-0.13971707686225893,-150.508732667693,-104.46186454330302,-2.843368653356398,-149.8489794505627,-453.80211132617274,-2.183615436226122,-149.9887694869007,-903.9419013625109,-2.32340547256409,-0.5435699914576597,-200.5433995826383,-0.736737650550581,150.88201130589832,-99.29010658888365,1.1030860699790552,150.337057764624,-449.8447462255858,0.548446433276851,151.93299300806254,-898.2391248867194,2.1540677721432773,-0.03523526710227598,-200.0352352671023,-0.046848992728675154
196,1.96,-1.2298891430577226,698.7701108569424,-1.2298891430577226,-0.3083841237084255,549.6916158762916,-0.3083841237084256,-1.9927304775190726,298.00726952248084,-1.9927304775190722,-0.315189650611051,399.6851303591153,-0.31518965061105114,-0.11749547252462292,199.88250452747525,-0.11749547252462297,0.955429631888491,100.95542963188839,0.955429631888491,-0.7282321200070943,1001.3458987281099,0.3293781272554046,-196.02047378231333,497.91212910418494,-3.2205977515632065,-341.2583090197415,386.1048843470658,-6.954234811765236,-451.87279483446986,186.5820721655342,-4.737816768924253,-503.2179000763833,38.63496128922152,-1.9788934708839134,-1.9905329599912402,-189.34797167422053,-5.3354214328186735,-0.2375708092915525,-200.24024214474943,-0.24024214474938266,-0.4328711628814479,-200.4086056475772,-0.40747359673825945,0.21014796672296204,-199.7898520332771,0.210147966722962,-0.7861744881684516,-200.78611038279345,-0.7861744881684516,203.19696702152746,498.0489718051578,-3.1120948165412843,358.2000434716866,386.7907205144038,4.820407214498453,460.19304088472575,187.3457101512351,4.195613726236927,496.95369449366837,54.59963729692733,-5.394469195436914,-0.3824994042754288,-213.1272695555118,-6.5807158486732735,-0.6364364972425618,-200.63643649724264,-0.6709524712045328,-0.40446330986878287,-200.40446330986885,-0.404463309868783,-0.5950226026126222,-200.56289955497795,-0.5950226026126223,-0.19693495618763895,-200.19693495618768,0.058096794268768015,-150.30091082542424,-103.88638853009569,-3.092042785777129,-149.28028971326242,-452.86576741793385,-2.071421673615308,-149.64028483507636,-903.2257625397478,-2.431416795429265,-0.33492387314394656,-200.33492387314402,-0.4155191706146071,150.9280270468531,-99.63475694470947,1.603938512681002,150.88001130054303,-449.68522171947245,1.5534737379180181,151.97612897663936,-898.5866550149233,2.652040442467263,0.15173526625284187,-199.84826473374721,0.15573160997175814
197,1.97,-1.1104322753413869,698.8895677246587,-1.1104322753413869,-0.19779536661994762,549.80220463338,-0.19779536661994773,-1.85128194794363,298.14871805205627,-1.8512819479436304,-0.32395712441817076,399.6776680190684,-0.32395712441817104,-0.07250351338656072,199.9274964866133,-0.07250351338656086,1.4319887011186987,101.43198870111857,1.431988701118699,-0.8379387312376547,1001.2471840934053,0.220137652352421,-196.08841470582607,498.23382475853595,-3.0796429771015843,-340.90550991114526,386.4015585631786,-6.712398312110148,-452.0870410012853,186.9435349720714,-4.175275057321438,-503.54534137629673,39.00725662073134,-1.4912357491048542,-1.1046826014888513,-188.9656772028465,-5.084885735211697,-0.39425633748047445,-200.39478235462056,-0.39478235462050804,-0.38943125822996844,-200.38332132543474,-0.3788439775126004,0.18374554799814619,-199.81625445200194,0.18374554799814585,-0.7141001265954865,-200.71368210704017,-0.7141001265954864,202.8468174589265,498.0842639345602,-3.236369216045559,358.7822481485561,387.1915495172783,5.271108546459214,460.3694432205136,187.47491674214064,4.042911785215556,497.44679725788325,55.18574026125643,-5.115971703210598,0.4795446732606552,-212.60129408741773,-6.403592296417156,-0.632498646265143,-200.63249864626522,-0.7388153308196221,-0.2307103879889505,-200.230710387989,-0.2307103879889506,-0.5242467345396574,-200.48893918402098,-0.5242467345396574,0.052888865426646836,-199.9471111345734,0.18939752449364144,-150.19088979837846,-103.40889858420317,-3.434826634614975,-148.871735641919,-452.08974442774377,-2.1156724781554948,-149.45989723418344,-902.6779060200083,-2.703834070419963,-0.262082478291089,-200.26208247829115,-0.28824794047241925,150.86195105750605,-100.09028580595503,1.989735126562389,151.4238381543778,-449.5288809513786,2.551139981138851,151.79079638831305,-899.1614404751481,2.9185804573694005,0.06021685379146574,-199.93978314620858,0.08271473248013184
198,1.98,-1.1648003654809314,698.8351996345192,-1.1648003654809314,-0.20134490985695097,549.798655090143,-0.2013449098569511,-1.712268805469402,298.28773119453047,-1.7122688054694022,-0.4899893398823135,399.516438227293,-0.48998933988231386,-0.0861026903060883,199.91389730969377,-0.08610269030608858,1.4713492701213435,101.47134927012122,1.471349270121344,-0.7715639802351667,1001.3240294371171,0.286611810636185,-196.2054691820013,498.4963588326483,-2.981301903880432,-340.69478549581834,386.6121244068475,-6.560633341698924,-452.49166527884597,187.12632542768608,-3.801686111461586,-504.005804272834,39.248173145528945,-1.1521388230452567,-0.38157636823882823,-188.79735062590774,-4.988802149299638,-0.7452596815978901,-200.745340348939,-0.7453403489389598,-0.5245224744707301,-200.53487649017134,-0.5210852876632213,0.009489094511618001,-199.9905109054884,0.009489094511617724,-0.7346137007847224,-200.73249082231692,-0.7346137007847224,202.39991840680761,498.0268880599525,-3.452183630441107,359.2060110396317,387.4880276460564,5.577478764581312,460.18873651965225,187.30568315994395,3.556977951647037,497.60583326693387,55.39049553736416,-5.174353803416704,1.01680540248963,-212.371257829735,-6.517511271356446,-0.7812813782351629,-200.78128137823524,-1.0363218461493962,-0.27308880168198524,-200.27308880168204,-0.27308880168198557,-0.5956336914359204,-200.5646424478893,-0.5956336914359205,0.1451475793682987,-199.85485242063174,0.202052854690571,-150.15227421550486,-103.00282535377139,-3.8439197485447476,-148.76803490179788,-451.6185860400644,-2.459680434837745,-149.50351534032484,-902.3540664785914,-3.195160873364707,-0.4292086306583827,-200.42920863065842,-0.43582429554035473,150.63707207474047,-100.70356362169716,2.2123660260376488,151.69368715867859,-449.64702249201025,3.268907155724559,151.3978499377587,-899.9427857586791,2.9731438890558577,-0.2915634027924859,-200.29156340279255,-0.24626738231975115
199,1.99,-1.3368131049265417,698.6631868950735,-1.3368131049265415,-0.25387985288528536,549.7461201471147,-0.25387985288528564,-1.6468674566118546,298.353132543388,-1.6468674566118549,-0.7393881572901653,399.28041014342114,-0.7393881572901656,-0.17142176625691996,199.82857823374292,-0.17142176625692018,1.2386142752262947,101.23861427522615,1.238614275226295,-0.6328591901701375,1001.4726761892443,0.4250461780604877,-196.31670536648647,498.76506572925706,-2.870931033381001,-340.5587081821381,386.8054047107688,-6.430014590809825,-453.01531145146043,187.19959887562277,-3.548570582333072,-504.5453741510891,39.431058080717094,-0.8898650639671146,0.08949526919689432,-188.95986826575572,-5.131285045032664,-1.1361905778768011,-201.13619057787685,-1.1361905778768013,-0.7320020763378293,-200.76421639438547,-0.7311330194147136,-0.13113987256411996,-200.13113987256418,-0.1311398725641204,-0.6930928282878923,-200.68469668107412,-0.6930928282878923,201.9463409812264,497.9664355548622,-3.669777584559057,359.49295936043467,387.70251642054814,5.76170983352276,459.9195471659283,187.1066647287212,3.0074410640408056,497.59603483767023,55.38152488168187,-5.401707406168802,1.3685906185758276,-212.29357647286994,-6.7776920043300555,-0.924876173438445,-200.92487617343852,-1.4013544966008333,-0.4415888622912818,-200.44158886229133,-0.441588862291282,-0.6896993757657948,-200.66842364760305,-0.689699375765795,0.12732024539264802,-199.87267975460742,0.14579468343172972,-149.9953611266262,-102.47828501827769,-4.128223045600194,-148.8669597737267,-451.34988366537823,-2.9998216927007006,-149.6433281202502,-902.1262520119017,-3.776190039224212,-0.7044054215577901,-200.70440542155782,-0.7057081232122888,150.41787784200113,-101.31026902517607,2.434929024513896,151.63101895404947,-450.0971279131278,3.6480701365622243,151.04436085545882,-900.6837860117184,3.0614120379715795,-0.6611072602278663,-200.66110726022796,-0.5945591310918267
200,2.0,-1.4822540161108644,698.5177459838892,-1.4822540161108642,-0.29766650361026925,549.7023334963897,-0.2976665036102693,-1.65481114755121,298.3451888524487,-1.65481114755121,-0.920560204963327,399.12693344947564,-0.9205602049633274,-0.3054546862527763,199.69454531374706,-0.3054546862527765,0.9687843529433879,100.96878435294325,0.9687843529433875,-0.5643816142050984,1001.5505600035177,0.49288053047221236,-196.39217422323014,499.07301249560726,-2.718876664349733,-340.43357475537107,387.0456772370192,-6.256178601818533,-453.54413803547556,187.27500623821678,-3.3049477946724553,-505.0661127885128,39.676753698571694,-0.5851517214659416,0.3861475436810799,-189.37231106502585,-5.4295549087006805,-1.3635348577628148,-201.3635348577629,-1.3635348577628148,-0.8450973106912651,-200.90673406478396,-0.8449261832366869,-0.0884543440887895,-200.08845434408883,-0.08845434408879016,-0.4774204682144374,-200.45155851410038,-0.47742046821443757,201.5912431207604,498.0075802556627,-3.7843089042942752,359.7424628567228,387.93495021682475,5.923666356542915,459.79451509941987,187.11034677456982,2.6278386234156605,497.71422458167444,55.45867106310352,-5.498440026550572,1.7746497145530316,-212.12434272533903,-6.939151170471424,-0.885792171341381,-200.88579217134145,-1.579064040794333,-0.5812012450517341,-200.5812012450518,-0.5812012450517343,-0.710910608451794,-200.69952253180264,-0.710910608451794,0.07522364238958883,-199.92477635761048,0.07989471183610994,-149.5940734784672,-101.70901509618989,-4.160276845278119,-148.93753593634125,-451.0524775540639,-3.503739303152126,-149.7060429478737,-901.8209845655964,-4.272246314684612,-0.8882387155841325,-200.88823871558418,-0.8884384913531672,150.39596781576694,-101.71897380195577,2.8476468932232075,151.38622519782058,-450.72871641990207,3.837904275276887,150.90261563499632,-901.2123259827263,3.35429471245262,-0.8494065557538397,-200.84940655575392,-0.7738990683337637
201,2.01,-1.536603766670094,698.46339623333,-1.536603766670094,-0.3409430077080217,549.6590569922919,-0.3409430077080219,-1.6936066765935411,298.3063933234064,-1.6936066765935411,-0.9669193133742111,399.12181051453524,-0.9669193133742113,-0.4552802710688874,199.54471972893097,-0.45528027106888763,0.7406748961368723,100.74067489613674,0.7406748961368722,-0.6106536380447168,1001.5131515579308,0.44558964287355385,-196.4712274319121,499.3811399633378,-2.5647923883801904,-340.34343558769115,387.3088795126207,-6.063118942625209,-454.0780752597553,187.35044532476817,-3.073582068771008,-505.4969187510211,40.049533178716274,-0.1752631316338589,0.6238779600468964,-189.90096036420147,-5.763005957310905,-1.33308462805189,-201.33308462805195,-1.3330846280518898,-0.8553441815498704,-200.9452478753118,-0.8553179383047474,0.13251163005772193,-199.86748836994235,0.1325116300577216,-0.15242855665773086,-200.0903889538798,-0.1524285566577308,201.3718367867826,498.1870462762662,-3.7588860754517404,360.0336045816016,388.26480423975823,6.142854136403187,459.7736117129376,187.27636285840174,2.378931837949554,498.1392209493828,55.804034290697416,-5.282898537453381,2.3861551307212157,-211.70838623262551,-6.845766676854128,-0.668515164178162,-200.66851516417825,-1.4540951106035214,-0.6123630387936123,-200.6123630387937,-0.6123630387936128,-0.6723073303433862,-200.6675600737112,-0.6723073303433863,0.00913120782714405,-199.99086879217293,0.01005099593685349,-149.01658813380885,-100.76300481754714,-4.006893418189952,-148.81701071853706,-450.56342740227535,-3.8073160029181783,-149.62332642674994,-901.3697431104881,-4.613631711131033,-0.891367296384418,-200.8913672963845,-0.8913672963844184,150.5758504205114,-101.92534328770124,3.4536691430559414,151.18442260162624,-451.31677110658643,4.062241324170798,150.90914022923704,-901.5920534789757,3.7869589517815787,-0.8585075786395856,-200.85850757863966,-0.7918588386743584
202,2.02,-1.5327983945847035,698.4672016054154,-1.5327983945847032,-0.40746121676376623,549.5925387832361,-0.4074612167637664,-1.6847702234482538,298.3152297765517,-1.6847702234482538,-0.9036610076359564,399.2254401301929,-0.9036610076359565,-0.5380144755163788,199.46198552448348,-0.5380144755163789,0.514442854820575,100.51444285482049,0.5144428548205751,-0.7209634126523344,1001.4111559250564,0.33388265847120996,-196.59600639292668,499.64704875012285,-2.4511276747470583,-340.3415669954136,387.5413843756112,-5.9044105609626545,-454.6733522447198,187.36754177886502,-2.9134993734753083,-505.77361623869,40.54446511989991,0.33338567984717815,0.8817418641451346,-190.44991912911271,-6.047574859966014,-1.0886207013698745,-201.08862070136993,-1.0886207013698745,-0.8829695605770488,-200.98487352958097,-0.8829695605770488,0.4209305774104677,-199.5790694225896,0.4209305774104674,0.11113521470804325,-199.7729595482013,0.11113521470804322,201.29016773387505,498.5063883980256,-3.5917880268443176,360.39140230476096,388.71731372239583,6.444639695902104,459.6671682131664,187.41452410723133,2.0717315805906766,498.8569504119383,56.40704776185072,-4.76628734396169,3.206794470929906,-211.0382218705587,-6.489228909451564,-0.45148008374481596,-200.45148008374488,-1.144751953197768,-0.5505056174164032,-200.55050561741643,-0.5505056174164034,-0.638904542832412,-200.63736333425362,-0.638904542832412,-0.08583718278297287,-200.08583718278305,-0.08569612870790416,-148.44579037813762,-99.82295199493188,-3.8496159820715015,-148.5145429036798,-449.89170452047415,-3.9183685076137023,-149.43471448456972,-900.811876101364,-4.838540088503607,-0.7203548433819282,-200.72035484338198,-0.7203548433819285,150.7851756733879,-102.10190138523524,4.079309135074694,151.14736610780892,-451.73971095081424,4.441499569495688,150.88850849317694,-901.9985685654462,4.1826419548637315,-0.8025801725600471,-200.8025801725601,-0.7567732081370191
203,2.03,-1.5058847812757064,698.4941152187243,-1.5058847812757061,-0.4746789172730348,549.525321082727,-0.4746789172730348,-1.5666216474380366,298.43337835256193,-1.5666216474380366,-0.7782386425179205,399.36805211210196,-0.7782386425179205,-0.436801764515882,199.563198235484,-0.43680176451588204,0.2695635782031959,100.26956357820313,0.2695635782031958,-0.8282679030552761,1001.311609526221,0.22480004158938066,-196.75484637208044,499.88192478506846,-2.366531587244748,-340.4367834778849,387.733814992857,-5.789394559309347,-455.29870939408454,187.35544461984108,-2.7961893639341953,-505.8255757194187,41.12707514624427,0.9049023590114618,1.2055710065638128,-190.96226291621207,-6.232566184800803,-0.7527259915441451,-200.7527259915442,-0.7527259915441451,-0.9746715680530764,-201.0646015050601,-0.9746715680530765,0.661367013079112,-199.3386329869209,0.661367013079112,0.19235880374113476,-199.63900007138264,0.1923588037411347,201.339487046685,498.95836423034626,-3.290092141966886,360.7806141963464,389.25727800471657,6.794054408734709,459.3778576795979,187.42680287395964,1.6094784999496488,499.7530998856404,57.15709176353461,-4.060047075339191,4.139529722176143,-210.20732956554727,-5.962322581209339,-0.3907388169684959,-200.39073881696856,-0.8672171401308844,-0.4196149244619209,-200.41961492446197,-0.41961492446192084,-0.6431305547098052,-200.64274087615573,-0.6431305547098054,-0.20371960237878475,-200.2038071481265,-0.20371960237878478,-148.02780671258208,-99.03479818067663,-3.8332559274706623,-148.1848142833305,-449.191805751425,-3.9902634982190657,-149.21086877502364,-900.2178602431181,-5.0163179899122134,-0.4054103493187502,-200.4054103493188,-0.4054103493187503,150.84649766840994,-102.42626572204821,4.5458109940092175,151.18705906108792,-452.0857043293703,4.88637238668717,150.72997896605563,-902.5427844244025,4.429292291654866,-0.7686235928325287,-200.76862359283257,-0.7441048916193402
204,2.04,-1.45634883376666,698.5436511662334,-1.4563488337666597,-0.5079987770259748,549.4920012229741,-0.5079987770259748,-1.3809403062935433,298.6190596937065,-1.380940306293543,-0.6656868192966099,399.4634143185323,-0.6656868192966098,-0.1372981019375497,199.8627018980624,-0.13729810193754988,0.03513041010608717,100.03513041010606,0.03513041010608707,-0.8807579615041531,1001.2663150612739,0.17014850618055816,-196.9159721634399,500.1170606290123,-2.279548012068078,-340.63514453748314,387.87935790263634,-5.724864838779906,-455.85345047495457,187.41278187247264,-2.623647318399307,-505.66306569421204,41.73352965337984,1.4741125194931841,1.6001729822900241,-191.42573258145987,-6.308496301956978,-0.4889147431102272,-200.48891474311023,-0.4889147431102271,-1.0492956441071466,-201.1111035256544,-1.0492956441071466,0.7696297400496449,-199.23037025995035,0.7696297400496449,0.08893028172031481,-199.71997428850273,0.08897765896799381,201.44274749810683,499.46543119607946,-2.931177445000926,361.08752722400084,389.7708479381219,7.077581685931262,458.92725516483983,187.33389506383008,1.0142016334210076,500.7007602695388,57.931097555699935,-3.288242615657146,5.026684152110724,-209.37010470696427,-5.418724851154673,-0.48097322062644016,-200.48097322062645,-0.7360136885406734,-0.22052716441955852,-200.2205271644196,-0.22052716441955847,-0.6794984356531465,-200.67942170339626,-0.6794984356531465,-0.3179921576401429,-200.3185630276256,-0.3179921576401429,-147.80340590073442,-98.43913206695808,-3.997298225382632,-148.0084396638273,-448.64416583005095,-4.202331988475498,-149.02987457310002,-899.6656007393236,-5.223766897748212,-0.0395911026997493,-200.03959110269977,-0.0395911026997493,150.67651468409255,-102.98190519524002,4.768594073371349,151.07898595412433,-452.5794339252082,5.171065343403129,150.42299370686328,-903.2354261724694,4.515073096142076,-0.7917942721826411,-200.7917942721827,-0.7815733568750176
205,2.05,-1.4014301513479703,698.5985698486521,-1.4014301513479703,-0.5509795722711348,549.449020427729,-0.5509795722711347,-1.2554727923979343,298.7445272076021,-1.255472792397934,-0.6904249030790642,399.3983049248305,-0.6904249030790641,0.17224495519705973,200.17224495519707,0.17224495519705973,-0.1738847160074377,99.82611528399258,-0.17388471600743774,-0.8297557016934949,1001.3239441372396,0.2186036432259904,-197.08418694591055,500.3471672297437,-2.1953040729285638,-340.99153533185455,387.92219659160673,-5.766635666375902,-456.3137534428207,187.5613571991711,-2.3746750683779987,-505.4332190988928,42.266606842721394,1.9424727806545254,2.0185969767544956,-191.8812393775294,-6.317869926358371,-0.455423776643365,-200.45542377664339,-0.4554237766433649,-1.0558451049181876,-201.0889284798889,-1.0558451049181876,0.6810701595480312,-199.31892984045197,0.6810701595480311,-0.11832224997954183,-199.94968112510327,-0.11801331151700822,201.43701718115196,499.86416079324533,-2.6783105094269506,361.1522992514908,390.0978676096305,7.135498211509165,458.34278422355123,187.16216950709764,0.3136639132668947,501.57791586352414,58.6109961735997,-2.5701053909055442,5.675743493297049,-208.71609219708677,-5.047006262814542,-0.6125309501135254,-200.61253095011352,-0.7188476346680045,0.00024902823849620725,-199.9997509717615,0.00024902823849627664,-0.7539258490569919,-200.75391408178427,-0.753925849056992,-0.4261299121102293,-200.42902902911203,-0.4261299121102294,-147.73565487738523,-97.99884772590431,-4.303561609730086,-148.05986600006273,-448.3230588485818,-4.627772732407584,-148.9750581012609,-899.2382509497801,-5.54296483360579,0.18798079029294995,-199.81201920970705,0.18798079029294995,150.2670728934874,-103.77713393585981,4.738260935993284,150.65602197136855,-453.3881848579786,5.12721001387442,150.00603564918848,-904.0381711801588,4.4772236916943635,-0.8912197257461578,-200.89121972574617,-0.8879014803728773
206,2.06,-1.3890414809171947,698.6109585190829,-1.3890414809171943,-0.7101871439459706,549.2898128560541,-0.7101871439459706,-1.264563955563394,298.73543604443665,-1.2645639555633938,-0.9342071632247889,399.1132864912143,-0.9342071632247888,0.2167985702607429,200.21679857026078,0.2167985702607429,-0.3808584497546409,99.61914155024539,-0.3808584497546409,-0.6535339503778415,1001.5062178195211,0.39189047069092964,-197.2986616312483,500.5325851904314,-2.1532990317271654,-341.53546776092185,387.8317132389141,-5.945341786571104,-456.7657194293473,187.7131080887521,-2.1379203767308423,-505.30404129775013,42.65994397397647,2.2422235957259216,2.419962554429047,-192.36392108372075,-6.29739218420308,-0.6950574099468987,-200.6950574099469,-0.6950574099468987,-1.0776918207566761,-201.09148302326471,-1.0776918207566761,0.36437666292785065,-199.6356233370721,0.364365763716683,-0.319673933123063,-200.20376869603234,-0.31810501415361536,201.21158638893462,500.0433461066947,-2.642538115464,360.8881763730786,390.1510919232119,6.881090765205904,457.65719835657484,186.94315285450455,-0.4591569461650728,502.2905383980263,59.10677125726589,-1.996970863249396,5.943400739683965,-208.3859744848445,-4.985005679750067,-0.6931715521772511,-200.69317155217726,-0.7276875261392223,0.13229872524289712,-199.86770127475708,0.13229872524289712,-0.888411954051248,-200.88841195405124,-0.8884119540512482,-0.5624341243615596,-200.5739003545324,-0.5624341243615596,-147.75968109233628,-97.6489092520674,-4.68596509297415,-148.25460994162557,-448.1438381013568,-5.180893942263475,-149.06386635039198,-898.953094510123,-5.990150351029845,0.12331088625514719,-199.87668911374482,0.12331088625514719,149.68626915465651,-104.74400622541035,4.521704313156869,149.9448015930661,-454.4854737870008,4.7802367515664335,149.5490915955917,-904.8811837844753,4.384526754092044,-1.0615518852362185,-201.0615518852362,-1.0607129014172574
207,2.07,-1.4344519752705023,698.5656812449121,-1.4343187550879712,-1.0117726961685647,548.9883605240141,-1.0116394759860337,-1.3514425834901227,298.6486906366925,-1.3513093633075914,-1.3088317116808545,398.7110998092131,-1.3086984914983235,-0.11124202477505751,199.8888911954075,-0.11110880459252648,-0.6076206108517651,99.3924380831851,-0.6075619168149491,-0.40513046096753863,1001.7599592008844,0.6368360012671362,-197.58445718717456,500.6478962869734,-2.178792938899379,-342.1831697997736,387.69053604224786,-6.178406896059248,-457.29101012853795,187.78460855960984,-1.997371814643696,-505.3030922424286,42.95269894800664,2.410333246184078,2.8461869468524412,-192.82615831887182,-6.2011471554831195,-1.0748021418081488,-201.0746689216256,-1.0746689216256176,-1.2209305631335174,-201.22527469087305,-1.220797342950986,-0.1318979002406008,-200.1317864060917,-0.13185747787629795,-0.42158156839046457,-200.3594087454299,-0.4152431533117223,200.8372900150344,500.07345806133156,-2.7532311645412784,360.3716945067356,390.0065222825149,6.390990877746509,456.9806811705639,186.78576700382683,-1.1938351598979011,502.8208437637402,59.40480759812904,-1.5839196052289244,5.861763176815616,-208.3452614338048,-5.190357861968118,-0.6772250380804489,-200.67709181789792,-0.6858188228032696,0.11480013056366595,-199.8852707449755,0.11472925502450027,-1.0698164700329662,-201.0696832498504,-1.0696832498504354,-0.7571469747624107,-200.79233222994583,-0.7570137545798796,-147.8057194426099,-97.31926672971949,-5.0734457334209155,-148.40741430635356,-447.92096159346323,-5.675140597164545,-149.17806064720352,-898.6916079343131,-6.445786938014505,-0.19043443979480265,-200.19030121961222,-0.19030121961227156,149.12814434762623,-105.68848768896797,4.311937713967861,149.14688492016097,-455.6697471164332,4.330678286502616,149.15264874992027,-905.6639832866739,4.336442116261926,-1.235764212543766,-201.23563099236122,-1.2354657866519738
208,2.08,-1.496482707046252,698.5043859976673,-1.4956140023327893,-1.3352829974833194,548.6655857072302,-1.3344142927698563,-1.4109419651891253,298.5899267395244,-1.4100732604756623,-1.591554902670878,398.41574136921804,-1.5906861979574147,-0.6496507543658834,199.35121795034757,-0.6487820496524203,-0.851921848378979,99.1484608848186,-0.8515391151814597,-0.18800626430364153,1001.9812324495879,0.849508289266776,-197.93719905653052,500.69745227595877,-2.2672779915688497,-342.80034250327793,387.63198885168435,-6.332625482289357,-457.89730598796757,187.76682010865323,-1.9626054149342407,-505.32420615502326,43.25819592986116,2.555726228844466,3.388849402268402,-193.17044094309915,-5.933567808898024,-1.4042569494531856,-201.4033882447397,-1.4033882447397226,-1.4738305951412207,-201.47409394126663,-1.472961890427758,-0.6716468384267348,-200.6709198052489,-0.6712807375527146,-0.4106063448286784,-200.3838756860011,-0.3906242942450857,200.4834455981017,500.12378670337466,-2.8409435641530854,359.77629338871634,389.83722467961064,5.838991625231882,456.4487954935056,186.82448544693193,-1.7543447807742467,503.2094716736003,59.55023218067781,-1.2874252423144772,5.656952593299951,-208.3655146287627,-5.418723430254479,-0.5550155671904896,-200.554146862477,-0.5558653116324547,0.009563343188885048,-199.99089882338205,0.00910117661792939,-1.2335884359724343,-201.23271973125898,-1.2327197312589717,-0.9926023233668189,-201.0764582366293,-0.991733618653356,-147.8126279590369,-96.94817151701645,-5.403275642555116,-148.36861722959227,-447.5041607875719,-5.959264913110505,-149.15085484644,-898.2863984044196,-6.74150252995824,-0.5518808077690094,-200.5510121030555,-0.5510121030555466,148.84149158571716,-106.3614422840862,4.35711016209453,148.49328830755053,-456.7096455622527,4.008906883927918,148.88713745462087,-906.3157964151824,4.402756030998262,-1.3148702499641745,-201.3140015452507,-1.3139762101346453
209,2.09,-1.5312711110309234,698.4731405355237,-1.5268594644763855,-1.528052595156327,548.4763590513983,-1.5236409486017892,-1.3916506231911923,298.6127610233634,-1.3872389766366542,-1.6106850537429547,398.3953517362982,-1.6062734071884168,-1.1296023219244904,198.8748093246301,-1.1251906753699523,-1.0945097869948008,98.9074338925617,-1.0925661074383584,-0.06887779284927503,1002.1011103630265,0.960983983036189,-198.35293453758175,500.6869184647193,-2.412935127866334,-343.31711642170603,387.72653969547866,-6.337743957806133,-458.53959917524685,187.70520524930885,-1.9886687672304477,-505.26947002271095,43.657262157335836,2.751278510096547,4.081953931251893,-193.35524740005525,-5.455307315238576,-1.594911748162032,-201.5905001016075,-1.5905001016074942,-1.7277396461909975,-201.72355091366353,-1.7233279996364597,-1.098360501804656,-201.09466832267367,-1.0960958376270526,-0.3817013409458352,-200.36889354717744,-0.3314391611983944,200.2247710239274,500.270759859449,-2.8290937331366908,359.2390662608077,389.78148181482595,5.364198190448493,456.1003695262392,187.09862493829834,-2.099772391427973,503.48611781511534,59.578905994323264,-1.0733510580851726,5.587509453912479,-208.1845667442553,-5.390014268521891,-0.3842629846074356,-200.3798513380529,-0.3801148707661529,-0.10062242013799881,-200.10296949565026,-0.10296949565028873,-1.3055233715422556,-201.3011117249877,-1.3011117249877175,-1.1983981458246495,-201.35227292429866,-1.1939864992701117,-147.74720032443523,-96.50009057656811,-5.638977958418225,-148.14053463396374,-446.8934248860967,-6.032312267946738,-148.93655992369557,-897.6894501758285,-6.82833755767855,-0.7897246719078724,-200.7853130253533,-0.7853130253533346,148.90898893311922,-106.67809712649935,4.741043015331263,148.100356323256,-457.4867297363626,3.932410405468027,148.72137004964182,-906.8657160099768,4.553424131853875,-1.2626296811096658,-201.2582180345551,-1.2582180345551275
210,2.1,-1.5179643282119515,698.4994840723857,-1.5005159276143456,-1.528706884437588,548.4887415161602,-1.511258483839982,-1.297193249254176,298.72025515134345,-1.2797448486565701,-1.3640670768036078,398.65370133352036,-1.346618676206002,-1.385111321245202,198.63233707935245,-1.367662920647596,-1.2705392356851453,98.73714816608542,-1.262851833914643,-0.047600749206299614,1002.1130454886688,0.9647194446700269,-198.82991733688007,500.6242347985551,-2.6076731021578903,-343.721596540039,387.99100603634577,-6.17719330576743,-459.12535137980365,187.69732052344807,-1.9784856790018144,-505.12455038007727,44.15615311766826,2.9944651844444863,4.871109608121707,-193.42316011985213,-4.811345288958984,-1.6554466677656077,-201.63799826716797,-1.6379982671680016,-1.8842418458850756,-201.8668276302607,-1.8667934452874695,-1.3171921263032942,-201.30258927456563,-1.306986330177006,-0.4500868327718147,-200.4305155537063,-0.3469783588904559,200.00095336148485,500.46020446684884,-2.771703433864235,358.83546643085424,389.9202473896403,5.048480336557693,455.87054529527165,187.5481446990064,-2.2885223530140055,503.6899643075343,59.54055977092664,-0.8938021787203735,5.760034003103618,-207.68815580812003,-4.992607462118157,-0.28414974750660815,-200.26670134690897,-0.26669504765644814,-0.21596397254063399,-200.2252468362662,-0.225246836266229,-1.2304161873561077,-201.2129677867585,-1.2129677867585018,-1.2862031409512102,-201.49906012982075,-1.2687547403536041,-147.60495045215052,-95.96374810385718,-5.768370033148025,-147.84838216214797,-446.2069179439287,-6.011539873219457,-148.62347097976428,-896.982268631471,-6.786890560761806,-0.8534013943600773,-200.83595299376245,-0.8359529937624715,149.1374873607826,-106.82500746326087,5.27626655402745,147.9610395920445,-458.001455231999,4.099818785289341,148.55282043166355,-907.4096743923799,4.691599624908398,-1.1355181302810844,-201.1180697296835,-1.1180697296834783
211,2.11,-1.4367075221961252,698.6167373782639,-1.382962664688708,-1.3618320498073904,548.6916128506527,-1.3080871922999728,-1.152618186459858,298.9008267140001,-1.0988733289524406,-0.9606539427798328,399.0928400327611,-0.9069090852724154,-1.3826855268579767,198.670759373602,-1.3289406693505594,-1.246892130238548,98.77648677717195,-1.2232132657806452,-0.11469131132078492,1002.013050504584,0.8564311722747262,-199.31948704068498,500.5710354336588,-2.7894091154467153,-343.9893505016756,388.4613706946672,-5.81474222092111,-459.4951024264447,187.91451170539636,-1.7608587360422763,-504.89439308556035,44.751782529592404,3.2830966914986344,5.678209471429634,-193.43392687876968,-4.063738941038083,-1.5903154872346084,-201.53687058677463,-1.536570629727191,-1.8879158502136602,-201.83447094975367,-1.8341709927062428,-1.3156895215481472,-201.271009528631,-1.2812575596558804,-0.6184585719018995,-200.56459565188658,-0.44007904319105573,199.757495511324,500.6504114361643,-2.710033112941158,358.6415876773726,390.34172825059306,4.981352432388743,455.68602659786313,188.11119904189496,-2.380468754996377,503.952674639639,59.584048903465984,-0.6015581987159502,6.1141097628350805,-206.92271998023276,-4.317970056795227,-0.32280220408355553,-200.26935730362356,-0.2690162702896398,-0.34024616089552384,-200.3691393511967,-0.3688393941493118,-0.9727635264509884,-200.919318625991,-0.9190186689435709,-1.209271648049278,-201.41679694339697,-1.1555267905418605,-147.38332007044318,-95.32303667393867,-5.774176094946327,-147.58359012258046,-445.5215991196554,-5.9727385406629585,-148.26563346672083,-896.2053500702165,-6.656489491224001,-0.7430929282285571,-200.68964802776856,-0.6893480707211399,149.25729148486704,-107.05847554344706,5.705902542179171,148.04398383098913,-458.271783197325,4.492594888301276,148.32307694295423,-907.99269008536,4.771688000266387,-0.9990187822717066,-200.94557388181175,-0.9452739247642894
212,2.12,-1.2799887239417116,698.8469825212603,-1.1510615130893862,-1.0802735279129294,549.0466977172892,-0.9513463170606037,-1.0017635844516535,299.12520766075045,-0.872836373599328,-0.5007210420214425,399.6262502031806,-0.37179383116911685,-1.1272202923868329,198.99975095281522,-0.9982930815345072,-0.9099604609473448,99.14488621633961,-0.8531578180100863,-0.2949854850178321,1001.7617142826565,0.5956556815607731,-199.70397365176677,500.6590694143571,-2.825192115845357,-344.0930654928706,389.1774558083498,-5.209140482642211,-459.4742241488535,188.54448949712886,-1.1474352057212687,-504.52425768972824,45.490598722243305,3.684654186452947,6.458659217852983,-193.41294382891408,-3.2396386397461794,-1.3955683759447948,-201.26859713074276,-1.2666411650924692,-1.6885330236442078,-201.56156177844218,-1.5596058127918824,-1.1143218605361085,-201.00837653549252,-1.026126805917354,-0.7544812349058538,-200.62744588432878,-0.4843244391808728,199.55026947075402,500.9104554535572,-2.5738060766452406,358.7284025502451,391.129951191992,5.248994108413417,455.51782526666386,188.77121498889343,-2.389426215550248,504.44492994774726,59.89817752343714,-0.008780080197778262,6.537167884966918,-205.9862214513795,-3.5331712823771615,-0.4170132043159198,-200.29004195911386,-0.287877390868264,-0.36025930319014754,-200.43080686966758,-0.42885090401729764,-0.5311618873627241,-200.4041906421607,-0.40223467651039857,-1.0088670732595528,-201.11220121752467,-0.8799398624072272,-147.05575805342664,-94.53677387149168,-5.613329080322147,-147.3097900819385,-444.7821339590488,-5.858689167879217,-147.78721484248183,-895.2682306605469,-6.344785869377328,-0.4524885822378091,-200.32551733703576,-0.3235613713854838,149.20709480213955,-107.42528891514385,5.983383495877818,148.3253144551208,-458.3070692621626,5.101603148859074,148.09613806588976,-908.5361290905316,4.872426759628054,-0.8530186963431803,-200.72604745114117,-0.7240914854908546
213,2.13,-1.0787345051691328,699.1522000221141,-0.837866764691264,-0.7433353351684353,549.4875991921149,-0.502467594690566,-0.8845198739143347,299.346414653369,-0.6436521334364657,-0.02923027450070831,400.20170425278263,0.21163746597716088,-0.6291989479543396,199.60173557932893,-0.38833120747647043,-0.29680365364812333,99.79938444119625,-0.19068234560912445,-0.6139690515816534,1001.3406391154534,0.1590337760922506,-199.85737598278155,501.0067557339796,-2.591494938008509,-344.06267292693394,390.1000377394721,-4.394031738786599,-459.00050840784195,189.64097888394312,-0.07990257071424645,-503.92086334235785,46.42806151427437,4.290865646661706,7.2053316402716305,-193.3701018713391,-2.346969056440723,-1.1262167653690867,-200.89528223808583,-0.8853490248912177,-1.2481405048727374,-201.01720597758947,-1.0072727643948687,-0.7265038048812736,-200.53485086793535,-0.5535900590444675,-0.6912449051105887,-200.46031037782734,-0.3257424934292932,199.47920215482716,501.3300190979726,-2.2682315740155663,359.0630846722892,392.2433225808651,5.81596026417538,455.35764068969496,189.51051186325674,-2.3263819849708005,505.1959910853064,60.508458595684004,0.9129160068128185,6.942544905046246,-204.97286470911223,-2.7629591776712292,-0.39351506834059036,-200.16258054105734,-0.15182228859358982,-0.12255758623698215,-200.2606367803907,-0.2507035671961101,0.03760285859626199,-199.7314626141205,0.278470599074131,-0.7971223622531451,-200.72447425999846,-0.5562546217752761,-146.59074409135962,-93.58049491672216,-5.255611594783336,-146.94976089022356,-443.90521352377334,-5.580330201834446,-147.09928394669922,-894.089034772062,-5.764151450122911,-0.01939664063997515,-199.78846211335673,0.22147109983789365,149.14203530860402,-107.77743020010351,6.26089715667993,148.71386472216886,-458.20560078653875,5.832726570244759,148.02024602802896,-908.8984594083804,5.139107876104853,-0.6486784228621048,-200.41774389557884,-0.4078106823842356
214,2.14,-0.8720142534767417,699.4391596206872,-0.521553759022957,-0.4035307759574115,549.9076430982067,-0.05307028150362683,-0.7824652296733241,299.5287086444907,-0.43200473521953947,0.4422135972256618,400.7533874713896,0.7926740916794465,0.02738125521753959,200.33855512938146,0.3778417496713243,0.41264868625727347,100.52776765807218,0.5670542783620703,-1.0428848060362266,1000.832738438685,-0.38557237179281234,-199.74141724870344,501.59772340845836,-2.0894937423382824,-343.98587631996634,391.08492148433237,-3.4983030205068584,-458.2078792818476,191.01460608016924,1.2670811377543754,-503.03800532960383,47.54208530361675,5.110475193128868,7.913162558180888,-193.36062637219533,-1.4290750464697493,-0.8778911653773406,-200.56671729121342,-0.5274306709235559,-0.6172606062733803,-200.30608673210952,-0.26680011181959573,-0.19723102515758512,-199.94321152768708,0.0635850020203507,-0.35025907478607116,-200.03908520062217,0.08586149295146628,199.5596622424835,501.8643386957792,-1.8228784550174133,359.4629824706326,393.44320219065077,6.459932729997893,455.18468525288654,190.25172947019786,-2.251891815349804,506.04290832269396,61.2008861589338,1.9624248627414347,7.27582874674697,-203.9921602487847,-2.0673924574555187,-0.16345742148024123,-199.85228354731638,0.18954437283134115,0.37081630677928945,-199.85492161562394,0.18436500466593087,0.6108735919298246,-199.07795253390628,0.9613340863836093,-0.6668822308962662,-200.4404329747083,-0.3164217364424816,-146.0144082225299,-92.5344788283779,-4.765502630853376,-146.53181896424275,-442.94624370178155,-5.177267504256948,-146.25444598952996,-892.7745165953779,-5.005540397853426,0.44622420295708154,-199.242601922879,0.7966846974108659,149.18736566415794,-108.04381021943645,6.623835203994552,149.02600622507438,-458.20516965852005,6.462475764911,148.21110307657207,-909.016212841394,5.647572616408684,-0.33687670774128936,-200.02570283357738,0.013583786712495383
215,2.15,-0.6593194653964517,699.6167929920009,-0.26219569824511074,-0.07794653016735156,550.1981659272301,0.3191772369839896,-0.6131174902009987,299.66299496719637,-0.21599372304965753,0.9026232703205637,401.178735727718,1.299747037471905,0.659136746892538,200.93524920428985,1.0562605140438792,1.038843894370599,101.09279704245502,1.2138083522090168,-1.5006666823715529,1000.4106506991618,-0.8965158231938034,-199.44432109498268,502.25168807901946,-1.4683410937305923,-343.94831848031123,391.952433192777,-2.6710994115730777,-457.36455728998214,192.30438994501742,2.563231222609967,-501.92598041490214,48.70881121463546,6.034955550865537,8.52074319497976,-193.53386026059712,-0.6076402254661263,-0.6706764786691297,-200.39456402127178,-0.2735527115177886,0.03511073627017208,-199.6887768063325,0.432234503421513,0.34554415583464293,-199.44310778030416,0.6492311251461609,0.18506364177001566,-199.53882390083265,0.6280379421142595,199.7065356540283,502.33001468876876,-1.3900144839814248,359.7047652322303,394.41270687485456,6.896371365003546,454.9708901894622,190.87269407627295,-2.2553682290878507,506.7900931048923,61.6911291892113,2.884209997165037,7.515900251496724,-203.1582316370152,-1.4605332159080993,0.20332795968878845,-199.5205595829139,0.6065479882835626,0.9249859586251175,-199.40730235569094,0.7137089540630698,1.0360096815454534,-198.6878778610572,1.4331334486967948,-0.5962299858204563,-200.35543600378907,-0.19910621866911524,-145.4331316044565,-91.59669873964134,-4.309278513236243,-146.20019916096612,-442.1103350327542,-4.822914806349094,-145.4272406064499,-891.5908077416348,-4.3033875152296455,0.8485666151269551,-198.87532092747568,1.2456903822782959,149.29605535087182,-108.36301227701014,6.963900541296077,149.10253096091174,-458.55653666697026,6.7703761513359915,148.66907523921915,-908.974725928455,6.336920429643397,0.09836647305534973,-199.62552106954732,0.4954902402066907
216,2.16,-0.40982228248917535,699.6503471707051,-0.059361788035390606,0.2585249722459028,550.3186944254403,0.6089854666996876,-0.3075512519503283,299.75261820124393,0.042909242503456346,1.3116690302700156,401.37183848346433,1.6621295247238002,1.1100415804950043,201.17011346303656,1.4604045042961493,1.5048662032180014,101.36898075406326,1.6592717953227982,-1.9136909867989953,1000.2135761631885,-1.2697765000774321,-199.1324893111596,502.73616768334693,-0.9252020033064204,-343.9924295803827,392.59199218466296,-1.988643341227624,-456.7051955621489,193.20902092653668,3.5421656063932874,-500.72073169548145,49.76070439779837,6.900772698885982,8.904716591965744,-194.07547971061683,-0.03663937624595709,-0.3918031258202178,-200.33163367262597,-0.041342631366433125,0.5224433354577844,-199.41738721134797,0.872903829911569,0.74876963736606,-199.24821528613307,1.0223695190513575,0.7058658745370056,-199.23396467226874,1.0754397148609198,199.84133345780825,502.58335741338794,-1.0780122732654258,359.6910705300001,394.98677609211666,6.996824747683828,454.7230424250278,191.3119757310341,-2.3612794923381037,507.36946344994516,61.848061924449,3.580095824051407,7.671091839486907,-202.5302413094331,-0.9220979885123747,0.5942266208836926,-199.34560392592206,0.9560764311346207,1.3279653400016787,-199.14877700337124,1.14151403788832,1.231217930100982,-198.70861261670478,1.5816784245547666,-0.4607500840798426,-200.41204686105647,-0.11028958962605799,-144.96398330647685,-90.94984815736038,-4.033791722572394,-146.05394826399134,-441.56634118154693,-4.650284746758909,-144.75527616692239,-890.741141017806,-3.8250845830178823,1.1765078879625364,-198.7633226588432,1.526968382416321,149.36849160496482,-108.90017784412649,7.150471047617206,148.95232526485685,-459.3163441842345,6.734304707509267,149.29316862344174,-908.9286879043273,7.0749369794606904,0.6154801330050668,-199.3243504138007,0.9659406274588512
217,2.17,-0.10269807087017074,699.5958225028278,0.1381575671397689,0.64980991063026,550.3483304843284,0.8906655486401992,0.10621914508076458,299.80473971877876,0.34707478309070394,1.6082054043227227,401.3067259780207,1.8490610423326623,1.418095655454266,201.1159799885749,1.6583150528868882,1.826981711996939,101.39075585325605,1.933090917568008,-2.273638211715594,1000.2146545734691,-1.5274203825166799,-198.94942329924373,502.9422288782024,-0.573670797319312,-344.1229696401666,393.0313375243551,-1.4285640051449415,-456.29086283120347,193.7016412684675,4.172023698991403,-499.5724464485569,50.6058249163614,7.591356704796787,8.996669479514644,-195.01586217499064,0.24514592479840638,0.10849710023037784,-200.19298232607164,0.3493527382403172,0.7898052071682083,-199.5116742191338,1.0306608451781478,0.9627831799692224,-199.37797783667014,1.1538092395695276,1.0476165938242192,-199.25386283247778,1.2946774267303696,199.97894286571938,502.6895689780711,-0.8263306974506509,359.50475199657467,395.2811868579343,6.873778495355919,454.5207506870249,191.6816237880883,-2.460581970240068,507.85165093358114,61.779707459695565,4.151061496864375,7.758142853950783,-202.05892029650065,-0.4059913483567378,0.9970446603188768,-199.30443476598316,1.2544716550320363,1.5330563221112534,-199.13743682562776,1.404898238684196,1.2779834515552073,-199.02349597474682,1.5188390895651467,-0.15055780282379116,-200.45493634612762,0.09029783518614831,-144.64645976539867,-90.59832117994895,-3.947615158691237,-145.98985620893765,-441.25282002543315,-4.60211400417538,-144.23708623760572,-890.188947652156,-3.538241630898283,1.446363446046396,-198.85511598025562,1.6872190840563355,149.42485672186876,-109.5998674339505,7.233576456763515,148.7687826567103,-460.255941499109,6.57750239160502,149.9508098082554,-908.9624860744109,7.758153085394667,1.1402655225514837,-199.16121390375054,1.381121160561423
218,2.18,0.2523020395516442,699.5920574699793,0.38115033239969126,1.1132070880887714,550.4529625185166,1.2420553809368187,0.5054870778622139,299.8452425082899,0.6343353707102608,1.7742873072177354,401.11404273764555,1.9031356000657822,1.7796705646035282,201.11619489877114,1.9052877611915,2.048367173282098,101.31599803579476,2.105090898215078,-2.6211048076395094,1000.22469601581,-1.7705833873185433,-198.9414806106356,502.97108929014377,-0.40045426358676084,-344.3339551254827,393.42226768112056,-0.9272597526421459,-456.0140925337145,194.03745544742713,4.619793280225741,-498.55434728575403,51.32359975057648,8.09765074074902,8.898931271728852,-196.10164668283966,0.3992979446368953,0.8483684500566185,-199.81187611951566,0.9772167429046654,0.9430428652954894,-199.7172017042768,1.0718911581435364,1.0615523642272418,-199.61971812550348,1.1649776813054649,1.2254928260980724,-199.43475174347418,1.3559100379155669,200.1760501746533,502.8776392739783,-0.4939042797522962,359.29624264759457,395.59258156351393,6.737394134895224,454.4662157730442,192.22960374943523,-2.39157325395422,508.350002494299,61.74987632460501,4.770607490212191,7.784681414960948,-201.59180243170107,0.13331901704873106,1.4660107924177872,-199.1942337771545,1.6136368924793056,1.6534866528506744,-199.20427672840106,1.5848161340192457,1.3545599680283482,-199.30568460154393,1.4834082608763954,0.34088718226122544,-200.31992825729645,0.46973547510927244,-144.4481885435657,-90.36126004529247,-3.9573757403230982,-145.77640006108768,-440.9088483152573,-4.504964010287811,-143.79381644660145,-889.7068879483284,-3.302821021412689,1.6136581309444709,-199.0465864386278,1.7425064237925179,149.58528584017378,-110.19324430499799,7.393430196289275,148.78127947760981,-460.99725066756196,6.589423833725284,150.5258109713708,-909.0489624205712,8.326965098217125,1.634895429925109,-199.02534913964718,1.7637437227731558
219,2.19,0.6067286284233313,699.7659133508578,0.6600727072354438,1.5730569288072718,550.7322416512418,1.6264010076193844,0.7583596634924915,299.91754438592693,0.8117037423046041,1.8468161034143342,401.0060008258488,1.9001601822264467,2.292470533092666,201.43887602191938,2.3330353782970397,2.164725197938642,101.29384392732359,2.18800328370124,-2.9530530826263317,1000.0714238335567,-2.035133658013108,-199.08462108703296,503.0196102756089,-0.3449738261137069,-344.634073686352,393.92854221075993,-0.4573151621098873,-455.7410593823781,194.52486246451795,5.057349581870669,-497.6570232729299,52.093758487354776,8.471957485987664,8.80284353135566,-196.96416993620696,0.6542486459151906,1.6335276356622024,-199.20728764190335,1.6868717144743148,1.1151447729809059,-199.72567050458466,1.1684888517930183,1.1226857660525236,-199.7268944190559,1.16583742236844,1.3581174102578195,-199.48269786730773,1.4117704275324656,200.39796697642106,503.29986947201223,-0.06471462971048525,359.11467170730407,396.14289958233076,6.674842022896662,454.53803732467316,193.10692073902277,-2.137868172499629,508.89308253555316,61.96395869756165,5.5054660737699805,7.7281135122655735,-200.9836752571717,0.6878503026533649,1.9600964269854104,-198.88071885058014,2.0300118625007424,1.7878869642053954,-199.13526640412138,1.7588929522563026,1.524001092070079,-199.31681418549545,1.5773451708821917,0.9196985210798121,-199.92120430223343,0.9730425998919243,-144.34947141180749,-90.04379203260112,-4.004086796030222,-145.32700724670832,-440.3324302694471,-4.29272503287621,-143.40728397519644,-889.1016045959902,-3.060708514740887,1.5929212098821797,-199.24789406768338,1.646265288694292,149.8860350842737,-110.4685981272984,7.704811619269975,149.05045547366893,-461.30417773790316,6.869232008665201,150.9278110759965,-909.1478339784531,8.718940717922521,2.094685636971276,-198.7461296405943,2.148029715783388
220,2.2,0.8688462491569174,700.0956166768455,0.8847095392656803,1.8432873274616859,551.0700577551502,1.8591506175704486,0.8061948984133392,300.0329653261018,0.8220581885221016,1.8148823110321866,401.04165273872076,1.8307456011409498,2.785970640187863,201.9733782572015,2.7624711196218104,2.0984980419799237,101.31550747084128,2.104600333261583,-3.162819964392212,999.7915356760295,-2.2159284757183806,-199.37469974661298,503.15624041952424,-0.4071042228362779,-345.05853073126923,394.58197490810534,-0.05531843050732055,-455.45018278398265,195.25478379264325,5.507102659024168,-496.88617962788845,52.97667458447518,8.714400102514759,8.771067975673091,-197.469236865511,1.0718443063333372,2.1487118410310777,-198.6245177312805,2.16457513113984,1.3146154245431259,-199.45861414776846,1.330478714651889,1.1318774129588158,-199.6441977082127,1.1445342219038153,1.486667471616404,-199.28656210069516,1.5025781389728456,200.47813559293883,503.8470962300818,0.2837515877211605,358.8455013587597,396.8849522387603,6.572190195635528,454.5088821883157,194.15322783112464,-1.9264771550301503,509.34713003248464,62.359298295153565,6.222305938178516,7.514876887694172,-200.25459651544804,1.160425583771774,2.2856597478776473,-198.48756982443393,2.312912353783554,1.8712777166126073,-198.92868312002216,1.8604097423981691,1.6210144389711165,-199.15221513334043,1.6368777290798797,1.4223676939181258,-199.35086187839343,1.4382309840268885,-144.3794716026837,-89.60528737972268,-4.115088611082756,-144.83924330160377,-439.59158714531486,-4.101388376674887,-143.18385792747375,-888.4096737045129,-2.9134273275883946,1.3525937446014795,-199.4206358277101,1.3684570347102423,150.17156301008328,-110.51133249372106,8.013397041134652,149.38391941868073,-461.29897608512357,7.225753449732114,151.09770218148748,-909.3228887153901,8.854377786683667,2.447520549994228,-198.32570902231737,2.463383840102991
221,2.21,0.9273891685143667,700.3845832667218,0.9268745497502855,1.755469121211074,551.2126632194186,1.754998283730481,0.6674373951036056,300.1246314933111,0.6669665576230122,1.563440298704048,401.0206343969116,1.5629694612234548,2.9615604151273507,202.32432803930593,2.866663103617838,1.7853326090872703,101.24005874029663,1.7823938046085817,-3.107859545150972,999.612892660431,-2.153545070443292,-199.8475892006366,503.25046445925386,-0.6488047404816837,-345.6587340480378,395.2428272860343,0.20739239882763283,-455.244254543475,196.03860463822866,5.848859961771277,-496.31498136847847,53.81376508797716,8.73952711547807,8.660295557099246,-197.8443479548792,1.4890557667312583,2.1487135652391456,-198.39409233655343,2.148242727758552,1.4115984028093354,-199.13120749898326,1.4111275653287423,1.0176600991444913,-199.52586527007168,1.0163987224557265,1.5268449051415167,-199.01596099665107,1.5263740676609237,200.2417528569336,504.23459632139327,0.3353271216576322,358.3121198372754,397.55409262981493,6.234989909692281,454.0688159570392,194.9702358928063,-2.08548101243892,509.4916762798976,62.630868793183396,6.682341015562236,7.0556333734563355,-199.60955142785417,1.4109550402351858,2.221891405201724,-198.32091449659083,2.2275168291645633,1.7224420981485244,-198.82712252571088,1.7152125386011032,1.4091437554193313,-199.13366214637324,1.408672917938738,1.6573040598646887,-198.88550184192786,1.656833222384095,-144.5524203570972,-89.14549823372361,-4.3212678882771485,-144.6137889329097,-438.95343554613936,-4.129205200692885,-143.29197380246876,-887.8850516790952,-3.036902578893714,0.9561900649268964,-199.58661583686563,0.9557192274463029,150.21307372597147,-110.63535280856615,8.073292307736079,149.47708685695255,-461.3713396775852,7.337305438717123,151.02630345053433,-909.7197724776678,8.682237588441799,2.532006654837571,-198.010799246955,2.5315358173569775
222,2.22,0.7243140470669209,700.4231792401959,0.7131847916248368,1.3479430711860938,551.046808264315,1.3370993055744913,0.39940222292888916,300.09826741605775,0.3885584573172863,1.0081004930998911,400.70696568622884,0.9972567274882886,2.6716234567252655,202.19407677147507,2.484367812734555,1.302005716438337,101.00038493805124,1.290675979310791,-2.752366517166414,999.7228876050265,-1.7969924169412683,-200.47850023130047,503.1678274417145,-1.0680151566767309,-346.45461226506194,395.73650848613,0.2925413834893724,-455.2352613640693,196.61235994242418,5.955093567673794,-496.00190714096925,54.3972546946708,8.478505305738622,8.296811582278123,-198.41412642098112,1.7136491777359908,1.6062336683471434,-198.69490113852402,1.595389902735541,1.2680931482791318,-199.03304165859208,1.257249382667529,0.7493518239308027,-199.551924654476,0.7383554875723978,1.3795968349718095,-198.9215379718994,1.3687530693602068,199.67583328905994,504.28174424633505,0.04592657898011537,357.4505831575799,397.93197449503145,5.583110121502261,453.0658245981473,195.25125374327297,-2.783415281016347,509.2278119971147,62.52854351319829,6.769692200565271,6.3389784807334015,-199.24578168415607,1.3770368566222384,1.696570047182655,-198.60456475968851,1.6882675814288501,1.2460656992124544,-199.05639997894315,1.2338910623164328,0.8553987807026667,-199.4457360261685,0.8445550150910641,1.5077490350168838,-198.79338577185428,1.496905269405281,-144.7953335861871,-88.74326751833442,-4.564686963871432,-144.78414126062177,-438.6264293244599,-4.447848769996835,-143.82140811576795,-887.7693420479154,-3.5170865420507686,0.5141429175052026,-199.78682917089498,0.5032991518935996,149.92912328135913,-111.0734510308792,7.787728458593138,149.18465797491527,-461.81791633732314,7.0432631521492866,150.7763617188564,-910.3971191972853,8.25331330968811,2.257940352116835,-198.04319445475437,2.2470965865052324
223,2.23,0.3372879440384927,700.1945280791307,0.3140895518946378,0.8744827507922769,550.7317228858844,0.8527341956384596,0.08876006172551526,299.94600019681764,0.06701150657169763,0.2681825000719052,400.1254226351642,0.24643394491808784,2.0330468652528335,201.63360923186684,1.7546205416207439,0.8419286088181006,100.69909421776454,0.820105527518568,-2.233211805257648,1000.0791903419888,-1.2766479648115416,-201.10000830928988,502.9874298085808,-1.4974787361511261,-347.3757663863603,396.03575303706253,0.26080822142170024,-455.4124059430808,196.89203201034815,5.8299209156703355,-495.8886997623377,54.69407710446863,7.9881270991211775,7.691506224444483,-199.26198522321226,1.7462191352522052,0.7322644187563485,-199.41049544615154,0.7105158636025308,0.8783479357580648,-199.26441192914982,0.8565993806042475,0.39023984410954354,-199.75254174683198,0.368469562922076,1.040514508418663,-199.10224535648925,1.0187659532648456,198.97946374885254,504.09173344707585,-0.39301252687770105,356.39719709885975,398.05746241299533,4.7453251542017725,451.6507335948714,195.0494367070744,-3.8773440807851913,508.70172761646666,62.10395293523412,6.621938423699102,5.482370988888796,-199.14120416682314,1.1676187862319805,0.8638574581600861,-199.27890240674776,0.8429339422753996,0.5616158480913338,-199.58134811253825,0.5396631972158195,0.20382558356068325,-199.93893428134717,0.1820770284068658,1.0374204044334587,-199.1053394604744,1.015671849279641,-144.96328556096137,-88.34848394190203,-4.7068570439264,-145.24957908110778,-438.6004792702357,-4.958852372260017,-144.66385027737027,-888.049048658311,-4.230684739634016,0.11639298906907919,-200.0253058181218,0.0946444339152615,149.46026056693015,-111.77934534662194,7.2907043690029845,148.663311089787,-462.5762948237652,6.493754891859778,150.47410705753305,-911.2079968166843,7.749248168032245,1.7654640080455704,-198.3772958568623,1.743715452891753
224,2.24,-0.03822428290433583,699.8906513015548,-0.07579629468665386,0.5695565904634478,550.4984321749226,0.5377187952124562,-0.15526682375564563,299.77360876070344,-0.18710461900663738,-0.3805987026015976,399.54827688185765,-0.41243649785258907,1.3102859552000132,200.9483075233714,0.9875941436612229,0.5291443824625384,100.45794041823713,0.4973065872115468,-1.7686877937566212,1000.4669492178841,-0.8121509358294041,-201.49839934398366,502.94664660333217,-1.6949283462025158,-348.26614956860686,396.2900047501711,0.26632491826442467,-455.6315863829586,197.01812354834794,5.618773556649595,-495.828850173497,54.85067623442471,7.421430375559873,7.034553998947515,-200.20138689507445,1.7740418649071967,-0.13403283746629294,-200.2051572530072,-0.16587063271728447,0.3740124417707331,-199.6971119737702,0.34217464651974155,0.0629941132273204,-200.0081303023136,0.031156317976328785,0.594229778043428,-199.47689463749754,0.5623919827924364,198.43842875101876,503.9523236128017,-0.6884257341970252,355.38555330048155,398.1577157587941,3.9554887392665856,450.2014856925515,194.73612810874425,-4.989428187969253,508.17037672757385,61.610203516029934,6.494941233592728,4.668384197941103,-199.0475121705468,1.0347690677135957,0.023162437048870763,-200.04796197849208,-0.008466755606790735,-0.0895706654974824,-200.1606950810384,-0.12140846074847397,-0.24878614685235403,-200.31991056239326,-0.2806239421033455,0.45362635315435285,-199.6174980623866,0.4217885579033611,-144.94652966494078,-87.85514968382044,-4.63671125806143,-145.80118327339312,-438.701131351318,-5.482692925558975,-145.54132517007642,-888.449945188956,-4.9010670953000615,-0.19333013864514195,-200.25906605847666,-0.22516793389613357,149.0279261568315,-112.5347278475702,6.805034034097747,148.21877252416311,-463.34388148023857,5.9958804014293445,150.23951285897033,-911.9053575234163,7.387380350296034,1.3427577098980992,-198.72836670564283,1.3109199146471076
225,2.25,-0.2414475693645599,699.7125422690032,-0.29518714817741576,0.4342829203122718,550.38827275868,0.39820597187455237,-0.249885160899405,299.7041046774682,-0.2859621093371245,-0.741789336457981,399.2122005019098,-0.7778662848957003,0.7312941018830577,200.42860617177251,0.4385393849670663,0.31794168053836275,100.27141279632306,0.2818647321006432,-1.5014552075980285,1000.7032828151174,-0.5511958594130304,-201.60569210990695,503.1867689773554,-1.554159809848617,-348.9799589020501,396.68209686007884,0.45669669838835114,-455.73976884870933,197.18384509202247,5.479870602431875,-495.7110411285311,55.02197884145606,6.900056375725263,6.510595408533549,-201.0080891730916,1.9821330917865283,-0.701908781634885,-200.74791894326725,-0.7379857300726043,-0.09398589288150078,-200.13999605451386,-0.1300628413192203,-0.13467568319037398,-200.18068584482273,-0.1707526316280935,0.14235885976089518,-199.9036513018715,0.10628191132317555,198.22002525978667,504.0748783733912,-0.662785092440866,354.55196189671926,398.40616985470496,3.353795582148643,449.0787166495144,194.7090069783586,-5.755496336201022,507.75733197379736,61.210300992558736,6.5145637123341835,4.024834823482176,-198.68693090976382,1.220063358232815,-0.5582536137755998,-200.60426377540796,-0.5942894859268211,-0.5321597055065936,-200.57816986713897,-0.5682366539443131,-0.4173975515177694,-200.4634077131501,-0.45347449995548894,-0.05911398819520745,-200.1051241498276,-0.09519093663292698,-144.77931329635226,-87.25763393689665,-4.383573004094001,-146.2592959194085,-438.73590895353226,-5.861848020729552,-146.1849507565973,-888.6632713971417,-5.307149815338434,-0.3964371104741681,-200.4211353581547,-0.43251405891188754,148.75964350913614,-113.17151189575003,6.463384520507861,148.03087636515028,-463.9002790397359,5.7346173765220145,150.10296498768912,-912.3682266485628,7.251403307487236,1.1662499216307505,-198.87976024000162,1.130172973193031
226,2.26,-0.26831487476977744,699.697891364329,-0.34252311765415666,0.3017031891877556,550.2679094282864,0.2698653939367641,-0.17030279550731253,299.7959034435913,-0.2021405907583041,-0.8306392134031104,399.13556702569576,-0.8624770086541018,0.39150715703764605,200.18130151775733,0.1832574834075468,0.12385312530450315,100.08742507376297,0.09201533005351159,-1.442497301903714,1000.7435823554981,-0.5073933171507757,-201.5436138240645,503.62951971649625,-1.184353343071607,-349.4802519945855,397.2793894577931,0.8683841429237114,-455.67547529150215,197.4843688986228,5.477636374062975,-495.5079806199057,55.27219614996994,6.459277416338783,6.185193349843322,-201.5839300720932,2.4336442870939727,-0.8559476789516274,-200.88974143985297,-0.8877854742026188,-0.43728938755093616,-200.47108314845224,-0.46902493897278186,-0.17105409232251217,-200.2048478532238,-0.2028918875735038,-0.22546394261172137,-200.25925770351307,-0.25730173786271304,198.27205655619724,504.44053454086077,-0.3632806207997975,353.87930052150716,398.8159819599658,2.9243855428963927,448.4280494166948,195.14413623856933,-6.028838032516606,507.4001682583503,60.87428685343336,6.6179797827220375,3.5634775295922543,-197.96198741950894,1.7889884397100162,-0.7521990024822474,-200.78599276338355,-0.7840304984806847,-0.7257216673473381,-200.75951542824865,-0.7575594625983296,-0.42327131996148165,-200.45706508086278,-0.45510911521247316,-0.4376476624566227,-200.47144142335793,-0.4694854577076143,-144.616600663136,-86.67765216305112,-4.09997200937408,-146.52364742911914,-438.58443705910815,-6.006756905431133,-146.4779873670378,-888.539038866953,-5.408643701019637,-0.4611407306892395,-200.42928917515331,-0.49297852594023106,148.66951709368965,-113.64159072119872,6.282680470421841,148.0780409183283,-464.2330668965602,5.69120429506045,150.0074882997997,-912.6814131358628,7.238998090129542,1.1635258920644491,-198.87026786883683,1.1316880968134573
227,2.27,-0.20336718990297387,699.7744510777134,-0.3044073827449924,0.07836651597469982,550.0561847835909,0.05648474063835121,0.0828408221547301,300.0606590897709,0.0609590468183816,-0.7593795375787479,399.2184387300375,-0.7812613129150965,0.27116485310582317,200.15455664669315,0.15485660374055493,-0.008060826494681955,99.959338619529,-0.029942601831030646,-1.545888654251725,1000.6214778158758,-0.632055393579755,-201.47267787833107,504.1029316376993,-0.7724436992538061,-349.8417431062389,398.01624910685234,1.4214781495454663,-455.43030074915976,197.94057447985196,5.618197948254336,-495.2071072183892,55.629345542214445,6.1142628327859105,6.041279222766093,-201.93513780664506,3.103322327902288,-0.6627942372918256,-200.68497596967563,-0.6846760126281741,-0.597763795372393,-200.61994552775622,-0.6189788571927112,-0.04302803170016933,-200.065209764084,-0.06490980703651789,-0.4095859379413296,-200.43176767032514,-0.4314677132776783,198.41702919133883,504.88167802697615,0.030430332821809146,353.32634113939974,399.35432677991423,2.6213856525839407,448.19418510889705,195.9953293737828,-5.869089349410819,507.02462472307974,60.538679022312635,6.724875427244087,3.2159752970353352,-196.99244640172412,2.6057682112111697,-0.5402910840918349,-200.5624728164756,-0.5621728594281836,-0.7126563089356309,-200.73483804131942,-0.7345380842719795,-0.3633417737313399,-200.38552350611513,-0.3852235490676884,-0.6651527009350289,-200.68733443331882,-0.6870344762713777,-144.57097028799433,-86.21589820303927,-3.901524723103045,-146.5513880188892,-438.1963159339342,-5.881942453997981,-146.4265682053162,-888.0714961203612,-5.243769016579354,-0.33302173821446857,-200.1977285428323,-0.35490351355081706,148.75651872656863,-113.93328629864129,6.259406640333424,148.28262772287042,-464.4071773023395,5.785515636635225,149.89277467843038,-913.0005547183385,7.191378148338096,1.1370739841433457,-198.88510774824044,1.115192208806997
228,2.28,-0.09033109783653395,699.8979564318386,-0.21721838602711238,-0.15009499586155267,549.8381925338134,-0.16180746618661815,0.5014304952206607,300.4897180248955,0.4897180248955953,-0.564620457371709,399.42377179896164,-0.5762282010384692,0.30122909907173934,200.2501538180719,0.2501538180718581,0.05212228434201627,100.0083175842019,0.04040981401695076,-1.774983926752702,1000.3741511813248,-0.88303195506227,-201.45882487639125,504.50536780279265,-0.42495052630849306,-350.1747519288211,398.7786087169606,1.9994738016815488,-454.9822649214979,198.5741922972569,5.918678667648803,-494.76230389467605,56.14199804580543,5.9109677273729115,6.01723693347536,-202.1257872514209,3.9182203342520707,-0.2956250595392899,-200.30733752986436,-0.3073375298643552,-0.526292993374651,-200.53800546369973,-0.5346196130875623,0.26047332394364686,-199.7512391463814,0.24876085361858158,-0.31953037672730555,-200.33124284705238,-0.33124284705237106,198.52169082552797,505.2647459278489,0.37950396986904555,352.92833981407676,400.05120435784664,2.4718623899419403,448.2450380004815,197.12679398361178,-5.415443733005139,506.6749307919583,60.24531312351215,6.870447689527596,2.9014321242608485,-195.981023623919,3.461809837790046,0.018190297470634054,-199.99352217285445,0.006477827145568549,-0.5847988664107174,-200.59651133673577,-0.5965113367357829,-0.18777354866864288,-200.1994860189937,-0.19948601899370821,-0.6700933797485182,-200.6818058500736,-0.6818058500735836,-144.59857857758527,-85.82950938693074,-3.750249640033714,-146.3324868888677,-437.56341769821313,-5.484157951316133,-146.08336694038024,-887.3142977497257,-4.8034102534415375,0.009395427666950285,-199.70811514546241,-0.0023170426581151093,149.03060747928438,-114.03673192752476,6.398374598351953,148.6017685909014,-464.46557081590777,5.96953570996896,149.74656593622404,-913.4058153355784,7.029174629436415,0.9687462266501221,-199.04296624367498,0.9570337563250565
229,2.29,0.05734807695940823,700.0521613179783,-0.07804457377228262,-0.2519686909450801,549.7428445500738,-0.25685117498021126,1.0200575564880423,301.0148707975068,1.0151750724529112,-0.21362920864420304,399.78186693597047,-0.2178287890834491,0.41339844604599435,200.39543245345706,0.39573672840312446,0.3166748691027738,100.23450285288988,0.3117923850676425,-2.073623619058659,1000.060561208232,-1.2006095223326532,-201.48497617890553,504.8316142222517,-0.1477621256315019,-350.5521983907554,399.4875528634302,2.5279869703162063,-454.3415330581098,199.3726492037335,6.366167333016941,-494.14700911466537,56.83670178031682,5.877670859211807,5.976725500675392,-202.29780143882186,4.731837234333166,0.05504587305913039,-199.9501408859221,0.050163389023999194,-0.2610362047216815,-200.26622296370294,-0.2525273898133951,0.7151549126072125,-199.29003184637403,0.7102724285720813,0.04268254507781345,-199.96250421390346,0.03782706105009456,198.55154151452803,505.5594640946483,0.6456734797486957,352.72664087974334,400.94020722983385,2.510707250329846,448.4158055992241,198.36778184299266,-4.837882056980427,506.4309958049853,60.06912229950885,7.127315523999018,2.5545625912403573,-195.0763551257674,4.206867869596342,0.7432267205015034,-199.26196003847974,0.7383442364663722,-0.47841959302218795,-200.48360635200345,-0.48330207705731926,0.16246350678445762,-199.84272325219678,0.1575810227493264,-0.38850566337160175,-200.39369242235287,-0.3933881474067331,-144.57648186666097,-85.39881845036038,-3.52719522387376,-145.9122850784366,-436.734621662136,-4.862998435649374,-145.57962811138026,-886.4019646950798,-4.110263677697357,0.47799603068289975,-199.0991294937142,0.4731135466477685,149.42816097922412,-114.01787209165772,6.632846142984901,148.96839271229908,-464.4776403585828,6.17307787605988,149.58173876824318,-913.891941195709,6.758777038933713,0.6857713238833963,-199.31941543509785,0.6808888398482649
230,2.3,0.18054422796656458,700.1769749955914,0.06378429961220858,-0.2199250338964243,549.7765057337283,-0.2215101443852672,1.4660496999190442,301.46248046754374,1.464464589430201,0.24296277417419318,400.2428616124208,0.2448457343072525,0.5424611565601881,200.5356608279249,0.5376449498112701,0.600607232727943,100.4532106047478,0.5990221222391,-2.3251248358983254,999.7983541177385,-1.4679103698161522,-201.52084666065588,505.1118512373065,0.09014562914145954,-350.9910683310764,400.121961226326,2.992687893421384,-453.6443400909949,200.19923927105987,6.825198768028493,-493.43097313567796,57.645291322967154,5.949583731007945,5.720435853694148,-202.65588917065708,5.336506947474169,0.2513217318789385,-199.75224750049637,0.2497366213900955,0.014661010595573343,-199.98890822177975,0.054324004741143905,1.1949485604376449,-198.80862067193766,1.193363449948802,0.5198823221169192,-199.48368691025843,0.5184732737926605,198.49351123612365,505.7628033118425,0.815416075551002,352.64429621252737,401.9404397495772,2.6598605818983954,448.4774015278408,199.4851307168492,-4.367324611289137,506.2666406557624,59.980491355177705,7.465190285407035,2.1118657727425414,-194.3531964636324,4.7661640883171845,1.3437091362095446,-198.65986009616574,1.3421240257207017,-0.5020433816723222,-200.50561261404764,-0.5036284921611653,0.5795211666980704,-199.4240480656772,0.5779360562092275,0.07315606542731848,-199.93041316694797,0.07157095493847554,-144.46750996467802,-84.88812772957102,-3.195903851332546,-145.42002507905698,-435.84064284395004,-4.148418965711514,-145.17159602698752,-885.5922137918806,-3.3716945520463906,0.8804615867005023,-198.6380507198879,0.8788764762116593,149.777838606573,-114.04850153580763,6.791803561063176,149.25151015810965,-464.574829984271,6.265475112599842,149.40524521003283,-914.428085161617,6.412219935253869,0.38377414180456604,-199.61979509057073,0.382189031315723
231,2.31,0.21130046517660533,700.2008234841212,0.13174126897563046,-0.16428881964534692,549.8252341992993,-0.1646895983406516,1.6158468526553882,301.6053698715999,1.6154460739600833,0.6104306664717303,400.61367017080636,0.6237463731665569,0.614230903307198,200.60311768167446,0.6131938840345759,0.6776194268467584,100.45787481999935,0.6772186481514535,-2.3991068009487817,999.721526689769,-1.5559715945815302,-201.5624087268709,505.3556307164563,0.3034285628424348,-351.48039664161934,400.68604731045855,3.4019881026064884,-453.113029295074,200.82859253643196,7.075964500379905,-492.7705695603628,58.410057047009246,5.976751186453937,5.111164425596451,-203.34770642007575,5.585995637172231,0.2500783219923287,-199.76039865906313,0.2496775432970238,0.07047167919889946,-199.94000530185656,0.169019959634059,1.5030385375646986,-198.50743844349077,1.5026377588693935,0.8470889431202593,-199.16338803793522,0.847582281873307,198.2956835083805,505.824600072017,0.8379836513867762,352.4795529982542,402.8476752716315,2.722205604767872,448.18881183692343,200.23114231389863,-4.245014418913148,506.0531765114797,59.844373880977045,7.75274069212469,1.510069600233606,-193.85498079614192,5.100580426874162,1.5695339851812695,-198.44094299587422,1.5691332064859647,-0.6322317771702354,-200.64270875822572,-0.6326325558655402,0.8358786833303091,-199.17459829772514,0.8354779046350043,0.430707433206385,-199.57976954784908,0.4303066545110801,-144.37589512030777,-84.40582575487223,-2.8597856850427483,-145.03127081678542,-435.06120145134986,-3.5151613815203677,-145.11505852147025,-885.1449891560347,-2.9135615377074826,1.0341781965936416,-198.54823754987768,1.0337774178983368,149.91649213430918,-114.29484421256201,6.714112286309637,149.33441845971126,-464.87691788715995,6.132038611711726,149.2258003219586,-914.9869124826681,6.022044016203607,0.14148397634613566,-199.86899300470935,0.1410831976508308
232,2.32,0.1553991874084939,700.1154681159942,0.1129498217708278,-0.15832773423413044,549.8017411943516,-0.15840665223840888,1.3697983755584728,301.32986730414416,1.3697194575541942,0.6988774366412684,400.7011961146336,0.7410482680436112,0.5713084553367975,200.53127981326986,0.5711319666798791,0.47332674081063164,100.19626438295322,0.47324782280635314,-2.2505797306646858,999.8890889095903,-1.4210521247424523,-201.65516875090393,505.51066440284796,0.45513211724547487,-352.00678859895424,401.1760959217489,3.752304527097476,-452.872082041743,201.12288935696245,6.996496368244234,-492.3125285334809,58.97223257270764,5.818496831927845,4.206694990103625,-204.33713102195355,5.52821257581922,0.09761174734666278,-199.94231932406765,0.09753282934238416,-0.18749886732573523,-200.22742993874004,-0.002716605617801654,1.5002279812336154,-198.5397030901807,1.5001490632293373,0.805116582971274,-199.23481448844302,0.8085739680745313,197.9076322567272,505.67441402039947,0.6639581059182391,352.03030477135377,403.44933474015386,2.502511296682843,447.4509094459889,200.48965527423007,-4.570477855777716,505.6821543052755,59.535320026947176,7.878595030943776,0.7333561638378452,-193.59160007345764,5.214855760262003,1.3824006635328798,-198.65753040788144,1.3823217455286012,-0.7242270593927909,-200.76415813080712,-0.7243059773970694,0.8039827507742527,-199.23594832064006,0.8039038327699741,0.4475376957517652,-199.59239337566254,0.44745877774748666,-144.45044524290915,-84.11531084998208,-2.6670719630103163,-144.8718152309515,-434.5366808380244,-3.0884419510526713,-145.4504139396103,-885.1152795466833,-2.9114507110455223,0.889038417594989,-198.8566907566236,0.8889594995907106,149.82689241371088,-114.78757925972587,6.384463921967576,149.2175625580653,-465.3969091153714,5.775134066322032,149.07452181827585,-915.5401609417943,5.631882239899101,8.999735451706986e-05,-200.0398410740598,1.10793502384951e-05
233,2.33,0.08011402525217313,699.957348648385,0.06243929240910716,-0.1269587737778186,549.7502758493551,-0.12697087624574815,0.9160354067874128,300.7932700299203,0.9160233043194832,0.5242098623132936,400.502796365474,0.6255496398732087,0.433577762642707,200.31081238577556,0.4335656601747775,0.095503695945098,99.76347069328605,0.09549159347716846,-1.9763697948698948,1000.235047839388,-1.1605835356761147,-201.87688466296675,505.4715624549637,0.47136450070734004,-352.5306925916001,401.59779175832637,4.057327152798365,-452.8078062839668,201.16575835555807,6.702498575123683,-492.0863531524343,59.27314462695938,5.450495176270346,3.2514234995609486,-205.41314269329735,5.40228004175111,-0.10688213013175624,-200.22964750699884,-0.10689423259968578,-0.6275960726209986,-200.7503614494881,-0.35863674571146703,1.212092484919752,-198.91067289194734,1.2120803824518225,0.38930432542970467,-199.7334610514374,0.4001848033764884,197.36920115006953,505.309627154533,0.33355684307552047,351.2510061658969,403.6692328307163,1.9581078481981136,446.42267914655736,200.3858711894952,-5.185767026169112,505.15202537942946,59.017760628347474,7.837563824776839,-0.11796586721154467,-193.4870202767492,5.215913103859232,0.9953710614509811,-199.12739431541613,0.9953589589830516,-0.6372298417673051,-200.75999521863443,-0.6372419442352347,0.5944724060926573,-199.52829297077443,0.5944603036247277,0.16442151864273863,-199.95834385822437,0.16440941617480898,-144.73894649118893,-84.09580125030806,-2.6656896789486515,-144.92904369538024,-434.2858984544994,-2.855786883139962,-145.95694710398413,-885.3138018631032,-3.221030653322854,0.5565975150178577,-199.40869293408326,0.5565854125499282,149.6393707860072,-115.42660972338922,5.934541455379361,149.05689973317777,-466.00908077621875,5.352070402549928,149.01468133396884,-916.0512991754276,5.309852003341005,-0.014830396113783229,-200.1375957729809,-0.01484249858171277
234,2.34,0.06791705384752378,699.7734472566378,0.062182837316197226,0.08887315564046672,549.7944033584308,0.08887315564046677,0.662861407852752,300.3683916106431,0.6628614078527522,0.3087764340728675,400.20365687700337,0.4981266742130439,0.30897632355125904,200.0145065263415,0.3089763235512593,-0.27418781421326704,99.28751499297222,-0.274187814213267,-1.7730515310780512,1000.5983184242189,-0.9713385152363141,-202.24467836728184,505.18652325014614,0.33606568912146867,-352.96139501987875,402.0033912265727,4.3932760723371596,-452.6326084336928,201.21015624372333,6.483306028552353,-491.98462116445734,59.38604640172544,4.98467119069087,2.510408273711764,-206.33782701649596,5.478623091290734,-0.2477693590718179,-200.54223915628148,-0.24776935907181785,-0.9738160248375349,-201.26828582204723,-0.6690314657192917,0.8250981106523358,-199.46937168655737,0.825098110652336,-0.15347856918906194,-200.44794836639875,-0.12734862714465628,196.8404814997058,504.84724668063757,0.006847017520121068,350.3214912162227,403.64514458129565,1.2645271887619867,445.48299202490807,200.26029540212446,-5.7134425893378324,504.543290599747,58.33334762534254,7.706062441662095,-0.8264201200989401,-193.3610953535136,5.319132069647376,0.7427174596756555,-199.55175233753405,0.7427174596756558,-0.3278308506404194,-200.62230064785012,-0.3278308506404193,0.4670608963074055,-199.82740890090227,0.4670608963074055,-0.12118202904662484,-200.4156518262563,-0.12118202904662495,-145.1267499550889,-84.26876354673061,-2.741609911912191,-145.04351061235744,-434.1855242039991,-2.6583705691806943,-146.33703169235244,-885.4790452839941,-3.497088617035403,0.2423007045925284,-199.98652377617992,0.2423007045925285,149.51403254721225,-116.0866937717397,5.525466472352061,149.10789735313733,-466.4928289658146,5.119331278277171,149.12290724400987,-916.4778190749422,5.134341169149684,0.12174114293146665,-200.17272865427822,0.12174114293146665
235,2.35,0.220811365212628,699.6705544068919,0.21936152822259042,0.5525736009113238,550.0023166425906,0.5525736009113239,0.9175912165107614,300.36733425819,0.9175912165107614,0.2590737714294619,399.98431978686864,0.5345767451893133,0.30686373067016903,199.75660677234936,0.30686373067016925,-0.48913982367660774,98.88361796077103,-0.4891398236766077,-1.8109709730323142,1000.8037670640085,-1.0237033647837057,-202.6435752196303,504.7752494074009,0.16423945320276043,-353.2049741222498,402.48871160083183,4.863060936265468,-452.10920294731835,201.49908613738802,6.577917797180113,-491.87274580893336,59.45127167105667,4.559656832606281,2.0871160154010964,-206.9882957947874,5.872378943914057,-0.2310097719405087,-200.78126673026128,-0.2310097719405087,-0.976585947346758,-201.52684290566748,-0.7076145179692965,0.58124868041068,-199.96900827791006,0.5812486804106802,-0.4853055725062525,-201.035562530827,-0.4364884139138534,196.51752392874053,504.4874514913122,-0.12029314151396883,349.5564900003605,403.68668493943176,0.7286932439258254,445.0207303111338,200.50380446411106,-5.766192931469552,503.93954585648913,57.56696927772627,7.563444355804577,-1.1773033568438696,-192.99930853357833,5.733930063439777,0.8471829293203479,-199.7030740290004,0.847182929320348,0.15705533518257708,-200.39320162313817,0.15705533518257703,0.6099923622276449,-199.94026459609313,0.6099923622276449,-0.10912295273184552,-200.65937991105258,-0.10912295273184558,-145.41739505255444,-84.4336011735709,-2.6992193080076112,-145.01931499816996,-434.0355211191864,-2.3011392536231474,-146.42961322358144,-885.445819344598,-3.468096708840196,0.14242337428224017,-200.38652167008664,0.14242337428224025,149.5380769734483,-116.67519297961664,5.245366012404259,149.5650960553527,-466.64817389771224,5.272385094308687,149.4292894713503,-916.7839804817147,5.136578510306257,0.41312501261998447,-200.13713194570073,0.41312501261998436
236,2.36,0.6179327120506733,699.8167312444693,0.6176472222201921,1.1217784511536983,550.3205769835724,1.1217784511536986,1.6183661312842414,300.81716466370295,1.6183661312842414,0.36864024594616623,399.8796245468962,0.6808260144774523,0.42676625161465154,199.62556478403332,0.42676625161465176,-0.4912972907383555,98.67540901186531,-0.49129729073835543,-2.1062764883180414,1000.7463200321162,-1.3338360503295887,-202.91128230223762,504.4887332345211,0.11800521204151915,-353.26755488297295,403.13374626225493,5.481310606071641,-451.2394956821437,202.12056925269096,6.986234168496186,-491.7327456206202,59.57631095507158,4.197119485927053,1.8739852982944436,-207.3776797598735,6.478683528837751,-0.038042462435625535,-200.83924393001695,-0.038042462435625535,-0.5580484646570933,-201.3592499322384,-0.37318728494488096,0.6332081271869375,-200.16799334039436,0.6332081271869376,-0.41193664456804757,-201.21313811214935,-0.340908097930052,196.48056888040577,504.402086079415,0.032183659471302584,349.1829445663896,404.10226628863774,0.5721405963038071,445.15281922109114,201.31954771378787,-5.228668623616602,503.37423120681626,56.837398014402794,7.438916492255604,-1.1413911630580502,-192.288909560284,6.483897237094078,1.246869107728615,-199.5543323598527,1.2468691077286154,0.7169572724349742,-200.08424419514637,0.7169572724349742,0.995646087919232,-199.80555537966205,0.995646087919232,0.2745514296023315,-200.52665003797898,0.2745514296023315,-145.49448692327985,-84.38566930371246,-2.42306748513673,-144.78135887646567,-433.6725412568983,-1.7099394383225452,-146.28559470529055,-885.1767770857232,-3.1127357422140465,0.3424377723434856,-200.4533751995284,0.34243777234348566,149.69461135211964,-117.1193993083163,5.078311037999591,150.37468748561045,-466.4393231748255,5.758569493415823,149.84958497524775,-916.9644256851882,5.233284661127719,0.7976461234577534,-200.00355534412355,0.7976461234577533
237,2.37,1.197794249342297,700.286956794035,1.1977504680588091,1.5384402501619672,550.6276027948547,1.5384402501619672,2.4134628675320866,301.50265386529964,2.413491320606875,0.4707526947383842,399.835418213191,0.7462556684982357,0.557778888288189,199.6469414329809,0.5577788882881891,-0.3060424968125933,98.77270122628764,-0.30604249681259327,-2.512520256730019,1000.4359595390805,-1.7552860868089333,-202.99696040689992,504.51390200415346,0.24785919924770572,-353.29413151815777,403.92725375620824,6.115574347875391,-450.2388933763243,202.9967319252828,7.494758333472641,-491.6697444873797,59.792702853965494,3.7952545952895673,1.661676367764965,-207.5915942793796,7.072833565135564,0.2532863707294736,-200.6575510845778,0.2532863707294736,0.13982472163223508,-200.77101273367506,0.23877378076269956,0.9614764900137404,-199.94936096529355,0.9614764900137405,0.0197935664352773,-200.89104388887202,0.10027945418170692,196.62766800576833,504.6280140593611,0.36213382523368864,349.1604315013584,404.9846653329678,0.7531920254760621,445.6255564061621,202.58768782366758,-4.356128225351149,502.83681601266915,56.26691718675557,7.317782008877396,-0.9327222592856683,-191.3128682161021,7.349463856236307,1.659643708957573,-199.2511937463497,1.659643708957573,1.2325243962233081,-199.678313059084,1.2325243962233083,1.4373429025150863,-199.4734945527922,1.4373429025150866,0.8712302089207631,-200.03960724638654,0.8712302089207631,-145.4021352051907,-84.03330927305083,-1.9582844043134051,-144.42156077177475,-433.0527348396349,-0.977709970897461,-146.08715481932828,-884.7183288871885,-2.610371426393703,0.7632646387989683,-200.14651175879135,0.7632646387989683,149.8863271674138,-117.37945835634716,4.928008026694322,151.22265487535128,-466.0431306484097,6.265524622929043,150.20810278442852,-917.0576827393324,5.249783643709044,1.1576796815027508,-199.75315777380456,1.1576796815027506
238,2.38,1.7384922222239751,700.9229848317052,1.738492222223975,1.6351443874105747,550.8195238197379,1.6351443874105749,2.9776206155081724,302.16224794908925,2.9778061528622866,0.45891072889379686,399.83275357851517,0.6482609690339733,0.6007791762213076,199.7852717857025,0.6007791762213077,-0.0027930425113813495,99.17906527632957,-0.0027930425113815716,-2.85136547000283,999.9873653492582,-2.1097138405832014,-202.9898233815183,504.82457878822424,0.46399616398458277,-353.4643765457173,404.75060864239924,6.58453134905602,-449.32947352655594,203.97028071798468,7.883430957447407,-491.7765140201101,60.07113561912201,3.264233129963171,1.3038564415767735,-207.73450414592008,7.484293529697913,0.523946014847087,-200.2915613756718,0.523946014847087,0.8387319713413683,-199.9767754191775,0.8799800759757821,1.4183586455955224,-199.39714874492333,1.4183586455955224,0.6141228153010064,-200.20138457521784,0.6851513619390021,196.7790105979221,505.0501193405463,0.6895616473429285,349.22046246489305,406.1278374928256,1.0041285872915298,446.03681498263245,203.96726327263718,-3.5522169831337633,502.31556313170313,55.90377642928034,7.184255720448538,-0.8297089373504348,-190.2910391418348,8.047100540079395,1.8379005611213508,-198.97760682939753,1.8379005611213508,1.6238663670438056,-199.19164102347509,1.6238663670438056,1.7598752849625066,-199.05563210555636,1.7598752849625061,1.4410802675002414,-199.37442712301862,1.4410802675002414,-145.26334607752392,-83.4365874131707,-1.428957096825672,-144.1035605739206,-432.27680190956744,-0.2691715932223658,-145.9850043051929,-884.1582456408398,-2.1422886612300824,1.215821856428064,-199.59952281561976,1.215821856428064,150.0092509992141,-117.49496930366078,4.6915587596766075,151.77456181646554,-465.72965848640933,6.462907249889776,150.3660014804,-917.138218822475,5.048309240862527,1.3999517669364938,-199.41555562358235,1.3999517669364936
239,2.39,2.013865802536183,701.4173496150062,2.013865802536183,1.445911876488251,550.8486576812097,1.4459118764882508,3.205314298067532,302.60940900292854,3.2062565344987766,0.3929813013333795,399.89781699383127,0.49433318136122417,0.5523643010386587,199.95584811350867,0.5523643010386587,0.3252631404474394,99.72822823033442,0.3252631404474394,-3.039748165200491,999.5649070545456,-2.314052363197904,-203.00228699839488,505.2251055977399,0.6520865711835687,-353.8305171132761,405.46777941651914,6.827567866993464,-448.57369709379185,204.8986291983232,8.091909438223755,-492.0343393345065,60.348423923382526,2.6253171351835487,0.8045925270785234,-207.89898792607556,7.699595200582779,0.6888388740895374,-199.9076773134405,0.6888388740895374,1.2843788404209593,-199.31213734710914,1.2977701393643768,1.8463165857530406,-198.750199601777,1.8463165857530401,1.1676101186614534,-199.42890606886863,1.2164272772538522,196.8395717935809,505.49228675617394,0.9192677296175705,349.08001697516204,407.1661144711972,1.0425361233737584,446.1456910275982,205.13368958421415,-3.0593133602300817,501.8200859779763,55.67263505364586,7.044059822658029,-0.9504618495988744,-189.42760194457057,8.454035563283131,1.748625014434418,-198.84789117309566,1.748625014434418,1.8834980392144924,-198.71301814831554,1.8834980392144924,1.8980599864424097,-198.69845620108765,1.89805998644241,1.7917449815286217,-198.80477120600148,1.7917449815286215,-145.16565568023125,-82.76508042574136,-0.9237596668913705,-143.95654077785295,-431.55596552336306,0.2853552354869398,-145.98249859843278,-883.5819763091708,-1.739015933108347,1.5281919637232728,-199.06832422380677,1.5281919637232728,150.0338152168448,-117.57607047713732,4.340527599499758,151.94373749632936,-465.6661481976528,6.274329338775843,150.32597330858562,-917.2839123853965,4.632685691240583,1.5060521750314164,-199.09046401249861,1.5060521750314162
240,2.4,1.9597470116652664,701.5540313414376,1.9597470116652662,1.1338095396723638,550.7243459568446,1.1338095396723638,3.1390436282677614,302.73537187153505,3.142770245644465,0.3819422625487545,400.0184763417277,0.4241920119553757,0.4591462621956707,200.05343059196798,0.4591462621956707,0.5633407766395607,100.15754555772729,0.5633407766395606,-3.0942361497940087,999.303869614024,-2.3848663168915074,-203.0639349438793,505.5286874826054,0.7772051249725953,-354.27225812155314,406.04482886979275,6.9574580555896155,-447.89675710759366,205.70595827756102,8.197210915162188,-492.3363597857681,60.57858426500321,1.9875040554737817,0.273729557794173,-208.13126612646994,7.82240264219312,0.7258630250240962,-199.67985264520368,0.7258630250240962,1.3562823981078393,-199.04943327211998,1.3596682487199936,2.1534272271618713,-198.2522884430659,2.1534272271618713,1.5442354276006554,-198.86148024262712,1.5703653696450608,196.84532010122535,505.83853908240513,1.087056724772319,348.6138402456737,407.8203441550136,0.7430245490937344,445.9548519852772,205.93553068073373,-2.8761748753816954,501.3521095047886,55.41977908289543,6.8952227120097715,-1.2406271880018083,-188.8244466699886,8.620456286706396,1.5220913045752964,-198.88362436565245,1.5220913045752964,2.025904038660685,-198.3798116315671,2.025904038660685,1.8735586706564331,-198.53215699957133,1.873558670656433,1.8312840372081363,-198.57443163301963,1.8312840372081363,-145.1470849350293,-82.20941239864668,-0.48190450402848756,-144.03487444008212,-431.09720190369956,0.6303059909187204,-145.96474418715889,-883.027417027446,-1.2996576893844718,1.635345429013916,-198.77037024121387,1.635345429013916,150.00689918764107,-117.72698487637746,3.9229790908352435,151.91263633814913,-465.8212477258694,5.90227015573621,150.21780961337268,-917.516074450646,4.13388951656686,1.4999685983820639,-198.90574707184572,1.4999685983820636
241,2.41,1.6921343771635065,701.3615464502174,1.6921343771635062,0.8550187508102196,550.50960754198,0.8550187508102196,2.8168264248038564,302.49106206453666,2.828305214437049,0.4316234129434458,400.1147519713874,0.4452379233683151,0.3604118434464598,200.0298239165003,0.36041184344645977,0.6187144921746635,100.28812656522845,0.6187144921746632,-3.0588644811153527,999.2477012297405,-2.366187454544177,-203.11948063808657,505.69245211570757,0.8839736725260228,-354.6156396001045,406.56598086897884,7.143535740838086,-447.22890332773875,206.3758014494511,8.27137890379009,-492.55795429067257,60.797370844422275,1.4771302844481853,-0.1944261481091703,-208.42331389587576,7.946490406429103,0.674304839942924,-199.65628308700335,0.6743048399429241,1.0772233199582144,-199.25336460698804,1.0778900334742447,2.287928454553405,-198.0426594723928,2.287928454553405,1.6963541878738377,-198.6342337390724,1.7072467682885506,196.87177151134867,506.07677008072886,1.26829163754736,347.8683956013117,408.0470591215985,0.1514747368616924,445.57523654075095,206.39412235212234,-2.8932327157473567,500.8742116660092,55.01681956905523,6.696857103245213,-1.6242198119523386,-188.4970570363875,8.618710831060405,1.2740533227212438,-199.05653460422496,1.2740533227212436,2.022557078189212,-198.30803084875703,2.022557078189212,1.738016092776152,-198.5925718341701,1.738016092776152,1.5826451495478164,-198.7479427773984,1.5826451495478162,-145.23240720440336,-81.88260344139817,-0.1294061534876395,-144.31049346472417,-430.96068970171905,0.7925075861915784,-145.83432518463093,-882.48627538908,-0.7330781011693187,1.5775309970383096,-198.75305692990793,1.5775309970383096,149.97532301538547,-117.98761216933123,3.4869679113274277,151.9099743097914,-466.05296087492536,5.598065873745041,150.2053237091268,-917.7576114755901,3.716968605068721,1.4160249741509707,-198.91456295279528,1.4160249741509705
242,2.42,1.3961478318339329,701.0538980433079,1.3961478318339329,0.6974036708784919,550.3094949597371,0.6974036708784916,2.2473635192381094,301.9121503856907,2.274899704093821,0.4438111146767266,400.1050293967726,0.4466142249953513,0.30293075532426206,199.96068096679818,0.30293075532426195,0.482900176309027,100.14065038778287,0.482900176309027,-2.954303023949593,999.3468502674591,-2.2786821778281077,-203.10172334480254,505.80062365602885,1.0277395157334968,-354.7807257607824,407.1379338728707,7.463006687626473,-446.6001176553729,206.90835803413506,8.28679889789406,-492.6243136258421,61.10670726272819,1.1702916063596,-0.6074641432005492,-208.7530534562049,8.06356195580057,0.6155104931480471,-199.72673929537814,0.615510493148047,0.5799893202588353,-199.76226046826739,0.580091564087981,2.1849391236713163,-198.15731066485486,2.1849391236713167,1.6516183679621292,-198.69063142056405,1.6551546710696652,196.92506193404444,506.24185057960796,1.4689664393126496,346.97776127975806,408.0066844455531,-0.5987540635984228,445.093341616545,206.6228612383848,-3.0252994901492025,500.33276389631203,54.43566812389103,6.39213563734118,-2.084378171399709,-188.4032397903212,8.462583850160499,1.0057578296797556,-199.3364919588464,1.0057578296797554,1.8148442271091516,-198.52740556141703,1.8148442271091514,1.5291791654459534,-198.81307062308022,1.5291791654459534,1.1593091316237119,-199.18294065690247,1.1593091316237119,-145.44254802323007,-81.77747141589718,0.1115229079165233,-144.6903406122991,-431.0252640049663,0.8637303188474738,-145.62705114434948,-881.9689116128673,-0.07991728905343892,1.4365032601243626,-198.90574652840183,1.4365032601243626,149.9446260246905,-118.3227571654594,3.039313401300981,151.9947662437387,-466.27261694641123,5.419099394564428,150.37952973070804,-917.8878534594419,3.474217107318533,1.3040136130972293,-199.03823617542895,1.3040136130972293
243,2.43,1.1925456718324166,700.8398080570294,1.1925456718324163,0.6872748660441294,550.2250071898302,0.687274866044129,1.494178370641495,301.1437093061183,1.5456227366812851,0.3347464039492748,399.98269169274215,0.3320523604820249,0.3295438480571943,199.97680623325414,0.32954384805719433,0.21120788356468806,99.85847026876161,0.21120788356468795,-2.771966866852784,999.5219396270327,-2.113761954146945,-203.01198030170656,505.9428521639129,1.210189589094925,-354.8352279343982,407.7789597703119,7.846269599609645,-446.109060031961,207.29411315308346,8.147100854749313,-492.57656492287344,61.55128957030011,1.0267153277417105,-1.0459548528860831,-209.114249265358,8.090644463274993,0.6080497761624147,-199.7446878386407,0.6080497761624146,0.05719447014228218,-200.29554314466083,0.05719447014228202,1.7987670786824443,-198.5539705361207,1.7987670786824443,1.4517183830705949,-198.9010192317325,1.4526125005189472,196.93558199985995,506.3520036046608,1.6193410298428021,346.0843096257659,407.92709701575285,-1.365984859660713,444.54341713298265,206.7421207596617,-3.2393695019467956,499.7028966130507,53.73625610769436,5.953289646027333,-2.620316459114071,-188.45733505610474,8.150370706371866,0.664723642896997,-199.68801397190606,0.6647236428969968,1.389366950398271,-198.96337066440486,1.3893669503982706,1.233594507743493,-199.11914310705959,1.2335945077434929,0.7116354735157722,-199.64110214128732,0.7116354735157722,-145.80272491218,-81.83217054231216,0.21433651780115598,-145.0915157481257,-431.1208448021553,0.925545732208144,-145.50758547078505,-881.5582822227318,0.4881083116317687,1.2565969159330708,-199.09614069887004,1.2565969159330708,149.9168382321979,-118.64164570154338,2.5833669264523986,152.06139652297333,-466.497087410768,5.207556988576167,150.6817317717147,-917.8767521620266,3.3482604659692226,1.1945847176791968,-199.15815289712393,1.1945847176791966
244,2.44,1.0746735625261545,700.7702918055236,1.0746735625261545,0.7918601986938307,550.282849347243,0.7918601986938304,0.706940723982914,300.3855375589017,0.7817918349012851,0.14206011191164336,399.8377830815674,0.12880875384600748,0.4113960258077229,200.10701426880513,0.4113960258077227,-0.14590570578441553,99.54971253721297,-0.1459057057844157,-2.5043672588803796,999.7227902681933,-1.8639342540490356,-202.94160828451896,506.1198871576051,1.3743984604765491,-354.9408420280471,408.38319801238197,8.130042684846696,-445.8084517962784,207.53885635476183,7.801549855706385,-492.56880603048364,62.03219352702605,0.8927264130492258,-1.5519181843575964,-209.49329895277756,7.982435848997891,0.6134515756790139,-199.6909301813236,0.6134515756790138,-0.3211470008460148,-200.62552875784866,-0.3211470008460149,1.2111219904628845,-199.09325976653975,1.2111219904628845,1.1005008164293795,-199.2038809405732,1.1006768785939636,196.85921298487096,506.42066600414114,1.6751773070126434,345.3011851151554,407.97675981786983,-2.037718768938782,443.9501319123859,206.8325479865545,-3.5119481804631962,499.00668288434474,52.99538088943487,5.399823894316089,-3.1869588966549705,-188.55920217481878,7.725264915409944,0.27830078354194726,-200.02608097346067,0.27830078354194704,0.8353222946738073,-199.4690594623288,0.8353222946738068,0.8050871420865691,-199.49929461491607,0.805087142086569,0.3890946901204325,-199.9152870668822,0.38909469012043235,-146.35123932696078,-82.02853245023533,0.13936705230415491,-145.51657873341384,-431.1931116850095,0.9740279741918417,-145.64027967528648,-881.3680710695044,0.7990685896971145,1.017551446219637,-199.28683031078305,1.017551446219637,149.93171799694844,-118.84606410560295,2.1602452796800913,152.0194262340484,-466.75835586850303,4.791447516525169,150.9392523555313,-917.8385297470202,3.1677796382629495,1.0286534454176681,-199.27572831158497,1.028653445417668
245,2.45,0.9615217822940022,700.7533828548007,0.9615217822940022,0.923100221104845,550.4172277180085,0.9231002211048448,0.04404613300887772,299.7870508996832,0.12886355355636359,0.034418420653785864,399.82627949316054,-0.00672121654847424,0.4569116921596447,200.24882140249701,0.45691169215964467,-0.5230946741030194,99.26876639840373,-0.5230946741030196,-2.1978337900032456,999.914031399929,-1.575524732391473,-203.00311544708717,506.26377138576817,1.4633544609085125,-355.2220350817412,408.81354220816934,8.188504274169027,-445.6166111821191,207.7123100784272,7.332004366583195,-492.7378639780535,62.39880347281962,0.6314933393996888,-2.0616326182992677,-209.83915578967145,7.79935172557854,0.5112581563314073,-199.69688077116183,0.5112581563314071,-0.4776863400987364,-200.685825267592,-0.47768634009873634,0.6638900832841433,-199.5442488442091,0.6638900832841433,0.6148953700327174,-199.5932435574605,0.6149223700401301,196.75251481444394,506.493344223559,1.6929272986994959,344.7012838624989,408.2153916112695,-2.541637418178955,443.3789930330866,206.94715550733991,-3.778628382661932,498.31360749045064,52.26887782227628,4.79901422177245,-3.676256000559433,-188.61384930276046,7.294058823051474,0.010756416624641219,-200.1973825108686,0.010756416624641274,0.3247339181607435,-199.88340500933248,0.3247339181607434,0.25297234110029065,-199.95516658639298,0.2529723411002907,0.3137976318082112,-199.89434129568502,0.31379763180821096,-147.0771492393726,-82.36929377930512,-0.10384330847359886,-146.01153551674088,-431.29981958634767,0.9617720816100439,-146.033243665653,-881.4172911134729,0.844300554484953,0.7029151172551759,-199.50522381023808,0.702915117255176,150.0635916963147,-118.87185461394262,1.8456659827402204,151.9304091501443,-467.00503716011303,4.1921152079182065,151.04541180967195,-917.8900345005854,2.827486096097506,0.6962562417213405,-199.5118826857719,0.6962562417213404
246,2.46,0.8267889492868344,700.7155430762687,0.8267889492868344,1.001808504075435,550.5531862904365,1.0018085040754348,-0.3935567962563677,299.41857626538075,-0.3187056853379964,0.20505716163358884,400.0938112886155,0.1063683023463172,0.4269426160943094,200.31601390157192,0.42694261609430934,-0.7521231766626341,99.13663095031919,-0.7521231766626343,-1.9794811290293228,1000.0157874157563,-1.3756439670728593,-203.2156415414742,506.3408921799585,1.490664703552635,-355.6204311287829,409.0796055650907,8.07886033400423,-445.34974970733936,207.94523876670576,6.91767631074888,-493.06013412417076,62.62434265996967,0.2661970024437045,-2.4434900934866812,-210.06586139284187,7.670120436368668,0.23425370472637475,-199.87699216829174,0.2342537047263747,-0.416395303392179,-200.52764117641036,-0.4163953033921789,0.4262413612846683,-199.6850045117335,0.42624136128466833,0.13123495090969292,-199.98001092210842,0.1312349509096929,196.73579012228583,506.6430248097389,1.7927973333331426,344.33638227103097,408.645449105064,-2.826471374746035,442.943111557995,207.15043780488165,-3.927320656589176,497.739830714061,51.623263537663426,4.265197131448021,-3.939612081362027,-188.5214995767796,7.004728109237854,0.07960371410018818,-200.03164215891798,0.07960371410018818,0.031529962278846434,-200.0797159107393,0.031529962278846385,-0.2932562639905618,-200.4045021370087,-0.2932562639905618,0.5362096227884849,-199.5750362502297,0.5362096227884849,-147.8071885121426,-82.73506850346047,-0.34345850592526117,-146.5258060232946,-431.4384175582876,0.9379305778230851,-146.49285938605126,-881.5448058141791,0.8315423219316923,0.40203105071614065,-199.70921482230202,0.4020310507161404,150.4063387497345,-118.67158680484344,1.7349278247038935,151.98001308610023,-467.0979124684777,3.638247935284877,151.12600311025093,-917.951922444327,2.4545921852203474,0.22746332082972576,-199.88378255218845,0.2274633208297257
247,2.47,0.7626894509943349,700.7163152716871,0.7626894509943349,1.0256810633430689,550.6815733084326,1.0256810633430684,-0.5447144535481772,299.3266820068044,-0.4932963253294044,0.7004533644813948,400.65407918517417,0.5160783020743518,0.37630452010780674,200.33154100454317,0.37630452010780663,-0.6097347247046543,99.34389109598806,-0.6097347247046545,-1.9854749308624529,999.9245667909536,-1.4004533671661734,-203.46599618240108,506.4046329493699,1.542361382067622,-355.9014233477411,409.38189772441905,8.034675970070136,-444.8710448295525,208.32843733636798,6.683271498836433,-493.3898076301499,62.81851737888856,-0.058185083831262224,-2.5982466756835185,-210.0969095277772,7.6916198902811574,-0.12876582078182974,-200.1751400000891,-0.12876582078182963,-0.169557733768206,-200.21593191307548,-0.16955773376820588,0.5917695724794739,-199.4546046068278,0.5917695724794738,-0.12193153842427659,-200.16817831351776,-0.12180413421049172,196.89471466671523,506.9226501181963,2.0603785508940686,344.2501329590731,409.27597479497024,-2.849001609352231,442.7459571793004,207.51197484322108,-3.855494939802588,497.392156527691,51.130580080277326,3.9037607302766286,-3.8826503892631186,-188.2215002122712,6.951673594227522,0.5728883692651416,-199.47348581004212,0.5728883692651416,0.042324845203297684,-200.00404933410397,0.042324845203297705,-0.6473106335530205,-200.69368481286025,-0.6473106335530208,0.9848815089054701,-199.06149267040178,0.9848815089054701,-148.2328043736374,-82.86281111730959,-0.27238247685169004,-146.8813979266683,-431.4643745139117,1.0790442838405725,-146.76187600900474,-881.5027397148622,1.040679082890323,0.2913126910365474,-199.7550614882707,0.2913126910365472,151.0253435596867,-118.21176329670159,1.8948582217852414,152.32687738253827,-466.9102294738501,3.372838712648506,151.46427796626048,-917.7728288901279,2.333792628359017,-0.11939609339136746,-200.16577027269867,-0.1193960933913675
248,2.48,0.8688020007795599,700.8537465090458,0.8688020007795599,1.0299974960697518,550.8103129098877,1.0299974960697518,-0.3826757201005363,299.53793245402437,-0.35531062732979224,1.3246012716964384,401.3095457799626,1.0563371388244955,0.3390865696458696,200.33040137658898,0.3390865696458696,-0.04036471611545689,99.94457979215066,-0.04036471611545711,-2.2152364765432324,999.6424826629758,-1.6493698138964248,-203.61929881861388,506.5133737095317,1.6783275247347977,-355.89137154955097,409.89111369611567,8.228503457265607,-444.224205369424,208.80131172839674,6.5709924279507606,-493.6614710091521,63.04152161136656,-0.27746319275347076,-2.5580806168129566,-209.9429762133774,7.829881936125972,-0.416754295456745,-200.43180978719056,-0.41675429545674514,0.19411264317702925,-199.82094284855683,0.19411264317702925,0.9998891299526365,-199.01516636178124,0.9998891299526362,-0.03371219412819337,-200.04793690602872,-0.03288141429493485,197.19485395383094,507.2962097887224,2.4611636039255402,344.40725106228626,410.06836425201743,-2.644870903013958,442.79666894363396,208.0383207319956,-3.554866541736839,497.2610814541864,50.778046578503236,3.7042130575109877,-3.5971127672179444,-187.8076407675761,7.043823415895037,1.2971689204661394,-198.7178865712677,1.2971689204661396,0.3032166485945689,-199.71183884313928,0.3032166485945689,-0.7159703542393703,-200.73102584597322,-0.71597035423937,1.4550233798243872,-198.56003211190944,1.455023379824387,-148.1592996367973,-82.57381404188422,0.3026052637219002,-146.9611061540916,-431.2628010788501,1.5008474765162316,-146.756245829659,-881.1972756475523,1.5663729078141055,0.44660086507844055,-199.5684546266554,0.4466008650784403,151.83933803547606,-117.57440531880339,2.2456510795745954,152.9319090660252,-466.4818342882543,3.4117760245166573,152.19609776968358,-917.2176455845959,2.6024108137820963,-0.09046423456253527,-200.1055197262964,-0.09046423456253572
249,2.49,1.0842332671703867,701.0804266427257,1.0842332671703867,0.9984325014303523,550.8850958155748,0.9984101155570839,0.02438954994348791,299.98288589937204,0.03499946227526923,1.743178879852868,401.7393722554082,1.4391957926757124,0.24951144915618906,200.265326726029,0.24951144915618906,0.7020125266310367,100.69820590218637,0.7020125266310363,-2.4769947539003994,999.3478258596532,-1.9306177422914168,-203.66655287096705,506.6205003594089,1.8384313912267434,-355.69770201809587,410.5112749798507,8.551017498544937,-443.6057173213587,209.18446415831306,6.389245551344535,-493.99692986588934,63.18112036530803,-0.5150406897937296,-2.5013442697493384,-209.74219650193163,7.905358501997729,-0.5608229784900154,-200.56462960293464,-0.5608229784900155,0.5312898472635118,-199.47251677718117,0.5312898472635118,1.360146577169603,-198.64366004727503,1.360146577169603,0.22427348377995782,-199.77531409254374,0.22849253190088392,197.45934802210658,507.6003004711846,2.8182315030024805,344.61301859385867,410.839751051059,-2.409077527071007,442.97931837725736,208.62614430651848,-3.142130102152605,497.20100800536966,50.43217261020534,3.5204114940080364,-3.3555721559639613,-187.5389884435569,7.009917205597427,1.8292197729800446,-198.17458685146462,1.8292197729800446,0.6408285188428364,-199.36297810560183,0.6408285188428365,-0.57628013654594,-200.58008676099058,-0.57628013654594,1.6872336881932606,-198.31657293625136,1.6872336881932608,-147.73778321654976,-82.00461666582011,1.2289112468419265,-146.9025193525786,-430.95857826380563,2.064266150604249,-146.6719450270643,-880.8237673165045,2.1990770979055525,0.6926413129060025,-199.31116531153862,0.6926413129060023,152.57594848821793,-117.01763382766224,2.51640896181714,153.51620233358165,-466.0775506895589,3.4805422669723516,153.08590380166538,-916.507678514215,3.026364275264547,0.2547775204390411,-199.74902910400561,0.2547775204390408
250,2.5,1.1939154761072939,701.193165907311,1.1939154761072939,0.8597888346375036,550.813380343226,0.8596428604070703,0.48348501191582843,300.4659625306192,0.4837751529026448,1.718342011871216,401.717592443075,1.4500778789992732,0.038133606570782075,200.08445453206565,0.03813360657078205,1.2048768097753284,101.20412724097903,1.2048768097753282,-2.5257099226743205,999.2737614421414,-1.9991526073669663,-203.73402718888144,506.59617880468306,1.8809206206313855,-355.62296473625645,410.94780594718475,8.69480855188941,-443.2027347760081,209.3457217690626,5.9953046322591845,-494.56682893840025,63.07444428429543,-0.943512554921125,-2.6278195728978715,-209.6874243156625,7.717679471636243,-0.6162950532924435,-200.61704462208874,-0.6162950532924433,0.6781892133927307,-199.3225603554036,0.6781892133927309,1.4529198154181309,-198.54782975337815,1.4529198154181309,0.29912346980944526,-199.68493943997086,0.31581012882540227,197.4578223810476,507.6164167832833,2.901158599231668,344.6071353737639,411.3402428196307,-2.4021226946655174,443.10633942196375,209.09904101631497,-2.805527125085149,497.0584396946272,49.95035500239292,3.198770065306431,-3.387952421327486,-187.63302991440133,6.621977806588781,1.8018285071322477,-198.19892106166407,1.8018285071322477,0.8628622548404055,-199.1378873139559,0.8628622548404056,-0.4162393883084524,-200.41698895710473,-0.4162393883084524,1.513163101362625,-198.4875864674337,1.513163101362625,-147.3911626792297,-81.53279248663853,2.0821475433484653,-147.02366341199877,-430.8586180761346,2.4497792726938616,-146.82206040917762,-880.7082735159355,2.600123832892945,0.7316603983877129,-199.26908917040856,0.7316603983877128,152.95175100098248,-116.81223706451343,2.4251936856751026,153.7395295373148,-466.0255716793483,3.219009894969166,153.65799476806725,-916.1059932974288,3.131437452759892,0.5745874817432335,-199.42616208705306,0.5745874817432333
251,2.51,1.0175507831632524,701.0174358330654,1.0175507831632524,0.5632244486979754,550.5482862167161,0.5624831303872058,0.7563779556313376,300.7505500190104,0.7467350995855433,1.252225546236369,401.25211059613855,1.0678504838293257,-0.24748573371043764,199.8403385768654,-0.24748573371043764,1.199063437573686,101.19894848747575,1.1990634375736857,-2.2622677573758607,999.5136377183628,-1.7558553281096252,-203.95600756053489,506.35147536861064,1.7110461211234407,-355.8721464614088,410.99453704039877,8.444119605092247,-443.05633288496983,209.3158050978813,5.4155065770421,-495.388511911269,62.70566320607669,-1.5825008247753687,-2.992480298177292,-209.89918241950505,7.211898969725304,-0.6614348503881614,-200.66154980048609,-0.6614348503881613,0.5731957755044909,-199.42691917459348,0.5731957755044907,1.229584625524279,-198.77053032457366,1.229584625524279,-0.04953848735759514,-199.99825490920242,0.0018600408955055658,197.07632966813787,507.23638951546013,2.5959602679729317,344.287451091303,411.47215440464765,-2.72627722754694,443.01859797531523,209.3031003619475,-2.704774303127294,496.79040310042467,49.29481477504224,2.696689963836019,-3.660570383323619,-188.0492230959881,5.916255712133964,1.1863585945442,-198.81375635555375,1.1863585945442003,0.86342854151696,-199.13668640858097,0.8634285415169601,-0.4212612825927216,-200.42137623269065,-0.4212612825927218,0.9478697019064453,-199.0522452481915,0.9478697019064453,-147.48531476587615,-81.46618581587637,2.4949601908257013,-147.5352209016768,-431.16858348748315,2.4452041542651397,-147.36647668696997,-881.0212069706934,2.5925806710549635,0.4358773946003537,-199.56423755549758,0.4358773946003536,152.9083980287172,-117.01005033695395,1.91514811424274,153.4740764912647,-466.45002492248506,2.4820154650874913,153.58527804564136,-916.3331703200299,2.59202813116693,0.5795999975788816,-199.42051495251906,0.5795999975788814
252,2.52,0.5434330038193664,700.5434330038192,0.5434330038193664,0.12049971088891398,550.116751798289,0.11756774009371455,0.6761181361883832,300.6746209696608,0.6509113567149727,0.5144815094116402,400.5144815094116,0.41579265012436817,-0.4899443197550559,199.63800654953315,-0.4899443197550559,0.6958695904882581,100.69586959048823,0.6957855671334007,-1.7807422112578006,999.9714816509003,-1.294794852633797,-204.37327379370947,505.90188704505977,1.342350323212688,-356.3942604995465,410.69673326973293,7.833957151697835,-443.06380493339657,209.23305371803508,4.787919729378201,-496.31711076442696,62.2171775104947,-2.2897169754535556,-3.491832058569573,-210.3817710103018,6.492158965179733,-0.730079922917405,-200.7300799229174,-0.7300799229174048,0.27529104693026346,-199.72484147358722,0.2752910469302634,0.7683867480587102,-199.23161325194133,0.7683867480587103,-0.7586765084499034,-200.63537784887734,-0.6353778488772708,196.41272524128203,506.56000323282217,2.0004665109751127,343.78338399114466,411.36567256419164,-3.2521619545826783,442.66699053261584,209.19074730767926,-2.889463141429268,496.4232635600208,48.493669553933984,2.0413797506776827,-3.940851958144661,-188.5514817712211,5.128494410835602,0.2881226079140703,-199.71187739208597,0.2881226079140705,0.6285963973874062,-199.37140360261265,0.6285963973874065,-0.6816970333749017,-200.68169703337492,-0.681697033374902,0.1541139144917202,-199.84588608550834,0.15411391449172013,-148.08619239818353,-81.8429799572254,2.3999074878233593,-148.3677611474838,-431.81787356325265,2.118471200637553,-148.22471317973537,-881.6817626713547,2.254582092535456,-0.07017772761442942,-200.07017772761446,-0.07017772761442936,152.61381791308395,-117.44051739546305,1.1556908477145638,152.90582708113385,-467.17075513109717,1.447882337689871,152.94235941292027,-917.1119758956268,1.4842323475508752,0.24824289102030822,-199.7517571089797,0.24824289102030805
253,2.53,-0.10226913406621974,699.8977308659338,-0.10226913406621974,-0.42057887551712686,549.5786831167343,-0.42960998136103556,0.20551794460469602,300.20521505363934,0.15810730441662224,-0.31372126133637096,399.68627873866365,-0.3548608985386313,-0.6502497548127548,199.49473757478972,-0.6502497548127549,-0.10272384492282066,99.89727615507715,-0.10327174602172912,-1.2453026788799462,1000.4827230373328,-0.7801354219941188,-204.92994016855263,505.3365451680065,0.8635023263059513,-356.9737284953507,410.27100653700484,7.070998013094231,-443.09117436081,209.20056218511513,4.217476458910727,-497.21447247706567,61.74310013629831,-2.929859343338313,-4.010666810247228,-211.07440771324372,5.674933403207709,-0.839957569223969,-200.839957569224,-0.8399575692239689,-0.14732303147546016,-200.14818717379933,-0.14732303147546022,0.18032011545870097,-199.81967988454136,0.18032011545870102,-1.5423941011986053,-201.3120418788953,-1.3120418788952226,195.70151280273282,505.82221041462714,1.349167572926547,343.2923279808177,411.2176350134122,-3.78234004909027,442.1370369534792,208.84770373713508,-3.27446586364908,495.9496341599456,47.54022200890448,1.2267648186874376,-4.069694329075054,-188.9781838484941,4.421544862937029,-0.5220374419553642,-200.52203744195543,-0.5220374419553641,0.16778484883657446,-199.8322151511635,0.16778484883657457,-1.1439105752492973,-201.14391057524932,-1.1439105752492975,-0.6702209290768735,-200.67022092907695,-0.6702209290768736,-149.00702460708246,-82.5033109165632,1.9822533220354353,-149.27744734935348,-432.562959120791,1.7119216195555358,-149.1964445633553,-882.483710302247,1.7911704380995963,-0.610518169134769,-200.61050498068136,-0.610518169134769,152.2641845524672,-117.90635510852101,0.34448106978655924,152.37266810121565,-467.8660137872451,0.45296461853500297,152.0971244740518,-918.0734151869365,0.17742099137114187,-0.2614773303431243,-200.26147733034315,-0.2614773303431245
254,2.54,-0.7226390607086964,699.2773609392913,-0.7226390607086967,-1.0009582948865912,548.9989285279596,-1.0226227915727455,-0.5430457383219156,299.4569034484239,-0.6120692117366527,-1.0750054473498258,398.9249945526502,-1.0883615320737667,-0.800135923972841,199.32781494531537,-0.8001359239728412,-0.9154368970607878,99.08456310293921,-0.9182193684319762,-0.7805642681284475,1000.9226359560914,-0.33648684351329716,-205.49381672389802,504.7939813401315,0.4128555851349431,-357.39863360178555,409.94701827711924,6.386724613580401,-443.0626156460045,209.23067589207093,3.7196061647107563,-498.0462463502167,61.31341883930244,-3.471669143968935,-4.502288969228762,-211.87499757840436,4.808795733185891,-1.0084983319522474,-201.0084983319523,-1.008498331952247,-0.6583169975164722,-200.66270547434482,-0.6583169975164722,-0.42135716824009817,-200.4213571682401,-0.4213571682400981,-2.0949352621674633,-201.75977475637785,-1.7597747563778179,195.16530599909856,505.245801272048,0.8646755170514079,342.92513778357295,411.13822663326596,-4.205831684603389,441.62943551540565,208.474751312494,-3.659379440816393,495.3526210805353,46.4184204499834,0.2377291246340842,-4.0675722633238305,-189.34708804339914,3.77923117050091,-1.032174515302406,-201.03217451530244,-1.032174515302406,-0.4714915277515343,-200.4714915277516,-0.4714915277515341,-1.6203689488979742,-201.62036894889798,-1.6203689488979742,-1.3672856808702756,-201.36728568087034,-1.3672856808702756,-149.9916571908342,-83.24461166366666,1.4966428913878975,-150.04615873134847,-433.1862937238525,1.4421900809622672,-150.07304056492714,-883.2135209341009,1.4149628707139592,-1.1105054910443455,-201.110419491525,-1.1105054910443455,151.9721234329011,-118.29414202303474,-0.4043802286399164,152.1318785177411,-468.29590630449434,-0.24462514379994083,151.43510963259823,-918.8311558233377,-0.9413940289428121,-0.7738416736226398,-200.77384167362266,-0.7738416736226399
255,2.55,-1.089113172916029,698.910886827084,-1.0891131729160293,-1.5108897281320524,548.489110271868,-1.5513643364857639,-1.2915269803062146,298.7084730196939,-1.3697408224314231,-1.5602196656898621,398.43978033431017,-1.563596612752997,-0.9818435728434753,199.1060956878303,-0.9818435728434756,-1.4174425296244095,98.5825574703756,-1.4284474173767885,-0.4927511519723587,1001.185000595628,-0.07006784390810736,-205.85987281913884,504.4667225330192,0.18286823660944532,-357.53020923321253,409.89111123053107,5.97327142655363,-442.9202898763109,209.3405375532627,3.3149023395070127,-498.7880940138854,60.94800306660611,-3.89410746700172,-4.89481482432795,-212.60150618664068,3.9681081790185755,-1.1816285975438015,-201.1816285975438,-1.1816285975438015,-1.1450870985488522,-201.16244386110162,-1.145087098548852,-0.8729184626565728,-200.87291846265657,-0.8729184626565727,-2.196618111887795,-201.81683150322317,-1.8168315032231632,194.93975464446652,504.9665047032572,0.6826504068474301,342.7366998761711,411.18172738456275,-4.467543271478572,441.42093076547667,208.3487730645553,-3.7676572336680794,494.7459074321413,45.24312044500906,-0.8098086858706807,-3.947082208386367,-189.66772564025672,3.193774026391294,-1.1761253209785276,-201.17612532097857,-1.1761253209785276,-1.0925769906646439,-201.09257699066467,-1.0925769906646436,-1.8604494274321488,-201.86044942743214,-1.8604494274321488,-1.802666494723607,-201.80266649472364,-1.802666494723607,-150.80267026604236,-83.86434591102,1.179009456207558,-150.5405324698549,-433.55517795840376,1.4411675661181724,-150.64590743468358,-883.6606058884602,1.3357396360617955,-1.5116136014610615,-201.51117685986458,-1.511613601461061,151.827361303991,-118.51349670266083,-0.9997053481105763,152.27100027307833,-468.3639216691022,-0.5560663790232625,151.2161412763988,-919.1247167302531,-1.6109253757027737,-1.1163288818499908,-201.11632888185,-1.1163288818499908
256,2.56,-1.037854281709352,698.9621358252347,-1.0378641747654243,-1.768214907276561,548.2317751996675,-1.8271150079973177,-1.6778580533361205,298.3221320536079,-1.74689141980693,-1.5446171635766586,398.4553729433673,-1.5452920169360085,-1.0918520176809505,198.9552085835541,-1.0918619107370229,-1.3419913303178803,98.65799877662607,-1.375898664049282,-0.5050355275495338,1001.1466592374435,-0.10403513674921075,-205.8139337843955,504.54028667993,0.3589837931060346,-357.3048136082592,410.1809326648621,5.947940192492583,-442.5437226576504,209.6493774899439,3.1236598879488664,-499.34134899467824,60.74113389405713,-4.1019903411611125,-5.0297723650419215,-213.02370104488546,3.31439581007227,-1.1964886692215742,-201.1964985622776,-1.1964985622776465,-1.381143200820834,-201.43461568633458,-1.3811530938769063,-0.9702356604305912,-200.97024555348668,-0.9702455534866633,-1.7495315170920103,-201.41438090435844,-1.414380904358437,195.0646849143733,505.0242334355483,0.8429305487243183,342.78954017306955,411.4102265839347,-4.504670206315371,441.7646693238235,208.72321257577227,-3.346262987798851,494.4051854111117,44.29162093851592,-1.6374848032553277,-3.554938411387184,-189.78331767709557,2.823748060971118,-0.9416057217987134,-200.9416156148548,-0.9416156148547857,-1.366116121944298,-201.36612601500042,-1.36612601500037,-1.6796064997035791,-201.67961639275967,-1.6796163927596515,-1.8373319500054994,-201.8373418430616,-1.837341843061572,-151.23640445850236,-84.16136081413664,1.2315488433599744,-150.6688710100923,-433.57855890940175,1.7990888866703871,-150.74772156510437,-883.6574094644138,1.7202383316583256,-1.670851391806285,-201.66913393834017,-1.6706739367190833,151.94219214180612,-118.45150948887024,-1.3277685365572158,152.7423789946302,-468.0554840489293,-0.5275816837331112,151.55875213869845,-918.834949491978,-1.7112085396648917,-1.0967355344779093,-201.096745427534,-1.0967454275339816
257,2.57,-0.591985941176161,699.4079495479947,-0.5920504520053567,-1.6358232501845142,548.3641122389864,-1.702619108729731,-1.4859260739829807,298.5140094151879,-1.533429678075039,-0.9970068685311937,399.00292862063964,-0.9971733543256515,-0.9789156854095806,199.0406417050787,-0.9789801962387763,-0.6794640908906898,99.32047139828015,-0.760844334684648,-0.8717423535821545,1000.7533265632951,-0.49267311581801543,-205.28208012975668,505.0533241614906,0.9797726843863939,-356.7620214491551,410.76339820567574,6.277865754516326,-441.81494923858736,210.29280206067529,3.2775778628763037,-499.64873211289074,60.74587990693047,-4.0416837321712284,-4.7937373162590236,-213.02279273770804,2.964674472070669,-0.9173662864512386,-200.91743079728042,-0.9174307972804341,-1.2136953680955094,-201.34200997112282,-1.2137598789247048,-0.6353137849079722,-200.63537829573715,-0.6353782957371676,-0.8564443087099717,-200.62615659723576,-0.6261565972357842,195.47958064822285,505.3585501509185,1.2849986738142543,343.08965416795826,411.8294389069274,-4.310882681488602,442.7220836295413,209.65994041437574,-2.3338024486316513,494.56741953052494,43.80290727164741,-2.005257874535936,-2.7135324727249355,-189.51237907768743,2.8524667059758695,-0.39779072216109324,-200.3978552329903,-0.39785523299028885,-1.0766111820466504,-201.07667569287588,-1.0766756928758459,-1.091908498424749,-201.09197300925393,-1.0919730092539446,-1.4014102983678303,-201.40147480919703,-1.4014748091970257,-151.19794817278586,-84.02770906320018,1.7477145289584102,-150.4137357447974,-433.239636164886,2.5319286243988133,-150.39241032802914,-883.2183107481177,2.5532540411670936,-1.4659248107889682,-201.46066871975648,-1.4647676582633444,152.36932776773298,-118.05490964593298,-1.3344750769915097,153.4000056679683,-467.4253554672196,-0.30379717675619233,152.39182618255418,-918.0324112311118,-1.3119766621703088,-0.6080633159360247,-200.6081278267652,-0.6081278267652201
258,2.58,0.037701254596745115,700.0373736415738,0.03737364157365386,-1.1887041560371192,548.8109682309398,-1.2479219767248946,-0.8276360971990866,299.17203628977785,-0.8533560270497031,-0.19651131295210955,399.8031610740249,-0.19683892597520047,-0.6564267215464978,199.34961596410744,-0.6567543345695889,0.2429662817966699,100.2426386687736,0.09072087938652296,-1.4659277929531538,1000.1321152010532,-1.1088683097951995,-204.42949976527484,505.82366536768575,1.8629798813878948,-356.0632055388758,411.44993180586084,6.755525839153986,-440.79335342634397,211.22688297795696,3.725927141847161,-499.8396390677755,60.829189171580325,-3.846458964915024,-4.266275991729301,-212.70479819057226,2.8433783254298106,-0.4216289083076935,-200.42195652133077,-0.42195652133078465,-0.7597421622296676,-200.99967249154224,-0.7600697752527585,-0.06343885715227938,-200.06376647017538,-0.06376647017537034,0.15572433473733788,-199.72130461871308,0.27869538128687965,196.03568545172834,505.82066544556494,1.8597901147950355,343.4998740836742,412.30196782583823,-4.023063792390695,444.06099435028614,210.9272497104838,-0.9625256629044784,495.18585576421447,43.73254712288782,-1.9565235777871424,-1.475065340780546,-188.90298732059645,3.2337021000464645,0.24134989531959367,-199.7589777177035,0.24102228229650247,-0.3468046140633392,-200.34713222708643,-0.34713222708643016,-0.32988179332158474,-200.3302094063447,-0.3302094063446758,-0.6163412165384337,-200.6166688295615,-0.6166688295615247,-150.77687574791787,-83.54165206415888,2.636372663315379,-149.923270395561,-432.6872865401231,3.4899783440130117,-149.84943104300103,-882.6134471875632,3.563817696572982,-0.9672469896476918,-200.95481114231578,-0.9613704842326466,153.009209942522,-117.4228599009286,-1.1181577633679085,154.03277206084266,-466.6470762777801,-0.09459564504723905,153.40623548441735,-917.0258343590333,-0.7211322214725522,0.21973677026713928,-199.78059084275594,0.21940915724404828
259,2.59,0.5916989412375513,700.590403206596,0.5904032065957978,-0.6924884345572422,549.3062158308011,-0.7342587775527069,-0.0574354256516981,299.94126883970654,-0.0693162527704902,0.45626036656744773,400.4549646319258,0.4549646319256947,-0.3403063572097687,199.66000857189118,-0.3416020918515221,0.9492802683892589,100.9479845337475,0.7269454544615631,-2.029895473751606,999.5412233098274,-1.694421797657839,-203.56139059843082,506.5618642284559,2.7190684941397127,-355.3960873874202,412.035214635075,7.137217048738661,-439.7405999040161,212.19743860082684,4.211766355590401,-500.139431955687,60.763300591300606,-3.7459515729449553,-3.6515667396547418,-212.29698231780924,2.7505044935434904,0.035776639441332636,-199.9655190952004,0.03448090479957938,-0.32107748187846663,-200.6709931116406,-0.3223732165202195,0.4041421083784322,-199.5971536262633,0.4028463737366789,0.906366280988676,-199.04353092539992,0.9564690746000233,196.55991661671294,506.23714772690636,2.3931140511265774,343.8051363628478,412.6123689009395,-3.856247519625655,445.357811249121,212.10184976691545,0.343668918096338,495.9462770568153,43.76872896728547,-1.8020864817189413,-0.13884110627893648,-188.25031563288547,3.6741401158096303,0.7034926342001053,-199.29780310044163,0.7021968995583519,0.4363018201876312,-199.5649939144541,0.43500608554587794,0.3060479745193661,-199.69524776012236,0.3047522398776129,0.21917284136980397,-199.78212289327192,0.2178771067280508,-150.18550374661126,-82.91068467235151,3.6833444494554195,-149.4756959188503,-432.200760268488,4.393152327569062,-149.4926846022742,-882.217748951912,4.3761636441451275,-0.4199737133043353,-200.397424164735,-0.3967316835251743,153.6474708184209,-116.76970239909923,-0.8923247801860054,154.4565261923966,-465.9764050579023,-0.08326940621028649,154.1860844983754,-916.2310887191447,-0.35371110023149366,1.049686475451278,-198.95160925919043,1.0483907408095248
260,2.6,0.9146954346803488,700.9107042910052,0.9107042910050933,-0.38067713356465865,549.6153317227602,-0.406332773926068,0.48564997865810744,300.48165883498285,0.47822235859296525,0.7377417609328151,400.73375061725767,0.7337506172575601,-0.232726684543293,199.7635993302773,-0.23671782821854837,1.1300464543951445,101.12605531071986,0.8755852199597078,-2.364110423607158,999.1812136021534,-2.048770186996186,-202.89290421834136,507.0841024678054,3.3641240986533067,-354.83608365121717,412.4426961433162,7.321860842486764,-438.91342019114353,212.9498280448896,4.485843317441616,-500.6324790461468,60.46337051830956,-3.829357497670043,-3.080535184098955,-211.94078717678357,2.559250592016876,0.26301733706238745,-199.74097380661283,0.2590261933871323,-0.09925356889639725,-200.49828280743566,-0.10324471257165223,0.5793853047294637,-199.4246869655604,0.5753941610542084,1.2044482314124236,-198.78285625324685,1.2171437467531256,196.93713578410555,506.49200072159044,2.7657355669427846,343.8863537787013,412.6408279544336,-3.93014340420259,446.2485554547949,212.81969141344075,1.2200622339153275,496.56122144153437,43.62627013797983,-1.8261620367351352,0.9904525799002413,-187.85514447574047,3.8748568113748023,0.8478443825654101,-199.15614676110982,0.8438532388901548,0.9176966526338721,-199.08629449104137,0.9137055089586168,0.6579438899561143,-199.34604725371912,0.653952746280859,0.8146758728502314,-199.189315270825,0.8106847291749761,-149.6164009948223,-82.32696198023366,4.693708504663406,-149.2898489869315,-432.00040997234294,5.020260512554219,-149.52847687003998,-882.2390378554513,4.781632629445749,-0.04974784435140034,-200.01904430567544,0.021842647377425473,154.08887976822606,-116.29120729788384,-0.8519102044816037,154.61637569397942,-465.5970321436647,-0.3244142787282633,154.48823015470995,-915.891934536762,-0.4526374433597976,1.5660021473156607,-198.43798899635956,1.5620110036404053
261,2.61,1.0156001276364237,701.0060258716794,1.0060258716791808,-0.2917627189480265,549.6986630250948,-0.3103680807491777,0.6455594996870901,300.63598524372986,0.6351163664284358,0.6885913329472478,400.67901707699,0.6790170769900051,-0.3232103196677767,199.66726406220567,-0.3327845756250196,0.8101469686579033,100.80057271270061,0.579533633414718,-2.440793710617687,999.0810311166808,-2.1429678418103917,-202.43571709309197,507.39852597711325,3.8061911884198585,-354.34581124971805,412.71672520381355,7.353124671106119,-438.3833267407811,213.41255481131975,4.48608377367732,-501.19255182557214,60.055856458606684,-3.975406335373247,-2.535162895937487,-211.62046709555312,2.292055421404904,0.2696146154227551,-199.73995964053447,0.2600403594655125,-0.06073551293340432,-200.41892966401105,-0.07030976889064693,0.5343301808986591,-199.4757580153321,0.5247709966476373,1.1243643717396865,-198.8809908360966,1.1190091639033701,197.13679375687457,506.55369565475087,2.9364961470817517,343.79563113172645,412.4387627509647,-4.1938425663003915,446.62237654499825,212.9698671844365,1.5550173801187177,496.9946401914031,43.27164169883143,-2.061361420620261,1.8069148422972416,-187.81934396124308,3.735823739340678,0.7469241612293901,-199.26265009472786,0.7373499052721473,0.9955285211639131,-199.01404573479334,0.9859542652066702,0.7760930171597641,-199.23348123879748,0.7665187612025214,1.0540524161372324,-198.95552183982,1.0444781601799897,-149.18329411727996,-81.90541284436075,5.551288198570296,-149.3946734386812,-432.11679216576204,5.339908877169068,-149.8737475910502,-882.5958663181309,4.860834724800055,0.07624044208752756,-199.8940195882338,0.24797710397876338,154.24567714581895,-116.0758537816975,-1.0845569076458927,154.5878654996423,-465.5096457175895,-0.7423685538225837,154.38925201669417,-915.9327850917675,-0.9414882177159241,1.6657741145529368,-198.34380014140427,1.6561998585956939
262,2.62,1.0099044284951229,700.9920173635078,0.9920173635075826,-0.31185806102705826,549.6702548739854,-0.3326770968097975,0.4564568393451168,300.4385697743576,0.438398682272609,0.4754757227015519,400.45758865771404,0.4575886577140119,-0.4516743621832572,199.5304385728293,-0.46956142717079746,0.25095292770217525,100.23306586271457,0.0811480733275792,-2.3476455665886684,999.1528235234329,-2.0648665777117268,-202.11471454476788,507.58168801097,4.121716453769243,-353.89085718751477,412.899307582279,7.2837866974425935,-438.1009333512869,213.6358963328683,4.26927877693187,-501.65736103295194,59.69929057129282,-4.02540524967396,-1.9500340979340594,-211.2681606019084,2.0204669577126184,0.18098143945961795,-199.8369056255279,0.16309437447207792,-0.08209334961493844,-200.33958313089198,-0.09998041460247833,0.4264317161117549,-199.59404361351446,0.40864293099431614,0.8792091998893928,-199.13784708526492,0.8621529147351115,197.17737164676842,506.4410687268805,2.9045084433472548,343.66704186405013,412.14105396583,-4.515708903626918,446.63170626118904,212.70621659985403,1.5015876140666728,497.37182185109725,42.834324581207085,-2.377344719921071,2.3729366227434667,-188.0749544558755,3.3268149318242646,0.5883070859739303,-199.42957997901362,0.5704200209863902,0.8146009841328996,-199.20328608085464,0.7967139191453594,0.778151620770048,-199.2398820833227,0.7602645557825081,0.9911330507949405,-199.0267540141926,0.9732459858074005,-148.96005052421216,-81.72003868056939,6.1811298767930545,-149.69855273452671,-432.458540890884,5.442627666478506,-150.2953260922858,-883.0553142486431,4.845854308719417,0.0333253657204059,-199.94986701691596,0.3541716900416116,154.13089104333562,-116.11005898035015,-1.575847335423477,154.47891070326978,-465.5830988221111,-1.2278276754893478,154.15455815086983,-916.0889624717645,-1.5547508268378625,1.449109422712518,-198.568777642275,1.431222357724978
263,2.63,1.005377724325692,700.9793521983362,0.9793521983361033,-0.2961442821625689,549.677830191848,-0.32291112646292697,0.09515957504401801,300.0691340490544,0.06910781123341186,0.245781651831117,400.2197561258415,0.2197561258415286,-0.5072030653854835,199.466771408625,-0.5332285913750722,-0.2715375292280136,99.7024369447823,-0.378878788182365,-2.181023152114468,999.297335741382,-1.9137210447882829,-201.92756241220093,507.6306653541819,4.307665037663069,-353.4760746534644,412.99285758073836,7.125843186526316,-438.0479586619705,213.64154181607796,3.858636676767879,-502.00744793642536,59.40078968869683,-3.960668064001976,-1.3309597129071467,-210.88364449844778,1.7479007202829577,0.12529382126384414,-199.90073170472579,0.0992682952742554,-0.13113543461216598,-200.28541105279996,-0.15716096060175447,0.31581836566163873,-199.72033354361642,0.290291946035344,0.6597916323238056,-199.36610648945202,0.6338935105480019,197.09984267537308,506.19821026987984,2.6914831499657565,343.6036053571199,411.8544472766382,-4.799136312546966,446.55906205444677,212.31555183065578,1.3457448729519839,497.76722656062645,42.396043653275896,-2.691595715359075,2.7793308145565967,-188.52267255915928,2.7489084485474473,0.5165811724495665,-199.50944435354006,0.49055564645997773,0.6126284755617019,-199.41339705042793,0.586602949572113,0.6896055821724292,-199.33737615089814,0.6635800561828407,0.7457785932118797,-199.28024693277774,0.7197530672222912,-149.00375845949276,-81.82538648048694,6.527854462382679,-150.12360857383976,-432.945236594834,5.408004348035709,-150.6276513882555,-883.4492794092498,4.903961533619957,-0.04184963097070726,-200.0440298737493,0.42497901632845403,153.82827869797512,-116.30681106802348,-2.2379384385527175,154.35370242550343,-465.6792929389548,-1.7125147110244066,154.01440633152404,-916.13085035054,-2.061977721069252,1.0838412711574938,-198.94218425483214,1.0578157451679053
264,2.64,1.0360823719998862,701.0065915874845,1.0065915874845333,-0.13385299335201928,549.8366562221328,-0.16348975209780506,-0.19068658878344935,299.77982262670116,-0.22017737329880177,0.0904627835262484,400.0609719990109,0.0609719990108957,-0.49038405583759803,199.48012515964706,-0.519874840352951,-0.5952667367650486,99.37524247871949,-0.6586549619557307,-2.012757278456319,999.4382444436991,-1.765854222776721,-201.92623336917345,507.49083043739734,4.309292745296453,-353.0708240035344,413.03498257575035,6.921924724634093,-438.2157856547068,213.4430215089172,3.2667906570106093,-502.3349303698159,59.0510775777483,-3.872379257644027,-0.7551615584126089,-210.53606776026538,1.408256179756179,0.20639696761842297,-199.82309381689697,0.17690618310307016,-0.24487046188277467,-200.32782383885586,-0.2743612463981273,0.17956914887445682,-199.88067644393448,0.15205236831882862,0.5727693774579345,-199.45672140705747,0.5432785929425819,196.97802302304177,505.9036640858718,2.378879536055835,343.65838719315116,411.6374989801452,-5.00653992045078,446.6630071388945,212.0624605576945,1.3511856033025493,498.1765828342348,41.96168222205333,-2.9985157106883977,3.1089471492564686,-189.06943231037548,2.0968927113708293,0.5520201479521392,-199.47747063656328,0.5225293634367864,0.5705583999245574,-199.45893238459087,0.5410676154092044,0.48056675662432224,-199.55378004813446,0.45107597210896944,0.42454990489385147,-199.60494087962155,0.39505912037849866,-149.30721176084927,-82.2100662325004,6.602025307339561,-150.61481430254102,-433.51766877419215,5.29442276564782,-150.83519976194592,-883.7380542335972,5.074037306242914,-0.020038019714888403,-200.03676534387532,0.5089481398194352,153.48477498748142,-116.51437398517822,-2.918268192066622,154.24767710150198,-465.70766920286155,-2.1553660780460464,154.0706650953307,-915.9598001834954,-2.363694390383743,0.7165487752403497,-199.31294200927505,0.6870579907249968
265,2.65,1.0815470432250587,701.0555215172354,1.05552151723547,0.2217038497102414,550.1956783237207,0.1956559378473847,-0.21607955084393077,299.7578949231665,-0.24210507683351923,0.04667561951889759,400.02065009352935,0.020650093529308994,-0.43097240699262224,199.54300206701782,-0.4569979329822107,-0.6665415196333088,99.30743295437699,-0.7035719333752761,-1.9057251479724764,999.5104216653115,-1.686393813903106,-202.08464334453396,507.1871589873498,4.1514537934232365,-352.5868459236039,413.1180164972341,6.76649776875864,-438.4965083288554,213.1508217338291,2.6035444508965058,-502.67600203083384,58.60446555643476,-3.7978979426778814,-0.2782762610477813,-210.27506731113667,0.9550257386798588,0.4635332891304125,-199.5624922368592,0.43750776314082385,-0.40143753786654346,-200.44481982640897,-0.427463063856132,0.02083369525447379,-200.0776238095939,0.0008885295214596245,0.6520605162597988,-199.3739650097299,0.6260349902702099,196.90222121168446,505.6502401787491,2.1151137537524134,343.8592172012723,411.52145369258506,-5.130569979102026,447.09295864764147,212.1002713670252,1.6702992348892574,498.6283936149682,41.56691776838062,-3.261795547790885,3.4710332208946877,-189.59792612848827,1.4897331969418892,0.6234243119121226,-199.40260121407755,0.5973987859225338,0.7291554351112237,-199.29687009087843,0.7031299091216352,0.20370020139054473,-199.8415312572297,0.1776746754009561,0.09041218717923885,-199.9356133388104,0.06438666118965022,-149.74934277981313,-82.75101834072741,6.5258825333220845,-151.0518476230967,-434.05352318401106,5.223377690038505,-150.92550095237448,-883.9271765132888,5.349724360760733,0.15119374552665468,-199.86951117860136,0.6180223928258161,153.28808709219638,-116.54253097345693,-3.425800889077591,154.2149537771074,-465.60125296419403,-2.498934204166538,154.3130440789639,-915.5926978998505,-2.4759678154709617,0.4740048477400961,-199.55202067824956,0.4479793217505076
266,2.66,1.1127303560521933,701.0948972791974,1.094843291064653,0.7218478993918515,550.7040148225371,0.7039608344043113,0.021792684480450547,300.00395960762563,0.003905619492910656,0.0854966866931223,400.0676636098384,0.06760962170558217,-0.34108167918692267,199.64108524395834,-0.3589687441744627,-0.5050665378389319,99.4771003853062,-0.5257360741976598,-1.9015373360632961,999.4744669204686,-1.7146861375609141,-202.28022213099698,506.83905572633034,3.953372625795791,-351.96780602892784,413.29788680864783,6.716440391424808,-438.7429821991007,212.91011379545736,2.014244638423104,-502.93480409798565,58.16243817946062,-3.646872779181737,0.1317665333182722,-210.0669023487531,0.425090494267796,0.8078394479261571,-199.2099936289287,0.7899523829386168,-0.5224915051115288,-200.5447130587947,-0.5403785700990686,-0.10204392668050216,-200.25197133769802,-0.10534496567012624,0.8555405442109173,-199.1622925326439,0.8376534792233771,196.92634068945856,505.4898979162374,2.0382964202871126,344.19260347168523,411.4919347020441,-5.182756018844332,447.85899625152933,212.43863643728736,2.3117000562597747,499.1895492367344,41.281579198814924,-3.411119458821589,3.960536444272783,-190.0095679278703,1.02754313351586,0.6509497406900219,-199.36688333616485,0.6330626757024818,0.9768486267314147,-199.04098445012346,0.9589615617438745,-0.02279450547899564,-200.09978601962172,-0.040681570466535755,-0.23486334716212404,-200.25269642401696,-0.2527504121496642,-150.12620351297616,-83.24671215603206,6.500092229503011,-151.24248516694234,-434.3629938099983,5.383810575536825,-150.8914927292238,-884.0120013722797,5.734803013255355,0.40397134721303246,-199.6121343831196,0.724817671534238,153.38672688782415,-116.24477298218355,-3.6132712516597874,154.31775801929842,-465.3100549357305,-2.682240120185516,154.63262845279706,-915.13922136428,-2.5077196337562544,0.46736024496016104,-199.55047283189467,0.44947317997262104
267,2.67,1.1187959681849298,701.1095737590762,1.109221712227687,1.2313474721059707,551.2221252629973,1.221773216148728,0.3718310315653943,300.3626088224566,0.3622567756081517,0.13291920314916866,400.1236969940404,0.12334494719192576,-0.2423086322447463,199.74846915864646,-0.25188288820198895,-0.18888898937936377,99.80188880151175,-0.19901114643551476,-1.9900283371488992,999.3448614595936,-1.8360597676320802,-202.42889167590522,506.5262685404626,3.7944760842820724,-351.26722513137514,413.51862470378524,6.716379192808545,-438.9385627797068,212.73336965403655,1.5119616926819912,-502.98984835363296,57.85995775157794,-3.305364359265117,0.5750891366434208,-209.81179279493767,-0.07871639136057207,1.0643120055607516,-198.9449102035481,1.0547377496035089,-0.5826257891688895,-200.59271214060163,-0.5922000451261322,-0.1345221818518787,-200.3299127715819,-0.11684615370351364,1.060023310180629,-198.94919889892822,1.0504490542233857,197.06804127972492,505.4362623334705,2.2050486462200793,344.5875115022825,411.4750732034679,-5.1783307228564,448.8204811012098,212.93449845539382,3.1311152877236736,499.85689903711375,41.10353471293745,-3.4483657374745076,4.582767596020521,-190.29752031869612,0.7184622395019034,0.5919341947973014,-199.41728801431157,0.5823599388400584,1.1422399026276804,-198.86698230648116,1.1326656466704375,-0.16299689790514543,-200.31413282065358,-0.1725711538623883,-0.5398636491498048,-200.54908585825865,-0.5494379051070477,-150.26423235390985,-83.52805598761181,6.692756005139277,-151.05291842028322,-434.3167420539852,5.904069938765898,-150.75132331535687,-884.015146949059,6.205665043692258,0.6004425112910328,-199.40834295622136,0.7721791731822685,153.77980894104473,-115.62614701873824,-3.485116557038042,154.56566036685712,-464.8395695963211,-2.69926513122565,154.85886563586604,-914.751298291945,-2.610267830244747,0.7459024990339365,-199.26331971007488,0.7363282430766936
268,2.68,1.1022685845551536,701.1000652822971,1.098277440879898,1.5859065087524349,551.5837032064945,1.5819153650771793,0.6672180564004268,300.66501475414236,0.6632269127251714,0.13348864539438238,400.13128534313626,0.12949750171912694,-0.17395505950649626,199.82384163823542,-0.17794620318175147,0.16873662092738,100.16653331866922,0.1646614538972675,-2.1077366885550246,999.1870843055638,-1.9841420080372387,-202.586417057257,506.1911949950096,3.6161325495246803,-350.62556391507815,413.63973756313374,6.6256546803585685,-439.2152572233354,212.48661354658293,0.9628019765951137,-502.84900356031903,57.69861390051517,-2.7869699642556323,1.1426000682199033,-209.41682108638895,-0.46109510719048996,1.1113911718441802,-198.89081213041393,1.1074000281689251,-0.6242310408503593,-200.6265668636259,-0.6282221845256146,-0.08930483952930396,-200.29369424215858,-0.053647053784993015,1.11993867081743,-198.88219564612362,1.1159475271421742,197.3519689656946,505.51225739593207,2.5939480927322034,344.9776781950854,411.40422049957306,-5.093572820667152,449.73254373440614,213.3429747772277,3.8817050935640576,500.51919165395793,40.92499499368299,-3.4818767409957396,5.26184567230897,-190.53389141959207,0.4908807873143471,0.43320777459009546,-199.56899552766808,0.42921663091484014,1.1419675817030952,-198.860235720555,1.1379764380278399,-0.29383103283240625,-200.56116405690182,-0.29782217650766163,-0.8069140294057314,-200.80911733166386,-0.8109051730809869,-150.1440228254035,-83.57776061564121,7.119481608257658,-150.54662724682612,-433.98036503706396,6.716877186835017,-150.58408578670293,-884.0178235769407,6.67941864695821,0.6366115514553474,-199.3655057512834,0.7082020431841729,154.26931899776372,-114.88658520023627,-3.2413747969330196,154.87110556214958,-464.28468730066515,-2.6395882325471236,154.86059530179506,-914.52670683928,-2.8814964359765725,1.2362271031380923,-198.76597619912002,1.232235959462837
269,2.69,1.054858687779207,701.0606340031109,1.0535629531374535,1.658507237398378,551.6642825527301,1.6572115027566248,0.8081154932114971,300.8138908085432,0.8068197585697438,0.0777518546241131,400.0835271699558,0.07645611998235957,-0.1590058674370155,199.84676944789464,-0.16030160207876887,0.46170960674189576,100.46748492207351,0.4604138721001425,-2.1677926249019315,999.0854609388114,-2.071897777903419,-202.8815760071709,505.70786821311043,3.2895255082138233,-350.1805957153595,413.5280921351816,6.309207022575126,-439.69645363021607,212.04895622042704,0.2441381036545252,-502.66096395772536,57.53254665336365,-2.243118157994191,1.8311513574079745,-208.87855198149413,-0.718027544430006,0.9631972703237399,-199.03102741434463,0.9619015356819867,-0.6625973747881185,-200.6568220594565,-0.6638931094298719,-0.05376704148291633,-200.21648226784052,-0.010134653087132628,0.9662944434349994,-199.02748040045878,0.9649987087932457,197.78602035491105,505.7286337444025,3.1265642361107,345.3808421305822,411.3014357955882,-4.863704322431352,450.38775515750854,213.46128425064387,4.356880380751731,501.0493692714042,40.627028511597146,-3.6330609508083516,5.904368323258051,-190.80384545654627,0.2582053333839408,0.1849052028260077,-199.80931948184235,0.1836094681842544,1.0143131208875515,-198.97991156378077,1.0130173862457978,-0.48404986093491886,-200.86403601459884,-0.48534559557667234,-1.0363947259014967,-201.03061941056984,-1.0376904605432504,-149.9370502948912,-83.56480113603085,7.607810216478032,-149.9850268519368,-433.6127776930765,7.5598336594324325,-150.48369785963413,-884.111448700774,7.061162651735104,0.5033477147909224,-199.490863781424,0.5265897445700831,154.56344084978525,-114.3153154365015,-3.173209355581017,155.07497216390985,-463.8037841223769,-2.661678041456392,154.6249237250534,-914.4580405292613,-3.3159344483408892,1.729841925996805,-198.26438275867156,1.7285461913550513
270,2.7,0.959752353990249,700.9812051082349,0.9594247409671577,1.4176823064450876,551.4391350606899,1.4173546934219965,0.7530148525501712,300.7744676067949,0.7526872395270799,-0.030453868232540038,399.9909988860121,-0.03078148125563135,-0.17887399911686785,199.8425787551278,-0.17920161213995914,0.6270722667084835,100.64852502095314,0.6267446536853921,-2.1075953840761095,999.095860601605,-2.0378793038201732,-203.34803749621761,505.04963236872936,2.782276165485589,-349.98102919197265,413.1439092074785,5.722489846468864,-440.3577559668597,211.4513857487762,-0.6176837278381762,-502.5698704950049,57.219522961790915,-1.819097742578201,2.523084084996098,-208.30390291466972,-0.9587166611097914,0.7282734750072621,-199.2502737707481,0.7279458619841711,-0.6513558479154135,-200.62990309367075,-0.6516834609385047,-0.11940804428451235,-200.20498672078088,-0.08008672788803722,0.6643536014336533,-199.31192339902168,0.6640259884105619,198.29552800662776,506.0177790140284,3.673834084452288,345.8797466619642,411.25810806203253,-4.449698362904469,450.75526238929933,213.26749992840166,4.528005968725289,501.4254534506059,40.200028849776054,-3.9169827815404235,6.434943326172178,-191.17048939761492,-0.04709169508088498,-0.09623229096446295,-200.07477953671983,-0.09655990398755426,0.8058524127776252,-199.1726948329777,0.805524799754534,-0.7063615021527111,-201.12203375975315,-0.7066891151758024,-1.2464820790504845,-201.2250293248058,-1.2468096920735758,-149.89166319436504,-83.7307817556244,7.909800145951417,-149.67658832581628,-433.5155518180304,8.125030083545427,-150.4871623123318,-884.3262808735913,7.3143010279846425,0.28634455100424094,-199.6922026947511,0.2922210564192857,154.50016108099103,-114.0676323291118,-3.4407344198372978,155.0583399272015,-463.50945348290134,-2.882555573626804,154.25247688152558,-914.4556664756466,-3.82876856637209,1.96655451195898,-198.01199273379635,1.9662268989358889
271,2.71,0.8215245532266796,700.8737084273298,0.8214600423974838,0.9477434769102,550.9999273510134,0.9476789660810043,0.5117414234352551,300.5639252975383,0.5116769126060595,-0.19405464118662333,399.85812923291644,-0.19411915201581895,-0.18338669182963746,199.8687971822734,-0.18345120265883313,0.6534322763269494,100.70561615043002,0.6533677654977538,-1.9343126720524548,999.2037685211301,-1.8902690167637406,-203.8250508352251,504.38488154099906,2.256297546707735,-349.9550281510766,412.5686637374589,4.941398270625251,-441.0151087146717,210.88507199938738,-1.4369451928664714,-502.611971351458,56.726895742536826,-1.5521578992068008,3.0874532748281043,-207.8125322132887,-1.30587539389966,0.5150696537908195,-199.43274647210615,0.5150051429616238,-0.5598845435717583,-200.50770066946873,-0.559949054400954,-0.29241179096370584,-200.2914899718703,-0.2652260176872937,0.37813177314766216,-199.56074188086154,0.37806726231846643,198.74267627064404,506.2495615697201,4.096112856453166,346.52050735186896,411.32974470663737,-3.8949949174464216,450.9668165704552,212.9029970000759,4.528967145514481,501.7502936893021,39.75984676207376,-4.224118698112266,6.801933936166443,-191.6727412234408,-0.4692353893399662,-0.3067124546643865,-200.25452858056138,-0.30677696549358213,0.5014404450694607,-199.4463756808275,0.5013759342402649,-0.8735582324498373,-201.20713582734237,-0.873622743279033,-1.4178442864260745,-201.36566041232305,-1.4179087972552702,-150.13693209220898,-84.19735569708429,7.896723512989106,-149.7926218007439,-433.8520342284239,8.24204498164951,-150.5681575489907,-884.6285811538662,7.465498056207355,0.11262983739345936,-199.8351862885035,0.11378698991908218,154.18699282242596,-114.0287459590636,-3.934750093349538,154.85829938289137,-463.35743939859816,-3.263443532884126,153.90737073884588,-914.3834919558046,-4.289496090090528,1.798102731129791,-198.14971339476716,1.7980382203005951
272,2.72,0.6598867556833676,700.7574896965593,0.6598768626272951,0.3947772191036524,550.4923801599797,0.39476732604757986,0.1634229278614637,300.2610258687375,0.16341303480539143,-0.3927208386036863,399.70488210227234,-0.3927307316597586,-0.12455023835214477,199.9730527025239,-0.12456013140821717,0.5799210178523003,100.67752395872836,0.5799111247962279,-1.7260286058826946,999.3314743071046,-1.7076399122740042,-204.04072621314168,503.9854424610081,1.9841261339140348,-349.9583156039673,411.94863581233017,4.113715911458107,-441.42729862233864,210.5905298037493,-1.9714469442444744,-502.7739272354451,56.06661102642873,-1.4301871954378726,3.5263193172905045,-207.39892518828287,-1.7498795313588937,0.36655852429048597,-199.53583853483352,0.3665486312344136,-0.43568699225009544,-200.3380840513741,-0.4356968853061678,-0.48763753688548056,-200.4081773822648,-0.473061403943637,0.24228308537659526,-199.63275469749192,0.2422731923205227,199.02244337403397,506.3189358198006,4.311332707210811,347.2520198930786,411.46719566373304,-3.308211592762656,451.1690983206008,212.51643308283855,4.508102253430993,502.14249718577355,39.43033824956833,-4.429862816245924,6.981635967731903,-192.3295292014903,-1.025408510529985,-0.35950574695160165,-200.26190280607562,-0.35951564000767416,0.1054545184117896,-199.79694254071217,0.10544462535571705,-0.9215089596364937,-201.08903574057177,-0.9215188526925664,-1.4717136094311152,-201.37411066855512,-1.4717235024871882,-150.57609763767874,-84.8680088135161,7.6652327594705705,-150.28660577526063,-434.57338176957944,7.959859803407284,-150.68045742143363,-884.972368597271,7.560872975715689,0.059530131535518185,-199.84286692758846,0.05970758662271965,153.8939369660034,-113.92915768413363,-4.384170818363296,154.6482773084861,-463.17481734165096,-3.6298304758806093,153.7481697384225,-914.106241217881,-4.561254352110602,1.3137004705246351,-198.58869658859933,1.3136905774685625
273,2.73,0.4756110794121623,700.6176369147399,0.4756110794121622,-0.108564826444567,550.0334610088831,-0.10856482644456705,-0.1546398269997176,299.98738600832803,-0.15463982699971746,-0.5617033560339015,399.58032247929384,-0.5617033560339014,0.01842864463238686,200.16045447996018,0.018428644632386915,0.5020273289479775,100.64405316427582,0.5020273289479775,-1.5805318319399264,999.3968816229294,-1.5879366287668184,-203.8161660020906,504.01484502430264,2.144983263913206,-349.85545507959716,411.4060226582329,3.3780653371217775,-441.45488528584707,210.69109230118562,-2.0812474177566593,-503.0559430523397,55.223658438634246,-1.454641592193202,3.9932670370031227,-206.92151340102834,-2.130111416837484,0.270899127653223,-199.58707503701902,0.2708991276532228,-0.3517902950922289,-200.20976445976447,-0.351790295092229,-0.6034184126362377,-200.46593770670364,-0.5973380523796632,0.2542987157486665,-199.5387775301461,0.2542987157486664,199.11990619569332,506.1956487523157,4.324549050462659,347.96678351675973,411.5501144610437,-2.7986438025222853,451.4341630814737,212.16658684752042,4.538835623620505,502.63994083077887,39.239233273072024,-4.490868994824193,6.99218083797588,-193.13352439353778,-1.6917022145195941,-0.2414691392550786,-200.09944330392733,-0.24146913925507862,-0.26772143295820156,-200.1256955976304,-0.2677214329582015,-0.8397832630893228,-200.83967114140108,-0.8397832630893229,-1.3318237285571954,-201.18979789322944,-1.3318237285571954,-150.96595919112707,-85.515045525596,7.458166780136628,-150.95700220237157,-435.4857784999484,7.487433805784259,-150.76859999868293,-885.3176863331519,7.6555259725807385,0.11386069310494296,-199.74411347156726,0.11386069310494296,153.81770508825826,-113.58803548701131,-4.591611289351632,154.58342577744668,-462.82231479782297,-3.825890600163251,153.84161294538626,-913.5742945459489,-4.577870348289131,0.7954976301548906,-199.06247653451732,0.7954976301548904
274,2.74,0.2675764380726148,700.4285127936698,0.2675764380726148,-0.47036380742499184,549.6905725481722,-0.47036380742499184,-0.31488232072299027,299.84605403487416,-0.3148823207229901,-0.636909215201865,399.52402714039545,-0.6369092152018649,0.22752360094275625,200.38845995653998,0.22752360094275637,0.5389617777421367,100.69989813333942,0.5389617777421365,-1.5550686326242706,999.367268774172,-1.5884324039293354,-203.1989795309995,504.40129341122184,2.691463933816967,-349.5655890351908,410.9996774314862,2.818446622381301,-441.15891302535863,211.10068752404874,-1.8271714581791954,-503.40718766788797,54.22626725104443,-1.5757528993342453,4.640406051727877,-206.24922754003336,-2.287810032757803,0.23276678670680928,-199.60629685769598,0.23276678670680928,-0.3048496764972556,-200.14391332090003,-0.3048496764972556,-0.586793164762241,-200.4265693497141,-0.5848191608025163,0.32080087118503037,-199.39927706301603,0.3208008711850303,199.08588985856147,505.9063753674472,4.1963560455702265,348.58044162659263,411.4746588565116,-2.425653833575754,451.8053641496782,211.87475826097952,4.665798933298971,503.22667279657435,39.15147840639915,-4.417991297258757,6.900560662818544,-194.03766444702788,-2.395922796329008,-0.001893109672236326,-199.84095675407502,-0.001893109672236326,-0.4569948856748809,-200.29605853007763,-0.45699488567488084,-0.6427318161194864,-200.54095389781014,-0.6427318161194865,-1.0066322167524757,-200.84569586115526,-1.006632216752476,-151.11440887041772,-85.97063627153287,7.467222262372479,-151.59118214281858,-436.38485022609643,7.0530083078089465,-150.7656151733145,-885.6218425744296,7.816015959475697,0.2192236211906014,-199.6198400232122,0.2192236211906014,153.9548417481736,-113.03360566430335,-4.560061842006463,154.67907027422683,-462.30937713825017,-3.8358333159532156,154.1061589055505,-912.884859105875,-4.41131528357813,0.5155753908095386,-199.3234882535932,0.5155753908095385
275,2.75,0.07785889017342484,700.2198847255014,0.0778588901734249,-0.6506677843851741,549.4913580509426,-0.6506677843851741,-0.2847593878262638,299.8572664475015,-0.2847593878262636,-0.6126282322672735,399.52939760306054,-0.6126282322672734,0.4247469528335903,200.56677278816142,0.4247469528335905,0.738134487245775,100.8801603225736,0.7381344872457749,-1.6337379366189673,999.270854077877,-1.6932280768954637,-202.42589177912998,504.8960965856943,3.3870318156742103,-349.06769853337937,410.74087987971996,2.459095286542047,-440.7570832368715,211.5887082579743,-1.4268786915821097,-503.68159657688676,53.21069261391831,-1.6482232747268337,5.4586117509470915,-205.40025498913508,-2.2257784416447053,0.3022009561177505,-199.55577320855446,0.30220095611775044,-0.207727698351733,-200.06570186302395,-0.207727698351733,-0.4503584133809716,-200.30836248366967,-0.4498593070176779,0.38343296425258416,-199.30683842634846,0.3834329642525841,198.98627815164173,505.5050682401776,3.9960034701574223,349.066236700443,411.21227386649525,-2.193836369918701,452.3387264855388,211.687172787752,4.946303348957936,503.8803989009889,39.13771822128443,-4.228737991039455,6.798552924745827,-194.95822163866666,-3.0415910429385438,0.2928413014085635,-199.5651328632636,0.29284130140856357,-0.415749605498568,-200.27372377017076,-0.4157496054985679,-0.35028417602038264,-200.22746427332316,-0.3502841760203827,-0.6158591813093877,-200.47383334598163,-0.6158591813093877,-151.02850210138303,-86.2538483384699,7.684988398450245,-152.07895332172063,-437.1542275568401,6.784609180080029,-150.65929126336772,-885.8846375004547,8.054199236465523,0.31883983823213125,-199.5391343264401,0.31883983823213136,154.14620709411304,-112.43763069779152,-4.448303125167203,154.83428339414303,-461.7495543977616,-3.7602268251372224,154.35660907369504,-912.2277348991549,-4.238407326530458,0.5384957556655656,-199.31947840900665,0.5384957556655656
276,2.76,-0.031016589701965802,700.0665962442303,-0.031016589701965747,-0.685218864075669,549.4123939698563,-0.6852188640756691,-0.14940570093166308,299.9482071330003,-0.14940570093166286,-0.5292446586970393,399.56836817523504,-0.5292446586970392,0.4821338763566781,200.5797467102888,0.48213387635667815,1.0157587140996625,101.11337154803178,1.0157587140996625,-1.73762819283104,999.1742392959878,-1.8234040102654778,-201.78665081647182,505.22218010267125,3.9421265676004906,-348.4049692639088,410.6013805867733,2.2600878421615795,-440.4973766758075,211.91881246523968,-1.128470189461614,-503.74164105537307,52.32978886944993,-1.5349784369065491,6.2799845376590735,-204.5271973300084,-2.105959597513091,0.5069877615204834,-199.3955949068146,0.5067922592532924,-0.0008507975833847436,-199.9032379636513,-0.0008507975833846881,-0.25380814365166054,-200.1561781564641,-0.25370986378155935,0.4442657720575067,-199.27821591917575,0.4442657720575067,198.8827851093714,505.06614829797377,3.786094762903028,349.4375340117638,410.80774724628293,-2.078393426732729,453.03916212839493,211.62360717331418,5.38656422443777,504.5413558633235,39.15554466424291,-3.9784256647752994,6.7612984029732495,-195.80383445717615,-3.5493037169247605,0.5858677021732608,-199.31651946389462,0.5858677021732608,-0.27788796120836834,-200.18027512727627,-0.27788796120836834,-0.018158196261226695,-199.9254013825725,-0.018158196261226778,-0.32602055377512246,-200.22840771984306,-0.32602055377512257,-150.8823546693406,-86.52612331720414,7.937065883287315,-152.4056556437327,-437.7690528805968,6.694136319894618,-150.563069919334,-886.2068385671976,8.256350633293888,0.3547199212012749,-199.54766724486663,0.35471992120127505,154.20893569934924,-111.97103063042485,-4.438933218409776,154.9447332640387,-461.2352330657355,-3.7031356537203575,154.440472679832,-911.7395712753042,-4.207473863289109,0.6951834678544135,-199.20735943612019,0.6950277299477069
277,2.77,-0.04988016930707562,700.0023682156254,-0.049880169307075506,-0.6642392317291208,549.3880091532031,-0.6642392317291209,-0.03706087083562529,300.01518751409657,-0.03706087083562511,-0.42049086044793543,399.6317575244843,-0.4204908604479354,0.3174738884829905,200.36972227341522,0.3174738884829905,1.2175268019717618,101.26977518690403,1.2175268019717616,-1.778264523252851,999.1413572317008,-1.890477138601507,-201.48702871165744,505.19868999005917,4.15117251258369,-347.68101800876093,410.5047702242109,2.1210810182312563,-440.55341305810424,211.94117235835546,-1.105837023470692,-503.5560696926304,51.64281389913479,-1.2049016704696767,6.919794556405197,-203.7875547275434,-2.1075291025503127,0.7820988236386244,-199.1669276263511,0.780823988716658,0.2552458947240289,-199.69250572034372,0.2552458947240289,-0.06315263987527445,-200.01088918323683,-0.06313756816905358,0.4915614070773754,-199.31215839313006,0.4915614070773755,198.83929294531538,504.67844749705284,3.6309300195772964,349.7211315809312,410.3338465136077,-2.0478832897064128,453.7959092166541,211.60042432882761,5.877144168558874,505.0967510959304,39.12149993413122,-3.775769651182804,6.821942292998125,-196.5132870749714,-3.881954628253739,0.8387915962414478,-199.10900996633796,0.8387416487297883,-0.2482420607550339,-200.19599367582276,-0.2482420607550339,0.24180624235970363,-199.706901579789,0.2418062423597036,-0.2262612505776166,-200.1740128656454,-0.22626125057761665,-150.8466588714161,-86.933188294746,8.052561386451512,-152.55793985794008,-438.2365312853615,6.749218395836062,-150.63501533938359,-886.7215447627135,8.264204918484038,0.29282284966837413,-199.65492876539938,0.2928228496683743,154.06917282098507,-111.68354126559197,-4.605622206185206,154.9813049093526,-460.7714091772244,-3.693490117817691,154.35022307103944,-911.4024910155377,-4.32457195613085,0.7393241928653367,-199.20944296092222,0.7383086541455233
278,2.78,-0.04897880074647987,699.9728015665214,-0.048978800746479756,-0.658474910041771,549.3633054572259,-0.658474910041771,-0.020268500294440314,300.00151186697326,-0.020268500294440175,-0.3050301412158961,399.7167502260518,-0.3050301412158962,-0.0008737867161403012,200.0209065805516,-0.0008737867161404123,1.2343749999565679,101.25615536722432,1.2343749999565679,-1.7192702952195416,999.192745783384,-1.8580625433097564,-201.5463808164959,504.8224973615442,3.995019035760346,-347.00417706803375,410.361249893023,1.937006698133798,-440.9675397064638,211.62845394611531,-1.4017471857675874,-503.15965473052586,51.134725898617546,-0.6925857352676142,7.304522852227996,-203.23665236367654,-2.2988983160169605,1.0035236513887715,-198.98117012728045,0.9970495054517963,0.43032784689353426,-199.54789178583871,0.43032784689353415,0.08476551773115282,-199.89345411500113,0.0847655177311527,0.4716778279484176,-199.4241546159479,0.4717695412593452,198.91319673345745,504.41561735606,3.588139030276152,349.9593125289804,409.8488669935881,-2.058014795653598,454.45320114437544,211.4802974497277,6.2636162987520665,505.4644145666214,38.973752328089844,-3.699269602183458,6.964462153776291,-197.08363929866914,-4.051782789143154,1.0288263309255574,-198.94971900049575,1.0285006322365147,-0.4341597273493884,-200.41237936008162,-0.4341597273493885,0.3175750090243288,-199.66079126281312,0.3175750090243287,-0.26348922966221194,-200.2417088623945,-0.263489229662212,-150.9634665123617,-87.50077496250167,7.989305013187737,-152.48214721326784,-438.55720135439685,6.932878621292534,-150.89627149621012,-887.4335799463502,8.0565000293393,0.15229121085158184,-199.82592842188063,0.15229121085158207,153.80290035329807,-111.48382335376881,-4.872286676070897,154.9704234798739,-460.3163002271931,-3.7047635494950786,154.2019688791821,-911.0847548278848,-4.473218150186864,0.5525979976975279,-199.4307789662024,0.5474406665298333
279,2.79,-0.12932245578921459,699.8777485941844,-0.12932245578921453,-0.6693680902078817,549.3377029597656,-0.6693680902078817,-0.08544546160409963,299.9216255883693,-0.08544546160409966,-0.2059488949609297,399.8011221550124,-0.20594889496092994,-0.2904206930160296,199.71665035695736,-0.2904206930160297,1.0557056238917135,101.06277667386513,1.0557056238917135,-1.595119773414404,999.293077745313,-1.7606261073167104,-201.78157469113052,504.2779865473254,3.657011329689162,-346.4049002318497,410.14393305678396,1.6806581357489825,-441.6445651936824,211.07580513385375,-1.9215769428414524,-502.59343101080185,50.769636993978324,-0.03858049946528247,7.495238014800449,-202.81057551080585,-2.6143785041140437,1.0973610190799457,-198.92117367484278,1.0717552751838242,0.46063783817876436,-199.53229111184783,0.46063783817876414,0.1771124738054285,-199.8158164762212,0.17711247380542827,0.35566977090905527,-199.6073457488552,0.35626781682054043,199.11789667107382,504.29233823223154,3.671363014595335,350.2345449636026,409.3919486852117,-2.0248315162656194,454.9597820596131,211.21543365941724,6.496073804341561,505.68088476112075,38.753861488563146,-3.709157954823862,7.13893987959673,-197.56125557612557,-4.105426016640231,1.130707302391802,-198.86387568205762,1.1290532679689822,-0.7764074602656836,-200.76933641029228,-0.7764074602656839,0.18885650532084725,-199.80407244470575,0.18885650532084713,-0.3140330148759703,-200.3069619649026,-0.31403301487597046,-151.16942037645262,-88.1641342215085,7.810619013921977,-152.1570004624457,-438.743776311593,7.230976923837446,-151.1967288818335,-888.1914427268895,7.783310508541092,-0.03833158395363101,-200.0312605339802,-0.03833158395363073,153.5369976452458,-111.24468354715297,-5.112029077324171,154.93169531727588,-459.849985875123,-3.7173314052940865,154.12328330428278,-910.6583978881162,-4.525743418287209,0.23736293691945426,-199.7759636535609,0.2169652964657125
280,2.8,-0.34102424725422575,699.6607635941631,-0.34102424725422575,-0.6450912051597474,549.3566966362574,-0.6450912051597475,-0.17550031116179837,299.8262875302554,-0.17550031116179834,-0.13243281701213977,399.86935502440497,-0.13243281701214,-0.42144220012646727,199.5803456412907,-0.4214422001264675,0.7386701250369303,100.74045796645407,0.7386701250369304,-1.473913768730503,999.3805944069193,-1.6662601666467522,-201.93476073597193,503.81707470843276,3.395219421959143,-345.8289262903337,409.9034631415569,1.4095189192934945,-442.4197843529396,210.44062602084472,-2.501333003827786,-501.9374973556354,50.46577410294152,0.6777939952393515,7.619985079881834,-202.38601616056798,-2.9218289227557133,1.0878166483531038,-198.98926675400764,1.0089454045751909,0.39136017797304506,-199.60685198060983,0.3913601779730448,0.19146710070494355,-199.80674505787795,0.19146710070494333,0.21124160998192354,-199.78183961470987,0.21427873772391726,199.3954598258801,504.24477127462023,3.8229159881466064,350.6553249794216,408.9953207201743,-1.8385675581047196,455.419695469934,210.90614401010754,6.679912610305445,505.8802014216859,38.593326094094124,-3.668638296179649,7.307404837963295,-197.98818574631014,-4.079234799871227,1.098033049623541,-198.90672094200397,1.0914912165789377,-1.1019515815203924,-201.10016374010326,-1.1019515815203924,-0.0536262936244325,-200.0518384522073,-0.053626293624432664,-0.3018684089683007,-200.30008056755116,-0.30186840896830086,-151.38660215893483,-88.8510942355239,7.594469758706657,-151.67557619229942,-438.85969685788905,7.585867136341491,-151.38594990112082,-888.85044197771,7.595122016520669,-0.28558366773329,-200.28379582631612,-0.28558366773328986,153.32065480537625,-110.92386946933388,-5.275724316432718,154.86006771007186,-459.3844565646383,-3.7363114117371214,154.18055021987908,-910.0639740548311,-4.415828901929921,0.016978465866332004,-200.0440628485203,-0.04585068993745589
281,2.81,-0.6265747609653678,699.3737772858832,-0.6265747609653678,-0.5345088115436246,549.4658432353048,-0.534508811543625,-0.23406274643202443,299.7662893004164,-0.23406274643202457,-0.050947423652676405,399.94940462319573,-0.05094742365267663,-0.4146028827210897,199.58574916412735,-0.4146028827210899,0.3609145301495369,100.36126657699793,0.3609145301495369,-1.4053579844805546,999.4111784463134,-1.624661859392314,-201.8530041743171,503.58752809512964,3.36280584172807,-345.2293923384832,409.6838393854489,1.1736400246102727,-443.1512848738505,209.85821595983887,-2.999955735342818,-501.33370848643114,50.08070396858824,1.3157410765334099,7.774399716718031,-201.87173312062777,-3.122075499607145,1.0368281196856048,-199.15202211156927,0.8476258415823141,0.28760889776027126,-199.7120390553913,0.287608897760271,0.0869729663775044,-199.9126749867741,0.08697296637750396,0.185259438082262,-199.80711709523462,0.19727151131915732,199.64685966565273,504.16874615705126,3.9440239036497893,351.26525642909826,408.6633708749439,-1.4543716783555642,455.97947063321794,210.6959693577615,6.9630118449567595,506.1900898724731,38.61768392295909,-3.4477285270937843,7.475627289351749,-198.36243350602822,-3.9686082092416113,0.8786246128266051,-199.1411736046918,0.8584743484598092,-1.2237988295423503,-201.22344678269394,-1.2237988295423505,-0.2872602802500913,-200.28690823340168,-0.28726028025009137,-0.2313131993546359,-200.23096115250624,-0.23131319935463607,-151.55154555157839,-89.50312582056299,7.404454282942872,-151.2049582311293,-439.00659393449797,7.900986169007895,-151.44396620743305,-889.3955464764176,7.512033627088236,-0.580932393796257,-200.5805803469478,-0.5809323937962569,153.12194974788764,-110.55954284471564,-5.395442336810114,154.7467569675121,-458.9347356250912,-3.7706351171856474,154.38647966363254,-909.2950129289708,-4.130912421065206,0.028815975701789204,-200.12155128704833,-0.12190333389672758
282,2.82,-0.8514388436187464,699.1486151445142,-0.8514388436187464,-0.3450334157907453,549.655020572342,-0.34503341579074553,-0.22325078562007802,299.7768032025127,-0.22325078562007816,0.08304538051648216,400.0830993686492,0.08304538051648201,-0.3677994046528773,199.6322545834799,-0.3677994046528774,0.0014717287016399183,100.00152571683435,0.0014717287016399183,-1.3931823689381524,999.3838194552259,-1.639552481058723,-201.55382395047053,503.56953773913085,3.542486360892778,-344.6401123136062,409.45124388971203,0.9423498058681352,-443.75022362638117,209.41361756907662,-3.329591580198244,-500.8988866460586,49.50020181225356,1.7597585993207459,7.950987782136727,-201.27717691808652,-3.2196597630726456,0.9752912294906249,-199.37813117358007,0.6218148382871849,0.16208170302038638,-199.83786430884686,0.1620817030203862,-0.1578319682990701,-200.15777798016637,-0.1578319682990702,0.3751442243107639,-199.59126018627194,0.4121440146854862,199.8035021180855,503.99340169317304,3.9663503149349757,351.9611028859239,408.3295686372736,-0.9742609938220701,456.6691110117415,210.61477477764853,7.376716414708244,506.63792231741536,38.854558320579024,-3.0173231782127745,7.660853536581836,-198.6681127212209,-3.7593654005926944,0.46611778254376546,-199.58216620067992,0.4177798111873535,-1.0500277367893163,-201.0499737486566,-1.0500277367893163,-0.44283491608754944,-200.44278092795483,-0.4428349160875493,-0.1481914175053226,-200.14813742937258,-0.14819141750532266,-151.58357172180493,-90.04156405354719,7.321464166752092,-150.86485571585104,-439.2611197191536,8.101908501145742,-151.42185318450882,-889.8798455162512,7.483182704048217,-0.8594315513357474,-200.859377563203,-0.8594315513357472,152.9137654857587,-110.18224583082687,-5.49853017855718,154.58017621896602,-458.5158350976196,-3.8321194453498535,154.70993450020626,-908.3860768163794,-3.702361164109638,0.20437192225226658,-200.0771548304794,-0.07720881861213802
283,2.83,-0.9067866450669448,699.0932133549331,-0.9067866450669447,-0.14643166277836156,549.8535683372215,-0.14643166277836162,-0.1345276067101581,299.86547239328985,-0.13452760671015818,0.2684361506760042,400.26843615067594,0.2684361506760041,-0.33576279880297544,199.664237201197,-0.33576279880297544,-0.26486288032209093,99.73513711967786,-0.2648628803220908,-1.4033658234244453,999.3334422318202,-1.6769021954969119,-201.15258390960736,503.6472747284187,3.8191384441864438,-344.12156985017526,409.1469863361371,0.6582497337691435,-444.1660387749282,209.15535712596727,-3.4408007595224683,-500.6192690668229,48.742713262651456,2.025171773114534,8.042878737422935,-200.70980530261238,-3.319109286337757,0.909022649690191,-199.6052824647811,0.3947175352189613,0.0111568626564848,-199.98884313734354,0.011156862656484745,-0.4941443578274042,-200.49427151693592,-0.49414435782740435,0.700774076398746,-199.21188257148904,0.789531959410629,199.8778704382476,503.73077712603674,3.902640841804555,352.5494971249642,407.8753455861919,-0.5904170806651661,457.3547817290036,210.53037500831942,7.788518650255883,507.1344428871947,39.21630362689298,-2.4654878721737803,7.82984659985816,-198.93846223808058,-3.486705722409663,-0.06034689389057024,-200.1506541134677,-0.15065411346766103,-0.6577400073878188,-200.65774000738787,-0.6577400073878188,-0.5123226042488735,-200.51232260424894,-0.5123226042488731,-0.0913869944501579,-200.0913869944502,-0.09138699445015784,-151.40460282856418,-90.38847622527257,7.423871107601941,-150.67724377264,-439.6450272448327,8.167320088041828,-151.3370757647576,-890.3209491614662,7.491398171408525,-1.0615859853424854,-201.06158598534253,-1.0615859853424852,152.7040227697364,-109.7857199440445,-5.577378422284795,154.3413194398654,-458.14842327391557,-3.940081752155823,155.0600239280834,-907.4297187856976,-3.221377263937785,0.3402312732998105,-200.0694662871798,-0.06946628717973066
284,2.84,-0.7718432827436774,699.2281567172563,-0.7718432827436774,-0.0046858765646494716,549.9953141234354,-0.0046858765646492495,0.0008373955156074642,300.00083739551565,0.0008373955156074642,0.46092134122060713,400.46092134122057,0.46092134122060724,-0.2996142890499843,199.70038571094997,-0.29961428904998416,-0.38890486722123224,99.61109513277869,-0.38890486722123213,-1.3969912533049718,999.2991641568274,-1.6977850887877493,-200.76534051360846,503.70492950832636,4.076953154517611,-343.65144507492437,408.79585547981253,0.34667619702800184,-444.4046357590129,209.07615193902856,-3.3407383538638666,-500.38023926625914,47.92847058585701,2.2283798967895088,7.927426607203179,-200.29260680847005,-3.541355769176167,0.8525272468818995,-199.7302567979856,0.26974320201446866,-0.12953723685043983,-200.12953723685047,-0.12953723685043983,-0.7952497096139446,-200.7960788911598,-0.7952497096139447,0.9446131632303771,-198.88996768230595,1.11043471935757,199.94902072289568,503.4601946294079,3.8322182755992413,352.91914703437595,407.2391278507047,-0.4129855288679608,457.8493424911127,210.25794611631065,8.01258551049595,507.5441746598898,39.56927672237008,-1.927067511156603,7.883960484115866,-199.2718824322963,-3.248353072302555,-0.5564407161441495,-200.68783694530688,-0.6878369453068572,-0.23516192905523448,-200.2351619290553,-0.2351619290552343,-0.5128350882754504,-200.51283508827552,-0.51283508827545,-0.042925544729417495,-200.04292554472946,-0.0429255447294173,-151.03893671574653,-90.56755057695412,7.687751049110215,-150.61668072909148,-440.15685027700863,8.098451349055642,-151.17391550289182,-890.7025293640994,7.552772261964941,-1.1802778014474447,-201.1802778014475,-1.1802778014474447,152.5056582518865,-109.3580387071703,-5.619441842004684,154.02748298616382,-457.83621397289306,-4.097617107727395,155.29921504881688,-906.5644819102399,-2.8258850450743376,0.27364595377708145,-200.1906022031056,-0.19060220310556297
285,2.85,-0.498869055785127,699.5011309442149,-0.498869055785127,0.06517286024441327,550.0651728602445,0.06517286024441371,0.11351442263801564,300.113514422638,0.11351442263801576,0.613182629302569,400.6131826293025,0.6131826293025691,-0.2196045774479333,199.78039542255198,-0.21960457744793305,-0.3797636208800541,99.62023637911983,-0.379763620880054,-1.3581104380824818,999.2969978089752,-1.686244042262837,-200.45838277801667,503.6766038922973,4.2498948289603025,-343.12956963194864,408.5005875293387,0.11073433834578805,-444.5606827076993,209.08005347346602,-3.1254443513155135,-500.11534583684477,47.129864249248946,2.437813575235591,7.571921298770054,-200.05896505838717,-3.9180377804586897,0.8304338887472457,-199.68387122572403,0.31612877427601627,-0.201901600683011,-200.20190160068302,-0.20190160068301077,-0.9200400019412123,-200.9242509332887,-0.920040001941212,0.9474745347293672,-198.81134934634701,1.1887434752530628,200.09147356219916,503.25658287996555,3.8298738166286066,353.15720700934645,406.5135094145736,-0.35370987498238526,458.07751960184385,209.72462141095247,7.974924997290397,507.7885582839291,39.83638889554853,-1.480558400195744,7.708630066491276,-199.78300713935974,-3.156836195469109,-0.8837242845225232,-201.03261571833707,-1.0326157183370595,0.08711832605207007,-199.91288167394796,0.08711832605207023,-0.4892661488542195,-200.48926614885426,-0.4892661488542191,0.0811644833362394,-199.91883551666376,0.08116448333623957,-150.6586307750748,-90.75004943943878,7.94149887870755,-150.65366785648806,-440.79548683719634,7.89606148094995,-150.93871514054797,-891.0301338049119,7.661414513234387,-1.2178782557888033,-201.21787825578883,-1.2178782557888035,152.33073970706306,-108.88805812268849,-5.613122738358584,153.6698941847974,-457.5489036449542,-4.273968260624268,155.29833417492677,-905.920463654825,-2.645528270494883,0.004525000441402749,-200.4051725600382,-0.40517256003813834
286,2.86,-0.20244326872940566,699.7975567312704,-0.2024432687294055,0.057056959386879824,550.057056959387,0.05705695938688016,0.11135067209707072,300.1113131823737,0.11131318237369348,0.6861876086614429,400.6861876086614,0.6861876086614431,-0.10363562772891421,199.89636437227105,-0.10363562772891399,-0.3244875970583921,99.67551240294151,-0.3244875970583918,-1.2894990089120941,999.3241780906192,-1.645045712987146,-200.23237023077755,503.5620585373787,4.337530839509518,-342.51693230877186,408.30276951750125,-0.0077184046679752705,-444.7844280458389,209.01555388661214,-2.946655443424864,-499.88384487889857,46.29377446123662,2.5963665276288657,7.072272966152532,-199.91406058819763,-4.3528253592066575,0.8572142045561703,-199.4962621866473,0.5037378133527307,-0.1874176518769839,-200.18741765187698,-0.18741765187698378,-0.8114996492664721,-200.82815420582048,-0.8114996492664721,0.7358905409870616,-198.99073016693887,1.0092840677145596,200.29791513506694,503.11309544813105,3.888567750261966,353.4854399084785,405.9044128604183,-0.1897748098408221,458.1313825561349,209.02487756627613,7.768857289270162,507.8809142382014,40.03197068183963,-1.1131521472331598,7.242224611635369,-200.53392259206038,-3.2736233081391366,-0.9808576340957671,-201.11225386325847,-1.1122538632584749,0.3205309471697048,-199.6794690528303,0.320530947169705,-0.52744816794123,-200.52744816794126,-0.5274481679412295,0.3394130437150196,-199.660586956285,0.33941304371501996,-150.48190239247896,-91.15329374263439,7.967426285676151,-150.7467327015261,-441.54129874431453,7.579421283996025,-150.68087174650245,-891.3522630966579,7.7684569316526515,-1.174447062159552,-201.17444706215954,-1.1744470621595517,152.19514991368757,-108.3608129352194,-5.543085356317441,153.3033882915868,-457.25257455732014,-4.434846978418217,154.99059338556376,-905.5653694633434,-2.74764188444126,-0.3211767679113156,-200.60275750877577,-0.60275750877572
287,2.87,-0.05052446404498334,699.9491027403279,-0.05089725967203562,-0.08053858747113712,549.919088616902,-0.08091138309818924,-0.08430470297704218,299.91507803769093,-0.08492196230910934,0.6433306072902254,400.6429578116631,0.6429578116631733,-0.038226845247270526,199.96140035912566,-0.03859964087432283,-0.3600308217023364,99.6395963826705,-0.3604036173293887,-1.184964145626883,999.387281311371,-1.5676154381635161,-200.05166343985252,503.39690655727725,4.375279375528533,-341.9342367461335,408.08384615200373,-0.12701329176261975,-445.1967681265412,208.76009805149104,-2.927239223203648,-499.77783897966674,45.333960090100774,2.613856563467602,6.579939049588885,-199.70837056125814,-4.694869563092755,0.9029074589818079,-199.28666761474858,0.713332385251465,-0.14250475864589807,-200.14287755427293,-0.14287755427295035,-0.5466595614812793,-200.59833200281713,-0.5470323571083315,0.4504800386464962,-199.30862381645687,0.6913761835431396,200.46512317340907,502.92660937374967,3.904982192001036,354.05990138986806,405.55389622525286,0.23550038328012413,458.17311434466933,208.32287005312125,7.557406954435442,507.8470229635112,40.182080401261565,-0.8005298152559306,6.512475637723112,-201.4981528121488,-3.5739495161080743,-0.8898502570006168,-200.98053027220476,-0.9805302722047599,0.5180241043658272,-199.48234869126128,0.5176513087387749,-0.6928760425659622,-200.69324883819303,-0.6932488381930145,0.6593239859367925,-199.34104880969028,0.6589511903097404,-150.63157397355903,-91.89953694433254,7.642941994727439,-150.8536221486478,-442.3519954481078,7.190483490952198,-150.48611746726107,-891.7540804380346,7.788398501025398,-1.1038741647097539,-201.10424696033684,-1.1042469603368061,152.08545668978198,-107.7910712534401,-5.423756693431213,152.91896834576218,-456.95755959746,-4.59024503745103,154.39603754577064,-905.4804903974516,-3.1131758374425402,-0.5392431728455618,-200.6903352780712,-0.6903352780711309
288,2.88,-0.15889998689930768,699.8386690802479,-0.16133091975216612,-0.3958134728637055,549.6017555942834,-0.39824440571656416,-0.47804192955695013,299.51828564845675,-0.4817143515432558,0.4757655472866602,400.47333461443384,0.4733346144338015,-0.1476832537853044,199.84988581336182,-0.1501141866381631,-0.5717611813368041,99.42580788581024,-0.5741921141896628,-1.0229601121604226,999.5091766042319,-1.4310858188810371,-199.92215126936603,503.17388355702826,4.355679661682903,-341.5864121488753,407.64003376667523,-0.45075804743723236,-445.8317147126407,208.27705572403417,-3.104221997293159,-499.78641172501796,44.266310861082346,2.5022956643534733,6.196867418996894,-199.3432884135119,-4.844424865631232,0.8640756639649837,-199.2172265126658,0.7827734873342125,-0.1670946840947177,-200.16952561694757,-0.16952561694757634,-0.29177557930197234,-200.41726796483488,-0.29420651215483096,0.2012160563816446,-199.635393320344,0.3646066796559788,200.48165059960894,502.5848412383126,3.7666373429672655,354.8163435466982,405.3912488453051,0.8574937385981278,458.3055791322754,207.72242607992092,7.443298562781562,507.643436126791,40.24249452626125,-0.589114381491211,5.619517290876471,-202.5781689360479,-3.963225202193744,-0.7168940326217327,-200.76766293683102,-0.767662936831003,0.6538722127095706,-199.3484830791504,0.6515169208496299,-0.9367067918277882,-200.93913772468062,-0.9391377246806468,0.8799142905026476,-199.12251664235023,0.877483357649789,-151.0723743169862,-92.95383563371914,7.002681250051317,-150.9705017005165,-443.18720806732756,6.769443406835904,-150.44900079805845,-892.3304621147914,7.626054768979065,-1.1012916022416162,-201.10372253509448,-1.1037225350944748,151.9474391876588,-107.23537292839296,-5.311364965937511,152.47533650250503,-456.7074756135467,-4.783467651091289,153.618683413538,-905.5641287025139,-3.640120740058269,-0.585855640006885,-200.65111572866357,-0.6511157286635318
289,2.89,-0.4460344291864523,699.5416202751355,-0.4583797248645164,-0.8210644170929859,549.1665902872289,-0.8334097127710504,-0.9574040074154347,299.025340512133,-0.9746594878669547,0.23812832368394707,400.2257830280059,0.22578302800588262,-0.4913119611682481,199.49634274315366,-0.5036572568463125,-0.8875361045521261,99.10011859976973,-0.8998814002301903,-0.807550228511225,999.6919825380887,-1.233340107475056,-199.91174747735693,502.81777483884787,4.203319348892827,-341.57515954264426,406.8658473964156,-1.084311384615101,-446.623969299616,207.62423537040485,-3.420274705858699,-499.76309514251517,43.23741435928988,2.4044745970099983,5.955202319520385,-198.79532820581977,-4.777055186966013,0.6089856205652868,-199.4289654190089,0.5710345809911013,-0.31010296169496815,-200.32244825737303,-0.3224482573730325,-0.191754852182196,-200.43400920934545,-0.20410014786026046,0.018689377898663956,-199.90489803476754,0.09510196523248281,200.36695472980472,502.10155716510576,3.4871016751507136,355.5310896262736,405.18681684082514,1.4472321973104898,458.53251193484766,207.223308232662,7.425222870873684,507.2073950580796,40.14645399896354,-0.5500629300706896,4.699439485928458,-203.64573385584515,-4.316267321737297,-0.5446462008639157,-200.57714176090877,-0.5771417609087758,0.6540667383243095,-199.3577853161209,0.6422146838791445,-1.1044712331481275,-201.11681652882618,-1.1168165288261918,0.910223003086625,-199.10212229259145,0.8978777074085607,-151.60705004507543,-94.1240819732843,6.238473374796061,-151.11626764695973,-444.013181985063,6.350251002625921,-150.6044487508923,-893.1214806791012,7.241074668979218,-1.1968896941838216,-201.2092349898619,-1.2092349898618862,151.75379763907273,-106.72823596591833,-5.240146022871117,151.99177589156088,-456.4902577134302,-5.0021677703829805,152.82352497199173,-905.6585086329994,-4.170418689952124,-0.4988736459769254,-200.5316165821087,-0.5316165821087318
290,2.9,-0.6546189496578728,699.2965544587682,-0.7034455412317573,-1.156783949776472,548.7943894586497,-1.2056105413503566,-1.324901157889855,298.6111478166657,-1.3888521833342384,0.034974161614411026,399.98614757004054,-0.013852429959473556,-0.986373745678998,198.96479966274705,-1.0352003372528826,-1.0943746939862355,98.85679871443982,-1.1432012855601201,-0.6152304968191203,999.8779249737968,-1.0321543512771632,-200.0344469556707,502.2930551587563,3.8824744577134602,-341.77378157399755,405.8715817421958,-1.9173035111612888,-447.42394398053705,206.93118865934156,-3.7464079441413496,-499.48584611589706,42.456850927973896,2.5262750582214606,5.870189701026402,-198.07088841571525,-4.498398292961461,0.10591066509697405,-199.9493900724139,0.05060992758611421,-0.4928183296560264,-200.5416449212299,-0.541644921229911,-0.2662417321354165,-200.64958403431316,-0.3150683237093011,-0.10561300765529726,-200.1174398088545,-0.11743980885445934,200.3209203004197,501.6584137407433,3.2478330397004433,356.05044408267867,404.7704250999484,1.8331158825289164,458.80429301902427,206.75930029983982,7.435925057960759,506.59072924288455,39.934311733494276,-0.6530369927791886,3.8958421469791444,-204.57800531536014,-4.513319234397005,-0.3749002460179579,-200.43026867063642,-0.43026867063644575,0.5118228955065668,-199.5344988104003,0.4655011895997607,-1.0630336708067496,-201.11186026238065,-1.1118602623806342,0.8038519007502469,-199.24497469082365,0.7550253091763626,-151.91739350937814,-95.10971565367693,5.650629732201121,-151.24729284443612,-444.77486003881313,5.989942368760791,-150.8661381175877,-894.0584602618865,6.701885123991557,-1.3026504588874719,-201.3514770504614,-1.3514770504613567,151.57356425935674,-106.2204245375762,-5.16061127330641,151.62173486232865,-456.1722539346043,-5.112440670334532,152.19486853620666,-905.5991202607263,-4.539306996456505,-0.33054413264340665,-200.38452805538503,-0.38452805538498586
291,2.91,-0.5733069960528162,699.2762965139061,-0.7237034860939343,-1.2072923170087622,548.64231119295,-1.3576888070498807,-1.3961206002777526,298.41720127893393,-1.582798721066049,-0.04705451247724657,399.8025489974816,-0.19745100251836512,-1.4362276273200774,198.41337588263875,-1.586624117361196,-0.9881743686651203,98.86142914129373,-1.1385708587062386,-0.5757878908807857,999.975749909884,-0.9187845467212483,-200.1351701269274,501.7130217841068,3.5064124629503644,-341.8757774156957,404.92743773625386,-2.679510902322697,-448.0711168434957,206.31859084347002,-3.9625908612361833,-498.76040916783995,42.08651270688475,3.026005509366642,5.9561485466335125,-197.19753539428098,-4.0354487969199635,-0.4875700044102811,-200.63924132937336,-0.6392413293733658,-0.5526232399148416,-200.70301972995597,-0.7030197299559602,-0.38395935527454556,-200.91341180531296,-0.534355845315664,-0.1822466580534618,-200.32063107485774,-0.3206310748576849,200.58803502306841,501.4618618086614,3.255082648653868,356.4380480500545,404.1697704073789,2.040998410832593,459.08427682629633,206.2572583535615,7.401258079048884,506.00537399798316,39.79503076678826,-0.7279387374622146,3.312697040435256,-205.3119179618036,-4.4950213720850325,-0.16034394959274217,-200.31239447405673,-0.3123944740566803,0.3356975040292403,-199.80479197101647,0.19520802898356157,-0.7944019872085741,-200.94479847724972,-0.9447984772496926,0.6829668138552906,-199.46742967618584,0.5325703238141721,-151.71261717951572,-95.65737211645734,5.492295334422288,-151.22520259000356,-445.40036785563166,5.766927458010731,-151.04871906943106,-894.9934740063727,6.156193444506957,-1.2802827498672191,-201.43067923990836,-1.4306792399083377,151.5451007776754,-105.61321988691242,-4.973818424581662,151.57755150008384,-455.58076916450403,-4.941367702173248,151.8645485725786,-905.2937720920092,-4.654370629678484,-0.08731815600185838,-200.23873018476283,-0.2387301847627905
292,2.92,-0.21769125787783056,699.4215263178633,-0.5784736821368381,-0.9205129103865034,548.7187046653544,-1.2812953346455114,-1.0999855646214796,298.47144900114705,-1.5285509988529515,0.0008706816912409376,399.64008825743235,-0.359911742567767,-1.639375600047306,197.99984197569364,-2.000158024306314,-0.5206993610295352,99.11851821471144,-0.881481785288543,-0.7798921403043699,999.9385295508631,-0.940161786053108,-199.96576868304822,501.2831123420102,3.281125449293657,-341.59117434997074,404.28182212702893,-3.1225820613749535,-448.5181831420857,205.78870064031182,-4.0673320002790625,-497.55439856593847,42.121114747567006,3.894898577366424,6.182641554242547,-196.25327945480322,-3.4658264726363934,-0.8908624986802585,-201.25184042520647,-1.2518404252064572,-0.37856916684836506,-200.73935159110738,-0.7393515911073728,-0.34393926861836766,-201.03923740348125,-0.7047216928773758,-0.2104411512901012,-200.56818644780714,-0.5681864478071154,201.23654043261462,501.5369256045721,3.533661384576167,356.88605364312536,403.5359932809155,2.219955214972435,459.3881104855326,205.69105755329338,7.2941072305999555,505.70693854636704,39.95777709968372,-0.5667800770696658,2.960198976357251,-205.8837101688539,-4.302563669257184,0.11442004593004612,-200.24668807701804,-0.2466880770180045,0.2802915891642189,-200.0499750805834,-0.04997508058335176,-0.35813625293897944,-200.71891867719802,-0.7189186771979874,0.6481481962895509,-199.7126342279695,0.28736577203054314,-150.93541190815097,-95.75229105353172,5.7780194948838295,-150.92243379627854,-445.8626427033376,5.721965484970315,-150.96851202672957,-895.7853911721104,5.744919376305235,-1.043701589636552,-201.4044840138956,-1.4044840138955597,151.77425701366195,-104.84570722329205,-4.618635097875378,151.94779740832882,-454.6721668286251,-4.445094703208503,151.83580419332796,-904.7841600436261,-4.557087918209367,0.2546365191231959,-200.10630164304254,-0.10630164304251877
293,2.93,0.21071137267159507,699.5366810670372,-0.46331893296289295,-0.40059241697141135,548.9253772773941,-1.0746227226058995,-0.5349540226815572,298.6923919741171,-1.3076080258829608,0.11225096091360959,399.4382206552792,-0.561779344720879,-1.497219088852989,197.82875060551254,-2.1712493944874773,0.160595997428447,99.48656569179397,-0.5134343082060413,-1.1839172989167,999.8039672566284,-1.0585928013640131,-199.41932888140715,501.12619978616317,3.332609972893207,-340.85951729264224,404.0033876528022,-3.178107530476197,-448.8900340380548,205.2212708038141,-4.181955852018977,-496.09723864763134,42.343252231898276,4.912048516490611,6.438067449568095,-195.34839728861579,-2.899567709274388,-0.8997211845492542,-201.57375149018372,-1.5737514901837428,-0.0039296452287160555,-200.67795995086323,-0.6779599508632045,-0.03474244807047111,-200.93868181519014,-0.7087727537049597,-0.1823948262214015,-200.85582708594444,-0.8558270859444048,202.0683202216928,501.69208492614234,3.8917633341271127,357.50116979583515,402.98464419194624,2.483179608960041,459.74871806142824,205.1015906198004,7.154280487749352,505.7992963398203,40.526590306793025,-0.06446854019931669,2.7624775032290456,-206.36635235500654,-4.014576463809777,0.3866451165092706,-200.2874351366369,-0.2874351366368773,0.4070583076834283,-200.19376850837682,-0.19376850837680848,0.16831082534896716,-200.50571948028553,-0.5057194802855213,0.742752769805016,-199.9312775358295,0.06872246417052763,-149.83530992768695,-95.63658091640932,6.265397868825736,-150.36811845571998,-446.22080093798206,5.811431114111533,-150.55677315633048,-896.3580441450529,5.5439346401822345,-0.6129598654861783,-201.2869901711207,-1.2869901711206666,152.24142438894955,-103.93307373341827,-4.109932402668526,152.5886326049303,-453.5858655174375,-3.7627241866877843,151.97592658595488,-904.1985715364128,-4.375430205663185,0.6844714664657252,-199.98955883916875,0.010441160831236806
294,2.94,0.49465336323980524,699.5139450553492,-0.48605494465085736,0.17305553698718829,549.1923472290965,-0.8076527709034746,0.06442385638684597,298.97196025816254,-1.0280397418374974,0.19864732559719445,399.21793901770667,-0.7820609822934685,-1.0647018364033072,197.95458985570605,-2.04541014429397,0.7888818848932369,99.80817357700258,-0.19182642299742586,-1.6055891044470365,999.6450152675848,-1.201166632361579,-198.67071380810359,501.19262506934,3.6219235248852346,-339.90833138202544,403.97702200723165,-2.96211633443684,-449.3774802308622,204.53360583995686,-4.391379689261415,-494.8128922331989,42.445115416728775,5.765540114911761,6.547841238394508,-194.55487450135416,-2.4084381235953085,-0.5414792637632446,-201.5221875716539,-1.5221875716539075,0.41962187945230417,-200.5610864284384,-0.5610864284383589,0.44947584727816914,-200.6542939132925,-0.5312324606124939,-0.11310520155702283,-201.09372179613678,-1.0937217961367582,202.7476863358246,501.70233264744843,4.10376231296042,358.18903643588806,402.5347413547535,2.8460007681037114,460.1141308467718,204.54897851087816,7.04023213798231,506.12378426898795,41.39796301119582,0.7229334184747942,2.625420485985676,-206.74815793347773,-3.62361978390995,0.5353214292655923,-200.44538687862513,-0.4453868786250703,0.5985038531089691,-200.24544233131468,-0.24544233131466642,0.6749475825893849,-200.3057607253013,-0.30576072530127807,0.9093655381535554,-200.0713427697371,-0.07134276973710763,-148.82348804236952,-95.60927829109627,6.654599191021211,-149.75869401151317,-446.5611751284682,5.946047492899973,-149.90536434125448,-896.6911545899814,5.572722892136232,-0.10361145001731886,-201.084319757908,-1.0843197579079817,152.7874220346988,-102.92799646063808,-3.499510142862812,153.20740962175125,-452.5080088735856,-3.0795225558103585,152.10462369489107,-903.6107948004458,-4.182308482670571,1.0967400166970795,-199.88396829119358,0.11603170880641667
295,2.95,0.530431481711577,699.4191433797156,-0.5808566202845121,0.6339422865191082,549.5226541845229,-0.4773458154769812,0.4797982486940609,299.2698864491311,-0.7301135508689436,0.20523459742416456,399.09394649542827,-0.9060535045719249,-0.5192681756894376,198.3694437223145,-1.6305562776855271,1.1458287904171796,100.0345406884211,0.03454068842109037,-1.845468671027023,999.4919760646312,-1.3377343687180256,-198.04816363658125,501.33447850910227,4.025409970291987,-339.0904842042262,404.0252973647355,-2.655237761831598,-450.03819530767646,203.8361724221769,-4.591280042058521,-494.0563583215493,42.25086474071226,6.272840936163135,6.344069227762649,-193.88488614784472,-2.0039875900900532,-0.032757675643536266,-201.14404577763963,-1.144045777639626,0.7262205328991544,-200.38506756909692,-0.38506756909693485,0.8752654650335443,-200.2873222826713,-0.2360226369625451,-0.04609546836027702,-201.1573835703564,-1.1573835703563666,203.03263270667594,501.4986283459253,4.098797424577591,358.741081614468,402.1552156779047,3.2688605377506,460.3166700563495,204.0403266453942,6.955195632456558,506.35309470425864,42.32602151624626,1.6244856524235547,2.484259888283627,-206.92942245976846,-3.033260858030182,0.4471982137812036,-200.6640898882149,-0.6640898882148857,0.6503968600323555,-200.26182788548135,-0.2618278854813366,1.0345883989981335,-200.07669970299796,-0.07669970299795592,0.9685636753762261,-200.14272442661988,-0.1427244266198633,-148.23317363965995,-95.82697841182107,6.786359480137209,-149.29843196533722,-446.8964568498749,6.07108072087536,-149.1964219823556,-896.7902267545169,5.8231111374415665,0.3488962608385193,-200.76239184115758,-0.7623918411575695,153.20844232993383,-101.8726423692213,-2.826559394481307,153.57623379022448,-451.5048509089306,-2.4587679341906856,152.12031732349803,-902.9607673756573,-3.9146844009171193,1.3095201005274832,-199.80176800146862,0.19823199853139406
296,2.96,0.3646897693420558,699.3836086658243,-0.6163913341756593,0.8957542105630761,549.9146731070454,-0.08532689295463891,0.6749667697925555,299.6261026563024,-0.37389734369762384,0.14282805247444513,399.1617469489569,-0.8382530510432702,-0.044915605402960274,198.97400329107933,-1.0259967089206756,1.2337010303684803,100.25261992685077,0.25261992685076523,-1.8452234278667623,999.3196364588241,-1.493961601850282,-197.75602396127474,501.43435187529224,4.4581140729417825,-338.6346795762537,404.0180889783987,-2.396786112521953,-450.70405122342663,203.38017231731152,-4.546904389135388,-493.85690318471705,41.83369531021958,6.493291236630357,5.761414424263863,-193.35086578803876,-1.6966417810879466,0.4060825382093062,-200.57499856530842,-0.5749985653084091,0.8310119392293224,-200.15006916428842,-0.15006916428839312,1.0912221258828727,-199.90651353418878,0.11014102236515733,0.012660387514172755,-200.96842071600355,-0.9684207160035427,202.93910111221714,501.1908640244976,3.9817424830309385,359.03074572131754,401.82303302180594,3.707457832587382,460.22306979218513,203.53941200689167,6.853136183087635,506.2365548929157,43.076761937786905,2.4449579751716297,2.3093603974029717,-206.8635451380204,-2.2098849421681765,0.09604625724977739,-200.88503484626796,-0.8850348462679377,0.47734631510176506,-200.27775892519685,-0.27775892519684553,1.2171447003150162,-199.7639364032027,0.23606359679730082,0.7444920679098117,-200.2365890356079,-0.23658903560790345,-148.15379886684434,-96.27566487482149,6.666989312609342,-149.03751117738693,-447.16020817476175,6.184531959481765,-148.57982776365702,-896.7016937716342,6.2409604157966765,0.6964644673177441,-200.28461663619998,-0.28461663619997113,153.40220169135915,-100.80565207404521,-2.121110140127507,153.68190355937608,-450.52595020602826,-1.841408272110567,152.0771067141946,-902.1307470512098,-3.4462051172920525,1.1845140685732667,-199.79656703494445,0.2034329650555513
297,2.97,0.14241579102621768,699.465954552539,-0.5340454474611294,0.9832300843698272,550.3067688458825,0.3067688458824802,0.7862484894505817,300.07346813049276,0.07346813049267897,0.08023772985803906,399.4037764913708,-0.596223508629308,0.2852579078533134,199.608796669366,-0.3912033306340338,1.262530499388597,100.58606926090127,0.5860692609012502,-1.721393634658938,999.1003973710016,-1.6984666891105389,-197.73871604180098,501.4678128010887,4.901729963993274,-338.5277699760014,403.91128473254645,-2.251365875085478,-451.1182756704899,203.33394810121877,-4.125823746029616,-493.9334022304359,41.42177248837366,6.627480122104483,4.911574776586086,-192.99298983711117,-1.521769247425788,0.6875680770377438,-199.9888931614496,0.011106838550396625,0.7591390051106822,-199.91732223337667,0.08267776662333515,1.1601542781741936,-199.52051789166057,0.48369303968684646,0.13055371090930978,-200.54590752757804,-0.5459075275780374,202.70855510788448,500.9544349664676,3.9169104265143586,359.1180667552602,401.5513598067762,4.129470904131205,459.90812124672226,203.0605637331217,6.727270784620984,505.7851370778906,43.54986451468426,3.0496729934657667,2.110241219175914,-206.6420327473808,-1.2879812045964047,-0.4124137218560531,-201.0888749603434,-1.0888749603434,0.19394814142518685,-200.2810204959056,-0.2810204959056024,1.338468731076178,-199.33799250741117,0.6620074925888308,0.2611624450816312,-200.41529879340573,-0.4152987934057156,-148.42078408295106,-96.8362965791911,6.398240838468873,-148.88349921880462,-447.2991391513962,6.293920376358416,-148.11852292831378,-896.5340354245538,6.7005019931061485,1.0052313993641948,-199.67122983912316,0.32877016087684785,153.42777592043907,-99.8002935946418,-1.4371028920776427,153.6723637632219,-449.5557057518589,-1.1925150492948098,152.12763490637047,-901.1004346087104,-2.73724390614623,0.7526374313429209,-199.92382380714443,0.07617619285557381
298,2.98,-0.010805610635563123,699.6160666694275,-0.3839333305726351,0.9859180949180342,550.6127903749809,0.6127903749809621,0.927239923659506,300.538743306147,0.5387433061469205,0.07588582925546511,399.70275810931855,-0.2972418906816071,0.49847054329647245,200.12534282335946,0.1253428233594,1.3980327694352428,101.02490504949822,1.0249050494981709,-1.625265860431298,998.8629718878904,-1.9242456710006604,-197.81087868689457,501.4697618363987,5.320136505799091,-338.5995797558428,403.74697743681634,-2.2110960819381575,-451.1950725447473,203.60504747091417,-3.4800114788467793,-493.99322678885426,41.18437494890229,6.800456531577106,4.0674527714159066,-192.8202066639905,-1.480006859608333,0.8393579668185474,-199.53376975311852,0.4662302468814751,0.6092168182211827,-199.76391090171586,0.23608909828411023,1.2244989170217213,-199.14945798446112,0.851371197084649,0.3403902570513768,-200.03273746288568,-0.03273746288569568,202.57362088655486,500.87999353019757,3.976499632649533,359.1474030956656,401.3734442597196,4.493269479587937,459.59421605007543,202.6928707230805,6.631839385434042,505.23851169985187,43.784173236798466,3.4072250881546493,1.9327790889000336,-206.41665322173748,-0.5029142116930525,-0.8865928629862041,-201.25972058292328,-1.2597205829232763,-0.027919793610114985,-200.25437837508474,-0.2543783750847202,1.5066488600306638,-198.86647885990638,1.1335211400935914,-0.25311852050822853,-200.62624624044525,-0.6262462404453003,-148.76038211366074,-97.34318883021645,6.116836289076391,-148.75141205296433,-447.3342187695201,6.386779351786254,-147.81960187118142,-896.4024085877372,7.057616531555714,1.3253874976691797,-199.0477402222679,0.9522597777321075,153.40938431390256,-98.98428446618479,-0.8698744676958312,153.67545305768243,-448.718215722405,-0.6038057239160013,152.33115364722772,-900.0625151328597,-1.9481051343706732,0.22212020947479108,-200.15100751046228,-0.1510075104622811
299,2.99,-0.07049350532447499,699.7302834130606,-0.26971658693947786,0.9754210218411936,550.7761979402262,0.7761979402261908,1.0527963470469632,300.8474215915252,0.8474215915250577,0.10645259786680143,399.9072295162519,-0.09277048374820157,0.6147269109638714,200.41550382934895,0.41550382934886815,1.559271516222065,101.36004843460711,1.3600484346070625,-1.5977120493834729,998.6997177179462,-2.0809634136034,-197.85525553627426,501.4692003368532,5.593467572019123,-338.6795356915078,403.6234072064838,-2.2181427445117063,-451.11581785887375,203.88134774116435,-2.9916878721042477,-493.97798355416546,41.1120435522967,6.951323227573987,3.543236662469311,-192.77032095877547,-1.4991759909245734,0.9074760996951075,-199.29174698191986,0.7082530180801043,0.49597165576266683,-199.70325142585233,0.29674857414766354,1.2988335307458794,-198.90051670997755,1.0996104491308767,0.526530265750283,-199.67269281586465,0.32730718413527987,202.55715857142656,500.9020173557542,4.073209390588124,359.17760625697883,401.29567886828255,4.717284166182592,459.4294394387035,202.50597799610432,6.5954961557527625,504.8805044325985,43.87144351079482,3.562371770022162,1.829433593916602,-206.28780709975842,-0.05792578955393793,-1.161614769079181,-201.36083785069417,-1.3608378506941838,-0.12503273808196408,-200.22053657561128,-0.22053657561127854,1.6604508513670901,-198.53877223024784,1.4612277697520872,-0.5642188122154537,-200.76344189383045,-0.7634418938304564,-148.96893589656915,-97.64117941247707,5.943671548210019,-148.6563268477448,-447.32857036365283,6.440831503785198,-147.67430534791083,-896.3465488638187,7.238302096868363,1.5609439510017409,-198.63827913061323,1.3617208693867378,153.4057123470627,-98.51690367168844,-0.5403923692766301,153.70012465072614,-448.222491368025,-0.2459800656131954,152.53599092233299,-899.3866250964184,-1.4101137940063575,-0.13569330267994473,-200.33491638429496,-0.3349163842949478
