frame,time,Head_x,Head_y,Head_z,Neck_x,Neck_y,Neck_z,Spine_x,Spine_y,Spine_z,Spine1_x,Spine1_y,Spine1_z,Spine2_x,Spine2_y,Spine2_z,Spine3_x,Spine3_y,Spine3_z,Hips_x,Hips_y,Hips_z,LeftShoulder_x,LeftShoulder_y,LeftShoulder_z,LeftArm_x,LeftArm_y,LeftArm_z,LeftForeArm_x,LeftForeArm_y,LeftForeArm_z,LeftHand_x,LeftHand_y,LeftHand_z,LeftHandThumb_x,LeftHandThumb_y,LeftHandThumb_z,LeftHandIndex_x,LeftHandIndex_y,LeftHandIndex_z,LeftHandMiddle_x,LeftHandMiddle_y,LeftHandMiddle_z,LeftHandRing_x,LeftHandRing_y,LeftHandRing_z,LeftHandPinky_x,LeftHandPinky_y,LeftHandPinky_z,RightShoulder_x,RightShoulder_y,RightShoulder_z,RightArm_x,RightArm_y,RightArm_z,RightForeArm_x,RightForeArm_y,RightForeArm_z,RightHand_x,RightHand_y,RightHand_z,RightHandThumb_x,RightHandThumb_y,RightHandThumb_z,RightHandIndex_x,RightHandIndex_y,RightHandIndex_z,RightHandMiddle_x,RightHandMiddle_y,RightHandMiddle_z,RightHandRing_x,RightHandRing_y,RightHandRing_z,RightHandPinky_x,RightHandPinky_y,RightHandPinky_z,LeftUpLeg_x,LeftUpLeg_y,LeftUpLeg_z,LeftLeg_x,LeftLeg_y,LeftLeg_z,LeftFoot_x,LeftFoot_y,LeftFoot_z,LeftToeBase_x,LeftToeBase_y,LeftToeBase_z,RightUpLeg_x,RightUpLeg_y,RightUpLeg_z,RightLeg_x,RightLeg_y,RightLeg_z,RightFoot_x,RightFoot_y,RightFoot_z,RightToeBase_x,RightToeBase_y,RightToeBase_z
0,0.0,-1.9139660921551187,1698.086033907845,-1.9139660921551187,-4.484806213774883,1545.5151937862252,-4.484806213774883,-3.4491521366859406,,-3.4491521366859406,-2.7631386666015816,1397.2368613333983,-2.7631386666015816,-0.4090871351264294,1199.5909128648736,-0.4090871351264294,0.05162507733499906,1100.051625077335,0.05162507733499906,0.2936237219673965,1000.2936237219674,0.2936237219673965,-194.99308437517738,1496.6209447016229,-3.379055298377194,-366.99150589758926,1376.7412380128533,11.47548113724448,-462.60823951083165,1224.1664700446402,-7.994281831552337,-493.26948351903945,1039.2911208082612,8.952897222789645,-10.929558793999913,777.2605647244862,-0.5104811212950777,2.104752018449502,802.1047520184495,2.104752018449502,0.6119891292049613,800.611989129205,0.6119891292049613,8.192462350319856,808.1924623503198,8.192462350319856,0.3037247325160593,800.3037247325161,0.3037247325160593,205.1390397705406,1500.1060274606866,0.10602746068668627,336.07689772771886,1386.128544644769,-1.060008151330185,462.0412889101126,1186.5045861066471,-9.300727900712468,507.05028304996995,1067.4739685900227,-10.537880028922755,4.281750688478847,801.1731993995763,-7.625189049292696,-0.09130812391026542,799.9086918760897,-0.09130812391026542,-1.1965877959227218,,-1.1965877959227218,-2.8825807272057333,797.1174192727942,-2.8825807272057333,-0.10601937360005738,799.8939806264,-0.10601937360005738,-147.82601006774496,902.173989932255,2.1739899322550538,-151.89153650306315,548.1084634969369,-1.8915365030631435,-148.8156130608676,101.18438693913238,1.1843869391323871,-0.7465669769359548,799.2534330230641,-0.7465669769359548,149.31710291346982,899.3171029134699,-0.6828970865301855,151.23832464250822,551.2383246425082,1.2383246425082097,146.78730186248617,96.78730186248617,-3.212698137513828,-0.5264556249700318,799.47354437503,-0.5264556249700318
1,0.01,-1.0872724632254571,1698.8901108973791,-1.098580503878372,-1.1687085777980766,1548.8086747828065,-1.1800166184509915,-1.234859015373497,1298.7425243452312,-1.246167056026412,-2.35112659037254,,-2.3624346310254554,6.12164832930548,1206.0990316899101,6.110340288652565,3.794743896315711,1103.7721272569204,3.7834358556627956,1.94622410627225,1001.9236074668769,1.9349160656193352,-191.18240804990953,1501.1380201276907,0.9118715914132215,-364.16448382955457,1380.3341130555368,14.626796350442467,-465.81946925165533,1220.7716090872023,-12.132009051712409,-489.5982941908585,1043.5030546716673,11.997042145778545,-13.769072973661574,774.6601038292615,-2.407532473878004,-1.2711181813950847,798.7062651792095,-1.2824262220479996,-0.5388680312681715,799.4385153293364,-0.5501760719210865,-0.43891299751260826,799.538470363092,-0.4502210381655233,-1.5705292660302506,798.4068540945743,-1.5818373066831655,202.5824791988449,1498.3405508653332,-1.8855976709442501,333.97036583000147,1383.794723816627,-3.2510796823520547,460.69988211694954,1186.9014869080568,-9.331677625481579,510.57607861233447,1069.1067054707391,-7.955605660639131,2.5452348923023815,799.5862604044049,-9.72837567097323,-1.0599996695817504,798.9173836910228,-1.0713077102346653,2.950027280034445,802.927410640639,2.93871923938153,1.590559355326004,801.5679427159306,1.579251314673089,3.8001840970684286,803.7775674576731,3.7888760564155133,-152.82206068546722,897.9319835241696,-2.5958719844858695,-150.35456899163043,550.3994752180063,-0.12838029064908885,-149.58434009298603,101.16970411665072,0.6418486079953283,0.20957229272535383,800.18695565333,0.19826425207243883,152.38115902235202,901.6271148127153,2.154970321370688,149.79390905988217,549.0398648502454,-0.4322796410991603,146.50800348996168,95.75395928032496,-3.7181852110196587,-5.180035926173403,794.7973474344312,-5.191343966826318
2,0.02,4.886646180790275,1704.8414298667747,4.864040255859773,-5.090063648766859,1544.8647200372175,-5.112669573697361,-2.541702259459922,1297.4130814265243,-2.5643081843904247,-3.1474172750109397,1396.8073664109734,-3.1700231999414425,-1.6054696068440273,1198.3493140791402,-1.6280755317745297,,1103.3656207451804,3.3882311342656086,-4.83776174734334,995.117021938641,-4.860367672273842,-188.92004742341803,1504.1178566001247,3.6658362748515607,-367.04844722869007,1378.1925384176993,11.962378944667027,-468.8364544395213,1217.470789064006,-16.098243753388182,-492.0003670241784,1041.7503692687824,8.99203369980522,-10.006728943967314,778.6145342746474,2.194391417467557,0.045157946679405925,799.9999416326636,0.022552021748903417,1.2865587321095167,801.2413424180938,1.2639528071790143,-3.808363080036915,796.1464206059474,-3.8309690049674177,-1.8430335108201614,798.1117501751642,-1.8656394357506638,205.15276818020774,1501.7081154886794,1.2560951634060833,334.377331671051,1383.9430258315463,-2.9813192355477844,461.39903138083605,1189.4083173210968,-7.249336405588948,505.4488474397998,1062.106540213988,-13.900096548694986,5.8882805559167535,803.1170722095616,-6.666811053467246,0.3834939308787201,800.338277616863,0.36088800594821757,-0.5510824544002859,799.403701231584,-0.5736883793307885,0.4695704249124396,800.4243541108967,0.4469644999819371,-1.6721426512043842,798.2826410347799,-1.6947485761348866,-151.25742156645555,900.2510377352139,-0.8050803896268011,-150.04580000439938,551.4626592972701,0.40654117242938004,-150.4260692905146,101.08239001115487,0.02627188631416688,-4.831535961072043,795.1232477249123,-4.854141886002545,150.03019602022442,898.521736718555,-0.4221451566043176,145.72086548592674,544.2124061842572,-4.731475690902007,150.29641102437495,98.78795172270551,-0.15593015245378927,-0.015045482984167718,799.9397382030002,-0.037651407914670226
3,0.03,-4.536346981988504,1695.395870951488,-4.570230483569079,1.7251716838646303,1551.657389617341,1.6912881822840555,-1.560685869071453,1298.371532064405,-1.5945693706520276,0.10346427638426668,1400.0356822098609,0.069580774803692,-0.32293643986678966,1199.6092814936098,-0.3568199414473643,3.4720009315001623,1103.4042188649767,3.4381174299195876,-0.12325248601292535,999.8089654474636,-0.15713598759350003,-192.11720260009315,1501.6483979339573,0.9710590073027641,,1380.9701730790998,14.137060640532026,-462.9243507319176,,-11.15459138466775,-490.75564264896644,1043.7547821515602,9.66301635792245,-12.14821707378182,776.6180924274821,0.7850367297720724,-0.25191001661019397,799.6803079168664,-0.2857935181907687,0.25206950011189977,800.1842874335885,,-2.21707600053027,797.7151419329463,-2.250959502110845,-0.3401671537380655,799.5920507797384,-0.3740506553186401,210.1936163750482,1507.5514615106897,6.874122584035311,335.95174482727606,1385.22686417742,-1.5967246636217185,460.23230434321465,1190.113363460653,-6.965223543192258,508.68245268323057,1063.4978857897784,-11.349919097431597,8.304830867521037,805.7655300515344,-4.441720289799884,-3.6937042198370214,796.2385137136395,-3.727587721417596,-0.5031664306736787,799.4290515028028,-0.5370499322542533,0.19046901605184965,800.1226869495284,0.15658551447127497,0.6965807985428222,800.6287987320194,0.6626972969622474,-148.17097368838978,904.0926377035623,2.5074454935449384,-145.06266645069493,557.2009449412573,5.615752731239801,-150.4783944974616,101.78521689449055,0.20002468447312372,0.27068014834972687,800.2028980818262,0.23679664676915219,150.88144718130806,898.6178357893559,0.20302799937333216,148.62706592523398,546.3634545332818,-2.051353256700747,146.6809395082405,94.41732811628835,-3.9974796736942264,-3.0852658395770893,796.8469520938994,-3.119149341157664
4,0.04,3.1893299259990417,1703.0990329715457,3.144199296404012,1.3427911316964576,1551.252494177243,1.297660502101428,-0.8156137056666086,1299.09408933988,,4.046573797951082,1403.9562768434978,4.001443168356052,5.442172265067808,1205.3518753106143,5.397041635472778,-2.220582503202894,1097.6891205423437,-2.2657131327979236,,1001.4231183008468,1.4682846257051894,-194.67363957807726,1499.8290072034927,-1.0728213101715323,-367.396469657999,1379.2505474983282,11.735746878928113,-465.2255770839319,1220.221418550142,-14.439818071287863,-494.4808045225842,1040.9003747108213,5.397916700835814,-14.504415942399124,774.3606179340932,-0.9500897072330687,-0.3378438054885627,799.5718592400581,-0.3829744350835923,-1.0919222955902035,798.8177807499565,-1.137052925185233,-0.9946644691295261,,-1.0397950987245557,1.7856663855023265,801.6953694310489,1.740535755907297,201.3336107992461,1499.4981987229273,-1.4036297907368311,,1381.8037467044687,-4.939174082978767,460.6251562280898,1192.4365899778445,-5.059218716198236,509.4375575945364,1062.451456237676,-11.137812095763483,6.980827015187765,804.723085994885,-5.863007806784405,4.195600368837037,804.1053034143837,4.150469739242007,-3.6685794881486906,796.2411235573979,-3.7137101177437204,-1.557035194423914,798.3526678511226,-1.6021658240189436,0.5094911724259452,800.4191942179725,0.46436054283091555,-148.60114318477522,904.4187139005506,2.3032372584085485,-148.1227964915086,554.8970605938173,2.7815839516751595,-143.36301222880144,,7.541368214382335,-1.7124282533848472,798.1972747921618,-1.7575588829798767,149.04175053939866,896.0218934540728,-1.8626299037851015,149.02371104376604,546.0038539584401,-1.8806693994177226,149.73628321662247,96.71642613129664,-1.1680972265612832,5.903868537978932,805.8135715835256,5.858737908383902
5,0.05,-1.5327067602313493,1698.3545491821276,-1.589043943557759,-1.2338857538199905,1548.653370188539,-1.2902229371464002,-0.27778904709944424,1299.6094668952594,-0.33412623042585393,-0.1153693404708453,1399.7718866018881,-0.17170652379725498,-1.3126280122513703,1198.5746279301077,-1.36896519557778,4.129932808136154,1104.017188750495,4.0735956248097445,1.0150600277140651,1000.9023159700729,0.9587228443876554,-190.31744760956158,1504.9307104586176,3.805496279520626,-369.7649996020642,1377.5419567698154,9.268306651149553,-464.43173614624834,1220.4436044624076,-14.641784889746358,-490.00876622124684,1046.35407913035,9.367917948275434,-16.255232310383043,772.663702307947,-2.1935446853566773,0.48815233306298067,800.3754082754218,0.431815149736571,3.3069846144770474,803.1942405568359,3.2506474311506377,0.35075753676317206,800.2380134791221,0.29442035343676237,-0.3936979483941904,799.4935579939646,-0.4500351317206001,201.14624505126156,1500.120836983332,-1.0043771957647079,332.2925643137363,1380.8896158499692,-5.792089422616999,459.8203470833016,1193.6150753020759,-4.2941249322374295,506.6893351806984,1057.9519030268043,-14.283038648930878,6.078300746390106,804.1567734561277,-6.765215629778252,0.7392515996143485,800.6265075419732,0.6829144162879388,-0.4722578339166957,799.4149981084421,-0.5285950172431053,-0.4794827828432429,799.4077731595156,-0.5358199661696526,4.18908075034554,804.0763366927043,4.132743567019131,-146.24514244885967,907.5323963263389,4.885034230868893,-142.72889810688696,561.0486406683117,8.401278572841619,-149.5302573334337,104.24728144176494,1.5999193462948877,0.05320127534038405,799.9404572176992,-0.0031359079860256434,150.34024505528694,896.5627062800883,-0.7899316244416381,153.15386892331,549.3763301481114,2.023692243581433,146.70975964361546,92.93222086841682,-4.420417036113125,1.0617989027792354,800.9490548451381,1.0054617194528257
6,0.06,7.881680592211076,1707.746574106567,7.814187534613193,0.04571536755761951,1549.9106088819137,-0.021777690040262976,,1296.6924135061297,-3.2399730658242567,-0.44703465371174095,1399.4178588606442,-0.5145277113096234,-2.0642771096324464,1197.8006164047235,-2.131770167230329,-0.7699805954867138,1099.0949129188693,-0.8374736530845963,-2.6509761689854994,997.2139173453705,-2.718469226583382,-193.34278087483804,1502.6584561474021,1.3112339070979568,-367.8971488847796,1380.0388864699767,10.930994484352002,-459.02558993152246,1225.1873866364958,-10.239437846558632,-489.74435851441814,1047.709973547348,9.171740474426297,-11.53788703139767,777.392383720691,2.915772725929138,-1.1854470729756248,798.6794464413804,-1.2529401305735073,1.2409742676911217,801.1058677820471,1.1734812100932392,3.268451873073571,803.1333453874296,3.2009588154756883,2.467296280087515,802.3321897944435,2.3998032224896324,199.88020827365287,1499.6670764151381,-1.6801458251661345,330.6980194103421,1378.9074767202019,-7.731812102423297,457.8658706820524,1193.6909592195093,-4.627718978769491,511.79845691669743,1061.368736087364,-9.420451079725364,12.492820815164682,810.9665903080169,-0.25012190890089636,5.8047696356922165,805.6696631500482,5.737276578094334,-1.0950578865435527,798.7698356278124,-1.1625509441414352,1.214453488525841,801.0793470028818,1.1469604309279584,4.864488011117719,804.7293815254737,4.796994953519836,-149.40521450731117,905.1317655016669,1.950537155505184,-148.78148596253698,555.7554940464411,2.574265700279375,-146.54098615902168,107.99599384995632,4.814765503794663,-0.34177255439361603,799.5231209599624,-0.4092656119914985,148.6986513314088,894.1616713224308,-2.6571003314075696,149.22973491326158,544.6927549042837,-2.126016749554762,145.78077299867155,91.24379298969353,-5.57497866414481,-0.5498917980979983,799.315001716258,-0.6173848556958808
7,0.07,2.206803132036718,1702.0494357468872,2.1282149592322637,-0.4098742726005437,1549.43275834225,-0.4884624454049977,-0.5205371557080765,1299.3220954591425,-0.5991253285125304,3.040120986951859,1402.8827536018023,2.9615328141474047,0.01566711572634394,1199.8582997305768,-0.06292105707811008,2.264594002048819,1102.1072266168994,2.1860058292443654,1.7462021978104307,1001.5888348126608,1.6676140250059768,-194.67335282445418,1502.0876218892456,0.5200413463387011,-368.7838388166554,1379.7490598973154,9.733493297254247,-457.49197531733785,1225.970999037318,-9.713738076825637,-488.7516264557825,1049.9019753916355,9.748318338990236,-11.94609534184647,776.9559397462048,2.7834397326905496,-2.147198525473537,797.6954340893768,-2.2257866982779912,0.887617620689972,800.7302502355404,0.809029447885518,4.394957323777437,804.2375899386278,4.316369150972983,0.9133559929125475,800.755988607763,0.8347678201080935,201.00994730825718,1501.6103708075898,0.0427902646828191,332.9969299517771,1380.7866853764547,-5.828318478674937,457.9692936259823,1195.8658012627834,-2.858390905335934,513.6187827939681,1061.5639523494863,-7.69284602265388,11.477347939215992,810.4092957966499,-1.0629246024768297,2.3558934692975666,802.1985260841479,2.2773052964931124,1.5754735465734024,801.4181061614238,1.4968853737689485,-0.23289411680410538,799.6097384980463,-0.3114822896085594,2.384532687060972,802.2271653019113,2.305944514256518,-144.4118372622025,910.8866436786826,7.169202066501256,-148.44116503430075,556.8573159065844,3.1398742944030227,-141.5328965088942,113.76558443199089,10.048142819809566,-0.022597753665361098,799.820034861185,-0.10118592646981511,144.0661439911242,888.7676630502391,-7.51489533757957,144.34615348324817,539.047672542363,-7.234885845455594,145.07560314676925,89.77712220588415,-6.505436181934526,2.2798342249712666,802.1224668398216,2.2012460521668125
8,0.08,-0.9663369058503535,1698.8541531467793,-1.0559493858535836,-4.356007321578373,1545.4644827310512,-4.445619801581603,3.95523435661067,1303.7757244092402,3.8656218766074395,1.5557857022638444,1401.3762757548934,1.4661732222606143,-1.1179643668452317,1198.7025256857844,-1.2075768468484618,2.046807264960677,1101.8672973175903,1.9571947849574471,0.6594264398756082,1000.4799164925053,0.569813959872378,-190.59775560765857,1506.928696178949,5.142677416057184,-364.80360306091836,1384.2927932017037,13.298264632847212,-459.0270330163146,1223.6016260141535,-12.256905835851994,-485.2519800368345,1054.7056894911293,12.87862849275056,-9.980751851188156,778.8571679916133,,0.6340251763237165,800.4545152289534,0.5444126963204863,-4.459690023064519,795.3608000295652,-4.549302503067749,-1.4379260533431806,798.3825639992865,-1.5275385333464107,1.302408105461942,801.1228981580916,1.212795625458712,204.16865658395855,1505.5829187557722,3.796899992880309,328.99151101574563,1376.3299090420828,-10.278263324634036,453.0059251807983,1193.0087703742497,-6.116952087124425,,1056.134533191964,-11.508448380224367,9.556022014896797,809.0121455817927,-2.6784861410400933,1.1765980289097104,800.9970880815395,1.0869855489064801,-0.7604892377580672,799.0600008148716,-0.8501017177612973,0.6194539919675074,800.4399440445972,0.5298415119642772,9.04290889627156,808.8633989489012,8.95329641626833,-148.35064698869067,907.7116669046338,3.455314968745471,-144.34926743506753,561.7130464582569,7.456694522368615,-145.4508924259681,110.61142146735638,6.355069531468038,2.344811824962896,802.1653018775926,2.2551993449596663,146.41774589917682,890.3554320058523,-5.388216058259318,151.77311113246222,545.7107972391377,-0.03285082497391212,144.8251213625353,88.76280746921083,-6.980840594900829,-2.796893568987593,797.0235964836421,-2.8865060489908227
9,0.09,-2.737213895650753,1697.0612686889278,-2.837769861641297,3.72858186554935,1553.5270644501281,3.6280258995588057,0.004448391974212762,1299.802930976553,-0.09610757401633152,0.7153394086257411,1400.5138219932044,0.6147834426351968,3.229433539631688,1203.0279161242104,3.1288775736411436,0.2695479971645002,1100.0680305817432,0.1689920311739559,2.442439661159552,,2.3418836951690074,-195.8515956171221,1502.4451439902791,0.4428752835045402,-371.0277457431373,1378.5978394826936,6.555387360983197,-462.5916839353002,1219.1219121127222,-16.82591214733725,-488.44108328675213,1052.9215261197724,9.368787916936201,-8.780807125014007,779.9614680480674,6.154146250866137,-0.3467863890307349,799.4516961955479,-0.44734235502127917,5.716517729721447,805.5150003143001,5.615961763730903,-0.755342397331081,799.0431401872476,-0.8558983633216253,0.4659542836661318,800.2644368682448,0.3653983176755875,204.8827577342597,1507.1101445351464,5.107875828371872,331.0767029154134,1377.9327432027333,-8.685366359339229,453.24797928035986,1195.3858272078876,-4.137450516664186,510.96615578097436,1055.8913615692459,-10.061973456798864,11.272595455502447,811.3212792755985,,0.6462378933234626,800.4447204779021,0.5456819273329183,3.5447178611174115,803.3432004456961,3.444161895126867,0.5332365965450788,800.3317191811237,0.43268063055453454,0.6765062205390194,800.4749888051177,0.5759502545484751,-147.54642831571365,909.2822907318246,4.484000114223549,-152.835980547978,553.9927384995602,-0.805552118040799,-145.6474913843663,111.18122766317197,6.3829370455709125,-1.7905645190780097,798.0079180655007,-1.8911204850685541,146.1669429240125,889.3382238764742,-5.863485505924736,146.12532866589626,539.296609618358,-5.905099764040957,145.75701067391523,88.92829162637696,-6.2734177560219875,-0.5776098659118848,799.2208727186668,-0.6781658319024291
10,0.1,1.6567714190372298,1701.43339832736,1.5453627606734526,1.2869925352156428,1551.0636194435385,1.1755838768518654,2.095320565379914,1301.8719474737027,1.9839119070161368,2.6877018417937055,1402.4643287501165,2.5762931834299283,1.0357859730139436,1200.8124128813367,0.9243773146501661,1.1886861308325969,1100.9653130391555,1.0772774724688197,2.0578767993133313,,1.9464681409495541,-196.80110728347628,1502.2697941440058,0.05372953449552553,-371.58465936377655,1378.5350721198654,5.378235128264735,-455.45042430169394,1225.2711523500313,-10.681289426440431,-486.39578491004806,1056.4677858818484,11.143115684837898,-12.435674364839567,776.1843866473534,2.4321345089527746,-2.394934568600059,797.3816923397229,-2.5063432269638364,-3.7998071319494735,795.9768197763734,,1.0309890916249984,800.8076159999479,,3.7607603751916905,803.5373872835146,3.6493517168279133,197.63228960765585,,,331.7253669123889,1378.0689069117414,-8.575220498155817,452.7154206752776,1197.0105909734527,,507.6832381436513,,-12.967927651826322,10.583223810451424,811.2944720896485,-0.730841560048578,2.2695596477139137,802.0461865560368,2.158150989350136,1.6253596742559062,801.4019865825788,1.5139510158921285,2.2521469429576806,802.0287738512806,2.140738284593903,-10.04250689077768,789.7341200175453,-10.153915549141457,-143.84565514591205,913.7522451378312,8.408677429553697,-144.60006826412354,562.9978320196198,7.654264311342223,-143.50845583824375,114.08944444549952,8.745876737222002,-3.716433544759813,796.0601933635631,-3.8278422031235904,147.53741949371832,889.9395192099751,-4.716913081747439,,538.205315393048,-6.4511168986745355,144.55866507734584,86.96076479360258,-7.695667498119898,-0.1622840727975542,799.6143428355253,-0.27369273116133164
11,0.11,-3.8424354812963877,1695.9125041735965,-3.964596111862086,0.394856413214004,1550.149796068107,0.27269578264830563,0.5795717474955158,1300.3345114023884,0.4574111169298174,-3.2465522786050496,1396.508387376288,-3.368712909170748,-1.8835637120680508,1197.871375942825,-2.005724342633749,-3.2025812589696994,1096.5523583959234,-3.3247418895353977,1.5202270815264058,1001.2751667364196,1.3980664509607075,-197.9497140280374,1501.8982795305485,-0.528863899291095,-366.5746707889214,1384.003639059854,9.668624295668549,-456.4311103015424,1223.2254922660045,-12.646931761488384,,1057.7467562427519,10.610204861162542,-8.70482936164619,779.7719632989288,5.986304637659531,2.2153596323381004,801.9702992872312,2.093199001772402,1.9991946481714518,801.7541343030646,1.8770340176057534,-1.0013792059875877,798.7535604489055,-1.123539836553286,-0.9411364445425661,798.8138032103506,-1.0632970751082644,201.67845885048962,,3.098819859140111,329.59434565457104,1375.396301865483,-11.289236246287784,451.50502086028365,1197.9734163831488,-2.333207737893945,514.5099855850472,1056.7618244981209,-5.608942450942566,9.35237759806991,810.7970149138687,-1.3494175374144541,2.5605386507387635,802.3154783056319,2.438378020173065,1.2140908510480952,800.9690305059412,1.0919302204823969,-2.706222974269447,797.0487166806237,-2.828383604835145,-0.4860487997200029,799.2688908551731,-0.6082094302857013,-144.80463153037164,913.5653896599667,7.672920090671791,-146.39807739149654,561.9719437988418,6.0794742295468875,-142.83581028151906,115.53421090881932,9.64174133952437,2.7323370563675375,802.4872767112606,2.610176425801839,146.54182455514302,888.1718033648046,-5.935727065900395,150.83599662423896,542.4659754339006,-1.6415549968044552,145.87556021362494,87.50553902328657,-6.601991407418495,2.2884093665400487,802.0433490214332,2.1662487359743503
12,0.12,2.459814186243099,1702.1932515676601,2.3270121793339356,0.4766839874947013,1550.2101213689116,0.34388198058553776,1.083095730838393,1300.8165331122555,0.9502937239292295,2.192006596459022,1401.925443977876,2.059204589549858,1.573650334150476,1201.3070877155674,1.4408483272413122,0.9489332711554732,1100.6823706525724,0.8161312642463097,0.8158756649425487,1000.5493130463595,0.6830736580333852,-193.29107244167307,1507.3359941177562,4.700748975002131,-367.7004870762075,1383.3005163069934,7.726360627962192,-451.2723767168037,1227.2504933255848,-8.457529279986781,-486.1557721931645,1059.9739091190097,10.992093767723066,-6.312352792754795,782.0061278469763,8.09642096219936,0.7681497139094686,800.5015870953264,0.6353477070003051,2.5185100045261457,802.2519473859431,2.385707997616982,3.6701651557489,803.4036025371659,3.537363148839736,-0.73895352918736,798.9944838522296,-0.8717555360965236,201.62183817160874,1506.2743446300146,3.6390994872607787,332.25928110586534,1377.4918280171544,-9.249829453239883,457.5574602157912,1206.2085170610715,5.515966138654294,514.0649426354407,1055.1216384662534,-5.369148674202632,13.553890422043986,815.8027382231384,3.5626320312512725,2.0182761420122715,801.7517135234292,1.8854741351031081,2.4937198736990953,802.227157255116,2.3609178667899315,-0.04706781248252501,799.6863695689344,-0.17986981939168856,-0.27507456751240855,799.4583628139046,-0.4078765744215721,-141.13562963640052,918.0095716246758,11.564315117548443,-145.6209951040875,563.5242061569888,7.07894964986145,-145.95793114348461,113.18727011759165,,2.3599710057617367,802.0934083871787,,149.08568080385564,889.9404795427794,-3.614263950093305,144.38441192092372,535.2392106598475,-8.31553283302523,141.42758359685948,82.28238233578318,-11.272361157089488,-1.5403343679005181,798.1931030135164,-1.673136374809682
13,0.13,,1697.2405422198292,-2.614917311588771,2.5719108311351437,1552.2840473949732,2.428587863555122,0.5961420848386605,1300.3082786486766,0.45281911725863877,4.207206826313008,,4.063883858732986,1.3387215597790019,1201.050858123617,1.1953985921989803,0.3083279869303476,1100.0204645507683,0.16500501935032585,1.5600425418072539,1001.2721791056454,1.416719574227232,-195.61504058836854,1505.7921258437316,2.9520128149575235,-369.25593206825016,1382.1317696933052,5.26049382904328,-448.7570236333417,1228.5677296630681,-6.891970608127256,-492.31414916669615,1055.5666095683368,4.71294678181307,-4.757220879618858,783.3943444920213,9.268149903601962,-1.7346752713424523,797.9774612924957,-1.8779982389224739,4.819960664599172,804.5320972284374,4.67663769701915,6.793475682582359,806.5056122464205,6.650152715002337,0.10964277727766514,799.8217793411159,-0.03368019030235658,197.67526467648023,1503.128079656266,0.2879666274920294,334.84660542496533,1379.4833711917079,-7.328436952466232,451.6690167025457,1202.5056756782317,1.4309071881161117,509.5906545413487,1049.5509229318443,-9.009883292122836,15.994586831698971,819.1176235293972,6.808692051268724,6.3049702487093615,806.0171068125475,6.16164728112934,1.3549275105601484,801.0670640743983,1.2116045429801265,-1.7711035724107425,797.9410329914274,-1.914426539990764,4.5940479086669335,804.306184472505,4.450724941086912,-143.3489221151462,916.5745901831774,,-146.43144334374023,563.4920689545834,6.489908464066575,-148.81447265560885,111.10903964271478,4.106879152197948,2.164764991245126,801.8769015550832,,146.5814831654753,886.6579708671517,-6.3398686423315125,145.24906059311067,535.325548294787,-7.672291214696148,143.59332693077144,83.66981463244781,-9.328024877035364,-0.800034471991942,798.9121020918462,-0.9433574395719637
14,0.14,-1.388629447921233,1698.302424141746,-1.5423432015373089,-2.8693624765806645,1546.8216911130867,-3.0230762301967404,2.7222110465842175,1302.4132646362516,2.568497292968142,-1.7749219973600818,1397.9161315923072,-1.9286357509761576,-2.3566810847229167,1197.3343725049444,-2.5103948383389927,6.21044150132089,1105.9014950909882,6.056727747704814,1.6305459937111404,1001.3215995833785,1.4768322400950646,-198.24792078242695,1503.9394150442167,0.8979210844829628,-366.1073205924519,1385.6311781010065,7.407933115990533,-455.9725986684312,1220.0941887851625,-15.033940809818427,-493.6638594113808,1056.0359420452755,3.2908512675001744,-2.0326912173550884,785.9501560763235,11.513620801348806,0.36850403920338926,800.0595576288708,0.2147902855873135,-1.3689659241145933,798.3220876655528,-1.522679677730669,0.990229961653091,800.6812835513205,,2.1447048684046743,,1.9909911147885986,200.64244353241443,1506.8898874674933,3.848393507759585,336.3532697319131,1380.3695276502513,-6.525795125434362,450.45267074185557,1203.4713703689301,2.0179831148176888,509.65379447511094,1048.6184632707864,-7.969540237884333,14.145033617711007,818.210546258015,5.855013069329299,3.716837106410816,803.4078906960782,3.56312335279474,2.6845791307551035,802.3756327204226,2.530865377139028,1.3122700928848576,801.0033236825523,1.1585563392687819,0.4909684744194792,800.1820220640869,0.33725472080340346,-142.28098282894564,918.4239922107422,10.86060925323295,-143.96108490909404,566.7438901305937,9.180507173084532,-145.74865523100823,114.95631980867965,7.392936851170364,-1.186015273236171,798.5050383164313,-1.3397290268522468,146.50866298310345,885.8036879434156,-6.632929099075122,141.46172341309392,530.7567483734061,-11.679868669084659,148.3748854988389,87.66991045915101,-4.7667065833396975,1.2068363432289715,800.8978899328964,1.0531225896128957
15,0.15,-5.721897915287266,1693.94830683548,-5.885862587147232,,1548.5736823438185,-1.26048707880869,-0.9657538397788965,1298.7044509109885,-1.1297185116388624,0.3677198249352325,1400.0379245757026,0.2037551530752666,2.074904647763306,1201.7451093985305,1.91093997590334,1.073737378866868,1100.7439421296342,0.909772707006902,4.190248413071484,1003.8604531638389,4.026283741211518,-200.97228343937948,1501.9943318128971,-1.2448068678692765,-364.83729467141524,1387.2163937493017,7.589599464394707,-445.3030328082939,,-5.263572832878153,-491.8756294531541,1059.7022199722446,5.053296532783226,-0.5351900984814808,787.2842229630081,12.442479502346053,0.6574501787079909,800.3276549294754,0.4934855068480251,-0.9366845051524937,798.733520245615,-1.1006491770124596,1.7925948893583397,801.4627996401257,1.6286302174983738,2.53363839736889,802.2038431481363,2.369673725508924,199.31470893168736,1506.3501222173622,3.110983536595916,332.685312820874,1376.058167675959,-10.933379306186758,446.09954013430473,1201.2902312043118,-0.5382982601092154,510.40824078665804,1048.4793254896829,-6.100461428047998,12.43013053766071,817.5038661577366,5.121324217095093,-0.5142359549493829,799.155968795818,-0.6782006268093488,0.6509482170027823,800.3211529677702,0.48698354514281644,-0.9397008383735317,798.7305039123938,-1.1036655102334976,4.187350384539072,803.8575551353065,4.023385712679106,-145.85842755030203,915.6311284740719,7.502035754592548,-149.57747348833348,561.9120825360405,3.7829898165610913,-143.75387018589743,117.73568583847657,9.606593118997152,2.470504982920761,802.1407097336881,2.306540311060795,142.71204009084136,881.2224840664674,-10.648423214053217,145.05211371495776,533.5625576905837,-8.308349589936833,142.12814929188383,80.63859326750983,-11.232314013010743,2.5197831820184837,802.1899879327859,2.355818510158518
16,0.16,1.3816782961566179,1701.0312845323313,1.2076121962727695,1.5804713101444214,1551.230077546319,1.4064052102605729,1.4798669386595882,1301.1294731748342,1.3058008387757396,-3.352367174642073,1396.2972390615325,-3.5264332745259215,2.2678367623285753,1201.9174429985032,2.0937706624447268,-0.6457294569012704,1099.0038767792735,-0.8197955567851188,8.246138895399426,1007.8957451315739,8.072072795515577,-194.58206658055963,1509.1619777131027,,-361.9201454173179,1390.413615891988,9.335090893401308,-453.8470462026941,1219.543101758251,-14.675868746646575,-494.9410845794418,,2.00634829138906,,785.3406612587493,9.9982393655934,-1.4045298157872539,798.2450764203872,-1.5785959156711025,2.990253532186028,802.6398597683606,2.8161874323021796,-0.3369600492369198,,-0.5110261491207683,-0.27534745109095105,799.3742587850836,-0.4494135509747995,,1508.4018321451595,4.969030056962053,332.60871415053657,1375.3172825304996,-11.782559666182316,445.5233952636621,1202.8695768926968,0.6692506699554538,514.0501341040355,1051.3299221075836,-1.2138383915399622,10.843249851274502,816.987574665567,4.595002837851034,-0.8355917206194963,798.8140145155551,-1.0096578205033446,0.8576381994680481,800.5072444356426,,3.324112263845113,802.9737185000197,3.1500461639612642,3.0000192300468713,802.6496254662214,2.8259531301630227,-141.80580844321506,920.4713562714346,11.771932302427752,-146.71882253079784,565.5583421838519,6.858918214844962,-145.76097143473527,116.5161932799144,7.8167693109075245,-2.003123701343676,797.6464825348309,-2.1771898012275246,145.29429371998225,883.0171290053325,-8.283447025660559,144.57152068216902,532.2943559675193,-9.006220063473764,143.34217467472635,81.0650099600767,-10.235566070916443,1.5767442898695367,801.226350526044,1.4026781899856884
17,0.17,1.804492083672399,1701.4337662086327,1.620483592788644,3.81132634632376,1553.4406004712841,3.627317855440005,-0.2507907939743306,1299.378483330986,-0.4347992848580854,0.3518374701116458,1399.981111595072,0.16782897922789097,-2.0967294000817334,1197.5325447248786,-2.2807378909654883,1.4104002170153067,1101.0396743419756,1.226391726131552,-1.4438973701261002,998.1853767548342,-1.6279058610098551,-199.54482901593,1504.9738338147274,1.3515903116828414,-368.6488751843155,1383.930523375486,1.3556062630292205,-450.26888942979895,1221.712300068515,-11.9314562218293,-493.90138607150084,1061.5704721946981,3.1060463459281564,-0.9850905495257158,786.5526186737454,10.61386788593326,8.723752954604453,808.3530270795648,8.539744463720698,2.6961810653121976,802.3254551902725,2.512172574428443,1.9397411574021057,801.5690152823624,1.755732666518351,3.2864086649310362,802.9156827898913,3.1024001740472813,192.177616412768,1500.7651070404718,-2.8571364625728037,333.5863673743705,1375.6119510647165,-11.607637285146238,446.43143084179627,1205.910207885601,3.3412933954140254,510.2654369685971,1046.8555887267314,-3.6321021080992657,4.875224433801969,812.1482989627239,,2.1969049787820767,801.8261791037423,2.0128964878983218,-0.7977778291829489,798.8314962957774,-0.9817863200667037,0.14712883243437702,799.7764029573947,-0.036879658449377795,1.8401926546379586,801.4694667795983,1.6561841637542036,-144.5767539239115,918.4908969628386,9.216422564658567,-140.0397957349558,573.0278551517944,13.753380753614266,-145.2985005846826,117.76915030206756,8.494675903887446,0.41071674263058544,800.0399908675909,0.22670825174683062,144.22676236974308,881.1591114829929,-9.566414118826975,143.787359365217,530.7197084784668,-10.005817123353086,147.71606102381764,84.64841013706746,-6.077115464752424,-1.0408590033185057,798.5884151216418,-1.2248674942022606
18,0.18,1.2662347576231674,1700.8754591367583,1.072452379081641,-4.585901822676476,1545.0233225564587,-4.779684201218003,2.8066348264909142,1302.415859205626,2.612852447949388,-0.09248697816782614,1399.5167374009673,-0.2862693567093526,-1.7099421025794959,1197.8992822765556,-1.9037244811210223,-0.4143088559708703,1099.1949155231641,-0.6080912345123968,-5.163317836832094,994.445906542303,-5.357100215373621,-203.22564125549997,1502.0638710044454,-1.7433559353970014,-363.0347916051486,1389.7566744584835,5.644336008889432,-445.3873278059455,,-7.84558776543472,-496.5984106523253,1060.8684344151122,0.5072649539596457,-0.6532777319438671,786.7810613302428,10.150582168435966,1.179457936047007,800.7886823151821,0.9856755575054805,5.282468025098586,804.8916924042336,5.08868564655706,-1.3462734105958933,798.2629509685391,-1.5400557891374198,-1.1546702091017522,798.4545541700334,-1.3484525876432787,197.77905342944558,1507.1287332828263,3.3215063429839997,336.28827377488017,1377.6145253730333,-9.73566100864661,447.13441017514026,1208.7165717936189,5.782137707989371,510.1995298029069,1046.2002048911602,-2.2192676239240794,14.591856228173086,823.0468343763242,10.674896121822549,1.6460449436937903,801.2552693228289,1.4522625651522638,-0.5151886960782608,,-0.7089710746197873,-0.18470998623835366,799.4245143928968,-0.37849236477988013,2.166168920049284,801.7753932991843,1.9723865415077575,-149.89866580106425,913.9621365033835,4.107833069779055,-144.417384563422,569.4434177410258,9.589114307421333,-140.68680074689473,123.17400155755304,13.319698123948587,4.839445623976231,804.4486700031113,4.645663245434704,139.6154275325583,875.7546252281105,-14.391071338285013,144.9509853058599,531.0901830014121,-9.055513564983418,144.47288619393072,80.61208388948297,-9.533612676912592,1.4538382174094016,801.0630625965445,1.260055838867875
19,0.19,-2.871596686416368,1696.7178761501805,-3.074975068268606,3.652497166574048,1553.2419700031708,3.44911878472181,-1.3971902270271883,1298.1922826095697,-1.6005686088794264,5.615066749328124,1405.204539585925,5.411688367475886,0.4217760990166598,1200.0112489356136,0.2183977171644217,-2.1434235206115084,1097.4460493159854,-2.3468019024637465,-0.004761941044851392,,-0.2081403228970895,-199.10100523878953,1506.954631478166,2.967110107669424,-358.7652534086097,1394.2057540274602,8.518699973425448,-448.46449347967047,1220.5824829267058,-11.677007389253115,-498.26542937090113,1061.21361144252,-1.0269217822732202,,790.5661418999357,13.149223565204931,0.7341169983943598,800.3235898349911,0.5307386165421217,3.8717107748799275,803.4611836114767,3.6683323930276894,-1.0159468186405656,798.5735260179563,-1.2193252004928037,2.9728066363542527,802.5622794729511,2.7694282545020146,198.59781799593935,1508.6991923824016,4.711671011905047,333.92340219198076,1374.5364821107826,-12.95457846414271,440.43573767175303,1204.0858567556556,0.7888320664330841,,1045.0182184754976,-1.3288743740772335,8.68965533070333,818.3739152427963,6.027688551116723,1.930131725898054,801.5196045624949,1.7267533440458158,4.382911360043243,803.9723841966401,4.1795329781910056,-0.7379832883613087,798.8514895482355,-0.9413616702135468,,801.5335710145267,1.7407197960777034,-143.28291319537857,921.3734294919686,10.93449889789815,-147.2592445179731,567.3970981693741,6.958167575303609,-142.53583216544192,122.12051052190527,11.681579927834784,2.6962190992654387,802.2856919358622,2.492840717413201,141.26959946071568,876.6132567733684,-12.947812632561037,142.45574562892497,527.7994029415778,-11.761666464351737,140.287486907189,75.63114421984179,-13.929925186087718,-0.38209067225937554,799.2073821643374,-0.5854690541116137
20,0.2,4.768393406386629,1704.3384286105152,4.555606196471599,-0.3739934707139465,1549.1960417334146,-0.5867806806289764,2.886572746617171,1302.4566079507458,2.673785536702141,0.4762082754471454,1400.0462434795759,,-0.16772374891099417,1199.4023114552176,-0.38051095882602404,2.314126357864013,1101.8841615619926,2.101339147948983,-0.9334901941169831,998.6365450100117,-1.146277404032013,-197.28423387947132,1509.5318504170068,5.368949434107211,-358.0529493330704,1395.0662869272614,7.771051078530777,,1219.9523846696495,-11.501608022831382,-495.5478686369744,1065.9490171047746,1.8540473027100872,1.815278995223509,789.154958845305,10.858021192710583,7.1737652866618715,806.7438004907905,6.960978076746842,0.5130761410478109,800.0831113451765,0.300288931132781,-3.03541782733741,796.5346173767912,-3.24820503725244,2.1836628285911286,801.7536980327197,1.9708756186760987,198.72421728967433,1509.565860117124,5.402959134224483,334.6115345802045,1374.5002586418611,-13.141402059837256,,1206.0151584525033,2.358335586894291,511.66723751395864,1046.7792675819599,2.5006715899856617,11.66278335800791,822.6171976305995,10.303797922113663,-2.568073227421473,797.0019619767072,-2.7808604373365027,2.44500540901585,802.0150406131445,2.2322181991008203,1.9276811791934825,801.4977163833221,1.7148939692784526,4.055710236842526,803.6257454409712,3.8429230269274965,-142.94917162274007,922.504758362018,11.476424385513187,-144.1450398968968,571.3088900878613,10.280556111356445,-142.87622921936386,122.57770076539424,11.549366788889392,1.1501950508341883,800.7202302549628,,146.02883776169529,880.5749077769372,-8.39675824655797,147.80856913532284,532.3546391505647,-6.617026872930415,145.723306619192,80.2693766344339,-8.702289389061253,-0.937752347301936,798.6322828568267,-1.1505395572169659
21,0.21,0.9991876013155071,1700.5501146517606,0.7771879346302174,0.700321635551685,1550.2512486859966,0.47832196886639533,1.8886350972099608,1301.439562147655,1.6666354305246713,2.356748243436316,1401.9076752938813,2.1347485767510266,2.819514566710665,1202.3704416171556,2.597514900025375,1.4065624764880218,1100.9574895269332,1.184562809802732,3.4067908883213702,1002.9577179387665,3.1847912216360807,-198.48670717880637,1509.0832010915594,4.750055657538284,-360.7841792847699,1392.45334829566,3.520375754947416,-448.6352549332541,1217.3564855656991,-13.219114421530794,-493.017844399684,1070.490698741022,4.573737973497579,1.5050938911315517,788.867933533322,9.598971053097124,2.483907849799555,802.0348349002446,2.261908183114265,1.121569214657865,800.672496265103,0.8995695479725754,3.3463158808404305,802.8972429312855,3.1243162141551406,1.429856695402043,800.9807837458471,1.2078570287167534,197.7204437985357,1509.2900109223917,4.956865488370626,337.5091649588691,1376.6651418170336,-11.136322158550813,,1207.6736327563103,3.6596736350848875,506.6311717847554,1041.436991568352,-0.7850550892425825,11.209080782753643,823.4673332906443,11.19165897311742,3.5273983847099215,803.078325435155,3.305398718024632,-2.305913061913219,797.2450139885318,,-1.6583391067821773,797.8925879436629,-1.880338773467467,0.7875546832362662,800.3384817336813,0.5655550165509765,-146.80871779028988,919.4444371744454,7.821988298972647,-142.39513258750426,573.858022377231,12.235573501758257,-146.67378448936293,119.57937047537243,7.956921599899586,1.042473195886562,800.5934002463316,0.8204735292012724,145.75638788081446,879.5032329160791,-8.874318208448068,144.23260208299612,527.9794471182609,-10.398104006266392,147.03368293056852,80.78052796583314,-7.597023158694022,2.3676077573592424,801.9185348078042,2.145608090673953
22,0.22,0.1981463251778186,1699.730310124471,-0.032860330508317936,1.5316112395244383,1551.0637750388178,1.3006045838383018,-1.58483373722191,1297.9473300620714,-1.8158403929080464,4.934684306986474,1404.4668481062797,4.703677651300338,0.41188589979623047,1199.9440496990894,0.18087924411009393,3.8340849345333905,1103.3662487338265,3.6030782788472537,5.031548997116566,1004.5637127964098,4.80054234143043,-200.4722074175936,1507.8439608831436,3.345920785927002,-361.5080625571763,,1.223066380050368,-446.6791508083876,1217.7524749371494,-11.874074088561315,-499.2102358660182,1066.29175320373,-1.4072984994921243,0.8888581763601415,788.3310718157685,8.000097321006132,4.351449761130189,803.8836135604234,,2.7057148304974605,802.2378786297907,2.474708174811324,4.783603795076973,804.3157675943702,4.552597139390837,2.585960471925918,802.1181242712191,2.354953816239781,192.46845184738967,1504.7526955900482,0.25465549283167244,338.9021023173955,1377.3198599846226,-10.65011681827217,440.17672138919545,1209.7579063166006,5.389351306642486,506.28808488602976,1040.8738703108822,0.6883766943422638,10.349255838775267,823.9372120492942,11.702081053555066,0.5540514963927593,800.086215295686,0.32304484070662276,3.988599286748069,803.5207630860413,3.7575926310619323,1.22701767230509,800.7591814715984,0.9960110166189535,0.5339428592527823,800.066106658546,0.30293620356664575,-143.24316978954766,923.8103703370331,11.589203795895372,-143.87382469633096,573.1797154302498,10.95854888911209,-144.6956170996665,122.3579230269142,10.13675648577654,-1.1935195594505985,798.3386442398427,-1.424526215136735,142.69191879690356,875.6383786703228,-12.140454788539468,142.2585692447165,525.2050291181357,-12.573804340726527,144.04805495548771,76.99451482890703,-10.784318629955322,2.761708149998867,802.2938719492921,2.530701494312731
23,0.23,3.440049967541351,1702.953810690151,3.2002507828641744,-1.1393037675723376,1548.3744569550372,-1.3791029522495144,5.702996337756874,1305.2167570603663,5.463197153079697,-3.473021482699789,1396.0407392399097,-3.712820667376966,1.0899369649250275,1200.6036976875346,0.8501377802478507,5.006736912519095,1104.5204976351285,4.766937727841918,3.4693506490057415,,3.2295514643285648,,1506.8754329156725,2.218056612194296,-359.7807793124927,1393.609769903082,1.328659594426595,-444.3875550706739,1218.4691771177525,-10.14007300961954,-499.0720960997853,1068.3930082537559,-1.0408789805768135,3.6149494331754384,791.1992398544727,9.718725554020525,1.7386254813732829,801.2523862039826,1.4988262966961061,-2.1559853118326644,797.3577754107768,-2.395784496509841,3.985846859598582,,3.7460476749214053,1.2265800797291342,800.7403408023386,0.9867808950519574,198.37586387879733,,6.703272400415676,338.9860892258919,1376.6631900264497,-11.483546300761237,440.50844677177184,1211.9564144554165,,508.46053008898866,1042.907215695031,4.7302825487814,3.935965072406129,818.8711022721086,6.677405123369088,6.855240992858629,806.369001715468,6.615441808181453,1.8132095071770673,801.3269702297864,1.5734103224998905,1.233038383875959,800.7467991064854,0.9932391991987823,2.4973286481569943,802.0110893707664,2.2575294634798175,-143.77006710708625,924.0844718366783,11.260138756477884,-144.3176952304328,573.5368437133318,10.712510633131327,-143.12885256544865,124.72568637831594,11.901353298115495,5.40075442693432,804.9145151495437,5.160955242257143,142.70692015683792,874.8523812130734,-12.323285706726232,140.7053481965569,522.8508092527924,-14.324857667007226,142.70712072072487,74.85258177696028,-12.323085142839272,1.4796115663216733,800.993372288931,1.2398123816444966
24,0.24,0.5168509917158959,1700.01258392545,0.26848262143737833,-1.403005481433392,1548.0927274523006,-1.6513738517119096,2.9124315647882923,1302.4081644985224,2.664063194509775,,1401.6331657800608,1.889064476048186,-0.9667731830858992,,-1.2151415533644168,6.108011834111938,1105.603744767846,5.859643463833421,0.8199917492065067,1000.3157246829404,0.5716233789279892,-202.91322599540234,1506.8690483702433,2.058096793859497,-360.5055684871405,1392.9231821893559,-1.0601825898131434,-439.563997573274,1221.708202103474,-5.818078502905464,-500.7117439046127,1068.674024165595,-2.440221658931304,6.208701554158294,794.0038267417802,11.289140369544409,1.727779233152104,801.223512166886,1.4794108628735865,2.9202282514501277,802.4159611851841,2.67185988117161,1.7989939869294853,801.2947269206634,1.5506256166509678,2.1861736534094467,801.6819065871433,1.937805283130929,196.33364563418206,1510.003964956491,5.19301338010721,339.69381971910644,1376.6309630329142,-11.700348729449543,439.51901831522787,,7.698902285530483,507.41286834672746,1041.7955700730715,5.591297445177967,8.723380626237816,825.0142839767094,12.86115210463422,2.1377179711895296,,1.8893496009110122,-0.3288570097060983,799.1668759240279,-0.5772253799846159,0.32062685851343153,799.8163597922473,0.07225848823491399,2.0417318868487837,801.5374648205827,1.7933635165702662,-141.10089184939824,927.554643593465,14.122895089511475,-145.42870362181733,573.2268318210458,9.795083317092388,-142.44658340369347,126.20895203916967,12.77720353521624,3.999556981788571,803.4952899155224,3.7511886115100532,141.29146980938725,,-13.932317129522472,144.1254154338697,525.4698799910065,-11.098371505040015,139.83065559648227,71.17512015361909,-15.39313134242745,2.8002223155753683,802.2959552493093,2.551853945296851
25,0.25,2.693284210897331,1702.1713795915848,2.4365787683492863,2.1324710975177212,1551.610566478205,1.8757656549696762,-0.971244437051225,1298.5068509436362,-1.22794987959927,-0.7642095056202765,1398.713885875067,-1.0209149481683215,3.910794124388904,1203.3888895050763,3.654088681840859,2.1857022266244823,1101.6637976073118,1.9289967840764373,3.391946381693535,1002.870041762381,3.13524093914549,-198.95265882420225,1511.547623675441,6.589053814957165,-358.1773946201969,1395.2665407240981,-0.43236131017925383,-436.4173958871004,1223.2657307189663,-3.114647118554915,-502.07295404032226,1069.1789976992377,-3.554076451811237,10.094780998355928,798.1750485287573,14.144882205890537,-0.41835915414403946,799.0597362265435,-0.6750645966920845,3.1545908354214416,802.6326862161089,2.8978853928733965,0.8823808847561716,800.3604762654437,0.6256754422081265,7.408942206764445,806.8870375874519,7.152236764216401,194.19055886662275,1508.5305529769387,3.57198311645493,339.1679273168109,1375.3690395289061,-13.15426598096061,438.081783221061,1213.0651608022954,7.6470380010939545,501.0512945655874,1035.4388019988892,1.1635075282316518,4.238686695755082,821.8846164727057,9.769604365910281,1.3696635589295445,800.847758939617,1.1129581163814994,5.919745571264583,805.397840951952,5.663040128716538,2.1598679850727804,801.6379633657602,1.9031625425247354,1.134005744214139,800.6121011249016,0.877300301666094,-142.94802339510235,926.5078207276133,12.4646548004395,-147.03775977476866,572.418084347947,8.374918420773177,,129.267099395385,15.223933468211124,3.549694389747722,803.0277897704352,3.2929889471996763,146.37554314424884,876.9196990215331,-9.037135051293012,146.2042799131347,526.7484357904191,-9.208398282407122,142.83404603971954,73.3782019170038,-12.578632155822312,3.4821924667675663,802.9602878474551,3.2254870242195213
26,0.26,-0.17810925051179916,1699.282753588999,-0.44291100002178596,6.242162265121657,1555.7030251046324,5.97736051561167,2.0707250995569346,1301.5315879390675,,-0.6471526197582949,1398.8137102197525,-0.9119543692682817,-0.12830892689725237,1199.3325539126133,-0.3931106764072392,3.354229708975074,1102.8150925484858,3.089427959465087,4.610257253697241,1004.071120093208,4.345455504187254,-207.1461636968358,1504.0608895616713,-1.0391521812179976,-355.87795105981394,1397.5601836193018,0.13663362107658444,-441.3274126930702,1216.7671393382575,-8.40729256863773,-499.6655226323061,1073.3862907768241,-0.8972301041767405,8.681393174402604,797.1260866037098,11.702876128248459,3.299860775872922,802.7607236153837,3.0350590263629353,-0.24959936348531153,799.2112634760255,-0.5144011129952983,1.4719664752616777,800.9328293147724,1.2071647257516909,3.840910019921173,803.3017728594319,3.5761082704111864,193.84100402352226,1508.8339791064084,3.7339373635190474,341.3518015577849,1376.8241126790163,-11.89824137871741,434.41210096158323,1211.0539232968504,5.290427011309784,497.7924108339255,1032.2467530254469,-0.15086752108702495,4.1304685201461,823.1210032777051,11.040282999975126,2.8757027413127307,802.3365655808235,2.610900991802744,4.715303192739964,,4.450501443229977,0.5833523125651126,800.0442151520759,0.31855056305512575,6.939374803103154,806.4002376426139,6.674573053593167,-144.01074149431994,926.2439687222812,11.5856778011097,-148.50097050006963,571.7537397165315,7.095448795360027,-142.4053717578327,127.84933845876847,13.19104753759695,1.471811269315309,800.9326741088261,1.2070095198053221,142.06927129454334,871.8145610779421,-13.52714800088631,144.86668453660337,524.6119743200022,-10.729734758826275,141.0206466551095,70.7659364385083,-14.575772640320169,-4.17981851441384,795.2810443250969,-4.444620263923826
27,0.27,3.7128793978746506,1703.1569293055463,3.4402306362418464,-0.516762273771606,1548.9272876339,-0.7894110354044104,-2.180286549000251,1297.2637633586714,-2.4529353106330554,-0.056117234480989264,1399.3879326731906,-0.32876599611379365,-0.7221880214460124,1198.7218618862257,-0.9948367830788167,2.429842288632098,1101.8738921963038,2.157193526999294,3.3512087547997216,1002.7952586624713,3.078559993166917,-205.17839102930634,1506.7233051555322,1.488120487710939,-353.8603481314498,1399.5531291295445,0.400012686969357,-439.57105286676165,1216.9403852966586,-6.971092571503364,-504.83626776362433,1069.9375230712974,-5.821446601518089,9.59915328252754,798.4918954039031,11.602227693275998,6.190965350126138,805.6350152577977,5.918316588493334,1.2429366651276137,800.6869865727991,0.9702879034948094,-0.6922350233306627,798.7518148843409,-0.964883784963467,0.4529154149403267,799.8969653226119,0.18026665330752234,197.6058477101643,1513.2342959310147,7.999111263193217,336.58974644518986,1371.3438529235877,-17.58427573494446,435.1244981129758,1213.3455384611595,7.2388317490740715,501.32978731340506,1035.9058755730155,5.327198257168732,2.9859117163866156,823.3006714618826,11.249237968571801,0.17797095767381754,799.6220208653453,-0.09467780395898684,3.5671607304296087,803.0112106381011,3.2945119687968045,2.436996401371907,801.8810463090434,2.164347639739103,3.4683600410621818,802.9124099487337,3.1957112794293776,-147.2418477834065,923.8094625154032,8.532681491524935,-146.04242772191895,575.0088825768908,9.732101553012495,-145.34180450266936,125.70950579614033,10.432724772262103,0.8797624595238609,800.3238123671954,0.6071136978910565,142.67835209558993,871.6270417967802,-13.096177179341522,148.81254528017755,527.7612349813678,-6.961983994753917,144.0269754254952,72.97566512668553,-11.74755384943624,2.739507264802306,802.1835571724738,2.466858503169502
28,0.28,3.7102042342450035,1703.1378752317846,3.4299661579905263,-0.4766953632476234,1548.950975634292,-0.7569334395021006,-2.3016184154030914,1297.1260525821365,-2.5818564916575686,0.8798342245291717,1400.3075052220688,0.5995961482746945,1.9371423615489554,1201.3648133590884,1.6569042852944782,-3.752921699089368,1095.6747492984503,-4.0331597753438455,3.1365947151463,1002.5642657126858,2.856356638891823,-203.56716785506302,1509.0161664523187,3.652343308425879,-351.8457955733483,1401.526380743302,0.642980910522879,-440.14183338376125,1214.7968199300678,-7.797867696153467,-512.9857984765043,1063.4208944834309,-13.732176746963656,,799.4300146534465,11.00502110878545,5.598091823676576,805.0257628212161,5.317853747422099,-2.943796308507356,796.4838746890321,-3.224034384761833,4.071237144038873,803.4989081415783,3.7909990677843965,1.080431799491445,800.5081027970309,0.8001937232369678,194.71010243830275,1510.955723074762,5.591899930869202,347.0662139721075,1381.1161272703678,-8.024208515065968,431.6815257544182,1211.3980918122695,4.950326234667495,501.7710306216937,1036.5163809709277,7.6907191505681745,0.6937723553275672,822.302225124626,10.274110748880078,5.835500732506388,805.2631717300459,5.5552626562519105,2.19444882540378,801.6221198229432,1.9142107491493028,0.5052041342117866,799.9328751317513,0.2249660579573094,0.47196103030298,799.8996320278425,0.1917229540485028,-148.82564443455016,923.019108801006,7.120863391572127,-140.9543490772174,580.8904041583389,14.992158748904906,-139.5917522481802,132.25300098737608,16.35475557794209,-0.009525140968849266,799.4181458565706,-0.28976321722332643,146.54374308067477,874.6989898451185,-9.402764745447517,148.9235504686715,527.0787972331152,-7.022957357450803,146.0928499288986,74.24809669334232,-9.853657897223686,5.529832750097239,804.9575037476367,5.249594673842762
29,0.29,0.7837054214082502,1700.1954457513414,,-1.065627243515019,1548.3461130864182,-1.3531886654682788,4.742338680434257,1304.1540790103675,4.454777258480997,-0.3547201497139296,1399.0570201802193,-0.6422815716671895,4.448082003138905,1203.859822333072,4.1605205811856445,4.837731381402629,1104.2494717113357,4.550169959449369,1.5953152521757359,1001.0070555821089,1.307753830222476,-208.5556102481124,1504.695495030426,-0.7902939134767939,-353.0482390203016,1400.2682778721346,-2.341922319952913,-440.61994179815747,1212.7610135516409,-8.466347919557567,-508.3123414119867,1069.6274474946706,-8.832326747083282,13.646181511906828,803.699722788126,13.67545640528246,-1.034069205735289,798.3776711241978,-1.3216306276885488,4.100681677616528,803.5124220075497,3.813120255663269,4.38752810967693,803.79926843961,4.09996668772367,4.771035828197052,804.1827761581302,4.483474406243792,193.0116794684412,1509.8554010598534,4.369612115950693,344.7967474462221,1378.1599280187525,-11.198789347207105,436.65553273446955,1217.7797433888688,10.993085729410897,499.8450335179248,1034.799570735527,7.6540620190113104,0.33547011178345587,823.1968246075932,11.185321027678574,7.570971292527995,806.9827116224611,7.283409870574736,2.687939610833556,802.0996799407667,2.400378188880296,0.08619685271356059,799.4979371826468,-0.20136456923969925,3.309905371545046,802.7216457014782,3.0223439495917863,-141.15105090785215,931.4830305709008,14.960785851616162,-145.20772585168606,577.426355627067,10.904110907782265,-144.85469395040317,127.77938752834989,11.257142809065138,5.306181010816909,804.7179213407501,5.018619588863649,146.57781917087735,873.9437376921243,-9.534017588590967,141.11844524056553,518.4843637618123,-14.993391518902794,141.81490726631876,69.1808257875657,-14.296929493149557,1.1891805948842427,800.6009209248174,0.9016191729309829
30,0.3,2.294398116543041,1701.6906700442835,1.9997874536810216,1.3876437595153763,1550.783915687256,1.0930330966533566,-0.9512464703020151,1298.4450254574385,-1.245857133164035,1.1814409804262342,1400.5777129081669,0.8868303175642146,3.0161156340336825,1202.4123875617743,2.7215049711716626,3.2389348317430144,1102.6352067594835,2.944324168880995,-0.9951722219354469,998.401099705805,-1.2897828847974666,-204.71904320816083,1509.185119286748,3.584197989820841,-352.1035915618258,1401.1452511701548,-3.184078782876355,-439.86062735435,1211.982348365786,-7.830570920773784,-506.8895869385025,1072.4733067812326,-7.200048258136416,12.28039274275646,803.0516911327426,11.36948525309784,6.391923316438913,805.7881952441793,6.097312653576893,2.9320695096445464,802.328341437385,2.6374588467825264,-0.6209404164725745,798.7753315112678,-0.9155510793345942,0.9814457464669462,800.3777176742074,0.6868350836049264,190.24668051338043,1507.6686840005952,2.0677627036679986,350.5449712651985,1383.2423476279675,-6.340703166066508,433.8655744117811,1216.305649709485,9.182310724594792,496.4978844862716,1031.6938289151403,6.148970399037398,0.26033839517194934,824.3235245970554,12.321410548479266,3.6852213696730454,803.0814932974134,3.3906107068110254,-3.271598499378908,796.1246734283615,-3.566209162240928,2.542953989530619,801.9392259172711,2.248343326668599,-0.3305339734751003,799.0657379542653,-0.62514463633712,-143.34776843708943,930.0705042626378,12.922213206278895,-144.68441106361973,578.7338616361075,11.585570579748614,-142.0943710066198,131.3239016931074,14.175610636748525,-2.4222513361704507,796.97402059157,-2.7168619990324707,143.8622760585891,870.4440033588619,-12.407705584779242,140.71599974780793,517.2977270480808,-15.553981895560408,145.93765862946697,72.51938592973978,-10.332323013901377,,805.0143994971152,5.323516906512756
31,0.31,1.926389036195789,1701.307668645812,1.6250112332715045,-0.37241817469782457,1549.0088614349183,-0.673795977622109,3.875537055314749,1303.256816664931,3.574159252390465,4.550729921710387,1403.9320095313267,4.249352118786103,0.6309057913221663,1200.0121854009383,0.3295279883978819,3.3281260607183993,1102.7094056703347,3.0267482577941154,4.617698733176381,1003.9989783427925,4.316320930252096,,1506.98025622177,1.2711891492682725,-348.4285486259536,1404.742994292298,-1.2936304744693858,-438.5621999345672,1211.7670041747197,-6.587887281349104,-508.2778830900495,1072.388567031737,-8.399878793879381,11.414929278617395,802.9975377637727,9.604344437989027,0.00022257597565333853,799.3815021855918,-0.30115522694863106,-1.1498728654526997,798.2314067441635,-1.4512506683769841,-0.25642678094386384,799.1248528286723,-0.5578045838681482,6.067782745057965,805.4490623546741,5.76640494213368,191.40113454166269,1509.3808773682272,3.6718102957254057,349.6912994411505,1381.7472720889184,-8.065876632963468,430.53145009958024,1214.1920134000384,6.7342784388552115,501.3363376537907,1036.7981751647824,12.768147969288627,-3.4632514541620956,821.740487427625,9.740260387208496,3.5872772195610168,802.9685568291771,3.2858994166367324,3.7821904688547194,803.1634700784708,3.480812665930435,3.9229884396169434,803.3042680492331,3.621610636692659,,798.617011829132,-1.0656455834083303,-144.99799588169535,929.1982458768593,11.42239773342096,-148.07557530118325,576.1206664573714,8.344818313933034,-145.80434998462692,128.3918917739278,10.616043630489385,3.3457776322135624,802.7270572418297,3.0443998292892784,144.4516249184184,870.2553831598638,-11.968768696697893,142.57399894809532,518.3777571895406,-13.846394667020979,140.21324719428304,66.01700543572834,-16.20714642083324,,802.1240925932408,2.4414351807004295
32,0.32,1.741940734477514,1701.108717718235,1.4340857443873656,-0.26450965050931075,1549.1022673332484,-0.5723646405994591,4.843583007231986,1304.2103599909897,4.535728017141839,3.4493590722428564,1402.8161360560005,3.141504082152708,1.069919590561954,1200.4366965743195,0.7620646004718057,0.8119867454215497,1100.1787637291793,0.5041317553314013,6.108885006118646,1005.4756619898762,5.8010300160284975,-203.891397399038,1511.2714371641769,5.461356207480022,-350.22467992969916,1402.8623584110053,-4.8655958297142865,-434.9800344585672,1213.863939315993,-2.992970179095325,-509.3765727483385,1072.465032830179,-9.335028483603319,10.300523202728922,802.7884136725997,7.637119702011083,-0.21532696573875354,799.1514500180189,-0.5231819558289019,-0.5019729162465216,798.8648040675112,-0.80982790633667,-1.1397932151058932,798.2269837686517,,3.879060205848959,803.2458371896066,3.571205215758811,189.56967508496976,1508.085916229466,2.2758352727691453,345.758932650748,1377.2013626388932,-12.847495995318813,438.5804300765652,1223.3628213115187,15.573082634885477,493.2221451747036,1028.966679907339,6.359702579737792,-6.244351083260419,820.0286116214926,8.022721665322157,0.631746425028797,799.9985234087865,0.3238914349386486,2.476574523786615,801.8433515075443,2.1687195336964664,8.898238938720315,808.2650159224779,8.590383948630166,3.9659538649314343,803.332730848689,3.658098874841286,-143.2400668648405,931.726776138436,13.32244449205047,-144.55557163075838,580.4112713725181,12.006939726132583,-146.4360445964754,128.53079840680104,10.126466760415573,-1.7402414477484776,797.6265355360092,-2.048096437838626,145.7014290255769,870.7345860223005,-10.86108233131404,146.26387547385858,521.2970324705822,-10.298635883032382,143.97651828283955,69.00967527956311,-12.58599307405142,2.23331686999895,801.6000938537566,1.9254618799088017
33,0.33,-0.7534336508626032,1698.5993437908999,-1.06746817131281,2.602104568694677,1551.9548820104571,2.28807004824447,-0.26397918533517384,1299.0887982564273,-0.5780137057853807,8.863472002094856,1408.2162494438574,8.549437481644649,-1.1409278119490525,1198.2118496298133,-1.4549623323992593,0.5545673824074115,1099.9073448241697,0.2405328619572047,-1.2086731257366852,998.1441043160256,-1.522707646186892,-206.8136058132975,1508.9532389336434,3.0494133137452435,-346.59589773422437,1406.4018703146376,-2.9973622605290124,-435.78666413444165,1211.6047834840322,-3.7179129484434332,-510.7760035651495,1072.104280443581,-10.599343199432164,8.895040190604877,802.3817206930277,5.431439515948737,-0.02838584699409319,799.3243915947683,-0.34242036744430004,1.0546535759853937,800.4074310177477,0.7406190555351868,1.4867739462579084,800.8395513880203,1.1727394258077015,-1.1567762038535694,798.1960012379087,-1.4708107243037762,187.0956762970607,1506.1265022051223,0.2226765852240069,347.9669249113452,1378.8271069831799,-11.46295522485165,,1212.2953310385624,4.176121657092812,491.47500583534713,1027.51149456505,6.2302036821951745,-1.2776169384031477,825.9834390931712,13.964523116542463,2.076713359481885,801.4294908012441,1.762678839031678,2.6790585263837645,802.0318359681461,2.3650240059335577,1.2810703984293494,800.6338478401916,0.9670358779791426,0.03662560822951777,799.3894030499919,-0.2774089122206891,-145.31126977063653,930.4176031212422,11.384493458818376,-145.71054653707992,580.0183263547989,10.985216692374982,-147.99339395196583,127.73547893991294,8.702369277489051,1.611102588618504,800.9638800303808,1.2970680681682971,143.75890087959002,868.0300279877113,-12.936862349864887,145.67817454536936,519.9493016534906,-11.017588684085528,139.9206369562014,64.19176406432261,-16.77512627325348,2.7368781850281834,802.0896556267904,2.4228436645779765
34,0.34,-0.3611383851815848,1698.978155767387,-0.6810472274873165,-1.3144462826956267,1548.0248478698732,-1.6343551250013584,7.144400955315437,1306.4836951078842,6.824492113009704,2.840333581846454,1402.1796277344151,2.520424739540722,6.771964965245685,1206.1112591178144,6.452056122939954,1.989282592593881,,1.6693737502881494,3.990865612113383,1003.3301597646821,3.6709567698076513,-206.7966008454842,1509.5563330927405,3.5661612166306065,-351.1156880410535,1401.7904875130382,-9.255941556699174,-434.6644521532761,1211.311152891761,-2.44490407819985,-509.9864570003401,1073.7887945197203,-9.706190914531215,15.963210334002728,810.5408273160629,11.757165019379284,1.2139947514448401,800.5532889040136,0.8940859091391083,4.19075984092737,803.530053993496,3.8708509986216386,2.1003554853128805,801.4396496378816,1.7804466430071486,4.236458208790356,803.575752361359,3.9165493664846243,191.52994218138758,1511.0527935647408,5.062621688631004,347.32561063948606,1377.6382308444242,-12.898443617892827,432.1999591151715,1218.9185174093725,10.4725462521792,496.5267673390212,1032.8571335620288,12.798989725170507,-3.796310036748877,824.3622431638482,12.32335764902837,3.4586137476215413,802.7979079001902,3.1387049053158096,2.6832227040050878,802.0225168565738,2.363313861699356,4.006058528108586,803.3453526806773,3.6861496858028535,,801.5907530596962,1.9315500648217154,-149.73664629644912,926.7444266321179,7.082923258898611,-145.73393476018452,580.7471381683824,11.085634795163212,-148.01541948835975,128.46565344020726,8.804150066987976,2.0926239324196088,801.4319180849883,1.772715090113877,144.69450420826038,868.2134312796934,-12.125065347087347,147.35992380827824,,-9.459645747069487,145.3710488421274,68.88997591356042,-11.448520713220308,-1.4987939885117902,797.840500164057,-1.818702830817522
35,0.35,1.2818001130563974,1700.6081401695399,0.9563295528830982,6.100007072092935,1555.4263471285765,5.774536511919636,2.4289957531289774,1301.7553358096125,2.1035251929556784,3.8865193416795565,1403.2128593981631,3.5610487815062575,5.930599340196997,1205.2569393966805,5.605128780023698,3.5454855944498593,1102.8718256509333,3.2200150342765603,0.28153342704332696,999.6078734835269,-0.04393713312997227,-207.77158416063517,1509.1487662051022,3.079767371496497,-344.9198200543593,1407.8948750871675,-4.770703384007538,-432.3514572440158,1212.2487724014807,0.08790495499260065,-505.8112475054154,1078.7089280965802,-5.461522767044143,13.896615000854617,809.6550486804356,9.010342539851198,-2.4319539679869213,796.8943860884966,-2.7574245281602208,3.417351536133874,802.7436915926174,3.0918809759605748,2.3659477006998206,801.6922877571833,2.0404771405265216,-2.968772582282926,796.3575674742006,-3.2942431424562253,186.49140315359932,1506.4831026223296,0.41410378872393494,349.49423719030364,1379.2973150032396,-11.49132769940243,435.3180600107295,1222.8460410371658,14.07622925513422,491.8106106855878,1028.4297357729565,9.487453059910374,-9.988577322879806,818.9678329790491,6.902683505921203,-0.5497225981486644,798.7766174583348,-0.8751931583219636,1.08179900933059,800.4081390658141,0.7563284491572908,1.1396297278277563,800.4659697843113,0.8141591676544571,-0.28926556532861714,799.0370744911548,-0.6147361255019164,-142.7144024068707,934.5077304976609,14.218942635623886,-146.57226359074764,580.6498693137839,10.361081451746943,-146.28505334319763,130.93707956133392,10.648291699296948,-0.8651848000449665,798.4611552564386,-1.1906553602182657,144.6752043359662,867.4530714314346,-12.258140706528353,142.66039373746582,515.4382608329342,-14.272951305028762,147.85073732640603,70.62860442187448,-9.082607716088544,6.218239473599509,805.5445795300831,5.89276891342621
36,0.36,2.4248724291554646,1701.7388002884525,2.094159990433331,-0.562146783349164,1548.7517810759477,-0.8928592220712976,2.3757476294203683,1301.6896754887173,2.045035190698235,5.517702635902114,1404.831630495199,5.1869901971799806,2.9518367338233613,1202.2657645931204,2.621124295101228,-2.425840679983674,1096.8880871793133,-2.756553118705807,3.379462523263611,1002.6933903825604,3.048750084541477,-204.9875054447409,,6.340664805911562,-339.87438175329,1412.8513565006756,-1.401434633513678,-433.13645728926645,1210.1324404663133,-0.40862516916792757,-511.9820623189674,1073.127614944475,-11.599179695353126,11.368156854566413,808.394117971124,5.867646055738723,2.3862749428179346,801.7002028021147,2.0555625040958008,0.2863333330098874,799.6002611923067,-0.044379105712246236,-0.9374577384975926,798.3764701207992,-1.2681701772197262,1.423536206622313,800.7374640659191,1.0928237679001793,188.91154149092094,1509.348321984067,3.2081279472947157,348.4739426513254,1377.8087576688329,-13.237187597859043,430.8821238261732,1219.1110488642373,10.020567064825924,496.0229589951075,1032.919047052898,14.981043874316914,-5.5201398792000225,824.1259482948899,12.029114010255595,6.046621654508881,805.3605495138057,5.7159092157867475,-0.019096368642525174,799.2948314906542,-0.3498088073646588,4.0749144970027045,803.3888423562995,3.744202058280571,1.5640504676260778,800.8779783269229,1.2333380289039444,-142.63907771905707,935.3116167130648,14.397423619264258,-146.76960926212692,581.1810851699951,10.266892076194418,-142.2378853303734,135.71280910174858,14.798616007947938,0.2086147513418779,799.5225426106387,-0.12209768738025573,147.02585810981094,869.075163677689,-10.01064322851039,141.11965250095932,513.1689580688374,-15.916848837362025,144.33306856839653,66.38237413627456,-12.70343276992482,1.0667657190685078,800.3806935783653,0.7360532803463742
37,0.37,0.19152422518140044,1699.4935942516697,-0.14410318146102896,5.02756013936056,1554.3296301658488,4.69193273271813,-0.08360945301556066,1299.2184605734728,-0.41923685965799007,-0.2862959531339455,1399.0157740733544,-0.6219233597763749,2.283010637610596,1201.585080664099,1.9473832309681665,2.7973646906354266,1102.0994347171238,2.4617372839929974,-1.0464902878447617,998.2555797386436,-1.3821176944871911,-207.1486008475532,1510.847668104374,4.6440145053913096,-346.0948638925024,1406.5468161167419,-9.257446851042598,-435.3874604547038,1206.5975074679475,-2.303132935471547,-506.36279715833507,1079.1765785040134,-5.984700278784068,15.897165877609266,814.2733021058904,9.851462623678431,1.6891680766243902,800.9912381031128,1.3535406699819608,0.888251073307728,800.1903210997962,0.5526236666652986,0.5550107202980206,799.8570807467864,0.21938331365559116,4.364568405831406,803.6666384323198,4.028940999188977,189.4131527979359,1510.2706867764562,4.067033177473593,351.12763050836367,1380.0386338625888,-11.269956214852963,432.39785610100586,1221.2176558177575,11.8099620222055,490.5460098955663,1027.7010222857846,10.651891484728246,-7.852570016919356,822.3670618626254,10.234213156006136,-1.3706830838808979,797.9313869426076,-1.7063104905233273,2.5348940035474246,801.8369640300358,2.199266596904995,5.437186841155961,804.7392568676444,5.101559434513532,1.275099037325525,800.5771690638139,0.9394716306830957,-146.41502608634536,932.2503286737494,10.71342361733469,-146.21016616295333,582.4551885971415,10.918283540726712,-144.99539459067194,133.66996016942292,12.133055113008124,4.061280311221117,803.3633503377096,3.7256529045786877,149.02694929170093,870.3615945316061,-8.101500411979115,144.20689793526319,515.5415431751684,-12.92155176841687,146.01417504356576,67.34882028347089,-11.114274660114294,-0.5634975501080683,798.7385724763803,-0.8991249567504978
38,0.38,2.3983785656065986,1701.6891573431333,2.058170005163626,7.09886449007886,1556.3896432676056,6.7586559296358875,0.011375804680531232,1299.3021545822073,-0.3288327557624413,5.566747206077175,1404.8575259836039,5.226538645634203,-0.33899855529752454,1198.9517802222292,-0.6792071157404971,6.41609138158557,1105.7068701591122,6.0758828211425975,4.237367412209688,1003.5281461897364,3.897158851766715,-205.07553513287357,1513.4278463989745,7.168564072618594,-339.3812340009982,1413.1836119109664,-4.13267322911285,-430.0417722463866,1210.7097990710336,3.4661778125994367,-510.6763105214996,1075.1296143176085,-10.342052794611423,11.229830958841072,811.0338512301549,4.710310439660879,2.4633524950168555,801.7541312725435,2.123143934573883,2.489940654791449,801.7807194323182,2.1497320943484763,0.6108671885413155,799.901645966068,0.27065862809834296,-2.1152828936501415,797.1754958838766,-2.455491454093114,186.4006557937071,1507.6540851588522,1.3948028324964183,351.9640167350764,1380.4987274311738,-11.077885580368841,433.17484207408035,1222.474211999732,12.753090108312467,489.4906358512351,1026.880790683538,10.60178662123904,-11.39630510739827,819.273440836988,7.10154851398876,-2.6021660072782686,796.6886127702485,-2.942374567721241,-0.8364311836254736,798.4543475939013,-1.1766397440684462,2.6726170391532684,801.96339581668,2.332408478710296,2.1366959656237565,801.4274747431505,1.7964874051807842,-145.99254222073228,933.3721286356727,11.216061574409984,-145.96827804325946,583.3963928131454,11.240325751882802,-150.15763514622998,129.20703571017495,7.0509686489122885,5.912329801311793,805.2031085788385,5.57212124086882,148.64340369483915,869.2787328384342,-8.565200100303112,147.30052562405947,517.9358547676545,-9.908078171082774,144.68412571708092,65.31945486067599,-12.524478078061337,1.0829548743288337,800.3737336518556,0.7427463138858612
39,0.39,-3.0799842161589748,1696.200081864104,-3.4244333843353636,5.2898791879074905,1554.5699452681706,4.945430019731102,-2.8510191756835024,1296.4290469045795,-3.195468343859891,0.30178333458190076,1399.581849414845,-0.042665833594488056,2.0644227602187057,1201.3444888404817,1.719973592042317,2.099262092498448,1101.3793281727615,1.7548129243220592,3.4405281854208103,1002.7205942656838,3.0960790172444215,-204.79937517787994,1514.1896688497422,7.88267501746644,-340.13295089252364,1412.3645479270626,-6.420705588277891,-437.00689952151527,1202.5647035994346,-3.0093642184622498,-513.5657450102457,1072.341297222897,-13.31494014338048,8.844573007583785,810.1483978701489,1.924205539536321,1.224069447782433,800.5041355280454,0.8796202796060442,0.49286608916430175,799.7729321694272,0.14841692098791293,4.168692348435091,803.448758428698,3.8242431802587022,7.285228517010774,806.5652945972738,6.9407793488343845,192.11154029969921,1513.735506998872,7.428513166596256,357.6503275579644,1385.859214005382,-5.9908620858639035,426.63248472109825,1216.2992434777127,6.268842024284168,490.9761800586621,1028.5725113620006,12.942051648213148,-10.361680519838508,820.6281841628012,8.415718461227627,6.598153591870679,805.8782196721337,6.253704423694289,3.090526379375258,802.3705924596383,2.7460772111988687,4.121898759201705,803.4019648394647,3.7774495910253156,7.951998311348955,807.232064391612,7.607549143172566,-147.64686476079135,932.4002989830686,9.62951778273002,-151.59897402955454,578.4481897143055,5.677408513966826,-144.18212305433855,135.86504068952144,13.094259489182823,3.164443138022481,802.4445092182855,2.819993969846092,148.61443601777043,868.5672722739104,-8.661946525750936,146.56347477863062,516.5163110347706,-10.712907764890737,147.02421068053195,66.97704693667195,-10.252171862989432,2.4698047779111274,801.7498708581741,2.1253556097347386
40,0.4,2.4713310810571167,1701.7412747264798,2.122988407966741,5.041461922853293,1554.311405568276,4.693119249762917,0.5999201265398459,1299.8698637719626,0.25157745344947036,3.727090127058437,1402.9970337724812,3.378747453968062,4.603192365091127,1203.873136010514,4.254849692000752,-2.2865762604725175,1096.9833673849503,-2.634918933562893,4.449404534900868,1003.7193481803238,4.101061861810493,-208.72885195863537,1510.723772182118,4.377061539588212,-338.70941566650475,1413.7324105552818,-6.4752672424642315,-433.9000175982279,1204.5476973154919,0.6516380913794313,-509.9188401675728,1075.9226885649514,-9.791102318283524,13.197477427673524,816.0664233913974,5.950094948041977,-1.3564183857596248,797.9135252596633,-1.7047610588500004,1.2152972632876786,800.4852409087106,0.866954590197303,0.07396508797214407,799.3439087333951,-0.2743775851182315,4.788596122678129,804.058539768101,4.440253449587754,189.16989524332715,1511.1385725245884,4.791861882058716,352.7098710240964,1380.6462180956685,-11.482847413253232,429.6731107406685,1219.5945597670482,9.259430740652899,491.28910083042274,1029.0580715620902,13.952251016115985,-8.867428669689165,822.306788297225,10.053906155854028,4.333173725065807,803.6031173704887,3.9848310519754317,-0.003412956613774387,799.2665306888091,-0.35175562970415,3.5322170263137664,802.8021606717367,3.1838743532233913,5.5413364190831365,804.811280064506,5.19299374599276,-142.04628799459863,938.6650350782721,15.284925121238778,-150.50754760976304,580.2037754631076,6.8236655060743585,-146.4839301127057,134.227392960165,10.847283003131698,0.8147131962176466,800.0846568416406,0.466370523127271,143.84466503700295,863.1333419641322,-13.48654807883445,149.4627183896876,518.7513953168169,-7.868494726149784,148.4188769738455,67.70755390097479,-8.912336141991911,5.174994094810911,804.4449377402339,4.826651421720536
41,0.41,2.6984681553386713,1701.958891076536,2.346585458135352,4.42418052270754,1553.6846034439047,4.07229782550422,5.3124254861163775,1304.5728484073136,4.960542788913058,4.946561676747669,1404.206984597945,4.594678979544349,4.263733858425129,1203.5241567796224,3.9118511612218096,2.0605307789691496,1101.3209537001665,1.7086480817658303,4.067148904989944,1003.3275718261872,3.715266207786625,-210.0430518278268,1509.8504642874234,3.4720999964620365,-338.247919122508,1414.1520087681065,-7.428181589133511,-427.86710654194843,1209.5152015474478,7.3015180101107084,-517.7785249620174,1067.830755117192,-17.8129046739328,6.560719273387307,811.0527248267246,-0.9397104920227131,1.8883769795099437,801.1487999007072,1.5364942823066243,4.173881103454282,803.4343040246516,3.8219984062509624,2.6438503757681646,,2.2919676785648453,0.16410967396716547,799.4245325951645,-0.18777302323615386,183.72340314689077,1506.0105274224181,-0.36783686854314546,362.9798165435755,1390.6995785589704,-1.7141109349483399,432.3802229152221,1222.4435064288557,11.80864393752311,493.9707985700839,1031.8749611220132,17.168075490826062,-12.750463383129727,818.467421470963,6.176140535767841,,799.5097445350035,-0.1025610833971613,4.831980595000162,804.0924035161975,4.480097897796842,2.540057513675554,801.8004804348728,2.1881748164722348,2.242567781860687,801.502990703058,1.8906850846573677,-143.89523006099796,937.460381853498,13.477303886347489,-148.0510272681715,583.3045846463244,9.321506679173957,-143.14531764070966,138.2102942737863,14.22721630663581,0.19063637682994594,799.4510592980272,-0.1612463203733734,149.88662967859884,,-7.485904268746614,145.07639458320162,513.7207826687056,-12.296139364143826,146.75232574778425,65.3967138332883,-10.620208199561196,2.3323003416739416,801.5927232628712,1.980417644470622
42,0.42,4.526477644400403,1703.7779927323359,4.171414599597691,3.0745801520706326,1552.326095240006,2.7195171072679205,0.11779906630417347,1299.3693141542396,-0.23726397849853864,-1.87652967333555,1397.3749854146,-2.231592718138262,1.4800888299817423,1200.731603917917,1.1250257851790302,3.2691393519064706,1102.5206544398418,2.9140763071037585,3.009470448655756,1002.2609855365911,2.654407403853044,-209.69363022936574,1510.6175113167524,4.21561591122608,-340.4658649530843,1411.907939004289,-10.991615709491647,-431.21190247403314,1205.1656258377707,4.6345987024554525,-511.8021324264294,1073.4091571003057,-12.036554563421465,7.957029069352978,814.1219297288123,0.2769442164675944,5.490498199223655,804.7420132871589,5.135435154420943,-0.38284388165241046,798.8686712062829,-0.7379069264551226,0.8610194219069816,800.1125345098422,0.5059563771042694,6.209558055833577,805.4610731437689,5.854495011030865,191.05973332642276,1513.6386366044162,,357.87386249510985,1385.4355025864606,-7.268573445722683,432.6339276393365,1222.7263915788292,11.797270129051439,490.5021996977137,1028.5008971207817,14.065974033924968,-13.33251114280477,817.7843443841944,5.458702321478268,2.9354278398353233,802.1869429277706,2.580364795032611,-0.8618602600325955,798.3896548279026,-1.2169233048353076,1.5367720958483482,800.7882871837836,1.181709051045636,2.0662237939368446,801.3177388818722,1.7111607491341325,-149.0587297076949,932.9197420483256,8.34106812201863,-144.8960298933615,587.0824418626589,12.503767936352055,-148.28974013590272,133.68873162011772,9.110057693810806,0.7842386405769293,800.0357537285122,0.42917559577421716,145.48645386967996,863.5079821136595,-11.913343960033583,149.49881696051466,517.5203452044942,-7.900980869198875,145.83381559101122,63.85534383499082,-11.565982238702304,1.7906388638934485,,1.4355758190907364
43,0.43,6.023161266078411,1705.2663923190185,5.665283560213581,5.437880179699209,,5.08000247383438,0.3737694910894769,1299.6170005440295,0.015891785224647403,1.8513896029365626,1401.0946206558765,1.4935118970717332,4.530524933812118,1203.7737559867521,4.172647227947289,3.511362024267889,1102.7545930772078,3.1534843184030596,4.500605087246979,1003.743836140187,4.14272738138215,-202.60557209413872,1518.09937805967,11.68212427501496,-341.1996793205332,1411.1656641497832,-12.997009507485688,-436.4445649175398,1198.9906961118259,0.13853196337260254,-510.2466027677438,1074.4030389546556,-10.71731265954747,5.2425249649810794,813.121384324199,-2.545088479326109,0.18433821932683792,799.4275692722669,-0.17353948653799156,2.2670701494891805,801.5103012024292,1.9091924436243508,2.1489298543513407,801.3921609072913,1.7910521484865112,-1.9743801966209023,797.2688508563191,-2.3322579024857317,193.11374499338962,1515.9573878371616,9.54013405250642,362.8534206470982,1390.3177370243482,-2.6826334253186634,429.9726752742984,1219.9822239729058,8.76483613749188,490.75454815919585,1028.8046489497071,14.51398355705798,-12.676672980762286,818.1913930892985,5.837590869090597,3.175278244783919,802.418509297724,2.8174005389190895,2.503888879463216,801.7471199324033,2.1460111735983864,1.7673067953974955,801.0105378483375,1.409429089532666,0.915852798815393,800.1590838517554,0.5579750929505636,-145.99324888902066,936.5850787913838,11.419226151938641,-150.84454248477294,581.7337851956315,6.567932556186358,-149.6171070458815,132.96122063452296,7.7953679950778,2.555608014243475,801.7988390671835,2.1977303083786457,143.16844889929249,860.590121218888,-14.244026141666811,145.98828190372282,513.4099542233183,-11.424193137236475,148.13400125563481,65.55567357523036,-9.278473785324499,1.875778743169774,801.1190097961098,1.5179010373049446
44,0.44,4.297591662993916,1703.5331731083652,3.937270803599773,2.0296438133305545,1551.2652252587018,1.6693229539364114,-0.4319001907049582,1298.8036812546663,-0.7922210500991014,2.6116710851074822,1401.8472525304787,2.251350225713339,5.432053044154692,1204.6676344895259,5.071732184760549,3.026418941806549,1102.2620003871777,2.6660980824124056,1.5853512901754883,1000.8209327355468,1.225030430781345,-210.76892272521548,1510.3054977983597,3.881099334523065,-336.10969688850474,1416.266616596673,-9.099980384831184,-436.0990074796932,1198.4581205773186,1.2769746177473826,,1074.0874211840976,-10.581100627005553,5.338469485359932,814.9629727738268,-2.486474443863586,0.5495466995988743,799.7851281449701,0.1892258402047311,2.134811005694603,801.3703924510659,1.77449014630046,4.924418880047548,,4.564098020653405,0.23685542586106623,799.4724368712324,-0.12346543353307693,189.13848685463097,1512.219491826918,5.7950933630813095,358.2425840691529,1385.6725237605347,-7.630209110594035,433.5957584017874,1223.4112077544737,11.91210100165853,486.6499490901982,1024.706608071995,10.432300790254894,-13.90911225060968,816.5603284077979,4.186856323442207,2.9027289789902855,802.1383104243615,2.5424081195961423,2.834678799668772,802.07026024504,2.4743579402746287,-0.5194239480653171,798.716157497306,-0.8797448074594603,0.1650831191677331,799.400664564539,-0.19523774022641005,-149.89623493710508,933.2573587730196,7.513821565237387,-146.39797828579074,586.755615424334,11.012078216551728,-143.6321388299133,139.52145488021145,13.777917672429158,3.27404727961437,802.5096287249856,2.9137264202202267,145.7532548740367,862.599661163912,-11.656801628305734,149.6593182617455,516.5057245516208,-7.75073824059695,152.1476385180392,68.99404480791446,-5.262417984303252,-0.599377154777224,798.636204290594,-0.9596980141713671
45,0.45,7.014202954521042,1706.2427795657757,6.651816077840049,4.776932398843684,1554.0055090100984,4.41454552216269,-0.5666339308172521,1298.6619426804375,-0.9290208074982451,0.13400260703583955,1399.3625792182904,-0.22838426964515346,2.783390126339938,1202.0119667375945,2.421003249658945,7.347273123090032,1106.5758497343447,6.984886246409038,4.081884208903213,1003.310460820158,3.7194973322222196,-209.98616605504375,1511.4328947536792,5.009596981333523,-336.77062758296023,1415.637721155314,-10.870807656324889,-433.35497337401677,1200.3895118572448,4.86752106033017,-509.11067841912967,1073.938393816464,-10.15330459844522,6.804897005066923,818.1968131505282,-0.9897368821284076,3.7921094610483115,803.0206860723031,3.4297225843673185,2.59754627994996,801.8261228912047,2.235159403268967,-0.2728286326801892,798.9557479785745,-0.6352155093611822,-0.6958747321803438,798.5327018790745,-1.0582616088613368,190.0482284301546,1513.3389139800383,6.915616207692758,363.3187847108314,1390.7792454097312,-2.8320901567462116,435.43239015245814,1224.943816055261,13.170128513043842,490.30236447834693,1028.31980207193,13.934295858905124,-14.509588299398226,815.410331505645,3.0280768061713075,0.2205514827823949,799.4491280940372,-0.14183539389859812,5.626968693871847,804.8555453051266,5.264581817190853,5.190732503714338,804.4193091149691,4.828345627033346,2.343123660527045,801.5717002717819,1.9807367838460517,-150.09677610501754,933.6059021901577,7.29528084204224,-144.1699043284386,589.5327739667366,13.222152618621172,-145.73755585743444,137.96512243774083,11.654501089625331,5.647274093730246,804.875850704985,5.284887217049254,147.92571242334782,864.2230341281726,-9.466344523711957,149.97424365329638,516.2715653581212,-7.417813293763407,148.90182299319443,65.19914469801914,-8.490233953865372,1.4358481220379395,800.6644247332928,1.0734612453569465
46,0.46,2.674515624885968,1701.896742233488,2.310445300409902,5.4034664481939565,1554.625693056796,5.039396123717891,4.8749739178333416,1304.0972005264355,4.510903593357275,3.66556095896008,1402.8877875675623,3.301490634484014,5.1012732129691765,1204.3234998215714,4.73720288849311,3.0829078375184853,1102.3051344461207,2.71883751304242,1.418339126506861,1000.640565735109,1.054268802030795,-209.31832001484946,1512.4200893819464,6.006160001897951,-339.09780360311987,1413.3651383462984,,-434.0160317131296,1198.9823894267658,5.10371597798514,-508.33076223013876,1073.688838142866,-9.703047803862706,6.146814032821146,819.3175316505655,-1.5530169382551946,-0.22646408186960798,798.9957625267326,-0.5905344063456739,3.378899743605364,802.6011263522075,3.014829419129298,-3.5121272216021358,795.7100993870001,-3.8761975460782017,-1.9950914500035348,797.2271351585987,-2.3591617744796007,189.20972325445229,1512.6821380036877,6.268208623639389,358.77637719905874,1386.3339979020575,-7.592362295217376,437.8102416883111,1226.9093225496354,14.868817481356595,489.57060029133015,1027.502892290148,12.879506872554389,-14.66734689560426,814.5521344835472,2.174469613480252,3.5029038226591473,802.7251304312614,3.1388334981830814,3.3581996013171693,802.5804262099193,2.9941292768411034,7.236024611975212,806.4582512205774,6.871954287499147,5.943467912308506,805.1656945209107,5.579397587832441,-149.57076298141715,934.6532269429149,7.787255103891833,-149.14776918337776,585.0762207409543,8.210248901931202,-152.6115792367057,131.61241068762638,4.746438848603271,2.5691925096627095,801.7914191182649,2.2051221851866436,,859.3941897572076,-13.739838403769241,152.2897856689721,518.06579574464,-5.068232416336846,145.45222771214483,61.22823778781278,-11.905790373164116,1.3281560275353614,800.5503826361376,
47,0.47,2.899321111579984,1702.1158623142219,2.533955143499726,4.008640634260835,1553.225181836903,3.643274666180577,-0.12743271152893776,1299.0891084911132,-0.49279867960919566,6.979467466589927,1406.196008669232,6.614101498509669,6.7489988099962375,1205.9655400126383,6.383632841915979,3.2488385010519885,1102.465379703694,2.8834725329717306,4.288243921902775,1003.5047851245448,3.9228779538225176,-208.77352719675608,1513.2585083410256,6.862228006795348,-336.1831846337278,1416.3582501654623,-12.237796947091724,-431.5230729917044,1200.7966839316307,8.541568803946944,-508.69785144507694,1072.1474475924333,-10.424161521745248,1.6571698255265055,816.6073119371864,-5.887058785810746,3.3301595234493107,802.5467007260913,,4.263225233660797,803.4797664363028,3.8978592655805384,-0.4247644256920151,798.79177677695,-0.790130393772273,1.9886131319974178,801.2051543346395,1.62324716391716,189.69066576171178,1513.3166231467233,6.920342812493107,359.56380567028265,1387.2867468421898,-6.961248134276357,435.8412553880447,1224.4216075367558,12.122706306877703,486.84779623244236,1024.6496661076526,9.66312660826998,-10.952285668495643,817.4168675111455,5.059718077181037,5.582668469979259,804.7992096726213,5.217302501899002,0.8358153870387046,800.0523565896807,0.4704494189584467,-0.5953463153124008,798.6211948873296,-0.9607122833926587,-4.793046769076535,794.4234944335655,-5.158412737156793,-150.33459056271585,934.3813522754806,6.972921187355977,,584.7634680618993,7.355036973774675,-148.00935804067552,136.706584797521,9.298153709396297,1.1978487901385264,800.4143899927806,0.8324828220582685,150.58440225266742,865.8684594144709,-6.723109497404428,145.6619309091161,510.9459880709196,-11.645580840955716,153.4168274192086,,-3.890684330863232,3.3883438659789697,802.604885068621,3.022977897898712
48,0.48,4.766672525851749,1703.9782023870162,4.4004037515032,2.184325866217984,1551.3958557273825,1.818057091869435,2.514456018018266,1301.7259858791826,2.1481872436697174,0.6224056224259216,1399.8339354835903,,7.427317009615014,1206.6388468707794,7.061048235266465,1.4647622902961706,1100.6762921514605,1.098493515947622,2.3715723259008477,1001.5831021870654,2.005303551552299,-210.07513693664708,1512.2244029968256,5.854055910425996,-337.01923021676436,1415.625779405472,-13.911093962508726,-430.9539454638653,1200.7551016767202,10.099928165232699,-506.93392361438663,1072.5993948123753,-9.0345073204054,7.57110212018168,824.2902237397324,0.2390850926322825,3.8963378063965184,803.107867667561,3.5300690320479697,4.712763570502587,803.9242934316671,,3.832200735772873,803.0437305969374,3.4659319614243245,3.289400154687071,802.5009300158516,2.923131380338522,186.93047898069284,1510.6815922060232,4.3112451196235995,366.47747795807663,1394.4351920080708,-0.14123974671537942,433.8454381463132,1221.8029429910355,9.254756303978292,485.22017865369753,1022.8477843831154,7.37474182650165,-14.072051971597691,813.2989649494617,0.9808566641748251,-1.3134057536050374,797.8981241075595,-1.679674527953586,0.6903383580080455,799.9018682191726,0.3240695836594969,5.321964121493284,804.5334939826578,4.955695347144735,5.282340856228025,804.4938707173925,4.916072081879477,-152.98988422575763,932.1870785962743,4.250258782067549,-147.95757472789765,587.2193880941343,9.282568279927535,-153.3460721148548,131.83089070717716,3.8940708929704027,0.12495809889474163,799.3364879600592,-0.24131067545380702,151.24515950112,866.068196679088,-5.994983506705184,152.56796598228172,517.3910031602497,-4.672177025543481,147.29284652853116,62.1158837064992,-9.947296479294042,-1.3042832632101762,797.9072465979543,-1.6705520375587248
49,0.49,2.6155859868000007,1701.8227877367813,2.2488120721934766,4.043569667441002,1553.2507714174224,3.6767957528344777,2.019364462300433,1301.2265662122818,1.6525905476939087,5.840154723740875,1405.0473564737222,5.473380809134351,1.4310562492870844,1200.6382579992685,1.0642823346805603,5.138443375626869,1104.3456451256081,4.771669461020345,4.045543640113577,1003.2527453900949,3.6787697255070526,-206.28901677423917,1516.251538512925,9.915403003893385,-329.34395512018136,1423.4307267350168,-6.975472480803718,-435.4125748484847,1195.7540068399048,6.671373851538307,-509.19300583299923,1068.8986811413868,-11.683614452896768,-2.886787606304609,815.5795844148537,-9.954617680239096,1.5208041102640595,800.7280058602454,1.1540301956575354,2.046595780157496,801.2537975301389,1.6798218655509716,-0.0019529898051304784,799.2052487601762,-0.36872690441165457,3.2591630854113225,802.4663648353927,2.8923891708047984,186.3552703903324,1510.202987648906,3.866852139874376,364.2525824318011,,-2.3962877174734047,438.1391497448956,1225.372271572637,,486.7347998494682,1024.146507314333,8.066048536801313,-9.096734374727559,817.1314691886511,4.8735531773191845,1.709730810800686,800.916932560782,1.3429568961941618,6.344640941963818,805.5518426919451,5.977867027357294,2.7653956644243842,801.9725974144058,2.39862174981786,5.626207895896682,804.8334096458781,5.259433981290158,-146.43978473671464,939.1657083192758,10.715768481597877,-149.3614885010772,586.2440045549133,7.794064717235329,-147.33015906092731,138.27533399506314,9.825394157385212,2.3705758567264894,801.5777776067079,2.0038019421199653,148.70585285936514,863.1003598033747,-8.449700358947377,150.69360622173053,515.0881131657401,-6.46194699658199,147.7421453450962,62.13665228910573,-9.41340787321634,1.812542068384046,801.0197438183654,1.445768153777522
50,0.5,2.11824897915469,1701.3218147076577,1.7513722116764507,2.0260385889274652,1551.2296043174306,1.6591618214492256,5.208343186580628,1304.4119089150838,4.841466419102388,4.2123991039833895,1403.4159648324865,3.84552233650515,3.9765660861119456,1203.1801318146152,3.609689318633706,6.985448656926064,1106.1890143854291,6.618571889447825,2.2237831726815713,1001.4273489011847,1.8569064052033317,-210.18842183566198,1512.566324977269,6.272664075039851,-331.4468458185682,1421.4844474560916,-9.717647381477692,-434.9977337643624,1195.694654993703,8.153459861914923,-504.1372250678503,,-7.028776788610084,1.3172561265107054,821.4977382098792,-5.439432354971646,1.113064413348218,800.3166301418513,0.7461876458699783,2.549026360711499,801.7525920892147,2.1821495932332593,1.2020480678379994,800.4056137963411,0.8351713003597598,3.2253692222340207,802.4289349507371,2.858492454755781,185.55611890009519,1509.4717588152994,3.1780979130704003,364.7065773038704,1393.3461622109728,-1.9083168054709463,439.2123154265582,1225.622408766548,12.605884989921845,488.14078689039064,1025.2979220045731,8.492066553461287,-6.212544419503372,818.7323355727319,6.55839156963165,0.12697334295104712,799.3305390714542,-0.2399034245271925,2.823316626415129,802.0268823549183,2.456439858936889,1.3766062144779498,800.5801719429811,1.0097294469997102,-2.207886308062719,796.9956794204404,-2.5747630755409587,-149.49305304107386,936.5069469589262,7.560369986435823,-151.49388426894723,,5.559538758562442,-152.67197687895347,133.32802312104653,4.381446148556195,-1.0440953489925993,798.1594703795105,-1.4109721164708389,147.2014816730873,861.2014816730873,-9.85194135442239,150.14482007272258,514.1448200727226,-6.908602954787104,152.42000859560525,66.42000859560525,-4.633414431904422,6.050821409578953,805.254387138082,5.683944642100713
51,0.51,6.249946735990683,1705.450577081426,5.883373814366535,1.6466565160483064,1550.8472868614838,1.2800835944241578,0.944724079815054,1300.1453544252504,0.5781511581909053,-0.18134579552500973,1399.0192845499105,-0.5479187171491584,4.639945878219908,1203.8405762236553,4.273372956595759,1.4443320386502916,1100.6449623840856,1.077759117026143,2.30947999108205,1001.5101103365174,1.9429070694579011,-211.30601543446676,1511.6357972693002,5.392849279015694,-335.3998421252949,1417.7156639318353,-14.207155247336848,-437.85308022459265,1192.4331585858401,6.398689154846869,-507.11383525273516,1067.74176206038,-10.412130598526739,0.24886210260521652,822.098866499126,-6.155077986615656,-0.42988813414786087,798.7707422112876,-0.7964610557720095,3.794122782235207,802.9947531276706,3.427549860611058,4.0412819974021,803.2419123428375,3.674709075777952,3.078020441737384,802.2786507871728,2.7114475201132353,188.327867896361,1512.2826551406442,6.039707150359763,363.3516228951624,1392.43966671349,-3.1647977054845704,438.0074206758733,1223.4990261961352,10.264967180702765,,1026.3546566200273,8.708838299123341,-11.372751953375216,812.153475177914,0.08989228226040968,1.1195335621662177,800.3201639076017,0.752960640542069,2.485856943873074,801.6864872893085,2.1192840222489253,3.295506827276355,802.4961371727118,2.9289339056522063,3.0406208087704845,,2.674047887146336,-146.64742206293002,939.7115572274122,10.286053215057088,-149.72247867766225,586.63650061268,7.210996600324864,-153.3859617259391,132.97301756440314,3.547513552048025,1.501276677639471,800.7019070230749,1.1347037560153224,152.5922515448586,866.2332722545164,-4.341223733128473,150.0567420768809,513.6977627865386,-6.876733201106173,149.36872542906517,63.00974613872296,-7.564749848921927,3.9597167976885617,803.160347143124,3.5931438760644125
52,0.52,,1703.925433953068,4.361171940084421,4.880553605349898,1554.0789574399457,4.514695426962055,1.9559008603048533,1301.1543046949007,1.5900426819170095,2.110095138256041,1401.3084989728518,1.7442369598681973,2.9447555214210164,1202.1431593560167,2.5788973430331725,2.7294043203843805,1101.92780815498,2.3635461419965367,2.454261321363179,1001.6526651559589,2.088403142975335,-208.8310547024492,1514.2704298554838,8.086398947344135,-331.50189419368485,1421.8259034958787,-10.740920467347088,-436.4414527666338,1193.5061967785994,8.940232476949804,-502.22884417341555,1070.8521524473867,-5.934335722836028,-0.6198358572724384,822.8437116090005,-6.635033538816904,1.0915971472463124,800.2900009818419,0.7257389688584686,3.4224830628027227,802.6208868973983,3.056624884414879,4.9195135901358515,804.1179174247314,4.553655411748007,0.15465774776669194,799.3530615823623,-0.2112004306211519,189.55988836710563,1513.524989411547,7.340958503407331,364.1835302421212,1393.7921940372519,-2.169801505528645,438.38374284458814,1222.864870794154,9.425415146675697,492.4059574659214,1028.9533455581086,10.356876360029831,-5.637070240082851,816.3413394027624,4.417074210921079,3.898591932086655,803.0969957666823,3.5327337536988113,1.3225338064471202,800.5209376410428,0.9566756280592763,1.0626550199987463,800.2610588545944,0.6967968416109025,1.9429326087288699,801.1413364433245,1.577074430341026,-151.15098564523876,935.5299759795648,5.644492175776205,-152.39802190838253,584.2829397164211,4.397455912632425,-147.42204118663568,139.25892043816793,9.373436634379283,-0.03366406099985442,799.1647397735958,-0.39952223938769826,148.53584692780373,861.8548853030002,-8.25963089321122,150.57730760346658,513.896345978663,-6.218170217548373,151.9456688970808,65.26470727227719,-4.849808923934153,5.246141251198765,804.4445450857944,4.88028307281092
53,0.53,4.610780919564849,1703.8076750304165,4.246052365214436,3.3782859173003352,1552.575180028152,3.0135573629499217,0.4055849864363923,1299.602479097288,0.04085643208597878,3.7694350810311046,1402.9663291918828,3.404706526680691,6.012125315639774,1205.2090194264915,5.647396761289361,-2.55225073352855,1096.644643377323,-2.9169792878789633,-0.16716249787567694,999.0297316129761,-0.5318910522260905,-213.41469901945516,1509.8188287434514,3.7018755657025233,-335.20662603558924,1418.3618307197055,-14.770926457133257,-439.26546849986994,1190.4104233377075,7.271344937223711,-504.00517361256846,1067.2111326476356,-8.112793058360129,-0.25938150053548714,824.7504866671084,-5.855656567395847,4.390043453113023,803.5869375639649,4.025314898762609,4.397095945414167,803.593990056266,4.032367391063754,5.505837541176777,804.7027316520285,5.141108986826364,,801.0183303888814,1.4567077236791477,,1513.464533971868,7.3475807941189615,362.8948279166542,1393.0963021852626,-3.230934951406482,439.116646652659,1222.4990469112477,8.867145653308219,493.6338855230104,1029.8354829012458,10.18199716313295,-8.579490025677497,811.7290474203684,-0.02444050077648563,-0.08311362516884158,799.1137804856829,-0.4478421795192551,0.11689814106298124,799.3137922519148,-0.24783041328743227,3.589579295849706,802.7864734067015,3.2248507414992926,2.627379936032675,801.8242740468845,2.2626513816822613,-154.6466501765438,932.3178684366815,1.992596038428407,-147.82175417658786,589.1427644366373,8.817492038384346,-150.1313840043208,136.83313460890443,6.50786221065139,2.40486781138776,801.6017619222396,2.040139257037347,147.2350080678678,,-9.404238147104424,151.21890746140744,514.2543888481822,-5.420338753564767,152.14457668567655,65.18005807245132,-4.494669529295656,,801.2809009557634,1.7192782905611912
54,0.54,0.9893281218984193,1700.185436888084,0.6261478381071832,4.925434489312985,1554.1215432554986,4.562254205521749,1.5270149929824806,1300.7231237591682,1.1638347091912444,6.992390947666606,1406.1884997138523,6.629210663875369,3.1976481688686844,1202.3937569350544,2.8344678850774483,1.0557219657150028,1100.2518307319006,0.6925416819237666,5.140889654938775,1004.3369984211245,4.777709371147539,-210.1382991055143,1513.199442730875,7.15767505651028,-336.5795719430328,1417.2580076734919,-16.361458353334122,-437.5416888759721,1191.9283077342134,10.171215467450816,-502.349698962427,1066.923196081483,-6.848744008556721,-10.785108491317951,815.6928552711591,-15.93823053637101,5.075393283028166,804.2715020492138,4.712212999236931,4.142842033947408,803.338950800133,3.7796617501561727,4.393234129824508,803.5893428960102,4.0300538460332715,-3.538601645284462,795.6575071209012,-3.9017819290756983,186.99958848831028,1510.8987629542935,4.856995279928756,365.8540781554814,1396.7203139462981,0.01997459162978621,442.6887786487024,1224.8881964979537,11.077629713013676,496.38065676877846,1032.216463935875,11.404340661430323,-8.807183314546707,809.7174360386446,-1.831399145860368,7.230830058445617,806.4269388246313,6.867649774654382,7.625061402699297,,7.261881118908061,2.358744468107178,801.5548532342929,1.995564184315942,3.5780217228038937,802.7741304889895,3.2148414390126576,-149.03117779296923,938.177090777341,7.4334685019392985,-152.00736109019894,585.2009074801114,4.45728520470958,-149.72605028556256,137.48221828474774,6.73859600934595,,803.3540317158981,3.7947426659212593,151.3374332362539,864.1291646659436,-5.127213058654631,147.63104010533735,510.42277153502704,-8.833606189571194,152.54838286333518,65.34011429302485,-3.9162634315733573,7.062227534382979,806.2583363005687,6.699047250591742
55,0.55,5.3635938713200755,1704.5596489372012,5.00238405026599,3.4648816378357012,1552.660936703717,3.103671816781616,0.9354000082954332,1300.1314550741765,0.574190187241348,5.142068713758212,1404.3381237796393,4.780858892704127,2.7318738938374283,1201.9279289597187,2.370664072783343,7.825048294621783,1107.021103360503,7.463838473567698,3.2098668417371834,1002.4059219076182,2.848657020683098,-212.45167635826047,1510.962284365614,5.003747782844554,-333.75293505374435,1420.382132956919,-13.643866398515474,-439.9474939804766,1189.3812686260994,8.958108313601644,-499.64692851612284,1067.6156251497987,-4.521011514429244,-6.389810995882429,821.4673516873353,-11.081569913187353,3.251485925990898,802.447540991872,2.8902761049368126,1.1213766628954327,800.3174317287765,0.7601668418413474,0.3968541489767534,799.5929092148579,0.03564432792266814,5.689609156669755,804.8856642225509,5.32839933561567,187.56349057380274,1511.3864875441607,5.4279509613909465,368.0421860870682,1399.644623004954,2.5631882777425017,441.8473587065486,1222.7837754923366,8.809165908773162,494.0985285888773,1029.5546908487484,7.487452256820065,-8.579173933015849,808.0563352603992,-3.251665175604281,3.265210106161108,802.4612651720422,2.904000285107023,3.2509400420110275,802.4469951078921,2.889730220956942,2.2738952256253544,801.4699502915064,1.9126854045712691,3.8618136237655927,803.0578686896466,,-151.22663012965344,936.1842520980211,5.04496646881238,-150.83772458655713,586.5731576411175,5.433872011908687,-153.01582528359637,,3.2557713148694374,4.011347628740209,803.2074026946212,3.6501378076861237,151.918004313911,864.5071220862363,-4.353592284554816,152.43979665763345,,-3.8317999408323744,155.32049717081716,67.90961494314251,-0.9510994276486593,5.011376260384642,804.2074313262657,
56,0.56,3.330158332419386,1702.526898277259,2.971344489601935,4.355431340000998,1553.5521712848406,3.9966174971835473,2.785358650551145,1301.9820985953909,2.426544807733694,1.60552565065552,1400.802265595495,1.246711807838069,-0.022051267105192895,1199.1746886777344,-0.3808651099226439,2.4193194150092143,1101.6160593598488,2.0605055721917633,0.038542321920930434,999.2352822667607,-0.32027152089652056,-208.5890702387946,1514.8729828135527,9.005651470055586,-332.36940697215,1422.0912206017808,-12.26038890955389,-437.8317673972418,1191.4189976296489,12.278694447457688,-497.0235584224273,1068.1738454145086,-2.250618036373591,-5.194595710933924,823.9426175836365,-9.412806902549022,1.6579744937451866,800.8547144385849,1.2991606509277356,7.631333746978937,806.8280736918186,7.272519904161486,6.987773459918012,806.1845134047578,6.628959617100561,3.359725288816439,802.5564652336561,3.000911445998988,187.5938515892505,1511.311963242082,5.44463189858487,367.8658559578254,1400.2751481012701,2.8045129271232367,444.0222473316699,1223.6201052453605,9.496928600601963,490.5406270684762,1025.6099100852011,2.1965945721577476,-12.282049342455833,802.3687955159946,-8.6600128371881,2.2043972357816473,801.4011371806214,1.8455833929641963,0.49054773388573336,799.6872876787255,0.13173389106828237,5.956658330251124,805.1533982750909,5.597844487433673,-0.1570472486642558,799.0396926961755,-0.5158610914817068,-152.84586647487592,934.7252218674649,3.2142041589186445,-148.21350824178685,589.3575801005541,7.846562392007719,-152.40279669819353,135.16829164414733,3.6572739356010526,,803.9709434856222,4.415389697965086,152.96102155565123,865.3899332133104,-3.0990490781433326,152.5721929894042,515.0011046470634,-3.487877644390372,151.5652788722174,63.994190529876526,-4.494791761577186,3.2969524191180763,802.4936923639578,2.9381385763006254
57,0.57,0.7903686012621436,1699.988538605287,0.4343793509941283,6.521519222390271,1555.719689226415,6.165529972122256,7.007604666281497,1306.2057746703063,6.651615416013482,4.234089528895831,1403.4322595329206,3.878100278627816,-0.8905922083004372,1198.3075777957242,-1.2465814585684525,3.7103027549185086,1102.9084727589432,3.3543135046504933,1.8624189701366902,1001.0605889741613,1.506429719868675,-208.50062705306604,1514.9812952866632,9.213062697578273,-331.0916881681991,1423.7220791334478,-10.87367453870869,-437.74616814154786,1191.4881968431841,13.57679634137418,-499.41131878511374,1063.6784863608973,-4.963695337363443,,827.8618969311555,-6.184918060041321,3.3414823434059384,802.5396523474305,2.985493093137923,3.1743627933942427,802.3725327974189,2.8183735431262273,0.9025782176653654,800.10074822169,0.5465889673973501,3.329513157286504,802.5276831613112,2.973523907018489,186.91708838322162,1510.5017278041537,4.7334952150686185,368.0698279423732,1401.355568840783,3.487539766706128,442.4913781938247,1220.6797884614084,6.424380503565446,492.87195445016533,,2.7096606722837344,-7.7614392139966375,804.819541552982,-5.889694596609123,-1.3855261346694059,797.8126438693553,-1.7415153849374212,4.947154747779167,804.1453247518039,4.5911654975111515,-1.0343622777017991,798.1638077263228,-1.3903515279698144,7.070178330763024,806.2683483347877,6.714189080495009,-149.66270892487032,938.024970254315,6.167390050728029,-152.98833879456183,584.6993403846236,2.8417601810365287,-148.7918776141119,138.89580156507344,7.03822136148643,0.9461831472693625,800.144353151294,0.5901938970013472,154.3976279664124,866.7099487872271,-1.432471009185953,150.97564147588776,513.2879622967024,-4.854457499710608,152.63598677219326,64.9483075930079,-3.194112203405097,4.716371122546366,803.914541126571,4.36038187227835
58,0.58,4.869917130335437,1704.07026863737,4.517183959159162,2.808237151110958,1552.0085886581455,2.4555039799346834,2.7088330976370867,1301.9091846046715,2.356099926460812,-3.410811025345359,1395.789540481689,-3.7635441965216336,2.3569074105613828,1201.5572589175958,2.004174239385108,1.4485899725349622,1100.6489414795694,1.0958568013586876,1.7601047097575846,1000.9604562167921,1.40737153858131,-212.26831931472094,1511.2051878450372,5.543857774613819,-329.99538005863656,1425.1984198919945,-9.559674724412414,-438.1291615962021,1191.1485581440857,14.409374108554845,-497.8637744917765,1063.0884859470302,-3.7083490113388344,-8.848449464794257,822.5130254996275,-12.106754243254827,1.2333146114453202,800.4336661184799,0.8805814402690455,4.876580592858909,804.0769320998935,4.5238474216826345,1.6704256187873872,800.870777125822,1.3176924476111125,5.067871300447949,804.2682228074825,4.715138129271675,183.57442616699987,1506.9971629220863,1.335832851662893,363.03536407571215,1397.2658117047247,-1.0078666996452377,445.5401438119464,1222.2530776434962,7.882637638874985,495.5341869137719,1029.836461331323,3.4818715784579086,-8.412196067191669,802.0247182343218,-8.322715951519442,3.5378057728628036,802.7381572798973,3.185072601686529,4.630989717341481,803.831341224376,4.278256546165206,1.83471294480644,801.035064451841,1.4819797736301654,2.055927845353123,801.2562793523877,1.7031946741768484,-156.1141390905482,931.6453767546928,-0.5323679145453344,-154.69345948888702,583.066056356354,0.8883116871158634,-152.12082552930735,135.63869031593367,3.460945646695507,6.599782307571589,805.8001338146062,6.247049136395314,155.0258755315561,867.2663596863151,-0.5558956444467746,152.96936250760848,515.2098466623675,-2.612408668394399,150.68975680570637,62.93024096046535,-4.892014370296511,0.231603752327199,799.4319552593618,-0.12112941884907569
59,0.59,0.35016089374624126,1699.5534512705551,0.0011179318729181986,2.259329680878407,1551.4626200576872,1.9102867190050843,6.047283389307273,1305.250573766116,5.69824042743395,5.514808699957198,1404.718099076766,5.165765738083875,-3.7339764650928315,1195.4693139117162,-4.083019426966155,4.302672395707025,1103.5059627725159,3.9536294338337017,4.187044559067338,1003.3903349358761,3.838001597194016,-214.002189596268,1509.434591665764,3.887869092499706,-333.08580757146564,1422.5140358136289,-12.324465130538654,-442.15246781893717,1187.226325843128,11.600094575576245,-503.4696675607459,1055.327652953419,-9.568063900436714,-8.765926853419584,823.5221108133027,-11.549377928993383,3.657735255029465,802.8610256318383,3.3086922931561418,4.69331796229579,803.8966083391045,4.344275000422467,3.2147187991739163,802.4180091759828,2.8656758373005933,5.270238895463034,804.4735292722719,4.921195933589711,187.82359360319674,1511.0561891222055,5.509466548941391,368.47211469889413,1403.7139176596033,5.026301693624045,443.821845344942,1218.9983070625851,4.530897690079438,499.7387686230822,1033.6759076080068,5.738764830726687,-2.5937917470694556,805.6364150773678,-4.305330661664616,3.3604945325267126,802.5637849093355,3.0114515706533895,0.2296822308781321,799.4329726076869,-0.11936073099519096,-1.5234520571910308,797.6798383196178,-1.872495019064354,9.540592715953457,808.7438830927623,9.191549754080134,-150.8605515660924,936.9249818881515,,-154.588675463091,583.1968579911529,0.7265620144862985,-147.62265113340993,140.162882320834,7.692586344167372,4.826509792460024,804.0298001692688,4.477466830586701,150.1809868581389,,-5.134250619438381,155.8629221208653,,0.5476846432880138,155.0070690038586,67.22153554961467,-0.30816847371869405,0.21205415509194925,799.4153445319007,-0.13698880678137382
60,0.6,-2.5209942351545336,1696.6859979573112,-2.865910444282393,4.288839390682584,1553.4958315831482,3.943923181554725,5.5253987513746825,1304.7323909438403,5.180482542246823,1.5387639835533282,1400.745756176019,1.1938477744254687,6.244176788411906,1205.4511689808776,5.8992605792840465,2.8384967703020783,1102.0454889627679,2.493580561174219,2.754622473476745,1001.9616146659423,2.4097062643488854,-216.4284098592353,1506.9433437877847,1.518825962812385,-330.82389544214226,1425.20692742121,-9.630119326309147,-441.81705764444445,1187.7183122223992,13.14335279738247,-498.2694627756538,1058.3680261697116,-4.578311527767404,-7.341429552650058,825.7388771521439,-9.66073321733685,5.04984642076566,804.2568386132313,4.704930211637801,3.9099984304981414,803.1169906229637,3.565082221370282,3.926327294626987,803.1333194870925,3.5814110854991275,2.390547731186978,801.5975399236526,2.0456315220591184,187.6811814647722,1510.6956241895316,5.271106364559177,367.201080536135,1403.5190064874548,4.409163780533238,446.1780110471784,,5.216736404037699,499.77103107180113,1033.3656343695602,3.7802039830822505,0.4773479092492323,806.450247836443,-3.0404779583706505,0.07819999654481347,799.2851921890104,-0.266716212583046,1.8544357883863476,801.0614279808519,1.5095195792584881,3.5716255128432035,802.7786177053088,3.226709303715344,0.9958625753961838,800.2028547678617,0.6509463662683244,-151.80341435339005,935.9613317469903,3.227295963136417,-153.53503804532653,584.2297080550538,1.4956722711999382,-153.99661710566008,133.76812899472029,1.0340932108664116,4.768067203788466,803.9750593962541,,148.63451262814309,860.8697665277627,-6.396197688383406,152.0511560375239,514.2864099371435,-2.979554279002576,154.02092558577712,66.25617948539677,-1.0097847307493466,5.1942689327646185,804.4012611252302,4.849352723636759
61,0.61,-1.046542245963832,1698.1649199403098,-1.3868929778863577,-2.9034711303729255,1546.3079910559006,-3.243821862295451,3.183439630764612,1302.394901817038,2.8430888988420864,0.8715010711008322,1400.0829632573743,0.5311503391783066,5.418480482101505,1204.629942668375,5.078129750178979,4.271924701282036,1103.4833868875555,3.9315739693595106,5.46252856033737,1004.6739907466108,5.122177828414845,-211.44739420382825,1511.831074392067,6.536242000459681,-336.55820499449067,1419.927269264158,-14.826741469047388,-445.53486125488917,1184.210201230041,10.622581273258035,-498.75585855971326,1055.7292692701683,-5.227120863273762,-12.683236564194978,821.048101536107,-14.554222502256486,2.168838648866691,801.3803008351401,1.8284879169441657,3.915296984745097,803.1267591710185,3.5749462528225715,6.738329994973938,805.9497921812474,6.397979263051413,3.0051801768600304,802.2166423631335,2.6648294449375047,188.40808419533965,1511.1766244481087,5.881792056501352,365.975306135288,1403.4319735677138,3.891648409771359,448.81739943059995,1220.758817516683,6.155088161764611,497.58256623015035,1030.8651472702431,-0.42736157875517966,-2.026895351311642,801.650532257042,-7.342626474575193,0.904674248331915,800.1161364346053,0.5643235164093894,4.386274485578344,803.5977366718517,4.045923753655818,2.097762321270957,801.3092245075444,1.7574115893484314,0.7475555415227859,799.9590177277962,0.4072048096002603,,934.4269606387808,1.4591746227637907,-154.1685094297323,583.527742191112,0.5599561750950253,-151.52143882767496,136.17481279316928,3.2070267771523735,5.988165219004494,805.199627405278,5.647814487081968,154.92785742567324,867.231605804829,0.199391820845911,151.09059503638156,513.3943434155373,-3.6378705684457633,156.8437736005856,69.14752197974136,2.11530799575828,6.006840515441096,805.2183027017145,5.666489783518571
62,0.62,2.7165157471393835,1701.933220987898,2.3811711640106736,5.014112853223729,1554.2308180939824,4.678768270095018,5.620531091875314,1304.837236332634,5.2851865087466035,2.6777062429317278,1401.8944114836904,2.342361659803018,4.968432100961436,1204.18513734172,,3.563954576593014,1102.7806598173518,3.228609993464304,0.4448389750884938,999.6615442158471,0.1094943919597835,-217.1179978032798,1506.0390078518235,0.8812162863875468,-329.55670299784265,1427.4056452055079,-7.184229596061934,-447.43781477353343,1182.567514721983,9.901221240566063,-495.09176236956034,1057.2606028923894,-1.6731110824401285,-10.337355557518688,823.8977010137036,-11.780629417173706,1.3854046411519783,800.6021098819107,1.050060058023268,5.538433853604548,804.7551390943632,5.203089270475838,1.7941352423898722,801.0108404831485,1.458790659261162,7.0715592745573375,806.288264515316,6.736214691428628,187.3837606476108,1509.8789451748007,4.721153609364711,364.72229606786937,1403.3779105016135,3.398917508084924,448.05123106276307,,3.663454733516433,497.8621362220356,1030.8711420363647,-2.180102850063493,-0.8223928347767668,800.5341322771409,,7.443373257788908,806.6600784985476,7.108028674660197,5.053906463767368,804.270611704526,4.718561880638658,1.5811298996229761,800.7978351403816,1.2457853164942658,4.089753148737977,803.3064583894967,3.7544085656092667,-157.65442595373975,929.9248101738094,-3.245582172847592,-154.53519218435227,583.0440439431969,-0.12634840346009607,-151.44469026901936,136.1345458585298,2.964153511872808,3.7365108764582216,802.9532161172169,3.4011662933295113,154.22643182198095,866.6471956944318,-0.18241195891121437,152.37281917906108,514.7935830515119,-2.0360246018310963,154.99110970402404,67.41187357647489,0.5822659231318765,1.1053096172657648,800.3220148580244,0.7699650341370545
63,0.63,7.0374307665096705,1706.2601566524584,6.707534715430663,1.269724803785961,1550.4924506897346,0.9398287527069531,3.8924150703580405,1303.1151409563067,3.5625190192790326,0.46933375221115714,1399.69205963816,0.13943770113214926,6.009681618392661,1205.2324075043414,5.679785567313653,6.802827788814502,1106.0255536747632,6.472931737735495,4.379212343947979,1003.6019382298965,4.049316292868971,-212.19852729602155,1510.8089522796233,5.795423036638533,-337.2441262079909,1420.2156889338019,-14.129633153540164,-449.80373782092096,1180.50974825394,8.696863037525468,-494.7635309364521,1055.487474369321,-1.3987860460216786,-11.162257669382099,823.4240525365377,-12.20280671590313,2.168280100502443,801.391005986451,1.8383840494234354,2.838904675766607,802.0616305617152,2.509008624687599,4.2517998540309225,803.4745257399795,3.9219038029519147,1.9341080664433543,801.1568339523919,1.6042120153643464,189.51562638884224,1511.7103325358235,6.696803292838452,369.0351743646647,1408.9472700455208,8.52153331453928,450.0135246808997,1218.539824207912,3.882217984915506,500.1382934875694,1032.920041164697,-1.9343085577527661,2.0107828384225686,801.0339180249309,-6.82084706309192,2.4031585025855846,801.6258843885341,2.0732624515065767,1.509756861407599,800.7324827473562,1.179860810328591,4.0175992741628805,803.2403251601115,3.687703223083872,5.495383739583367,804.718109625532,5.16548768850436,-152.12249856145448,935.2904797276973,1.9497520577539345,-153.5344582351927,,0.5377923840157267,-153.90103041733275,133.51194787181905,0.17122020187564158,3.0611482145566127,802.2838741005052,2.731252163477605,153.27466101030015,865.8616827211484,-0.7975896089082501,149.36623032236122,511.9532520332095,-4.706020296847172,158.5288523032345,71.11587401408268,4.45660168402607,5.389708730563131,804.6124346165117,5.059812679484123
64,0.64,4.114315472815782,1703.3438437695684,3.7903118117792323,7.385756536910627,1556.6152848336633,7.0617528758740775,-0.06565561449623614,1299.1638726822564,-0.389659275532785,3.0115562401928924,,2.6875525791563435,2.7024194207642953,1201.931947717517,2.3784157597277464,3.767990089767135,1102.99751838652,3.443986428730586,4.213798668703681,1003.4433269654563,3.8897950076671317,-213.31841982597757,1509.511620381124,4.649432587375296,-335.16235329663147,1422.813717976491,-11.20751649284905,-446.77705611564295,1183.889662282567,12.860541383328671,-494.1623082120316,1054.03013301191,-0.7919227846638992,-12.793941270111333,821.9869766417063,-13.460697822073262,5.973610851088823,805.2031391478415,5.649607190052274,5.225030581733115,804.4545588784858,4.901026920696566,1.8583051987276924,801.0878334954804,1.5343015376911435,7.100921993473916,806.3304502902266,6.776918332437368,195.49062196727112,1517.3580914404745,12.495903646725859,362.0253465235777,1403.2485346759581,2.3681290961643713,453.9147241803103,1220.6798229624696,6.028243180378537,499.80265313084965,1032.411182668658,-4.283230998126589,1.1154085521451649,797.805721100893,-9.407074336163161,3.468619646484033,802.6981479432367,3.144615985447484,-1.113119167326459,798.1164091294262,-1.437122828363008,4.831545949534445,804.0610742462871,4.507542288497897,6.420345677923889,805.6498739746766,6.0963420168873395,-152.83705408312906,934.3597992623024,0.8821037071904803,-154.330495529887,582.8663578155445,-0.6113377395674575,-151.3535940092723,135.84325933615915,2.3655637810472268,6.599769172346809,805.8292974690995,6.275765511310261,154.27548638282363,867.0786330373921,0.5563285925040675,158.92078232829513,521.7239289828636,5.201624537975589,154.31723804919358,67.12038470376211,0.5980802588740298,4.646956934501551,803.8764852312543,4.322953273465002
65,0.65,3.1412112422692635,1702.3783275327512,2.823545065708784,5.282566455287544,1554.5196827457694,4.964900278727065,3.2938548427788206,1302.5309711332607,2.976188666218341,6.0358050931793175,1405.2729213836612,5.718138916618837,3.9182002266692315,1203.155316517151,3.600534050108752,,1100.6219490011738,1.0671665341314833,2.3786816795068035,1001.6157979699886,2.061015502946324,-210.59344668844363,1512.0314256580627,7.327507738371788,-336.2142676443627,1422.2948777172708,-11.323811840377072,-453.6840728392511,1177.378024995535,7.061481786213981,-493.91452156709136,1052.2730511186776,,-10.44579828316053,824.3699109300017,-10.771166027206748,10.086362652783917,809.3234789432657,9.768696476223438,4.592987645580989,803.8301039360629,4.2753214690205095,7.2451818911330665,806.482298181615,6.927515714572587,2.5463812520160496,801.7834975424979,2.22871507545557,191.05757928159662,1512.5714514546542,7.8675335349632425,363.7865288447794,1406.3722535232068,5.02944807015901,452.49724910731226,1217.4729319023218,2.8504056029860307,503.57105783810067,1036.0679020341406,-2.4960390206311223,4.84120604365059,799.2123333936,-7.309684855217987,4.714046067249705,803.9511623577316,4.396379890689225,3.977696534386006,803.2148128248679,3.6600303578255264,6.225515652829378,805.4626319433113,5.907849476268898,1.0160402648928857,800.2531565553747,0.6983740883324061,-154.2156039769527,932.7147328600782,-0.8655008134746787,-155.96344914468767,580.9668876923433,-2.6133459812096245,-156.13874479616055,130.79159204087037,-2.7886416326825056,1.38149675041719,800.618613040899,1.0638305738567104,152.84702676392016,865.9166899268893,-0.5030763995578762,152.8587762641489,515.928439427118,-0.4913268993291464,155.41846462544436,68.48812778841341,2.068361461966309,1.479382756652527,800.7164990471343,1.1617165800920475
66,0.66,6.575482375041961,1705.8209756995502,6.264599774275079,5.608166231144033,1554.8536595556525,5.29728363037715,3.903843742402122,1303.1493370669104,3.5929611416352403,-1.2087260489910165,1398.0367672755174,-1.5196086497578989,2.518707851600986,1201.7642011761093,2.207825250834104,1.8826369419373483,1101.1281302664456,1.571754341170466,4.020722017181177,1003.2662153416895,3.709839416414294,-211.90925395948966,1510.4829415827166,5.94406307704927,-338.58076462322185,1420.4761417650893,-12.662815403181929,-447.79767577559346,1183.6989196982445,14.022410999529797,-489.42042097016434,1054.826306673941,4.150651227272459,-6.694355705852789,827.9942003319935,-6.713704326797192,4.966154466902428,804.2116477914108,4.655271866135546,6.2314512401910624,805.4769445646995,5.9205686394241805,4.434870299701883,803.6803636242103,4.123987698935,-1.17017919204002,798.0753141324683,-1.4810617928069023,188.24151461194236,1509.3758593331884,4.83698082752094,366.6523572505779,1410.6486598085269,8.835962656566796,453.4416925898265,1216.6054558799253,2.0357645133943723,505.97824281266895,1038.4321156042774,-2.023269757874594,8.735294406214312,800.8138628603148,-4.96872018779202,3.039499719518161,802.2849930440265,2.728617118751278,5.465408818234148,804.7109021427425,5.154526217467266,10.443426794322363,809.6889201188308,10.132544193555482,2.608740606587896,801.8542339310962,2.2978580058210136,-155.19695977407292,931.4160482605182,-2.231268928764162,-155.0401778733438,581.5728301612473,-2.074487028035011,-152.99596461785535,133.6170434167358,-0.030273772546591804,2.901786857679055,,2.5909042569121725,159.21118910345788,872.5981810688668,6.245498258149116,158.09658622294745,521.4835781883563,5.130895377638679,155.2318211818993,68.61881314730815,2.26613033659054,1.0250469678316523,800.27054029234,0.7141643670647699
67,0.67,4.655330316364589,1703.9099928104297,4.35167813888009,5.68597300124539,1554.9406354953103,5.382320823760891,7.661849775549465,1306.9165122696145,7.358197598064965,3.3777018251140127,1402.632364319179,3.0740496476295136,6.092633510813014,1205.347296004878,5.788981333328516,-1.0538813514047267,1098.2007811426604,-1.3575335288892258,3.3424578278399784,1002.5971203219051,3.0388056503554792,-213.16258795320053,1508.9696758997345,4.602439438807239,-335.003052596333,1424.6140194173017,-7.969475879394596,-451.88431121709544,1180.0827857016022,10.972600463991137,-494.3077879270642,1048.071801599937,-0.5377578931906459,-11.566532945830817,822.8318632561111,-11.317666795107868,3.255148514178688,802.5098110082438,2.9514963366941886,2.2393560109018837,801.494018504967,1.9357038334173846,6.524969569070006,805.7796320631351,6.221317391585506,3.6455735681590804,802.9002360622242,3.3419213906745813,189.06611316332004,1509.7954630226277,5.428226561700562,364.55366655871455,1410.0049597272116,7.715164993113615,453.2726682803867,1214.6077382968629,0.11538611236580065,506.62921212260517,1039.1156175507126,-3.2455667636965986,7.6040510740123395,797.4294984109346,-7.565446732399694,6.678455568724441,805.9331180627895,6.374803391239942,3.290905849531179,,,2.0640578095640083,801.3187203036291,1.7604056320795092,7.9090362076384935,807.1636987017037,7.605384030153995,-157.96642586569538,928.2781271867098,-5.399834916824766,-156.91377865965882,579.3307743927463,-4.347187710788218,,128.49223383242722,-5.185728271107327,6.207864605317948,805.462527099383,5.904212427833448,150.4306283701955,864.1860753177904,-2.135962578675107,152.28073460458586,516.0361815521807,-0.28585634428474904,153.5920970442897,67.34754399188456,1.0255060954190907,1.6995055729507054,800.9541680670159,1.3958533954662062
68,0.68,5.9082982526367385,1705.172924782824,5.612323860332095,2.348595959329945,1551.6132224895173,2.0526215670253007,1.2146964977443049,1300.4793230279315,0.9187221054396608,3.1930601206285223,,2.8970857283238782,-2.673308001190829,,-2.969282393495473,3.7516465058042603,1103.0162730359916,3.4556721134996162,6.350232587498674,1005.6148591176861,6.05425819519403,-209.6756624016928,1512.1697031606705,7.980536608826148,-332.4231195516825,1427.7640982664595,-4.189847336704171,-452.8519999276585,1179.6184173572935,10.99986737785684,-492.04808227554196,1048.5470480672893,1.9882086670681387,-17.35333659296759,816.5919117789149,-16.875943346807258,,800.3788810474618,0.8182801249697973,3.653018114936714,802.9176446451241,3.3570437226320697,0.6841105744185527,799.9487371046059,0.38813618211390866,2.5913465118964174,801.8559730420839,2.2953721195917733,189.55958956223427,1509.8589715758542,5.669805024009866,366.1211272905269,1413.0679798283709,10.294215753256253,455.2214802859096,1214.7168111694452,0.32698957097601866,505.73481536703156,1038.3355800816303,-5.938214729173661,3.685117070851623,791.309420481381,-12.850452021494274,1.6943622541646626,800.9589887843521,1.3983878618600185,2.7161932769375676,801.980819807125,2.4202188846329236,1.8314597492222253,801.0960862794096,1.5354853569175813,2.565348107882689,801.8299746380701,2.269373715578045,-158.1170268884929,927.7077407443758,-5.963487799904677,,579.2344393629335,-4.436789181346986,-158.4621959588034,127.36257167406526,-6.308656870215197,2.9497552210825635,802.21438175127,,156.44478775024984,870.6200201173812,,153.94415772502524,518.1193900921566,1.7906186364370387,150.7321910328816,64.90742340001295,-1.4213480557066074,2.2777426779376446,801.542369208125,1.9817682856330003
69,0.69,5.802928878490736,1705.078316676288,5.515079904965997,2.8451861436240202,1552.1205739414213,2.5573371700992817,4.568185375752298,1303.8435731735497,4.28033640222756,4.835482480110791,,4.5476335065860525,6.130631107080437,1205.4060189048778,5.842782133555699,3.31684783848254,1102.5922356362798,3.0289988649578015,,1002.948619489264,3.385382717942191,-214.22596948622223,1507.3058533632395,3.3010021371917904,-341.64919185225904,1419.1155954315718,-12.136532992231015,-451.64988220755515,1181.3534341307568,13.151046282002648,-488.8624125337473,1050.0391377107494,5.507786647505505,-13.979947253577249,819.3502711039312,-13.315032680802817,0.9840424564295578,800.2594302542267,0.6961934829048193,1.4168050961882073,800.6921928939854,1.1289561226634688,2.1227230984406456,801.3981108962378,1.834874124915907,0.23356783397981706,799.508955631777,-0.05428113954492142,190.35793693927963,1510.202903612099,6.1980523860513275,364.8106538546122,1413.2895866976082,10.025365064458267,457.49927584257426,1215.1495280782783,0.8880759761634904,507.83781876682093,1040.6405517116127,-5.545175773371609,8.189954885777714,793.6772664517184,-9.601184305187198,2.448078323972629,801.7234661217698,2.1602293504478904,7.277221663715295,806.5526094615125,,3.4804577571440927,802.7558455549413,3.192608783619354,5.6061472307054485,804.8815350285026,5.31829825718071,-157.4392625771059,927.9142970121078,,-161.17706977784525,574.1764898113685,-9.449734180202263,-155.48420346509928,129.86935612411446,-3.7568678674563065,2.0594763995238043,801.3348641973209,1.7716274259990659,152.49436625365433,867.1408066644407,0.7670306560113382,155.7324812754428,520.3789216862291,4.00514567779981,156.11777367340474,70.76421408419104,4.390438075761755,2.5173381757191833,801.7927259735163,2.229489202194445
70,0.7,2.733949352493402,1702.0208976464232,2.454673459508454,-0.573668470654408,1548.7132798232753,-0.8529443636393559,0.5329952181678692,1299.8199435120976,0.2537193251829213,3.160684745468627,1402.4476330393984,2.881408852483679,-0.8834250337842833,1198.4035232601454,-1.1627009267692312,7.118859939237964,1106.4058082331676,6.839584046253017,6.2173330280769346,1005.5042813220067,5.938057135091986,-210.1324051508323,1511.0595862642317,7.245105836104397,-343.62274139082297,1417.7243610853886,-12.755676237689002,-458.77356882655533,1174.7889448809067,6.926654327227904,-486.22520154157417,1051.0810224990694,8.546213420995212,-8.133097119202274,824.4223995446044,-7.32241218578214,4.513268991985134,803.8002172859149,4.233993099000187,6.1503530953245455,805.4373013892542,5.871077202339598,4.083679794036481,803.3706280879662,3.804403901051533,3.292472102984771,802.5794203969145,3.013196209999823,190.3294135735635,1509.696073299016,5.881592870888673,362.25761119946253,1412.3009059977835,8.540172573477099,460.04593500802235,1215.8514343462787,1.7447945524026758,505.46097608470365,1038.5584596869885,-9.531121039765372,5.513406662150128,788.9395993686463,-13.412486903998014,2.4990871313352447,801.786035425265,2.219811238350297,-1.341631421031932,797.9453168728978,-1.62090731401688,3.695856699779175,802.9828049937089,3.416580806794227,-1.0588629031004566,798.2280853908293,-1.3381387960854045,-159.48709277421395,925.3438581210551,-8.198248308659172,-157.70600300167644,577.1249478935927,-6.4171585361216446,-156.01530513617897,,-4.726460670624184,1.220351090711807,800.5072993846416,0.941075197726859,154.11985853822927,869.2889076429602,2.831014072674474,157.2518286459332,522.4208777506641,5.962984180378387,151.86434826663552,67.03339737136648,0.5755038010807163,-0.33426863368709414,798.9526796602427,-0.6135445266720421
71,0.71,2.947188668005818,1702.2464983141115,2.6769333012083787,7.089998194536184,1556.3893078406418,6.819742827738745,7.20615288853991,1306.5054625346454,6.935897521742471,5.916845902020341,1405.216155548126,5.646590535222902,3.0085722211428294,1202.3078818672484,2.73831685434539,0.6883475252443172,1099.9876571713498,0.41809215844687797,5.504804347068956,1004.8041139931745,5.234548980271517,-206.39517766993916,1514.4310823951394,10.812830988040282,-341.0935412513937,1420.8378341323091,-8.801999071928908,-455.9930284637238,1178.1516756434437,10.553019520413104,-490.4969748600695,1045.318680219851,4.741927700269862,-11.948807911342257,819.6755393931182,-11.034274493911905,1.6316303748132737,800.9309400209189,1.3613750080158344,1.7289337007739567,801.0282433468795,1.4586783339765175,6.635386126601119,805.9346957727067,6.36513075980368,2.337946518592435,801.637256164698,2.0676911517949956,189.53143999192514,1508.396486750634,4.778235343534821,359.0785993082914,1410.7141201991278,6.451305982301905,455.8203473882444,1209.787024533712,-4.137803735634653,507.70023126527445,1041.18974910849,-8.788324884754852,7.463621115506301,788.915749134821,-12.466758127357256,1.5980496212656314,800.8973592673713,1.3277942544681922,5.239890445560123,804.5392000916657,4.969635078762684,7.663489224859984,806.9627988709656,7.393233858062545,-0.3673538119001085,798.9319558342055,-0.6376091786975477,-159.51234837646027,924.7447310358364,-8.673356381607903,-153.8538387303352,580.4032406819615,-3.014846735482851,-158.46941831101356,125.78766110128309,-7.630426316161175,4.0747191847931825,803.3740288308987,3.8044638179957433,154.75758569324424,870.5005062809475,3.9185936983918777,155.64413499235937,,4.805142997506988,156.925403958936,72.66832454663937,6.0864119640836245,2.3333240239245026,801.63263367003,2.0630686571270633
72,0.72,1.5178646281541974,1700.8303377390007,1.2570767721863714,0.42652810003789554,1549.7390012108842,0.1657402440700695,6.455069228555859,1305.7675423394023,6.194281372588032,6.922708488103647,1406.23518159895,6.661920632135821,0.999168209087768,1200.311641319934,0.738380353119942,1.8438851956730216,1101.1563583065195,1.5830973397051955,0.5286717303431594,999.8411448411895,0.26788387437533334,-208.87151946125888,1511.563530789593,8.147162273771466,-340.4746514392485,1422.0400684288816,-6.693769566788036,-452.73818267115854,1182.008389835993,14.596700869061133,-485.55992818146854,1048.8755086872695,10.21099697070716,-13.778435544884566,816.7626524107632,-12.801577008121106,5.972127070195516,805.2846001810418,5.711339214227689,4.315084546681582,803.6275576575279,4.054296690713756,5.899615672716663,805.212088783563,5.638827816748837,8.0154329618953,807.3279060727416,7.754645105927475,189.69609395347015,1508.0368362726176,4.620467756796167,364.15057571038824,1417.401605127572,12.63167817678626,462.37514415064027,1214.5144555715813,0.7989431381443064,510.7594510370612,1044.7420576016111,-7.102022640693135,12.745558685959645,792.321236385436,-8.05052650815084,1.4110818292265779,800.7235549400729,1.1502939732587518,5.398219713562678,804.710692824409,5.137431857594852,4.770080707760949,804.0825538186073,4.509292851793122,5.836870285655399,805.1493433965018,5.576082429687572,-156.95877935459475,926.6734208897058,-6.580014177680474,-154.38448089491092,579.2477193493896,-4.005715717996655,-154.05769002398844,129.5745102203121,-3.6789248470741764,2.4890141926756786,801.801487303522,2.2282263367078525,153.53771750523717,869.9055172609367,3.1589523283229037,152.19884846626675,518.5666482219663,1.8200832893524637,158.66831555321414,75.03611530891357,8.289550376299857,4.281183411381145,803.5936565222274,4.020395555413319
73,0.73,5.525727809514928,,5.274853742606528,3.496333962613657,1552.8227735349496,3.245459895705257,0.6545098420925881,1299.9809494144288,0.4036357751841879,6.139187473649498,1405.4656270459857,5.888313406741098,3.2052286703622004,1202.5316682426983,2.9543546034538,1.8827983387482266,1101.2092379110843,1.6319242718398264,3.331653361139472,1002.6580929334757,3.0807792942310717,-211.99054811688708,1508.0282674503592,4.819224447793343,-339.0259276037302,1424.0682365736027,-3.696291358575054,-458.2481740223753,1177.116635160397,9.815234702313141,-494.55928995678835,1038.610932757566,1.8057565698464284,-8.64470872447248,820.6663528787209,-7.6460915377751455,2.0839768818377946,801.410416454174,1.8331028149293946,2.4430674373288817,801.7695070096651,2.1921933704204815,7.132951594923146,806.4593911672594,6.8820775280147455,5.856299464689638,805.1827390370258,5.605425397781238,192.7556486867335,1510.55003782311,7.340994820543981,361.0810429652665,1415.9661322387292,10.684649849436374,460.42973853523847,1210.7585688136037,-2.719673402610069,515.9903837926637,1050.5701224103013,-3.1105349160741023,7.136325285178472,784.9430300881295,-14.37919029972967,3.6026879920566244,802.9291275643928,3.351813925148224,1.679981939622353,801.0064215119586,1.4291078727139528,1.2655896594707707,800.592029231807,1.0147155925623705,3.176068619087864,802.5025081914241,2.925194552179464,-159.15274467411922,923.8039420404642,-9.243534885861493,-154.19831554760611,578.7583711669773,-4.2891057593483755,-152.20498845336775,130.75169826121567,-2.29577866511,4.70553138876197,804.0319709610982,4.45465732185357,155.40862471011732,872.4519379955339,5.499414921859587,155.81951614000687,522.8628294254235,5.910306351749125,155.80986000277838,72.85317328819495,5.900650214520647,5.120839311955384,804.4472788842916,4.869965245046984
74,0.74,0.5981422310763294,1699.9393517723063,0.35762727923352244,6.484529148428388,1555.8257386896585,6.2440141965855815,7.7231895002178,1307.0643990414478,7.482674548374993,1.9205674757770033,1401.261777017007,1.6800525239341964,2.2177268728577832,1201.5589364140878,1.9772119210149761,2.935835491421346,1102.2770450326514,2.695320539578539,5.541330448657435,1004.8825399898874,5.300815496814629,-213.2743944200878,1506.3036467889629,3.307153994010299,-343.00984649109324,1420.6568174772312,-6.07770897408859,-461.75295004273096,1174.2431745415622,6.975564512090825,-488.0262939061617,1043.9974097078443,8.991845811198107,-11.387824444075779,816.5527754654684,-10.406516872391467,6.9597851846528345,806.3009947258828,6.719270232810027,6.283275339498089,805.6244848807281,6.042760387655282,6.763632796011789,806.1048423372418,6.523117844168982,1.2373290116308948,,0.9968140597880879,190.89101991241913,1508.1176772231106,5.121184428157947,357.44682142817317,1413.9796568740956,8.182817867810696,461.97482312109497,1210.5153693301625,-2.697256846306051,514.3077301165333,1049.59080578949,-5.890272401993734,9.222137665159195,785.3764425248917,-12.860117571124867,6.783778276292452,806.1249878175224,6.543263324449645,-2.006961138333791,797.3342484028963,-2.247476090176598,1.1426854821419727,800.4838950233719,0.9021705302991658,5.358987474840896,804.7001970160709,5.11847252299809,-156.5460317456772,925.6849992120633,-7.114603535918792,-154.96703960566387,577.2639913520766,-5.53561139590547,-156.76523652771914,125.4657944300213,-7.33380831796074,7.484722887898576,806.8259324291286,7.244207936055768,149.680427827013,867.4493968692725,0.2489996172546105,159.01045903006465,526.7794280723242,9.579030820306242,156.90471382012475,74.67368286238433,7.473285610366369,2.1269216599785143,801.4681312012085,1.8864067081357074
75,0.75,1.429342109266368,1700.7861252628736,1.1996304001645042,7.23786615315595,1556.5946493067631,7.008154444054085,6.140692908364256,1305.4974760619714,5.910981199262392,8.343078249885682,1407.6998614034928,8.113366540783817,2.632261898719843,1201.9890450523271,2.4025501896179797,0.5293904908939915,1099.8861736445012,0.2996787817921276,4.141998337993639,1003.498781491601,3.912286628891775,-208.38477928841206,1510.7284640979826,7.9495218215148284,-347.3059831201855,1416.923132666922,-8.723464059006302,-460.3858888956445,1176.2513750669284,8.941428284130778,-487.4315698672486,1043.5670246706122,10.294832694182636,-9.082809579532045,817.3541690189388,-8.155863282857018,2.5732913264433424,801.9300744800506,2.3435796173414785,3.415203392591108,802.7719865461984,3.185491683489244,5.424625906875897,804.7814090604832,5.1949141977740325,1.7790555606537022,801.135838714261,1.5493438515518383,193.2199056896392,,7.079206878901998,354.6310116065941,1412.8202967541242,6.504993638963781,464.6990391268778,1211.4786777875026,-1.4396571898070896,508.3200083747976,1044.4139225584754,-12.82493717461789,13.468902906551152,788.0956447351474,-9.022123827725288,0.7283516983975331,800.0851348520049,0.4986399892956692,5.3746101651563265,804.7313933187636,5.144898456054462,5.190898460412207,804.5476816140196,4.961186751310343,2.0492520412765804,801.4060351948839,,-155.84269411176183,925.6131500109539,-6.896117139271516,-157.16398920193487,574.2918549207808,-8.217412229444541,-153.50179007598902,127.9540540467267,-4.555213103498701,6.130399663671607,805.487182817279,5.900687954569743,152.3205651544302,870.8647210317145,3.373988181939862,,525.3259450006542,7.835212150879556,156.99811525502867,75.54227113231295,8.051538282538338,7.141928033734716,806.498711187342,6.912216324632852
76,0.76,3.3976264793713553,1702.7707866494452,3.179160696061116,2.963639015133581,1552.3367991852074,2.7451732318233413,6.602154792462802,1305.9753149625367,6.383689009152562,0.9360061750120208,1400.309166345086,0.7175403917017813,4.879211549788075,1204.252371719862,4.660745766477835,2.897217361878137,1102.270377531952,2.6787515785678977,3.7624171244620843,1003.135577294536,3.543951341151845,-213.34874858077663,1505.276220119117,2.719598063329782,-340.854707081548,1423.9236638675584,-0.5799699873528166,-457.35180708307064,1179.9332146071977,12.505363006691155,-490.77793646842025,1039.3186927110146,7.707443644711959,-11.113587925111746,813.6947772991213,-10.275548043252265,6.285918724586129,805.6590788946601,6.06745294127589,5.128396899836792,804.5015570699107,4.909931116526552,,803.30691263202,3.7152866786357968,5.967055215864271,805.3402153859382,5.748589432554031,191.66161114761354,1507.6914810148544,5.13485895906743,359.49510676470794,1419.3444613073632,12.508332065821852,469.10348441216036,1214.1546216405857,1.5595169222235938,513.7709544668279,1050.783609300096,-8.164180868433519,9.128834945469668,782.360225865267,-13.608903730626212,3.113851229048354,802.4870113991224,2.8953854457381145,4.337896681101772,803.7110568511757,4.119430897791533,3.067180562748441,802.4403407328224,2.8487147794382013,-0.4093082156858592,798.9638519543881,-0.6277739989960986,-159.4654079127049,921.1664482712976,-11.009543877623669,-159.02445560507553,571.6074005789269,-10.568591569994313,-157.51168499662535,123.12017118737707,-9.055820961544136,-2.0117231714092,797.3614369986648,-2.2301889547194396,151.5363964748903,870.9045402908879,3.0805324398090814,161.30586435535778,530.6740081713554,12.850000320276553,158.26820402111557,77.63634783711315,9.81233998603435,3.6141101470842747,802.9872703171583,3.3956443637740352
77,0.77,3.838200448238446,1703.2285404232493,3.631421582774639,-0.520227190966148,1548.8701127840447,-0.7270060564299552,7.3421214958329895,1306.7324614708439,7.135342630369182,5.430682230088928,1404.8210222050998,5.223903364625121,4.113815601588162,1203.504155576599,3.907036736124355,3.6192701271726855,1103.0096101021836,3.4124912617088783,3.9192120479764383,1003.3095520229874,3.712433182512631,-210.16361566295384,1507.9501778133551,5.620409084211091,-347.2055366027425,1418.1057131595476,-5.202943575778619,-463.2270669037613,1174.7091883154233,7.088608562567719,-491.8924442236032,1037.4261189488575,7.3975495549843,-8.556866478559662,814.506893279063,-7.83931546474716,5.189620402638127,804.5799603776492,4.98284153717432,0.9731637806560118,800.363503755667,0.7663849151922046,0.8985052615829074,800.2888452365939,0.6917263961191003,6.484417475835608,805.8747574508467,6.277638610371801,188.20387662009406,1503.606160129204,1.2763914000599241,356.16550403866876,1417.6733800382196,10.314859295674879,465.77194492288385,1209.13185044238,,512.3450608953216,1050.3838406817608,-10.218114112590868,6.943241964839664,778.9179307171983,-15.876282652395552,5.4066507428948665,804.7969907179059,5.199871877431059,6.98548088136512,806.3758208563761,6.778702015901313,6.972379476133562,806.3627194511446,6.765600610669755,,803.1871364549194,3.5900176144444984,-153.96634750766506,925.7935678518733,-6.005801708989216,-156.7138727640611,573.0460425954772,-8.75332696538527,-156.4314747655185,123.32844059401982,-8.470928966842651,5.295617212544958,804.685957187556,5.0888383470811505,153.02169189275787,873.2617765332195,5.061146094082019,156.36408212392706,526.6041667643888,8.403536325251213,155.71667850497093,75.95676314543262,7.756132706295096,9.65961767564291,809.0499576506539,9.452838810179102
78,0.78,4.9898182437536365,1704.3981398197259,4.795165350856168,4.13639821360197,1553.5447197895744,3.941745320704501,6.284629043067202,1305.6929506190395,6.089976150169734,6.489406387523518,1405.8977279634958,6.2947534946260495,5.979845293060108,1205.3881668690324,5.785192400162639,3.69889863304731,1103.1072202090197,3.504245740149841,5.0377375978896834,1004.446059173862,4.843084704992214,-208.19241378442211,1509.3879092811303,7.289284645152599,-344.5926700992473,1421.231885934117,-0.8329137054008438,-465.9392489998195,1172.648649616337,4.76144562622232,-488.88724239191737,1039.776943306735,11.24733457989613,-6.714864034637179,814.4980644485635,-6.146004136686642,5.6144639839942965,805.0227855599666,5.419811091096827,2.066934380594965,801.4752559565673,1.872281487697496,-1.565220088802481,797.8431014871697,-1.7598729816999499,2.782351497335198,802.1906730733074,2.5876986044377293,190.3562682086366,1505.1125233764774,3.0138987404997546,353.9037555075533,1417.0633713155403,9.181740641540072,463.92982192370647,1205.6404476687987,-6.220669802771784,512.4859782042855,1051.6568161981202,-10.53894380828525,8.22192913315051,779.0840203820516,-14.512843225726883,8.332177113687404,807.7404986896596,8.137524220789935,2.2263601444562564,801.6346817204285,2.031707251558787,4.819009427368683,804.227331003341,4.6243565344712145,0.22927947968274776,799.637601055655,0.03462658678527886,-153.4676078438126,925.3733792915124,-6.005683977026666,-163.32407788269032,565.5169092526347,-15.862154015904368,-156.0115676965636,122.82941943876136,-8.549643829777654,5.471695321977286,804.8800168979495,5.277042429079817,153.98449788779547,875.1435107524704,6.522574021009509,158.32547722980084,529.4844900944759,10.863553363014876,152.99331948967676,74.15233235435183,5.53139562289083,1.7896462657499395,801.1979678417222,1.5949933728524706
79,0.79,3.488067222435062,1702.9151708256643,3.3059771732917174,4.3875221612865225,1553.8146257645158,4.205432112143178,2.780914858924918,1302.208018462154,2.5988248097815734,8.726526075648431,1408.1536296788777,8.544436026505087,4.592048053296871,1204.0191516565262,4.409958004153527,6.644084009560096,1106.0711876127893,6.461993960416751,2.659052843720583,1002.0861564469499,2.476962794577239,-212.09178843464485,1504.933402665273,3.069965057162885,-349.94886679526644,1416.3662250007442,-4.409078521137319,-464.1683249671186,1175.0686506547324,6.842032546100286,-489.8155163672069,1038.316822969862,11.197400662025162,-5.914409276056225,813.3519224835892,-5.518688150539498,3.423516885814031,802.8506204890433,3.241426836670686,5.044896841859816,804.4720004450891,4.862806792716471,3.8864081493617073,803.3135117525909,3.7043181002183627,2.433805164188387,801.8609087674176,2.2517151150450423,189.4212343748908,1503.513812801597,1.6503751934868114,,1423.2166035949826,14.812040688900437,466.137641486537,1206.2454255820692,-5.204761967516026,518.0906403399454,1058.497079069578,-5.226876400720001,10.49284168641203,780.3908812901973,-11.990301607386114,5.8421354318872005,805.2692390351165,5.6600453827438555,4.00689921009119,803.4340028133205,3.824809160947846,1.0810487749204047,800.5081523781497,0.8989587257770602,3.8884441705513413,803.3155477737806,3.7063541214079967,-161.0573867867049,916.818766111574,-14.096045228231207,-153.07010585585766,574.8060470424213,-6.108764297383969,-153.81029010687547,124.06586279140348,-6.848948548401765,2.872437137157257,802.2995407403865,2.690347088013912,155.79697671481284,877.9208238165339,8.83563515633915,157.07202384575234,529.1958709474735,10.110682287278653,151.60943358002413,73.73328068174521,4.64809202155045,4.456196167099456,803.8832997703287,4.274106117956112
80,0.8,2.7200186444634014,1702.166702953929,2.5509258807841766,4.610378005379822,1554.0570623148453,4.441285241700596,7.19846198692052,1306.6451462963862,7.029369223241295,6.158799391461418,1405.605483700927,5.989706627782194,-0.22103402958080176,1199.2256502798848,-0.3901267932600265,3.521579545370067,1102.9682638548356,3.352486781690842,2.9056385765218185,1002.3523228859873,2.7365458128425937,-211.94955552042782,1504.4995031960566,2.8750424833429675,-348.77942618051907,1418.0002460184292,-1.4432610620415804,-467.17201994302263,1172.7085922360766,4.071051257874128,-492.3072032585471,1035.4137446749373,9.611099799694427,-3.7530225305854517,813.4820237173392,-3.5508060180324,1.998761331653493,801.4454456411189,1.8296685679742681,6.691182467148285,806.1378667766138,,5.519253203772265,804.9659375132377,5.35016044009304,3.2877176774669126,802.7344019869324,3.118624913787688,194.13780651985232,1507.5498751907026,5.92541447798892,350.0046483217654,1416.426242609904,7.499869123028457,467.22673388783653,1205.7823908353785,,510.6616456170068,1052.4038990852869,-12.777755255309518,11.906382975566821,780.9923175658355,-10.159198634866097,3.0982726665483526,802.5449569760139,2.929179902869128,-0.4344147087827719,799.0122696006827,-0.6035074724619967,0.7708087884607875,800.2174930979263,0.6017160247815627,1.2752475072660032,800.7219318167315,1.1061547435867785,-152.46029576550325,,-6.000115581041809,-155.2144373351445,571.6521708451554,-8.754257150683047,-155.90228472120347,120.96432345909649,-9.442104536742024,6.578894147797833,806.0255784572634,6.409801384118607,154.1622339001813,877.2956257198814,7.702053715719853,154.18642256683097,527.3198143865311,7.72624238236953,,,8.41486688882108,3.382539063241857,802.8292233727074,3.2134462995626323
81,0.81,5.3318236209854195,1704.798885190605,5.17615990941816,2.86317800101518,1552.3302395706348,2.7075142894479196,1.4527115962243617,1300.919773165844,1.2970478846571014,1.9250101766706589,1401.3920717462902,1.7693464651033985,9.240223368162917,1208.7072849377826,9.084559656595657,3.4679840591089444,1102.9350456287286,3.312320347541684,5.609369312791088,1005.0764308824107,5.453705601223827,-212.27050255605695,1503.5821111876035,2.200159198285546,-348.6141692109843,1418.6009712796983,0.5281336804211545,-469.91404567632776,1170.602002703471,1.4834816865600562,-491.7678468485984,1035.6592053493393,11.07573248799449,-3.107653224110431,812.0230290354085,-3.1149488160325056,6.019330584482304,805.4863921541018,5.8636668729150445,4.859092562459565,804.3261541320792,4.703428850892304,-2.9416952715980833,796.5253662980215,-3.0973589831653436,4.292481985101985,803.7595435547215,4.136818273534725,189.95137984366036,1502.6669418982995,1.2849899089816246,352.8019186195755,1420.8231184296733,11.377046177258004,463.3081856805765,1200.3664836315545,-10.174112783725992,512.8496762328714,1056.023702365438,-10.540649072713578,11.210823389113742,779.6389427891676,-10.273489849076743,2.250833269924711,801.7178948395443,2.0951695583574512,5.332011443730701,804.7990730133503,5.176347732163441,4.424726059453594,803.8917876290732,4.269062347886334,5.1623678303740945,804.6294293999937,5.006704118806835,-154.2362022745661,921.5774582434401,-8.276347177687134,-153.527675255444,572.2859852625621,-7.56782015856502,-160.37391017822102,115.43975033978518,-14.414055081342052,4.304191867563135,803.7712534371827,4.148528155995875,153.49135913784352,877.6776986198373,7.531504040964542,155.43067341347466,529.6170128954685,9.470818316595684,151.6668681182915,75.85320760028527,5.707013021412518,1.9947552382335134,801.4618168078531,1.839091526666253
82,0.82,5.793195836566705,1705.281428717444,5.65139002358382,3.267515589516821,1552.755748470394,3.125709776533936,1.7379537657478468,1301.2261866466251,1.5961479527649616,5.950431242627568,1405.4386641235049,5.8086254296446835,-1.1668811137216757,1198.3213517671556,-1.3086869267045609,6.347196186109979,1105.8354290669872,6.205390373127094,4.098617832500189,1003.5868507133774,3.9568120195173035,-204.97987013703312,1510.2566997158815,9.12052553474333,-352.65347232145535,1414.964910715674,-1.7018908818512175,-463.331360832636,1177.8092889494362,8.141347851018452,-493.31377882447845,,10.467424999158364,-4.941379110667016,808.0239178080784,-5.169613107081551,7.902402167470461,807.3906350483477,7.760596354487576,9.318026642450572,808.8062595233278,9.176220829467688,0.7809644480826954,800.2691973289599,0.6391586350998102,5.3404053793606785,804.8286382602379,5.198599566377793,193.2278759720992,1505.2317904147114,4.095616233573235,354.0241428118708,1423.6169378269335,13.654313146157214,464.46614957917507,1200.0856756173987,-9.956555625655833,513.0802723563366,1057.7768640271513,-10.091075279330871,10.544129992527344,778.4700011271705,-10.198704509219834,6.309075542521207,805.7973084233985,6.1672697295383205,-0.07680459551607255,799.4114282853611,-0.21861040849895774,2.7792563831745163,802.2674892640517,2.637450570191631,2.9506280702762386,802.4388609511534,2.8088222572933534,-155.20390431491742,919.5148226191226,-9.742092790471052,-156.66135726316386,568.0573696708761,-11.199545738717504,-152.54984256070318,122.16888437333684,-7.088031036256812,-1.0657260489146125,798.4225068319626,-1.2075318618974977,154.17146419203158,879.4527372579915,8.709652667585202,158.0995045434157,533.3807776093757,12.637693018969328,155.5198144238948,80.80108748985477,10.058002899448413,5.666669242612771,805.15490212349,5.524863429629886
83,0.83,-0.4795788995343635,1699.0306164632777,-0.6071011321683839,1.9342222758462475,1551.4444176386585,1.806700043212227,2.507102939689275,1302.0172983025016,2.3795807070552546,3.426744632780503,1402.9369399955926,3.2992224001464825,4.354852492506216,1203.8650478553184,4.227330259872195,3.594528606886005,1103.1047239696982,3.4670063742519845,3.177061212000843,1002.687256574813,3.0495389793668224,-204.4167493099409,1510.1849163668196,9.297521905832362,-350.70753746342194,,2.0498315317034086,-463.2062626022044,1178.5456554499892,8.261631574512336,-489.7341061926349,1037.4416534434602,14.989205099885263,2.6645698091291323,813.415873678127,2.20871901482034,1.1942355390206187,800.7044309018327,1.0667133063865983,5.499480791701435,805.0096761545135,5.371958559067415,1.1602658447142153,800.6704612075263,1.032743612080195,,804.9758650595273,5.3381474640812385,193.9450420008055,1505.2230423262074,4.335647865220234,352.33189620972985,1423.4629894260436,12.988035439217288,468.35926990560176,1202.6021843014291,-6.912970670757829,509.1219641474834,1055.4258669942838,-13.662855085810715,11.686212077839478,779.2656130708168,-8.159678459389564,5.718936091847965,805.2291314546601,5.5914138592139455,3.5112628283330642,803.0214581911451,3.383740595699044,6.3346958460852365,805.8448912088974,6.207173613451216,2.875139080837021,802.3853344436491,2.7476168482030006,-151.74796747809336,921.8353635691832,-6.78044727215399,-159.11241554973142,564.4709154975451,-14.144895343792072,-154.98470629986966,118.5986247474069,-10.017186093930293,3.9400538871516564,803.4502492499638,3.812531654517636,153.58236879610087,879.9990377488243,8.614848590161513,154.4251719057057,530.8418408584291,9.457651699766343,155.86132410324083,82.27799305596426,10.89380389730148,5.430535743790445,804.9407311066026,5.303013511156425
84,0.84,6.166620457940391,1705.6995662156169,6.0538040788697245,3.9806331913343826,1553.513578949011,3.867816812263716,4.400319114007329,1303.9332648716838,4.287502734936662,6.39705367961538,1405.9299994372918,6.284237300544714,5.365841681404763,1204.8987874390812,5.2530253023340965,0.6817706833321027,1100.2147164410087,0.5689543042614362,3.686725867324998,1003.2196716250016,3.5739094882543316,-204.12693617239617,1509.8217277217284,9.185843569669755,-353.70936524165296,1414.60667652519,0.8436814802546357,-465.23531564617605,1177.1121852426334,6.14734774026204,-492.03507269191334,1035.173376799373,13.626707852713727,-0.6297166602771942,807.8716636218257,,4.741033577232572,804.2739793349092,4.628217198161905,3.6381641128852005,803.1711098705618,3.525347733814534,3.149450817598495,802.6823965752751,3.0366344385278286,1.0662034017383313,800.599149159415,0.9533870226676648,194.6503072342611,1505.1890189463024,4.553134794243766,346.9007567128319,1419.5316106944274,8.549667241144384,468.91927281399455,1201.8510532480884,-7.108671942368253,505.22451683687825,1053.2135818896272,-17.009845220231053,9.9359905899797,777.3238537145646,-8.863453018186615,3.6382458209122457,803.1711915785888,3.5254294418415792,1.1019134093685778,800.6348591670452,0.9890970302979114,4.4142308387463185,803.9471765964229,4.3014144596756525,4.419868772625551,803.9528145303021,4.307052393554885,-154.81091604770577,917.5981837729681,-10.332443211913114,-154.62371622506677,567.7853835956071,-10.145243389274116,-160.5800171865016,111.82908263417224,-16.101544350708963,2.948087787023246,802.4810335446998,2.835271407952579,154.17467743617004,881.7655776154962,9.696204600377401,156.02479476272111,533.6156949420473,11.54632192692847,153.79960297377923,81.39050315310536,9.321130137986575,2.984189927872061,802.5171356855486,2.8713735488013947
85,0.85,2.813859594261071,1702.3703400251025,2.7161676903760728,5.522523539230632,1555.079003970072,5.424831635345634,1.3953753948792884,1300.9518558257207,1.2976834909942903,4.212859824801435,1403.7693402556429,4.115167920916437,4.300682744425835,1203.8571631752673,4.202990840540837,1.0122198439857106,1100.568700274827,0.9145279401007125,4.82650881838663,1004.3829892492279,4.728816914501632,-203.46865798994583,1509.8096922943155,9.427773850452835,-355.05511006588114,1413.5494705368576,1.2769231480871577,-464.55184456506635,1178.3733566251,6.665054887202762,-494.1892822697438,1033.1496447753786,12.399022854678998,-2.364587180781901,803.8637847719722,-3.276230664082301,4.730433280624917,804.2869137114661,4.632741376739919,2.8278282543485074,802.3843086851898,2.730136350463509,3.845949965345666,803.4024303961869,3.748258061460668,2.73492274216777,802.291403173009,2.637230838282772,197.77407129401993,1507.5610282941125,7.179109850249919,352.06037661492644,1426.1472788232868,14.66483983050706,468.7443250677804,1200.433501854111,-7.942884279944126,506.4240303972535,1056.168409281301,-15.100805021759687,8.985384847094988,776.3347568896552,-8.625246696065838,3.099784738725664,802.656265169567,3.0020928348406657,4.409322287304127,803.9658027181454,4.3116303834191285,4.36508482104351,803.9215652518848,4.267392917158512,5.8275743691512645,805.3840547999926,5.729882465266266,-156.72681086695897,914.4709490899144,-12.730633530301532,-154.44084618321656,566.7569137736568,-10.444668846559097,-151.44469515896154,119.75306479791185,-7.448517822304074,2.089340347379949,801.6458207782213,1.9916484434949504,154.0523707724795,882.8546108156062,10.056193435822046,153.36293922192243,532.1651792650491,9.366761885264985,,85.42806359871626,12.629646218932173,4.362488600792886,803.9189690316341,4.264796696907887
86,0.86,7.430828834278749,1707.0116242056629,7.348676133476577,4.227252741292989,1553.8080481126772,4.145100040490816,0.7208170861824792,1300.3016124575668,0.6386643853803067,,1406.7570657907702,7.094117718583801,3.115294536406642,1202.6960899077908,3.0331418356044693,1.0323240170653998,1100.6131193884496,0.9501713162632273,3.5527660234849225,1003.133561394869,3.47061332268275,-209.0014653888311,1503.5900673615927,3.464291257986808,-351.43333322303897,1417.4158350130085,6.654475630730877,-468.0608484732276,1175.4221369551599,2.909942545638449,-491.159868929265,1036.4007242118919,16.33459798554925,-3.3344625082593877,800.6107347676437,-4.46447991084103,3.9933793731835716,803.5741747445677,3.911226672381399,7.95641719660382,807.5372125679879,7.874264495801648,6.1909073548200695,805.7717027262042,6.108754654017897,-1.415387443694053,798.1654079276901,-1.4975401444962255,198.61568488729085,1507.6393447123623,7.513568608756376,351.18054272862463,1426.674689837613,14.699437902919449,469.5167920811582,1200.0346754465213,-7.73099439602132,509.5079292691415,1061.0693194139692,-11.154363734484434,10.641750170253466,778.1027785870455,-5.64596642937841,8.436502068998202,808.0172974403823,8.35434936819603,3.1430450384228164,802.7238404098069,3.060892337620644,0.6452889985687773,800.2260843699529,0.5631362977666048,4.033375182015193,803.6141705533993,3.9512224812130197,-158.2052033591776,911.7459305938197,-14.68305038453635,-154.9530621140642,564.9980718389331,-11.43090913942297,-151.08554951984644,118.86558443315093,-7.563396545205188,4.466242383981636,804.0470377553657,4.384089683179464,152.7516667087295,882.8005327557322,9.229513734088245,156.85301172394034,536.901877770943,13.330858749299082,155.00838023343545,85.05724628043805,11.486227258794178,4.218841160211218,,4.136688459409045
87,0.87,2.0309702582770868,1701.6368564511054,1.9647673536150327,3.485895556890641,1553.0917817497188,3.4196926522285866,1.3928481031364393,1300.9987342959648,1.326645198474385,3.8118031316326775,1403.417689324461,3.7456002269706232,7.159153647261077,1206.7650398400895,7.092950742599022,0.6664472267906811,1100.272333419619,0.6002443221286269,3.9746601645477844,1003.5805463573762,3.90845725988573,-211.47366118627684,1500.4153791282652,0.5476399449510083,-355.2766709055161,1413.7704576332214,4.537269034274967,-464.16330816516086,1179.8556830331656,6.481524814751667,-494.2786395956015,1033.587677381563,14.093172364944603,3.28418018199159,804.9489310959457,1.948594698784403,7.026112152092039,806.6319983449205,6.959909247429985,5.5292795317751935,805.1351657246036,5.463076627113139,0.433235973805143,800.0391221666335,0.36703306914308875,3.5349278363459695,803.1408140291744,3.4687249316839153,194.73278062952127,1502.9825385201839,3.114799336869746,349.1142930732622,1425.9618941071058,13.50273207753002,467.11118679793884,1196.5315872986694,-10.596609737183222,510.24969644512106,1063.6806433319957,-9.404234077394918,9.710318335464274,777.4292713310832,-5.129706802630866,8.064633456585314,807.6705196494137,7.99843055192326,3.043884077107683,802.6497702699361,2.977681172445629,2.446194794530558,802.052080987359,2.3799918898685037,7.8691812260146365,807.475067418843,7.802978321352582,-154.65598471342355,914.015151113957,-11.598059379609468,-153.6892627200213,564.9818731073593,-10.631337386207223,-156.96319839230677,111.70793743507379,-13.905273058492693,5.153022526739623,804.758908719568,5.086819622077568,150.59368856199666,881.9225527346161,7.5357632281825815,154.57228784504622,535.9011520176657,11.514362511232154,152.78389102830394,84.11275520092339,9.72596569448986,2.9642380820941665,802.5701242749226,2.8980351774321123
88,0.88,1.1992609512739412,1700.831009085303,1.1494140609817993,6.28321640509577,1555.9149645391249,6.233369514803627,2.7144583668584277,1302.3462065008875,2.664611476566286,5.99297578935454,1405.6247239233835,5.943128899062398,6.28181021444788,1205.913558348477,6.231963324155739,8.381949042513522,1108.0136971765426,8.33210215222138,-0.5283452392219767,999.1034028948072,-0.5781921295141186,-202.6664331930401,1508.50528889115,8.897196168159052,-356.006527260686,1413.189388444061,5.497575232521039,-469.1688152586395,1175.3627186534839,1.0710107893125642,-494.8784946852829,1033.370017756254,14.33343315506551,1.9578028417519011,801.3576108042581,0.43415129547572207,1.7247580866616798,801.3565062206909,1.674911196369538,2.3490550383722697,801.9808031724015,2.299208148080128,4.41222523337869,804.0439733674078,4.362378343086548,0.25523894852288054,799.8869870825521,0.2053920582307387,196.90524288149794,1504.3714446627432,4.763351939752298,343.47173284132305,1421.6141309016555,,470.56734206444094,1198.966285240138,-7.498392465414205,508.52803965637264,1063.8713026774262,-9.979984803562248,11.132469443847276,779.2507977779865,-2.145409124653753,4.526720328558598,804.1584684625877,4.476873438266456,3.437249570847523,803.0689977048767,3.387402680555381,3.472954332186711,803.1047024662159,3.4231074418945693,7.764684150473267,807.3964322845025,7.714837260181124,-154.39782364106944,912.9619428911511,-11.792802473705835,-155.25358672756505,562.1061798046554,-12.648565560201442,,109.84926576957893,-14.905479595277995,5.19222634445874,804.8239744784879,5.142379454166599,153.9920729089555,886.632306376735,11.387051741591883,,538.8227647246106,,153.01469882533647,85.65493229311595,10.40967765797286,1.7720901552698707,801.4038382892991,1.7222432649777288
89,0.89,5.134749351502595,1704.7931254117123,5.101660080230586,4.195134620625388,1553.8535106808351,4.162045349353378,3.7486497816769786,1303.4070258418867,3.715560510404969,2.2490130187976733,1401.9073890790073,2.2159237475256637,3.5284766583540375,1203.1868527185636,3.495387387082028,1.0062528755622537,1100.6646289357718,0.9731636042902441,4.164911635064773,1003.8232876952745,4.131822363792764,-204.14556594626404,1506.2948802469098,6.947755796786068,-356.4339736587793,1412.8591540512014,6.71813199600887,-467.8430697804592,1177.1760428338566,1.9138053665996781,-495.1900884739673,1033.509129282498,14.816433413843761,6.595561186969148,803.7584906052097,4.905854336041019,6.215559540916978,805.8739356011267,6.182470269644968,1.9981537733063306,801.6565298335161,1.965064502034321,0.25048378610583955,799.9088598463156,0.21739451483382988,1.8231405754963605,801.4815166357062,1.7900513042243509,196.37942530762393,1503.0533790659,3.7062546157760865,343.92459233304817,1423.2984046097638,9.903150339055866,472.2497939447793,1199.7052303236676,-6.0706810898227355,507.5655495576625,1064.853537538819,-9.66831288123159,12.723057876934966,781.3765058172982,1.1105417733815095,4.074628371431227,803.733004431641,4.041539100159217,3.6565265666661424,803.3149026268759,3.6234372953941327,-0.9192824713826928,798.7390935888271,-0.9523717426547025,1.8952380072294415,801.5536140674392,1.8621487359574318,-157.91344958822674,908.105659479096,-15.748486444710698,-153.34661244002183,562.6724966273008,-11.181649296505785,-151.0818179094046,114.93729115791801,-8.916854765888568,5.258440174246235,804.9168162344561,5.225350902974226,155.83021346540406,889.8111043980814,13.665250321888028,156.81335375288361,,14.648390609367567,157.0644458841581,91.04533681683546,14.899482740642041,3.575127431060143,803.23350349127,3.542038159788133
90,0.9,8.685562664613718,1708.371327128759,8.669627766024092,3.646018379789985,1553.3317828439353,3.6300834812003604,1.7447053291675783,1301.430469793313,1.7287704305779537,6.563404817028195,1406.2491692811736,6.547469918438569,2.493865924676732,1202.1796303888223,2.4779310260871075,3.4716089710925044,1103.157373435238,3.45567407250288,3.2600042432609087,1002.9457687074065,3.244069344671284,-203.95083086139283,1505.7452678557042,6.66014337985956,-357.80941145362584,1411.5271078484923,6.942503131044741,-469.9822326690179,1175.4981822271448,-0.7848460392891967,-500.48888977060454,1028.7212879193012,10.258609775905564,6.3305398553805805,801.2969095957673,4.501053606795573,2.905955802527694,802.5917202666733,2.8900209039380695,1.9786398500982407,801.6644043142438,1.9627049515086161,5.5774766531535445,805.2632411172991,5.561541754563921,6.221317793172261,805.9070822573178,6.2053828945826375,198.84684135405192,1504.7208278961457,5.635703420301105,346.4201517807548,1426.9574274710546,13.11255952828706,466.1641643738632,1192.7556759548404,-12.307111337067994,506.10901313184746,1065.3632949971056,-9.732652672056968,1.9291090075782096,771.2468813944278,-7.926900915442538,0.814181906325377,800.499946370471,0.7982470077357524,6.945221307821977,806.6309857719675,6.929286409232352,5.067082518412545,804.7528469825581,5.05114761982292,0.8900166941295153,800.575781158275,0.8740817955398907,-154.38538949839997,910.265933812853,-12.646124993389392,-152.4016680455493,562.2496552657036,-10.662403540538731,-150.77998140486133,113.8713419063916,-9.040716899850757,0.7980841704016526,800.4838486345473,0.782149271812028,150.98116745317844,886.3298441419255,9.241902948167866,155.13851622816878,540.4871929169159,13.399251723158216,149.44471005843556,84.79338674718261,7.705445553424995,3.113941434088383,802.7997058982339,3.0980065354987585
91,0.91,-0.3321320099043237,1699.381775457592,-0.33052086909426004,3.748872962030413,1553.462780429527,3.7504841028404767,0.6548892619776359,1300.368796729474,0.6565004027876995,-1.437169187992132,1398.2767382795043,-1.4355580471820684,1.6007644692370304,1201.3146719367335,1.602375610047094,3.6943945728680445,1103.4083020403646,3.696005713678108,5.771039725445786,1005.4849471929423,5.77265086625585,-208.0877400496111,1500.8518425156851,,-359.2889845633323,1410.0350298988485,7.008688216192073,-471.3647546416616,1174.5495662500787,-2.8016903177340913,-504.165948446955,1025.6069791304888,7.261093689961461,16.60537185562488,,14.666349954587329,-2.0450379992119556,797.6688694682845,,4.789477990852796,804.5033854583493,4.79108913166286,2.4065453915302104,802.1204528590267,2.408156532340274,4.498569113384791,804.2124765808812,4.500180254194854,198.0810537169262,1503.1483357976563,4.325950809601989,343.42815732670726,1425.0565530174758,10.77610380720608,464.45267201603224,1190.2611763584805,-14.065107381590868,502.2864817831342,1063.5173772130354,-12.056023295878019,7.287673442551496,777.3916653185344,-0.7334999746914876,3.6699947481558555,803.3839022156524,3.671605888965919,4.695286138653916,804.4091936061504,4.69689727946398,5.611062667549291,805.3249701350458,5.612673808359354,0.628800268522169,800.3427077360186,0.6304114093322326,-149.53006002992342,913.7285805573628,-8.200636368409238,-149.19357542974507,564.0650651575412,-7.864151768230899,-152.0581849920932,111.20045559519303,-10.728761330579035,1.0149086296809542,800.7288160971774,1.0165197704910178,152.95207745211485,,11.622653790600685,152.78141405073723,539.522773463451,11.451990389223063,152.63733046310378,89.37868987581753,11.307906801589608,1.0150174953893978,800.7289249628859,1.0166286361994614
92,0.92,5.5642125319061115,1705.307011354193,5.583756057489907,0.647169990184941,1550.389968812472,0.6667135157687367,4.487619669110588,1304.2304184913976,4.5071631946943835,5.398976253182749,1405.1417750754697,5.4185197787665444,1.7818871130042124,1201.5246859352912,1.8014306385880081,3.1276800453092477,1102.8704788675961,3.1472235708930434,3.431619581961918,1003.1744184042489,3.451163107545714,-204.95461533862272,1503.217201011953,4.658001070123716,-358.0815828299367,1411.1721354517676,9.702140893899756,-469.4969466405736,1176.8229597017546,-1.641042219779267,-506.6421719420443,1023.7367064390849,5.39551136914498,5.0018913089925,795.7430496194589,2.987197313544786,0.05418466833892355,799.796983490626,0.07372819392271923,-0.0914878127712635,799.6513110095157,-0.07194428718746781,0.6429206255324602,800.3857194478195,0.6624641511162559,4.389853459519248,804.1326522818063,4.409396985103044,199.81661803962174,1504.0714483469444,5.512248405115221,339.82222833665946,1422.4652003374813,7.764528338490329,466.99322444249555,1192.1006774965456,-11.46679031692829,503.1293033437735,1066.3355576118126,-9.618905672624232,5.42057398405203,776.4246686761903,-0.7008892527319817,6.45166661853321,806.1944654408202,6.471210144117006,1.9105056528511126,801.653304475138,1.9300491784349083,2.2814882009807045,802.0242870232677,2.3010317265645,7.878118154039427,807.6209169763264,7.897661679623223,-151.67986691467587,910.1634910678691,-10.742948179783658,-151.05270155303674,560.7906564295083,-10.115782818144504,-153.95950641634326,107.88385156620181,-13.022587681451036,4.198832903599301,803.9416317258863,4.218376429183096,151.82561505484745,889.9822570723024,10.888696319955232,152.50090662434505,540.6575486418,11.563987889452813,153.36679880011707,91.523440817572,12.429880065224852,5.130441930282687,804.8732407525697,
93,0.93,4.885180060371291,1704.6576119729052,4.923036762026752,0.9242360130084073,1550.6966679255422,0.9620927146638674,7.872370877359597,1307.6448027898934,7.910227579015056,4.5772460758500255,1404.349677988384,4.615102777505485,3.3966229407123505,1203.1690548532463,3.4344796423678106,1.6690101834309994,1101.441442095965,1.7068668850864595,7.098848971561468,1006.8712808840954,7.136705673216928,-204.39377348727731,1502.9999597509166,4.704095003485368,-364.17821060165915,1404.9457175998737,5.026421192875402,-462.5210671803117,1184.1753775393006,4.557122037707958,-501.68365866708615,1029.3357433381307,10.88872481005831,11.370151366661377,800.1048467795652,9.316873448595903,3.6260586461700344,803.398490558704,3.6639153478254944,,802.0865748689077,2.3519996580292375,1.9269828803441786,801.6994147928782,1.9648395819996387,3.5459339534793326,803.3183658660133,3.5837906551347927,196.460057196362,1499.8976850841163,1.6018203366852592,339.86908656145,1423.4460996094272,8.34189886908215,468.90409097397037,1193.393189781127,-9.394304521586392,503.600512732057,1068.7690591952212,-7.470755269224481,7.0594187700556486,779.0688596941833,2.8885428420913484,-1.0947170898016494,798.6777148227324,-1.0568603881461893,2.088482008552239,801.8609139210862,2.1263387102076994,6.584888283372351,806.3573201959064,6.622744985027811,0.6170147469159408,800.38944665945,0.6548714485714009,-155.78906786355122,904.6187645761148,-15.225865785847864,-155.52873838744003,554.879094052226,-14.965536309736656,-154.4550384695074,105.95279397015858,-13.891836391804024,6.127826689931485,805.9002586024654,6.165683391586946,153.94699057714672,893.5391581374807,13.383788499443366,147.50113368781837,537.0933012481523,6.937931610114985,151.09652572625657,90.6886932865906,10.5333236485532,3.648004814840156,803.4204367273742,3.685861516495616
94,0.94,3.4491940628357596,1703.2519938188564,3.5057389468235582,3.2293159997248364,1553.0321157557455,3.285860883712635,2.5323102018660633,1302.3351099578867,2.5888550858538624,4.0447146225424655,1403.8475143785631,4.101259506530264,-0.44639884528663387,1199.356400910734,-0.3898539612988352,4.6199634293094896,1104.42276318533,4.676508313297289,4.995677187619939,1004.7984769436407,5.052222071607737,-204.50923579152362,1502.097043984061,4.064368027825467,-362.39594758688776,1406.5371969737027,8.159254754099356,-464.0208947455452,1183.02251365673,,-506.84335704101926,1024.8425590475922,6.18124444346361,6.942017190798829,793.7547880172729,4.890029808339358,6.4556756530294095,806.2584754090502,6.512220537017208,4.241543021884998,804.0443427779057,4.298087905872796,0.8506574189630394,800.6534571749838,0.907202302950838,6.896555461130562,806.6993552171514,6.9531003451183615,200.17940583387067,1502.796082794006,4.763406837770362,335.78395718474826,1420.210708878059,4.721014252165423,467.94309266424153,1191.8969790511067,-10.090625449043653,502.10270340140465,1069.2085163810927,-7.222029221402412,1.6914625124215028,774.8023033093921,-0.4923774679676065,4.972768577523884,804.7755683335447,5.029313461511682,5.9606644482098545,805.7634642042307,6.017209332197654,6.4666019067538105,806.2694016627746,6.52314679074161,2.5950083926812106,802.397808148702,2.6515532766690093,-151.47810009364824,907.4763745475459,-11.268405307985978,-153.14404666031172,555.8104279808824,-12.934351874649451,-150.76865131566254,108.18582332553163,-10.558956530000277,4.375966141983246,804.178765898004,4.432511025971045,150.12716650522765,891.1726918640334,9.917471719565343,153.23675328182935,544.2822786406351,13.027058496167054,150.47529039203434,91.52081575084011,10.265595606372033,3.201493361280883,803.0042931173017,3.258038245268682
95,0.95,8.48929378507239,1708.3231887912907,8.56489584353216,1.7435012759843986,1551.5773962822027,1.819103334444169,5.653977663381735,1305.4878726696002,5.729579721841505,-1.5331082400756193,1398.3007867661427,-1.457506181615849,3.4972469089372122,1203.3311419151555,3.5728489673969825,-0.14415527152610252,1099.6897397346922,-0.06855321306633222,1.7272469010868594,1001.5611419073051,1.8028489595466297,,1499.8365840172235,2.066653072312845,-364.26742713726617,1404.412653268339,7.563073728252593,-465.6005654358193,1181.7599034687778,-0.27895818825560803,-497.5653665464412,1034.8046009542156,15.822996338257244,12.191870556994287,797.1767160176296,10.183357509969902,6.108467555069341,805.9423625612876,6.184069613529111,3.5795692053604515,803.4134642115787,3.655171263820222,3.734474326677092,803.5683693328953,3.8100763851368624,2.006496644151535,801.8403916503697,2.0820987026113054,196.7169769500236,1498.5099608177975,0.7400298728869239,341.3068706051039,1426.4955308602212,10.639718868251979,466.1958681370776,1189.6978345134157,-11.471290140132451,503.7764771938648,1072.782517217638,-3.7456310637063974,,775.1942627164034,0.720521650695906,5.164972450796746,804.998867457015,5.240574509256517,0.9434868653038291,800.777381871522,1.0190889237635994,4.770323535112157,804.6042185413304,4.845925593571927,3.5399473047055108,803.3738423109237,3.615549363165281,-150.16940359594318,907.3163391117548,-10.291622370832757,-153.90721188538717,553.5785308223109,-14.029430660276734,-153.39233365350677,104.09340905419121,-13.514552428396346,-1.5407632901411228,,-1.4651612316813525,151.33593163694746,893.8501889292494,11.458150411837023,154.37275418422217,546.8870114765241,14.49497295911174,154.50486496252356,97.01912225482553,14.627083737413116,-0.06544720826848982,799.7684477979498,0.010154850191280484
96,0.96,-1.0939953834881884,1698.7717145708627,-0.9989733996392371,3.389287351058297,1553.2549973054092,3.4843093349072483,3.50292684178844,1303.3686367961393,3.597948825637391,2.4675617301835224,1402.3332716845343,2.562583714032474,5.425631284792054,1205.2913412391429,5.520653268641005,0.9399464371343598,1100.8056563914852,1.034968420983311,0.5355093271620683,1000.4012192815131,0.6305313110110196,-208.06531055003896,1496.9417972058466,-0.566130392319466,-363.90473312295495,1404.4589373925814,9.121138110010156,-468.18037653395146,1179.467119625804,-3.8317128349890828,-508.54764360262885,1024.5156701780395,5.1106804981964675,14.163072199579435,797.4226763109272,,3.7507650205993017,803.6164749749503,3.845787004448253,2.4058900505385457,802.2716000048896,2.500912034387497,,804.8613411219385,5.0906531514363955,3.8905375214464337,803.7562474757975,3.985559505295385,198.66237830952144,1499.6299361967995,2.1220085986335153,337.45473393601657,1423.3141987039057,7.112983883708627,,,-17.461356243855228,497.316209774253,1068.1734623638995,-8.361036768016497,-2.4233775131487194,773.1394121613927,-0.583000483914073,5.156193759672424,805.0219037140234,5.251215743521374,3.527126301253713,803.3928362556047,3.6221482851026643,3.3519448170845707,803.2176547714356,3.446966800933522,7.7481018950548926,807.6138118494059,7.843123878903844,-149.01949114722498,906.9846445840792,-9.450687550475923,-148.20184055455968,557.8022951767445,-8.633036957810628,-153.01641925327405,102.98771647803005,-13.44761565652501,4.810906194417056,804.6766161487681,4.905928178266008,151.19530423439392,895.1911685030898,11.626500637644858,148.52067089847708,542.516535167173,8.951867301728047,156.39243234062897,100.38829660932484,16.823628743879915,4.258880499850424,,4.353902483699375
97,0.97,6.151073494366839,1706.049310025976,6.265871688285165,5.537305311979638,1555.4355418435887,5.652103505897963,5.0107793504500036,1304.909015882059,5.125577544368329,6.527304444876764,1406.4255409764858,6.642102638795089,2.129997223833504,,2.2447954177518294,6.17361936901988,1106.071855900629,6.288417562938205,3.282736110607263,1003.1809726422165,3.397534304525588,-204.8744326526454,1499.3229057800527,2.0759417896473407,-366.5823191194646,1401.400760478001,7.554633721981709,-467.8581482446456,1180.0464086198954,-4.541157105670236,-509.8807046715519,1023.8772971106034,3.94912720259742,10.37565877471492,792.0205561956166,8.587301636012649,0.7324948239094233,800.6307313555186,0.8472930178277487,5.148784651721694,805.0470211833309,5.26358284564002,5.956142874504934,805.8543794061142,6.070941068423259,3.745661776405797,803.643898308015,3.8604599703241225,201.23089263309848,1501.3723025865368,4.125338596131357,341.0816612108805,1427.517819630573,10.993246291449388,462.99497242089694,1185.842127602855,-13.639985527293536,496.24337554083417,1068.8909839349674,-7.560859093441476,2.005755139100375,778.8987202580672,5.85331480614055,1.9132247471607706,801.81146127877,2.028022941079096,-0.5706859515794935,799.3275505800298,-0.4558877576611682,5.87101969735407,805.7692562289633,5.985817891272395,0.3360945234670152,800.2343310550763,0.45089271738534054,-149.72218268742236,904.7900044795585,-10.438126130402429,-152.30068682086906,552.2115003461118,-13.016630263849109,-149.2430562247129,105.269130942268,-9.958999667692938,-0.2568013478911704,799.641435183718,-0.14200315397284502,151.735243297242,897.223056130261,12.45118674022204,150.7484278072036,546.2362406402227,11.464371250183651,150.32177954661293,95.80959237963208,11.037722989593004,-0.09066740820380348,799.8075691234054,0.024130785714521874
98,0.98,5.798171196321398,1705.7296375078258,5.933095195928123,5.157053076151308,1555.0885193876559,5.291977075758032,5.420038361147354,1305.3515046726518,5.554962360754077,1.5986751399304546,1401.530141451435,1.7335991395371788,3.408547330083298,1203.3400136415878,3.543471329690022,0.8294206342865071,1100.760886945791,0.9643446338932313,3.531594439585482,1003.4630607510899,3.666518439192206,-209.52012691415007,1493.8619678620064,-3.1253702046013503,,1398.1329454042077,5.754932480774036,-462.22033947226674,1185.9115724239527,0.009830636219754219,-506.43108679628205,1028.0153560135482,7.467890595666671,9.807286792583062,789.9549778391282,8.197568873916794,0.5650631097454837,,0.6999871093522079,5.118597906085101,805.0500642175895,5.253521905691825,2.218072124645718,802.1495384361501,2.352996124252442,2.6268050576767052,802.558271369181,2.7617290572834294,196.75512069027687,1496.0706720728256,-0.916665993781983,331.76696980238506,1418.6829839162945,1.8584132046826154,466.6251104192734,1189.2682387258358,-9.348401713273859,494.8145868569639,1069.1800782538203,-7.1026963167498645,-1.2546398868271282,,4.576787969637026,2.6901860538441715,802.6216523653485,,3.1822477044916453,803.113714015996,3.3171717040983695,-0.11308272310569745,799.8183835883987,0.02184127650102674,6.072196583239606,806.0036628947439,6.207120582846331,-147.96409273124144,905.0483653731997,-8.93931081267393,-151.3855005359929,551.6269575684482,-12.360718617425384,-148.3940733276997,104.61838477674144,-9.369291409132183,5.108684260133698,805.040150571638,5.243608259740422,148.10891785584428,895.0964597514031,9.084135937276782,150.32745188918534,547.3149937847442,11.30266997061783,150.81311765778753,97.80065955334642,11.78833573922003,3.801895341960885,803.7333616534652,3.936819341567609
99,0.99,6.3179801744655695,1706.2833706868348,6.473372665787759,4.386284788448381,1554.3516753008178,4.541677279770569,3.455826635716449,1303.4212171480858,3.6112191270386376,0.07872682662464436,1400.044117338994,0.23411931794683305,4.181937385962031,1204.1473278983315,4.33732987728422,6.5582705167274655,1106.5236610290967,6.713663008049654,-0.6298838443084129,999.3355066680608,-0.47449135298622425,-203.1763516512714,1499.3860204718267,2.6566731490569286,-364.1329865054276,1402.8942196991989,11.957393780994368,-465.77134979256414,1182.5586630236558,-4.67934271075376,-507.16037762508944,1027.9611059459164,6.70226691785864,11.43416772868286,790.2081901701545,10.04914852052701,4.4534414400780316,804.4188319524472,4.60883393140022,2.9246478614043117,802.8900383737736,3.0800403527265003,6.775246540470537,806.7406370528398,6.930639031792726,8.576092040522504,808.5414825528917,8.731484531844691,196.63593489023143,1495.126927486053,-1.6024198367167837,333.1231831900237,1420.419779294449,3.319871502274077,459.0440656189516,1181.5641997536886,-16.174490657278135,488.8772222794522,1064.8768263847473,-11.153391588154658,0.009772345265548932,779.7188865171494,7.786883402009073,1.9549843979896113,801.9203749103589,2.1103768893118,0.7966797922339999,800.7620703046032,0.9520722835561886,3.623813529110762,803.58920404148,3.7792060204329507,3.4779943461117386,,3.6333868374339273,-148.56349079885754,902.944039645131,-9.771327347680938,-150.64535656903274,550.8621738749558,-11.853193117856142,-146.77471203211587,104.73281841187264,,2.105717779926506,802.0711082922958,2.261110271248695,151.10640454733317,899.5988741033447,12.314241096156572,151.48995925242116,549.9824288084326,12.697795801244565,151.769270274444,100.2617398304555,12.977106823267402,5.489804433178939,805.4551949455482,5.6451969245011275
100,1.0,5.993536935364183,1705.9935369353643,6.16973347670163,5.451198655390229,1555.4511986553903,5.627395196727676,1.0639168070392548,1301.0639168070393,1.2401133483767017,1.0002428161777108,1401.000242816178,1.1764393575151577,4.586455117536895,1204.586455117537,4.762651658874342,6.74284968419858,1106.7428496841987,6.919046225536027,3.2990577528448557,,3.4752542941823026,-203.2151678128857,1498.524004039523,2.0507155532780432,-360.7422950626675,1405.7091691077067,16.18332626791756,-463.35753038730786,,-3.4510093998495894,-505.46244541418855,1030.314026888342,8.25610638092378,,787.7034856093228,9.059788989786098,3.322346303454992,803.322346303455,3.4985428447924387,2.1483789404840086,802.148378940484,2.3245754818214555,3.365327137774707,803.3653271377747,3.541523679112154,0.49357988002666797,800.4935798800267,0.6697764213641149,199.55444425838846,1497.223186102941,0.7498976166960394,334.69095331050755,1422.2667239671646,4.917416029182991,462.49109402677834,1184.9680153892275,-11.881964608838079,495.8856179684214,1073.4246758410936,-2.272729647539287,-4.8159254654708334,776.3578314344225,4.854075057445535,8.197604347217323,808.1976043472173,8.37380088855477,1.8654988282002116,801.8654988282002,2.0416953695376585,1.397592215278816,801.3975922152788,1.573788756616263,3.1172863208314663,803.1172863208315,3.293482862168913,-150.58550733587376,899.4144926641262,-11.99818553141561,-149.03335651802337,550.9666434819767,,-154.36668727468347,95.63331272531654,-15.779365470225304,4.149785965543389,804.1497859655434,4.325982506880836,148.72157375543645,898.7215737554365,10.134251950978292,150.3520063964342,550.3520063964343,11.764684591976051,147.55546824128214,97.55546824128213,8.96814643682399,7.413005602750717,807.4130056027507,7.589202144088164
101,1.01,3.9670941811724796,1704.0023794716133,4.164422987459161,5.875015196666523,1555.9103004871072,6.072344002953204,0.4493548132104941,1300.4846401036511,0.6466836194971748,6.4151051562336745,1406.4503904466744,6.612433962520355,2.921940889388747,1202.9572261798294,3.1192696956754276,6.768849485445488,1106.8041347758863,6.966178291732168,2.6124605258772293,1002.6477458163179,,-204.09297077198343,1496.8205293513686,0.6010721550665026,-364.3641841647551,1401.4464478232233,13.29820597322996,-465.95400800564306,1182.6871767643495,-7.276079146627038,-510.9858460501914,1025.4194734294686,2.479441193084746,15.864841334055397,792.2814452612254,15.064924058547627,5.732533446021618,805.7678187364622,5.929862252308299,5.477211640213097,805.5124969306537,5.674540446499778,6.438520325985516,806.4738056164261,6.635849132272197,-1.033579515456013,799.0017057749845,-0.8362507091693323,200.51953989656425,1497.3693438352507,1.1498866389487579,339.6677449854145,1427.4194606757321,9.84793881885382,460.2240212688747,1182.736000543545,-13.216294803247061,493.4473425549649,1072.4208029673605,-2.8670515362277067,-6.449360157165422,776.2125804683576,5.046503695005202,7.140938947361231,807.1762242378019,7.338267753647911,3.8561587625702005,803.8914440530108,4.053487568856881,1.811526338790261,801.8468116292308,2.0088551450769416,3.338461108460337,803.373746398901,3.5357899147470175,-148.83029307617645,899.662176479835,-10.418983502831653,-152.47829424225293,546.0141753137585,-14.066984668908125,-150.82043950904196,97.67203004696958,-12.409129935697152,8.450980439741564,808.4862657301821,8.648309246028244,150.85742429579292,902.3649547397814,12.446114722448142,147.43462377146102,548.9421542154495,9.023314198116225,149.79173509831446,101.29926554230295,11.380425524969683,3.562837596718924,803.5981228871595,3.760166403005605
102,1.02,2.6472626246775057,1702.7184991775862,2.8660443544401923,5.765448924107382,1555.8366854770159,5.984230653870068,6.139742739088956,1306.2109792919975,6.358524468851643,4.637654744205714,1404.7088912971144,4.856436473968401,7.605044870030428,1207.676281422939,7.823826599793114,5.404761387455672,1105.4759979403643,5.623543117218357,3.8622022823247533,1003.9334388352333,4.08098401208744,-199.87777459666424,1500.208592010604,4.240444325361416,-365.2132210128825,1399.891894319176,13.084799729028573,-464.6509060209574,1184.1051624731717,-7.240275353025526,-508.121954306974,1028.8805982568272,4.980382124471555,11.4602972901597,786.900309037307,11.018063489351453,2.5824660857630426,802.6537026386716,2.801247815525729,2.99850994449757,803.0697464974062,3.2172916742602564,3.002012621849621,803.0732491747582,3.2207943516123074,3.638624000741025,803.7098605536496,3.8574057305037117,201.20765755606195,1497.2428365364945,1.2746888512519097,333.9119358686728,1421.734865232174,3.9695327567238237,462.28208899146193,1184.9056359507094,-10.141852177185598,491.9360980735762,1072.2290978489148,-2.5762455926652508,-4.103685298248781,780.0595217814414,9.137271415736905,4.273913720809148,804.3451502737178,4.492695450571834,4.8319827038581575,804.9032192567668,5.050764433620843,4.45942991487721,804.5306664677857,4.678211644639896,1.6901735000838964,801.7614100529925,1.908955229846583,-149.79736205423097,897.1901798413279,-11.532255527067797,-149.27384763799162,547.7136942575672,-11.008741110828447,-150.06817822309986,96.91936367245904,-11.80307169593669,2.5319853070233593,802.603221859932,2.750767036786046,148.2932266837808,901.3056847882219,10.028120156617643,153.11490856393567,556.1273666683768,14.849802036772505,152.92854076248784,105.94099886692894,14.663434235324685,7.59945475212508,807.6706913050336,7.818236481887767
103,1.03,1.8905583004869495,1701.9984019133474,2.1311058455004814,5.682266165003361,1555.7901097778638,5.922813710016893,4.8687907252564715,1304.9766343381168,5.109338270270003,6.9269667307431195,1407.0348103436036,7.167514275756652,3.3636823011289487,1203.4715259139894,3.6042298461424807,0.04504951174020366,1100.1528931246005,0.2855970567537356,8.197078162574249,1008.3049217754347,8.437625707587781,-201.21217405587984,1498.046609158405,,-366.96156083964604,1397.374018741266,11.868659802831921,,1187.5243063156008,-5.211810743306635,-511.7186749272841,1025.844689374138,0.9114276886541489,12.818555951966642,787.4197999906188,12.774635706304462,1.5027627583490215,801.6106063712094,1.7433103033625534,,803.4970154558281,3.629719387981268,2.801149270963868,802.9089928838242,3.0416968159774003,1.9081681734627602,802.0160117863231,2.148715718476292,202.38670983656058,1497.6125709411335,1.892918480723367,331.4512266844961,1419.2394642460083,1.309904436146796,455.7818591775747,1178.591482572226,-15.545989013863863,489.7143354246375,1071.2028594900873,,-7.621716709214807,778.0456208619668,7.270414146074587,,803.5432611325502,3.6759650647033895,1.639657226126064,801.7475008389864,1.880204771139596,1.42502608246848,801.5328696953288,1.6655736274820119,2.358099886998378,802.4659434998588,2.5986474320119104,-147.90745424200819,897.580358591011,-9.7578392193377,-146.62302116585423,548.8647916671649,,-148.91903455141156,96.56877828160758,-10.769419528741079,1.5442622699524404,801.6521058828129,1.7848098149659724,151.88263197921816,906.394819146199,,144.87170398658125,549.3838911535621,6.72208896391073,154.59615240597796,109.10833957295877,16.44653738330744,5.113909083474135,805.2217526963345,5.354456628487666
104,1.04,4.740801293775257,1704.8858972489709,5.003419571512985,0.45312296482043024,1550.598218920016,0.7157412425581589,5.681548594062402,1305.8266445492582,5.944166871800131,5.159365219105376,1405.304461174301,5.421983496843104,0.13971762742429572,1200.28481358262,0.40233590516202433,-0.3614279521968653,1099.7836680029989,-0.09880967445913669,-0.6773272071338359,999.467768748062,-0.41470892939610726,-200.58653351854892,1497.8452292981317,2.3709673107179103,-368.1553227163079,1395.3476285726344,11.101756447098149,-464.16476901140277,1184.7454637195672,-9.38643462410779,-510.34076173681206,1027.742892409305,1.7091574635011377,12.613788843582867,786.5151238201746,13.006003399149243,2.6625896309793484,802.8076855861751,2.925207908717077,5.209110026737207,805.354205981933,5.471728304474935,4.71851501101369,804.8636109662094,4.981133288751419,-2.24106880761394,797.9040271475818,-1.9784505298762114,,1499.2318920981938,3.7576301107798993,332.9326476736788,1420.579447931549,2.5163821095314733,458.09306515805395,1181.1610435237744,-12.063172793991853,492.2188047003974,1074.7704209051633,1.1327126372124434,-6.193773236582397,780.9706626042147,10.243164264883587,3.3111583613458984,803.4562543165416,3.573776639083627,6.023799714165126,806.168895669361,6.286417991902854,-0.3424914834581503,799.8026044717376,-0.07987320572042167,1.5924538974541929,801.73754985265,1.8550721751919215,-146.74356705601312,897.2522972126827,-8.677911435036547,-149.29674941359391,544.6991148551019,-11.231093792617344,-151.56034611039632,92.4355181582996,-13.494690489419744,2.2882915184664947,802.4333874736623,2.5509097962042233,144.6455220147847,900.6496577460888,6.5798663938081,147.05325600297851,553.0573917342826,8.987600382001926,145.51239899645205,101.51653472775612,7.446743375475473,4.464121711746301,804.6092176669421,4.726739989484029
105,1.05,3.288939349808841,1703.4719220774095,3.5739250987857694,-1.234821656279097,1548.9481610713217,-0.9498359073021687,4.9270679636215355,1305.1100506912223,5.212053712598464,1.3789750492973354,1401.561957776898,1.6639607982742637,2.3786642801127384,1202.5616470077134,2.6636500290896667,0.6167135854967314,1100.7996963130975,0.9016993344736597,5.57142130416638,1005.7544040317671,5.856407053143309,-196.14515225009032,1501.4611657204782,6.228901345571321,-368.15251866892476,1394.455899942936,11.424555717295126,-460.7202077285705,1188.232101518268,-7.297303632214614,-512.3822824116629,1026.1777800276534,-1.0182282709441017,13.252515531935027,786.5928204635651,14.11532890367002,3.272513047636728,803.4554957752374,3.557498796613656,0.6637986280219832,800.8467813556227,0.9487843769989115,4.043005555714481,804.2259882833152,4.327991304691409,4.205980952239365,804.3889636798401,4.490966701216293,209.19893471589828,1502.8260205196182,7.5937561447111515,330.9507778546131,1418.3488945736497,0.18413533023348094,458.1889954472835,1181.5851596057669,-10.72458618086461,490.2413285123413,1073.7159916128842,0.7547759307177465,-7.31392094855266,781.331086226304,10.549804362462211,2.5519992441703074,802.734981971771,2.8369849931472357,0.46089679729447086,800.6438795248952,0.7458825462713992,8.632857412684807,808.8158401402856,8.917843161661736,0.15657771951465183,800.3395604471153,0.4415634684915801,-148.32790928214564,894.1863480101563,-10.313946354419521,-143.757280316448,548.756976975854,-5.7433173887218585,-146.78460019731085,95.72965709499114,-8.770637269584727,-0.30224031007047536,799.8807424175302,-0.01725456109354706,149.45000303761307,906.9357457453111,11.436040109886948,144.94968351387158,552.4354262215696,6.935720586145436,145.99837113461297,103.48411384231096,7.984408206886839,5.982067043268408,806.1650497708691,6.2670527922453365
106,1.06,2.770571917807534,1702.9920646618343,3.0782134959126375,1.4038352960699487,1551.6253280400967,1.7114768741750523,5.849627920752937,1306.0711206647798,6.1572694988580405,7.816557093683157,1408.03804983771,8.12419867178826,6.391924273701385,1206.6134170177284,6.699565851806488,0.9906761095638892,1101.2121688535908,1.2983176876689928,4.441982715583615,1004.6634754596105,4.7496242936887185,-199.80261407375963,1496.9808455637885,1.9869005025462747,-368.2515824455749,1393.4018482295155,11.53749619086416,-462.34748031581177,1186.62567626745,-10.299612111933,-507.3896153104477,1031.6003817414,3.1860908798288285,,782.4677934673432,10.914614989933995,-1.6021902593770592,798.6193024846498,-1.2945486812719555,2.0325778633332208,802.2540706073601,2.3402194414383244,1.9465800217269675,802.1680727657538,2.2542215998320714,3.8566617814117983,804.0781545254387,4.164303359516902,203.40437080999908,1496.2439464100914,1.2500013488490263,334.59546016131014,1421.6374896899858,3.4038893410016993,455.935286559713,1179.7268145420228,-11.669317046094653,493.2989482789034,1077.549866893484,5.320894912507974,-9.038931165991364,781.0611019319044,10.122800919680584,-1.2336116314962937,798.9878811125305,-0.9259700533911901,5.1549473759863975,805.3764401200133,5.462588954091501,1.8257661347924456,802.0472588788193,2.133407712897549,0.45108568012107986,800.6725784241479,0.7587272582261835,-147.06272051519338,893.9828048436125,-9.067538839907638,-149.9135168567139,541.1320085020919,-11.918335181428173,-143.25685972584546,97.7886656329604,-5.26167805055971,0.8666608881724431,801.0881536321994,1.1743024662775468,148.5424328660313,,10.547251190745593,148.6450213651161,557.5994960063103,10.649839689830381,146.75447189978604,105.70894654098024,8.75929022450033,6.490157930476495,806.7116506745034,6.7977995085815985
107,1.07,1.9187988578156596,1702.179413346122,2.249376043728776,2.1513841382481553,1552.4119986265544,2.4819613241612717,3.7803696427707822,1304.040984131077,4.110946828683899,1.9418768383166627,1402.2024913266227,2.272454024229779,6.175026575278897,1206.435641063585,6.505603761192013,0.12742736803827537,1100.3880418563444,0.4580045539513917,2.0550504200400908,1002.3156649083462,2.385627605953207,-197.49288091014859,1498.47131499784,3.711728494504202,-369.54491636627364,1391.094779513743,10.347446135498142,-458.5108167503385,1190.4637074123336,-7.852527491400064,-506.5476509750556,1032.8240012828485,3.141341947731017,11.906944345000777,784.5369397342037,13.798343612153785,,804.6433305323314,4.71329322993842,,802.8820911802269,2.952053877833891,6.020314979901698,806.2809294682079,6.350892165814814,5.9411698860659,806.2017843743721,6.271747071979016,206.23631580075048,1498.2975802756978,3.5379937723620523,334.21282804435305,1420.7915554559543,2.522949792811161,457.16524139268887,1181.4164664577092,-9.06902201662505,489.1338374461941,1074.008397233643,2.5627289174945225,-11.426524102002492,780.0945169037775,8.894645386491636,3.344146222471229,803.6047607107774,3.674723408384345,2.2454023769300395,802.5060168652362,2.5759795628431554,1.22224651591447,801.4828610042206,1.5528237018275863,6.086244852468166,806.3468593407744,6.416822038381282,-148.60444189044821,890.9877256698858,-10.594578825478077,-148.6563481012662,540.9358194590678,-10.646485036296056,-150.30693106885317,89.28523649148084,-12.297068003883052,5.804541745752697,806.0651562340588,6.135118931665813,148.55178444249654,908.9596168821625,10.5419213775264,148.55988701812936,558.9677194577954,10.550023953159222,146.5553599158692,106.96319235553517,8.545496850899063,5.223986797081919,805.4846012853881,5.5545639829950355
108,1.08,2.2395148319947737,1702.5398509498957,2.593298629782344,5.446465577457138,1555.746801695358,5.800249375244707,-0.42865016565343383,1299.8716859522474,-0.07486636786586365,1.3907673087493213,1401.6911034266502,1.7445511065368915,-0.9096215561605754,1199.3907145617404,,1.5765007757616507,1101.8768368936626,1.930284573549221,3.275885616255117,1003.5762217341561,3.629669414042687,-200.73330163119834,1494.416229096399,-0.11323877166285579,-371.88850924715706,1387.6806698998262,7.998088120678038,-460.5181757233953,1188.4401080762343,-11.258867862665113,-514.746008527335,1024.958011157005,-6.037077978552633,12.528958446275023,785.0048263043764,14.969159245329875,3.5603115961936718,803.8606477140946,3.914095393981242,7.794984567094728,808.0953206849956,8.148768364882297,0.9217665909530335,801.222102708854,1.2755503887406037,1.8833737873672227,802.1837099052682,2.237157585154793,208.71130982397895,1500.0044080020803,5.4749401340181745,335.9019682357139,1421.910715077723,3.6418624973276703,450.9374681877614,1175.7097005519636,-13.87026860033021,,1075.0032594732947,4.387163587683732,-9.694294951356857,783.2058731961243,11.639005128000795,8.084149698912283,808.3844858168133,8.437933496699852,5.511318669920472,805.8116547878215,5.865102467708043,6.0842840253884685,806.3846201432893,6.438067823176038,2.3773156995383977,802.6776518174394,2.731099497325968,-147.84224894697104,890.3143930704839,-9.783787560414567,-145.250938921141,542.9057030963139,-7.192477534584535,-146.6570559641158,91.49958605333912,-8.59859457755935,-1.5176969081826575,798.7826392097182,-1.1639131103950873,149.63707273751703,911.480430720062,11.578611350960564,146.82926505257257,558.6726230351176,8.770803666016098,149.71028857013795,111.55364655268303,11.651827183581505,2.8792223131570935,803.179558431058,3.2330061109446637
109,1.09,5.051692662183251,,5.428945109166019,2.9552669816925325,1553.295912449479,3.3325194286753006,3.861899509585216,1304.2025449773716,4.2391519565679845,3.948227397760734,1404.288872865547,4.325479844743502,2.472470910295049,1202.8131163780815,2.849723357277817,5.0337848074866525,1105.374430275273,5.411037254469421,5.3794291803467456,1005.7200746481332,5.756681627329514,-197.07531680800668,1497.2651458209227,,-367.2959217105437,1391.1481763876614,12.475934751947676,-453.55476520686796,1195.3716534759812,-5.698641737970297,-508.6206431863878,1031.3662480645437,-0.9792375762868315,8.288990225632215,780.7399847068674,11.294167325162995,5.4597086911961465,805.8003541589826,5.836961138178914,0.1805773626880578,800.5212228304745,0.5578298096708258,4.575087776048807,804.9157332438352,4.952340223031575,-1.274818196629521,799.0658272711569,-0.8975657496467528,208.67576497594308,1499.2117741405934,4.907909414087507,328.0588565488005,1413.3918289738917,-4.841654908901296,450.8418504884794,1176.1932133242856,-12.488545544725739,492.11159866920474,1077.757208107957,8.012090258705037,-12.864844297322485,781.365375118633,9.325661742723542,3.8909242293074726,804.2315696970938,4.26817667629024,2.1816000696772546,802.5222455374636,2.5588525166600222,1.7419820402666286,802.0826275080531,2.119234487249397,4.797597335624341,805.1382428034108,5.174849782607109,-146.9506425950848,889.790716817629,-8.809311663613647,-146.70651831914142,540.0348410935724,-8.56518738767029,-143.77314439719586,92.96821501551791,-5.6318134657247185,1.6807610011481042,802.0214064689345,2.0580134481308723,142.4701502557826,905.7287908430689,4.32881932431147,143.8749062019638,557.13354678925,5.733575270492674,146.86703668619742,110.12567727348365,8.72570575472628,1.8996571790603918,802.2403026468468,2.27690962604316
110,1.1,3.199381160578302,1703.5809112150437,3.600355138562889,2.0031417744826747,1552.384671828948,2.404115752467262,7.458484161739161,1307.8400142162045,7.859458139723747,4.308036548309847,1404.6895666027751,4.709010526294434,1.888573421012781,1202.270103475478,2.2895473989973683,4.716967654193926,1105.0984977086591,5.117941632178513,3.4217530964354244,1003.8032831509008,3.8227270744200115,-197.49231009354912,1496.0456733759308,1.9626246245383039,-368.22793467307145,1389.038983514979,11.320679732414757,-456.88001157211755,1192.001000264564,-10.426036660095445,-513.6092739483355,1026.6115801423541,-7.116135236280354,4.643487274318679,777.1942070386665,,5.026712837980709,805.4082428924461,5.427686815965295,3.250176325383363,803.6317063798488,3.65115030336795,4.437452862574119,804.8189829170395,4.838426840558706,0.9027231019438249,801.2842531564092,1.303697079928412,204.61601965288872,1494.4069350798547,0.32388632846222487,327.7015590081091,1412.254195053807,-5.907517083017257,451.63603558904146,1177.621315788239,-10.171754009725248,487.33131466624866,1073.1177047851154,4.280063466942849,-11.201877971038149,784.3028404944389,11.684471058049867,1.6711791583654918,802.0527092128309,2.072153136350079,1.4859546183166497,801.8674846727821,1.8869285963012368,0.1073416415014834,800.4888716959668,0.5083156194860705,2.7284877038417568,803.1100177583072,3.129461681826344,-147.8181194018195,887.5305572869275,-9.559396186718597,-147.02232440706842,538.3263522816786,-8.763601191967513,-147.04367799293144,88.30499869581561,-8.78495477783052,3.7298073995553978,804.1113374540208,4.130781377539985,151.67298837851013,916.3243116897631,13.414265163409233,144.23495147061357,558.8862747818665,5.976228255512662,148.8784140524263,113.52973736367925,10.619690837325416,0.05643841301882535,800.4379684674842,0.45741239100341247
111,1.11,6.023575848676458,1706.4465529287895,6.448514898641479,3.513935418838936,1553.9369124989519,3.938874468803957,3.964266791287743,1304.3872438714006,4.389205841252764,5.282158061107524,1405.7051351412206,5.707097111072546,4.9912948201739855,1205.414271900287,5.416233870139007,3.8311342323144175,1104.2541113124273,4.256073282279439,-1.5250738812519318,998.8979031988611,-1.1001348312869106,-196.58580612857733,1496.1572710494247,2.289983631415379,-364.5416745257279,1391.4986722666692,14.676070739953296,-453.8054162346667,1195.018817880089,-8.74729556675649,-508.1782039318559,1032.229073580952,-2.9065634075450224,10.237761740314294,783.0073469561717,14.398775990000251,5.721358081818456,806.1443351619314,6.146297131783477,0.993656793854448,,1.4185958438194692,5.676477932956166,806.0994550130691,6.101416982921187,-1.4909814822270206,798.9319955978859,-1.0660424322619995,208.9718831748789,1498.0306025208558,4.163315102846381,331.57931273454005,1415.248627516839,-2.8041964356115354,452.1030998947987,1178.7736140309546,-8.142521211241522,486.9738637849285,1072.735222929037,4.8366333515420745,-7.688974200930374,789.0289775329791,15.726646478241463,3.743296151427101,804.1662732315401,4.168235201392122,4.5839511890977125,805.0069282692107,5.008890239062734,0.9242695416335329,801.3472466217465,1.349208591598554,2.6541372399674166,803.0771143200805,3.0790762899324378,-142.9898101927309,890.9910807399465,-4.579025670056355,-148.86197415323102,535.1189167794464,-10.451189630556462,-147.93531314220508,86.04557779047231,-9.52452861953052,2.1385005213361294,802.5614776014492,2.563439571301151,147.4209401024425,913.4400491697652,9.010155579767957,148.31673981832003,564.3358488856427,9.905955295645473,146.75545034275368,112.7745594100763,8.344665820079136,3.524811518511735,803.9477885986247,3.949750568476756
112,1.12,-0.16028630482344663,1700.3046871320278,0.28885183550268456,4.373090403485089,1554.8380638403364,4.82222854381122,0.13622816294776463,1300.601201599799,0.5853663032738958,2.429297859023078,1402.8942712958744,2.8784359993492092,0.3557221558868897,1200.8206955927383,0.8048602962130209,2.5716043959034076,1103.0365778327546,3.0207425362295384,3.9621113586986727,,4.4112494990248035,-199.31384671602578,1492.64287179465,-1.0139719142904409,-365.14981844951524,1389.6175078234899,13.630700684256258,-454.6297921791979,1194.1285396012959,-10.955973188748064,-506.52400112676344,1034.0242910169695,-2.538840774699963,6.418607492314778,779.5199968417397,11.158455025525797,7.1207719107154785,807.5857453475667,7.56991005104161,8.62921646338317,809.0941899002344,9.0783546037093,5.689175695296,806.1541491321472,6.138313835622132,6.679310272094808,807.144283708946,7.128448412420939,210.3397672366516,1498.680073799874,5.023230090933393,334.2713704456162,1416.956298034722,-0.9498860525889892,451.3954258335324,1178.7989016934432,-7.254301976689227,491.4357125835375,1077.0055985919926,10.072723891690872,-8.938673519050086,788.9263314941234,14.835709807652028,2.557813719575494,803.0227871564266,3.0069518599016254,4.146263524902253,804.6112369617534,4.595401665228383,2.0523308206269384,802.5173042574781,2.501468960953069,2.904805192094359,803.3697786289455,3.3539433324204904,-144.46105525323767,888.1791782145418,-5.863501461145071,-147.29234346829315,535.3478899994863,-8.694789676200557,-145.46498239474738,87.17525107303204,-6.867428602654791,6.326405916772687,806.7913793536238,6.775544057098819,150.52306115231923,917.8828276845398,11.925507360226632,145.70128720797882,563.0610537401993,7.103733415886212,145.61998239161554,112.9797489238361,7.022428599522933,5.922256256972104,806.3872296938233,6.371394397298236
113,1.13,4.54093913723617,1705.0484448483862,5.014500685568226,4.913435391729753,1555.4209411028799,5.38699694006181,4.815103934647122,1305.3226096457972,5.2886654829791775,6.585140286984986,1407.0926459981351,7.058701835317041,6.795607182098577,1207.3031128932487,7.269168730430632,2.887762575052959,1103.3952682862032,3.361324123385015,4.784175410671351,1005.2916811218216,5.257736959003408,-198.65701913552897,1492.522852683215,-0.929123139705474,-371.381992770542,1382.0690332664851,6.856604453401509,-454.6814296937476,1194.0041840372132,-12.375121735096059,-512.1686075443253,1028.4781539091666,-9.525979896901994,5.007409597689254,778.5466630846271,10.318326855904322,3.3865828771032485,803.8940885882535,3.8601444254353043,3.692001355709003,804.1995070668593,4.165562904041059,2.614978646987799,803.1224843581381,3.088540195319855,5.4655643576366355,805.9730700687869,5.939125905968692,211.2719007877778,1498.9084456629032,5.456469839982619,335.0174221110243,1416.6191528648637,-1.1020865145913072,449.44923275519795,1177.6297067443438,-7.576825856557383,484.373559840181,1069.5859960144458,3.6406253076176136,-13.216184045869774,785.7256082331696,10.743816597365125,0.6618104026967688,801.169316113847,1.1353719510288247,1.7523860613020978,802.2598917724523,2.2259476096341535,0.48165810063037373,800.9891638117806,0.9552196489624296,4.804854494334478,805.3123602054848,,-143.84963036215197,887.4792338104675,-5.030669516201506,-141.23251238088818,540.0963517917313,-2.4135515349377084,-143.86513201509752,87.46373215752193,-5.046171169147066,2.6513229574752994,803.1588286686256,3.1248845058073553,150.10249762842298,918.7736334558035,11.283536782472536,144.53482712203242,563.205962949413,5.715866276081964,146.69859777422008,115.3697336016006,7.87963692826962,0.7435258393041444,801.2510315504544,1.2170873876362003
114,1.14,0.5956496455709188,1701.1462098339273,1.0938490443986981,2.023839274434643,1552.574399462791,2.5220386732624225,8.217794751333269,1308.7683549396895,8.715994150161048,1.6012843243156405,1402.151844512672,2.09948372314342,-0.5126169064458836,1200.0379432819104,-0.014417507618104342,3.7376766118061227,1104.2882368001624,4.235876010633902,2.0230097516620313,1002.5735699400183,2.5212091504898106,-196.3536532157498,1494.0598366134639,0.8068997253485275,-361.9098773810069,1390.1849562348816,15.684148142431008,-450.9840194165824,1197.6244190054526,-10.023233892528971,-512.106088810793,1028.6001571333704,-10.852501914349133,5.572669054919986,779.6483618055804,11.440439185092249,-2.280856314597287,798.2697038737589,-1.7826569157695076,0.7275944232067966,801.278154611563,1.2257938220345759,3.0937991941731777,803.6443593825294,3.591998593000957,6.095103502722975,806.6456636910791,6.5933029015507545,211.70682263735338,1498.6551057882566,5.402168900141425,333.44819067796783,1413.870502821156,-3.627019671179065,445.69995959875087,1174.6976902597673,-9.680692096864055,487.70140788630573,1072.391977944465,7.4510905257468805,-11.316871133307961,788.6282054283978,12.654286788140698,0.3280418876305755,800.8786020759868,0.8262412864583548,4.315520380020788,804.866080568377,4.813719778848568,1.0159088055014884,801.5664689938577,1.5141082043292677,1.3683755332956082,801.9189357216518,1.8665749321233875,-144.03302380122162,886.0158422457811,-4.958198817411904,-144.61037686797735,535.4384891790254,-5.535551884167618,-148.4092286011218,81.63963744588087,-9.334403617312091,2.2016962269286733,802.7522564152848,2.6998956257564526,146.4047327719018,916.3558667248991,7.329907788092084,143.70517075659814,563.6563047095955,4.630345772788412,139.91029659565757,109.86143054865488,0.8354716118478605,0.4312939312724544,800.9818541196287,0.9294933301002337
115,1.15,5.8795736729358765,1706.4736965302795,6.402615318979089,0.6806556755468836,1551.2747785328907,1.203697321590096,1.6376385336160104,1302.2317613909597,2.1606801796592228,0.4967055139691632,1401.090828371313,1.0197471600123755,,1203.2352258874153,3.164144676114675,1.8417026394809315,1102.4358254968247,2.364744285524144,5.050550693768601,1005.6446735511123,5.573592339811814,-191.91286435453713,1497.7456480856736,,-366.71476855460367,1383.9875762372085,10.134458459820706,-448.46811063387577,1200.0610899202877,-8.825721000944649,-509.59233695914713,1031.138623385474,-9.764210579783411,6.294534118876489,780.9972257081973,12.69842608689823,5.044469764555361,805.6385926218991,5.5675114105985735,-0.9728580528183803,,-0.449816406775168,2.8953825107045263,803.4895053680482,3.4184241567477387,4.576998165593385,805.1711210229371,5.100039811636598,205.63523169795312,1491.9115819734639,-1.1483927066724942,335.2070452761749,1414.3566295287685,-2.878025927513087,445.35629815130176,1175.2076959679023,-8.36331373192347,487.9550693970356,1071.9620026505847,8.037857497588963,-13.127380919270967,787.7451017915399,10.680490934016104,3.063950722553459,803.6580735798972,3.5869923685966714,2.6600580497812416,803.2541809071249,3.1830996958244535,1.9037322969592907,802.497855154303,2.426773943002503,2.6074481016856716,803.2015709590294,3.130489747728884,-144.73828695328456,884.0639530898421,-5.373433008754828,-143.76244989188356,535.0397901512431,-4.3975959473538415,-142.65879027567172,86.14344976745492,-3.2939363311420027,3.3356302323367144,803.9297530896804,3.8586718783799268,145.7647453007197,916.9625052575931,6.3998913561899995,144.85814239184228,566.0559023487157,5.493288447312572,144.3603002853434,115.55806024221677,4.995446340813709,7.29251859344271,807.8866414507864,7.815560239485922
116,1.16,5.90495804633961,1706.5431374616298,6.45303612382082,1.070295958301728,1551.708475373592,1.6183740357829377,3.721272085580109,1304.3594515008704,4.269350163061319,-1.6121763659380632,1399.0260030493523,-1.0640982884568535,0.04738630974531688,1200.6855657250355,0.5954643872265266,5.284430879562816,1105.922610294853,5.832508957044026,5.201254260766109,1005.8394336760563,,-198.15353611782294,1490.7623294147256,-2.111001930357557,-365.7351215341853,1383.542231270004,10.271870963751482,-453.5832851352144,1194.8670324437867,-15.227106635485285,-504.75749715613324,1035.968227063652,-6.380695796327478,1.2223853802675673,776.6341685250623,8.1351598344321,5.816757568041488,806.4549369833317,6.364835645522698,4.407643467965354,805.0458228832555,4.955721545446563,7.128200902764814,807.766380318055,7.676278980246024,-0.4221933314223798,800.2159860838677,0.12588474605882993,209.17268129916218,1494.794235418125,1.9209040730418905,337.336725677137,1415.1235017586066,-1.8088512325607287,448.33711989233126,1179.074693484184,-3.7119678902980753,487.0243200254219,1070.1895580917228,7.289807697288444,-10.927252814152563,790.795249167755,12.544236910076616,,800.0699903369142,-0.020111000894740272,3.292288439243299,803.9304678545335,3.840366516724509,5.270600790821731,805.9087802061118,5.818678868302941,5.108884757366424,805.7470641726566,5.656962834847634,-147.85560550291166,879.7352946764145,-8.166962255734958,-146.4306847148971,531.160215464429,-6.742041467720386,-145.44402901404362,82.14687116528256,-5.755385766866901,3.590951200904385,804.2291306161945,4.139029278385595,146.7328682423022,919.141968062976,7.044224995125483,146.30051408038554,568.7096139010594,6.611870833208819,144.23649992445658,116.6455997451304,4.547856677279866,2.323968430790278,802.9621478460804,2.8720465082714877
117,1.17,-0.4854959259349618,1700.1972193466377,0.08780239195307171,3.1874064228294063,1553.870121695402,3.76070474071744,4.03997000831854,1304.722685280891,4.6132683262065735,2.4889485320585814,1403.1716638046312,3.062246849946615,4.475520750058803,1205.1582360226314,5.0488190679468365,-0.25610004019789656,1100.4266152323746,0.317198277690137,6.032671206141716,1006.7153864787144,6.605969524029749,-190.26172375094234,1497.9247360481127,5.231492920203423,-368.22764032637133,1379.5961963454515,6.842829728474865,-448.66233064238986,1199.7118854456073,-11.555219534586723,-505.50833987453717,1035.1875665885077,-8.597787562176315,3.6437278970750078,779.837859631236,11.031710741756372,2.3533214772218534,,2.926619795109887,3.3625963275725814,804.0453116001453,3.935894645460615,4.46145513824345,,,1.929436441916368,802.6121517144891,2.502734759804402,207.24997749750077,1492.2346580308638,-0.4585850970453429,332.3218650450227,1408.65928890443,-7.931136691123306,449.4452741224711,1181.0975928695102,-0.9299747006326493,490.82948842814164,1072.9997249428964,11.127552364645128,-13.463983375617818,789.0305050697402,9.500694658957018,2.9395936589029814,803.6223089314757,3.512891976791015,3.7083245582433824,804.3910398308161,4.281622876131416,7.872472001924686,808.5551872744974,8.44577031981272,5.500264076494728,806.1829793490674,6.073562394382762,-142.04913489415492,884.3675340585685,-2.003458976464536,-144.2747347651447,532.1419341875787,-4.229058847454295,-146.34336265464555,80.07330629807792,-6.297686736955147,2.8992092267302456,803.5819244993029,3.472507544618279,139.26759946772123,912.8509305149978,-0.7780764499691726,144.15475162521514,567.7380826724917,4.109075707524742,141.40041673728734,114.98374778456387,1.3547408195969601,-1.230485728286308,799.4522295442864,
118,1.18,1.0209838642061517,1701.7486994219894,1.6196756975109388,0.3329246932266119,1551.0606402510098,0.9316165265313989,3.347034725673546,1304.0747502834568,,5.009507888128653,,5.60819972143344,-2.0811763100133547,1198.6465392477699,-1.4824844767085676,0.993944106410064,1101.7216596641933,1.592635939714851,5.265808716301381,1005.9935242740846,5.864500549606167,-195.5968255985496,1491.8743639946294,-0.645576111771035,-362.8402747504864,1383.5056739202805,11.202878433461853,-448.1098491660022,1200.193468978526,-12.209821153052197,-506.2762767176062,1034.3710874790866,-10.835657870949948,-0.32730271727494487,776.71331497922,7.4959212650024085,-1.9813487430042205,798.746366814779,,4.384111519447211,805.1118270772304,4.982803352751999,5.36342909606157,806.0911446538448,5.962120929366357,4.760358454682804,805.488074012466,5.359050287987591,206.06831503121631,1490.4348074101313,-2.0851326962689996,338.3075900130906,1413.112950666345,-3.0958317218846183,444.9889188427195,1177.5805919105478,-3.7153434179792804,488.79647208706945,1069.8241571057924,8.978434998201383,-12.398406404083895,790.7902408883449,9.892994241364931,2.6537905630869503,803.3815061208702,3.2524823963917373,-0.5159544780101206,800.211761079773,0.08273735529466641,5.519937952886858,806.24765351067,6.118629786191645,6.422977175098259,807.1506927328815,7.0216690084030455,-139.57603097356647,885.7052420923935,0.8592916335432257,-145.23342384795737,530.0478492180026,-4.798101240847676,-148.25094773262595,77.03032533333406,-7.815625125516268,2.6864872534705917,803.4142028112537,3.2851790867753787,144.35969218518062,919.0784191192206,3.9243695780709187,145.60983160847127,570.3285585425112,5.174509001361588,147.79582095394335,122.51454788798335,7.360498346833673,-0.6371036280748879,800.0906119297083,-0.038411794770100816
119,1.19,1.0818637888114173,1701.855028911674,1.7061117240096886,5.092530063175353,1555.8656951860378,5.716777998373624,4.73110924222194,1305.5042743650845,5.355357177420212,4.679182314215509,1405.452347437078,5.30343024941378,2.405240394165008,1203.1784055170276,3.029488329363279,0.5950913025122841,1101.3682564253747,1.2193392377105554,,1009.6983066824996,9.549389494835335,-193.31651613983388,1493.4544156585393,1.100769727489316,-361.7174691799125,1383.1305318311104,11.211398482266228,-446.2290827338285,1202.010944887596,-11.489450209543001,-502.9299585706738,1037.6564180859848,-8.951508541434627,-0.12931885283058708,777.8126049822429,8.0830950935138,5.312257476435956,806.0854225992985,5.9365054116342275,0.40081867898794954,801.1739838018505,1.0250666141862208,2.214088355619048,802.9872534784815,2.838336290817319,-1.2619172619727226,799.5112478608897,-0.6376693267744513,210.63590815971344,1494.4036367398776,2.0499908088275323,339.0148067253794,1412.2095116145736,-3.5779220741696083,443.31180031865256,1176.8634719903034,-3.730469922473137,491.1082286806957,1070.8525297542299,11.028000032154647,-5.792068273331474,798.013946913066,15.664818359861858,4.545007907241932,805.3181730301044,5.1692558424402035,2.823026727373107,803.5961918502356,3.4472746625713784,2.269999952649175,803.0431650755116,2.8942478878474462,0.5068004036637235,801.2799655265262,1.1310483388619947,-142.83359934252172,881.3527401394721,-1.976757236775631,-147.41458475540023,526.7717547265936,-6.557742649654158,-145.98864107592448,78.19769840606934,-5.13179897017839,-1.8728820450984904,798.900283077764,-1.2486341099002192,146.74666937447688,922.5603298924831,5.889827268730799,140.67075049928388,566.4844110172901,,143.8329332237779,119.64659374178409,,3.8789980360502723,804.6521631589128,4.5032459712485435
120,1.2,5.804040127980148,1706.6230886763292,6.4539959126498605,0.27145861885454314,1551.0905071672034,0.9214144035242549,1.801428246336581,1302.6204767946856,2.4513840310062927,3.659674026266968,1404.4787225746159,4.30962981093668,2.3152380953879463,1203.134286643737,2.965193880057658,3.8720905270463124,1104.6911390753953,,5.572192634629527,1006.3912411829784,,-190.73372244534687,1495.3528222743696,3.15824470326522,-357.76505689961004,1385.5693948591386,13.966700277136196,-442.37829414494496,1205.8084224608072,-8.747821809112187,-504.2998648403745,1036.2197098436984,-11.764252998420266,-4.194768265408257,774.6938544084372,4.354976407263592,2.727419423888296,803.5464679722372,3.3773752085580075,7.257725074035174,808.0767736223842,7.907680858704886,0.06980163933051209,800.8888501876794,0.7197574240002238,3.831679488259354,804.6507280366083,4.481635272929066,210.24004186140237,1493.4291450750695,1.2345675039650255,334.7875446551556,1406.2973924832174,-9.029100841015103,438.7041202168486,1173.2324813705143,-6.691246789181864,489.3887953427483,,8.903980291916724,-9.34391755152016,795.0045153265969,11.12367056869353,2.388857717205046,803.207906265554,3.0388135018747575,-0.7363565595904129,800.0826919887585,-0.0864007749207012,-0.611565476254786,800.2074830720942,0.038390308414925745,1.2386010936517315,802.0576496420007,1.8885568783214433,-146.18222885892473,876.9511629607754,-4.872846602673899,-146.05594910475574,527.0774427149444,-4.746566848504924,-145.7502017235202,77.38319009617986,-4.4408194672693675,0.06153035582408073,800.880578904173,0.7114861404937924,147.9609134391469,924.8275216194469,6.651531182896084,147.0161397201046,573.8827479004045,5.706757463853776,145.17674457116055,122.0433527514605,3.867362314909722,1.6312849284340951,802.450333476783,2.2812407131038066
121,1.21,1.3043088381475088,1702.1696589868898,1.9801132348872728,-1.0079698806317192,1549.8573802681105,-0.3321654838919552,4.2343695566599315,1305.099719705402,4.9101739533996955,1.7207718647358052,1402.586122013478,2.3965762614755692,0.5796964105381313,1201.4450465592804,1.2555008072778953,-0.15048107014119116,1100.714869078601,0.5253233265985728,3.138068284740659,1004.0034184334829,3.813872681480423,-193.62734524934612,1491.7915217498762,-0.2514233171808218,-358.9635536094384,1382.8463364444196,11.49271417411057,-442.5807143174173,1205.5649976150303,-10.003792636722125,-502.1896372551737,1038.2642292316443,-11.065944708550582,-4.434645237511706,775.4366185046488,,-0.47292589069235813,800.3924242580499,0.20287850604740587,2.926659694252007,803.7920098429943,3.602464090991771,0.48497733946595023,801.3503274882082,1.1607817362057142,4.598042644357499,805.4633927930997,5.273847041097263,210.42394427654267,1493.0552489047998,1.0123038377428097,334.5807231885574,1404.3361632246733,-10.490017425994823,440.9675190363048,1176.485334543956,-2.8020572916814754,493.15848025266604,1069.9448783720704,12.131448005497607,-10.027940130283847,,9.303188302171648,0.2053680071027837,801.070718155845,0.8811724038425477,0.21272118960208397,801.0780713383443,0.888525586341848,4.413642729968098,805.2789928787104,5.089447126707862,2.253359178156718,803.118709326899,2.929163574896482,-142.76262302868108,879.36122407304,-0.9706417616257417,-145.43606993216304,526.6877771695581,-3.6440886651076987,-147.05654335995874,75.06730374176236,-5.264562092903395,4.11509646792439,804.9804466166667,4.790900864664154,143.4337478742901,921.309900772569,1.6417666072347732,144.0973971856801,571.973550083959,2.3054159186247705,146.26422655315912,124.14037945143804,4.472245286103781,3.8783895264014747,804.7437396751437,4.554193923141239
122,1.22,4.341409143296058,1705.2534631212752,5.043191788004214,3.058236708180566,1553.9702906861596,3.7600193528887216,5.487267117007857,1306.399321094987,6.189049761716012,5.797472316217512,1406.7095262941966,6.499254960925667,5.610074551122636,1206.5221285291018,6.311857195830791,0.4843982936184892,1101.3964522715976,1.1861809383266446,4.608300560757585,1005.5203545387366,5.310083205465741,-193.0024858906893,1491.7662306655432,-0.13272062430496245,-361.29871621958495,1378.9803044563168,7.808415031029941,-440.6976232271359,1207.4216586807545,-9.114459149220098,-500.0823337753499,1040.3140265935194,,-2.275643282633556,778.6048168212694,6.771719366986233,2.0434790182124543,802.9555329961914,2.7452616629206092,3.7039516141940396,804.6160055921731,4.4057342589021955,5.115383724740896,806.0274377027199,5.817166369449051,8.117134192232701,809.0291881702117,8.818916836940856,209.11626520906748,1491.2112598080803,-0.6876914817677856,339.475803697329,1407.412180594639,-6.874641682790139,435.50832589123297,1172.0244776496015,-6.662503367273159,498.3775277764165,1073.5071528670073,16.676430993577828,-13.26395932237806,791.9556256971372,4.792281690455857,3.0551581414150473,803.967212119394,3.7569407861232027,2.423412343289058,803.3354663212681,3.1251949879972134,0.22960326698167632,801.1416572449607,0.9313859116898318,-0.47093283798203167,800.441121139997,0.23084980672612376,-146.02548436077308,875.1335285039019,-3.7219149345942992,-139.07794879694538,532.0810640677296,3.2256206292334126,-142.96951914961264,78.18949371506241,-0.665949723433853,5.104182293786572,806.0162362717656,5.805964938494727,144.9718584974765,923.8128456328014,2.668289071297718,141.7526362397796,570.5936233751045,-0.5509331863991744,142.10819704983146,120.94918418515641,-0.19537237634731697,2.153293418164064,803.0653473961431,2.85507606287222
123,1.23,1.0528653280265898,1702.0120091630454,1.7807445926128953,1.9773057702214376,1552.93644960524,2.705185034807743,2.073795780592789,1303.0329396156114,2.8016750451790946,2.953883765164938,1403.9130276001836,3.6817630297512434,6.728600778522312,1207.687744613541,,3.6582290143570595,1104.617372849376,4.3861082789433645,2.95577818492528,,3.6836574495115855,-188.6009836611503,1495.5359058931306,3.773114186092985,-363.3887666327616,1375.3578813812119,4.300580716696528,-441.80169225368553,,-11.148516513601207,-499.11640981015006,1041.2378753434323,-10.677910826071244,-10.603427240903972,771.3035461154057,-1.4054422136596179,2.627930911963884,803.5870747469825,3.3558101765501895,4.137134910653751,805.0962787456724,4.865014175240056,0.8838571991830344,801.8430010342016,1.6117364637693399,4.933005708228578,805.8921495432472,5.660884972814882,216.3612130975937,1497.9420206136047,6.179228906567051,343.28157534553026,1409.3393585622885,-4.369494922714899,441.8069537937785,1179.326499037218,,494.2322260500942,1067.5996016017946,11.731963403060915,-6.891067740469888,798.6646051555595,9.761631854973352,5.146280738423428,806.1054245734421,5.8741600030097345,4.985845415540334,805.9449892505589,5.713724680126639,1.7531679811854595,802.7123118162041,2.481047245771765,4.733550725330323,805.692694560349,5.461429989916628,-145.19126255800856,875.0488220824532,-2.3482913441099944,-139.55748383689686,530.6826008035648,3.2854873770016866,-143.69436993218676,76.54571470827491,-0.8513987182882081,5.705393603730041,806.6645374387487,6.4332728683163465,145.42141020485064,925.1813255643889,2.578438990952093,145.10537163476315,574.8652869943014,2.262400420864613,144.73101649051392,124.49093185005223,1.8880452766153804,3.146793172633076,804.1059370076517,3.8746724372193815
124,1.24,5.174193406979763,1706.180796676517,5.928276266581003,3.7239884147296065,1554.7305916842668,4.478071274330846,4.526455036177175,1305.5330583057143,5.280537895778416,3.655053310204456,1404.6616565797417,4.409136169805696,1.6262282228731242,1202.6328314924103,2.380311082474364,0.5079037650543294,1101.5145070345916,1.2619866246555693,1.997085457910336,1003.0036887274475,2.751168317511576,-189.10682399597425,1494.4173353997862,2.7826812435904715,-359.5247506331145,1377.6929088658728,6.683414528036401,-442.46324809228355,1205.6556004479519,-12.672538384850608,-495.07513720422634,1045.2597718446714,-7.887489588166988,-5.165715275511868,777.7760810642574,,1.950404145346826,802.9570074148841,2.704487004948066,2.839540645333677,803.8461439148709,3.593623504934917,10.261484628050276,811.2680878975875,11.015567487651515,3.733290231227995,804.7398935007652,4.487373090829235,214.31741450801138,1495.4067641168938,3.772109960698078,337.36965742530845,1401.4946543938827,-11.598164932640394,,1177.6671855347772,0.06534516306490645,495.3557735468273,1066.8660446238746,11.938888060584915,-1.1181170292066955,804.7132970170935,14.013123187405522,1.324715023004776,802.331318292542,2.0787978826060156,2.0326022957133363,803.0392055652505,2.7866851553145766,6.4712825427731175,807.4778858123103,7.225365402374358,3.285437903348927,804.2920411728861,4.039520762950167,-149.81956733849603,869.5485764775015,,-148.02888011039494,521.3392637056025,-4.619972299121812,-141.65798196794046,77.71016184805711,1.750925843332682,-0.8716487326084015,800.1349545369288,-0.11756587300716159,143.81444157281857,924.446297756821,0.40553376154543286,,575.0777167141266,1.0369527188509768,140.08639615557368,120.7182523395761,-3.3225116556994445,6.834607668552448,807.8412109380897,7.588690528153688
125,1.25,5.364846112156185,1706.4192616998846,6.1452280169252465,1.3478241677164338,1552.4022397554447,2.1282060724854945,1.637111714753865,1302.6915273024822,2.4174936195229257,-0.1512548193366201,1400.9031607683917,0.6291270854324407,2.8560231442783417,1203.9104387320067,3.6364050490474025,4.557309199166354,1105.6117247868947,5.3376911039354145,0.047268177055334704,1001.1016837647838,0.8276500818243955,-189.7350433140951,1493.1962324316066,1.6815138058452004,-354.61252495583847,1381.0844836032545,10.056538511732809,-446.2653382769342,1201.8836352603073,-17.266057505339404,-500.8952453307717,1039.4502123867153,-14.882875401655946,-6.832992305924056,777.1432405167549,2.449506158035187,1.3323672532092106,802.3867828409377,2.1127491579782713,5.678913960356507,806.733329548085,6.459295865125568,1.5720253212027802,802.6264409089313,2.3524072259718407,2.613906989030633,803.6683225767591,3.394288893799694,209.88893506436366,1490.5101332725162,-1.0045853532450804,344.93936616599245,1407.082918410528,-5.3564569942609666,436.85371248577553,1176.380298075197,-0.7406013589488054,493.59315612937047,1063.1626469843686,9.15066254296375,,799.30458656902,6.75605024710007,6.401101488154575,807.455517075883,7.181483392923635,1.694958134007639,802.7493737217361,2.4753400387766997,6.636139902787329,807.6905554905157,7.416521807556389,2.174259581170693,803.2286751688991,2.954641485939754,-140.7122534199773,877.831902457307,3.2877465800226986,-145.9827537673297,522.5614021099545,-1.9827537673297257,-142.2844579534674,76.25969792381689,1.7155420465325963,0.5357929221759337,801.5902085099044,1.3161748269449944,141.75938421493774,923.2152283376535,-2.2406157850622654,141.30370651862995,572.7595506413456,-2.696293481370035,145.30981660947506,126.76566073219075,1.3098166094750587,2.0977392639859884,803.1521548517144,2.878121168755049
126,1.26,6.5049132128548095,1707.6074770710625,7.311677964391043,3.4646628342784163,1554.567226692486,4.271427585814649,-0.8074881877684339,1300.2950756704392,-0.0007234362322003918,-1.8546432144876466,1399.24792064372,-1.047878462951413,1.0156722034625607,1202.1182360616701,1.8224369549987942,4.452409886401015,1105.5549737446086,5.259174637937249,2.2108520358391166,1003.3134158940467,3.01761678737535,-191.45690592481117,1490.9020576611163,-0.5010993824868,-357.01973971062154,1377.169957450527,6.057990591051157,-436.1100349878083,1212.0918706012822,-7.827883738440189,-494.6327189145231,1045.7603134085311,-9.709789731847078,-4.585706125538453,780.4162673291917,4.624278930006261,4.781818260421325,805.8843821186289,5.588583011957558,1.2253107391209268,802.3278745973286,2.03207549065716,3.3400637768113466,804.4426276350189,4.14682852834758,3.800942086304196,804.9035059445118,,211.01894460007625,1491.1958456443692,-0.20731139923393402,338.9978348357852,1399.1169962988909,-12.632292018539047,433.4571068939081,1173.9801130233081,-2.7033360249954366,499.5586864870653,1067.1153723476555,13.990821511072655,-5.267650904016629,800.9555174921926,6.514152451831717,2.7731654149286484,803.8757292731362,3.579930166464882,1.4130615206153103,802.5156253788228,2.219826272151544,2.924943640659566,804.0275074988672,3.7317083921957996,4.9684352703327415,806.0709991285403,5.775200021868975,-143.2512753378727,874.5176937043868,1.3634961097149065,-144.4487979365878,523.3201711056718,0.16597351099981228,-145.54826583827443,72.22070320398511,-0.9334943906868397,6.088320491787153,807.1908843499947,6.895085243323386,142.42192732980138,924.6529582875419,-2.1928441177862346,143.72011969883653,575.951150656577,-0.8946517487510757,142.68513332129368,124.91616427903412,-1.9296381262939164,5.3230651155528275,806.4256289737605,6.129829867089061
127,1.27,2.03637124296859,1703.1874021609879,2.8695908754554833,4.8651207519044775,1556.0161516699238,5.69834038439137,-0.8635726395163164,1300.287458278503,-0.030353007029423118,4.63357830646194,1405.784609224481,5.466797938948833,-0.5834641334551272,1200.5675667845642,0.24975549903176608,1.15698135363309,1102.3080122716524,1.9902009861199832,4.5975158986821905,1005.7485468167013,5.430735531169084,-190.99263565212587,1490.8152866486837,-0.48484642482936324,-357.61516331451935,1375.0855946885902,,-444.60951805018556,1203.6699139682169,-16.967200386419396,-498.0843772549319,1042.4001510702979,-14.15533278155992,-6.909757460540387,779.101409857039,2.1480028348508546,5.6905813814562425,,6.523801013943135,4.901407901286104,806.0524388193053,5.734627533772997,3.2864199806956655,804.4374508987148,4.119639613182559,3.912995036777996,805.0640259547971,4.746214669264889,212.43035936443545,1492.1873349497964,0.8872018762834779,341.7817846699861,1399.8394815711738,-11.183954192680167,435.9711011763636,1177.481159613866,1.18996773894078,498.4458029068994,1063.9296924318205,11.662692952117826,-3.1584061733853064,803.1926065821261,6.820900369259752,1.5898205778406465,802.7408514958598,2.4230402103275397,3.3889363350212682,804.5399672530403,4.2221559675081615,5.392350820780235,806.5433817387993,6.225570453267129,0.6352316052218123,801.7862625232409,1.4684512377087056,-142.67220150554942,874.3711117798672,,-143.9840368004396,523.059276484977,1.267615569888121,-144.801063688417,72.24224959699959,0.4505886819107213,1.5335855146051467,802.6846164326242,2.36680514709204,141.54012443364826,924.4968111482317,-3.7115279366794685,142.80465210545518,575.7613388200386,-2.4470002648725453,143.37536571370677,126.33205242829017,-1.8762866566209562,2.7201723410357013,803.8712032590548,3.5533919735225945
128,1.28,2.4043355931677866,1703.6041349719108,3.26407025928215,0.9016108744597318,1552.1014102532026,1.7613455405740954,3.5045081333589265,1304.7043075121019,4.36424279947329,8.557669097760808,1409.7574684765036,9.417403763875171,-0.2847860831018183,1200.915013295641,0.5749485830125454,2.7039288461940423,1103.903728224937,3.563663512308406,0.47290970236542207,1001.6727090811082,1.3326443684797857,-193.0985126026401,1488.1803121931741,,-353.48789627521495,1377.747340148665,6.274143698150774,-433.94637595580144,1214.436833285574,-6.863877569465428,-495.75906177356507,1044.867494016181,-12.719257585158777,-9.56941057712447,777.427077866258,-0.7451239520622555,7.034278069375995,808.2340774481188,7.894012735490359,5.597183288092552,806.7969826668353,6.456917954206916,2.828390053661534,804.0281894324044,3.6881247197758977,-2.5741053034703003,798.6256940752725,-1.7143706373559366,213.85752072537946,1493.2194291394394,2.0136272195812976,340.63604611384153,1396.601217727461,-13.661588581248413,431.28553288830557,1173.7699551657367,-2.1757876926727615,500.7239726151644,1064.0873982737926,12.6462143031522,-3.691577700047341,802.7504513232949,4.418073381824989,0.8954815154233196,802.0952808941661,1.7552161815376832,-0.28853528866970723,800.9112640900731,0.5711993774446564,5.257402482380626,806.4572018611234,6.11713714849499,5.106515084037112,806.3063144627799,5.966249750151476,-142.21157258191462,874.1562271737848,3.697410983162351,-144.42203164995104,521.9457681057485,1.4869519151259274,-145.89531874310939,70.47248101259008,0.013664821967586116,3.88015102236787,805.0799504011106,4.739885688482233,140.4765175144869,924.1087177587874,-5.432466050590082,141.06370782174363,574.6959080660441,-4.845275743333333,146.7988771408188,130.43107738511935,,-0.3639845739221812,800.8358148048206,0.49575009219218247
129,1.29,2.012714673019541,1703.261566305718,2.899012534674594,3.576811198250394,1554.8256628309489,4.463109059905447,-2.1561888787900227,1299.0926627539084,-1.2698910171349698,3.528497095871858,1404.7773487285704,4.414794957526911,-0.2724126556550037,1200.9764389770435,0.6138852060000493,7.289021987174051,1108.5378736198725,8.175319848829105,3.3526605497070565,1004.6015121824055,4.238958411362109,-190.93609763970954,1489.8362190102657,-1.2840911303333062,-353.58574088568383,1376.2124312129024,4.464169983874572,-435.17397955045686,1213.3407728847158,-8.568857259239762,-494.1761843061151,1046.649177661816,-11.91260048458287,-13.627036225171226,774.3241604935956,-5.118283729075391,-0.062340503740452746,801.186511128958,0.8239573579146002,4.834535391478819,806.0833870241772,5.720833253133872,-0.5811104979846684,800.6677411347138,0.30518736367038457,2.85884992988445,804.1077015625829,3.745147791539503,212.68328773479865,1491.6754423797836,0.5551322391845446,345.4438598421592,1399.2915796499449,-10.17691914769052,433.5519006626912,1176.99481749715,1.3461941312521573,503.1891587509238,1064.3969731604536,13.74830828800114,4.248471202492079,810.7514498395041,10.435448393639707,2.8162816648875717,804.065133297586,3.7025795265426247,-1.0261522884190541,800.2226993442794,-0.13985442676400117,3.924365330462444,805.1732169631609,,6.527280388374649,807.7761320210731,7.413578250029703,-143.0425876152913,872.700332972412,3.5424331841098042,-139.7485715141802,525.994349073523,6.836449285220892,-148.02011080613917,67.7228097815642,-1.4350900067380676,10.428454255246193,811.6773058879446,11.314752116901245,143.78122756457557,928.0383069768721,-2.803793234825539,143.17664973022465,577.4337291425212,-3.408371069176475,148.55367963798867,132.8107590502853,1.968658838587542,7.089891734112928,808.3387433668114,7.9761895957679805
130,1.3,2.358041120378587,1703.656210979625,3.2709382443614277,6.6045882269590575,1557.9027580862055,7.517485350941898,2.517244320841806,1303.8154141800883,3.4301414448246463,4.4943421497946865,1405.7925120090413,,5.2925583227929085,1206.5907281820394,6.205455446775749,4.387703124746315,1105.6858729839928,5.300600248729155,1.4886620097158625,1002.7868318689624,2.401559133698703,-189.8355021563813,1490.453513147012,-0.5902823218745337,-352.7562059408082,1375.6383746475988,3.553754952467166,-431.4748351180143,1217.2005907175,-5.2625166503234295,-493.8703766894043,1047.216380190658,-12.262407799681394,-12.454916436340811,776.414276207726,-4.34382047620823,5.416600300924054,806.7147701601706,6.329497424906895,5.737156287020991,807.0353261462675,6.650053411003831,,804.1875043803412,3.8022316450775926,-4.052543783007305,797.2456260762392,-3.1396466590244647,211.9189815472042,1490.5671189299885,-0.47667653889793515,345.82100922776897,1397.5325859706313,-11.109135451561226,434.7800101753108,1179.1625221586269,3.761266641545121,501.5986350072144,1060.6283120575993,10.737603302239696,2.430844337908313,808.9716657550633,6.656632267471892,2.0711332904242923,803.3693031496708,2.9840304144071332,5.540427451650698,806.8385973108972,6.4533245756335385,1.6433832286403454,802.9415530878869,2.556280352623186,3.0334595259445565,804.331629385191,3.946356649927397,-141.9491863131912,873.2198627915398,5.328753235016124,-145.4270957554869,519.7419533492441,1.8508437927204366,-143.37288617445606,71.79616293027492,3.905053373751288,4.81426662245479,806.1124364817013,5.727163746437631,149.61386416661955,934.4448150618886,2.3359246184122098,141.7849117578949,576.615862653164,-5.493027790312457,142.56531038077335,127.39626127604237,-4.71262916743398,7.388388858121994,808.6865587173685,8.301285982104835
131,1.31,1.2205735967936002,1702.5683096279747,2.16009385535569,4.0932113178634495,1555.4409473490446,5.032731576425539,0.3443644075638299,1301.6921004387448,1.2838846661259198,4.390013927667903,1405.737749958849,5.329534186229994,3.2741491424812703,1204.6218851736623,4.21366940104336,3.4279609188732074,1104.7756969500542,4.367481177435297,2.3672173638533236,1003.7149533950343,3.3067376224154135,-189.83509445272625,1489.9944148280867,-0.9819718153429685,-352.32794782798067,1374.7014869870127,2.2206458609797206,-434.8632768924772,1214.0031568174893,-8.957369858411793,-495.206650655349,1046.2093919556721,-14.126967005039829,-11.994846429362763,777.7502190452096,-4.362824944431934,2.7001909152477603,804.0479269464288,3.63971117380985,0.48918434340424555,801.8369203745852,1.4287046019663354,2.815635536545106,804.1633715677261,3.755155795107196,-3.1671372886229427,798.1805987425581,-2.227617030060853,208.34288778010955,1486.6731350020073,-4.30325164142252,346.71780169549095,1396.280859920569,-11.50293051140651,431.61472965622653,1176.9150684472827,1.7101117228638405,505.5873653682376,1062.429005769911,13.260716593932308,2.877155706432012,809.4397905505949,5.117990735886742,-0.8441912544634729,800.5035447767175,0.095329004098617,3.2361494747255373,804.5838855059066,4.175669733287627,0.9082823751702629,802.2560184063512,1.8478026337323528,2.2249010489832877,803.5726370801643,3.1644213075453775,-141.14426947042634,873.50217094036,6.841570593168585,-140.0631950961281,524.5832453146583,7.922644967466812,-144.02340200203633,70.62303840874995,3.962438061558587,1.722819755553933,803.070555786735,2.662340014116023,145.01299940012498,930.3665589893386,-2.972840663469925,141.48570281975879,576.8392624089724,-6.500137243836134,142.38107784342162,127.73463743263535,-5.604762220173271,1.8745044001646385,,2.814024658726728
132,1.32,4.7254862755970395,1706.123018196812,5.691641252054369,0.2848183539038118,1551.6823502751186,1.250973330361141,-3.0768839976373084,1298.3206479235776,-2.110729021179979,2.4838563349789644,1403.8813882561938,3.4500113114362936,-0.09891594819622762,1201.2986159730185,0.8672390282611016,5.912968874665186,1107.31050079588,6.879123851122515,2.1791305385567226,1003.5766624597716,,,1490.578705129956,-0.33949811787135165,-349.13960395273807,,3.632682330163147,-433.65910703973753,1215.429705009858,-7.971715948084535,-492.25622669662295,1049.5617202975395,-11.571700422863435,-8.156462768457159,782.4176715631856,-1.0834530138743577,3.090445094674449,804.4879770158893,4.056600071131778,3.3804912962855047,804.7780232175004,4.346646272742834,1.470095454540397,802.8676273757552,2.436250430997726,2.2895028465877436,803.6870347678026,3.255657823045073,216.5403301764367,1494.5791719649196,3.660968717092284,346.2087295953189,1393.6172693672927,-13.278859125749918,432.83646241239416,1179.030161628656,3.9692271656764233,506.82029417081935,1061.4765358670184,12.99444630142806,7.3992225151248565,813.9747550262628,7.646225565582578,6.008566181036985,807.4060981022518,6.974721157494313,0.5042588877706151,801.9017908089854,1.4704138642279443,,803.692809488788,3.2614325440304834,2.5925965222364127,803.9901284434512,3.5587514986937423,-144.65686104812056,869.5183713190107,4.049891715177545,-142.26292403887314,521.9123083282582,,-146.03086446581656,68.14436790131478,2.6758882974815412,1.8505384443255135,803.2480703655403,2.8166934207828427,143.88229869785826,929.707066330727,-4.824454065439831,145.7640599624406,581.5888275953093,-2.9426928008575,146.2258461677226,132.05061380059126,-2.480906595575494,2.552881433765452,803.9504133549802,3.5190364102227814
133,1.33,,1701.7561852135777,1.3014350044225171,2.9379420013645534,1554.3854811099172,3.930730900762228,3.772168621583936,1305.2197077301366,4.764957520981611,-1.4752687909919642,1399.9722703175607,-0.4824798915942896,0.061243647085182484,1201.5087827556379,,-0.17852243472026208,1101.2690166738325,0.8142664646774125,2.728206581198842,1004.1757456897517,3.7209954805965166,-186.64545396786244,1492.338634363977,1.4692788049378047,-345.8111237799739,1378.6229240717191,5.176441257635263,-434.7230469456966,1214.6203740729575,-9.165097092342286,-489.7948425229306,1052.5017197977284,-9.367531446197754,-9.998383493121034,781.3540984431195,-3.56206321739469,5.0488654014559256,806.4964045100088,6.0416543008536,3.136092500372552,804.5836316089254,4.1288813997702265,6.577803874789938,808.0253429833429,7.570592774187611,3.2828589486873643,804.7303980572402,4.275647848085039,210.3822038910761,1488.156449216165,,347.81533036320815,1393.0697658831955,-12.910496809757362,438.1999914717517,1185.2600664412073,10.289785152591728,506.06756577764855,1058.5534004647877,10.72089247503617,7.515782538168428,814.1023650626565,5.774975336537967,1.3267124646414004,802.7742515731943,2.319501364039075,0.5932728961217315,802.0408120046746,1.586061795519406,-0.9454568153052945,800.5020822932476,0.0473320840923801,-1.199607114569356,800.2479319939836,-0.20681821517168153,-148.72893444793564,865.0265124996592,0.7097094738476053,-144.89275002169848,518.8626969258964,4.545893900084783,-142.8093086889837,70.94613825861116,6.629335232799567,3.398150702313397,804.8456898108662,4.390939601711072,145.63703637323493,931.8815894256401,-3.8016075485482994,145.47586382483487,581.72041687724,-3.962780096948379,146.2843696319819,132.52892268438703,-3.154274289801366,5.109194299444632,806.5567334079975,6.101983198842307
134,1.34,1.7322736540530237,,2.751683218947057,-1.0446261410005309,1550.4531128445515,,-1.2884107398655216,1300.2093282456865,-0.26900117497148823,3.9610493873425754,1405.4587883728946,4.980458952236608,-0.3136653629910655,1201.1840736225608,0.7057442019029678,5.09326229609006,1106.591001281642,6.1126718609840935,7.648954351625936,1009.1466933371778,8.668363916519969,-192.74215895976653,1485.8570404553914,-4.972903949778434,-345.91708277080016,1377.2962901660544,3.2838986714629677,-433.57716170215036,1216.0537764966425,-8.058728725181755,-490.12918816803597,1052.7261014991273,-9.817369804079247,-13.905403129664471,778.1715775555466,-8.180416452533366,1.9595134724612582,803.4572524580132,2.9789230373552913,2.2590217194283846,803.7567607049803,3.278431284322418,-1.9093093246201072,799.5884296609318,-0.8898997597260738,-1.1030058933508795,800.394733092201,-0.08359632845684617,214.49455022159302,1492.0312985401617,1.2013541349918166,349.8113894141746,1392.918566364902,-12.119255828940359,428.05849815322074,1175.9556336564224,1.0216635338797548,506.7226648457515,1057.065162634767,9.845498904381621,4.678217552284035,811.2809441753604,0.9704225075949562,5.879112251561501,807.3768512371133,6.898521816455534,0.7453561199826411,802.2430951055345,1.7647656848766744,0.9340751010393908,802.4318140865912,1.9534846659334242,1.6077397371930586,803.1054787227449,2.627149302087092,-146.95856227194952,866.4284296934593,3.220859374849582,-146.48105462513325,516.9059373402756,3.6983670216658515,-145.74922261391467,67.63776935149417,4.4301990328844525,-2.5302118514133793,798.9675271341384,-1.510802286519346,142.95196234018593,929.5649703747771,,144.31771853419136,580.9307265687826,-5.861703112607746,142.08015777914957,128.69316581374073,-8.099263867649539,1.6356883554450492,803.133427340997,2.6550979203390828
135,1.35,2.485723770811507,1704.033836535276,3.5317282022185683,-0.7549912194458335,,0.2910132119612281,7.564217497383649,1309.112330261848,8.610221928790711,5.812433937795317,1407.3605467022599,6.8584383692023785,-2.4849670243893573,1199.063145740075,-1.4389625929822958,2.876966439124173,1104.4250792035887,3.9229708705312345,0.912295257580257,1002.4604080220447,1.9582996889873185,-190.4520297305524,1487.788126826413,-3.0119342063155985,-350.66636008296234,1371.3838797806998,-3.2472722531437106,-435.0431581153912,1214.9086945455713,-9.473801986557552,-485.7222545046095,1057.7745348802034,-5.381502138276135,-11.001189835441318,781.7441210253695,-6.058385178311049,1.5854473597432555,803.1335601242077,2.631451791150317,3.528124806414355,805.0762375708788,4.574129237821416,-1.603553786132089,799.9445589783323,-0.5575493547250274,4.648680700118378,806.1967934645828,5.69468513152544,212.05668389029083,1489.3832910619726,-1.4167699707559422,350.4747106036058,1391.447902115692,-12.622633420453317,430.31018972206203,1179.012934826199,4.060085006416728,507.2475683950739,1055.4855134170496,8.842107786453184,4.847072801811001,811.4777735814715,-0.7923023343806004,-0.596295457940931,800.9518173065235,0.4497089734661306,-1.1098857996123832,800.4382269648521,-0.06388136820532164,3.4594824029414974,805.007595167406,4.505486834348559,6.962790563280524,808.5109033277449,8.008794994687586,-143.66056145639905,869.40910170657,7.266380666571857,-146.72901003834312,516.340653124626,4.197932084627794,-142.1872983149592,70.88236484800986,8.739643808011685,3.0822049370046534,804.630317701469,4.128209368411715,141.15996058266765,928.0902974196986,-9.766981540303242,139.7659603317468,576.6962971687777,-11.160981791224096,145.0896709702018,132.02000780723273,-5.837271152769102,4.343061433353371,805.8911741978178,5.389065864760433
136,1.36,3.144084678008357,1704.742726162273,4.216645561572243,5.547231321386872,1557.1458728056516,6.619792204950758,5.89627371701415,1307.494915201279,6.968834600578036,3.395624141451142,1404.9942656257158,4.468185025015028,3.212977644100355,1204.811619128365,4.285538527664241,5.464147995650329,1107.062789479915,6.536708879214215,2.019441961280717,1003.6180834455453,3.092002844844603,-186.01865208375202,1491.8887413053205,1.1089543218086828,-341.2234446709015,1379.725688120263,4.424968440684498,-433.196233935833,1217.110225958855,-7.485336137067913,-489.05984102791905,1055.1630972099397,-8.544133330958724,-12.93335322602746,780.4226176099551,-8.839040624669131,0.3025425090547682,801.9011839933193,1.3751033926186544,4.8638672966424945,806.462508780907,5.936428180206381,3.7759217129485174,805.3745631972131,4.848482596512404,5.613831449013031,807.2124729332776,6.686392332576918,214.99843069873725,1492.1424746174966,1.3626876339849046,352.1247100404481,1390.9835912512674,-12.096636345452005,431.4261278430876,1180.9010969061007,5.8734558679202395,509.4015553692595,1055.5849958732629,9.48167374125005,5.8013496481294595,812.4783076824198,-1.7199409562132892,4.274894881732692,805.8735363659972,5.347455765296578,1.2151711515447037,802.8138126358092,2.28773203510859,0.45506749655613543,802.0537089808207,1.5276283801200217,7.066734488930857,808.6653759731954,8.139295372494743,-147.84220159501794,864.9609450595506,3.8368145078628886,-140.71454204439837,522.0886046101703,10.964474058482473,-145.74788189171252,67.05526476285604,5.931134211168313,1.30288743860894,802.9015289228735,2.375448322172826,143.72285570235297,930.9197090477844,-7.956160400527859,145.20533166315846,582.4021850085899,-6.473684439722381,145.3253902189671,132.52224356439854,-6.3536258839137485,0.01390020632697242,801.6125416905915,
137,1.37,-0.9481198486149585,1700.7011861689373,0.15094638880657163,2.8888191756817676,1554.538125193234,3.9878854131032977,1.7503385429255722,1303.3996445604778,2.8494047803471023,1.536982645074388,1403.1862886626266,2.6360488824959183,1.6044359877824776,1203.2537420053347,2.7035022252040077,0.6567144269838294,1102.306020444536,1.7557806644053595,,1003.1860281243843,2.6357883442534993,-182.69547168954017,1494.9058390901994,4.136645108945063,-342.06787040456084,1377.846514063326,1.827568215386197,-434.62410203844513,1216.0707555823658,-8.681204655902443,-488.4093425060531,1056.6254511149182,-7.572197829035196,-13.141630886630066,780.7666483243975,-9.956865925100082,-0.8900685443244223,800.7592374732279,0.2089976930971078,0.17617579679829154,801.8254818143506,1.2752420342198216,1.700718311742208,803.3500243292945,2.7997845491637383,3.8441064031040897,805.4934124206563,4.94317264052562,208.8753335089319,1485.8645794946958,-4.904614486558494,349.7526619418644,1386.5232631952852,-15.545553011010231,430.7272099110585,1180.9392888138254,5.780356389872614,510.0949310968462,1054.2846483002172,8.685895375791741,6.115225907882399,812.862820196383,-3.224497275178532,5.16343659370596,806.8127426112583,6.26250283112749,1.9640833758813736,803.6133893934336,3.0631496133029037,5.616889654411738,807.266195671964,,2.129160388600035,803.7784664061523,3.228226626021565,-145.7771830809384,866.8098386299099,6.656232544054222,-143.89547421598837,518.69154749486,8.537941409004278,-148.73355581575004,63.85346589509819,3.699859809242608,1.724000626871173,803.3733066444235,2.823066864292703,142.91353227362,930.3265105627718,-9.519883351372629,147.45137527651588,584.8643535656677,-4.9820403484767475,145.52598102051832,132.9389593096701,-6.9074346044743065,6.309144983632985,807.9584510011853,7.408211221054515
138,1.38,1.2618790034797998,1702.961966081015,2.387386749254798,5.544094715642919,1557.2441817931779,6.669602461417917,-2.970961531151679,,-1.845453785376681,3.043718004956549,1404.7438050824915,4.169225750731547,5.9554170531081345,1207.655504130643,7.0809247988831325,5.19396637105995,1106.894053448595,6.319474116834948,-1.6072013726658878,1000.092885704869,-0.4816936268908898,-191.05652538078616,1486.2657509542985,-4.502592873885904,-342.0913831547764,1376.8587760024677,0.07519099462776557,-432.2282998943225,1218.88864261574,-5.963445350934698,-487.75386430043676,1058.1787009207137,-6.449490490125585,-9.739570735619338,784.6627981553643,-7.519472181697557,0.3341718519429926,,1.4596795977179906,-1.0450684439927875,800.6550186335421,0.08043930178221048,-0.2597794223320782,801.4403076552028,0.8657283234429198,1.7878552513654873,803.4879423289003,2.913362997140485,210.45569390500418,1487.3180599000143,-3.4502839281700592,349.2861771003913,1384.0008159124234,-17.037492519899054,433.11298945791947,1184.0255461065642,8.678368977691974,506.14560963070574,1048.4125102558867,3.2837081378701725,7.745342407766052,814.5936201694794,-3.336057058719849,4.906205795731407,806.6062928732663,6.031713541506405,5.105010725022197,806.805097802557,6.230518470797195,2.442871612047834,804.1429586895828,3.568379357822832,0.5447578774227724,802.2448449549577,1.6702656231977704,-139.89069801282344,872.5300658596274,,-145.18521280013724,517.2355510723136,8.002668136625882,-142.23863807240826,70.18212580004256,10.949242864354854,2.1058843369298366,803.8059714144647,3.2313920827048346,,929.0346534050337,-11.732463659278558,148.79899881319838,586.3782349407476,,147.47995967914443,135.05919580669362,-5.707921257618669,2.7242584301527053,804.4243455076876,3.8497661759277033
139,1.39,1.846469556376013,1703.597434781459,2.9983421598839297,,1554.5671926037296,3.9680999821544876,2.503478614810604,1304.2544438398936,3.655351218318521,1.828940639621074,1403.579905864704,2.9808132431289907,-3.2069980178876056,1198.5439672071955,-2.055125414379689,-2.388051381713251,1099.3629138433698,-1.2361787782053346,3.9994081688322476,1005.7503733939152,5.151280772340164,-189.86208684267726,1487.208537100485,-3.568751211111328,-340.7796861062294,1377.2807499410062,-0.3115518208920445,-432.21724670939295,1219.3551611166242,-5.541316850371606,-488.362014319513,1058.5535801041303,-6.446464710239632,-11.151353375101522,783.6878198114114,-9.944461371920077,2.204106228733781,803.9550714538168,3.355978832241698,1.3014316126017014,803.0523968376847,2.4533042161096184,2.2615052284875574,804.0124704535706,3.4133778319954744,2.528485643101119,804.2794508681841,3.6803582466090354,211.60925693794522,1488.372778552693,-2.4045097589031923,356.36738965565655,1389.0645816474032,-10.926214887022287,433.41877927740273,1184.993877405863,9.4011877325342,508.6036669403532,1049.0281050018311,4.3357521623009125,7.824605931988765,814.8087887095086,-4.909086501073111,2.7539009357364397,804.5048661608195,3.905773539244356,2.047312142242788,803.7982773673258,3.199184745750705,3.671954464868355,805.4229196899513,4.823827068376271,4.262702000484912,806.0136672255679,5.414574603992828,-143.66821218487343,868.6355361942824,10.271915415467749,-151.44468144393596,510.8590669352198,2.4954461564051984,-145.29843098860422,67.00531739055151,8.641696611736934,5.551181693792313,807.3021469188753,6.70305429730023,144.85500526420725,932.5512568850514,-9.085122336133923,148.6176450430082,586.3138966638525,-5.3224825573329575,149.81521121556816,137.51146283641242,-4.124916384773001,3.5953296412759546,805.3462948663589,4.747202244783871
140,1.4,3.659767163140347,1705.4616880389974,4.837915116123981,0.4253277395261321,1552.2272486153831,1.6034756925097666,6.137194209137502,1307.9391150849945,7.315342162121137,5.083637826311137,1406.8855587021683,6.261785779294772,3.770020681979533,1205.5719415578367,4.948168634963167,0.8321721321663261,1102.6340930080235,2.0103200851499605,-0.12248940980350098,1001.6794314660536,1.0556585431801335,-191.40005698147752,1485.4465963798298,-5.349472740736627,,1377.8435332893414,-0.5991448121592793,-432.0909921199414,1219.9697498871412,-4.916045363950885,-486.85396397195433,1061.1283777200306,-4.186290074865502,-13.059717044223248,782.1606870495808,-12.90739842175689,1.613613012552564,803.4155338884098,2.7917609655361986,-4.228440724355051,,-3.050292771371416,4.0368185867443245,,5.214966539727959,2.0052187449993784,803.8071396208566,3.1833666979830126,209.69435454483244,1486.3871499985985,-4.408919121967948,357.51023721434785,1388.2345862893512,-10.693867311463688,432.39669385184254,1184.5953091470133,,513.0602499134172,1051.7312838980151,7.4432007525833725,7.050929124681199,814.2108576324118,-7.233788305951492,4.125733265633447,805.9276541414906,5.303881218617081,3.515315926966008,805.3172368028231,4.693463879949642,1.223061554494254,803.0249824303514,2.4012095074778887,1.6484179184861831,803.4503387943433,2.8265658714698176,-151.30098341087137,860.9342704887483,3.386870346518066,-147.66005459629818,514.5751993033215,7.0277991610912425,,63.48994633561192,5.9425461933817125,2.349824934622912,804.1517458104801,3.5279728876065466,147.64477422756232,935.4095203279427,-7.0430795298271125,143.61796817605952,581.3827142764399,-11.069885581329899,145.91448358104162,133.679229681422,-8.773370176347804,4.989901718548015,806.7918225944052,6.16804967153165
141,1.41,1.1619335821069758,1703.0148678896114,2.366254471581651,1.7781786347240904,1553.6311129422286,2.982499524198766,4.222546596912222,1306.0754809044165,5.4268674863868975,2.4037615441325517,1404.256695851637,3.608082433607227,3.9232280635544114,1205.7761623710587,5.127548953029087,2.328780596046788,1104.1817149035512,3.5331014855214633,5.111162908729888,1006.9640972162343,6.315483798204562,-193.06185953959712,1483.5887703076578,-7.235947465242212,-338.9208354690213,1377.5985567075272,-1.7336641056739694,-432.2170304448701,1220.3641977533289,-4.456635716830826,-489.3079142993932,1059.8224677814321,-5.751305668452896,-7.650460223826117,787.8980627563907,-8.586367139729424,0.7610613732529871,802.6139956807574,1.9653822627276623,1.5080381729186858,803.3609724804231,2.712359062393361,-2.2395372889218814,799.6133970185825,-1.0352163994472061,2.188100194616683,804.0410345021211,3.3924210840913585,210.53811819071038,1487.1883531918027,-3.636364581097358,358.2001390424073,1387.002207160226,-10.851321714877947,432.85212902323445,1185.6343665912927,9.378299680944089,511.8100877185822,1048.8246798271784,4.910196689701519,4.559937207392131,811.9394604640177,-11.16348465463335,2.798799905240963,804.6517342127454,4.003120794715638,0.9752833886776574,802.828217696182,2.1796042781523326,3.190865468407038,805.0437997759115,4.395186357881713,3.9459247922187903,805.7988590997231,5.150245681693466,-141.1905117657936,871.0239547799625,14.238235762987316,-147.67210383246012,514.5423627132959,7.756643696320758,-147.75054905101535,64.46391749474071,7.678198477765543,2.237824238268254,804.0907585457727,3.442145127742929,147.7322475167025,935.5177809709464,-7.696500012078409,144.9184113433865,582.7039447976305,-10.510336185394399,151.09903644810748,138.88456990235142,-4.329711080673414,3.639463406342511,805.4923977138469,4.843784295817186
142,1.42,1.3690040348088224,1703.2729897017302,2.5993825014371903,2.257695361901363,1554.1616810288226,3.488073828529731,4.314292185137155,1306.2182778520585,,3.571238275527243,1405.4752239424486,4.801616742155611,4.178261494624223,1206.0822471615456,5.408639961252591,3.190547288532658,,4.420925755161026,-0.1251066465487225,1001.7788790203726,1.1052718200796454,-187.44702399549408,1489.0357598390249,-1.8274957133912273,-341.24841736114934,1374.626545823323,-5.631823190087303,-433.5124594315624,1219.6204853073496,-5.082025601186926,-491.03287617669884,1059.3235327905252,-6.455777965787488,-8.554378748803984,787.2723252227236,-10.60396645348671,0.7747611643847652,802.6787468313062,2.005139631013133,5.045349731414406,806.9493353983357,6.275728198042774,3.3490726605656436,805.253058327487,4.5794511271940115,-0.8437730499366598,801.0602126169847,0.3866054166917081,214.83989887558843,1491.4757514864214,0.6124959340052554,359.9127087099743,1386.848865681343,-9.91947710272996,428.5176435810432,1181.8429557739887,5.169111418506715,511.04530733974667,1046.507471923942,2.9375987647789152,13.40036580504315,821.046680622158,-3.639302059820126,-0.8591305834127865,801.0448550835085,0.37124788321558144,,802.4173013756713,1.7436941753783495,-1.0960585782573622,800.807927088664,0.13431988837100572,-0.16909199311451562,801.7348936738068,1.0612864735138523,-143.82838902165062,868.4120951331083,12.332105502572341,-146.58709433374625,515.6533898210128,9.573400190476699,-149.10036263809485,63.14012151666414,7.060131886128089,3.330333031808821,805.2343186987301,4.560711498437189,147.76053424211202,935.5200500873531,-8.399960282110943,146.70962326943734,584.4691391146783,-9.450871254785614,146.81386747966934,134.57338332491034,-9.346627044553603,1.4925938941165007,803.3965795610378,2.7229723607448686
143,1.43,1.8830970821624902,1703.8381520597427,3.1394047841290242,6.865908653141427,1558.8209636307217,8.122216355107962,5.257673447769759,1307.21272842535,6.513981149736293,4.4984121441411515,1406.4534671217214,5.754719846107686,2.1427901729476333,1204.097845150528,,-3.470645365119032,1098.4844096124611,-2.214337663152498,2.6166796884957746,1004.571734666076,3.872987390462309,-186.62812733138605,1489.7151833210412,-1.1965101355995127,-336.85326812998966,1378.4655230349913,-2.7529787531360412,-430.7858978650641,1222.928868745355,-1.6029974282756372,-488.6809814171075,1062.9752645951335,-2.958180258638329,-9.00335044699647,787.0554399560602,-12.183459496176985,4.076466729079655,806.0315217066599,5.3327744310461895,-1.863066340419597,800.0919886371606,-0.606758638453063,2.347226073495135,804.3022810510754,3.6035337754616688,,802.6140371649374,1.91528988932366,212.9653960380429,1489.6150215701539,-1.2966718864868134,358.53381785190874,1383.6660716528404,-12.009210025146823,434.3383712905026,1188.1657749164679,11.017063425312884,516.0445924167516,1050.064501146089,6.8120782007025555,4.930194533392255,812.8931419083751,-13.294112805985282,2.5445583435752606,804.4996133211555,3.8008660455417944,1.5384596131471409,803.4935145907274,2.794767315113675,2.568815378888978,804.5238703564692,3.825123080855512,2.2868669142010094,804.2419218917812,3.5431746161675437,-145.85346237491405,866.4588584459005,11.02732306133493,-147.77370117548082,514.5386196453338,9.107084260768147,-145.06639101178502,67.24592980902966,11.814394424463979,1.7280246958812286,803.6830796734615,2.984332397847763,151.45179187247032,939.1394710516557,-5.428993563778662,147.26126501478652,584.9489441939719,-9.619520421462477,151.36805635052454,139.05573552970986,-5.512729085724443,5.682446270427338,807.6375012480075,6.938753972393872
144,1.44,4.0098453967377825,1706.0159675436548,5.2919409791548,3.1790079340735353,1555.1851300809906,4.461103516490553,-1.5166070254919557,1300.489515121425,-0.234511443074938,3.4610356809776954,1405.4671578278947,4.743131263394713,3.706327274507078,1205.712449421424,4.988422856924096,-1.4979188435050963,1100.5082033034118,-0.2158232610880786,5.792285167459466,1007.7984073143765,7.074380749876484,-188.73892659553405,1487.4934436956357,-3.476588459348924,-336.8573013297126,1377.9964011897544,-4.213544724594469,-431.5432642100085,1222.7821036301048,-1.5279499683032705,-487.96202887851894,1065.062838412052,-0.975697910104883,-3.6749804499331398,792.5742643101223,-7.993488163081107,1.9132745189405844,803.9193966658576,3.1953701013576024,0.4893059923806755,802.4954281392977,1.7714015747976932,0.940986746451324,802.9471088933683,2.2230823288683417,1.6347419875682219,803.6408641344852,2.9168375699852396,214.9954815921862,1491.6869775762043,0.7169454212195556,359.7125307217668,1383.1083388941859,-11.468453401921135,434.10756853051276,1188.3958604800032,10.715604873586134,513.9093610780466,1046.6024127086234,3.6422411164051454,12.493820883614402,820.8251462611531,-6.775427859639293,-1.1263085222647082,800.8798136246523,0.15578706015230948,3.546443948879906,805.5525660957969,4.828539531296924,2.7324433368367416,804.7385654837537,4.014538919253759,0.624896754400837,802.6310189013178,1.9069923368178547,-147.46843103296564,864.9604806246936,10.118892659532523,-148.71235239890817,513.716559258751,8.874971293589992,-152.7884894266952,59.64042223096392,4.798834265802934,3.079740549256851,805.0858626961739,4.3618361316738685,146.465535158836,934.0366235011769,-11.121788533662157,147.86414890276436,585.4352372451052,-9.723174789733795,148.81026233901412,136.38135068135497,-8.777061353484042,3.496047801814315,805.5021699487313,4.778143384231333
145,1.45,-3.4940318181929504,1698.5631351555849,-2.1863027483180497,-0.3545438928961919,1551.7026230808817,0.953185176978709,4.03723852201353,1306.0944054957913,5.34496759188843,,1403.8765859056941,3.1271480017912987,2.1635612321570936,1204.2207282059348,3.4712903020319947,-1.1709333265071165,1100.8862336472707,0.13679574336778444,2.6619980671284793,1004.7191650409063,3.9697271370033804,-188.69968027638825,1487.4504069357642,-3.587855021704307,-335.472879380454,1379.0093733634365,-4.220610276308049,-431.87609082939207,1223.0871340286815,-0.9512043449282381,-488.9690048689114,1065.487420583439,-0.6096990095141175,-3.77140671542425,792.6316858765432,-9.226952104891353,-0.9543823119170527,801.1027846618608,0.3533467579578482,-1.2983812066545217,800.7587857671233,0.009347863220379171,2.0191817334510382,804.0763487072289,3.326910803325939,2.23889092910385,804.2960579028817,3.546619998978751,211.54331364675573,1488.3046849221887,-2.733577035279902,360.30375422036843,1382.0358169950528,-11.439558975980733,432.484217976956,1187.192188309828,8.924273836229407,514.5905469657893,1046.0764098466716,3.3853616375088817,14.189316011042083,822.9419007304018,-5.978199131440453,-1.5110230186967522,800.5461439550811,-0.20329394882185126,-0.007427977711448541,802.0497389960664,1.3003010921634524,4.509327380960296,806.5664943547381,5.817056450835198,1.4162596689631612,803.473426642741,2.723988738838062,-151.45631663203727,861.1328011402882,6.82151650773723,-147.3731360279914,515.215981744334,10.904697111783111,-147.4779875231373,65.11113024918804,10.799845616637183,1.1578470022663974,803.2150139760442,2.4655760721412983,149.18465033161368,936.5955325592884,-9.093182808160812,150.8329185921136,588.2438008197882,-7.444914547660901,150.75192470055757,138.16280692823221,-7.525908439216932,1.0345739596117367,803.0917409333896,2.3423030294866374
146,1.46,1.6217239652031215,,2.954919071994291,0.9031428509759158,1553.0113120068972,2.236337957767085,6.02565174939844,1308.1338209053197,7.35884685618961,-2.0173747431974505,1400.0907944127239,-0.6841796364062809,-0.4292777801279779,1201.6788913757932,0.9039173266631915,-0.878380358126005,1101.2297887977952,0.45481474866516436,0.09660081038827362,1002.2047699663096,1.429795917179443,-188.2685865040356,1487.8279636998502,-3.288399094190578,-337.2826673772558,1376.924047573566,-7.3518129236407495,-435.10842487314187,1220.5181959227425,-3.1998955047935023,-492.0626337111946,1063.8816539975135,-2.2302266399254793,-5.045721976622492,791.4801389633847,-11.627507754720108,1.5061666732780565,803.6143358291994,2.839361780069226,2.3193128425228586,804.4274819984443,3.6525079493140282,1.9971447792583743,804.1053139351798,3.330339886049544,2.7821196150356653,804.890288770957,4.115314721826834,210.8543095554029,1487.7134335248986,-3.402929269142185,357.95635487487135,1378.1023907183667,-14.271191868132505,438.59937806391326,1193.6860196184978,14.775043672037436,511.40125126755305,1041.8028869150398,-0.6400061974718476,13.037076359806884,822.2641478907783,-7.8762167213928524,2.0388274220584703,804.1469965779798,3.37202252884964,1.900606040862026,804.0087751967834,3.233801147653195,-3.4493376042457227,798.6588315516756,-2.1161424974545535,-0.002666197668251158,802.105502958253,1.3305289091229182,-149.40339823825036,863.3883331914393,9.546667494794807,-146.34912779229603,516.4426036373936,12.600937940749127,-152.63099147681504,60.160739952874636,6.3190742562301345,4.159205424934802,806.2673745808561,5.492400531725972,147.57588611424435,934.7841546845547,-11.37417961880081,148.97696132879685,586.1852298991072,-9.973104404248302,150.77779693074964,137.98606550105998,-8.172268802295505,,799.8676824772584,-0.9072915718717534
147,1.47,4.11062826905516,1706.2697365666288,5.469108890841789,2.4388993195830544,1554.5980076171566,3.797379941369684,-0.18320130115248734,1301.9759069964211,1.1752793206341419,2.6008459373230686,1404.7599542348967,3.959326559109698,0.3412818610660504,1202.5003901586397,1.6997624828526796,-0.4969737694822016,1101.6621345280914,0.8615068523044276,-0.7005338532634522,1001.4585744443101,0.657946768523177,-189.3832323251913,1486.6885799583906,-4.515724246140281,-332.4737326713219,1381.5553366660115,-3.7894564649757374,-431.60884372035304,1224.7048069937798,1.3540229219330748,-490.2036826603431,1067.2773967015253,1.191762622945614,-8.41108499647007,788.2124268709609,-16.09875961157004,2.7828224608265417,804.9419307584001,4.141303082613171,2.832591621001056,804.9916999185747,4.191072242787685,2.62385261183843,804.782960909412,3.982333233625059,-1.092076486219611,801.067031811354,0.26640413556701814,207.93008211890225,1484.9146742113755,-6.28962999315538,364.4809534863968,1383.1234578369085,-8.150546467229544,435.16388467745935,1190.588598283754,10.980020303139828,512.6819601795747,1042.1246363695082,-0.08884304606696447,11.636124568932312,821.3904533557848,-9.865847342005893,-0.11404132279293622,802.0450669747806,1.244439298993693,1.7722353180917023,803.9313436156652,3.1307159398783315,-0.30748889328539164,801.8516194042882,1.0509917285012376,0.9691144411544371,803.128222738728,2.327595062941066,-153.63552462891695,859.3999567578578,5.966284573383837,-150.30789610578856,512.7275852809862,9.293913096512256,-153.40052519762267,59.63495618915209,6.201284004678135,4.372334889943895,806.5314431875174,5.730815511730524,152.28821143546432,939.2527300486895,-7.313597766836482,151.7886569743244,588.7531755875495,-7.813152227976415,146.92619663848612,133.89071525171136,-12.675612563814678,1.2692509175669004,803.4283592151405,2.6277315393535297
148,1.48,-0.7445323352624345,1701.4654315817718,0.6390402000263851,-1.3706428376619786,1550.8393210793722,0.01292969762684093,0.2757575332888391,1302.4857214503231,1.6593300685776586,3.712855430251302,1405.9228193472857,5.096427965540121,0.21372979093475108,1202.423693707969,1.5973023262235706,1.6360669867170572,1103.8460309037514,3.019639522005877,-3.8890513845214523,998.3209125325128,-2.5054788492326328,-188.15680286675374,,-3.382957561446238,-335.835685493152,1378.1153081501704,-8.318668961119688,-435.50084476141666,,-1.416599452842772,-489.7021656722061,1069.3565688599715,3.3352689840525027,-0.5638598918326005,796.138511834642,-9.327481855409864,3.5361813332058722,,4.919753868494691,1.2921368326662352,803.5021007497005,2.6757093679550548,-1.123494868511306,801.086469048523,0.26007766677751354,0.8260566365799624,803.0360205536142,2.209629171868782,213.40057423586475,1490.5381536225568,-0.7638917167096073,365.73551393665616,1382.9615019544772,-7.217767121179728,436.5670560685222,1192.289850471669,11.93014139116278,511.28298716584146,1039.8932890398246,-2.1072458297276175,12.415206809055805,822.7482976867542,-9.514966490877448,5.0558557239894535,807.2658196410238,6.439428259278273,1.1816980474715624,803.3916619645058,2.565270582760382,-3.031414499790749,799.1785494172435,-1.6478419645019295,1.9676063518925044,804.1775702689267,3.351178887181324,-146.96438072839402,866.3546576468024,13.266513941671173,-151.62421342811328,511.6948249470831,8.606681241951895,-148.26268124484108,65.05635713035531,11.968213425224107,2.8548887186253333,805.0648526356596,4.238461253914153,147.30764571105777,933.9886073358614,-12.923248959007406,147.39038088172725,584.0713425065309,-12.840513788337924,150.1242831471167,136.80524477192031,-10.106611522948484,-0.03017484481533539,802.1797890722189,1.3533976904734841
149,1.49,-0.6300688719742558,1701.630646582356,0.7783888932154299,1.134066250107311,1553.3947817044375,2.542524015296997,4.904059971052094,1307.1647754253822,6.312517736241779,-2.4318901512572317,1399.828825303073,-1.023432386067546,3.9699258418926404,1206.2306412962228,5.378383607082326,4.719801343145995,1106.9805167974762,6.12825910833568,0.4172054992830726,1002.6779209536131,1.8256632644727584,-184.77430210682584,1491.3344645427826,-0.07507042758907856,-334.06249501611177,1379.9113596251498,-7.629235089289957,-435.42973607999147,1222.3203540200366,-0.16098766439265977,-491.66454840834666,1069.0040052606676,3.082125526216709,-3.2873528570163595,793.4817039777689,-13.087438907411967,2.530732009124024,804.7914474634541,3.93918977431371,-0.46683101696649243,801.7938844373637,0.9416267482231933,3.7867325404811925,806.0474479948113,5.195190305670878,0.5325620815120149,802.7932775358421,,210.3011840986118,1487.6190397057683,-3.7904952646035057,366.781654823318,1382.6823890389,-6.409644918774269,436.6680858733538,1192.6497715016185,11.48656232561572,508.6138116695611,1036.5186593218918,-5.283104485852721,10.650012826086245,821.6112990451669,-11.545757899330358,5.219610891650085,807.4803263459802,6.628068656839771,3.2479850315257526,805.5087004858559,4.656442796715439,-0.8381419541731403,801.422573500157,0.5703158110165454,2.8466671368231653,805.1073825911533,4.2551249020128505,-149.17809234365467,864.4629283660031,11.657111848648777,-150.97353314643624,512.6674875632215,9.861671045867219,-152.52845696702775,61.11256374263001,8.306747225275696,-4.326119330009701,797.9345961243204,-2.917661564820015,151.4072785177192,937.7662578080615,-9.427925674584268,148.68862131736557,585.0476006077079,-12.14658287493788,147.42557586683438,133.7845551571766,-13.409628325469063,1.2357660949955038,803.4964815493256,2.6442238601851895
150,1.5,4.050594967527365,1706.3619372464402,5.483718200049125,0.6209103695888052,1552.9322526485016,2.054033602110565,4.459765151462429,1306.7711074303752,5.8928883839841895,2.359757526288197,1404.671099805201,3.7928807588099573,4.183073450782243,1206.494415729695,5.616196683304003,0.21179583509940025,1102.5231381140122,1.6449190676211602,-2.159353140621305,1000.1519891382914,-0.7262299080995454,-190.1560989342213,1486.014286935782,-5.512424577972864,-334.68596666799573,1379.412734026622,-9.249088619417869,-434.5247175701623,1223.97009143258,1.9874913200946402,-494.74353063586574,1067.5577367348208,1.7673033456185798,-1.385176703014682,795.4452195639367,-12.17283461485625,3.148941483744764,805.4602837626575,4.582064716266524,1.5691056514453139,803.8804479303581,3.002228883967074,3.4940343797591087,805.8053766586718,4.927157612280869,,808.1265807948868,7.248361748495839,210.94193639157572,1488.4670932529882,-3.059618260766601,364.4364239528418,1379.107127749919,-8.907850497351765,433.5970350813106,1189.7994108243372,7.781639894000187,511.092069164269,1038.4177500729563,-3.197118972635915,11.166025218857774,822.8020731139928,-11.13187361665588,7.6842680510410215,809.9956103299537,9.117391283562782,1.2135171596596424,803.5248594385723,2.646640392181402,0.8553610069168827,803.1667032858296,2.2884842394386427,0.7270670323933675,803.038409311306,2.1601902649151272,-151.78428587024095,862.215714129759,9.62839232530089,-152.30445073967886,511.6955492603212,9.108227455862991,-148.32656509161464,65.67343490838536,13.086113103927197,1.5331081340297221,803.8444504129425,2.966231366551482,150.59942802899968,936.5994280289997,-10.813250166542169,,584.9813676838866,-12.431310511655314,149.75332217900848,135.75332217900848,-11.659356016533364,-0.42752487431095987,801.8838174046017,1.0055983582108001
151,1.51,0.20991372657256913,1702.5717374239719,1.667469593723121,2.213645257120489,,3.6712011242710405,-1.0403111355507544,1301.3215125618485,0.41724473159979736,1.31337625563924,1403.6751999530386,2.770932122789792,3.002640658018681,1205.364464355418,4.460196525169232,4.757669199141356,1107.1194928965408,6.215225066291907,1.10863213244878,1003.470455829848,2.5661879995993315,-188.93403857866883,1487.3266195919327,-4.326883469845952,-335.44701712557355,1378.8792382926945,-10.915601392226911,-432.61454723631505,1226.639250138867,5.195677124363531,-493.8063276416299,1070.140778339058,4.510723421957154,-0.6030427348198856,796.2903097583031,-12.320188831985183,2.2622730846579167,804.6240967820571,3.719828951808468,4.01716019891256,806.3789838963118,5.474716066063111,3.4999709741572005,805.8617946715565,4.957526841307752,1.6471571004571859,804.0089807978565,3.1047129676077376,208.90434891838004,1486.663534910542,-4.989968151236863,364.0374277735677,1377.5769856956297,-9.373810761420975,435.9700043161025,1192.3560365141964,9.434095034323828,509.90809489694453,1036.7793193854166,-4.658254204311544,10.226544081452975,822.5802763438173,-12.010408570250044,-2.2260406703021864,800.1357830270971,-0.7684848031516345,0.709874501518248,803.0716981989175,2.1674303686688,2.4638296219927516,804.825653319392,3.9213854891433035,4.528102886352727,806.889926583752,5.985658753503278,-147.952567185331,866.4419397586785,14.00875559784415,-151.01520928106441,513.3792976629451,,-148.06280483910226,66.33170210490727,13.898517944072898,-3.5701933832340647,798.7916303141652,-2.112637516083513,153.30313706451903,938.9086301205095,-8.65818571865611,150.2415457693062,585.8470388252967,-11.719777013868931,147.63081925272775,133.23631230871823,-14.330503530447404,1.969693875291445,804.3315175726907,3.4272497424419965
152,1.52,0.21548693110350214,1702.6276258924554,1.6972295445844106,0.7454817373833991,1553.1576206987354,2.2272243508643075,-2.1231095429025237,1300.2890294184494,-0.6413669294216153,-4.211856220565476,1398.2002827407866,-2.7301136070845677,1.1297566005379394,1203.54189556189,2.6114992140188478,1.1862791801365042,1103.5984181414885,2.6680217936174127,0.08893137747529023,1002.5010703388272,1.5706739909561986,-188.66212514855283,1487.7173326918448,-4.072494734760076,-330.98782729951546,1383.6690851706749,-7.267749055437932,-438.9614309378065,1221.0628884495536,0.19674197814216798,-490.90814641391665,1074.6877279606863,9.243878734034148,-1.8572737627996163,795.1076668536941,-14.436934434220563,-3.833886239030867,798.578252722321,,3.1178669222646063,805.5300058836165,4.599609535745515,-3.157801879531265,799.2543370818206,-1.6760592660503564,2.5996500047830486,805.011788966135,4.081392618263957,216.83410196003774,1494.8537149621145,3.0638875355095854,365.14527097853636,1377.6559168941974,-8.246274254993075,438.62302411740103,1195.1570170008608,11.282892396013494,509.2058224103364,1035.7448100780327,-5.522831932797588,8.829024308874729,821.9389696745891,-13.185552358219475,-1.729707907140393,800.6824310542115,-0.2479652936594845,0.8544389214867091,803.2665778828386,2.3361815349676176,6.374909503886313,808.7870484652382,7.856652117367221,-2.105754543752208,800.3063844175997,-0.6240119302712994,-149.9539613861821,864.8690757917859,12.525255498022064,-145.94339673480007,518.879640443168,16.535820149404085,-151.82498664206776,62.9980505359003,10.654230242136405,1.8982504041061556,804.310389365458,3.379993017587064,150.77420926514625,935.9511720871782,-11.705007619057897,147.49645472576466,582.6734175477966,-14.982762158439487,150.26776970371935,135.4447325257513,-12.211447180484795,-0.09517627554191554,802.3169626858099,1.3865663379389928
153,1.53,1.5824210061755704,1704.0446882812694,3.088091442350578,-2.4382225394076,1550.0240447356862,-0.9325521032325925,0.6430060918250967,1303.1052733669187,2.148676528000104,1.959207621338243,1404.4214748964318,3.4648780575132507,-4.020672646383596,1198.4415946287102,-2.5150022102085883,0.40316344239997925,1102.8654307174936,1.9088338785749868,1.283600750219473,1003.7458680253133,2.7892711863944806,-189.83537555923357,1486.6912482094065,-5.244343984773145,-333.6286319204282,1381.462099579106,-10.6229121224691,-439.1781706870898,1221.6253300611888,1.3730590586986922,-498.53411342324154,,,3.4557859496742998,800.5079329240759,-9.910909808568897,0.5324965778946642,802.9947638529885,2.0381670140696717,-0.059308856374415186,802.4029584187194,1.4463615798005924,3.663663910128838,806.1259311852226,5.169334346303845,3.3087103167929035,805.7709775918867,4.814380752967911,210.04245930101757,1488.3485348212237,-3.58705737295611,365.4880517785192,1377.0750459847818,-7.796819663799954,442.5734087997449,1199.2211656586253,14.348582329687428,511.0163928658259,1037.3419976081125,-3.760903729401768,12.735422749880035,826.6349996973014,-8.89822122942995,3.0020612008812737,805.4643284759751,4.507731637056281,-4.166174188193685,798.2960930869001,-2.660503752018678,4.1582909251502995,806.6205582002441,5.663961361325307,-2.673710700965945,799.7885565741278,-1.1680402647909376,-147.19018446434927,868.0938726974542,15.774334753659495,-151.9400780924845,513.3439790693191,11.024441125524278,-149.95167645344293,65.33238070836055,13.012842764565846,4.76517301732712,807.227440292421,6.270843453502128,150.55638051798746,935.272323356184,-12.408138700021306,155.7356049315736,590.4515477697701,-7.228914286435173,,,-11.694322879562772,4.342128376168709,806.8043956512626,5.847798812343717
154,1.54,-6.310042190162824,1696.2021456133955,-4.780715864283087,0.742262224972325,1553.2544500285308,2.2715885508520626,-2.6844550658176916,1299.8277327377407,-1.155128739937954,4.4105540069101465,1406.9227418104686,5.939880332789884,2.8280469049227506,1205.3402347084811,4.357373230802488,3.3598688136657384,1105.8720566172242,4.8891951395454765,-1.7848098854891519,1000.7273779180694,-0.25548355960941427,-188.44431453797867,1488.2576451281927,-3.833049660638841,-331.8652807282506,1383.7621545436448,-9.474447314365085,-442.3111467397427,1219.2771929874568,-0.32676214009697535,-494.49662624167127,1074.3631463794115,9.356855028372996,1.4439056051621866,798.6057534790432,-12.626304264088063,0.6347761135661042,803.1469639171246,2.164102439445842,0.07337456762870576,802.5855623711872,1.6027008935084435,-0.033731342616599935,802.4784564609419,1.4955949832631377,2.9005607908087945,805.4127485943673,4.429887116688532,207.76055465958996,1486.3787339689056,-5.711960819926044,362.3016965045325,1373.0729928864332,-10.789523769315707,440.0855503121808,1196.814524721171,10.89908177699246,507.5506810446191,1033.7775618983137,-7.163699433542499,11.287473258817894,826.0043150181909,-9.810752420004217,0.09287114549372877,802.6050589490521,1.6221974713734664,0.47011472442592167,802.9823025279844,1.9994410503056594,-0.3189888414227736,802.1931989621356,1.210337484456964,-0.5731619537444671,801.939025849814,0.9561643721352706,-152.5573681831587,863.2186418925093,10.858106866070514,,511.6426082811472,9.282073254708482,-147.9555171001734,67.82049297549452,15.459957949055822,,806.1055312080586,5.122669730379798,150.6344660009959,934.858455925328,-12.781009048233317,151.72359874281284,585.9475886671449,-11.691876306416379,149.44478287917593,133.668772803508,-13.970692170053278,2.324762370803277,804.8369501743617,3.8540886966830152
155,1.55,-3.5788882116180796,1698.9829914685522,-2.0261909066569723,2.6290809995548323,1555.190960679725,4.181778304515939,-1.2762000631447084,1301.2856796170256,0.2764972418163989,1.0960864570562534,1403.6579661372266,2.6487837620173607,2.661286872133048,1205.2231665523034,4.213984177094155,0.41062091435484394,1102.9725005945252,1.9633182193159513,-0.3526454283248365,1002.2092342518453,1.2000518766362709,-194.75739676428344,1482.1478375674092,-10.107184981021291,-335.41232623834816,1380.8540817498963,-13.534784121781131,-437.2290370340053,1225.146681824249,6.223422967344071,-503.6184209562396,1066.8346967156601,2.0736997278482994,5.493738348244039,802.7944675798526,-9.188964931370439,5.679787720898095,808.2416674010683,7.232485025859202,-0.05880935097479523,802.5030703291953,1.4938879539863121,2.059136680126356,804.6210163602965,3.611833985087464,-4.0976067135597285,798.4642729666105,-2.5449094085986212,206.40996169056754,1485.3654605040163,-6.889562044414021,368.1403873910173,1378.206291791512,-4.670534989214681,442.68138202746366,,12.460124041151719,507.09310365232227,1033.330948256074,-7.449785755235559,8.070482743349917,823.625810565867,-12.343068050136333,-0.9504189501221821,801.611460730048,0.6022783548389252,-1.771064147815951,800.7908155323541,-0.21836684285484376,2.51515290499717,805.0770325851673,,0.8109611163034915,803.3728407964736,2.363658421264599,-148.51075616079467,867.78656554403,15.319666546594261,-152.91542984547226,513.3818918593524,10.91499286191667,-154.1542107801573,62.14311092466741,9.67621192723163,0.14038992621446655,802.7022696063846,1.693087231175574,151.48637560739004,935.1890539025653,-12.344047099998907,149.10979473859686,582.8124730337721,-14.720627968792074,151.8524855732722,,-11.97793713411676,-0.33174484445913166,802.230134835711,1.2209524605019757
156,1.56,2.109770286513545,1704.7210923012656,3.685540719756961,4.1874400781147125,1556.7987620928668,5.763210511358129,-0.9208011308071281,1301.690520883945,0.6549693024362884,-4.02558083507303,1398.585741179679,-2.4498104018296134,1.4026189300154512,1204.0139409447675,2.9783893632588674,-1.157943827171518,1101.4533781875805,0.4178266060718985,2.0932825854053507,1004.7046046001575,3.669053018648767,-187.54863525543058,1489.5875467071558,-2.840906102892962,-336.3707345842437,1380.6359602252662,-14.903143055581204,-440.1427586665336,1223.0196586159304,4.807371485892402,-500.6692265702969,1071.336771544351,6.83482393798593,,800.7862707500004,-11.886228859267877,,805.1527831089069,4.117231527398147,1.8959793106773408,804.5073013254296,,-4.037178595017792,798.5741434197344,-2.4614081617743757,0.2912069426089848,802.9025289573611,1.8669773758524013,210.16291236666243,1489.4804901116006,-2.9479626984482,369.70049133350534,1379.1733123185863,-2.744144700950024,444.3121116508869,1201.1131751294351,12.986976683960659,506.25697246334397,1032.6097794162347,-8.009672870533713,7.70332151234374,824.1113727251139,-11.882635654743494,-0.20051334958733158,802.4108086651648,1.375257083656085,0.22279777530117195,802.8341197900534,1.7985682085445884,3.6593571146172983,806.2706791293695,5.235127547860715,4.616002794528424,807.2273248092806,6.19177322777184,-151.66905370674996,865.1773525831253,12.538746139803884,-148.46174425496739,518.3846620349078,15.746055591586458,-150.14080244400014,66.70560384587512,14.066997402553705,0.3346070349184364,802.9459290496707,1.9103774681618528,147.7321013295279,930.8856950396527,-16.475698517025968,149.59920442123942,582.7527981313642,-14.608595425314423,154.1384953218905,137.29208903201524,-10.069304524663357,0.7407255851025227,803.3520475998547,2.3164960183459393
157,1.57,0.06465662761641044,1702.7251505290758,1.6631894413672543,2.961402622382235,1555.6218965238415,4.559935436133079,3.3490492884810728,1306.0095431899404,4.947582102231916,1.7532914145066543,1404.413785315966,3.351824228257498,,1204.4632573526067,3.4012962648981144,3.834956800495302,1106.4954507019547,5.433489614246145,1.4760099121992634,1004.1365038136587,3.0745427259501072,-191.43879615049198,1485.955706359388,-6.655146646674557,-327.85695263174296,1389.9900499625692,-6.694608754675475,-439.246156517853,1224.6989671605397,7.225783936513368,-501.5242276049778,1071.9831207922202,7.7511547336907665,5.443434210950565,803.1347895001863,-10.164341541678068,-0.04593243261388835,802.6145614688456,1.5526003811369555,-2.664119160042154,799.9963747414173,-1.0655863462913104,-0.9872919270293656,801.6732019744301,0.6112408867214782,2.279518901928853,804.9400128033883,3.878051715679697,206.7770383842193,1486.4809680942765,-6.129884911786148,368.3742803491447,1377.3679735799446,-3.619065615327921,442.36232129121726,1199.1582149828591,9.868525650999912,506.17235473009197,1032.73778057174,-7.717907020597618,4.888730996905602,822.156247889422,-13.734102726382407,0.47846246422810934,803.1389563656876,2.0769952779789533,0.5951412946901268,803.2556351961496,2.1936741084409705,0.4127142511344629,803.0732081525939,2.011247064885307,0.20632772716445535,802.8668216286239,1.8048605409152993,-154.41353907431156,863.008133245284,10.132610346765954,-153.22277621266986,514.1988961069256,11.323373208407661,-154.421778836113,62.99989348348255,10.124370584964531,-3.7605462060500594,798.8999476954094,-2.1620133922992153,151.3035405924936,933.8818682728981,-13.242608828583908,152.74739638511087,585.3257240655154,-11.79875303596665,150.20446143743638,132.78278911784085,-14.34168798364114,1.8734062265933802,804.5339001280529,3.471939040344224
158,1.58,0.2007737549879361,1702.9101481817218,1.8217453534370693,-3.2442854776073187,1549.4650889491263,-1.6233138791581854,3.932535403890464,1306.6419098306242,5.553507002339597,3.458903356876303,1406.16827778361,5.079874955325437,-1.3625940974688935,1201.346780329265,0.2583775009802398,0.49357924275486004,1103.2029536694886,2.114550841203993,-3.7042571272615197,999.0051172994722,-2.0832855288123864,-191.3204117849489,1486.3594502919095,-6.44263047869606,-328.2755956097227,1390.510106243081,-7.312822175573441,-440.4228368550807,1224.297612874898,7.5894907224979224,-499.02310781453843,1075.9230892954467,11.969332521985866,8.328360632137102,806.2831850559904,-7.580344349808142,-1.2689964319273548,801.4403779948063,0.3519751665217785,1.8879467457304164,804.5973211724641,3.5089183441795493,2.6024126282111983,805.311787054945,4.223384226660332,0.8978516549935185,803.6072260817273,2.5188232534426516,207.18014676978072,1487.294185642221,-5.507895128384547,368.01674867243963,1376.6465561183893,-3.441612267745981,443.1178912055144,1199.8839622421788,9.395182199530051,504.6310743125709,1031.49985023874,-8.78801615014932,6.577914319452024,824.7036993701296,-10.954640316415315,2.174960272516912,804.8843346992506,3.7959318709660455,1.686157519465346,804.3955319461991,3.3071291179144793,0.4333077107000215,803.1426821374338,2.054279309149155,-1.68525043581104,801.0241239909227,-0.06427883736190676,-151.4654230689406,866.556105175039,13.378702285387769,-154.8308249812205,513.190703262759,10.01330037310785,-152.88232377470976,65.13920446926981,11.961801579618607,0.6175712911645906,803.3269457178983,2.238542889613724,151.4936119105656,933.4720836665861,-13.350513443762782,154.3120152891295,586.2904870451499,-10.532110065198854,155.02429428729087,137.0027660433113,-9.819831067037493,-3.021101556611591,799.6882728701221,-1.4001299581624576
159,1.59,-1.059166420494941,1701.698776256783,0.5839075734901336,-2.6886454992236035,1550.0692971780543,-1.045571505238529,3.2258202052679423,1305.9837628825458,4.868894199253017,-1.2871938684741409,1401.4707488088038,0.3558801255109334,-0.3056317156954844,1202.4523109615825,1.3374422782895898,4.817055206263728,1107.5749978835418,6.460129200248802,2.4913891919167415,1005.2493318691946,4.134463185901816,-189.91740768510874,1488.0744856756871,-4.927498380606322,-333.67743948239854,1386.1433904325872,-12.807976073092288,-440.347799934186,1225.137144143429,9.217840068301825,-498.47507449141506,1077.8366839294722,14.166796495318938,8.600699746661753,806.8714801904542,-7.494737042123205,-0.30726239249695364,802.450680284781,1.3358116014881207,-0.780932277192293,801.9770104000856,0.8621417167927814,1.7808267809699996,804.5387694582479,3.423900774955074,-3.4847196351802174,799.2732230420977,-1.841645641195143,204.26225830772253,1484.809618961083,-8.19236509521023,366.4945668221316,1374.876652067003,-4.3467432959815,444.83419890915724,1201.54803145155,9.827064386221103,504.4797023341491,1031.735125108939,-8.3794603218188,4.4448895150734336,823.4194318780609,-11.879516475874322,-3.8329759298321346,798.9249667474458,-2.18990193584706,5.35189537291707,808.109838050195,6.994969366902144,-0.032540739994082246,802.7254019372838,1.610533253990992,-1.0225915922732063,801.7353510850047,0.6204824017118682,-153.03576426103885,865.6086238244652,12.064733617194943,-157.36954401787602,511.274844067628,7.73095386035778,-154.70914045738786,63.935247628116166,10.391357420845928,0.027111527044023198,802.7850542043219,1.6701855210290977,150.47804496624047,,-14.622452911993312,155.4707957312609,586.8264076457568,-9.629702146972898,155.43355633016284,136.7891682446588,-9.66694154807095,1.6424159110725038,804.4003585883504,3.2854899050575783
160,1.6,-0.2087887082330973,1702.597389039813,1.4560385591883098,-2.086183109409109,1550.719994638637,-0.42135584198770193,-1.5262366874265512,1301.2799410606194,0.1385905799948559,0.11470399597180136,1402.9208817440178,1.7795312633932083,-1.518296767063457,1201.2878809809827,0.14653050035795,,1102.405638821176,1.2642883405513352,-2.0261502854299565,1000.7800274626162,-0.3613230180085494,-193.0781478676337,1485.2520482695707,-7.958352991542127,-331.3474666577653,1389.6026286495528,,-443.2707156430522,1222.9643910532534,7.8554433131842245,-501.14667518311444,1076.4468476123975,13.064075717894823,10.574619481431553,809.2184553827072,,-1.4889453447777137,801.3172324032685,0.1758819226436934,-0.18468148845552862,802.6214962595907,1.4801457789658783,-2.140699384384016,800.6654783636621,-0.4758721169626088,-2.0530295337190765,800.7531482143271,-0.3882022662976694,207.74496613659346,1488.7482886044907,-4.4621126566220655,369.79514514159126,1378.0462260474148,,445.79780158299127,1202.4392969945334,9.455661115348526,498.64135078872266,1026.3588516236855,-13.575774069153733,2.841974656756457,822.6471521947288,-12.166530929772948,1.4306736393853041,804.2368513874314,3.095500906806711,3.6791093990909434,806.4852871471371,5.34393666651235,1.6107736477705945,804.4169513958168,3.2756009151920016,0.6455190773993089,803.4516968254455,2.310346344820716,-152.43276133854442,866.8559155885848,12.881397183954668,-154.32786283524217,514.9608140918871,10.986295687256922,,64.35654343048202,10.38202502585182,-2.5635741959108644,800.2426035521353,-0.8987469284894574,152.1801986746447,932.8915217475154,-13.133959847854387,153.64026308463107,584.3515861575017,-11.67389543786803,151.24123636078014,131.95255943365083,-14.07292216171895,-3.6519834865255234,799.1541942615206,-1.9871562191041163
161,1.61,3.2446783918732294,1706.098737142121,4.930897143838097,3.997249068220837,1556.8513078184687,5.6834678201857045,0.17825147464182922,1303.0323102248897,1.8644702266066964,-0.2638876757816366,1402.5901710744663,1.4223310761832306,0.010974444109703774,1202.8650331943577,1.697193196074571,-2.8115988804264744,1100.0424598698214,-1.1253801284616074,-3.2602052828531187,999.5938534673949,-1.5739865308882517,,1491.9043258113838,-1.5228355539851064,-333.79419196291997,1388.3766913639404,-12.792198250881587,-446.03812990391975,,6.64998976281079,-503.64278441947397,1075.1385617908493,12.043907350562797,11.453612324816033,810.5316033886423,-4.658471705159196,5.615424718298332,808.4694834685464,7.301643470263199,,801.4842315201248,0.31639152184159336,2.0162481511337553,804.8703069013818,3.7024669030986224,-1.7469950142023773,801.1070637360457,-0.06077626223751009,207.36318792341177,1488.8445124194004,-4.582648945968618,367.65127256740806,1375.8882525697552,-1.7178265257807754,446.09541797725166,1202.6468617700482,8.372795018446777,500.9418257034226,1029.188620151664,-10.55834471226613,3.157525559879554,823.7663860335298,-10.438191008680178,-0.07686716087977857,802.7771915893683,1.6093515910850886,0.35839159812897886,803.212450348377,2.044610350093846,1.376459989427095,804.2305187396752,3.062678741391962,-2.2000911945678836,800.6539675556802,-0.5138724426030166,-156.19183929225267,863.7609969638875,9.292285441215588,-157.30086635952009,512.65196989662,8.183258373948142,-154.6876092819851,65.26522697415496,10.796515451483149,-1.9711220812812502,800.8829366689667,-0.28490332931638296,151.66950403390072,931.7166677777606,-13.81462069956752,155.2884678170739,585.3356315609338,-10.195656916394345,147.54926768884096,127.5964314327009,-17.934857044627297,4.06791951960408,806.9219782698522,5.754138271568947
162,1.62,0.6329816434272477,1703.534546462789,2.340217496112242,1.5042345706762945,1554.405799390038,3.211470423361289,-0.7689971274624193,1302.1325676918993,0.938238725222575,0.7711296796003217,1403.672694498962,2.478365532285316,2.421175582351903,1205.3227404017136,4.128411435036897,-1.5303920791905186,1101.3711727401712,0.17684377349447566,-0.18930571473435298,1002.7122591046276,1.5179301379506414,-192.21840432396692,1486.865449534585,-6.786634543981256,-331.47350519659483,1392.006757601062,-10.24646756466984,-444.8629615888079,1222.8153205220908,9.382771265548211,-503.3304259250928,1076.535111151935,13.727515663332921,13.588812791350229,813.1653927293908,-2.348377532740121,0.27961989772923185,803.1811847170911,1.9868557504142261,2.0713261518848363,804.9728909712468,3.7785620045698307,-1.6424830176604193,,0.06475283502457518,1.1040196116377592,804.0055844309996,2.8112554643227536,211.32094623266636,1493.3016867199792,-0.3503973585870206,364.7616317140525,1373.101231025995,-3.7571173574062757,451.9045111921607,1208.350626504727,12.761185618995459,499.19606691452304,1028.0308880804441,-11.519900240796243,1.6303940222333662,823.0070183377045,-10.467161628318348,-1.5860703443144608,801.3154944750474,0.12116550837053341,1.6569833181024078,804.5585481374643,3.3642191707874023,0.6572090089690272,803.5587738283309,2.3644448616540217,4.948087378534309,807.8496521978963,6.655323231219303,-159.6524101643752,860.9829189792199,5.957133939405465,-153.58834055628168,517.0469885873134,12.021203547498969,-155.54525684438616,65.09007229920894,10.064287259394495,-2.559361006199931,800.342203813162,-0.8521251535149363,152.87509270404004,932.239763560445,-12.7344513997406,154.92391345601564,584.2885843124205,-10.685630647765006,156.7235974736794,136.0882683300843,-8.885946630101262,-0.5789400211938652,802.322624798168,1.128295831491129
163,1.63,2.7914568694662614,1705.740131992623,4.519322921687673,6.582987095239392,1559.5316622183961,8.310853147460804,0.7604618508341356,1303.709136973991,2.488327903055547,-0.4735518473982396,1402.4751232757585,1.2543142048231721,1.3015662782807782,1204.2502414014375,3.02943233050219,-1.361075921210466,1101.5875992019464,0.3667901310109456,6.078844793790384,1009.0275199169473,,-184.19284464332895,1495.3054040425018,1.4204240464063878,-336.08995957696004,1388.7850344126334,-14.53320640545278,-445.5269244834194,1222.8372612523572,10.266281897154123,-510.08543105154484,1070.7515090629975,8.228050252063344,10.90814662320885,811.0503691434211,-4.730403465198465,2.2282083286756253,805.1768834518325,3.956074380897037,-1.1739226203368556,801.7747525028201,0.553943431884556,-0.38997132467552725,802.5587037984814,1.3378947275458843,0.8105624319194624,803.7592375550764,2.538428484140874,205.1998961488764,1487.7008147477804,-6.184165248314782,370.6173200549924,1379.175708056167,3.021382227611068,452.37067954642447,1208.6986669739028,11.771820069093474,495.18022854946867,1024.6531451490514,-14.692353361633735,-1.7320986435907586,820.3673510342571,-12.258195348615212,3.5810341660850393,806.529709289242,5.3089002183064515,-0.712517557570328,802.2361575655866,1.0153484946510836,4.418166679292089,807.366841802449,6.1460327315135,-5.371155215173313,797.5775199079836,-3.643289162951901,-155.5611993015407,865.7734459383645,10.12849889370213,-155.38474788815034,,10.304950307092478,-154.6890132557492,66.64563198415593,11.000684939493638,5.403317881969335,808.3519930051262,7.131183934190747,155.87252504491923,,-9.817173150323612,154.12168723626095,582.7870419963558,-11.568010958981866,153.78529120647295,132.45064596656783,-11.904406988769884,2.7660786276267646,805.7147537507836,4.493944679848177
164,1.64,-0.18964913315275764,1702.805719736566,1.558447783324459,3.2634928072308282,1556.2588616769497,5.011589723708045,1.9846559587645953,1304.9800248284832,3.732752875241812,3.5851095476841013,1406.580478417403,5.333206464161318,-2.3255958463165487,1200.6697730234023,-0.577498929839332,-0.048676024889879876,1102.946692844829,1.6994208915873368,-0.5967281083778536,1002.3986407613407,1.1513688080993632,-189.28244014956948,1490.6545558756548,-3.471094889927885,-336.80297473446245,1389.5485629410666,-14.813201988419017,-448.4736960495623,1220.5478740308672,8.851070922223208,-505.59176411532536,1076.0952523141955,13.851351959045823,14.22855600764822,815.005339751147,-0.9876475580902002,1.4176864078458797,804.4130552775645,3.1657833243230966,-2.1216225473809187,800.8737463223378,-0.37352563090370206,-2.627424744230063,800.3679441254885,-0.8793278277528462,3.838089398304923,806.8334582680235,5.58618631478214,200.82776393966273,1483.868946204024,-10.256704561558632,368.67999447339594,1377.5724245550339,2.0761953961687882,449.49330829081356,1205.6928719500613,7.409584292799321,493.7655629363993,1023.9178829656397,-15.21283970200429,1.327880158093406,824.0962304281159,-7.565990391362174,-0.8501942065502444,802.1451746631684,0.8979027099269723,0.640789472821456,803.63615834254,2.3888863892986727,2.5894439734293204,805.5848128431479,4.337540889906537,-1.6504903836959017,801.3448784860227,0.09760653278131493,-153.25072848770475,868.7985770801732,12.473277450963469,-159.64635622046887,512.4029493474092,6.077649718199347,-151.8183777948189,70.2309277730591,13.905628143849311,0.4674153634128654,803.4627842331315,2.215512279890082,156.12780585261908,934.078500284741,-9.596200086049146,153.80564198384417,581.7563364159662,-11.918363954824066,154.62377615934605,132.57447059146804,-11.100229779322168,-2.5668543391396814,800.4285145305789,-0.8187574226624648
165,1.65,0.1594452392229617,1703.2010705546998,1.9273613395191145,0.3420161660633055,1553.38364148154,2.109932266359458,-1.0303792309433102,1302.0112460845335,0.7375368693528426,3.456331173131731,1406.4979564886085,5.224247273427884,4.510002821999319,1207.551628137476,6.2779189222954725,-1.7931579867464185,1101.2484673287304,-0.025241886450265705,0.3724044765339702,1003.4140297920106,2.140320576830123,-192.45552331298853,1487.9440164337861,-6.429872828965475,-334.4717437297968,1393.4343215683748,-11.947394045487773,-448.54476489734367,1221.1021533469896,10.289917039030348,-511.21089672641546,1071.1970223712149,9.22666363978896,10.879324290914091,812.3606638218909,-3.7918789178099503,1.6906811896113862,804.732306505088,3.458597289907539,-1.2768615184773475,801.7647637969993,0.49105458181880524,0.9371182172630902,803.9787435327397,2.705034317559243,0.14336148234712803,803.1849867978237,1.9112775826432808,205.17355954561603,1488.7743906390879,-5.599498623663644,370.71844842978163,1380.0588965563256,5.172708658151663,453.61285713893517,1209.6762169129042,10.020529587195993,494.634862544679,1025.49912253193,-13.40719629146402,0.4106318720629196,823.78509102424,-6.803129904673657,-0.710693349509016,802.3309319659676,1.0572227507871368,0.6263386597094831,803.6679639751861,2.394254760005636,-3.773530860183367,799.2680944552933,-2.005614759887214,-1.2347503364153052,801.8068749790614,0.5331657638808476,-153.552799116996,869.2250679784725,12.15922747884592,,521.9158004946879,14.849959995061463,-158.15984628046328,64.61802081500515,7.5521803153786315,1.922718625216621,804.9643439406932,3.6906347255127736,158.64292690316182,935.8650598076933,-7.069099692680102,154.9190191527451,582.1411520572767,-10.79300744309681,159.70617758998097,136.92831049451252,-6.005849005860944,1.4916913912302352,804.5333167067068,3.259607491526388
166,1.66,0.8265198376965316,1703.9139436109267,2.6138311908177982,-1.0479144769800846,1552.0395092962501,0.7393968761411822,-2.389908070274721,1300.6975157029553,-0.6025967171534541,-1.2399907195731978,1401.847433053657,0.5473206335480689,,1203.5480125946276,2.247900174518629,-2.9618137486803366,1100.1256100245498,-1.1745023955590699,1.7148513290691405,1004.8022751022994,3.5021626821904075,-192.13632785759037,1488.7489666993624,-5.880513077272951,-334.2138214650625,1395.3206487488621,-11.055456222498456,-453.1207845001328,1217.1159720270427,7.19649629247764,-511.0926437608613,1071.8999198143804,10.195872397947992,,815.9939719342725,-0.26779802481235193,-2.0683127478143213,801.019111025416,-0.2810013946930545,-2.5518809267694986,800.5355428464608,-0.7645695736482319,2.654881129779625,805.7423049030099,4.442192482900891,0.5337909827834489,803.6212147560137,2.321102335904716,208.43221020787286,1492.6113520089089,-2.018127767726688,369.08998581441455,1378.9907940474784,4.664557538666221,453.5435656334488,1209.4654556014402,8.424556779543972,493.52520286165156,1025.1252419002242,-13.547138153039416,,819.2155670106204,-10.192451329254284,-0.6253429814953032,802.4620807917349,1.1619683716259637,-2.3078568769520347,800.7795668962782,-0.5205455238307679,-4.2713263131228825,798.8160974601074,,-2.294593602075808,800.7928301711545,-0.5072822489545414,-156.15534104619064,867.3635860252424,9.498121224040897,-149.93566831330742,523.5832587581256,15.717793956924112,-154.03739299780906,69.4815340736239,11.616069272422456,2.243542485286623,805.3309662585169,4.030853838407889,155.8054411247954,932.2865140533623,-9.848021145436125,154.7877318741583,581.2688048027253,-10.865730396073218,156.08579583192667,132.5668687604937,-9.567666438304851,-2.7700196639721995,800.3174041092581,-0.9827083108509327
167,1.67,1.2411228047254999,1704.3738664248958,3.047393329358178,0.8753903492833047,1554.0081339694536,,3.754050281838077,1306.8867939020083,5.560320806470755,3.3796992926577203,1406.512442912828,5.185969817290398,-1.6403453550338989,1201.4923982651364,0.16592516959877934,-0.7976846368630593,1102.3350589833074,1.0085858877696188,-2.088051516298657,1001.0446921038715,-0.2817809916659788,-191.36593250974562,1490.0277142495856,-4.864483954384257,-337.4734454027489,1393.7589345740578,-13.584108407669435,-454.0771655121449,1216.7105045710437,7.689811213125087,-509.03924360870997,1074.3954487059204,12.949499986811526,14.6799947222374,817.780636916965,1.4574556313583107,3.186837295211341,806.3195809153815,4.993107819844019,2.045445354081216,805.1781889742514,3.851715878713894,2.1013123876766846,805.2340560078469,3.907582912309363,,799.901396207865,-1.4250768876725608,206.36085691575323,1491.136226079384,-3.7559721245859254,364.2922804475169,1374.8638066585145,1.0454989337876812,455.11791853842817,1210.8955716608407,8.459860212182623,493.50680937782323,1025.8579263651918,-12.571310568484193,3.524816131074549,827.8887626042368,-0.23775476393599337,3.72441562858362,806.8571592487539,5.530686153216298,-1.1286032291042125,802.004140391066,0.6776672955284657,0.9790665736473498,804.1118101938175,2.785337098280028,1.5924975450506444,804.7252411652208,3.3987680696833227,-154.69640627831504,869.5747208298062,10.851753676271967,-154.64170613106717,519.629420977054,10.906453823519835,,66.42514330959042,7.702176156056238,3.8462815638356793,806.9790251840059,5.652552088468357,151.60879843733386,927.3376713292126,-13.93936151725314,155.24311761906523,580.971990510944,-10.30504233552177,156.37426480767957,132.10313769955835,,-0.728414500551241,802.404329119619,1.0778560240814372
168,1.68,-2.1242458817252476,1701.0533184241679,-0.29946431136305773,1.9281851951186402,1555.1057495010118,3.7529667654808296,2.4862552154003787,1305.6638195212936,4.311036785762568,-3.882060525248543,1399.2955037806446,-2.0572789548863533,-0.8130548838720459,1202.364509422021,1.0117266864901437,0.1290733651371922,1103.3066376710303,1.953854935499382,0.6691594364116364,1003.8467237423048,2.4939410067738264,-187.9789610674743,1493.944993983622,-1.2168182689635598,-339.650971234692,1393.3441983868622,-14.936542666674384,-456.1346242496247,1215.1616942508062,7.043663539593029,-513.5362992698095,1070.1926337349744,8.995824194821202,14.677078358086375,818.6904746164012,,-0.3024378722635174,802.8751264336296,1.5223436980986722,-2.737099756142789,800.4404645497503,-0.9123181857805991,-2.2689389363442407,800.9086253695489,-0.4441573659820508,-0.4644586311819714,802.7131056747112,1.3603229391802183,207.086382499619,1492.4751295026508,-2.6866827499347257,364.52924076850366,1375.8795157423533,2.5152896454832634,456.5530361714703,1212.1861553593008,8.349296550276879,493.43245865706507,1026.5416504132957,-11.635807773281893,-7.447204155776365,817.2837531197554,-9.465278581261858,0.17037304026242434,803.3479373461555,1.995154610624614,-4.16424788473684,799.0133164211562,-2.3394663143746506,-0.3338965867358019,802.8436677191573,1.4908849836263878,-1.6658794939995096,801.5116848118936,0.15890207636268006,-156.37017661198578,868.6629803847378,,-151.74179941226737,523.2913575844561,13.654313692878516,-157.87045764647215,67.16269935025139,7.525655458673713,3.702640828636582,806.8802051345297,5.527422398998772,154.63887316975638,,-10.757239935389489,156.5074973729967,581.4743403762732,-8.888615732149162,155.40930268850477,130.37614569178123,-9.986810416641097,2.2321249321184067,805.4096892380115,4.056906502480596
169,1.69,-0.22022655862902774,1703.0016388017762,1.6226059986533492,2.7479766052476213,1555.9698419656527,4.5908091625299985,0.6566624152761072,1303.8785277756813,2.4994949725584843,-1.9394067598824165,1401.2824586005227,-0.09657420260003935,-1.4899484811288959,1201.7319168792762,0.3528840761534813,0.8297948639282631,1104.0516602243333,,-2.121022936305247,1001.1008424240999,-0.27819037902287014,-190.11983127709942,1492.3557200772473,-3.0823615763655607,-334.2755541658364,1400.5424217353307,-8.645093487382542,-452.5749271872448,1219.1845240522218,11.970930591743377,-508.11600648540366,1075.7548434286468,14.797704482721528,8.388123757446476,813.3802694329735,-2.9331086384465612,3.442677545616141,806.6645429060213,5.285510102898518,-0.26209954789714573,802.959765812508,1.5807330093852312,-0.26911818845489455,802.9527471719503,1.5737143688274826,5.297838528421495,808.5197038888266,7.140671085703872,205.14143552426947,1491.1599247192346,,367.00707787939996,1379.2414709833854,6.2757692113779076,453.9641975007249,1209.4549132610753,4.213886319305644,493.4156228293924,1027.2819000367012,-10.635949464513086,-4.697333823230504,820.3052717120856,-4.975987462979356,-0.324897950866114,802.896967409539,1.517934606416263,-0.579352137946388,802.6425132224588,1.2634804193359892,-4.358264173633464,798.8636011867717,-2.515431616351087,1.3307786341988437,804.552643994604,3.173611191481221,-155.90030054816415,869.9034576932812,9.297162185615862,-155.02854145636184,520.7752167850834,10.168921277418182,-160.03114918614685,65.77260905529843,,2.1075483495482596,,3.9503809068306364,154.04489966452894,928.2411414230836,-11.15256306925108,159.46638002826546,583.6626217868202,-5.731082705514549,155.1179283058917,129.31417006444642,-10.079534427888323,1.3224264028125234,804.5442917632176,3.1652589600949
170,1.7,-1.8468880134553438,1701.4187383886576,0.013523655912552668,,1552.3459669524757,0.9407522197306043,-2.778763278768228,1300.4868631233446,-0.9183516094003314,1.4357593542676779,1404.7013857563807,3.2961710236355746,0.31674137008714176,1203.5823677722,2.1771530394550385,-0.26640968470508425,1102.9992167174078,1.5940019846628124,1.1218680596812285,1004.387494461794,2.982279729049125,-190.6553349362405,1492.3924067448302,-3.328351637466505,-339.2358911287062,1397.4598213017678,-12.601967693239486,-452.59655538073685,1219.5773674854102,13.267921303703536,-511.444088818396,1072.4128990512686,11.68569148530764,4.135530190700123,810.1693113452997,-6.0785804628720665,0.7955587725650738,804.0611851746778,2.65597044193297,-1.7875715348654815,801.4780548672472,0.072840134502415,-4.0002128445646274,799.2654135575482,-2.139801175196731,0.595020620774475,803.8606470228873,2.4554322901423715,202.5749171027242,1489.2387078045597,-6.482050577737047,361.0670917205575,1374.2879862798302,1.6636617542372991,453.74596990651037,1209.0987848154384,2.453922153592007,488.43228852702435,1023.0470657311959,-14.604384803573327,-5.765819322545626,819.4060630464145,-4.323191732589544,1.895120543604631,805.1607469457174,3.7555322129725277,-0.3122640159679679,802.9533623861448,1.5481476533999288,-4.786174914620996,798.4794514874918,-2.925763245253099,3.5651279627037336,806.8307543648165,5.42553963207163,-152.67724939735612,873.9044779029167,12.275248613724262,-160.3788847766118,516.202842523661,4.573613234468589,-153.1227723355901,73.45895496468272,11.829725675490309,-3.8775662494744223,799.3880601526383,-2.0171545801065256,153.34853140768985,926.7668041074171,-11.603966603390539,153.29560276396572,576.713875463693,-11.656895247114694,155.55482518928346,128.97309788901066,-9.397672821796949,1.1312373267669789,804.3968637288798,2.9916489961348756
171,1.71,3.3279107027323125,1706.6367378485295,5.205417915858973,4.9670435127631025,1558.2758706585603,6.844550725889763,1.7860340844053115,1305.0948612302025,3.6635412975319728,0.08421595052997172,1403.3930430963271,1.9617231636566326,-3.4684110253727836,1199.8404161204244,-1.5909038122461225,2.9851363595704106,1106.2939635053676,4.862643572697071,0.6789235242770472,1003.9877506700742,2.556430737403708,-193.85503668620098,1489.7847703444586,-6.2248165427585045,-340.08407392137826,1398.5390117624117,-12.363084065839198,-458.8816082126409,1213.6550998010896,8.247492441303665,-514.8587949656462,1068.8261135065047,8.319064694771116,12.706103942605651,819.8404683770682,3.694469048715522,3.9158260985457525,807.2246532443429,5.793333311672414,3.470778654085747,806.7796057998829,5.348285867212408,2.9806957826352756,806.2895229284323,4.858202995761936,-1.6374532624089242,801.6713738833882,0.2400539507177366,200.4960450744522,1487.8198737024984,-8.189713184718872,367.1154575566102,1381.4219370410392,9.080378972295815,459.55328347703806,1214.7750037900291,6.730021706636451,488.485789480776,1023.8333447297625,-13.546185375147221,-6.2651799289493075,818.9672056175418,-3.1321964029388987,-5.653792397370243,797.6550347484268,-3.776285184243582,-0.46880477992936803,802.8400223658678,1.4087024331972928,-0.8918494073638568,802.4169777384333,0.9856578057628042,2.675587087229759,805.9844142330269,4.55309430035642,-159.0126266886087,868.3532918326382,5.6490296864611835,-156.42372136758698,520.9421971536599,8.237935007482882,-156.39065940432533,70.9752591169216,8.270996970744546,1.9932076654200857,,3.870714878546747,158.38656965178728,931.0206511305404,-6.275086723282591,156.03910081580835,578.6731822945615,-8.622555559261519,155.45179347701423,128.0858749557673,-9.209862898055642,-1.1427895819985396,802.1660375637986,0.7347176311281213
172,1.72,-4.499437030516215,1698.8520103800531,-2.6053294074175817,-0.4677490869059421,1552.8836983236636,1.4263585361926916,-0.7679725701559197,1302.5834748404134,1.1261350529427139,0.15371872965757322,1403.505166140227,2.047826352756207,0.3451227732284779,1203.6965701837978,2.2392303963271116,-0.21389834049816406,1103.1375490700711,1.6802092826004695,0.3965517695142036,1003.7479991800835,2.290659392612837,-194.85778663816333,1489.3932176806056,-6.911086647091549,,1403.6427664129315,-8.064314838468372,-456.1397458221046,1216.7051701882572,12.195125566120158,-508.29618652896676,1075.0570316801834,14.760569777406374,10.969460893458638,819.2586107276081,3.2478344697168,1.0794603157902167,804.4309077263595,2.9735679388888503,,804.0052367569513,2.547896969480565,-0.31548714185005955,,1.578620481248574,0.6359772604530558,803.9874246710224,2.5300848835516896,200.39761367539109,1488.395376971893,-7.908927355804232,363.1289521497096,1378.616498236013,6.497763587306501,459.5143968511946,1214.6140516190615,5.176072316733135,487.9002575199857,1023.9582565913196,-13.145323007469855,-4.698459334912913,820.4799293603633,0.08154655487035178,0.12585841443801188,803.4773058250073,2.0199660375366455,-2.764849167409684,800.5865982431596,-0.87074154431105,0.25527620766982767,803.6067236182391,2.1493838307684614,0.021909992228388686,803.3733574027976,1.9160176153270223,-151.3656138240046,876.7896329404391,12.95990931795372,-157.41087932204027,520.7443674424035,,-158.0513731443753,70.10387362006838,6.274149997583004,-1.3203037626280163,802.0311436479412,0.5738038604706173,156.98452927026608,928.8292825058223,-7.340993871692233,156.73802988282344,578.5827831183797,-7.587493259134888,151.84936030583347,123.69411354138977,-12.476162836124855,-2.87071199031601,800.4807354202533,-0.9766043672173763
173,1.73,0.9778434004101054,1704.3713105282138,2.8880448677300277,,1555.8044235185305,4.321157858046648,-5.758403612557175,1297.6350635152467,-3.8482021452372526,0.6471247165439732,1404.0405918443478,2.5573261838638954,1.587435351932776,1204.9809024797366,3.497636819252698,-5.669461541602022,1097.7240055862017,-3.7592600742820994,,1003.3840230714385,1.9007574109544798,-192.3521281509158,1492.5284391853825,-4.076201633791623,-335.48625338738555,1407.118380689154,-5.357123929408285,-456.49367416703933,1216.6021309419448,12.983460722918254,-512.6281796462747,,10.138391881661256,11.128624278598224,820.6212379654223,4.775897910975755,-0.8742170418670069,802.5192500859368,1.0359844254529154,-1.9388984449605644,801.4545686828433,-0.028696977640642274,1.1312283129630036,804.5246954407669,3.0414297802829258,2.0719161827036414,805.4653833105075,3.9821176500235635,200.86885147384115,1489.5535908186932,-7.051050000480833,363.4831113322237,1380.2433148606578,8.286264899191892,460.8118458282306,1215.8005939421403,4.980158727238404,489.1235872763443,1025.8636668685515,-10.961637765835016,-10.186701591987934,814.8182036444515,-3.8149423414060104,0.09410175059830206,803.4875688784022,2.004303217918224,-0.6203541242636178,802.7731130035403,,0.2765676368358887,803.6700347646398,2.186769104155811,-0.4243949064180297,802.9690722213859,1.4858065609018924,-155.53528582052937,873.4134038806609,,-159.54539846478866,519.4032912364016,4.399432152309231,-155.64124238177652,73.3074473194138,8.30358823532136,-3.460358609081257,799.9331085187226,-1.5501571417613347,156.12146163484326,,-7.823368982254616,155.06150052119585,576.1128108200055,-8.88333009590204,153.55710041658472,124.60841071539443,-10.38773020051315,1.4459506213643087,804.8394177491682,3.356152088684231
174,1.74,-2.3521569335278185,1701.0827094155186,-0.4263794807779122,0.31210091537023055,1553.7469672644168,2.2378783681201364,-1.7591445745956966,1301.6757217744507,0.16663287815420946,-1.488208321679447,1401.946658027367,0.437569131070459,1.0871745879953012,1204.5220409370418,3.0129520407452075,0.10519979065351093,1103.5400661397,2.030977243403417,4.3398671387418695,1007.7747334877885,6.2656445914917756,-191.07476197045852,1494.4529457667647,-2.4573739195355753,-341.07177925525923,1403.5755620162486,-9.630678481140047,-459.5357719029083,1213.7510243551583,,-512.3614841665178,1069.849281230117,9.947221096577396,10.075031035625457,820.8135224648441,5.160696105466352,2.877453859186395,806.312320208233,4.803231311936301,-0.08434119669090423,803.3505251523557,1.8414362560590019,-0.018087590747581095,803.4167787582991,1.907689862002325,,804.1335283402284,2.62443944393167,203.3901412651861,1492.7740281052002,-4.136291581100165,361.3787979767684,1379.4990837733228,7.641525378967149,460.64236051812406,1215.533386161472,3.344459713465246,488.992509135882,1026.380912875027,-10.165702146194299,-10.071527657639395,814.6362187956831,-2.1746559413310584,1.4894145479538936,804.9242808970005,3.4151920007038,-0.10684685339797917,803.3280194956486,1.818930599351927,-1.9500520539940411,801.4848142950526,-0.024274601244135052,,805.0603888577118,3.551299961415104,-151.1431953692483,878.6020944141505,12.377261336809735,-155.98416113071005,523.7611286526887,7.536295575347991,-156.82570816472156,72.91958161867724,6.694748541336454,-1.3891354933471107,802.0457308556995,0.5366419594027954,152.42652618155165,922.6812363981528,-11.093930524506384,158.58007875255765,578.8347889691589,-4.940377953500365,155.85161840391987,126.10632862052105,-7.668838302138147,-2.7042309339500967,800.7306354150965,-0.7784534812001904
175,1.75,-3.287005915814162,1700.1886193380803,-1.3461814851550078,-1.4135174263382422,1552.0621078275562,0.5273070043209119,0.5370395950912027,1304.0126648489857,2.477864025750357,2.6136056130421554,1406.0892308669368,4.554430043701309,0.0725064443466642,1203.5481316982411,2.0133308750058183,-0.5453991811088009,1102.9302260727857,1.3954252495503532,0.0071105822817295605,1003.4827358361764,1.9479350129408837,-195.00816863680325,1491.1834474171724,-6.037610306359975,-340.77097210863735,1405.945814240481,-7.952465451884583,-455.7104509365411,1217.7050354165563,15.843202189005638,-512.3628626215647,1069.039712440618,9.322987734869036,8.352771741430587,820.3725937888667,4.936228154737497,-0.23121935768655655,803.244405896208,1.7096050729725976,-2.745687334913684,800.7299379189809,-0.8048629042545299,-2.0658469048204418,801.4097783490741,-0.12502247416128776,1.432632541638454,804.9082577955331,3.3734569722976078,201.22733054364468,1491.3216529531373,-5.899404770394943,359.79754169703136,1379.360908180236,7.5397395645360925,462.97895331610414,1217.787350352869,4.247315976289072,490.9372670555516,1028.9355277010245,-7.334085377353605,-9.707771734825172,814.5758014068657,-0.3631515273305086,0.14163417451004745,803.6172594284047,2.082458605169202,0.5446679423968831,804.0202931962915,2.4854923730560374,-1.9002140124674125,801.5754112414272,0.040610418191741715,-1.2503357639870767,802.2252894899076,0.6904886666720774,-151.53281304723848,879.0113428300458,11.520609980271193,-157.7889845704219,,5.264438457087804,-153.3567911121347,77.1873647651496,9.696631915374992,-0.19557387647056151,803.2800513774241,1.7452505541885925,155.803358547355,925.2592026700706,-7.250064480154692,154.83347617086213,574.2893202935778,-8.219946856647562,160.8890548770862,130.34489899980196,-2.16436815042346,-2.0563981382916734,801.419227115603,-0.11557370763251917
176,1.76,-1.3554351006356269,1702.1602890572105,0.5998963013402067,-5.342725602222282,1548.172998555624,-3.387394200246449,-1.148847161939941,1302.3668769959063,0.8064842400358926,1.209800386094972,1404.7255245439412,3.1651317880708056,0.7514626620023516,1204.2671868198486,2.706794063978185,1.134489506283943,1104.65021366413,3.0898209082597767,0.647075636867816,1004.1627997947139,2.6024070388436495,-196.72923707853258,1490.1422256605,-7.394339802460166,-346.66578950106,,-12.409613502832753,-463.9903222895045,1209.489338621091,8.489457377236732,-518.5951207183889,1061.84479386094,2.3068557303419803,9.77170429557192,823.100703808371,7.901643580574719,0.6613180400078748,804.177042197854,2.616649441983708,0.9814606943982659,804.4971848522445,2.9367920963740994,-1.9593559599562278,801.5563681978899,-0.004024557980394361,1.6722810180334116,805.1880051758795,3.627612420009245,196.65211817677613,1487.4672685647693,-10.06929689819075,358.00017464954493,1379.0849490858482,7.2363095582637085,,1214.4813516377326,-0.3890025652537643,486.0545945602326,1024.620255388033,-11.376324990269302,-15.22679830836833,808.5031420383101,-4.5217886615461325,-3.3411914716748736,800.1745326861712,-1.3858600696990402,0.014261559992846617,803.5299857178389,,-1.8363832050279743,801.6793409528182,0.11894819694785941,-1.8001215600198917,801.7156025978262,0.15520984195594179,-161.44550844440263,869.8989561127341,1.0993840869782217,-155.5373321002993,525.8071324568375,7.007560431081557,-158.43095855719264,72.91350599994419,4.1139339741882175,-6.786413082011481,796.7293110758346,-4.8310816800356475,161.57129641544972,930.226831858313,-0.9735961159311506,157.60711391776914,576.2626493606323,-4.937778613611725,152.6567787205071,121.31231416337027,-9.888113810873744,2.795576330408809,806.3113004882549,4.7509077323846425
177,1.77,2.3999513615601042,1705.9550948816752,4.369238884148526,-3.6700387151208433,1549.8851048049944,-1.700751192532421,0.5257656729784566,1304.0809091930937,2.495053195566879,-0.7683458779060598,1402.7867976422092,1.2009416446823629,0.2448446752192751,1203.7999881953344,2.2141321978076975,-3.3832911457279664,1100.1718523743873,-1.414003623139544,0.18960339448845198,1003.7447469146038,2.1588909170768744,-197.9820511288075,1489.5843481025322,-8.272199346583706,-343.25621076224917,1407.6553292456979,-7.507486786138846,-462.29694287101876,1211.1803632374406,11.029231583512633,-508.2318219060958,1071.0949166149478,11.730481693827556,8.366985827782457,,8.080854585952759,-0.4825724876618669,803.0725710324534,1.4867150349265557,-0.2942758254812196,803.260867694634,1.6750116971072029,0.3970080489842136,803.9521515690996,2.3662955715726364,-0.32043760795005066,803.2347059121653,1.648849914638372,201.28719188950993,1492.8326558673107,-5.023891581805119,357.33870644039797,1380.0183166538468,8.077740056931116,464.5272029424675,1219.2226227427445,3.0461186698046836,489.9365828217796,1029.023950822475,-6.706012172536161,-11.219531294732098,,0.7493141573558906,-4.677735525221531,798.8774079948938,-2.708448002633109,-1.4476552296124368,802.1074882905028,0.5216322929759858,0.48658156766504734,804.0417250877804,2.45586909025347,-3.0741835744849,800.4809599456304,-1.1048960518964774,-155.51162558164458,876.6338354745908,,-154.192826565559,527.9526344906765,7.803340061957013,-156.29199057819312,75.85347047804224,5.704176049322876,0.2646302708027142,803.819773790918,2.2339177933911367,153.9444088717848,921.7989478155495,-8.05175775573123,158.9755570901275,576.8300960338922,-3.020609537388505,154.70667103220418,122.56120997596882,-7.289495595311838,0.6911806987592548,804.2463242188745,2.6604682213476774
178,1.78,-2.304714912090576,1701.2891490393208,-0.32203280348813124,2.060939698638804,1555.65480365005,4.043621807241249,0.3564172503333518,1303.9502812017447,2.3390993589357967,1.6368834012701012,1405.2307473526814,3.619565509872546,1.748747057346896,1205.3426110087582,3.731429165949341,,1105.3781151557055,3.76693331289667,-3.1656877635473584,1000.4281761878639,-1.1830056549449135,-199.94106615370004,1488.334492892468,-9.846209628035613,-344.05543118808805,1408.969021302639,-6.764858807375051,-469.2328290933613,,4.8566296685465575,-510.74141959301755,1067.3266155541892,8.131846236198106,6.3909676021431,822.3885674403732,7.714516668092403,-2.061472491708331,801.5323914597029,-0.07879038310588626,0.24232675925981617,803.836190710671,2.225008867862261,3.165369959663245,806.7592339110745,5.14805206826569,0.02650987689112183,803.6203738283024,2.0091919854935667,203.00103735324797,1495.2853837746434,-2.8953187458603704,350.243479885522,1374.5862431663572,2.4888145874671173,458.9692247962796,1213.637446087008,-3.817688115229817,484.44771810803735,1024.0086413632687,-11.463713981788805,-10.839843194526766,811.3893611501387,2.2879555868264143,0.767484765998786,804.36134871741,2.7501668746012307,,802.4903867806261,0.8792049378172775,-4.433686415695826,799.1601775357153,-2.4510043070933816,-0.022702820349702835,803.5711611310614,1.959979288252742,-158.2488547673124,874.6976051061068,3.159827064517592,-151.81764716935643,531.1288127040629,9.591034662473549,-153.8526725135443,79.09378735987502,7.55600931828568,1.965149217795525,805.5590131692068,3.94783132639797,155.3703424125773,922.4238825391581,-6.038339419252701,156.84814175397065,573.9016818805515,-4.56054007785932,154.62380371627688,121.6773438428576,-6.784878115553083,-4.035799269148459,799.5580646822627,-2.0531171605460137
179,1.79,-5.159581890367399,1698.4722843313095,-3.1640772488183346,0.9762075744832182,1554.6080737961602,2.9717122160322824,-3.453365476718222,1300.1785007449587,-1.4578608351691575,0.44295726124525414,1404.0748234829223,2.4384619027943186,-1.4042401340228403,1202.227626087654,0.591264507526224,-0.18878296731730837,1103.4430832543596,1.8067216742317558,-2.6742616603205978,1000.9576045613563,-0.6787570187715333,-197.42527903524052,1491.572779851726,-6.935944245847451,-349.51494710836334,1405.6244044292205,-10.638976476686043,-462.2182887703154,1211.0477350511605,12.548264487105891,-509.9026261279513,1066.767168359061,7.739838711907504,5.741963139999551,823.0811004642826,8.688887125071354,-1.2120164195115537,802.4198498021655,0.7834882220375105,-3.118059992469731,800.5138062292073,-1.122555350920667,-1.652327590948893,801.979538630728,0.34317705060017123,-2.2652097946711507,801.3666564270059,-0.26970515312208665,195.8269136738437,1488.8577858585872,-9.650938238986303,356.9405641250836,1383.0094940181305,10.690009372177743,463.9204857527768,1218.5828849761856,-0.12005101220424041,488.080765794997,1028.065427193273,-7.161055525492846,-13.654256756661,807.6277233100046,0.5202072874906847,-2.0086722122690635,801.6231940094079,-0.01316757071999941,-0.21537185115720414,803.4164943705198,1.78013279039186,-0.7828135345223941,802.8490526871545,1.2126911070266702,-3.363683594930306,800.2681826267467,-1.3681789533812414,-156.13621253359688,877.6106325016677,4.647793405094311,-155.8908575016763,527.8559875335884,4.893148437014911,-158.36852917414123,75.3783158611234,2.4154767645499686,-0.621230352292557,803.0106358693844,1.3742742892565072,,925.3978290819405,-1.6393318214860124,,571.6418121291641,-5.395348774262347,157.4693924358849,123.72254740062029,-3.3146135028062926,,802.7764015051431,1.1400399250152249
180,1.8,-3.1617359327534054,1700.507395335033,-1.1539911592101182,0.5270822271802859,1554.1962134949665,2.534827000723573,0.7464457679825206,1304.4155770357688,2.7541905415258077,-1.2989689054514695,1402.370162362335,0.7087758680918177,-3.087777063270261,1200.581354204516,-1.0800322897269738,-0.5698358456610586,1103.0992954221251,1.4379089278822288,-3.4962246216328827,1000.1729066461534,-1.4884798480895955,-197.39695849722838,1492.336041280519,-6.504259196343151,-349.62256829901946,1407.627342267413,-9.123550895143305,-465.55725772459937,1207.4969127062625,9.797432647480123,-508.0061589791887,1067.1328092828232,8.2724552985896,6.13272638029775,824.805621386979,10.704397548716864,0.8126781112529703,804.4818093790393,2.8204228847962574,-4.216505715918746,799.4526255518675,-2.2087609423754584,1.9226738795371041,805.5918051473234,3.930418653080391,-2.358020295352615,801.3111109724337,-0.35027552180932764,200.48183567251158,1494.2659438222188,-4.574356654643472,359.73352333254246,1387.5861549201331,14.979282985940575,465.0499766958153,1219.7291178263479,-0.18753325475892435,489.49733474049634,1029.8550540618612,-5.14012854604337,-6.7601072499193,813.4449819429279,8.342301011646537,-1.683766087939129,801.9853651798471,0.3239786856041583,-1.9140414590144301,801.7550898087718,0.09370331452885705,1.5509607532756897,805.220092021062,3.5587055268189767,-2.593500226039491,801.0756310417468,-0.5857554524962034,-154.60855881568546,879.9375111995564,5.515274914301591,-158.39939562294842,526.1466743922936,1.7244381070386479,-156.81338822671458,77.7326817885273,3.3104455032724744,-3.492642719958641,800.1764885478276,-1.484897946415354,154.65369402509072,920.1076240098488,-5.470139704896342,156.86015347387237,572.3140834586304,-3.263680256114678,155.93024642494038,121.3841764096985,-4.19358730504668,-1.2745688042807295,802.3945624635055,0.7331759692625578
181,1.81,-0.6639774933382838,1703.0416627078564,1.3554148390513612,2.769120622375045,1556.4747608235698,4.788512954764689,0.8997625779576045,1304.6054027791522,2.91915491034725,-1.4671191038660885,1402.2385210973287,0.5522732285235565,-0.08322100289030321,1203.6224191983044,1.936171329499342,1.291484628751228,1104.997124829946,3.310876961140873,-2.8390632801754427,1000.8665769210191,-0.8196709477857977,-197.27262227687334,1493.2068459376505,-5.96826919337118,-346.5323067859419,1412.8174825021374,-4.3786240052486765,-469.2407228297686,1203.5292318583536,6.610702696850135,-509.63001546957224,1063.8534065028855,5.1614594825815,2.1645175476766427,822.1535421374549,8.349817208861989,1.3723515012543226,805.0779917024489,3.3917438336439676,-4.953299832379219,798.7523403688153,-2.9339074999895742,1.2535997591952204,804.9592399603897,3.2729920915848654,-1.1540388311640948,802.5516013700304,0.8653535012255502,193.6454525666077,1488.1885673806057,-10.986547750416065,351.4113517004273,1381.0995859263205,8.140032408338518,462.25022539285163,1216.969691657092,-4.123388728465347,489.9374656409907,1030.617501982046,-4.163882961879977,-11.310918231450607,807.6900420676105,4.595293698625731,-3.0184762846142568,800.6871639165803,-0.9990839522246118,-3.0081086126696923,800.6975315885248,-0.9887162802800473,-1.8047219246869877,801.9009182765076,0.21467040770265733,4.088851058219291,807.7944912594138,6.108243390608936,-152.0815803835061,883.2620769291467,7.348401849509926,-156.86787616762936,528.4757811450235,2.5621060653866343,-158.6449127741491,76.69874453850366,0.7850694588668885,0.5030122863260148,804.2086524875206,2.52240461871566,154.4752089908581,919.1315516782053,-4.954773242157904,154.62555598875045,569.2818986760976,-4.8044262442655725,154.03559567229766,118.69193835964487,-5.394386560718356,-1.8599791512400605,801.8456610499545,0.15941318114958447
182,1.82,-4.906116720279501,1698.8352575952622,-2.8756793936463616,-3.376184849230381,1550.3651894663114,-1.345747522597242,-1.0992920468296712,1302.642082268712,0.9311452798034678,-3.604803633075648,1400.136570682466,-1.5743663064425089,1.5750448380943975,1205.3164191536362,3.605482164727537,1.756895959739365,1105.4982702752811,,-2.2418852790626893,1001.4994890364792,-0.2114479524295505,-196.3665246449952,1494.87001268928,-4.642834325151917,-351.2615732289696,1410.1710816522532,,-463.71454896653484,1208.69797191185,12.540098207329672,-510.8220840761211,1060.8897954612735,2.3696974454280446,-0.17106951655918978,821.1063905812148,7.6041802859075265,-5.873194954228373,797.8681793613135,-3.8427576275952333,-4.836704853015609,798.9046694625263,-2.80626752638247,-1.792541318555248,801.9488329969867,0.23789600807789124,-4.204606940227317,799.5367673753145,-2.174169613594178,196.16132298337234,1491.4682704804602,-8.044576533971732,348.7613452001023,1380.3313127107062,6.953985888242608,470.0991764211534,1224.8833958960718,2.6543029237184204,492.8232096252013,1033.77555615145,-0.8125352168208204,-13.541586219834512,804.131433496321,3.039914898896961,-0.9924795384091979,802.7488947771327,1.0379577882239412,-1.9340431167901473,801.8073311987517,0.09639420984299163,-0.6411948749571736,803.1001794405847,1.3892424516759654,0.5912658717314723,,2.621703198364611,-158.0328548152444,878.1063428803078,0.6715307257595957,-156.43746630398314,529.7017313915691,,-157.51302145067945,78.62617624487281,1.1913640903245701,-1.0908209107029765,802.6505534048389,0.9396164159301625,154.8800853820234,918.7408876864712,-3.8243001589806087,153.72801941156212,567.5888217160099,-4.9763661294418995,158.19903169619022,122.05983400063802,-0.505353844813774,-1.8522016340051546,801.8891726815367,0.17823569262798444
183,1.83,0.6400206901404302,1704.4163357843454,2.6808906406937574,-2.223792863063665,1551.5525222311412,-0.18292291251033754,-1.0552976056169954,1302.721017488588,0.9855723449363321,-2.3803922191801554,1401.3959228750248,-0.3395222686268278,-2.028298342769327,1201.7480167514357,0.012571607784000238,1.4579774660872682,1105.2342925602923,3.4988474166405954,-1.5754534002745109,1002.2008616939306,0.46541655027881645,-199.23680771704903,1492.7664603828723,-7.0867104912434105,-348.3096413890448,1415.1825618160187,-2.776398725330137,-466.09804903055516,1205.8832210217654,10.464536584733706,-509.4981333539885,1060.3357275893754,1.9930278666348964,-1.3237342338802476,821.2042689047804,8.005260453990095,-0.3221719162825907,803.4541431779224,1.7186980342707368,-1.064801121314454,802.7115139728907,0.9760688292388735,1.5494987650429934,805.3258138592481,3.5903687155963206,-0.2056511592974981,803.5706639349075,1.8352187912558293,194.7359312420702,1490.8105887925733,-9.042582081542431,354.924276395178,1388.416221302617,14.556398820357002,467.1568451338875,1222.0309110689882,-1.290723799330341,494.91702696197376,1036.0931900632918,1.6748364004605945,-12.87401329358454,803.3516661674744,4.250957312107189,-1.2649219061021417,802.5113931881029,0.7759480444511858,-0.1624335100496035,803.6138815841555,1.878436440503724,-0.0932819967055516,803.6830330974996,1.9475879538477758,-0.12241930925770483,803.6538957849474,1.9184506412956226,-149.18784839559004,887.7445007176598,8.761240816065696,-149.7405866034017,537.1917625098481,8.208502608254019,-158.98805137044593,77.94429774280388,-1.0389621587901963,3.0886588246284035,806.8649739188335,5.129528775181731,156.08966431807036,919.1573152048205,-1.859424893585381,156.13660533364606,569.2042562203962,-1.8124838780096728,152.8761406509927,115.94379153774287,-5.072948560663034,2.0495540626748783,805.82586915688,4.090424013228206
184,1.84,-4.950265454377903,1698.8601787634175,,-2.1258760804181347,1551.6845681373773,-0.0751954913187034,-1.1312244823894748,1302.679219735406,0.9194561067099566,-1.4207762353384876,1402.3896679824568,0.6299043537609437,2.6788251861273764,1206.4892694039227,4.729505775226808,-6.784466424884509,1097.025977792911,-4.733785835785078,-1.6680756486234811,,0.3826049404759503,-194.25107179433297,1498.5276387054053,-1.6681188602332622,-352.80234377062857,1412.7198362024862,-5.556704314933658,-466.9776830217948,1204.498183254912,9.796137533627935,-504.2373475869604,1063.6222658300946,5.464697682250954,-0.9670898555533585,822.7633204433964,9.867052493923996,-1.342358867983894,802.4680853498115,0.7083217211155373,3.456963828725013,807.2674080465204,5.507644417824444,1.2908325280652984,805.1012767458607,3.3415131171647294,-3.066495192939425,800.743949024856,-1.015814603839994,199.01685733085907,1495.8621509017573,-4.3336066638811666,350.93528099140764,1386.3834648898614,11.976961236347845,465.82910124642797,1220.8185879799655,-3.5491497223357156,490.7254011787362,1032.0791562651555,-2.1960952093770953,-13.026268195590578,801.6380485093955,4.508129742333606,-4.087018002046618,799.7234262157488,-2.0363374129471863,,804.3868450186156,2.6270813899196703,-2.7346602423258988,801.0757839754694,-0.6839796532264675,-2.8846404046490255,800.9258038131463,-0.8339598155495942,-156.4602793664095,881.2625559189408,0.705964894305904,-155.32300675360028,532.39982853175,1.8432375071151097,-157.61149782278767,80.11133746256267,-0.44525356207225686,-6.670554445439877,797.1398897723556,-4.619873856340446,152.8205412900857,915.0977060047354,-4.345702970629693,156.86565432087315,569.1428190355228,-0.3005899398422569,153.8481021819183,116.125266896568,,3.6314711601374157,807.4419153779328,5.682151749236847
185,1.85,-2.3767208594491187,1701.467022712151,-0.31686103668481125,-4.4324558915292664,1549.411287680071,-2.3725960687649588,2.4110954171982586,1306.2548389887984,4.470955239962566,-0.8384470170396257,1403.0052965545606,1.221412805724682,-0.3036261530583825,1203.5401174185417,1.7562336697059253,-4.633363890455217,1099.210379681145,-2.5735040676909096,0.16361376521014837,1004.0073573368103,2.223473587974456,-201.74265757697796,1491.819247182677,-8.721027191018138,-354.0292350550634,1413.4871667567586,-5.06452899341304,-463.9903512286912,1206.9058906730436,12.896936133796535,-505.37418259736796,1060.4258540958597,2.4633910697112698,2.6859617015643167,827.5604436029182,14.96449949896187,-4.5078043482504055,799.3359392233497,-2.447944525486098,-2.177661380040782,801.6660821915593,-0.11780155727647434,-6.36824425614855,797.4754993154515,-4.3083844333842425,-0.7900427886209167,803.0537007829791,1.269817034143391,200.92921933420126,1498.5471219485316,-1.993152425163406,351.0699689580792,1388.5025954506548,13.48592966558422,472.3516502715978,1227.482425631858,2.1178984513094554,487.2218463002316,1028.7099627076457,-5.451906765435284,-12.473122709532497,800.5221222044185,5.335525666529442,0.6303428516561238,804.4740864232563,2.6902026744204317,1.0175013475742303,804.8612449191744,3.0773611703385377,-1.463229448431376,802.3805141231687,0.5966303743329319,0.6317578847112142,804.4755014563113,2.6916177074755216,-158.07784341624125,880.4326005593848,-1.719742647219911,-153.63251370088875,534.8779302747372,,-157.99720790277746,80.51323607284856,-1.6391071337561165,-7.401052654535852,796.4426909170643,-5.3411928317715445,157.0700468289403,918.5596028533142,0.7119460599189509,155.0848279876613,566.5743840120354,-1.2732727813600213,152.18615386769827,113.67570989207225,-4.1719469013230635,-1.3214488388885404,,0.7384109838757673
186,1.86,0.6824866972634973,1704.5586819502278,2.750885129658753,-3.2010735505875942,1550.6751217023766,-1.1326751181923385,-0.3648856637084624,1303.5113095892557,1.7035127686867932,-3.28920330507054,1400.5869919478937,-1.2208048726752843,0.9449546530590827,1204.8211499060233,3.013353085454338,-2.3385487018726057,1101.5376465510915,-0.2701502694773503,1.9582028003671634,1005.8343980533314,4.0266012327624185,-197.82258635452433,1496.529296212313,-4.357089124749633,-352.71081259275803,1416.7579645351288,-2.0266981708438365,-468.96052609022405,1201.2820757264253,7.941755918220275,-501.89664225455965,1061.7699607456948,4.01485187884173,-1.6804490954796747,824.2697022475917,11.969914966885554,0.7749439190045166,804.6511391719687,2.843342351399772,-2.672091945700486,801.2041033072637,-0.6036935133052301,0.40078586783284176,804.276981120797,2.4691843002280973,-0.04170823533405166,803.8344870176302,2.026690197061204,199.0481926121952,1497.4397240223327,-3.446661314729999,348.9807603056447,1388.4199202240918,12.730483370787756,468.48153846602673,1223.7795735656653,-2.5296578008424517,500.24595994766753,1041.828887724402,7.74761363924269,-9.279428101450971,801.9462487686267,8.66824266308054,-2.9960701034229875,,-0.927671671027732,-3.318379990736571,800.5578152622276,-1.2499815583413154,-4.403430075483347,799.4727651774808,-2.3350316430880915,-3.7232660695403013,800.1529291834239,-1.654867637145046,-151.9951544921903,887.2998704681219,3.5318466307996177,-152.01168032414412,537.2833446361681,3.5153207988457953,-156.22597827774516,83.06904668256695,-0.698977154755261,-1.520879993824154,,0.5475184385711016,153.67656882805682,914.3815438677447,-1.8504322949330811,155.96419552349755,566.6691705631854,0.437194400507658,157.00565309145875,117.71062813114665,1.4786519684688577,-0.8899059635306314,802.9862892894336,1.178492468864624
187,1.87,-2.551586179635756,1701.3561953989738,-0.47529877569623,-3.920252588913077,1549.9875289896966,-1.8439651849735514,-1.0463342847642179,1302.8614472938455,1.029953119175308,-1.0695229634605066,1402.838258615149,1.0067644404790193,-4.134330323765071,1199.7734512548445,-2.0580429198255454,-4.199476140889281,1099.7083054377204,-2.1231887369497553,1.3970031063402233,1005.3047846849497,3.473290510279749,-202.840382433402,1492.3072858695612,-8.926465708044493,-351.20234410826066,1420.170982600528,1.1952029892525111,-465.86203262688997,1203.65339404232,10.956432039708712,-500.4014969967142,1061.0697754345142,3.536559002788456,-4.733390418899655,822.2141838058187,10.204850962513209,2.989688258878605,806.8974698374881,5.065975662818131,-1.476464024152824,802.4313175544567,0.5998233797867021,1.727000535471413,805.6347821140808,3.803287939410939,-4.506402114382019,799.4013794642275,-2.4301147104424934,198.5368029441519,1497.7020305169885,-3.5317210606170906,344.43007934777035,1385.8917167719017,9.467938708176078,468.83616167788875,1224.327339022414,-2.871849717932947,494.6424033496815,1036.2849150623908,2.248425110615379,-8.405681777731147,800.957998076061,9.546802666571596,2.0768906629873687,805.9846722415969,4.153178066926895,3.2737931562781855,807.1815747348876,5.3500805602177115,-0.17966730553538368,803.7281142730741,1.8966200984041421,-5.006845568390527,798.900936010219,-2.930558164451001,-154.06778036229846,886.0087073393779,0.6075925475500346,-151.07095562126042,539.005532080416,3.604417288588077,-152.04079441358144,88.03569328809493,2.6345784962670646,-2.452436838932047,801.4553447396775,-0.37614943499252107,154.86894073985707,914.7924530381807,0.19356783000856914,159.9089662890928,569.8324785874165,5.233593379244322,154.25749755399437,114.18100985231803,-0.4178753558541141,-4.62022651586846,799.287555062741,-2.5439391119289336
188,1.88,-4.632567998711378,1699.3059170931783,-2.549050065588842,-5.176609922009778,1548.7618751698799,-3.0930919888872412,-0.28055402755845615,1303.6579310643313,1.8029639055640803,-2.5302240363110564,1401.4082610555786,-0.4467061031885201,0.48921594307439764,1204.4277010349642,2.572733876196934,-3.077692213970107,1100.8607928779197,-0.9941742808475705,,1003.1974696131257,1.3425024543584931,-202.40686801298708,1493.541412272586,-8.04061936042076,-355.59590986338077,1417.628294118465,-1.4971891582127865,-465.7664424372721,1202.949032591206,10.869419512680343,-500.0066905668941,1059.2197138414672,1.9252093393329301,-3.6953137751657574,824.1619027041934,12.436009903483527,2.147068145140775,,4.230586078263311,-3.2958432068771826,800.6426418850126,-1.2123252737546464,-4.210759764582559,799.7277253273072,-2.1272418314600228,-0.424791678623506,803.5136934132662,1.6587262544990304,193.40909187434033,1493.3471326848016,-8.234898948205025,347.73299361398875,1391.226892722014,14.008407700835217,467.39427921865007,1223.1042000592613,-4.927655954718772,495.2433896123341,1036.9151707400279,2.8846944820409566,-7.612328100167593,799.8057952360198,10.212829301201545,-0.9013009005052881,803.0371841913844,1.182217032617248,-3.105684479481207,800.8328006124085,-1.0221665463586702,-1.0180682323526364,802.9204168595371,1.0654497007699,-2.735199399766216,801.2032856921235,-0.6516814666436795,-148.80025106062988,892.0545476782938,5.005470429622216,-153.61344192530518,537.2413568136186,0.1922795649469317,-153.4353615064721,87.4194372324516,0.370359983779986,-0.7623866197912222,803.1760984720985,1.321131313331314,153.10717471327345,912.2523759743497,-0.6985467769786631,157.0353358459429,566.1805371070192,3.2296143556907966,152.39881435474902,111.54401561582534,-1.4069071355030822,2.658250165784338,806.596735257674,4.741768098906874
189,1.89,-1.6891207735570366,1702.2791677964199,0.40096065649969387,-3.6237576099580817,,-1.533676179901351,-0.39372330777625253,1303.5745652622008,1.696358122280478,-3.0028356445880426,,-0.9127542145313119,-0.348028210665845,1203.6202603593113,1.7420532193908855,-1.5940705293826989,1102.3742180405943,0.49601090067403175,-3.464652373847241,1000.5036361961297,-1.3745709437905103,-200.14318513971793,1496.6095468761637,-5.321334916736357,-357.7820670615879,1417.2336477967403,-2.0006578771757138,,1198.6494735503,7.160556854350214,-497.99979501946626,1058.9448709625353,1.90814917361172,-7.727126401484378,820.942814316011,9.492265109007594,-7.071028117622867,796.8972604523541,-4.980946687566137,-4.547465100283782,799.4208234696932,-2.4573836702270513,-4.623951476470771,799.3443370935063,-2.5338700464140405,-6.427788998450934,797.5404995715261,-4.337707568394204,196.62503966065475,1497.3340637884187,-4.59681800448138,343.28217243289464,1388.8119651382917,10.739775769259044,466.5389392476241,1222.4927311137337,-6.3120845642166055,492.6789620507379,1034.3551440250312,0.28904093914955586,-6.25243172640662,799.1461878706946,11.316344191261559,-1.680674246693243,802.2876143232837,0.4094071833634875,-2.016188968355079,801.952099601622,0.07389246170165154,1.3277047547531426,805.2959933247301,3.417786184809873,-4.302432336730561,799.6658562332465,-2.2123509066738305,-156.18626096892973,885.4437178407319,-3.2656386967727618,-154.6637203813723,536.9662584282894,-1.7430981092152988,-150.7114145307846,90.91856427887703,2.2092077413723743,-0.47041311390709306,803.4978754560699,1.6196683161496375,150.61925732107363,908.989278511412,-2.30136495108334,152.469180765586,560.8392019559243,-0.4514415065709916,154.8950239974516,113.26504518778992,1.9744017252946096,-3.0517924965383454,800.9164960734387,-0.9617110664816151
190,1.9,-2.716747133932075,1701.2804278970455,-0.6207776101529833,-1.6907788542118758,1552.3063961767657,0.4051906695672156,-1.7700565838745077,1302.227118447103,0.3259129399045839,-0.10988185636880132,1403.8872931746089,1.98608766741029,3.535875316079472,1207.533050347057,5.631844839858563,-2.6608189013804746,1101.336356129597,-0.5648493776013831,0.9854891542821644,1004.9826641852596,3.081458678061256,-198.76341888634943,1498.7966145450641,-3.4833418930060467,-356.1518844318613,1420.5904526586887,1.287582378036168,-467.93710530638896,1198.964566296593,8.039137563200685,-501.59400474376,1053.0449329889843,-3.71273584906469,-6.660478373559873,822.7166116437149,11.532462295701738,-0.7539345217217729,803.2432405092558,1.3420350020573186,-3.103747162712315,800.8934278682652,-1.0077776389332236,-1.0337025560470057,802.9634724749305,1.0622669677320857,-0.11996352196910798,803.8772115090084,1.9760060018099836,195.3893691569824,1496.8666041796976,-5.413352258372594,341.41845261750694,1388.9816468728377,9.998285976425608,468.1635611246646,1224.385686472526,-5.130096784652256,494.40087770442256,1036.0625081979063,1.9163802554643978,-5.975906046431567,797.3395517006898,11.211500015539231,-5.154053957203145,798.8431210737743,-3.0580844334240536,1.3228325960438554,805.3200076270214,3.418802119822947,0.5740348540766507,804.5712098850541,2.6700043778557423,-0.4165940917031403,803.5805809392743,1.6793754320759513,-153.0844093886342,889.3176903276225,-1.0616966776510453,-154.70564962028757,537.6964500959691,-2.682936909304413,,87.94586961897782,-2.4335173862957094,2.114136967511331,806.1113119984889,4.210106491290422,148.25682326789578,905.854723551639,-3.7658894430873846,153.97130859088776,561.569208874631,1.9485958799045866,157.31594432371108,114.91384460745435,5.293231612727891,-2.5479207268857897,801.4492543040917,-0.45195120310669823
191,1.91,1.3143561230241592,1705.339483864,3.415530189739502,2.695112545987916,1556.7202402869636,4.796286612703259,-4.798469699635398,1299.2266580413404,-2.6972956329200555,-1.00066001444321,1403.0244677265325,1.1005140522721328,-0.35559808175700125,1203.6695296592188,1.7455759849583417,-1.6517095923354692,1102.3734181486404,0.4494644743798737,-2.915544450053085,1001.1095832909226,-0.814370383337742,-202.3879897053043,1495.9812024565351,-6.647705925853019,-356.9393708138608,1421.4593682577088,2.1274800491906185,-463.9706968421036,1201.9200340940247,11.530416005976502,-497.31210904933545,1055.010109016199,-1.4451107682689992,-8.1379763187456,821.8325920906516,10.905289351901155,-3.1531225712402913,800.8720051697354,-1.0519485045249484,-2.1386274370593257,801.8865003039164,-0.037453370343982884,2.1947910615403154,806.219918802516,4.295965128255658,-0.1477198024708164,803.8774079385049,1.9534542642445265,191.58927264984393,1493.8310093245984,-8.797899057789692,343.8945196441332,1393.4825482176348,13.532238106522566,460.6203892241897,1217.134456135105,-13.028158118187656,493.74891806052153,1035.383363718546,1.110191104786717,-0.8168930161903027,800.362638674092,15.869154409518757,-0.2971891962388855,803.7279385447368,1.8039848704764574,-5.593664729194216,798.4314630117815,-3.4924906624788727,1.2416025631573697,805.266730304133,3.342776629872713,-0.7157289201192284,803.3093988208565,1.3854451465961146,-150.16661199073934,893.0046689617224,0.9480720714313269,-156.2937145121834,536.8775664402783,-5.179030450012726,-155.36787389558575,87.80340705687597,-4.253189833415064,-2.172364941611466,801.8527627993642,-0.0711908748961233,153.76387099303827,910.5925900405765,2.6491869308675744,153.93992227172166,560.7686413192599,2.8252382095509834,147.79437915505557,104.62309820259385,-3.3203049071151143,0.30321174820641694,804.3283394891821,2.40438581492176
192,1.92,0.31826389715655146,1704.3703941181573,2.423951036225402,-4.100681816890235,1549.9514484041104,-1.9949946778213845,-1.3935708533106412,1302.65855936769,0.7121162857582093,-1.7974214188602873,1402.2547088021404,0.30826572020856335,-0.08525910764875788,1203.966871113352,2.0204280314200926,1.6088166457499173,1105.6609468667505,3.714503784818768,-0.6118223618644401,1003.4403078591362,,-201.96041989578598,1497.2187948905844,-5.758594326557414,-359.7755944634875,1420.2042035456125,0.8820494151850331,-470.3943949700308,1194.4184377674349,4.536570013393073,-498.7607335594301,1051.246793138779,-4.880550668520289,-11.203832335840929,819.2390849972847,8.558705053116151,-2.730239732559279,801.3218904884413,-0.6245525934904286,2.808081062489384,806.86021128349,4.913768201558234,-4.265594135471066,799.7865360855296,-2.1599069964022153,,804.0064299423186,2.059986860386813,196.5965989857613,1499.5981981090063,-3.37919110813557,341.7685739451873,1393.366863402323,12.395672127862905,462.6285913126963,1219.4571671672993,-11.286143584746451,498.41810085687524,1040.0193783056807,5.569677809670434,-2.8653196358036364,796.1369429823337,13.205259936387883,-1.750093562546991,802.3020366584536,0.3555935765218594,-1.3412864381866592,802.710843782814,0.7644007008821914,1.2942353474435582,805.3463655684442,3.3999224865124087,-1.1069913941274498,802.9451388268732,0.9986957449414007,-154.92011978526853,889.017566321407,-4.720846872050798,-150.75926500201564,543.17842110466,-0.559992088797912,-153.19591742822536,90.74176867845014,-2.996644515007635,-0.5747957159837755,803.4773345050169,1.530891423085075,148.53262500870036,904.5949389020249,-1.6666479045173568,150.87346329557474,556.9357771888992,0.6741903823570152,154.36885709540326,110.43117098872774,4.169584182185523,-0.9803821919878587,803.0717480290128,1.125304947080992
193,1.93,-0.49926775974891635,1703.5788984941664,1.610233293383426,0.8618530863414526,1554.9400193402569,2.971354139473795,-0.2965928585136264,1303.7815733954017,1.812908194618716,-0.30993921609430974,1403.768227037821,1.7995618370380326,-3.6826364003964542,1200.3955298535188,-1.5731353472641116,2.5592581494898057,1106.637424403405,4.668759202622148,-1.0393524698231995,1003.038813784092,1.070148583309143,-199.5762694893653,1500.4128386017119,-2.912211055709529,-361.0205501361101,1420.4600672713366,1.1855252476733613,-466.5393541600863,1197.13076556978,7.728289399469212,-499.16866586173427,1048.5391422917405,-7.2329838489124825,,,14.135924234449943,-2.3196899549730494,801.7584762989421,-0.21018890184070688,-2.8868775438585415,801.1912887100567,,,798.5768089185996,-3.3918562821832685,-0.8893957871472548,803.188770466768,1.2201052659850877,194.66735238867562,1498.4232528232878,-4.901796834133535,341.371194183395,1394.9592537330998,12.915247840106966,463.13740839734885,1220.3018374414817,-10.954190233691648,496.79433718391914,1038.3633688241655,3.685374272537386,-6.473890202584057,790.3216264720959,8.873811524073915,-1.3036017603662444,802.774564493549,0.805899292766098,-2.405735614583481,801.6724306393318,-0.29623456145113863,-3.45201925102141,800.6261470028938,-1.3425181978890672,-0.3137157609947099,803.7644504929204,1.7957852921376325,-149.47868142053412,895.2228376385808,-0.19942889735157543,-145.9794761431608,548.722042915954,3.2997763800217395,-154.01273504643424,,-4.733482523251709,-4.871489076040746,799.2066771778744,-2.761988022908403,154.38927625971746,909.6877572006026,5.110023736534929,154.03216180421893,559.330642745104,4.752909281036391,156.71553802052455,112.01401896140968,7.436285497342005,-0.3959943293811776,803.682171924534,1.7135067237511648
194,1.94,-1.7220870243894004,1702.3811328668344,0.39052133313109993,-1.242981045207455,1552.8602388460163,0.8696273123130456,-1.0762152146412802,1303.0270046765825,1.0363931428792204,-4.6740284278431,1399.4291914633807,-2.5614200703225998,-1.012124406283291,1203.0910954849405,1.1004839512372093,-0.8778792494826081,1103.2253406417412,1.2347291080378924,-4.32123774891957,999.7819821423043,-2.208629391399069,-205.9796012036101,1494.8182791208917,-8.8532607693267,-361.0685049477923,1421.828038845982,2.638038100320891,-467.5518841358596,1194.9131185868114,5.961459757974051,-494.3702245395984,1051.0656115231966,-4.32217697362525,-10.46095714503012,820.5370474816359,10.320448489409403,-7.108156664452104,796.9950632267718,-4.995548306931604,-1.306346179285498,802.7968737119384,0.8062621782350023,-2.862092479435069,801.2411274117889,-0.7494841219145686,-3.0174403032595594,801.0857795879643,-0.9048319457390591,192.72252185624768,1497.2262497129104,-6.445290177308024,340.34930829468277,1395.90083808907,12.73423142861525,460.56451964330483,1218.0847453460628,-13.614333310908112,500.75269206363856,1042.297483866897,7.337347830634685,-2.826539174202873,791.7449793006257,11.698327114438312,1.3867718232658666,805.4899917144897,3.499380180786367,-5.122008927195978,798.9812109640279,-3.0094005696754778,-0.622903388976574,803.4803165022473,1.4897049685439265,-0.47757925912033206,803.6256406321036,1.6350290984001683,-151.25419170672035,894.2088282843016,-2.896767708298807,-148.9643981126952,546.4986218783267,-0.6069741142736409,-151.22313051440662,94.23988947661533,-2.865706515985091,4.142393774652553,808.2456136658765,6.255002132173053,152.51386491343985,907.0508449224178,4.156440915018318,150.39476422481087,554.9317442337888,2.037340226389322,155.94062467465318,110.47760468363118,7.583200676231643,-0.14316640503820444,803.9600534861856,
195,1.95,-2.357729639935523,1701.7695458198612,-0.24272779861394594,-0.7838200716087071,1553.343455388188,1.33118176971287,-3.0284650467186904,1301.0988104130781,-0.9134632053971132,-4.538441107238946,1399.5888343525578,-2.4234392659173696,0.9173163207350188,1205.0445917805318,3.0323181620565958,1.3714559560690687,1105.4987314158657,3.4864577973906457,-3.0946492784473776,1001.0326261813492,-0.9796474371258004,-201.6340374649042,1499.9705049850227,-4.046004938866762,-366.95629205646156,1417.2668905712494,-1.8026588885389447,-464.41121280349955,1196.7889423534846,,-492.640294715814,1050.5638243672722,-4.408884394399534,-10.289816952842553,820.7798141421808,10.780512076583205,-6.772268757452866,797.3550067023438,-4.657266916131289,-5.125205898901195,799.0020695608954,-3.010204057579618,-3.2552896633351773,800.8719857964614,-1.1402878220136003,-2.990943397025054,801.1363320627715,-0.8759415557034766,194.84958332300553,1500.0937622815964,-3.9227476422931087,340.54149453951305,1398.0245129465754,13.687811104335399,466.92165314683825,1224.8160462325172,-7.2548952943304705,498.3825040147352,1039.9182432749944,4.6202591366296755,,787.8342391041922,9.101684704401562,0.2546575348313709,804.381932994628,2.369659376152948,-5.145141610742913,798.9821338490536,-3.0301397694213357,-0.21375981906757557,803.913515640729,1.9012420222540016,-3.45718937413469,800.6700860856619,-1.3421875328131125,-154.2673295897764,,-6.830722255742858,-151.80364377044427,544.418817454357,-4.367036436410716,-155.46494297177975,90.7575182530216,-8.028335637746219,0.8218729683746535,804.9491484281713,2.9368748096962305,156.7121964559612,910.4897352311598,9.275589121927641,153.468771569577,557.2463103447757,6.032164235543455,151.25450723955308,105.03204601475176,3.8178999055195457,-1.8522172424434304,802.2750582173531,0.26278459887814676
196,1.96,-2.4283844345626044,1701.7219331339445,-0.3117098963964123,-1.5431410929851945,1552.607176475522,0.5735334451809975,-2.35967978693461,1301.7906377815725,-0.2430052487684175,-2.6831202624461667,1401.467197306061,-0.5664457242799747,-2.7225583409846137,1201.4277592275225,-0.6058838028184217,-2.8479549294810487,1101.3023626390261,-0.7312803913148567,-0.6591368899429455,1003.4911806785643,1.4575376482232465,-205.5658662492093,1496.8422431434708,-7.51736679516673,-366.7559774326175,1418.7004359036405,-0.2138370250835,-467.2328136694119,1192.6456929134413,4.509487417300165,-494.29992386044074,1046.7248853521355,-7.800554473963803,-9.07522709472485,821.92279145099,12.131729777347394,-1.6861596732957298,802.4641578952114,0.4305148648704622,-0.22533528662224467,803.9249822818849,1.8913392515439473,-5.901362025654582,798.2489555428526,-3.78468748748839,-3.369323063296671,800.7809945052105,-1.252648525130479,192.87471485251774,1498.8510776077294,-5.508532330908168,340.81146618489964,1400.1884554865057,14.636595393442413,463.3876769517239,1221.6728699647208,-10.697393415423026,,1045.1166715386337,9.423514869977621,-0.6231915637736556,789.4987224334898,11.989269454604047,0.7848726000444581,804.9351901685517,2.9015471382106504,0.8025854458092545,804.9529030143165,2.9192599839754467,-3.3873669707880163,800.7629505977192,-1.270692432621824,-0.7387595153880298,803.4115580531192,1.3779150227781622,-148.46034364679616,898.5197992678779,-1.9407112957264214,-154.5763465684421,542.4037963462321,-8.05671421737235,-151.6657706787856,95.31437223588856,-5.146138327715873,0.22748235318876553,804.377799921696,2.3441568913549578,150.09120638228973,903.1110634676155,3.5715740312199795,156.13179972716406,559.1516568124899,9.612167376094334,151.72336460048703,104.74322168581284,5.203732249417301,0.22838733025019708,804.3787048987574,2.3450618684163893
197,1.97,-6.051212104290666,1698.1211190104912,-3.9335923740792014,-6.39644905990059,1547.7758820548813,-4.278829329689124,0.43501514230137683,1304.6073462570832,2.5526348725128423,-2.1960921429816214,1401.9762389718003,-0.07847241277015596,-3.6565290916515147,1200.5158020231304,-1.538909361440049,-3.447513508134901,1100.7248176066469,-1.3298937779234352,-2.3147463557690595,1001.8575847590129,-0.197126625557594,-203.75347117004785,1499.454130110812,-5.246360526853682,-364.3283470988903,1422.2640563202372,3.538739626952656,-465.12934879158644,1193.3738862946993,5.602282628852922,-492.44070652564085,1046.4689067451086,-7.575820677149903,-10.35790752001525,820.4219478253275,10.830848645505752,-1.353551026476501,802.8187800883055,0.7640687037349645,-3.7223529681647194,800.4499781466172,-1.6047332379532537,-3.3500544715091696,800.8222766432727,-1.2324347412977037,0.5233209612487091,804.6956520760307,2.6409406914601745,195.05417599352361,1501.7535768075038,-2.946913830161854,337.4061693171934,1398.6342392196966,11.824723522388691,,1226.0772419929474,-6.518623227670789,503.082331408147,1044.6742529494845,8.527241018193074,-2.9223728255427286,784.9993547057275,8.618517049266627,-7.736350529361056,796.4359805854209,-5.61873079914959,-0.7094202725138194,803.4629108422681,1.4081994576976462,1.0116299412834366,805.1839610560654,3.129249671494902,-1.195013051661845,802.9773180631202,0.9226066785496205,-151.5956138106627,896.1407747973851,-5.986284250606207,-152.45491749056148,545.2814711174864,-6.845587930504984,-147.51527483603172,100.2211137720161,-1.9059452759752182,-3.885055586321827,800.2872755284601,-1.7674358561103616,155.28742918246652,907.5510405744187,9.678099622410024,150.82155681973072,553.0851682116829,5.212227259674207,151.62355702011462,103.88716841206681,6.014227460058107,-6.045314069459678,798.1270170453223,-3.9276943392482133
198,1.98,-1.9976796867992168,1702.195621604259,0.12015126523952134,-4.5287429768847876,1549.6645583141733,-2.4109120248460494,-6.050280343795675,1298.1430209472624,-3.9324493917569368,,1404.022869717214,1.9473993781946968,2.816347109579873,1207.009648400638,4.934178061618611,-2.1849540784291888,1102.008347212629,-0.06712312639045048,4.984722532440154,1009.1780238234982,7.102553484478891,-203.46016330122666,1500.5418813766453,-4.496922222002536,-367.35902662347166,1420.2685949495456,1.764712794815689,-470.1735020222103,1186.9042566660694,-0.5313926004452272,-490.0151289022225,1046.8545793770102,-6.674947461916938,-11.372083843876226,819.0407219811983,9.642294519206256,-2.4736491612778253,801.7196521297802,-0.355818209239087,-4.7152711121463815,799.4780301789117,-2.5974401601076433,-1.167615557944647,803.0256857331134,0.9502153940940911,2.052904990552038,806.2462062816101,4.170735942590776,,1503.7777703187935,-1.261033279854212,339.6163424042939,1402.6474106865792,14.540436466381287,463.27360128398635,1222.3825568859324,-10.364189273205989,506.55111625791517,1048.222390107816,11.561758205502073,1.0201720888759507,786.77511044831,11.425365028532637,-2.506589533949014,801.686711757109,-0.38875858191027557,0.27125674793822974,804.4645580389963,2.389087699976968,-2.265728837325055,801.927572453733,-0.14789788528631667,-3.4832363933903534,800.7100648976676,-1.3654054413516152,-147.89965820015448,900.591882498176,-3.191137218397794,-149.78568030921187,548.7058603891187,-5.077159327455183,-152.962790542717,95.52875015561358,-8.254269560960283,1.2649778256725037,805.4582791167305,3.382808777711242,,901.5624076414174,,151.80141756199512,553.3098768636646,7.0928965802384205,150.13288578944255,101.64134509111199,5.424364807685848,1.9207889310516015,806.1140902221097,4.038619883090339
199,1.99,-3.962767342072649,1700.250446249075,-1.8454653476095682,-0.6841647290959614,1553.5290488620517,1.4331372653671195,-3.845750037836835,1300.3674635533107,-1.7284480433737541,-3.5673283971135152,,-1.4500264026504341,-2.7270725755210163,1201.4861410156266,-0.6097705810579357,-2.810532830864748,1101.402680760283,-0.6932308364016669,-3.12916967971434,1001.0840439114332,-1.0118676852512591,-207.9891860290886,1496.801287776096,-8.572913849070808,-365.9660043771444,1422.5928454097477,4.34162383105433,-470.97090023021383,1184.6348255119667,-2.493350030485317,-492.392040055638,1042.5236213903388,-10.45539700647338,-12.381272272453707,817.5142695314481,8.302407646252869,-5.057688666311035,799.1555249248365,-2.9403866718479543,-4.528177506563593,799.685036084584,-2.410875512100512,2.394267291299713,806.6074808824472,4.511569285762794,-1.8581255188980883,802.3550880722495,0.2591764755649926,190.83852822388855,1498.9531234851627,-6.42107814000399,338.1708550228126,1402.951844586836,13.510426030175116,460.93113769485564,1220.4688226929786,-12.353264461349205,509.63156899464025,1051.4254551865772,14.190648352610376,2.434610782240436,786.0687838394117,11.650032057664367,-5.881523543173959,798.3316900479736,-3.764221548710878,-4.556304288437342,799.6569093027102,-2.4390022939742613,-0.5256180664359846,803.6875955247116,1.5916839280270962,-2.919260492441598,801.293953098706,-0.801958497978517,-152.06360198319194,897.1823538071712,-8.243591026827293,-151.1939100477832,548.05204574258,-7.373899091418549,-151.43540628180367,97.8105495085596,-7.615395325439018,0.3711366459507808,804.5843502370983,2.488438640413862,152.606508990646,903.3605532002828,8.786498034281355,151.07731730445875,551.8313615140955,7.257306348094081,152.59421463354823,103.34825884318496,8.774203677183586,-2.4967932145003346,801.7164203766472,-0.37949122003725355
200,2.0,-2.3215128224659938,,-0.20548591421309045,-2.005171161610027,1552.226882654896,0.11085574664287627,-1.799717723614883,1302.4323360928909,0.31630918463802044,-3.571718818878858,1400.660334997627,-1.4556919106259545,0.05603294723626684,1204.288086763742,2.17205985548917,-0.49444446273534903,1103.7376093537705,1.6215824455175543,-4.535492194254239,999.6965616222516,-2.4194652860013353,-207.36367587506695,1498.208255878658,-7.498083219112781,-366.0443719921315,1423.3388223719724,5.3701893330228385,-467.7732665566017,1186.3177378031526,-0.5312094877698454,-488.27938883020516,1044.7779665842697,-7.614654987491847,-10.210074172004177,819.0176917906484,9.987658999610352,,801.146274917974,-0.9697519902789726,-3.6566410607666113,800.5754127557392,-1.540614152513708,-0.7681780685880764,803.4638757479178,1.347848839664827,-4.487610215403089,799.7444436011027,-2.371583307150186,190.49851742238172,1499.3035846642997,-6.402754433471251,336.59315481224274,1403.0662063442924,12.256290980785685,461.88198765248006,,-10.964667615326137,506.26810949856304,1048.2343190728463,10.36429767712814,0.5553082506288334,782.1271610779708,8.537196637565685,-0.9829951952060274,803.2490586212998,1.1330317130468759,-1.4253677943986127,802.8066860221072,0.6906591138542907,0.5322199232004237,804.7642737397063,2.648246831453327,-0.07040571769525217,804.1616480988106,2.045621190557651,-153.48508636604086,896.5149136339592,-10.538509393550545,-150.304108536419,549.695891463581,-7.357531563928659,-154.14525384737948,95.8547461526205,-11.198676874889147,-0.5811749743545402,803.6508788421513,1.534851933898363,151.30963853055317,901.3096385305532,8.36306155806285,147.7589218723882,547.7589218723882,4.812344899897875,146.14528965081038,96.1452896508104,3.198712678320058,-0.02033977378023577,804.2117140427256,2.0956871344726675
201,2.01,-2.0453583360502594,1702.2044497463505,0.06864167170767477,-6.120234940713097,1548.1295731416876,-4.006234932955163,0.324588725210361,1304.574396807611,2.438588732968295,0.44294809663018686,1404.692756179031,2.556948104388121,-3.317388956107963,1200.9324191262926,-1.2033889483500289,-2.1358699249490387,1102.1139381574517,-0.021869917191104413,-1.9957030028634322,1002.2541050795372,0.11829700489450204,-204.37048371593323,1501.9749879664207,-4.059884357873841,-369.3038500369757,1420.7942457941147,3.136790474901373,-465.68478924440257,1186.8528816558987,0.25521768574279813,-491.7888397354667,1039.515079657937,-12.254928003783032,-12.016688581430992,816.3935382505928,7.542138832440088,1.2985099339692074,805.5483180163699,3.4125099417271416,-4.945255926258026,799.3045521561427,-2.8312559185000925,-0.2357597134320235,804.0140483689687,1.8782402943259107,-2.8378798307981987,801.4119282516025,-0.7238798230402644,189.71604550646532,1499.1990722466733,-6.835800077621398,,1400.963785261166,8.754363401831121,463.86873201222846,1224.2859903199108,-8.457811202891682,509.8392219747956,1052.0335341606851,13.467091706283867,4.874589842180355,784.4546892651343,11.589669923585806,-6.687588848668915,797.5622192337318,-4.573588840910981,3.247503673419878,807.4973117558205,5.361503681177812,-1.143630843560343,803.1061772388404,0.9703691641975911,-5.327548766800073,798.9222593156006,-3.213548759042139,-150.67954792637224,900.0744962832645,-8.588587379036479,-148.69914123780663,552.0549029718301,-6.60818069047088,-146.96071492866628,103.79332928097043,-4.869754381330534,-2.415942306022657,801.833865776378,-0.3019422982647225,145.2214795207451,894.4674353111084,3.1305189734093517,147.85588739750398,547.1018431878673,5.76492685016824,151.00461266978968,100.250568460153,8.913652122453938,-0.9881454248041952,803.2616626575965,1.125854582953739
202,2.02,-3.3897286812185072,1700.8767341427629,-1.2785128067745666,-2.746225838962123,1551.5202369850192,-0.6350099645181821,2.1311895916202284,1306.3976524156017,4.242405466064169,-4.8240688340189175,1399.4423939899625,-2.712852959574977,-3.2752723010921425,1200.9911905228894,-1.1640564266482023,1.3978744081579908,1105.6643372321394,3.5090902826019312,-2.9976330353360043,1001.2688297886456,-0.8864171608920638,-206.98093714851336,1500.1292208533582,-6.230239035733399,-365.8633543067703,1424.837983389704,7.51892059859712,-464.7873647165497,1186.1626328444338,-0.2113301235356394,-488.1151490918646,1041.5485176385116,-9.56259326328068,-11.58844560120952,815.8562796291926,7.182014470060035,-3.094924778830933,801.1715380451506,-0.9837089043869925,-1.525212219754609,802.7412506042269,0.5860036546893316,-4.836246384952778,799.4302164390288,-2.725030510508838,0.12531842737033738,804.3917812513519,2.236534301814278,190.6475632889959,1500.7952372809618,-5.564222608129679,336.0767994631318,1405.7424191295975,12.105626154177392,459.71405635230934,1220.577169963936,-12.012303090348905,510.76688995981647,1053.2506963034016,13.926787716573653,4.953085114060307,782.6237282878628,10.378649141246196,0.3040140425365623,804.5704768665181,2.4152299169805027,-2.7932873580560647,801.4731754659255,-0.6820714836121243,2.1292264927659037,806.3956893167474,4.240442367209845,-1.4239400955167003,802.8425227284648,0.68727577892724,-149.54130423937465,901.9671550622948,-8.285446049971508,-148.73723055038417,552.7712287512853,-7.481372360981018,-149.48372289481074,102.0247364068587,-8.2278647054076,-4.7478014259488095,799.5186613980327,-2.6365855515048686,156.91236892436513,905.4039096226957,15.656510734961973,150.1102880013052,548.6018286996357,,149.0657223705083,97.55726306883886,7.809864181105137,-7.019033350904872,797.2474294730766,-4.907817476460931
203,2.03,-0.03781709319631066,1704.2441877090484,2.0698522671362234,-0.8555822997861842,1553.4264225024585,1.25208706054635,-0.14243724010614578,1304.1395675621386,1.9652321202263883,0.1607750978743261,1404.442779900119,2.26844445820686,-2.5719962021769436,1201.7100086000678,-0.46432684184440937,-1.9902477605090805,1102.2917570417355,0.11742159982345374,-6.393728084499482,,-4.286058724166948,-208.44855559703618,1499.4165119459974,-7.263251054831478,-372.1411798716955,1419.0498741568974,2.095013870596655,-460.57314108412294,1188.7592980260986,2.581875010018588,-491.57281536028654,1036.5712240766168,-13.84491386427539,-9.092770340578534,817.2413417207085,8.744547669882152,-3.4839632213914893,800.7980415808532,-1.3762938610589552,,799.4023169449035,-2.7720184970085735,-2.503957869592552,801.7780469326522,-0.39628850926001785,-0.9477791448027759,803.334225657442,1.1598902155297584,193.57345907553054,1504.3716870644678,-2.308075936361028,334.30092433292907,1405.4586774025513,10.369888562857268,462.3780463568412,1223.687563705573,-8.670641338488279,508.2780649287444,1051.1178443138479,10.975922905291702,4.183788264391757,780.038522158341,8.307688063443475,1.4904282898133099,805.772433092058,3.598097650145844,-2.156327346527474,802.1256774557172,-0.04865798619493994,3.5266185031028603,807.8086233053475,5.634287863435395,-2.5372367663416897,801.744768035903,-0.42956740600915577,-148.40778723868323,903.8558241532689,-7.963874763783741,-143.29810718919535,558.9655042027568,-2.8541947142958684,-150.12385542222694,102.13975596972523,-9.679942947327437,-2.412919807959405,801.8690849942852,-0.3052504476268712,152.76016238280258,900.4965509908504,12.316249907903096,149.1908830377237,546.9272716457715,8.746970562824202,151.30172562654593,99.03811423459378,10.857813151646434,-1.7530614484264457,802.5289433538182,0.3546079119060884
204,2.04,-4.909276838903387,1699.3871442709901,-2.805921247558917,-5.338585630616253,1548.9578354792773,-3.2352300392717828,-3.7520462376985613,1300.5443748721948,-1.6486906463540913,-2.3085499516380694,1401.9878711582553,-0.20519436029359933,-0.9540956072747664,1203.3423255026187,1.1492599840697038,-4.026296264633144,1100.2701248452602,-1.9229406732886747,-0.3243497993061375,1003.9720713105872,1.7790057920383324,-206.63793449758617,1501.9713562094955,-5.024089629001637,-368.5556249202055,1423.010110903601,6.443832922968524,-463.3429736278164,1184.3466451817567,-1.6609225530827552,-485.1187089033801,1041.6328512073176,-8.052724395814485,-8.681597637054836,816.4006798179965,8.083651431009736,0.639084574214309,804.9355056841077,2.742440165558779,-0.7793494848236628,803.5170716250698,1.324006106520807,-2.8579676566853247,801.4384534532081,-0.7546120653408546,-2.247957541884676,802.0484635680087,-0.14460195054020591,187.5238137981932,1498.957741225495,-8.037704613001916,329.6684111702493,1402.243717671051,5.6816350961736415,461.0484427148007,1222.8021785116252,-9.247948419145374,509.72939444981137,1052.9961236213082,11.97648482899962,,784.0662922590079,12.743787022708386,-2.770836555432288,801.5255845544611,-0.6674809640878179,-2.3027123276723787,801.993708782221,-0.19935673632790865,-2.2862154319519203,802.0102056779415,-0.18285984060745034,-2.3968891978279485,801.8995319120655,-0.29353360648347865,-147.22665326570916,905.7932038196167,-7.568949996996369,-143.04360587061313,559.9762512147128,-3.385902601900355,-148.39404643414085,104.62581065118499,-8.736343165428064,-4.21891367375391,800.0775074361395,-2.1155580824094407,149.4619935308542,896.4421364455285,9.804290262141405,148.1877924643025,545.1679353789767,8.53008919558973,151.17166124921087,98.15180416388507,11.513957980498091,-7.400308241625898,796.8961128682676,-5.296952650281428
205,2.05,-3.5662560185252703,1700.743443158564,-1.4679860479803648,-3.3326526002750567,1550.9770465768145,-1.2343826297301517,-6.609034009721446,1297.700665167368,-4.51076403917654,-4.248313278404772,1400.0613858986846,-2.1500433078598666,0.42279522006301695,1204.7324943971525,2.521065190607922,-3.515646812314783,1100.7940523647746,-1.4173768417698773,-0.0016427150627955633,1004.3080564620268,2.0966272554821095,-210.05532150140576,1499.2866110958964,-8.019564799382481,-371.6019134453873,1420.222322697003,4.067556389224995,-461.4988724394956,1184.527441133378,-1.3364281594245613,-486.4866271406117,1039.0051644960438,-9.915032371244381,-10.466332881378461,813.2277984335465,5.094891098490734,-2.898513368764917,801.4111858083247,-0.8002433982200119,-3.60141037570731,800.7082888013823,-1.503140405162405,-1.5984190039273094,802.7112801731623,0.49985096661759565,-3.0150689428778583,801.2946302342117,-0.916798972332953,186.5341636667967,1498.5881952952955,-8.71798059998326,329.7305326799341,1403.6452966146462,5.592028223870694,456.03702878141263,1218.2299905390994,-13.43557165096835,510.4513278329692,1054.2198326532564,12.263962614395576,7.705977756700469,780.2516222791629,9.231772280917566,-1.5592484937448057,802.7504506833448,0.5390214768000994,,801.6665572119797,-0.5448719945649427,-0.08318281423058727,804.226516362859,2.015087156314318,-3.061856055642567,801.247843121447,-0.9635860850976621,-143.44280413177924,910.3347346434193,-4.543065011338361,-148.88817096799505,,-9.988431847554157,-148.31635839373197,105.46118038146662,-9.416619273291097,-1.4607734302780497,802.8489257468116,0.6374965402668553,151.33503744592818,897.5574986707296,12.435298325487283,150.38299101640467,546.6054522412061,,148.4099900972323,94.63245132203372,9.510250976791434,-1.1949667592220135,803.1147324178676,0.9033032113228917
206,2.06,-3.2193228499600135,1701.1025039271365,,1.2128773969370261,1555.5347041740333,3.3052855782260617,2.0519034236123463,1306.3737302007087,4.144311604901382,-5.061772131054722,1399.2600546460417,-2.9693639497656865,-3.7771296000241934,1200.5446971770723,-1.6847214187351578,-3.8569525955712693,1100.4648741815251,-1.7645444142822337,-0.3821331880483254,1003.939693589048,1.7102749932407102,-210.65187604467724,1499.4102380854968,-8.201386234439546,-368.7654960265258,1423.2002779667914,7.478487047069509,-460.3317566421788,1184.015681772446,-1.730070392852776,-483.1915159027482,1041.1777890770036,-6.943275931256442,-10.384377014305368,,3.84891195511464,-0.7981586872498394,803.5236680898465,1.2942494940391964,-4.6319115205641666,799.6899152565322,-2.5395033392751314,-0.9989604959503686,803.322866281146,1.093447685338667,-6.483463683827688,797.8383630932688,-4.391055502538652,190.15705523194362,1502.8148766631646,-4.796747656771808,329.4083651846545,1404.5812614675501,5.0223915177608305,455.2039423781628,1217.8282700526593,-13.376758527116966,509.36129357089123,1053.709546815161,10.760473763038048,11.997311538252683,783.0691263533231,12.246956315504997,1.2936368263626141,805.615463603459,3.3860450076516497,-4.301803430865051,800.0200233462314,-2.209395249576015,3.2532700781038937,807.5750968552003,5.34567825939293,-1.4204474171923656,802.901379359904,0.6719607640966702,-148.03948802259558,906.4974919863823,-9.86703915715417,-145.3148907482766,559.2220892607013,-7.1424418828351985,-149.4731708272256,105.06380918175239,-11.300721961784191,-5.0732136634175,799.2486131136789,-2.9808054821284644,148.44864618743387,893.9116661784559,10.27619732199246,148.90982643772568,544.3728464287477,10.737377572284263,146.29715333053545,,8.12470446509404,-1.9095912090810399,802.4122355680154,0.18281697220799586
207,2.07,0.29230107265208405,1704.62509310446,2.3780672629187753,-1.0664500744442778,1553.2663419573635,1.0193161158224138,-4.500668306892798,1299.832123724915,-2.414902116626107,-2.929162869918722,1401.403629161889,-0.8433966796520307,0.20870291560868504,1204.5414949474166,2.2944691058753763,-0.7261766764912512,1103.6066153553165,1.3595895137754404,-1.7117844543326806,1002.6210075774751,0.3739817359340109,-213.8833558422508,1496.8856172824285,-11.025848972939698,-365.69504809388303,1426.294888859962,11.02606114904101,-461.2508584110771,1181.4071718315456,-4.24542514444034,-490.25261552327953,1033.1350397890833,-14.15449606636375,-8.49125614611753,812.0422110199139,4.299253188539248,-1.3747623212605962,802.9580297105472,0.7110038690060954,-4.120644937111492,800.2121470946963,-2.0348787468448,-0.1939307255156817,804.1388613062921,1.8918354647510098,-2.9965194912353827,801.3362725405724,-0.9107533009686912,189.28322207396906,1502.5278221274368,-5.383644127931574,329.2820180024504,1405.628788161142,4.5534391773654646,454.0108223791587,1217.0557415214817,,,1054.9077684970032,10.910414938306701,10.46096505399513,780.1910514588168,9.4627301406248,2.531566661684221,806.864358693492,4.617332851950913,-2.3756053102776717,801.9571867215302,-0.2898391200109802,-3.9630551281217583,800.3697369036861,-1.8772889378550666,-6.265295591128465,798.0674964406794,-4.179529400861774,-143.1690433808271,912.1294375600579,-5.690869920567291,-150.78526116767563,554.5132197732094,-13.307087707415812,-150.8163615651961,104.48211937568895,-13.3381881049363,-4.2032552391525195,800.1295367926554,-2.117489048885828,149.57191891915065,894.2734379782655,12.093745458890803,152.73449627597532,547.4360153350901,15.256322815715478,149.93703072319522,94.6385497823101,12.458857262935382,-5.551156766012872,798.781635265795,-3.4653905757461803
208,2.08,-2.4549916973726424,1701.887591719792,-0.3766514469282813,1.2784461783297423,1555.6210295954945,3.3567864287741034,-2.1792599940986914,1302.163323423066,-0.10091974365433054,-0.9632332767970115,1403.3793501403677,1.1151069736473496,-2.197516880077324,1202.1450665370874,-0.11917662963296316,-2.7819076847846542,1101.56067573238,-0.7035674343402932,-2.853518119597356,1001.4890652975672,-0.7751778691529947,-207.613890812929,1503.8477745554608,-4.357606618534621,-369.69747608557634,1422.199206428887,7.401848506259065,-458.8093180772627,1182.1539129753567,-3.429831429877949,-486.5119316531388,1036.037434992577,-10.38982314165678,-10.00963738742654,808.7659382189725,1.233267060634808,-4.670933727659058,799.6716496895056,-2.592593477214697,-4.967006368529841,799.3755770486347,-2.8886661180854794,-2.452957759342559,801.889625657822,-0.3746175088981979,-3.4598446254217525,800.8827387917428,-1.3815043749773914,189.6338993738762,,-4.75778787652904,329.4078274721709,1406.8415829962087,4.242468856664444,451.3430362526001,1214.7948250067216,-15.264269987438386,514.2823858162034,1060.0328548637112,14.934388463265131,9.614975960937421,778.1430977367896,7.406371400131978,1.5176038484100722,805.8601872655746,3.5959440988544333,1.3769717554429515,805.7195551726076,3.4553120058873126,-9.219195159143421,795.1233882580211,-7.140854908699061,-1.9244452342014648,802.418138182963,0.1538950162428962,-144.64979636694983,911.4125175263746,-7.830638285883966,-144.85148628534054,561.2108276079839,-8.032328204274677,-146.74009189181686,109.32222200150761,-9.920933810750999,-7.529744617987384,796.8128387991771,-5.451404367543023,147.48537103008107,891.4230571367566,10.666212949015202,144.88122175973632,538.8189078664118,8.062063678670436,144.05194923334454,87.98963534002009,7.232791152278683,-2.077509287766341,802.2650741293983,0.0008309626780199086
209,2.09,-2.61909329054752,1701.7320964779049,-0.5489663866442263,-3.4806040394894264,1550.8705857289629,-1.410477135586132,-2.8579544964990093,1301.4932352719534,-0.7878275925957152,-2.610297839467225,1401.740891928985,-0.5401709355639308,-2.9997606447863827,1201.351429123666,-0.9296337408830884,-2.2935216068956006,1102.0576681615569,-0.2233947029923064,-2.163106344698668,1002.1880834237537,-0.09297944079537362,,1503.4246742549055,-5.068378954727003,-372.62974747095166,1419.0565906734864,4.747727330118226,-455.23813523425133,1184.0301353511434,-1.5083637979721143,-488.3610395458538,1033.4948855151413,-12.04128635318314,-9.26029534847333,807.6502341571361,0.34107931091540467,-4.95506402571487,799.3961257427375,-2.8849371218115767,-2.5255684628845843,801.8256213055678,-0.4554415589812901,-3.8325056902331207,800.5186840782193,-1.7623787863298268,-3.588218918291578,800.7629708501609,-1.5180920143882837,184.28797829207343,1498.6524317713765,-9.840621438256086,334.00767688670356,1412.4392090822403,8.3126790527737,449.5611828309751,1213.403153054017,-15.972543753467699,509.9566562569371,1056.5319856802553,10.282166763589942,8.722301109032795,776.1949696163566,5.349581196060262,-1.2841914704798405,803.0669982979725,0.7859354334234536,-2.6983257755657206,801.6528639928866,-0.6281988716624263,-0.26458540503389116,804.0866043634185,1.805541498869403,-5.094107958317878,799.2570818101345,-3.023981054414584,-146.97937337293794,909.8493456746003,-10.781828860031357,-145.62376456443832,561.2049544830999,-9.426220051531754,-146.7494448184898,110.07927422904845,-10.551900305583214,-1.300749058358981,803.0504407100934,0.7693778455443132,144.28569665530995,887.4569776077717,8.088152142403347,145.8240946719715,538.9953756244332,9.626550159064877,144.25835263498348,87.4296335874452,8.060808122076882,-3.7176572340948146,800.6335325343575,-1.6475303301915205
210,2.1,-0.5350557061839414,1703.823544579299,1.5260672783883082,-0.028242874700819875,1554.3303574107824,2.0328801098714298,-2.7901129801192495,1301.568487305364,-0.7289899955469998,-0.42275387135689835,1403.9358464141262,1.6383691132153513,-1.2815425336732393,1203.07705775181,0.7795804508990104,-1.6200630087773311,1102.7385372767058,0.4410599757949186,-2.918129912402809,1001.4404703730804,-0.857006927830559,-207.7956486500902,1505.0056201696716,-3.7685513158399404,-368.1211912398627,1423.2384088380331,9.433587216991786,-456.00777142567017,1181.5706770833096,,-492.1421764577032,1029.1656041029848,-15.452900729388519,-7.993126397318648,806.9546320612233,-0.11550573750117457,-5.859270752402807,798.4993295330804,-3.7981477678305575,-3.9328051284683374,800.4257951570149,-1.8716821438960873,0.31348427319606476,804.6720845586793,2.3746072577683144,-1.9483891652690042,802.4102111202143,0.11273381930324555,192.5110765933109,1507.407330526996,-1.3668409585153758,332.2309032962728,1411.5689984878668,5.915072024877037,450.8193802792217,1215.031872999727,-13.588457143114208,511.51748753139907,1059.0003773734086,11.55190095310533,8.619828260029017,775.1893375466113,4.137429552012793,1.2491817949819977,805.6077820804652,3.3103047795542473,0.30620216237382936,804.6648024478571,2.367325146946079,-3.551194323344557,800.8074059621387,-1.490071338772307,-0.14840082756966044,804.2101994579136,1.9127221570025892,-145.73732386004173,911.8605764237016,-10.121960003388807,-148.6377170932703,558.960183190473,-13.022353236617384,-147.403850779284,110.19404950445924,-11.788486922631076,-1.5855809655559727,802.7730193199272,0.475542019016277,146.2291986919026,888.6312984081593,10.613834835249678,149.9607833381825,542.3628830544392,14.345419481529568,146.28973005290848,88.69182976916522,10.674366196255548,-3.0171130491261837,801.3414872363571,-0.9559900645539339
211,2.11,-3.923214626775761,1700.441589910879,-1.8718890059221756,-5.146045441324716,1549.2187590963301,-3.094719820471131,-5.468980505999571,1298.8958240316551,-3.417654885145985,-0.5376678504895018,1403.8271366871652,1.5136577703640839,0.7596121313731397,1205.1244166690278,2.8109377522267254,-1.376245124145397,1102.9885594135094,0.6750804967081886,-4.190830053008204,1000.1739744846465,-2.139504432154619,-206.44927344410408,1506.9973172441005,-2.0511131940179266,-369.26901779783475,1421.6485130272495,8.361811325714035,-454.2404975174365,1181.6586186734553,-3.857274748418305,-488.76777025913094,1032.1365872266122,-11.5401798295726,-9.397442091351769,803.4999850807161,-3.3133861596783545,-5.093532199815295,799.2712723378394,-3.0422065789617094,-0.0029637326637250716,804.361840804991,2.0483618881898606,-0.9299476755546692,803.4348568621,1.1213779452989163,1.5308164464536818,805.8956209841083,3.5821420673072675,189.14909688340546,1504.5575928906396,-4.490837547478803,334.25708637410537,1414.4088452810092,7.231237446868378,445.04063622841795,1209.601031596791,-18.193437881202716,511.20119949866813,1059.6734203256872,10.982250565174144,12.176982621947344,778.0004022610761,6.646901540923893,-4.987657728360034,799.3771468092946,-2.936332107506448,4.184579451616377,808.549383989271,6.235905072469962,-5.5564905618255,798.8083139758292,-3.505164940971914,-5.773103517127868,798.5917010205268,-3.721777896274283,-145.22540363211306,913.1446175582254,-10.150874052618674,-143.40747665006532,564.962544540273,-8.332947070570937,-146.9087840478182,111.46123714252016,-11.834254468323817,-3.8851777547264486,800.4796267829282,-1.8338521338728628,144.91932093575747,886.549299745419,9.844791356263087,150.2268312928504,,15.15230171335601,144.92798175821778,86.55796056787945,9.85345217872342,-8.879125906988968,795.4856786306657,-6.827800286135382
212,2.12,-0.6149200903324501,1703.7548723785549,1.4258121478089143,-0.7225257773413196,1553.647266691546,1.3182064608000448,1.5952993216402183,1305.9650917905276,3.636031559781583,-0.7824263267602038,1403.5873661421272,1.2583059113811605,-1.477989764168195,1202.891802704719,0.5627424739731695,-0.17635887709975107,1104.1934335917877,1.8643733610416133,0.9820207505842937,1005.3518132194716,3.0227529887256583,-210.2362219343829,1503.8383471413836,-5.4771829951357205,-366.92060979607663,1423.440945622052,10.68498621393069,-453.78047728750704,,-5.081817596789476,-488.17494964231,1032.4691237273596,-10.244619666252786,-0.3321484731612019,810.4382151010138,3.9015644950128046,-0.7305261806633336,803.639266288224,1.3102060574780308,-8.248031941069463,796.1217605278179,-6.207299702928099,,803.1380281579892,0.8089679272431916,-2.667820097812747,801.7019723710746,-0.6270878596713828,194.38943307789143,1510.290039702982,0.9745095664627952,329.62541945720335,1410.4965795622336,1.8027169226698239,447.02762778199656,1211.9103696046548,-14.989404427060904,513.0927430611047,1062.6342600399587,12.65995508838505,12.789662364282368,778.0277960919958,6.28077870902305,-4.357535876911411,800.0122565919759,-2.316803638770047,-4.6679925218146945,799.7017999470727,-2.62726028367333,-4.425489759821257,799.944302709066,-2.384757521679893,-8.465412941646047,795.9043795272413,-6.424680703504682,-143.4310570699417,915.7141441911346,-8.8542261362282,-148.35287928333253,560.7923219777438,,-143.29921939695558,115.8459818641207,-8.722388463242094,-8.570923127908749,795.7988693409786,-6.530190889767384,147.41029694329023,888.2650956822139,12.833466009576718,143.8303962493361,534.6851949882598,9.253565315622607,145.3762756446397,86.23107438356335,10.799444710926178,-5.686893032052291,798.682899436835,-3.6461607939109264
213,2.13,-1.8046558740341783,1702.5688985284035,0.22468468719603663,-4.475272820310747,1549.8982815821269,-2.445932259080532,-4.859044562132745,1299.514509840305,-2.8297040009025296,-0.7244376378274549,1403.6491167646102,1.3049029234027603,-4.503100381390789,1199.870454021047,-2.4737598201605735,-1.953073793552297,1102.4204806088853,0.07626676767791796,0.276555321168646,1004.6501097236064,2.305895882398861,-210.08559514125153,1504.5988695569972,-4.9763070398452385,-367.07162880566165,1422.621827599595,10.407794424364248,-449.5250428657547,1183.068430230462,-2.5102195198152244,-485.411424731454,1035.112941296057,-6.619542885073766,-5.956611963325812,802.6213693608637,-3.616467960933784,-4.73169394288284,799.6418604595549,-2.7023533816526246,0.044105695851940574,804.4176600982897,2.0734462570821557,-2.8540326700696896,801.519521732368,-0.8246921088394746,-1.3234602324538802,803.0500941699839,0.7058803287763348,189.38616042421563,1505.7582000028071,-3.8169765940355007,328.8578628633186,1410.353122587673,0.15414948657780947,449.76076344236543,1214.9373983279852,-11.000686028782425,517.4055111964059,1068.0936065744386,16.799631738369108,9.980333103407997,774.7966516068484,2.5676861916765197,-0.513665368821659,803.8598890336161,1.515675192408556,-1.4627128904864715,802.9108415119513,0.5666276707437435,-6.50419928841994,797.8693551140178,-4.474858727189725,-6.835221985744899,797.5383324166929,-4.805881424514684,-142.79840739412938,917.1251049041942,-8.67448062686635,-145.94503134474633,563.9784809535773,-11.821104577483293,-144.92848728473834,114.99502501358529,-10.80456051747531,-6.809806205131438,797.5637481973064,-4.780465643901223,143.096973206931,883.1734609086074,8.973046439667971,144.69186774802895,534.7683554497053,10.567940980765924,144.89688751068837,84.97337521236476,10.772960743425333,-4.648264816473963,799.7252895859638,-2.6189242552437477
214,2.14,0.16753740044973897,1704.5436184460345,2.184686017063469,-1.7052820765789398,1552.6707989690058,0.3118665400347903,-2.4216884184534555,1301.9543926271313,-0.4045398018397255,-4.0827964740949065,1400.2932845714897,-2.0656478574811765,-2.45161466923902,1201.9244663763457,-0.4344660526252899,-5.104954384549282,1099.2711266610354,-3.0878057679355524,-1.2179525839194825,1003.1581284616651,0.7991960326942477,-209.3425024855066,1505.933059589743,-3.894022501857637,-365.601705835239,1423.3136617768057,,-454.88810941249596,1176.0898456957505,-9.550186465949809,-492.03800370374455,1028.503724902557,-12.232569120224689,-2.8261240038471485,803.5060733610229,-2.408806970497361,-3.133446827990091,801.2426342175945,-1.1162982113763606,-4.416803351404615,799.95927769418,-2.399654734790886,0.1165470336797867,804.4926280792644,2.1336956502935167,-2.9481149866346574,801.4279660589499,-0.9309663700209271,187.32363686588997,1504.1459130162534,-5.681169075347174,330.80040039350814,1412.823743890683,1.1345190242242356,444.13067684878257,1209.5699079315082,-15.341510496557204,511.22086553959554,1063.129267740287,10.483295002104478,9.071041788285386,773.6305982081755,0.835066293652579,-2.7368844398693666,801.6391966057153,-0.7197358232556367,-5.596878623178609,798.779202422406,-3.5797300065648794,1.2745481101612381,805.6506291557458,3.291696726774968,-2.9382432690723186,801.4378377765123,-0.9210946524585883,-148.73725747232325,911.9677175673646,-15.019917723954054,-145.0269670601443,565.6780079795436,-11.309627311775104,-148.55926228161093,112.14571275807697,-14.84192253324174,-2.561160965892941,801.8149200796917,-0.5440123492792108,145.73158116304307,885.0266061233552,,144.94734389409538,534.2423688544075,,145.31333728160615,84.60836224191824,11.595997533236972,-5.531289190147354,798.8447918554373,-3.514140573533624
215,2.15,-3.7542924341816377,1700.623071060005,-1.7501376995104114,-1.626065543486744,1552.7512979507,0.3780891911844826,-3.9128986371409913,1300.4644648570456,-1.9087439024697648,-0.9694586952796151,1403.407904798907,1.0346960393916114,-1.4953319820924642,1202.8820315120943,0.5088227525787623,-4.011708135981868,1100.3656553582048,-2.007553401310642,-3.8681708117336995,1000.509192682453,-1.864016077062473,-211.7674702693979,1504.0797001282701,-5.991265325259077,-362.66186918653074,1425.3678975062435,14.26562623600771,-445.2357524693098,1184.1587217500626,-1.561596648353028,-490.4574562890194,1030.2342959657817,-9.494422783984957,-2.9051325556637564,801.1402126448767,-4.4256245762531154,-3.520532357288033,800.8568311368987,-1.5163776226168064,0.9964293376170739,805.3737928318038,3.0005840722883006,-5.861508170138823,798.5158553240478,-3.857353435467596,-2.9910999294479925,801.3862635647387,-0.9869451947767662,188.80895695137076,1506.0597826535889,-4.011182799940294,334.9163497372247,1417.3713711234734,4.210454362187156,449.4223055431862,1215.0900606840619,-8.73190655066943,507.9033205420264,1061.101348073605,7.0755400224973055,13.518083241332462,777.9864200888925,4.543812064789595,-1.2248912429884329,803.1524722511983,0.7792634916827936,-3.182152287606255,801.1952112065804,-1.1779975529350288,0.6446607303668515,805.0220242245535,2.648815465038078,-6.571607681054974,797.8057558131318,-4.567452946383748,-142.797191809146,918.6923642152279,-9.43874078413996,-149.2010672320762,562.2884887922978,-15.842616207070169,-142.051407916691,119.43814810768299,-8.692956891684954,-0.4432135737692242,803.9341499204174,1.5609411609020023,141.7630862549302,880.2735302305562,8.404635229924127,148.52646601200865,537.0369099876347,15.16801498700261,148.71572256509344,87.2261665407195,15.357271540087407,-4.1055915498243465,800.2717719443624,-2.10143681515312
216,2.16,-3.5923170234224235,1700.7850762136886,-1.6019594716807468,,1553.1435121120144,0.7564764266451323,-1.4127890852613318,1302.9646041518497,0.5775684664803449,2.2289539286518933,1406.6063471657628,4.21931148039357,-4.309509188304562,1200.0678840488065,-2.3191516365628857,-4.055192133456805,1100.3222011036542,-2.064834581715128,-1.482188047127744,1002.8952051899832,0.5081695046139327,-214.11608192774307,1502.2825424344257,-8.024009939211355,-365.77357735991717,1421.2658891394888,10.730699598886149,-447.71601602298216,1180.1323412607887,-5.686331722142423,,1029.2661390016983,-9.447391612594267,-0.10404534191619796,801.6260392809645,-3.562855517373981,-1.9746101117007961,802.4027831254101,0.015747440040880578,-2.5964699704153547,801.7809232666956,-0.6061124186736779,-0.7424526369693338,803.6349406001416,1.2479049147723429,-0.14780992138091875,804.22958331573,1.842547630360758,191.67475498698408,1509.3319812121451,-0.9745711614920176,335.4962326479712,1418.2864584955128,3.6760879301129776,446.65745593385725,1212.5169702383018,-10.15511964786116,511.2041896871521,1065.75591797237,10.327194281343363,13.388336914719558,777.9303931657537,3.764578639129271,-0.6881726458611679,803.6892205912498,1.3021849058805088,3.102409160175531,807.4798023972864,,-3.437151769177618,800.9402414679333,-1.4467942174359414,-6.021200481432535,,-4.030842929690858,-143.95532907174803,918.3218356429016,-10.906833733119937,-144.55128719697834,567.7258775176713,-11.502791858350239,-143.30023642439522,118.97692829025443,-10.251741085767138,-5.263769329441714,799.1136239076692,-3.273411777700037,146.78407523406858,884.506910519419,13.735579895440496,144.60862348940805,532.3314587747584,11.560128150779947,142.16218528644637,79.88502057179669,9.113689947818266,-4.498936460882666,799.8784567762283,
217,2.17,-2.584527060928022,1701.7916350996004,-0.608771048844227,-5.345118988593161,1549.0310431719352,-3.369362976509366,-3.4278339131216513,1300.9483282474068,-1.452077901037856,-0.5800662916049677,1403.7960958689234,1.3956897204788277,-2.2515178085125935,1202.1246443520158,-0.2757617964287983,-4.67237431001011,1099.7037878505182,-2.6966182979263142,-3.4974866987368176,1000.8786754617915,-1.5217306866530222,-213.58463907301754,1503.3446458985406,-7.188929794612814,-363.99462089494125,1421.9529844050824,11.990559904939554,-446.14928142381257,1180.1955872912442,-5.738668731708563,-493.7675405507202,1027.6004028420618,-10.094308946247496,-1.5519341860147444,797.8473744511435,-6.935014534739042,-6.201053493464614,798.1751086670637,-4.225297481380818,-0.046421858765895774,,1.9293341533178996,-0.7945492743851248,803.5816128861431,1.1812067376986706,-2.0288358848599244,802.3473262756684,-0.05307987277612902,186.33833199036226,1504.3793768412381,-6.154198851915233,333.66746671416564,1416.696675646545,0.6627348604707443,448.57914539386627,1214.5910578200142,-6.873250423678605,508.1038269662495,1064.0672860390218,7.217570700188952,9.27963463812553,774.0586617540135,-0.901866748335376,-0.691391107463077,803.6847710530652,1.2843649046207184,,803.0031570239231,0.6027508754785788,-3.2725667760447803,801.1035953844836,-1.296810763960985,-4.600203344501192,799.7759588160271,-2.624447332417396,,919.2678497094087,,-146.90637081638334,566.1612800703668,-14.117814206364583,-143.27998533055313,119.78766555619703,-10.49142872053439,-0.022502651594619394,804.3536595089337,1.953253360489176,141.81672415023013,878.74907326348,9.028167540211388,144.33455918529657,531.2669082985464,11.546002575277827,143.62266129252146,80.55501040577131,10.834104682502693,-2.2015840084422362,802.174578152086,-0.22582799635844064
218,2.18,-3.1106445078807363,1701.2630180441956,-1.1502951381596231,-2.205285860293571,1552.1683766917827,-0.2449364905724577,-3.7162829167093636,1300.6573796353669,-1.7559335469882502,,1400.4784398092102,,-4.688697080943493,1199.6849654711327,-2.72834771122238,-0.47366827595292227,1103.8999942761234,1.4866810937681911,-3.6307974542823267,1000.742865097794,-1.670448084561213,-211.1041790973145,1506.3343612027686,-4.417414486306723,-364.25527000936347,1420.5023658734294,11.117095965205987,-444.70654204037896,1180.1826492893138,-5.883577623432847,-494.5601108211411,1027.3211544770886,-9.355281771347848,1.0206940780943254,798.0867424443803,-6.258081446893243,-0.32939319535301026,804.0442693567232,1.6309561743681031,-3.1474148015675683,801.2262477505087,-1.1870654318464549,-5.126550823715287,799.247111728361,-3.166201453994174,-1.0952365313846528,803.2784260206917,0.8651128383364606,189.43083625688715,1507.832714580991,-2.919061108084432,335.5603744065988,1418.7329126531542,1.304888252278804,448.01886636773594,1214.1413301381485,-6.059970952635895,510.4520348717976,1067.87844565201,9.594893272066708,10.381411079760666,775.5579066168397,-0.26400427778617674,-7.408649684609866,796.9650128674665,-5.448300314888753,-2.2293448380380925,802.1443177140383,-0.26899546831697885,-2.4955492377948074,801.8781133142814,-0.5351998680736942,-1.695373263353226,802.6782892887231,0.2649761063678875,-144.89006418584836,918.9707381185995,-12.310500172331531,-145.56212439054815,568.2986779138996,-12.982560377031326,-146.4748248551343,117.38597744931349,-13.895260841617475,1.066159893657538,805.4398224457339,3.0265092633786512,146.01980612589975,882.159003821452,13.440242112382931,143.93656643343112,530.0757641289833,11.35700241991431,146.55016816420155,82.68936585975379,13.970604150684728,-9.521363867909066,794.8522986841673,-7.561014498187952
219,2.19,-1.1602710733887356,1703.2096160314973,0.7838661167823862,-2.942463109266715,1551.4274239956192,-0.9983259190955932,-0.3934484624274295,1303.9764386424586,1.5506887277436923,-4.394658605704372,1399.9752284991816,-2.4505214155332498,-1.4805696463966191,1202.8893174584894,0.4635675437745026,-3.3589129658708563,1101.0109741390152,-1.4147757756997348,-3.0413167174788756,1001.328570387407,-1.0971795273077538,-208.78130660433504,1509.14449961837,-1.8164007346485267,-360.2801455506334,1423.1931680349253,14.388187587672409,-444.2453084869357,1179.241098857928,-6.9726490737116515,-493.5479085206287,1028.9537798906908,-6.709270247927716,-0.414077931664393,794.3292987962596,-9.545591124126503,0.44420007882840284,804.8140871837143,2.388337268999525,-3.332846061165031,801.0370410437208,-1.3887088709939088,-4.635978393800656,799.7339087110852,-2.6918412036295343,-0.027035938399273096,804.3428511664866,1.9171012517718486,189.05630109297041,1507.7956545283541,-3.165245824664451,334.2047990030553,1417.425890791295,-1.363179751334258,443.7995759067625,1209.9883823746661,-8.897515481431359,507.3158714247685,1066.2489279782371,6.524127536085668,11.529586669148507,777.260253975258,0.5153191521125198,-1.3675428590634733,803.0023442458224,0.5765943311076485,-5.8412472024378665,798.528639902448,-3.8971100122667455,1.0113039462635434,805.3811910511495,2.955441136434665,-4.844601545244161,799.5252855596417,-2.900464355073039,-142.73250038129453,921.9238423060526,-10.310211827069832,-144.65507924317782,570.0012634441694,-12.232790688953102,-142.37219949198357,122.28414319536364,-9.949910937758862,-1.911541072733396,802.4583460321525,0.032596117437725836,144.7043712730839,880.0480285857367,12.282082718859197,144.68253435943217,530.026191672085,12.260245805207461,144.50908960506354,79.85274691771633,12.086801050838822,1.779261650942709,806.1491487558286,3.7233988411138306
220,2.2,-3.5590697254686114,1700.8057591960035,-1.6319503734111684,-0.02897154379333733,1554.3358573776788,1.8981478082641057,-3.8158219734601477,1300.549006948012,-1.888702621402705,-2.766170746530937,1401.5986581749412,-0.8390513944734939,0.47537393338786016,1204.84020285486,2.402493285445303,-2.6111824497629184,1101.7536464717093,-0.6840630977054754,-1.9811507493007579,1002.3836781721714,-0.05403139724331485,-207.57552721746382,1510.8149998899862,,-361.5019743017745,1420.5967089933451,12.373940139803187,-448.72379212297113,1173.4176874800153,-12.958300246366578,-496.64232844003385,1026.5788402680766,-8.080210443705129,5.6521882006019375,798.0964998913356,-5.274980916337951,-3.09994941275082,801.2648795087213,-1.1728300606933766,-5.316862648514716,799.0479662729573,-3.3897432964572736,-6.123367004513286,798.2414619169588,,-2.168634978679243,802.1961939427928,-0.24151562662179982,189.42605162757036,1508.4791790412514,-2.6815266218305394,334.3707209941693,1417.5467726848728,-2.5668174142260556,439.58708381307196,1205.7957993741247,-11.725272530929285,508.7641852936448,1069.2393901125508,8.071544690948835,7.017305829419896,773.4540480906824,-4.2703663912799295,-4.55567526560356,799.8091536558685,-2.6285559135461174,-4.491591848079676,799.8732370733924,-2.5644724960222334,-5.5843723658327855,798.7804565556393,-3.6572530137753425,-3.543370796515225,800.8214581249568,-1.6162514444577818,-142.16148461110993,923.2924453736481,-9.84414445002011,-148.36303722039682,567.0908927643612,-16.04569705930701,-143.86038134028124,121.5935486444769,-11.543041179191414,-0.5361075622925138,803.8287213591796,1.3910117897649292,146.79639430381658,881.3424643190585,14.47905414272676,145.1179139766056,529.6639839918475,12.800573815515769,141.96420083970295,76.51027085494485,9.646860678613134,-4.516103812342602,799.8487251091294,-2.5889844602851593
221,2.21,-5.62021433425701,1698.7382671832281,-3.7109182856528857,-4.611752628662669,1549.7467288888224,-2.7024565800585445,0.3108848006153675,1304.6693663181006,2.220180849219491,-1.2256287595115058,1403.1328527579738,0.6836672890926181,-3.26962118215974,1201.0888603353255,-1.360325133555616,-2.2732335846531004,,-0.3639375360489766,-4.037132382620136,1000.321349134865,-2.127836334016012,-212.16057852342283,1506.671597946563,-4.679357901878208,-359.75904328741086,1420.8790221765576,13.239218893781434,-447.2589968121096,1173.6002362823783,-12.951888382313957,-498.0586882219083,1025.9724610367205,-7.696602924245345,5.41320834708989,795.5949282668417,-7.238781175173756,-8.450486553555656,795.9079949639295,-6.541190504951532,-3.294926858088643,801.0635546593966,-1.3856308094845189,-1.8504767158254594,802.5080048016597,0.05881933277866458,-2.488449375183372,801.8700321423017,-0.5791533265792482,185.83046393548352,1505.173352213961,-6.177603634480198,337.81305447287815,1420.8519513728452,-0.5462138272324737,,1202.2242188500459,-13.885714566797564,504.66187012334314,1066.7059290266834,4.0990101490054105,6.845598674941451,774.134555269256,,-2.4621524183740675,801.8963290991111,-0.5528563697699436,-5.080573729020216,799.277907788465,-3.1712776804160914,-3.473180099203441,800.8853014182818,-1.5638840505993175,-3.618547809642704,800.7399337078425,-1.7092517610385798,-143.91932299413884,922.3338319705965,-11.654157687150729,-145.40734620019848,570.8458087645369,-13.142180893210364,-146.97642430316873,119.27673066156665,-14.711258996180597,-5.777969305737777,798.5805122117474,-3.8686732571336533,143.825325663106,877.5721706983707,11.560160356117898,148.69689369581513,532.4437387310797,16.43172838882702,143.97966300967096,77.72650804493561,11.714497702682847,-3.8107685983322432,800.5477129191529,-1.9014725497281195
222,2.22,0.1407545747666803,1704.4915934000892,2.0314223637778372,-6.2449870152388325,1548.1058518100838,-4.354319226227675,-6.0703648527951435,1298.2804739725275,-4.179697063783986,-2.681338303343229,1401.6695005219792,-0.7906705143320716,-1.3211588548464877,1203.029679970476,0.5695089341646695,-2.608308435505946,1101.7425303898167,-0.7176406464947886,-3.443883649648742,1000.9069551756737,-1.553215860637585,-211.19833908462581,1508.0519185050098,-3.479505141391217,-358.2657885613377,1420.8302526345121,13.7730477183965,-441.795478478379,1177.8488583712385,-8.8924916766751,-499.8255369833736,1025.097104678968,-7.600716380014575,1.4795903211347716,789.4478119387878,-12.81311043539102,-5.171950688885339,799.1788881364371,-3.2812828998741814,-5.50972069521537,798.841118130107,-3.619052906204213,-9.305933496485839,795.0449053288365,-7.41526570747468,-1.3414896810618557,803.0093491442606,0.5491781079493014,189.57088476504669,1509.179239916009,-2.3521837303919098,339.24791392278917,1422.0593087441846,-0.5801498206013855,435.5437744645686,1201.6448670698835,-13.010854795132513,505.97575530575284,1069.6060380632205,5.569913394283778,10.121265109347418,778.4018978483147,-1.4294814501850686,-4.177797533404172,800.1730412919183,-2.287129744393015,-5.581543714931385,798.769295110391,-3.6908759259202277,-0.1153273626448228,804.2355114626776,1.7753404263663344,-6.579166764923949,797.7716720603985,-4.6884989759127915,-141.6540866161852,925.3994535103956,-9.388041451051752,,572.5274371067843,-12.260057854662932,-143.4155273738209,123.63801275275979,-11.149482208687463,-7.3845577040911685,796.9662811212313,-5.493889915080011,146.0597214092221,879.0061812826415,13.793676244088651,147.6201977355833,530.5666576090027,15.354152570449855,140.48878543171165,73.43524530513095,8.222740266578185,-1.6829944311001983,802.6678443942222,0.20767335791095887
223,2.23,1.4527939739264215,1705.794689171525,3.324029373636807,-7.09252603250207,1547.2493691650966,-5.221290632791684,-3.74226876737659,1300.5996264302219,-1.8710333676662043,-5.801007929808454,1398.5408872677901,-3.929772530098068,-0.683783508999996,1203.6581116885986,1.1874518907103897,-2.3997499652721395,1101.9421452323263,-0.5285145655617536,0.017710857918878276,1004.3596060555174,1.888946257629264,-207.2186249527837,1512.4256791332884,0.7237885816604712,-363.80043974010437,1413.676996714768,7.200950902780428,-441.046948048109,1177.454338220848,-9.488532950527087,-503.3411195066158,1022.545190867539,-9.204942866058687,5.922894318558104,791.7389916769791,-9.913721222560971,-2.3853194323275897,801.9565757652708,-0.5140840326172041,-2.69421436358548,801.6476808340129,-0.8229789638750946,-2.6080364864644743,801.733858711134,-0.7368010867540887,-4.700998607516997,799.6408965900814,-2.829763207806611,189.43604970162772,,-2.4165623259954376,342.8012047184054,1425.29679669149,1.4625740087429961,442.8914460236333,1208.8613517460224,-4.30044637500949,503.2591102144216,1068.4831824449755,3.0337157507206864,5.154790551036461,774.559026952431,-6.388936224526626,-4.158185496384913,800.1837097012135,-2.286950096674528,-1.1546103501167684,803.1872848474817,0.7166250495936173,-3.9469644580700147,800.3949307395285,-2.075729058359629,-2.1676885312941634,802.1742066663043,-0.29645313158377773,-145.5617190134979,922.2928199302667,-13.24162470420308,-144.92711754120128,572.9274214025633,-12.607023231906465,-141.76282142845744,126.09171751530718,-9.442727119162619,1.322714554289496,805.664609751888,3.1939499539998817,144.40467518809234,876.5501362443277,12.084580878797523,141.45085727824411,523.5963183344795,9.130762968949298,146.5248163378938,78.67027739412919,14.204722028598994,1.0296280988502082,805.3715232964487,2.900863498560594
224,2.24,-6.938332244038728,1697.393313166433,-5.087332218537737,-3.8618809530322675,1550.4697644574394,-2.010880927531278,-5.239538060914034,1299.0921073495576,-3.3885380354130437,-1.3570320067655022,1402.9746134037061,0.4939680187354878,-4.2058813232245935,1200.125764087247,-2.3548812977236033,2.602933716701619,1106.9345791271733,4.453933742202609,-7.193518473464301,997.1381269370075,-5.342518447963311,-210.55894498706536,1509.4549354689468,-2.407211588364979,,1419.5338641376245,,-439.2966350880137,1178.1377508728851,-9.01816334887833,-498.6267318704545,1028.2858272905182,-2.5450414219309896,3.509642135148683,787.2468398279082,-13.76209279015614,-2.283096992700531,802.0485484177713,-0.43209696719954094,-2.789038363088485,801.5426070473833,-0.938038337587495,-5.009412101070168,799.3222333094017,-3.1584120755691787,-4.692369098658505,799.6392763118133,-2.841369073157515,191.90933825051164,1511.9747787411702,0.11263168385824329,337.00015580233634,1419.0939594898462,-5.885349311824656,433.7391925175139,1199.5241903989454,-12.107445802291203,507.62809640532555,1074.4433276983573,7.602450102245803,6.529600717348504,777.1810409497072,-4.918218515499042,-4.664649217679233,799.6669961927926,-2.813649192178243,-1.5207277450252124,802.8109176654466,0.3302722804757776,-5.181244960006934,799.1504004504649,-3.330244934505944,2.227405324048097,806.5590507345199,4.078405349549087,-143.98352287652966,924.6720125663335,-11.556262913098577,-146.3000859628018,572.3554494800613,-13.872825999370725,-142.64823853541364,,-10.220978571982556,-5.552736234428078,798.7789091760437,-3.7017362089270884,145.0397126589647,876.3841772161015,12.61245269553361,143.56182019669797,524.9062847538347,11.134560233266871,144.29584320344497,75.64030776058179,11.868583240013887,-4.590141932374709,799.7415034780971,-2.739141906873719
225,2.25,-2.0551859749780705,1702.2648986918498,-0.22522284441426943,-4.2321208010980955,1550.0879638657298,-2.4021576705342946,-3.133693912614359,1301.1863907542136,-1.3037307820505581,-0.9559168512539502,1403.3641678155739,0.8740462793098507,-2.1916625279409523,1202.128422138887,-0.3616993973771516,-1.5842382276153795,1102.7358464392125,0.24572490294842142,-0.766800333362637,1003.5532843334654,1.063162797201164,-211.54397865737204,1508.814603911892,-3.1973889761015992,-356.20480593703695,1417.8261073611325,12.504030487452455,-440.33388271591673,1176.1138504367839,-11.265876564747346,-503.2312723528094,1024.7603465595348,-5.184574818866633,5.825052454705226,787.5679087352893,-12.761792647199037,-3.826289806577825,800.4937948602502,-1.9963266760140244,-3.5019662542413235,800.8181184125866,-1.6720031236775226,-5.569959693009588,798.7501249738184,-3.739996562445788,-5.028644827772492,799.2914398390554,-3.1986816972086913,192.48371179752783,1512.740366728521,0.728373840527536,337.6347082925087,1419.2433111988823,-6.828364497422795,435.9973234508589,1201.5423294966638,-8.526485182177314,501.81951072705675,1070.2127632847835,2.008515008316895,5.614410661656691,777.6276042454816,,-1.3851464480136204,802.9349382188144,0.4448166825501805,-3.603211741096835,800.7168729257312,-1.773248610533034,-2.808434292329566,801.5116503744985,-0.9784711617657652,-7.35589525869601,796.9641894081319,-5.525932128132209,-143.13378749880468,926.322056623911,-10.546465694346528,-147.25103851123632,572.2048056114794,-14.663716706778171,-148.31983226248576,121.13601186022994,-15.732510458027608,-0.44338728634747726,803.8766973804806,1.3865758442163236,139.69983963654062,870.2439955138249,7.11251783208246,144.0489642178419,524.5931200951262,11.461642413383741,149.28079691072355,79.82495278800783,16.693475106265396,-1.5531591136484824,802.7669255531795,0.27680401691531853
226,2.26,-1.4447272549465804,1702.8624813443698,0.363399244407145,-3.95935454917889,1550.3478540501374,-2.151228049825165,-6.533750879561305,1297.773457719755,-4.72562438020758,-5.344520989323524,1398.9626876099928,-3.5363944899697977,-0.5054921539360726,1203.8017164453802,1.3026343454176528,-5.44741509025123,1098.8597935090652,-3.639288590897505,-3.5537665544898807,1000.7534420448263,-1.7456400551361555,-211.42603285822435,1509.252005265324,-2.899231958493531,-357.6845538513633,1414.5291640510177,9.778014327608949,-442.6682980942224,1172.8769036455951,-14.736677825558687,-500.1357721572586,1028.977863861873,-0.11932491984793625,10.782524692905184,790.6263319682682,-8.989083586915276,-0.5963790240369691,803.7108295752793,1.2117474753167563,-0.2691152374826067,804.0380933618336,1.5390112618711187,-7.745336083876074,796.5618725154401,-5.937209584522348,-4.41528935860347,799.8919192407127,-2.607162859249745,189.2199422981594,1509.6427099552714,-2.5085272685460565,340.11418404325093,1421.15699216013,-5.951406032605005,438.64793526581013,1203.8967058867454,-4.58030189673941,503.7938962385345,1073.7412976487444,4.207839578693356,1.4715521916183332,774.9513499330346,-9.532504453125044,-3.6410130566518126,800.6661955426644,-1.8328865572980875,-4.549262954094202,799.757945645222,-2.7411364547404764,-7.516947673916139,796.7902609254,-5.708821174562414,-5.356109252077884,798.9510993472384,-3.5479827527241588,-144.75455014610924,925.5001600704919,-11.954657826158218,-146.45766272863364,573.7970474879675,-13.657770408682616,-143.05298335281248,,-10.253091032861454,-2.2311341067150803,802.0760744926012,-0.4230076073613551,142.46701648461965,872.2123062680186,9.66712416466863,142.9470159945656,522.6923057779645,10.147123674614575,141.32352128481477,71.06881106821363,8.52362896486377,-4.848125063272065,799.4590835360442,-3.03999856391834
227,2.27,-2.6828882130095044,1701.6101250602305,-0.8973959756398749,-3.977253564768699,1550.3157597084712,-2.1917613273990697,-1.7800570272616623,,0.005435210107967103,-0.9609659117341005,1403.3320473615058,0.8245263256355289,0.661447114397844,1204.954460387638,2.4469393517674733,-2.5075923257656707,1101.7854209474744,-0.7221000883960413,-4.37159726111052,999.9214160121294,-2.586105023740891,-210.57386714309092,1510.3980399144752,-1.8816590014960413,-351.89758639535296,1418.443764927431,14.258340248808064,-438.8735053861918,1175.8569216498443,-11.999854450993254,-501.14600039134007,1029.1227601401924,0.8302179798587397,3.3578818717844943,781.4079895199673,-17.45876498423332,-4.6499187852974035,799.6430944879424,-2.864426547927774,-2.0726976047770647,802.2203156684628,-0.2872053674074353,-5.393900406138666,798.8991128671013,-3.6084081687690364,-6.115521399906233,798.1774918733337,-4.330029162536603,188.98764588371023,1509.5513023999754,-2.7283965159958927,343.78135926154187,1424.180829742266,-3.905845680923978,432.9581674748276,1197.853511580224,-9.006464631698254,501.77681363064653,1073.2436166552523,,5.6305193274436895,780.6715053052675,-5.034652319803058,-3.8646519620207522,800.4283613112192,-2.079159724651123,-1.5239848075575357,802.7690284656824,0.26150742981209363,-2.3753337901973173,801.9176794830425,-0.589841552827688,-6.32112883318034,797.9718844400595,-4.53563659581071,-144.8416324601811,926.2096778386286,-11.77721473951897,-148.6975410719531,572.3537692268566,-15.633123351290978,-144.92043663301067,126.13087366579902,-11.856018912348532,0.9578266182485451,805.2508398914885,2.7433188556181745,143.65596485559345,872.6046545567838,10.591547134931316,146.45357475516326,525.4022644563536,13.38915703450114,142.4515665958466,71.40025629703693,9.387148875184486,-1.010341290597787,803.2826719826421,0.7751509467718423
228,2.28,0.48244862511591746,1704.7599438144136,2.244511396916959,0.05172938686587347,1554.3292245761636,1.8137921586669152,-1.5688933091158204,1302.708601880182,0.1931694626852214,-3.003371155312695,1401.2741240339851,-1.2413083835116534,-3.9627702818139325,1200.3147249074839,-2.2007075100128906,-3.0410917593950715,1101.2364034299026,-1.2790289875940297,-4.021523350561214,1000.2559718387365,-2.259460578760172,-214.92244098081136,1506.3174409410226,-6.0797657520547075,,1416.8946073954046,13.268902603873851,-435.9772697101464,1178.0295215743731,-10.079116449744056,-499.4570137410171,1031.9902195711857,4.45442044774943,12.502482102897076,788.8735471994307,-9.211138080056829,-0.9330119522784468,803.3444832370193,0.829050819522595,-5.503193238623973,798.7743019506737,-3.7411304668229306,0.1366737862061056,804.4141689755038,1.8987365580071474,-7.270222524785967,797.0072726645118,-5.508159752984925,186.2615229037275,1506.9407543557538,-5.45645233732338,348.16539129800833,1427.8472515080118,-1.1565872790879537,437.57945191369964,1202.0634508377602,-3.1581068365091105,500.69632333203873,1073.6368548454082,1.5718159878705267,-1.5683355916081867,775.1176721402443,-11.823566371449008,-4.0922331699531105,800.1852620193446,-2.3301703981520685,0.748016331516943,,2.5100791033179846,-3.9003006660438615,800.3771945232538,-2.13823789424282,-3.7704565385131583,800.5070386507846,-2.008393766712117,-146.3379098339754,925.5068434015809,-12.957730428162701,-146.1381124084802,575.7066408270761,-12.75793300266749,-148.63026573400626,123.21448750155001,-15.25008632819355,-1.433151985620475,802.8443432036772,0.3289107861805667,147.39510281488708,875.5503495793308,14.01492340907438,147.34239189390502,525.4976386583488,13.962212488092327,144.51702640382868,72.67227316827245,11.136846998015995,-1.6217339555506387,802.6557612337471,0.14032881625040305
229,2.29,-6.542171014831778,1697.7184802713443,-4.804330162780659,-3.674457999428537,1550.5861932867476,-1.9366171473774187,0.2932613100050383,1304.5539125961811,2.0311021620561567,-2.151908708376813,1402.1087425777994,-0.41406785632569454,-6.026608913643172,1198.234042372533,-4.288768061592053,-6.654950437719422,1097.6057008484568,-4.917109585668303,-3.2944100670444243,1000.9662412191317,-1.5565692149933057,-210.17452518709422,1511.3071630197849,-1.1964363385379215,-353.2385944170749,1413.2157930900705,10.143056667786583,-437.5598172478537,1175.8175927393663,-12.550932247261475,-505.1398593151028,1027.4996120964886,0.6679164396317745,11.483731729544182,786.2989038638614,-10.971561557284078,-3.3192112007767065,800.9414400853993,-1.5813703487255877,-1.957545892843656,802.3031053933324,-0.2197050407925374,-5.0476962528491836,799.2129550333269,-3.3098554007980647,-5.293932265108579,798.9667190210675,-3.556091413057461,188.24027760907958,1509.0097121326403,-3.4938872256824713,344.7500260890013,1423.6434783358357,-6.2138812590210275,433.6770792327064,1197.6913136371882,-5.874343563873123,499.9840494437906,1074.3417498821664,1.0863616601981434,1.7197915670215655,780.1235077505038,-8.06028830361987,-1.9119608295547998,802.3486904566213,-0.17411997750368124,-0.9423867755236177,803.3182645106525,0.7954540765275009,-1.795318015450669,802.4653332707254,-0.057477163399550335,-6.804135279164981,797.4565160070111,-5.066294427113863,-143.15252385976257,929.4815576189905,,-141.2403447824839,581.3937366962691,-7.494048805289992,-142.63010657597994,130.00397490277314,-8.883810598786004,-6.136134529940016,798.1245167562361,-4.398293677888897,145.01862934899597,872.384547870243,11.272333371802045,143.03709150930766,520.4030100305547,9.290795532113748,147.34961967215574,74.71553819340265,13.603323694961809,-5.879915119727158,798.380736166449,-4.14207426767604
230,2.3,-4.700089959821128,1699.54238898317,-2.98726040968579,-0.6321090291343521,1553.6103699138569,1.0807205210009854,-1.3134101666587163,1302.9290687763325,0.3994193834766211,-2.1366299699773865,1402.1058489730137,-0.4238004198420491,-1.9464734029655741,1202.2960055400256,-0.2336438528302367,-9.069171991133338,1095.1733069518577,-7.3563424409980005,-1.1192346998886076,1003.1232442431026,0.5935948502467299,-210.9350020808557,1510.7620825475735,-1.8366434295360796,-356.628312654677,1407.8234367682144,5.2962278979606685,-436.21077880805586,1176.634340299178,-12.001486785034423,-505.8010052266298,1028.035145684221,1.8502875734060944,10.869235257377955,,-12.16636169951596,-4.705799310434691,799.5366796325565,-2.9929697602993537,-1.0623170125560346,803.1801619304351,0.6505125375793028,-2.339656338915213,801.9028226040759,-0.6268267887798757,-8.99243427594524,795.2500446670459,-7.279604725809903,187.78012258422618,1508.614362467284,-3.984363509825676,343.4263733938956,1421.4642846998659,-9.180571671709995,433.8323269414858,1197.3181098025238,-4.578127434603468,499.4140105039087,1075.1215644001727,0.7339686201362552,-1.1801880906591986,779.00247037678,-10.426184955069315,-5.398215237418622,798.8442637055725,-3.685385687283284,,801.157742484678,-1.371906908177814,-5.013910826441263,799.2285681165499,-3.3010812763059256,-0.34003307736842237,803.9024458656228,1.372796472766915,-139.62592754051036,933.7923451592168,-5.4642017443054876,-148.00089576539872,575.4173769343284,-13.839169969193833,-142.6544150065897,130.76385769313748,-8.492689210384814,-4.178147132370119,800.0643318106211,-2.465317582234782,140.16832879731228,,6.006603001107398,144.32250820991408,520.9042355101868,10.160782413709192,143.1291134881757,69.71084078844856,8.967387691970815,-1.957530923983553,802.2849480190076,-0.24470137384821555
231,2.31,-3.115229830997904,1701.1077461505809,-1.4281975700424758,-2.4493056979058196,1551.773670283673,-0.7622734369503911,-1.3649699120257273,1302.858006069553,0.3220623489297012,-2.6802444588860688,1401.5427315226927,-0.9932121979306405,-2.822399357986659,1201.400576623592,-1.1353670970312302,-3.0314844371797416,1101.191491544399,-1.3444521762243131,-2.9504663186507396,1001.2725096629281,-1.2634340576953114,-209.34912748506966,1512.5367358842277,-0.14571017079598558,-350.66970356892585,1411.7481142313081,9.758359974966798,-435.4288570850076,1176.983606110568,-11.92636217485197,-506.55211087198785,1028.4761756306052,2.876400298582002,13.557179898776983,785.6595611073813,-9.892498797159398,-1.6158125962143128,802.6071633853645,0.07121966474111563,-9.118727269918645,795.1042487116601,-7.431695008963216,-5.989694880511131,798.2332811010677,-4.302662619555702,-2.690214416792131,801.5327615647867,-1.003182155836703,191.39294801007614,1512.266601721546,-0.4158443334777471,343.8648262721803,1420.9839026140091,-10.38019918499824,432.1594009401573,1195.0580156950343,-5.159291853931135,499.9977427123898,1076.9773000959635,1.5213528495133886,-0.9587333892320258,781.052434357353,-9.618357780293096,0.44369848159463876,804.6666744631735,2.1307307425500674,-1.1585422884707959,803.0644336931081,0.5284899724846326,-2.2853766838121854,801.9375992977666,-0.5983444228567569,0.021416428720309355,804.2443924102992,1.7084486896757378,-142.97611213569667,931.220129622858,-8.35084205963236,-142.23863882358566,581.957602934969,-7.613368747521375,-144.49635900526928,129.69988275328544,-9.871088929204987,-1.6887153397056909,,-0.0016830787502624123,145.47210200072703,871.2758602421724,10.846831924662744,146.57419529778684,522.3779535392322,11.94892522172254,142.73263680423656,68.53639504568183,8.107366728172256,-6.7970537256586,797.4259222559202,-5.110021464703172
232,2.32,-1.1870739080505248,1703.0150667605817,0.47337879439761266,-5.585454904395,1548.6166857642372,-3.925002201946862,-1.761032117848049,1302.441108550784,-0.10057941539991155,-4.35268752818311,1399.849453140449,-2.692234825734973,-3.3219318698958546,1200.8802087987362,-1.6614791674477172,-4.066809704400037,1100.135330964232,-2.4063570019519,-4.574927425569574,999.6272132430626,-2.9144747231214363,-210.7300235556841,,-1.4368029838958014,-351.79791724672094,1408.5608806634482,7.0999330107848095,-436.11264488389895,1175.9690396066537,-13.221368127700858,-508.20118550333217,1028.0061216078275,2.9253505053488684,18.22404882903721,789.1819449746486,-5.469895267235605,-3.50015782651811,800.701982842114,-1.8397051240699724,-5.993941471185368,798.2081991974468,-4.333488768737229,-0.9325433736362498,803.2695972949958,0.7279093288118876,-3.157758844323184,801.044381824309,-1.4973061418750464,189.9818010684322,1510.8695151811773,-1.8851145247524945,346.3172821065668,1422.458226609875,-9.554802664830564,430.2518785964174,1192.5048214977799,-6.0280934751220165,498.02680837644266,1076.1902960232105,-0.26460640884457254,-2.888089335000153,780.9893670170757,-10.915989332259228,-4.966956373744356,799.2351842948877,-3.306503671296219,-1.0712290819600434,803.130911586672,0.5892236204880941,-2.8888981221796057,801.3132425464526,-1.228445419731468,-1.7334409190529247,802.4686997495792,-0.07298821660478727,-144.973646007312,929.9931969959645,-9.83806950774754,-147.79275147386818,,-12.65717497430372,-147.01846301672197,127.94837998655443,-11.882886517157521,-4.712144109074529,799.4899965595575,-3.051691406626392,142.46555143164895,867.4987084283725,7.329974932084504,147.13520915254537,522.1683661492689,11.999632652980914,144.75311012427255,69.78626712099613,9.617533624708088,-5.174205606897541,799.0279350617345,-3.5137529044494036
233,2.33,-0.5191933820873209,1703.6607783355971,1.1139015335210727,-3.3964289187172847,1550.7835427989671,-1.763334003108891,-3.9400734413160534,1300.2398982763684,-2.3069785257076596,-2.21676942432941,1401.9632022933552,-0.5836745087210167,,1199.5168014991136,-3.0300753029624072,-6.174130006261198,1098.0058417114233,-4.541035090652804,-1.7587314397361982,1002.4212402779483,-0.12563652412780457,-209.40300418502943,1512.7799008369193,-0.035256973087748555,-353.5414160795849,1404.7395316932061,3.798224238165526,-436.23180319896744,1175.6229098354409,-13.853730995303602,-506.71952914699494,1030.6455977446499,6.013620697904832,8.730075413968068,778.6913811786303,-15.036012869679661,-1.286806996673863,802.8931647210106,0.3462879189345307,-4.5425260066002515,799.6374457110842,-2.909431090991858,-1.964634556098507,802.2153371615859,-0.3315396404901134,-1.638057002092413,802.541914715592,-0.004962086484019412,187.09574959376238,1507.9722405605644,-4.842917249442622,349.3912782825146,1424.4989329239606,-8.090806144615689,433.79839489365094,1195.34762059416,-1.4995124376868911,498.41059632807344,1077.6601170569436,0.2809916724758197,-6.138618114146562,779.6310910757423,-13.49660283593687,-4.467432670710243,799.7125390469743,-2.834337755101849,-3.0501523780122426,801.1298193396722,-1.417057462403849,-6.250829976523709,797.9291417411607,-4.617735060915315,-1.1708847422554882,803.009086975429,0.4622101733529054,-141.58448770805404,934.1443851838247,,-143.53363044428085,582.1952424475979,-7.842487093377262,-141.39727292321487,134.3315999686639,-5.706129572311286,-0.9058526997153225,803.2741190179692,0.7272422158930711,142.84541003694346,867.1165371450647,7.154266686039891,143.53280845319273,517.803935561314,7.841665102289149,143.12988254953584,67.40100965765706,7.438739198632247,-6.6313489266235885,797.5486227910609,-4.998254011015195
234,2.34,-6.331635729021892,1697.824832561918,-4.726672464635313,0.2717513403339833,1554.4282196312738,1.876714604720562,0.44781005682829944,1304.6042783477683,2.052773321214878,-3.3269480306378076,1400.8295202603022,-1.7219847662512289,-1.3155511805702833,1202.8409171103697,0.28941208381629546,-4.735599414052041,1099.4208688768879,-3.130636149665462,-3.6679461655115837,1000.4885221254282,-2.0629829011250047,-213.99014263610616,1508.3007785649004,-4.563143596649171,-345.7553422535271,1410.435214819158,10.003918826335484,-428.6989600413368,1183.034197806915,-6.73400227812892,-510.3910041135337,1028.103206876759,3.845900708720277,16.06175399819938,785.1780429673049,-7.603363154342674,3.5377794500487973,807.6942477409885,5.142742714435376,-5.39088766314641,798.7655806277934,-3.785924398759832,-3.984106304523709,800.172361986416,-2.3791430401371305,-5.67553175211883,798.480936538821,-4.070568487732251,187.65555709479835,1508.4956428363423,-4.368279325207189,351.6811483254099,1425.704618761803,-7.387885296183043,433.24493534229464,1194.0331047120721,-1.1309467368247506,491.20235047876076,1071.4306679167692,-6.792845931596364,-5.208045208522152,,-11.86523591314859,-3.386666837427089,800.7698014535126,-1.7817035730405102,-3.073209935942113,801.0832583549976,-1.468246671555534,-5.70393650144284,798.4525317894969,-4.098973237056261,-3.1606813170970307,800.9957869738428,-1.5557180527104517,-145.016019765657,931.46505316291,-8.725695617323968,-138.62184176855223,587.8592311600148,-2.331517620219187,-143.6196925665776,132.86138036198938,-7.329368418244592,-3.2067753125524017,800.9496929783874,-1.6018120481658227,,868.3134155266715,8.504164306905484,146.0815772768472,519.6005043482802,9.791253128514171,146.07641461814737,69.59534168958038,9.786090469814335,-3.4352865116767357,800.721181779263,-1.830323247290157
235,2.35,-7.720274311106128,1696.4113556898394,-6.144211875646549,-1.0206525820412575,1553.1109774189042,0.5554098534183216,-2.1266767971265357,1302.004953203819,-0.5506143616669565,-2.6662640389733765,1401.465365961972,-1.0902016035137971,-4.869798097961449,1199.261831902984,-3.29373566250187,-4.079442416756179,1100.0521875841894,-2.5033799812966,-2.19205743222292,1001.9395725687227,-0.6159949967633409,-213.11118056507235,1509.2606458464013,-3.6401797599672303,-342.376101091647,1411.7178249401966,11.786504570485201,-429.56315654787767,,-7.909513092738678,-509.41833114157276,1030.1693043562004,6.208877185152671,14.287309131264305,782.7127790469943,-9.104049068729942,-5.698629980329187,798.4330000206164,-4.122567544869608,-1.9255531371399306,802.2060768638057,-0.34949070168035146,-2.9008669197001624,801.2307630812454,-1.324804484240583,-2.2596397514856763,801.8719902494599,-0.6835773160260974,196.03807652420417,1516.8167077884752,3.915882182106745,351.62581004884714,1424.5185732601838,-9.001201763572398,433.4609379622618,1193.431667124866,-0.05609846153778819,489.599956705225,1070.6910621888453,-8.292165691370759,-4.370675660919911,785.2145903040937,-10.303584183316321,-2.3200353947772863,801.8115946061683,-0.7439729593177071,-4.723938272134792,799.4076917288108,-3.1478758366752118,-0.506370785443917,803.6252592155017,1.0696916500156621,-0.8656146952068107,803.2660153057388,0.7104477402527685,-143.34541870274973,933.8767142017819,-6.414085940143672,-143.72939905231433,583.4927338522173,-6.798066289708282,-143.6959428161527,133.52619008837885,-6.764610053546636,-0.8984060687434918,803.2332239322021,0.6776563667160873,145.81001201793003,868.5878791133985,8.878679255323988,143.48264586368208,,6.551313101076026,145.32926172579218,68.10712882126066,8.397928963186136,-1.0610172356731717,803.0706127652725,0.5150451997864074
236,2.36,-1.6044210585453844,1702.5010358535653,-0.05802362066998623,-0.5893523068648805,1553.5161046052458,0.9570451310105177,2.4617711891048106,1306.5672281012155,4.008168626980209,-4.130165610420813,1399.9752913016898,-2.5837681725454154,-5.096106414179999,1199.0093504979307,-3.5497089763046015,-4.874362801680254,1099.2310941104304,-3.3279653638048563,-2.8238123828064374,1001.2816445293043,-1.2774149449310395,-211.20116090072764,1511.2244213696283,-1.701360799010861,-345.17167238685124,1406.8256719294893,7.383938401074151,-430.34608280737126,1181.4649992081597,-8.900617001241635,-511.45950249844736,1029.1796385822252,5.434898856147393,10.140824860230406,778.0312319006803,-12.80563599011962,-1.3614746134100582,802.7439822987008,,-5.602665733007836,798.502791179103,-4.056268295132437,-2.7131356300221885,801.3923212820887,-1.16673819214679,-5.41591643517075,798.6895404769401,-3.869518997295352,189.13686055554155,1509.829152008437,,350.4995325230556,,-11.650658465596377,434.0062870504965,1193.1043966106074,1.2820307711928285,495.92361489867585,1077.7533724518548,-1.9003450039386571,-7.0778189929790445,784.4078120224389,-12.270353932323836,-3.916199716597122,800.1892571955137,-2.369802278721724,-1.4866781927701185,802.6187787193408,0.059719245105279706,-1.1767188073896886,802.9287381047211,0.3696786304857096,-4.203631185650233,799.9018257264606,-2.6572337477748347,-144.03256458312444,933.9181298489975,-6.420315578612521,-145.83790498838334,582.1127894437386,-8.225655983871409,-143.16530221069047,134.7853922214315,-5.5530532061785465,-0.7657998267031485,803.3396570854077,0.7805976111722497,143.51048351790942,865.5597890857874,5.898234513397503,,519.962129306124,10.300574733734022,147.05344835064307,69.1027539185211,9.441199346131146,-6.457597950574076,797.6478589615367,-4.911200512698677
237,2.37,-3.2127001604376972,1700.8652493816282,-1.6967265578665907,-2.2808733961346723,1551.7970761459312,-0.7648997935635657,0.7165768542852957,1304.794526396351,2.2325504568564023,-2.5441426437852535,1401.5338068982805,-1.028169041214147,-3.8099546349225593,1200.2679949071432,-2.293981032351453,-2.840436108231956,1101.237513433834,-1.3244625056608497,-6.041058783798955,998.0368907582671,-4.5250851812278485,-213.24203325405415,1509.2101511399921,-3.7285660270589567,-343.24914096983986,1406.6579290828727,7.695093551726205,-431.59640651077046,1180.4157039002566,-10.255024281196427,-514.7017560130221,1026.9414238219138,3.3280729970088467,12.851160796904857,780.3627515750333,-9.482225452790333,-1.9613724129736625,802.1165771290923,-0.44539881040255613,-5.879168363221778,798.1987811788442,-4.363194760650671,-5.894904623578954,798.1830449184871,-4.378931021007848,-1.6345472570488482,802.4434022850171,-0.11857365447774182,192.05686710155192,1512.6381281089748,-0.30058905807634106,350.2052632521091,1420.7149617022285,-13.427594394146912,430.50316090106213,1188.6749243286329,-1.497002683943095,492.49491966449926,1074.9317843003962,-5.298964612956298,,784.8066009261294,-13.003059352486359,-4.056313069107757,800.0216364729582,-2.5403394665366514,-3.896980337224243,800.1809692048417,-2.3810067346531367,-7.644594665383232,796.4333548766828,-6.128621062812125,-4.779968861082134,799.2979806809839,-3.263995258511028,-149.20891428445515,929.4564404756397,-10.877889621318845,-146.0146970294542,582.6506577306407,-7.6836723663179125,-142.71637103595245,135.94898372414244,-4.385346372816145,-2.7473641197255825,801.3305854223404,-1.231390517154476,141.4339524120435,862.7685976519487,3.1029277489072298,143.88006133646374,515.2147065763689,,147.77235484514404,69.10700008504918,9.441330182007748,-2.5302700495815964,801.5476794924843,-1.01429644701049
238,2.38,-3.113798523269803,1700.9353103395965,-1.6290019415057944,-4.653729995479228,1549.395378867387,-3.16893341371522,-2.6764255814594144,1301.372683281407,-1.1916289996954057,-3.509428835027514,1400.5396800278388,-2.0246322532635053,-1.2789794584861949,1202.7701294043802,0.20581712327781387,-3.0872363519684307,1100.961872510898,-1.6024397702044217,-2.136117416112586,1001.9129914467538,-0.6513208343485775,-209.24117732278606,1513.2104850107035,0.27091769058233073,-339.59806089667103,1408.2312481327708,9.736373085550257,-434.750518839861,1177.571124616553,-13.408552026985411,-510.0218633915301,,9.004039202226277,8.579036564497377,775.8674865320917,-12.977350030860277,0.7620481427912953,804.8111570056577,2.246844724555304,-2.9353367226648444,801.1137721402016,-1.4505401409008356,-5.460540216242013,798.5885686466244,-3.975743634478004,,796.1682283858985,-6.396083895203927,190.76475782641623,1511.2105228886267,-1.7290444314945137,356.02222730837974,1425.2886914009518,-9.047207076332036,432.91918858811056,1190.1125787195106,1.5720810097863192,487.8684607136724,1070.7742646532517,-9.93616542745713,-13.031352799203304,782.1851984158209,-16.724059195522017,-0.9106416621689175,803.1384672006975,0.5741549195950912,-5.8584179553160745,798.1906909075503,-4.373621373552066,-4.553297360957424,799.495811501909,-3.068500779193415,-1.9146767887116491,802.1344320741548,-0.4298802069476404,-145.6521029032041,933.7125679532007,-6.566612928297351,-143.76161070580727,585.6030601505976,-4.676120730900511,-145.1178293211001,134.2468415353048,-6.032339346193318,-3.831136645165915,800.2179722177005,-2.346340063401906,145.46755108759277,866.1028802311879,6.382061112685991,146.16152052283377,516.7968496664289,7.07603054792699,146.77191049716586,67.40723964076096,7.68642052225909,-4.0888665028271545,799.9602423600393,-2.6040699210631457
239,2.39,-1.5936991432255332,1702.4252371588107,-0.14082679500963646,0.413231240783535,1554.4321675428198,1.8661035889994317,-2.573461241525245,1301.445475060511,-1.1205888933093484,-5.928299997851365,1398.090636304185,-4.475427649635469,-6.778249710574896,1197.2406865914613,-5.325377362358999,-1.6059069954020302,1102.4130293066341,-0.15303464718613347,-7.46898872285511,996.5499475791813,-6.016116374639213,-214.53080021156038,1507.8932792541614,-5.03500158639333,-341.3715350982097,1404.398659059862,6.360608021605464,-430.0261673848063,1182.7134247204315,-8.57875985512796,-518.5565530674284,1024.933899909748,1.3195997479733563,9.622498033905996,776.8418648917323,-10.998476118151604,-1.3289367603997397,802.6899995416367,0.12393558781615699,-4.077278550347161,799.9416577516893,-2.624406202131265,-1.3198965916753091,802.699039710361,0.13297575654058758,-4.092400834228934,799.9265354678074,-2.6395284860130377,190.40608422541203,1510.6921430249818,-2.23613781557295,354.21301715855185,1422.2079347706072,-12.241483883939773,433.8215827294045,1189.986515346065,3.054425580659243,489.11334984867864,1072.3441506410356,-8.745083299714855,-11.185654756888677,,-14.133099696893712,-8.974721592243096,795.0442147097933,-7.521849244027199,-5.789911775091824,798.2290245269446,-4.3370394268759265,-2.765386422482306,801.253549879554,-1.3125140742664092,-4.447921150269265,799.5710151517671,-2.995048802053368,-141.03167418072042,939.0154895631396,-1.1583136787480957,-145.23066698645084,584.8164967574091,-5.357306484478526,-148.90761970639093,131.13954403746905,-9.034259204418607,-4.8079090995805895,799.2110272024559,-3.3550367513646924,145.63808678836702,865.5909230445071,5.7647262863947,145.03544846425945,514.9882847203995,5.162087962287131,148.9447061355547,68.89754239169471,9.071345633582366,-5.98703625406684,798.0319000479695,-4.534163905850944
240,2.4,-5.480092367207649,1698.507341376247,-4.059885172837273,-2.193464377432533,1551.793969366022,-0.7732571830621564,-1.5394287276344822,1302.4480050158202,-0.119221533264106,-2.247633721372362,1401.7398000220824,-0.8274265270019856,-5.971844405476995,1198.0155893379776,-4.551637211106618,,1103.2283111369752,0.6610845878908114,-3.776641183222073,1000.2107925602328,-2.356433988851697,-211.33988223127264,1511.0296506107193,-1.8751669078115154,-342.27038901465386,1401.465376252722,3.872861621918648,-429.36582814914345,1183.8996892088971,-7.708323259431724,-510.6810268232442,1033.6454412547905,9.894246914365919,5.213399972805211,772.5151005298114,-14.32048021851039,0.23881650671164945,804.2262502501665,1.6590237010820257,-0.8421785604958001,803.145255182959,0.5780286338745761,0.1757780843045027,804.1632118277594,1.595985278674879,-4.494085451133453,799.4933482923213,-3.073878256763077,194.12411720903077,1514.2265442343544,1.3217267158235377,355.4762914650896,1422.1759960873935,-12.306523825722866,432.8148859756432,1187.9034594249251,2.5527916774055246,490.52595337784135,1073.9329373498172,-7.431083347172095,-11.532838416847893,787.2534514063084,-13.747186518936626,-4.91942471975943,799.0680090236954,-3.4992175253890543,-3.633124292063051,800.3543094513917,-2.212917097692675,-2.2572866599844517,801.7301470834703,-0.8370794656140752,1.5953728182220006,805.5828065616768,3.015580012592377,-147.77399381065752,932.9373292622132,,-145.83497334719186,584.8763497256788,-5.142728950167279,-148.11973198835324,132.59159108451746,-7.427487591328649,-6.285725779856111,797.7017079635987,-4.865518585485734,149.91384211451506,869.2025190416443,9.221597717490482,144.1145187526808,513.4031956798101,3.422274355656208,145.6631530906105,64.95183001773981,4.970908693585912,-4.549054205475368,799.4383795379795,-3.1288470111049924
241,2.41,-4.123922831165805,1699.8306806969151,-2.7371150998025957,-1.3141558146264862,1552.6404477134545,,0.252805234581714,1304.2074087626627,1.6396129659449232,-0.9554871863942669,1402.9991163416867,0.43132054496894234,-5.515313997929864,1198.439289530151,-4.128506266566655,-2.0022764873061787,1101.9523270407747,-0.6154687559429692,-5.971800135143064,997.9828033929379,-4.584992403779855,-212.1242147637608,1510.1639382289932,-2.7052105648263587,-345.2039645683588,1396.527984734227,-0.6303864313215506,-432.8270597665003,1181.071569887219,-10.855387732975815,-509.3258650128544,1035.7747536595634,11.793292125568634,6.398512299730131,773.9303309930773,-11.904491874144616,-5.909392435332688,798.0452110927482,-4.522584703969478,-2.6580795518124907,801.2965239762684,-1.2712718204492812,-3.195891278818727,800.7587122492622,-1.8090835474555176,-1.635640105174575,802.3189634229063,-0.2488323738113658,190.53708103555553,1510.4322647425438,-2.4368840512758396,355.20409440372316,1420.5895669582505,-13.845238203214796,431.0809042386799,1185.0476340701357,1.2474955099914689,488.672545554753,1072.1029795160057,-9.42907859265738,-8.356525146893677,792.1307783926807,-9.856345995673886,-5.528490746060461,798.4261127820205,-4.141683014697252,-5.817026592828775,798.1375769352521,-4.4302188614655655,-2.8888106042784525,801.0657929238024,-1.502002872915243,-1.018546056887823,802.9360574711931,0.36826167447538616,-142.96123430078524,938.3943776137107,-1.421584270470417,-147.91052601719056,583.4450858973054,-6.3708759868757365,-148.03197742971363,133.32363448478233,-6.492327399398815,0.5791073925098704,804.5337109205908,1.9659151238730797,146.88752739106687,865.5319154765709,5.347877360752045,145.41549992748577,514.0598880129897,3.8758498971709274,143.319631146382,61.964019231886006,1.7799811160671553,-2.1589942184869173,801.7956093095939,-0.7721864871237079
242,2.42,-2.3022864001595353,1701.6181620543612,-0.9496055122537599,-3.298658263562333,1550.6217901909586,-1.9459773756565575,-7.242975020353255,1296.6774734341675,-5.890294132447479,-2.5735259951150553,1401.3469224594057,-1.22084510720928,1.2006340730760656,1205.1210825275969,2.553314960981841,-5.195931827529819,1098.724516626991,-3.843250939624043,-8.293525382687115,995.6269230718337,-6.94084449478134,-212.33891629605128,1509.841187393801,-2.980070422828879,-336.98524282879464,1402.779298171226,6.043615759563399,-434.5915858463906,1180.0462036518288,-12.202649572445416,-510.35427935359144,1035.4570764084283,11.150637705707371,9.835258615143086,777.7403956010476,-7.102094960314554,-6.620539712226716,797.2999087422942,-5.267858824320941,4.607424084050489,808.5278725385714,5.960104971956265,-1.8968564826216419,802.0235919718992,-0.5441755947158664,-1.68233915030927,802.2381093042117,-0.3296582624034945,191.23359494169478,1510.8982664169794,-1.9229913996505181,354.9161648169287,,-15.333060733563364,433.2328941842971,1186.0349417871425,3.750600611767492,489.9031807182104,1073.2014044069042,-8.389635566628929,-11.821886219665588,790.2993619374995,-12.631772342938142,-4.531462534778642,799.3889859197423,-3.1787816468728662,2.9681776036913328,806.8886260582123,4.320858491597108,-2.6493847595039988,801.2710636950169,-1.2967038715982233,-4.897147615253272,799.0233008392677,-3.544466727347497,-144.67938143116638,937.2990903248541,-2.266387477823099,-146.3172197614188,585.6612519946017,-3.904225808075535,-144.19159650452963,137.78687525149078,-1.7786025511863626,-3.3674964657469904,800.5529519887739,-2.014815577841215,149.93861605794007,,7.5256221045967795,146.27953070859135,514.3010589525709,3.866536755248076,144.52316821938024,62.54469646335982,2.1101742660369616,-1.3025920248446452,802.6178564296763,0.05008886306113025
243,2.43,-5.850668234915881,1698.0343035445171,-4.532834325874196,-6.048835010643293,,-4.731001101601608,-0.4189182907377469,1303.4660534886953,0.898915618303938,-3.978000832855543,1399.9069709465775,,-2.8906322388234336,1200.9943395406096,-1.5727983297817487,-3.1646904771294357,1100.7202813023034,-1.846856568087751,-2.9774263967867016,1000.9075453826462,-1.6595924877450166,-213.62495009727994,1508.4206315690199,-4.3405079280967165,-337.06836219999985,1400.770821905521,4.446352971255676,-431.10420429341565,1184.3773050394852,-8.196262212751506,-513.3852028826044,1033.072760369285,8.34570150598527,9.2526351105182,777.668801466143,-6.194339722958439,-5.8262018809501,798.0587698984828,-4.508367971908415,-6.186398901675927,797.6985728777569,-4.8685649926342425,-0.6778791811766753,803.2070925982562,0.6399547278650095,-0.6435371721533216,803.2414346072795,0.6742967368883632,195.59938069373916,1515.0106417834877,2.2495022863711553,363.5681650774344,1426.286610650623,-7.809737191297327,427.9593361958051,1179.556730440251,-1.2503060824579513,485.36490175795063,1068.3733531355892,-13.165749510301229,-10.099547604019838,793.5811304615772,-10.249680803740542,-0.22578915524265364,803.6591826241902,1.0920447537990312,-2.3986795059962924,801.4862922734366,-1.0808455969546074,-4.432236546587808,799.452735232845,-3.1144026375461236,-3.973237428611532,799.9117343508213,-2.6554035195698473,-148.52345645057247,,-5.213847278057099,-151.74623557945532,580.8320921009492,-8.43662640693995,-146.9294452126408,135.64888246776368,-3.619836040125439,-4.162751395912248,799.7222203835206,-2.844917486870563,152.52406442197218,869.9457367415677,9.214455249456837,150.44131973361786,517.8629920532134,7.131710561102501,147.24066436206178,64.66233668165732,3.9310551895464383,-2.830711182968448,801.0542605964644,-1.512877273926763
244,2.44,-4.8786604346226365,1698.9695167831499,-3.596386079845889,-2.6291277382058142,1551.2190494795668,-1.346853383429067,-2.6812651361974464,1301.1669120815752,-1.3989907814206992,-2.596780219351394,1401.2513969984211,-1.3145058645746466,-6.079700822902295,1197.7684763948703,-4.797426468125548,-7.429268464546006,1096.4189087532266,-6.146994109769258,-1.5773792924363228,1002.2707979253363,-0.2951049376595756,-209.99704815275467,1511.8877681413312,-0.801032402137609,-335.02244406915895,1400.938909133744,5.014196531260824,-429.73605387505984,1186.6919027652202,-6.209098376171987,-507.40344544944793,1039.6371047300606,14.393265964270952,8.358873388080422,777.4174405303297,-5.484002577616524,-3.953428437298459,799.8947487804742,-2.6711540825217117,-7.246547152357655,796.601630065415,-5.964272797580908,-4.356276807724905,799.4919004100477,-3.074002452948158,-8.411198354892353,795.4369788628802,-7.128924000115605,191.7288149099003,,-1.8246347643311887,358.97593144109277,1420.3507303101942,-13.455092718398769,434.09617322628515,1184.4520241323175,5.080126568206664,487.9670177565388,1070.5272829515377,-10.84755653574589,-13.50711247806651,791.6518372428852,-13.032783588419534,-5.215080238732784,798.6330969790398,-3.9328058839560374,-4.7619144451908415,799.0862627725818,-3.4796400904140947,-3.1593282759494974,800.688848941823,-1.8770539211727502,-3.9147153194567172,799.9334618983158,-2.6324409646799696,-147.53828966529903,935.6153040448257,-3.3115359603315024,-149.2265149260838,583.9270787840409,-4.999761221116294,-149.4335986718927,133.71999503823204,-5.206844966925182,-4.136796070496537,799.711381147276,-2.8545217157197893,145.13383858187692,861.9802448717522,0.907084876909392,146.6602362111067,513.506642500982,2.433482506139184,148.79405831638792,65.64046460626318,4.567304611420385,-3.665914483987708,800.1822627337849,-2.383640129210961
245,2.45,-3.332379854841571,1700.477689088035,-2.086369756259145,0.4814523250884144,1554.2915212679652,1.7274624236708402,-0.991283036876502,1302.8187859060001,0.25472706170592385,-5.167709051133435,1398.6423598917434,-3.921698952551009,-3.898304647872653,1199.911764295004,,-4.723946023493994,1099.0861229193827,-3.4779359249115678,-3.6593194574146013,1000.1507494854619,-2.4133093588321755,-210.0452671944974,1511.652802026022,-0.9514574625055193,-342.35049180700014,,-3.7505148158859516,-434.07523860912306,1183.3997196711225,-9.831368621518873,-506.28456791096124,1041.2754670625104,15.418598448002788,7.852136116473714,777.6773460484334,-4.284805364218052,-0.26598918685943174,803.5440797560171,0.9800209117229941,-0.2822210308630848,803.5278479120135,0.963789067719341,-3.767690077110585,800.042378865766,-2.521679978528159,0.0068841820263614295,803.816953124903,1.2528942806087873,189.64035006661135,1508.477716154801,-4.12654333372649,356.73673204802327,1416.7671281140906,-16.66779057553898,431.0253593469198,1180.106062829122,2.1235632466834264,488.2833305356799,1070.2372099968682,-10.860103161235134,-16.818735087522366,789.7315273438268,-15.759822629359238,-3.8099581423627873,800.0001108005138,-2.5639480437803615,-3.1422493012949846,800.6678196415816,-1.8962392027125587,-5.934650426852272,797.8754185160243,-4.688640328269846,-5.3856989840213165,798.4243699588552,-4.139688885438891,-150.44494617008363,933.2577321250916,-5.283326782311557,-143.85248325041294,589.8501950447624,1.30913613735913,-148.62386146730938,135.0788168278659,-3.462242079537326,-3.7104668928721556,800.0996020500044,-2.4644567942897297,151.6753239612176,867.9726456660424,6.513704573445527,148.31940724585252,514.6167289506773,3.15778785808046,149.54681288436123,65.84413458918596,4.385193496589161,-3.529008794815349,800.2810601480612,-2.282998696232923
246,2.46,-2.333274913668423,1701.437376672717,-1.1242255878953593,-1.6499632601811889,1552.1206883262041,-0.44091393440812543,-5.316044384447075,1298.4546072019384,-4.106995058674011,-1.6630760746919904,1402.1075755116933,-0.4540267489189269,-1.7341599969902413,1202.0364915893952,-0.5251106712171778,-9.685991199134914,1094.0846603872506,-8.47694187336185,-0.5068458257859092,1003.2638057605994,0.7022034999871543,-205.0097333550919,1516.4759006085662,3.9683539036850717,-330.77276140773296,1401.596456239189,6.437134938774333,-431.5792454838534,1187.0407605613777,-6.523031826224168,-508.4727536250495,1039.5453682937666,12.979564383876689,5.621842097503124,776.3300845418469,-4.719998166148316,0.26401905264275305,804.0346706390281,1.4730683784158165,3.7703043591557197,807.5409559455411,4.979353684928784,-1.8753492372271288,801.8953023491582,-0.6662999114540653,-5.8112565922856705,797.9593949940997,-4.6022072665126075,190.68079511638436,1509.198553455917,-3.3089932489641716,362.6916831994529,1421.3813209490083,-11.602931642117634,434.307891882884,1182.083324648844,5.44101393850587,486.37309047428244,1067.5636727297963,-13.14239293952626,-9.620926957627733,798.2287643943222,-8.021340499247238,-2.275221681949759,801.4954299044356,-1.0661723561766958,-1.8238343377793498,801.9468172486061,-0.6147850120062863,-4.470736082738984,799.2999155036464,-3.2616867569659207,-1.4574156833172869,802.3132359030681,-0.24836635754422343,-146.22686425013453,,-0.11552333929656422,-146.41509551947289,587.8088944048592,-0.30375460863491144,-145.33322893229513,138.89076099203692,0.7781119785428232,-4.765530367179361,799.005121219206,-3.5564810414062977,150.745741314602,866.52175139027,4.6344004037640065,146.89283879246858,512.6688488681365,0.7814978816305902,146.95333018301537,62.72934025868329,0.8419892721773723,-5.345737195054353,798.4249143913311,-4.136687869281289
247,2.47,-7.065353099213824,1696.6645771387903,-5.893952567456698,-2.265040792464622,1551.4648894455395,-1.0936402607074964,-5.428777693091339,1298.3011525449128,-4.2573771613342135,-1.4484448038597288,1402.2814854341443,-0.2770442721026032,1.2056363741166645,1204.9355666121207,2.37703690587379,-4.440611818628653,1099.2893184193754,-3.2692112868715273,-3.5929635934095376,1000.1369666445946,-2.421563061652412,-203.33008291483108,1517.9177525526006,5.519048144196152,-336.9913064932524,1393.6735561109222,-1.1199247555307439,-435.402699762576,1184.457563655689,-9.44154187826648,-504.9597380914566,1043.4575319852925,16.08767250831528,5.930483913628311,777.6296457895086,-2.5404432655374496,-4.469821626965458,799.2601086110386,-3.2984210952083317,-4.130135036910348,799.5997952010938,-2.958734505153222,1.6460899176819015,805.376020155686,2.817490449439027,0.5051976842753443,804.2351279222795,1.67659821603247,195.004501359862,1513.181506225033,0.7828018166284791,362.74569227430044,1420.1025187839818,-12.352126239692572,433.88521543941295,1180.328919152089,4.974236425982246,487.5632304014627,1067.8359647269726,-12.365161398369365,-13.841165282164868,795.2120471610168,-11.748259598840358,-5.4753925190835595,798.2545377189206,-4.303991987326434,,800.6583851327166,-1.9001445735303433,-8.597573736652157,795.132356501352,-7.426173204895031,-5.688809148654576,798.0411210893495,-4.51740861689745,-151.1440535255549,933.5718893126416,-4.071048482518343,-149.18569811901858,585.530244719178,-2.112693075981992,,137.31487171645833,-0.328066078701605,-4.96593932709107,798.7639909109131,-3.7945387953339447,143.55238059927785,858.8364377610814,-3.520624443758728,151.0856670815158,516.3697242433193,4.0126620384792195,150.95283273919932,66.23688990100281,3.8798276961627556,-3.3617119886527096,800.3682182493515,-2.190311456895584
248,2.48,-1.9964923340404532,1701.6914181110617,-0.8634198138776117,-5.6611731880731675,1548.026737257029,-4.528100667910326,-2.7829914339024877,1300.9049190111996,-1.6499189137396462,-3.657713415105535,1400.0301970299965,-2.5246408949426935,-7.289524546222447,1196.3983858988797,-6.156452026059605,-4.882272669405696,1098.8056377756966,-3.7492001492428546,-3.171834262024343,1000.5160761830779,-2.038761741861502,-211.57183034466243,1509.4131992724585,-2.86458737775924,-331.86748647932865,1397.1604152040356,2.7217227664554713,-436.39577354816873,1184.796799965135,-9.44024628362651,-503.58104034893074,1045.179614626015,16.911808891523336,5.804550722431724,778.593442773564,-0.7335884620804753,-3.8667887487444417,799.8211216963577,-2.7337162285816,-4.361091271892786,799.3268191732094,-3.2280187517299437,-1.799423469323565,801.8884869757786,-0.6663509491607233,1.7394589099238784,805.427369355026,2.87253143008672,192.47790613385095,1510.2935139888941,-1.9842726613238049,359.35605349259396,1415.3922053658548,-16.454912014140305,435.69148049566815,1180.7808343466486,6.657992204348236,487.4096242071478,1066.6133834909074,-12.969632610042641,-9.656108354949414,800.501610863084,-7.12007470142235,-9.08728815345938,,-7.954215633296537,-5.902149577858541,797.7857608672437,-4.7690770576957,-6.134222727353429,797.5536877177487,-5.001150207190587,-3.8216457722663004,799.8662646728359,-2.688573252103459,-148.04092484376355,937.1360379782684,0.0027351766360499408,-151.86910038535945,583.3078624366725,-3.8254403649598623,-146.74545589122923,138.43150693080273,1.2982041291703785,-6.8716758804719085,796.8162345646302,-5.738603360309067,148.79686101717297,863.619898195141,0.7532009967733826,151.7825819741665,516.6056191521345,3.738921953766896,143.68020541726176,58.503242595229814,-4.363454603137829,-7.1259674556256005,796.5619429894766,-5.9928949354627585
249,2.49,-2.551014014738751,1701.0935841974124,-1.4569396139001713,0.05594448820821629,1553.7005427003594,1.150018889046796,-1.256559052126963,1302.3880391600242,-0.1624846512883833,-3.2745530853165112,1400.3700451268346,-2.1804786844779316,-6.178547011064712,1197.4660512010864,-5.084472610226132,-1.9407889299194374,1101.7038092822318,-0.8467145290808578,-5.620998671113686,998.0235995410372,-4.5269242702751065,-213.27075856119427,1507.4268441547047,-4.718015142344248,-338.50618164336447,1388.9565351012864,-5.138250911759738,-433.68341789239986,1188.9300502804028,-5.647607009726617,-509.38934363221085,1039.6627798178804,10.404812571484957,2.718513368618366,776.6863780612243,-1.839373423679127,-6.412067004625854,797.2325312075251,-5.317992603787275,-3.2938780698660293,800.3507201422849,-2.1998036690274496,-2.8707183720336173,800.7738798401174,-1.7766439711950377,-0.7407722243324923,802.9038259878184,0.3533021765060873,,1514.7058661359513,2.5610068389023564,,1422.0148336861553,-9.14805650266519,432.58899617876244,1176.3053770595343,3.3554954474429435,486.23930310044346,1064.227428251504,-14.625324356350857,-12.217156409716834,798.9438747679743,-9.290397379308832,-9.739705547938147,793.9048926642129,-8.645631147099568,-3.863118183452336,799.7814800286986,-2.7690437826137564,-5.711408761940108,797.9331894502109,-4.617334361101528,-5.448371471803185,798.1962267403478,-4.354297070964605,-144.99509860878038,940.6103944472102,4.025226455886566,-144.78930503858828,590.8161880174023,4.2310200260786655,-152.30077673107664,133.30471632491384,-3.280451666409699,-3.4885315309403513,800.1560666812106,-2.3944571301017716,151.31663236450643,865.711139308516,2.2963072998395138,151.50522012739864,515.8997270714082,2.4848950627317254,148.31020280042904,62.704709744438574,-0.7101222642378828,-3.883968318692596,799.7606298934584,-2.7898939178540165
250,2.5,-5.621426970401771,1697.9785730295982,-4.567011382673343,-0.36662335418930647,1553.2333766458107,0.6877922335391227,-6.555632760077955,1297.044367239922,-5.501217172349525,-6.000164033893598,1397.5998359661064,-4.945748446165169,-4.411976323449137,1199.1880236765508,-3.357560735720708,-5.921263519048162,1097.6787364809518,-4.866847931319734,-2.202802891354913,1001.3971971086451,-1.148387303626484,-211.2675497101842,1509.1184212130156,-2.881578786984397,-335.3266384683781,1390.6467891714326,-3.1147809715706214,-436.6994373863901,1187.4197408067334,-7.501262541529966,-509.1467924511948,1040.1493496351657,9.811126049694169,-0.036215816216484065,775.1898882699124,-2.5811575758688416,,800.1746427376503,-2.3709416746213323,-5.64626040411702,797.953739595883,-4.5918448163885905,-5.008847484314651,798.5911525156854,-3.9544318965862217,-5.657500016776918,797.9424999832231,-4.603084429048489,195.01724067953072,1512.0502529893847,0.05025298938461841,366.77187635461166,1420.2191954311431,-10.184185177660346,438.7999463006878,1181.1288758026617,9.290124125149882,,1064.5300633997279,-13.481785219217555,-8.076407898975411,803.9854860100061,-4.812902438862958,-0.4029900048051793,803.1970099951948,0.6514255829232498,-4.175106643724826,799.4248933562752,-3.120691055996397,-5.59257299531312,798.0074270046869,-4.53815740758469,-4.912981448787375,798.6870185512126,-3.8585658610589455,-151.31233707528298,934.687662924717,-1.3123370752829961,-151.49446909910066,584.5055309008993,-1.4944690991006528,-150.502542852914,135.497457147086,-0.5025428529139854,-0.46539539080303705,803.1346046091969,0.5890201969253921,150.81089807906784,864.8108980790678,0.810898079067835,149.14966810925162,513.1496681092516,-0.8503318907483796,151.18599446031058,65.18599446031058,1.1859944603105919,0.47840231228800256,804.078402312288,1.5328179000164317
251,2.51,1.798778264711291,1705.352900989702,2.8128840613347252,-7.876777040217059,1545.6773456847736,-6.862671243593624,-4.556196911341912,1298.9979258136489,-3.542091114718478,-2.1719038786359888,1401.3822188463548,-1.1577980820125546,-4.326733827088909,1199.2273888979018,-3.312628030465475,-3.1890544928545888,1100.365068232136,-2.1749486962311546,,1001.2444996056665,-1.295517322700904,-208.20496406747753,1511.8456155882486,0.0023174365197926317,-334.358745101151,,-3.233700206449371,-434.34271425198403,1191.362930392133,-3.904238215327946,-504.2260317226139,1045.2717080288826,13.765695502993683,-0.47242049168143513,776.0808938992328,-0.9867424039068126,-4.075064872738792,799.479057852252,-3.0609590761153576,-8.267479819772655,795.2866429052182,-7.253374023149221,-3.7385215369533618,799.8156011880375,-2.7244157403299276,-6.586107737247903,796.968014987743,-5.572001940624469,197.21073107933051,1513.8236672461685,1.9803690944397507,367.78152342509713,1419.9683712416872,-9.601828146074574,440.1344132117835,1181.0656907327746,10.273437849964848,490.41195687684814,1065.551760440488,-11.510550690890579,-3.3420815523545784,809.5178893390492,0.20325326367106733,-2.5110280452089375,801.0430946797819,-1.4969222485855032,-4.690443218286749,798.8636795067041,-3.6763374216633142,-1.849646832022774,801.704475892968,-0.8355410353993398,-1.7544997547699333,801.7996229702209,-0.7403939581464991,-149.30768097244442,937.0512983178978,1.6719939628886618,-152.6758580054687,583.6831212848736,-1.6961830701356355,-151.91517901384154,134.44380027650067,-0.9355040785084684,-5.333479100770212,798.2206436242207,-4.319373304146779,154.35483124716154,867.9958519568193,3.3751563118284578,148.78154881845492,512.4225695281127,-2.1981261168781567,152.56712307001993,66.20814377967773,1.5874481346868583,-4.652831134466099,798.9012915905248,-3.6387253378426645
252,2.52,-5.878747249764324,1697.6282265081456,-4.905592206975282,-1.3680449642535057,1552.1389287936565,-0.3948899214644648,-6.47194866411695,1297.0350250937931,-5.498793621327909,-4.107043939455427,1399.3999298184547,-3.1338888966663863,-4.363338566522815,1199.1436351913871,-3.390183523733774,-4.505667803269813,1099.0013059546402,-3.5325127604807722,-4.600499590862771,998.9064741670472,-3.62734454807373,-205.0151721710997,1514.6767307808486,3.0018759487879754,-335.1578397282029,1388.0797939209556,-5.046561781273912,-439.9396931677165,1187.4288380773714,-8.187416113805414,-512.5436801747284,1037.1187646108197,4.360429041842579,-3.2591912554145557,774.6797775670466,-1.7403652901333304,-4.06622999942406,799.440743758486,-3.093074956635019,-3.0145470726213306,800.4924266852887,-2.0413920298322896,-1.9473927544064633,801.5595810035036,-0.9742377116174223,-5.290045245854917,798.2169285120551,-4.316890203065876,196.65102978814684,1512.8254894551665,1.150634623105772,366.9172260945529,1417.8710876121324,-10.794059681964518,436.48909098340744,1176.0169122683265,6.203883993193955,488.27690869540027,1061.7978988122352,-14.208737950447803,-9.413956735682522,804.1418703996104,-5.642012863418552,-4.38385147450011,799.12312228341,-3.4106964317110693,-5.586154100184476,797.9208196577256,-4.612999057395435,-7.371301865893426,796.1356718920166,-6.398146823104385,-1.9699870948333795,801.5369866630767,-0.9968320520443386,-154.1003985473194,932.5805630774842,-2.144058567719,-150.33463429174967,586.346327333054,1.6217056878507592,-147.14754547852516,139.53341614627846,4.808794501075249,-2.272621934299271,801.2343518236108,-1.2994668915102299,152.1686962259465,865.4877346011428,0.2123562463460864,148.54013112326166,511.8591694984581,-3.416208856338746,152.56915305174059,65.88819142693696,0.6128130721401643,-0.9065853622351314,802.6003883956749,0.06656968055390955
253,2.53,-1.831405390668092,1701.6271555321125,-0.8998317521987758,-4.192939532749153,1549.2656213900314,-3.2613658942798374,-2.590675876651508,1300.867885046129,-1.6591022381821914,-9.650129403284392,1393.808431519496,,-3.863644738495107,1199.5949161842855,-2.932071100025791,-4.614453027439795,1098.8441078953406,-3.6828793889704787,-6.6713044593659685,996.7872564634146,-5.739730820896652,-208.5192087264361,1510.7912340745727,-0.703548667496779,-334.4007018373263,1387.59725127064,-5.226643819956514,-438.86226971747766,1190.2409680378628,-5.727407464874776,-504.48862585146924,1045.3075915942304,11.215825800592606,-0.3264255574904946,779.0459743647759,3.212918667065834,-0.7605009163818663,802.6980600063986,0.17107272208744995,-3.5713009713891837,799.8872599513913,-2.6397273329198674,-2.2005533933805355,801.2580075294,-1.268979754911219,-2.225147417660474,801.23341350512,-1.293573779191158,198.77201271287623,1514.4902109122938,2.9954281702243755,363.59690772284193,1413.3486890370737,-14.341521991669783,436.4959735494299,1174.6190340459532,5.715477732245617,489.7415990231897,1061.524770288765,-13.323034598444874,-13.15743074904098,800.9934740961783,-9.213776245155847,-4.415439133025782,799.0431217897548,-3.483865494556465,-1.4929985928759288,801.9655623299045,-0.5614249544066126,-5.127388987606318,798.3311719351742,-4.195815349137002,-4.433482154841922,799.0250787679386,,-150.78336692907132,936.1811516841539,2.143628027892088,-152.42123184121306,584.5432867720122,0.5057631157503386,-151.45497663632912,135.5095419768961,1.472018320634271,-2.2142333879419454,,-1.2826597494726288,147.69279992975552,860.7282813165303,-5.234195027207864,152.9696149864882,516.0050963732631,0.04262002952481603,153.35731251268837,66.39279389946316,0.43031755572496055,-1.9840029851217837,801.4745579376587,-1.0524293466524675
254,2.54,-2.9236660035004016,1700.4852264919907,-2.0342938132318458,-2.8897477223646746,1550.5191447731263,-2.0003755320961183,1.1948125818765551,1304.6037050773675,2.084184772145111,-3.275230530503929,1400.1336619649871,,1.2791411595023274,1204.6880336549934,2.1685133497708833,-5.434956997879659,1097.9739354976114,-4.545584807611102,-7.174519721385259,996.2343727741057,-6.285147531116703,-205.61348529199162,1513.2932431449838,1.9900370183172722,-328.3280400875938,1392.5197577532222,-0.011449496847381724,-435.13034592527913,1195.774568408386,,-504.4550142594877,1045.450363994018,9.947905984032378,-7.3193974781246744,773.5234926429804,-1.7872149983459047,-2.6182296585118108,800.7906628369792,-1.728857468243255,-6.9103190241905015,796.4985734713006,-6.020946833921945,-5.028693605427095,798.380198890064,-4.139321415158539,-6.1417465743070725,797.267145921184,-5.252374384038516,201.18157177510201,1516.426359069966,5.123152943299535,366.9606451459962,1415.5444844576587,-11.103074169823088,438.5481212589012,1175.269703724619,7.203559517063974,488.0964988809937,1058.031969654431,-15.557298679008536,-7.876942416632934,806.7705489568158,-3.8155448448535654,-5.63032390207016,797.7785685934209,-4.740951711801603,-2.459236990895674,800.9496555045954,-1.5698648006271183,,801.3652985835465,-1.1542217216759099,-0.8605572301504174,802.5483352653406,0.028814960118138444,-153.68320036815265,933.5250682021576,0.20545872100936435,-156.32428726908205,580.8839813012282,-2.435628179920026,-152.86946546203455,134.33880310827575,,-2.6255731718048447,800.7833193236862,-1.7362009815362889,153.39441783673112,866.1861492664208,-0.49424125243089967,150.38893774812323,513.1806691778129,-3.4997213410387875,151.90854381786804,64.70027524755771,-1.98011527129399,-0.13898978406052676,803.2699027114305,0.7503824062080291
255,2.55,-4.576667896992348,1698.7813093052732,-3.7301063005813706,-5.546248259402713,1547.8117289428628,-4.699686662991734,-4.388135145671204,1298.9698420565942,-3.5415735492602263,-3.8045152243676355,1399.5534619778978,-2.957953627956657,-6.621767388755028,1196.7362098135104,-5.7752057923440505,-2.8633371131692655,1100.4946400890963,-2.0167755167582873,-1.1659343606919461,1002.1920428415737,-0.31937276428096784,-208.54675338609263,1509.9345622133528,-1.1656984724031623,-332.8916038619755,1386.8982107924614,-5.349829662924657,-436.78190790821026,1195.9865689092223,-0.6956728312427569,-502.21794693869845,1047.7785859891992,10.792424807124707,-4.914550663757594,777.4252111386866,2.567964145382864,-6.721854498091302,796.6361227041743,-5.875292901680323,,798.2925367638826,-4.2188788419719785,-0.4400259808111122,802.9179512214545,0.40653561559986606,-8.044260453978193,795.3137167482874,-7.1976988575672145,198.45274983178706,1513.207631567341,2.1073708815849814,366.2732928834266,1413.7263616374776,-11.81317272745129,443.5170128057641,1178.8450586615768,11.542136960983138,496.5317610171797,1064.5195378926817,-7.715403783053453,-7.528728079732872,807.5199517167883,-3.4020373691174717,-3.1968596951127926,800.1611175071528,-2.3502980987018143,-2.472332332477366,800.8856448697883,-1.6257707360663876,-6.763638195152523,796.594339007113,-5.917076598741545,-2.208895895614984,801.1490813066506,-1.362334299204006,-151.0266677072656,936.3842145204089,3.8117129049622878,-155.3126652775644,582.0982169501102,-0.4742846653365227,-156.66901892530245,130.74186330237217,-1.8306383130745543,0.9146196245884708,804.272596826854,1.761181220999449,149.110600486475,861.6997182588004,-5.727780125752905,153.89693164888945,516.4860494212148,-0.9414489633384315,151.5628502749245,64.15196804724988,-3.275530337303386,-11.090906372079079,792.2670708301865,-10.2443447756681
256,2.56,-3.3604199682919567,1699.9454042496795,-2.5572669244127684,-3.2871582117731872,1550.0186660061984,-2.484005167893999,-1.6945365401852814,1301.611287677786,-0.8913834963060931,-5.957333568769524,1397.348490649202,-5.154180524890336,-3.193425536810935,1200.1123986811606,-2.390272492931747,-3.963447163287591,1099.342377054684,-3.1602941194084027,-6.375260520738369,996.9305636972331,-5.5721074768591805,-207.41643261877874,1510.6183531427541,,-326.8981992946581,1391.9281315495125,-0.046008760198886556,-438.32759954108377,1196.3610233273791,-0.6832404138550732,-503.58457229903354,1046.4919223191262,7.953689246204258,-4.191713433499803,779.6607526458831,5.18414165112129,-9.69748441889742,793.6083397990741,-8.894331375018231,,796.3537377941459,-6.148933379946392,-0.4302858934617011,802.8755383245098,0.3728671504174872,-0.9823569459623966,802.3234672720091,-0.17920390208320836,198.77657808279966,1513.0257327250874,2.1396392510677553,366.115411888633,1412.4777069908052,-11.890946182138983,442.6102007403522,1176.5573647254528,9.941529403686324,496.2505183552449,1062.2011893150193,-8.58799785207011,-10.551532567667632,804.8067899455122,-6.409922271405687,-1.8417514044492973,801.4640728135222,-1.038598360570109,-8.022714842815793,795.2831093751557,-7.2195617989366045,-0.5318360162977629,802.7739882016738,0.2713170275814254,-3.2956869680026877,800.0101372499688,-2.4925339241234994,,934.3170306713465,2.5191886240381223,-152.68391849238526,584.8871698499556,3.0893278026472326,,138.747998060968,6.950156013659651,-2.1327260652908215,801.1730981526806,-1.329573021411633,150.88244826723604,863.3113599248952,-4.890798027796459,150.1570438520711,512.5859555097302,-5.616202442961413,147.70146323985463,60.130374897513775,-8.071783055177871,-3.1520595406592644,800.1537646773122,-2.348906496780076
257,2.57,-2.287921537190366,1700.9645216270771,-1.5287635317581276,-6.2093837230835955,1547.043059441184,-5.4502257176513575,-3.276970345780085,1299.9754728184873,-2.5178123403478465,-1.1888633793495833,1402.063579784918,-0.42970537391734487,-2.2223662305434346,1201.030076933724,-1.4632082251111962,-5.866600523035684,1097.3858426412319,-5.107442517603446,0.08544060109003393,1003.3378837653577,0.8445986065222724,-205.45643229248043,1512.1113130338433,1.4504502444300265,-329.47664725595473,1388.482701327672,-3.226551473165582,-441.3339020729774,1195.3259468565548,-2.0839229268258714,-499.87497507094787,1050.2772291045342,10.123572051888944,-8.982046038478638,776.3886234737992,2.2161234602849107,-2.2439719238766225,801.0084712403909,-1.484813918444384,-2.6770656325061575,800.5753775317614,-1.917907627073919,-3.834996795482566,799.417446368785,-3.0758387900503275,-5.009574730939128,798.2428684333285,-4.25041672550689,200.65187400544013,1514.380170546131,3.719307756717815,371.7817297168197,1417.0958577659244,-6.041736821674521,443.3388523541059,1175.9225401005212,9.915896984006014,497.92554033621093,1061.7608909233977,-7.495907448742418,-8.263939776402454,807.3170385469721,-4.155181852154724,-5.717515004958711,797.5349281593088,-4.9583569995264725,-4.525825086318932,798.7266180779486,-3.766667080886693,-3.140040270033863,800.1124028942337,-2.3808822646016248,-1.3889834930177671,801.8634596712499,-0.6298254875855287,-154.69224968311536,932.99542949607,1.9981411443692454,-155.26358715070378,582.4240920284816,1.4268036767808074,-149.05239644040114,138.63528273878418,7.637994387083468,-3.4074237111691428,799.8450194530984,-2.6482657057369043,155.19063982561224,867.5029606464269,-1.4997510018723545,152.05402335528274,514.3663441760974,-4.636367472201869,151.97375199099142,64.2860728118061,-4.716638836493191,-2.157386396369289,801.0950567678983,-1.398228390937051
258,2.58,3.292093164556674,1706.4899372721488,4.006681401060678,-5.486921988785381,1547.7109221188068,-4.772333752281377,-2.6737351193160346,1300.524108988276,-1.9591468828120302,-4.550935009383025,1398.646909098209,-3.836346772879021,-7.0431064052180385,1196.1547377023742,-6.328518168714034,-3.2426704302626987,1099.9551736773294,-2.5280821937586944,-5.44073651241811,997.7571075951739,-4.726148275914105,-205.48455000102794,1511.5962747918863,1.1715367414291884,-336.89422203677844,1380.2963184681726,-11.15680882994118,-441.20171224213925,1197.4747556901345,-0.30444836926057756,-496.9282783643701,1053.3023708550343,11.47530985665545,-10.807280682760958,776.077057332049,2.128704698114098,-3.00145116307458,,-2.2868629265705755,-3.6237028423199105,799.5741412652721,-2.909114605815906,-2.8866029013960706,800.311241206196,-2.172014664892066,-1.3642887485396322,801.8335553590524,-0.6497005120356278,197.0765553364016,1510.2695697441097,-0.15516830634727996,365.5835802717568,1409.8945347712481,-11.95466146896294,444.55245588770214,1175.7948440968325,10.317934222230207,496.9507561498668,1058.6043036405397,-9.038677931648653,-6.769962576906233,808.9518909284786,-2.7387407943540136,-2.9390114433095134,800.2588326642825,-2.224423206805509,-0.5595079723336958,802.6383361352583,0.15508026417030862,-1.905132396493528,801.2927117110985,-1.1905441599895237,-0.15370303694630927,803.0441410706458,0.5608851995576951,-152.98045649360242,934.7790593516386,4.606549553054313,-156.61639895120416,581.1431168940369,0.9706070954525794,-157.81667231029843,129.9428435349426,-0.22966626364169063,-2.7542192466962927,800.4436248608957,-2.0396310101922883,155.25588912604994,867.4963732808089,-2.331116920606787,151.79720415923018,514.0376883139892,-5.7898018874265444,150.1369682227414,62.37745237750035,-7.4500378239153395,-1.6430358571202262,801.5548082504719,-0.9284476206162218
259,2.59,-7.024823054686408,1696.1172145023054,-6.355367282703542,-2.305851877261759,1550.83618567973,-1.636396105278892,-4.979279982245928,1298.162757574746,-4.309824210263061,-5.2550170460053245,1397.8870205109865,-4.585561274022458,-0.10622689696597476,1203.0358106600258,0.5632288750168923,-2.8130794185840315,1100.3289581384079,-2.1436236466011644,-4.264282988499911,998.8777545684919,-3.5948272165170443,-205.1376937610318,1511.4369841321611,1.2590844697341304,-333.0482278554665,1383.473018624944,-7.732500851354541,-442.77850398199627,1197.9541237123499,-0.1982839350867206,-493.1288927329285,1057.1898900334081,13.637151830571945,-13.775291492717347,774.6085257307612,0.8012039335599095,-2.641959068671856,800.50007848832,-1.972503296688989,-3.1594387115351488,799.9825988454568,-2.4899829395522817,-5.086166296857286,798.0558712601346,-4.416710524874419,-1.6963640875055064,801.4456734694863,-1.0269083155226393,200.17916606572317,1512.8231967654306,2.6452971030035854,366.8884206857676,1410.2433532194975,-10.263093689785995,444.4037548845149,1174.3317938541643,9.30379098626576,497.87571470366686,1057.2931559409,-8.66017908514455,-3.8454620751606745,811.9412753855255,0.06707127469895346,-5.6207254228671095,797.5213121341247,-4.951269650884242,-2.604881930362701,800.5371556266292,-1.9354261583798338,-5.815091578375646,797.3269459786162,-5.145635806392779,-2.4922414226952947,800.6497961342966,-1.8227856507124274,-159.33985740584518,928.4456760483988,-0.8795074361599982,-156.73195747828441,581.0535759759596,1.728392491400764,-152.70489353380012,135.08063992044382,5.755456435885069,-1.5176862547878684,801.624351302204,-0.8482304828050014,153.30696744844866,865.5214339942047,-5.153382521236524,151.49973284622007,513.7141993919761,-6.960617123465107,154.69404322864582,66.90850977440189,-3.76630674103935,-0.6652476639805207,802.4767898930113,0.004208108002346389
260,2.6,-10.042896149722264,1693.0421383120697,-9.419123226848793,-5.352605485269726,1547.7324289765222,-4.728832562396257,-1.9648694965454143,1301.1201649652464,-1.3410965736719453,-0.8408810620213143,1402.2441533997705,-0.21710813914784532,-3.912604445699934,1199.172430016092,-3.288831522826465,0.13033963337534438,1103.2153740951671,,3.2594867407356416,1006.3445212025274,3.8832596636091106,-207.2336200956057,1508.8163606049536,-1.104178267599219,-333.3676903249199,1382.5847812865325,-8.381412866347317,-437.6731105186434,1205.1492194224497,6.619603918669921,-495.0583872504226,,10.04038474386352,-9.764914925772233,780.0949937133438,6.342741574943161,-2.978226493530678,800.106807968261,-2.354453570657209,-2.2886035109365466,800.7964309508552,-1.6648305880630778,-5.477079378022932,797.6079550837688,-4.853306455149463,-3.0619350016415385,800.0230994601502,-2.4381620787680696,197.11795064744243,1509.200033010979,-0.7205058615737869,368.05686473434093,1410.5048511086989,-8.607628042742096,447.92726461828346,1176.5726629360393,11.911574825711927,497.7722618103189,1054.9118310847002,-9.281995097506519,-5.831923331780055,809.950010211837,-2.075303437860055,-3.755664335132894,799.3293701266589,-3.1318914122594252,-6.329044598699305,796.7559898630924,-5.705271675825836,-5.360128255674632,797.7249062061171,-4.736355332801163,,800.2041134372422,-2.2571481016761314,-155.81817586377198,931.9465702366084,3.4895797392034282,-153.9727135592067,583.7920325411736,5.335042043768708,-151.25496024816272,136.50978585221765,8.052795354812694,0.6397438050465123,803.7247782668383,1.2635167279199813,151.78784458207045,864.0230984816901,-7.519911020904974,149.33830244192683,511.57355634154646,-9.969453161048598,150.24388884671384,62.479142746333466,-9.063866756261586,-1.864844343316603,801.2201901184751,-1.2410714204431341
261,2.61,-5.947233051181777,1697.0796131579252,-5.369680778340161,-2.4935036194645903,,-1.9159513466229738,-4.005801005116776,1299.0210452039903,-3.42824873227516,-2.5073267604207556,1400.5195194486864,-1.9297744875791394,-6.12376656846048,1196.9030796406466,-5.546214295618864,-4.917674692328271,1098.1091715167788,-4.340122419486654,-4.65298783190537,998.3738583772016,-4.075435559063753,-201.27471634401164,1514.2327143677967,4.579856753449983,-334.99602795843845,1380.488857468402,-10.246070557417125,-443.5763598398525,1201.363090044654,2.4521365819032703,-499.3882411880682,1051.1630281029097,4.02647672132037,-12.524705852071957,778.7792350366418,4.993576375372628,-6.269832837707176,796.7570133713998,-5.692280564865559,-0.8919513229880538,802.1348948861189,-0.31439905014643754,-2.689839530166431,800.3370066789406,-2.1122872573248146,-1.508429985207063,801.5184162239,-0.9308777123654468,197.9612712145411,1509.4691910464453,-0.1836665679014875,368.8069621403233,1410.3987645080929,-7.271797022612759,451.8908202212979,1179.2900115085597,14.91288435785656,502.52493674626487,1057.357670859817,-5.0130960892464405,-5.0346694719067555,810.6795162628232,-1.4669161884599247,-4.869629453425946,798.157216755681,-4.29207718058433,0.477725760387806,803.5045719694948,1.0552780332294223,-3.8651597539857687,799.1616864551212,-3.2876074811441525,-8.132254827474489,,-7.554702554632873,-147.8944520093457,939.8017996114986,12.232187488681973,-154.1340391142834,583.5622125065609,5.9926003837442705,-152.67958900781522,135.016662613029,7.447050490212471,-4.097231762586893,798.9296144465201,-3.5196794897452763,153.34417527468298,865.6479236538387,-6.782464223344697,150.64734473897872,512.9510931181344,-9.479294759048956,153.45217440436159,65.75592278351733,-6.674465093666099,-2.95509935843752,800.0717468506695,-2.3775470855959036
262,2.62,-3.5805991035761466,1699.3868855176208,-3.04979242893289,-3.2449691016847013,1549.7225155195122,-2.714162427041445,0.7917834011402927,1303.7592680223372,1.3225900757835491,-5.80705794693259,1397.1604266742643,-5.2762512722893335,0.2039462122736757,1203.1714308334706,0.7347528869169322,-4.438719960781649,1098.5287646604154,-3.9079132861383927,-5.822322444528098,997.1451621766688,-5.291515769884841,-200.86643267904248,1514.0813132244036,4.706244883206789,-330.1479873407078,1384.970834946198,-5.54067735292363,-447.25965588490374,1199.8181004052333,0.5215651465263185,-493.9619998679544,1056.7466323383376,7.76481698705104,-8.287024485418522,784.4208110158495,10.511104131072631,-3.9637540046953355,799.0037306165016,-3.432947330052079,-3.08110891680439,799.8863757043925,-2.5503022421611337,,797.5859812985651,-4.850696647988508,0.04555174790470273,803.0130363691017,0.5763584225479592,199.093193503608,1510.015499508077,0.6404311668803737,371.74809114982565,1412.5359171400246,-3.648173326581361,447.23681812535693,1173.430909785545,9.254035377834578,500.59149537103207,1053.1014037987002,-7.389383341756081,-4.241434133499519,811.3491677190748,-0.8909384728123593,-1.3262377543482504,801.6412468668486,-0.7954310797049939,-9.326783751540528,793.6407008696564,-8.795977076897273,-1.5601029503461414,801.4073816708508,-1.029296275702885,-2.8787126501539713,800.088771971043,-2.347905975510715,-154.41854939933492,933.1606867282143,6.495960625758278,-152.09018401110242,585.4890521164467,8.824326013990781,-155.1537710311007,132.42546509644848,5.760738993992506,-3.077443044097001,799.8900415771,-2.5466363694537444,153.83798367495876,866.2587475474096,-7.076526350134444,156.8149053380815,519.2356692105324,-4.099604687011716,151.25085533315945,63.671619205610256,-9.663654691933768,-5.809348909190273,797.1581357120067,-5.278542234547016
263,2.63,-1.8952801953157763,1701.011681757347,-1.4117309488771672,2.224267778780209,1555.131229731443,2.707817025218818,-4.718599473534829,1298.188362479128,-4.23505022709622,-3.4741338132414703,1399.4328281394214,-2.990584566802861,-1.8573863841833311,1201.0495755684794,-1.373837137744722,-6.591334626974863,1096.315627325688,-6.107785380536254,-4.306433347644176,998.6005286050186,-3.8228841012055663,-200.39440601464912,1513.977257749076,4.889863899711367,-331.4249961219705,1383.4292868644582,-6.866468319685348,-446.716052305032,1202.514879655667,2.828420071101964,-489.7547033007829,1061.1468466449332,10.293183858409543,-14.633683924838357,779.4304827172467,5.304288128827345,-4.22600769474951,798.6809542579133,-3.7424584483109014,-2.0160311884056297,800.8909307642572,-1.5324819419670208,-1.936101851145324,800.9708601015175,-1.452552604706715,-1.658408540430993,801.2485534122318,-1.1748592939923839,203.73164214721695,1514.057657363256,4.970263513891659,367.0492666011886,1407.0865264838997,-7.570055238842843,452.0123412935811,1177.0470452878196,12.986170233066066,496.95593426694427,1047.1400731248455,-11.42073309912169,-4.792955225692032,810.6256188025598,-1.6833126755686365,-3.4742011381731253,799.4327608144896,-2.990651891734516,-3.1863320859765007,799.7206298666863,-2.7027828395378917,-1.616418803361949,801.2905431493008,-1.13286955692334,-2.3764635331638595,800.5304984194989,-1.8929142867252504,-155.27727353198213,932.1357047571696,6.3917018048815955,-157.25941723292604,580.1535610562257,4.409558103937686,-156.6446127297858,130.768365559366,,,806.760909366911,4.337496660686911,153.0137951995954,865.6008169104437,-8.655180137268305,152.3669079164511,514.9539296272994,-9.30206742041258,154.34535122138738,66.93237293223558,-7.323624115476327,-8.059392392581648,794.8475695600811,-7.575843146143038
264,2.64,-3.2438554406821707,1699.6014354468066,-2.80806207268964,-5.027689596997358,1547.8176012904914,-4.591896229004828,-1.126328587269032,1301.7189623002198,-0.6905352192765015,-5.309771585113143,1397.5355193023756,-4.873978217120613,-4.777749665833242,1198.0675412216556,-4.341956297840712,,1098.2958781545444,-4.11361936495195,-7.1164152843514845,995.7288756031372,-6.6806219163589535,-204.54735411460854,1509.232586187121,0.4425190965757648,-328.8000853851976,1385.890852158976,-4.196632106120691,-451.6709349715327,1199.7216595919444,-0.3591476093232049,-492.7604364961597,1058.3751837311058,5.630092953330552,-10.062987672511793,,10.86669135809269,-3.6704108313372674,799.1748800561514,-3.234617463344737,0.8903553162901989,803.735646203779,1.3261486842827295,-4.428316548875308,798.4169743386134,-3.992523180882777,-1.57696459976328,801.2683262877255,-1.1411712317707494,200.80135286603348,1510.5211850593275,1.7311179687825258,367.82617312103594,1407.1672360367538,-5.924425521723908,451.5110466901753,1175.4365924337533,11.407128972893066,498.1327368667418,1046.0011862023173,-10.586817306353307,2.3388576482527084,817.5445548383898,5.189021649704043,-6.238216162736034,796.6070747247527,-5.802422794743503,0.6423674275316511,803.4876583150204,1.0781607955241816,-2.522022836626304,800.3232680508625,-2.0862294686337735,-2.7207531014022894,800.1245377860864,-2.284959733409759,-153.4888572648449,933.7079960805866,8.898893730643191,-155.0667140329532,582.1301393124783,7.321036962534895,-151.81952961669617,135.37732372873526,10.568221378791915,-3.593071007485017,799.2522198800037,-3.1572776394924866,157.34822136669348,870.151368021262,-5.039529628794627,156.230724183834,519.0338708384025,-6.157026811654083,154.30732495285446,67.11047160742304,-8.08042604263363,-0.2610084092485039,802.5842824782402,0.17478495874402666
265,2.65,-3.8223168736873276,1698.9601676622412,-3.4347641969250624,-4.263983242831142,1548.5185012930974,-3.876430566068877,1.2795894788989455,1304.0620740148274,1.6671421556612107,-6.4266289312686915,1396.3558556046598,-6.039076254506426,-1.717047467456653,1201.0654370684717,-1.3294947906943877,-6.0019928301604875,1096.7804917057679,-5.614440153398222,-4.134479287107899,998.6480052488205,-3.746926610345634,-202.19473422682705,1510.9786148080314,2.495283833878902,-335.6240264727178,1379.0041026899466,-10.88244602784599,-453.33183342839556,1200.224484298876,-0.25515381353096966,-489.7891250815204,1061.6268262453584,6.977902805897134,-14.77799065531383,781.8300198712374,6.988276410575372,-1.3489942997772189,,-0.9614416230149536,-1.1373318186935157,801.6451527172349,-0.7497791419312505,-0.936662946459613,801.8458215894688,-0.5491102696973478,-2.5267124021472434,800.2557721337811,-2.139159725384978,199.71390583746555,1508.8184568389256,,363.85635365861174,1402.5563039379547,-8.936753629460105,452.6098876314792,1175.4809171743962,11.398154982120756,504.73045278842864,1050.3061975174433,-4.273589400287668,2.1524047768313075,817.1120910992989,4.729549158657374,-3.6557726186587973,799.1267119172695,-3.268219941896532,-7.220474249413586,795.5620102865148,-6.832921572651321,,798.8004933911732,-3.594438467992882,-5.619676727045863,797.1628078088825,-5.2321240502835975,-152.0719843407955,934.8583524962355,10.996682896598445,-156.46417233413916,580.4661645028917,6.604494903254774,-153.00445424622023,133.92588259081072,10.064212991173719,-3.674957058401028,799.1075274775274,-3.287404381638763,153.8570407060089,866.9267038689779,-9.211626531385047,,517.9601043851177,-8.178226015245254,150.64557202486426,63.715235187833315,-12.423095212529674,-4.914563544800409,797.8679209911279,-4.527010868038143
266,2.66,0.25049183617045,1702.9690482674064,0.5893329000441674,-5.15708096081123,1547.5614754704247,-4.818239896937513,-0.5846768690063016,1302.1338795622296,-0.24583580513258418,-6.581764880893378,1396.1367915503427,-6.242923817019661,-2.507010265821554,1200.2115461654143,-2.1681692019478365,-0.7878069145714015,1101.9307495166645,-0.44896585069768413,-3.264216667157662,999.4543397640784,-2.9253756032839444,-203.2966993550595,1509.2559806010252,1.0885424415219396,-334.0794289040314,1380.5854504333995,-9.10737093791047,-446.3822498806134,1209.3334024529272,8.450413634921091,-487.77049635868025,1063.9766022261126,7.4187585634855076,-15.502400662984204,782.2819775707295,6.939555677573649,-4.823260836888638,797.8952955943474,-4.4844197730149205,-2.913768946331574,799.8047874849045,-2.5749278824578568,-3.642979223317958,799.0755772079181,-3.3041381594442405,-4.476850787128976,798.2417056441071,-4.138009723255259,203.85691583836496,1512.3378898207334,4.170451661230237,,1405.794864145228,-4.069725082019719,457.17178481702393,1179.0472305416183,14.826548963824044,502.6073852046393,1045.9261008265923,-6.61765967253123,4.954030927166609,819.6423241981105,7.249752370394614,-1.0683991118293115,801.6501573194067,-0.7295580479555941,-4.580839738004748,798.1377166932313,-4.241998674131031,-5.284212434772383,797.4343439964637,-4.945371370898665,-5.085666092733443,797.6328903385026,-4.746825028859726,-150.8658092805089,935.7471987540822,12.843866571158067,-153.74271212994586,582.8702959046453,9.966963721721122,-153.5350210886038,133.07798694598736,10.174654763063176,-5.452415309705195,797.2661411215308,-5.113574245831478,154.43781595967673,867.8248079250856,-9.271859891990273,154.23903413661125,517.6260261020201,-9.470641715055724,155.89218598499346,69.27917795040229,-7.817489866673528,-4.278119494583054,798.440436936653,-3.9392784307093365
267,2.67,-5.314864359778696,1697.338656166467,-5.025191689791125,0.014598945381501416,1552.668119471627,0.30427161536907255,-5.582549672199407,1297.0709708540462,-5.292877002211835,-1.727243195492058,1400.9262773307537,-1.4375705255044868,-7.104277010474095,1195.5492435157716,-6.8146043404865235,-2.1826755822325836,1100.4708449440132,-1.8930029122450123,-1.0319385029019705,1001.6215820233436,-0.7422658329143994,-203.92915425417678,1507.9895842282174,0.1469333901297749,-336.6433678417963,1378.1565262489046,-11.349674354038617,-450.3663319371891,1207.4978159883933,6.206946327216049,-489.59736189495567,1062.5356442843733,4.07121843560353,-14.871836201669627,784.0191262345897,8.080375446777598,-6.1911402510414595,796.4623802752042,-5.901467581053888,-3.0405706580566205,799.612949868189,-2.7508979880690494,-8.032905708454727,794.620614817791,-7.743233038467157,-2.6768337166926366,799.976686809553,-2.3871610467050655,198.52556236436453,1506.3754730497124,-1.4671777883752655,370.4325993842335,1408.017227397923,-0.19293078850950085,457.33032601524144,1178.2732711530339,13.830351313723586,506.15275376460073,1047.2624987844954,-3.225192050335348,2.423110943994625,816.8223348149462,4.4341362395854125,-6.315724292088285,796.3377962341574,-6.026051622100713,-6.791138550888245,795.8623819753574,-6.501465880900674,-0.8941503524485164,801.7593701737972,-0.6044776824609452,-1.682880794105422,800.9706397321403,-1.3932081241178509,-155.13521371068583,931.1093393417193,9.173642938410596,-155.21676623659087,581.0277868158142,9.092090412505568,-152.44650079263758,133.79805225976756,11.862355856458864,-3.215718930985196,799.4378015952605,-2.9260462609976248,154.69541167640298,868.4508586239979,-9.613444972693438,154.24038778398483,517.9958347315797,-10.068468865111582,154.57478818277744,68.33023513037229,-9.734068466318988,-1.2434031523716302,801.4101173738741,-0.9537304823840591
268,2.68,0.5952774251455857,1703.182668614942,0.8353393062019889,-3.1392310081297756,1549.4481601816667,-2.8991691270733724,-5.788403500175116,1296.7989876896213,-5.5483416191187125,-5.2524651700922425,1397.3349260197042,-5.01240328903584,-6.847765696486958,1195.7396254933096,-6.607703815430554,-5.978960803101867,1096.6084303866946,-5.738898922045463,-2.1715724046238094,1000.4158187851727,-1.9315105235674062,-200.45649788721227,,3.306605992495975,-337.47600223035874,1377.5555690699828,-11.77104298750674,-453.233378959057,1206.7619952000268,,,1064.008586072456,3.6474166113033855,-9.408763756852457,790.5154897471074,13.88501058530061,-0.17889240601633993,802.4084987837801,0.061169475040063315,-5.384859031414529,797.2025321583819,-5.144797150358126,-4.287927645914348,798.2994635438821,-4.047865764857944,-2.8929713318330563,799.6944198579635,-2.652909450776653,198.4291163870773,1505.6412931794687,-1.867947326649952,364.1876999512122,1401.2983453037475,-5.23539301013871,456.04195168228006,1176.1194740204467,11.370510232985518,508.6964556822726,1047.6572734458907,-0.7621990691934741,3.3899042587975834,817.4899604283095,5.118022173807759,-4.0548850472291305,798.5325061425674,-3.8148231661727268,-0.006934174886612965,,0.23312770616979028,-4.243945206761433,798.343445983035,-4.00388332570503,-4.326088566682218,798.2613026231143,-4.086026685625814,-155.64406817790655,930.1806994549621,9.22035532252898,-154.60549445673115,581.2192731761376,10.258929043704388,-150.18212181088379,135.64264582198487,14.682301689551743,-3.572791734764114,799.0145994550323,-3.332729853707711,157.1022111743728,871.2774435415041,-7.7622123260627385,155.23193455802934,519.4071669251607,-9.632488942406185,155.49597679107987,69.67120915821121,-9.368446709355666,-3.4405325189090976,799.1468586708874,-3.2004706378526944
269,2.69,-1.8822977771836733,1700.6378854258244,-1.692274453209477,-3.758896141647593,1548.7612870613605,-3.5688728176733964,,1300.2364977378538,-2.093662141180036,-5.6834848451521935,1396.836698357856,-5.493461521177998,-2.5633944076543482,1199.9567887953538,-2.3733710836801523,,,-5.526543313002927,-3.0218316861892505,999.4983515168188,-2.831808362215054,-205.78297603275846,1504.8313546758063,-2.3361330517595604,-335.34890130087916,1380.0091077899533,-9.144902392733433,-453.3311174969255,1208.7718247202072,6.6517075352805906,-487.52681826585984,1065.554696972079,3.314163747285861,-14.776049674174592,786.1055526988207,8.688634364089928,-5.124207658416685,797.3959755445915,-4.934184334442488,-4.923034064020394,797.5971491389878,-4.733010740046198,-3.1150860573879395,799.4050971456202,-2.9250627334137436,-2.19763709027822,800.3225461127299,-2.0076137663040234,202.7492905461357,1509.3178835851938,2.150395857627867,366.50663677328583,1403.1988449102073,-1.640520628455295,459.29249271369844,1178.575491928765,13.437401848093305,505.77928516409054,1042.6627185691555,-3.6843742804191653,6.997416256176434,820.7955767568067,8.44935006512709,-4.326073035107581,798.1941101679006,-4.136049711133385,-5.337495127200704,797.1826880758074,-5.147471803226507,-7.069487068132705,795.4506961348754,-6.8794637441585085,-2.9454105900582066,799.5747726129499,-2.75538726608401,-154.37353151161466,930.9800280775991,11.001198412321061,-152.62166816793064,582.7318914212831,12.753061756005067,-156.36064139327138,128.99291819594234,9.014088530664331,-2.4277545912689558,800.0924286117391,-2.23773126729476,156.1889652276836,870.8354056384699,-9.185764696252102,157.177567904955,521.8240083157413,-8.197162018980723,154.58227476105913,69.22871517184541,-10.79245516287657,-6.149027310755068,796.3711558922531,-5.959003986780871
270,2.7,0.25186670195543615,1702.7037784573597,0.39143856407501776,-1.4984771203147724,1550.9534346350895,-1.3589052581951908,-3.198787158668239,1299.253124596736,-3.059215296548657,-3.841735936547773,1398.6101758188565,-3.7021640744281914,-7.598698451933412,1194.8532133034707,-7.459126589813831,-4.672374574516196,1097.7795371808882,-4.532802712396615,1.8126658107608837,1004.2645775661651,1.9522376728804653,-198.20492236481397,,4.92293841082812,-332.8385211117512,1382.9384941374008,-6.049885435976525,-454.62247354708677,1209.5580525657508,7.016701113359406,-489.5501551965157,1064.0983546217637,0.003384819698988517,-8.942825361534336,792.8184022212948,14.5214645687003,-0.581354017431523,801.8705577379727,-0.4417821553119414,-3.5839709840383396,798.8679407713659,-3.444399121918758,-7.508191099344041,794.9437206560602,-7.3686192372244586,-2.5465741765833565,799.9053375788209,-2.407002314463775,203.1440991664392,1509.0640832989986,,360.5027765957146,1396.831626232639,-6.299501274512762,453.95231911653553,1172.51532823867,6.905961194367996,507.87729026485954,1042.7658135351535,-1.5127824568206996,9.250735021882402,822.7513571773252,10.437957468839288,-2.8434164709960696,799.6084952844081,-2.703844608876488,-0.9611201395878228,801.4907916158164,-0.8215482774682412,-5.653312871711249,796.798598883693,-5.5137410095916675,-8.393235261464786,794.0586764939394,-8.253663399345205,-155.28305309800953,929.5478977972595,10.555221105785565,-155.230557671069,579.6003932242,,-156.48361801096132,128.34733288430772,9.354656192833772,-2.6974574394990616,799.7544543159051,-2.55788557737948,156.23017673733693,871.399225842068,-9.60809746645817,152.75966981582857,517.9287189205595,-13.078604387966543,153.98589614435625,69.1549452490872,-11.852378059438863,-7.44516157719462,795.0067501782096,-7.305589715075039
271,2.71,-5.584628380730209,1696.7979640601586,-5.49590578993601,-5.410004941355,1546.9725874995338,-5.321282350560802,-2.08448755555768,1300.298104885331,-1.9957649647634816,2.887486822868527,1405.2700792637572,2.9762094136627253,-0.9085750279136806,,-0.8198524371194824,-0.20572873530932467,1102.1768637055793,-0.11700614451512648,-1.881440975046129,1000.5011514658427,-1.7927183842519308,-202.5754511007554,1506.6913854212228,0.23126448252905663,-336.6309179932095,1379.655199631517,-9.174536486273674,-455.29800294597,1210.9238808570842,7.95703427388781,-488.75510598023607,1065.5238736293259,-0.3930871381984694,-10.887545501032054,791.6746686222568,12.405706142032011,1.841886216006369,804.2244786568951,1.9306088068005671,-4.170251559511132,798.2123408813776,-4.081528968716934,-7.259834801815931,795.1227576390728,-7.1711122110217325,-4.419208971688808,797.9633834691999,-4.33048638089461,206.7189380904916,1511.9861157589796,5.525994820285863,362.3132730187073,1398.3331538214738,-3.079999264450641,453.7835949692644,1171.7045765447021,5.542919499655573,508.7143239253293,1041.7006963226477,-0.521350334946832,10.35736008879258,823.5715274524243,11.29585313489737,-3.83145578527652,798.5511366556123,-3.7427331944823217,0.011690392979633035,802.3942828338684,0.10041298377383123,-5.010278998306807,797.3723134425819,-4.921556407512608,-3.359157675756356,799.0234347651324,-3.2704350849621577,-155.92896605299728,928.3281133592994,10.324737969808814,-153.18065809773154,581.0764213145651,13.073045925074535,-156.78218530348897,127.47489410880765,9.471518719317103,-8.05821605625302,794.3243763846357,-7.969493465458822,153.54918701157462,869.2921075992779,-12.704517011231477,155.65345689326668,521.3963774809699,-10.60024712953942,157.6277910500649,73.37071163776825,-8.62591297274119,-4.1820207279277595,798.2005717129609,-4.093298137133561
272,2.72,-4.140141173557791,1698.172100080015,-4.10265034100016,-6.516064673151889,1545.796176580421,-6.478573840594258,-0.42628845116266145,1301.8859528024102,-0.3887976186050306,-2.125537343747448,1400.1867039098254,-2.088046511189817,-6.608951929495275,1195.7032893240776,-6.571461096937643,-4.759340276647553,1097.5529009769252,-4.721849444089921,0.14947314395984446,1002.4617143975328,0.18696397651747532,-200.08415436519678,1508.4949241243598,2.3998129908181483,-337.80383692560315,1379.078738543407,-9.59938939674111,-453.7718238945868,1214.4490541427476,11.052607642006773,-490.18793098467603,1064.7852292055527,-2.913822497669609,-12.207523567981465,791.07698057696,10.746006082197603,0.3221646595971115,802.63440591317,0.35965549215474235,1.2302782034912592,803.5425194570641,1.26776903604889,-3.745074908382022,798.5671663451909,-3.707584075824391,-0.5602093463717281,801.7520319072012,-0.5227185138140973,207.51602227840567,1512.127025326041,6.031914192499195,361.6351445198739,1397.3995416103305,-2.290060128477235,458.3079321742136,1175.668059755594,8.874440341440655,507.93308794803494,1039.1196349418444,-1.065858674695433,6.122923479476715,819.0680167506941,6.8328857549549715,-2.4159841100893775,799.8962571434835,-2.3784932775317467,-6.379024944942721,795.9332163086302,-6.341534112385089,-4.116764006662931,798.19547724691,-4.0792731741053005,-1.3597558810872385,800.9524853724856,-1.3222650485296077,-154.16505596537175,929.4671442789288,12.454764628815559,-159.03753247782194,574.5946677664786,7.582288116365374,-158.108178079684,125.52402216461654,8.511642514503325,-6.43150977285486,795.880731480718,-6.394018940297229,156.45716214843057,872.8249619041301,-10.162658445756733,156.81690505033527,523.1847048060347,-9.802915543852057,158.3685841844011,,-8.251236409786205,-3.064671267959619,799.2475699856133,-3.0271804354019882
273,2.73,-6.773943989909302,1695.4669305935467,-6.788051857448883,-2.582586248576184,1549.65828833488,-2.596694116115765,-3.0572054419934513,1299.1836691414626,-3.071313309533032,-1.2486506026271726,1400.9922239808288,-1.2627584701667534,-1.057374067449261,1201.1835005160067,-1.0714819349888418,-3.6875250558156973,1098.5533495276404,-3.701632923355278,-1.1282351931096617,1001.1126393903464,-1.1423430606492424,-204.32770738210718,1503.5554361902668,-2.167530564893149,-341.0072781362585,1376.5561135306336,-11.977522604033608,-456.28181131226444,1213.8896855548824,10.059729832914051,-489.1673480708478,1066.563116685309,-2.8707705490236153,-12.981068567958914,790.9478110912423,9.4672967907902,-1.6721578241733634,800.5687167592828,-1.6862656917129442,-2.3720817347996093,799.8687928486565,-2.38618960233919,-0.8559304427500005,801.3849441407061,-0.8700383102895812,-4.5323732842431355,797.708501299213,-4.546481151782716,204.80544385614118,1508.757734250494,3.0347674953340587,362.3410046192578,1397.9022907587748,-0.06236204839122195,458.4815140528247,1175.3649397073273,7.8612257958219125,507.16095974748487,1036.6587877586787,-1.5181453875708728,11.8004102314217,824.49961279374,12.305915645000535,-4.986093888864735,797.2547806945914,-5.000201756404316,-6.856366577553083,795.3845080059031,-6.870474445092664,-3.4417898079875378,798.7990847754686,-3.4558976755271185,-2.5419473655892912,799.6989272178669,-2.556055233128872,-154.26008267499472,928.6966040395887,12.675499604343155,-159.4559009962379,573.5007857183456,7.4796812830999695,-153.08612237972184,129.8705643348616,13.84945989961603,-3.654292715461135,798.586581867995,-3.668400583000716,157.7432857977979,874.7865990832145,-9.192296481539966,157.73882554256318,524.7821388279797,-9.196756736774697,158.27835473963611,75.3216680250527,-8.65722753970174,-1.356014306152705,800.8848602773035,-1.3701221736922857
274,2.74,-2.5173903325849247,1699.6511188793766,-2.583448079408322,,1549.3197529298814,-2.9148140289035416,-4.747016530757589,1297.421492681204,-4.813074277580987,-5.463609067848213,1396.7049001441133,-5.529666814671611,0.1786167631334279,1202.347125975095,0.11255901631003074,0.44192801743811483,1102.6104372293996,0.37587027061471767,0.11340496087627372,1002.2819141728379,0.04734721405287656,-194.0936726412107,1513.086241793345,7.742231959048541,,1378.5017525336218,-9.894622753266635,-459.56044221189944,1212.5074315297022,8.240293825618373,-486.0844424664478,1070.4650327803176,-0.6492130442087998,-5.284387598459802,799.2125498282652,16.497863456029346,-3.7134965217046285,798.455012690257,-3.7795542685280257,-2.540496716819327,799.6280124951423,-2.6065544636427243,-1.7225221287302999,800.4459870832313,-1.788579875553697,-2.2917554296698133,799.8767537822919,-2.3578131764932104,204.95653841995704,1508.2484078978493,2.904398063552979,360.2685636120779,,-0.5646948460420635,461.1701157994138,1177.6637243822925,9.373519661216623,508.4530975116805,1036.381248889731,0.17697626183738047,13.783014834704785,826.2647581638415,14.111626291766282,-3.653182968539231,798.5153262434225,-3.7192407153626283,,800.0806485340012,-2.1539184247839254,-6.52144209525911,795.6470671167025,-6.587499842082508,-3.572102928962649,798.596406282999,-3.6381606757860463,-155.56243325137214,926.6685977063684,11.637674428676839,-152.8102201295149,579.4208108282255,14.389887550534072,-152.76194492101212,129.46908603672833,14.438162759036878,-4.258365148825846,797.9101440631358,-4.324422895649244,155.16159552904483,872.9305645713043,-12.038512151004149,158.4127637797625,526.181732822022,-8.787343900286473,152.70626638307732,70.4752354253369,-14.493841296971654,-3.537640204300283,798.6308690076613,-3.60369795112368
275,2.75,-2.437385522687073,1699.6577767846413,-2.5557283526495786,-4.975166470444849,1547.1199958368836,-5.093509300407354,-2.709630995607147,1299.3855313117213,-2.8279738255696527,-2.1324711047666556,1399.9626912025617,-2.2508139347291607,-2.0324432344631607,1200.0627190728653,-2.1507860644256658,-2.210730296083411,1099.884432011245,-2.329073126045917,-0.45356655283719816,1001.641595754491,-0.5719093827997037,-196.40526035937225,1510.0650198894618,5.106450028978047,-340.0550778020255,1379.1098302482542,-9.156663530906188,-463.7514809320631,1210.1528261853332,5.445112807553686,-486.8723757721258,1070.555565761765,-2.177508389283928,-10.57898881030631,794.4120674925775,10.381901169710737,-1.0162292322881137,801.0789330750401,-1.1345720622506192,-0.3919976699223686,801.7031646374058,-0.5103404998848742,-3.2422870731889804,,-3.360629903151486,-1.9715285191637197,800.1236337881645,-2.0898713491262253,203.9915284806333,1506.6220971187945,1.6635272583107776,362.3795679808407,1397.6863137000623,3.158999517975183,465.2961542703513,1181.4893052665623,12.338140299780958,507.8757966864906,1034.3603520638876,0.08505759323003836,11.739558343373432,824.0369130890529,11.921900982257393,-3.7010454308681013,798.3941168764602,-3.819388260830607,-1.3461491693083107,800.7490131380199,-1.4644919992708163,-4.370690267941468,797.7244720393868,-4.489033097903974,-5.726671761619226,796.368490545709,-5.845014591581731,-149.9290038351378,931.5268402875779,17.483674360404038,-155.32770919520675,,12.08496900033508,-153.44296391326483,128.0128802094509,13.969714282276998,-5.690276744361416,796.4048855629668,-5.808619574323922,156.3501811874167,874.894337064701,-11.062497008125156,155.55969594233983,524.1038518196242,-11.852982253202004,159.33257753937266,77.87673341665693,-8.080100656169162,-3.159618085755717,798.9355442215725,-3.2779609157182223
276,2.76,1.6441653471272324,1703.6650167669873,,-2.3227829679754057,1549.6980684518846,-2.4937299020072756,0.4701612899564709,1302.4910127098165,0.299214355924601,-3.1393800913149357,1398.881471328545,-3.3103270253468056,-12.02873055569073,,-12.1996774897226,-6.651211558225679,1095.3696398616344,-6.8221584922575484,-1.173841530126214,1000.8470098897336,-1.3447884641580838,-197.3344780285719,1508.4206575131223,3.853674028145617,-345.9951542920398,1374.0832994079472,-14.060874470051678,-462.89873766127533,1212.776541851164,7.625181975210994,-491.1259861593523,1067.236802555122,-7.04671832587859,-9.799543251710892,795.6148141251339,10.191603649672546,-3.231232136353583,798.7896192835062,-3.402179070385453,-2.7369037329406236,799.2839476869192,-2.907850666972493,-5.22259344349492,796.7982579763649,-5.39354037752679,-5.696107444918307,796.3247439749415,-5.8670543789501775,205.9816537642225,1507.9508674815377,3.3838839965610132,357.464216610885,1392.7163492990067,-0.10693601465383695,462.8112744539865,1178.7955322428493,8.711050506555555,511.3179415839754,1036.4910771739094,4.093456627375293,13.964161562199743,826.1141806091749,14.033460331444926,1.1207809973599825,803.1416324172199,0.9498340633281126,-3.3454611950001616,798.6753902248597,-3.5164081290320315,-4.034154201849432,797.9866972180105,-4.205101135881303,-7.478470162585683,794.5423812572742,-7.649417096617554,-151.1300968800271,929.5017593039754,16.44264315654181,-154.55757827451686,576.0742779094855,13.015161762052044,-151.9875802388811,128.64427594512136,15.585159797687826,-7.592701318051743,794.4281501018081,-7.7636482520836125,158.1980095250463,877.5661533410438,-9.374730511522628,152.62485032022073,521.9929941362183,-14.947889716348197,157.33916831569317,76.70731213169073,-10.233571720875736,-6.343928106816254,795.6769233130436,-6.514875040848123
277,2.77,-2.949793194257439,1698.9958012827753,-3.173646867929249,1.2959244364124696,1553.2415189134454,1.0720707627406596,-3.0581145562966334,1298.8874799207363,-3.2819682299684434,-4.783731604156913,1397.1618628728759,-5.007585277828723,-0.4549694928423742,1201.4906249841904,-0.6788231665141842,-7.538393005535985,1094.4072014714968,-7.762246679207795,-1.6803550806435044,1000.2652393963895,-1.9042087543153143,-198.75115091439042,1506.2842281202202,2.1146339040807103,-344.9105091606912,1376.1515693199121,-11.878062282045885,-459.5705063018363,1217.8049696327914,12.207260166619673,-491.03228140915036,1068.3178510652115,-7.441118607604123,-4.070723722431872,801.6999335829903,14.810265872363212,0.25327707313040726,802.1988715501634,0.029423399458597288,-3.8057818646676584,798.1398126123653,-4.029635538339468,-5.306915181948371,796.6386792950846,-5.530768855620181,0.6046376596431018,802.5502321366761,0.3807839859712918,200.4904692769643,1501.7990962755632,-2.3704979405762057,359.444353233005,1394.6878991923375,3.5533403274278674,466.2697696536914,1182.1386231007184,11.050761501767541,511.4651491339334,1035.4641568931213,4.88547957727471,12.801247374709678,,,-2.3929238219346662,799.5526706550983,-2.616777495606476,-3.082341405382607,798.8632530716503,-3.306195079054417,-3.6280678851413106,798.3175265918917,-3.8519215588131206,-5.019047598632939,796.9265468784,-5.242901272304749,-154.3366336426013,925.423281716937,13.34327204810389,-153.1459541175331,576.6139612420052,14.53395157317208,,124.05053593337801,11.970526264544874,0.7554880300091971,802.7010825070422,0.5316343563373871,154.02929700081606,874.2693816412777,-13.650608689889134,156.9272607226169,527.1673453630787,-10.752644968088289,158.95131515838972,79.19139979885139,-8.728590532315469,-0.644579435092886,801.3010150419401,-0.8684331087646959
278,2.78,-6.75157085542812,1695.1178389230377,-7.028617321769122,-2.0357795654211115,1549.8336302130447,-2.312826031762113,2.053691819604159,1303.92310159807,1.7766453532631576,-3.5843980659809906,1398.285011712485,-3.861444532321992,-4.157853897145976,1197.71155588132,-4.434900363486978,-2.8841891525567087,1098.9852206259093,-3.1612356188977104,0.4556591272860393,1002.325068905752,0.17861266094503803,-199.22056877066655,1505.0913437122456,1.324591604677904,-346.88401212752535,1375.2277022697217,-12.695414099842445,-458.4944228826025,1220.505378736918,14.459030042562489,-490.58992469599775,1069.7953777209816,-7.357693509412939,-2.7343256694902136,803.3300896343252,14.905096089664099,-1.5776377152003556,800.2917720632656,-1.8546841815413568,-2.4901283614203518,799.3792814170456,-2.7671748277613526,-1.5522413697835318,800.3171684086825,-1.829287836124533,-3.208556896336271,798.6608528821297,-3.4856033626772724,205.91609521103362,1506.5657213648683,2.798969257300511,357.04069387732096,1392.3196701049728,2.8544186635844535,466.860324130277,1182.708896456236,10.550059853722972,510.733529042068,1033.6998079073587,4.87414608699923,9.110337640590412,821.0892476893922,9.0611333136462,-1.0831168307173789,800.7862929477486,-1.3601632970583801,0.4414955606182436,,0.1644490942772423,-4.9777050246120655,796.8917047538539,-5.254751490953067,-0.6139730396200305,801.255436738846,-0.8910195059610317,-152.83128216595762,,14.902672668908924,-157.7111661609899,571.1298209743351,10.02278867387663,-154.99235025701446,123.84863687831056,12.741604577852092,0.7470954284954008,802.6165052069614,0.4700489621543995,154.00410117931415,875.1631140439891,-13.72985365555241,155.6079870306195,526.7669998952945,-12.125967804247022,158.85213032769306,80.01114319236805,-8.881824507173482,4.121286139869012,805.9906959183351,3.844239673528011
279,2.79,-0.8093344035261123,1700.9829815872235,-1.139842941187812,-7.832690479102457,1543.9596255116473,-8.163199016764157,-0.9510759792265246,1300.8412400115233,-1.2815845168882243,-4.569412624592727,1397.222903366157,-4.899921162254427,-3.2136171346746822,1198.578698856075,-3.544125672336382,2.447779828365371,1104.2400958191151,2.1172712907036715,-4.481571237483033,997.3107447532667,-4.812079775144733,-196.71149720402892,1506.8741423097767,3.51532887054653,-348.73518527287047,1374.4879408791257,-13.336969548655144,-465.1548650531215,1215.3885339600433,8.89171621370157,-493.1135997353406,1068.34927344264,-10.110500799113897,-6.008384657026612,800.2922896550484,10.268023272204884,-2.16742028864866,799.6248957021011,,-2.0998287271209475,799.6924872636288,-2.430337264782647,-2.5997518289391843,799.1925641618105,-2.930260366600884,-5.460164062755798,796.332151927994,-5.790672600417498,207.167947567976,1507.1609707689076,3.802157329677544,353.00095399110023,1388.3572219673097,0.5377871412792992,461.04140672755926,1176.9661566473226,3.6713859151405597,508.55716955244463,1030.63519617496,3.489687458444238,14.195746810971924,826.1552278568706,14.143724276955982,1.3437058343925892,803.1360218251424,1.0131972967308895,-3.6513044907894097,798.1410114999603,-3.9818130284511093,2.858238784029312,804.650554774779,2.5277302463676126,-3.205430407147757,798.586885583602,-3.5359389448094567,-157.14759269428083,920.7285602039981,10.587241998731063,-157.28946844058362,570.5866844576952,10.445366252428254,-154.24565191264165,123.63050098563731,13.489182780370248,-1.2583231202241776,800.5339928705256,-1.5888316578858772,155.52219429394526,877.6460413956663,-12.212640399066627,158.70295384501694,530.826800946738,-9.031880847994959,,78.77318298828291,-11.085498806450024,,801.83977728574,-0.28304724267154535
280,2.8,-5.231576737821328,1696.482755404321,-5.615799664676625,0.3614767629576159,1552.0758089050998,-0.022746163897680916,-1.1438720699909015,1300.5704600721515,-1.5280949968461983,-2.6751371286481795,1399.0391950134942,-3.0593600555034763,-4.823486925485746,1196.8908452166565,-5.2077098523410426,0.21420130558591532,1101.9285334477283,-0.17002162126938147,-4.80126124774382,996.9130708943986,-5.185484174599117,-195.0787351234019,1507.7787293416984,4.832588949760705,-345.9796517903572,1378.4122762479312,-9.323051814469297,-466.270505976274,1215.7311579628238,8.782547929651624,-489.7447208384861,1072.8319822373232,-6.84137280204579,-1.810013832387496,804.6749830757575,12.992777196112783,-2.921359227448751,798.7929729146937,-3.305582154304048,0.3208496067589701,802.0351817489014,-0.06337332009632668,-0.989005594006128,800.7253265481363,-1.3732285208614248,-3.038707328185901,798.6756248139566,-3.422930255041198,205.8296876621934,1505.1693111349878,2.223170743050119,349.15631357686067,1384.6294454587746,-1.5716799496311928,467.49232227332044,1183.5907374359158,9.09787062192056,514.4793165927156,1035.8156041349735,10.270745618870343,12.931187686194773,824.9169355092798,12.914821460703582,-2.4354070754449793,799.2789250666975,-2.819630002300276,0.26382002530071214,801.9781521674431,-0.12040290155458466,-3.894138555013738,797.8201935871288,-4.278361481869035,-1.3819407352497848,800.3323914068926,-1.7661636621050816,-155.35165202414396,921.5149561561559,12.331007814766215,-153.73602501232966,573.1305831679703,13.946634826580526,-156.71421847847517,120.15238970182477,10.968441360434992,-4.445162085321851,797.2691700568206,-4.829385012177148,157.57847932083422,880.7118711405343,-10.104180518075967,156.18646012323677,529.3198519429368,-11.496199715673418,153.79964825257304,76.93304007227309,-13.883011586337133,-0.13388802006868694,801.5804441220738,-0.5181109469239837
281,2.81,-6.049483362976593,1695.5859942541522,-6.487655855243165,1.7717754484628259,1553.4072530655917,1.3336029561962541,-4.311596332030208,1297.3238812850987,-4.74976882429678,-3.4744628751170286,1398.1610147420117,-3.9126353673836003,1.0344026279049725,1202.6698802450337,0.5962301356384008,-2.098553847222241,1099.5369237699067,-2.536726339488813,-6.834007172773472,994.8014704443555,-7.272179665040044,-195.93491432817038,1506.1933768979811,3.664276182548841,-350.0330905514633,1375.5805106968148,-12.074203895846491,-465.53673409374886,1217.833526797777,10.432354792713259,-492.57524825908655,1071.1447317200395,-9.643714105576882,-5.060627914720764,801.5627686704162,8.169575344632532,-4.188667006652403,797.4468106104765,-4.626839498918974,-6.260582196578255,795.3748954205507,-6.6987546888448275,-0.11308151535815414,801.5223961017708,-0.5512540076247259,-5.341476274295474,796.2940013428334,-5.779648766562046,206.50992663463407,1505.2001512335898,2.6710505181575455,353.7533920970279,1389.3805497852647,4.766276032312903,469.0729521373612,1185.4432359337256,9.69306209024539,510.08843290792777,1030.830486536488,6.800459340994463,9.490635125384468,821.5485708975441,9.548343857127552,-3.5530696502598076,798.0824079668691,-3.9912421425263793,-4.385850981544994,797.2496266355839,-4.8240234738115655,-4.431355952997178,797.2041216641318,-4.86952844526375,0.4403491456080877,802.075826762737,0.002176653341515955,-153.54249346490033,922.2711670531058,14.035217980874958,-156.40763632625195,569.4060241917542,11.170075119523332,-158.1467395853018,117.66692093270443,9.43097186047351,0.5237267859410113,802.15920440307,0.08555429367443956,148.42148053197582,872.6078200139697,-19.156230913799476,158.49459989448573,532.6809393764796,-9.08311155128955,153.75856777582425,77.94490725781802,-13.819143669951053,-2.174418091923828,799.4610595252051,-2.6125905841904
282,2.82,-1.2799652176294603,1700.275806933219,-1.772305134604115,-1.6947973708399404,1549.8609747800085,-2.187137287814595,-3.2652137994470194,1298.2905583514014,-3.757553716421674,-4.452933690494192,1397.1028384603542,-4.945273607468847,-2.5389071396912164,1199.016865011157,-3.031247056665871,-1.080402193674168,1100.4753699571743,-1.5727421106488226,-1.706530861652213,999.8492412891961,-2.1988707786268678,-193.69489311630633,1507.7041289662511,5.596061575830555,-349.46091063772684,1377.422600887129,-10.160844266183577,-460.85759788778165,1223.7875395121139,15.9336363139541,-490.63076418086183,1074.2545098249527,-7.545551488829818,2.895681234864772,809.6179462865693,14.466652315980774,-2.9701393038176223,798.5856328470308,-3.462479220792277,-4.738989223608733,796.8167829272396,-5.231329140583388,-4.054400324214038,797.5013718266343,-4.546740241188693,-4.3566147858164035,797.199157365032,-4.848954702791058,207.6670989931381,1505.712714494414,3.604647103993588,350.64182875615006,1386.457656243259,3.39490190838474,469.632693524049,1186.373446360126,9.309851640873475,517.395921379187,1037.6911990773817,15.084221749780298,10.409487617383467,822.5849655607229,10.57907560455248,-5.334059990968422,796.22171215988,-5.8263999079430775,2.7894404322973045,804.3452125831457,2.29710051532265,-5.599914801839676,795.9558573490087,-6.09225471881433,-2.666433777889533,798.8893383729588,-3.1587736948641876,-151.79833774211102,922.920389191929,15.622098244372168,-156.76435102756489,567.9543759064751,10.656084958918287,-155.08076706198156,119.63795987205843,12.339668924501607,-4.690336744045599,796.8654354068028,-5.1826766610202535,154.95956919526475,880.2408422612248,-12.46086679121842,154.16766193681667,529.4489350027767,-13.252774049666503,153.79584740714208,79.07712047310207,-13.6245885793411,-5.472961434623425,796.0828107162249,-5.965301351598081
283,2.83,-4.768586526364591,1696.7066492970253,-5.315294240853524,-2.514531423580334,1548.9607043998096,-3.061239138069267,-1.6721210697976285,1299.8031147535921,-2.2188287842865613,-3.469437994094802,1398.005797829295,-4.0161457085837355,-3.9003869883574906,1197.5748488350323,-4.447094702846424,-0.8604805015575896,1100.6147553218323,-1.4071882160465226,-0.13712479767969077,1001.3381110257103,,-190.10830882345195,1510.5622477426589,8.878829457803436,-350.5692763383064,1377.6276507507055,-9.894272517532542,-465.367093897782,1220.4554435156886,12.149286998453514,-490.29779238579874,1075.7668042196292,-6.936819423384091,-4.528432357322661,802.2598638922917,5.309582715212819,-2.2229209841364117,799.2523148392536,-2.7696286986253447,-3.100697054377862,798.3745387690121,-3.647404768866795,-1.869413324865514,799.6058224985245,-2.416121039354447,-4.3645231274820615,797.1107126959079,-4.911230841970994,208.68634953332068,1506.0929249383107,4.409506653455473,351.82000104077133,1387.856530390987,6.30617491903513,466.75605557700624,1183.9659517369214,5.5360573767908114,512.866108955935,1032.8609961983373,11.579705315482382,12.491581623845605,824.8286015149777,12.80968553834899,-5.88506051690781,795.5901753064821,-6.4317682313967435,-5.0493587968842615,796.4258770265058,-5.596066511373195,-1.0953806306586458,800.3798551927313,-1.6420883451475787,-0.8962812038228312,800.5789546195672,-1.4429889183117641,-157.4579422795976,916.1253887676789,9.753501110383635,-158.30578472744813,565.2775463198284,8.905658662533124,-156.37761547866933,117.20571556860725,10.83382791131192,-1.8811531905543164,799.5940826328357,-2.427860905043249,153.56660718388295,879.9832761366064,-13.644836206098304,158.17294857787468,534.5896175305982,-9.038494812106572,154.8234066121349,81.24007556485833,-12.38803677784634,-4.99395631644118,796.4812795069488,-5.540664030930112
284,2.84,-4.323003537462716,1697.0708855164967,-4.92426177199063,-6.599576226509281,1544.79431282745,-7.200834461037195,-2.956954389125925,1298.4369346648334,-3.5582126236538385,-0.7582957913068853,1400.6355932626525,-1.359554025834799,0.3289790207837884,1201.7228680747432,-0.2722792137441252,-6.810970101677771,1094.5829189522815,-7.412228336205684,-5.380470768496828,996.0134182854625,-5.981729003024741,-196.73831409501705,1503.2054762165053,1.9499404117014252,-353.49605070410377,1376.05298606839,-11.417593152245797,-468.07036805723646,1218.8286456009082,10.071406844282517,-497.68227599806073,1069.5671895199362,-13.92779591431539,-2.447238921794023,804.381168889771,5.597506593087458,-3.5023098555403718,797.891579198419,-4.103568090068285,-0.6362967469725449,800.7575923069868,-1.2375549815004585,-1.5124914408604735,799.8813976130989,-2.1137496753883873,-3.2116375493575418,798.1822515046018,-3.8128957838854554,211.07795604567696,1507.8518289120707,6.596293107266805,347.00376328100026,1383.290334529756,3.2095650498038975,467.46800586795524,1185.2454671148967,5.399758931635738,505.29824395351085,1025.1370506268058,5.07890678994758,16.882033758428246,829.4224662408669,17.383580726046983,-8.06533325918387,793.3285557947755,-8.666591493711785,-0.04373040563122199,801.3501586483281,-0.6449886401591356,-7.33767680222015,794.0562122517392,-7.938935036748064,-0.16110517845379757,801.2327838755056,-0.7623634129817112,-156.36125076849686,916.047849052177,10.590253892875037,-152.92090758956968,569.4881922311041,14.030597071802221,-149.8602438988554,122.54885592181846,17.09126076251649,-4.781931019190674,796.6119580347687,-5.383189253718588,155.92385136040593,883.5147515397321,-11.027653300965971,155.4421977059176,533.0330978852437,-11.5093069554543,152.69318715648967,80.28408733581578,-14.258317504882243,-1.3048895223864774,800.0889995315729,-1.906147756914391
285,2.85,0.5214126613057397,1701.833165256224,-0.13456100757341183,-4.921882692091529,1546.3898699028268,-5.57785636097068,0.18186353334794747,1301.4936161282662,-0.47411013553120407,-5.573674726821601,1395.7380778680968,-6.229648395700752,-0.7337176087895143,1200.5780349861288,-1.3896912776686658,-2.346112007391499,1098.9656405875267,-3.0020856762706507,-4.583228891105117,996.7285237038132,-5.239202559984269,-193.204161383019,1506.0154525383784,5.190645998158776,-357.45213336542923,1373.482834919819,-13.947033305809676,-467.562920147154,1220.3085187743327,11.102107413628694,-496.1536342873187,1072.2773407603308,-11.893110103293525,4.02727730912442,810.8769380138403,10.232231873255841,-2.1293253911178076,799.1824272038004,-2.785299059996959,-0.955170197177678,800.3565823977406,-1.6111438660568296,-4.51834500276642,796.7934075921519,-5.1743186716455725,0.4308901899093174,801.7426427848276,-0.22508347896983416,210.32301586769577,1506.4712806861003,,350.1792572674292,1386.7424524671665,8.084869388422717,467.8120760992472,1186.2549431803106,4.947392260546726,512.5771104141108,1032.401098139419,13.458815426372956,14.975948914961013,827.7587814661763,15.693631993048353,-0.7212853156031551,800.5904672793151,-1.3772589844823067,-5.164061534856774,796.1476910600614,-5.820035203735927,-7.113774261198431,794.1979783337198,-7.769747930077582,-6.202789635444448,795.1089629594738,-6.8587633043236,-154.3808744740225,916.8168854828508,12.260674500971437,-156.15898411415574,565.0387758427177,10.482564860838197,-158.42883735230046,112.76892260457288,8.21271162269347,-2.7864643675058898,798.5252882274124,-3.4424380363850413,154.61799426406165,883.4202343071883,-12.023554710932286,155.85656591346932,534.658805956596,-10.784983061524619,150.7376169078689,79.53985695099554,-15.903932067125055,-0.7066494300457085,800.6051031648725,-1.36262309892486
286,2.86,-1.5699195941757205,,-2.2807556515139247,-3.5391133966082373,1547.6897341290896,-4.249949453946441,-2.2904763623882016,1298.9383711633097,-3.0013124197264056,-4.074914747578899,1397.153932778119,-4.785750804917103,-5.520276484502073,1195.7085710411957,-6.231112541840277,0.34952983772708013,1101.578377363425,-0.36130621961112386,0.6559187033816904,1001.8847662290797,-0.05491735395651354,-189.21064240489181,1509.2882694360562,8.896648530095185,-355.89550498492554,1376.4543015620104,-10.945966849998227,-468.35322069506066,1220.3837955309157,10.730904106624926,-499.3982224849511,1070.2016485549993,-14.525146084828808,1.3048509534363788,808.1640287744933,5.6375568591080265,-0.4370080432570842,800.7918394824409,-1.1478441005952882,-2.542455819637175,798.6863917060608,-3.253291876975379,-4.350476079494729,796.8783714462032,-5.061312136832933,-2.5471886045262613,798.6816589211717,-3.2580246618644653,211.69364439736566,1507.2241400325925,6.832519126631329,351.53718351727525,1388.4007750934495,11.116507017944713,467.4079590340017,1186.6131622695,3.8013365260398864,507.21015751671,1027.15660522831,9.218602049728961,5.290750805481093,818.3513620174072,6.25452773277286,-1.7043958887183408,799.5244516369796,-2.4152319460565446,-0.9146387592524796,800.3142087664455,-1.6254748165906836,-2.882960732065428,798.3458867936325,-3.593796789403632,-4.630801520515908,796.598046005182,-5.341637577854112,-150.67878428528775,919.2723496677097,15.603875966343093,-152.50968981563963,567.4414441373578,13.772970435991198,-154.76468549283092,115.18644846016649,11.517974758799914,-1.6343630517934675,799.5944844739045,-2.3451991091316717,157.36573312063982,887.4145991676423,-8.916927130991029,150.5027622715431,530.5516283185457,-15.77989798008775,150.58182308698701,80.63068913398959,-15.70083716464383,-5.056382169336832,,-5.767218226675036
287,2.87,-1.3265371950618003,1699.8186580515278,-2.0923644887864974,-4.5220334481225635,1546.623161798467,-5.287860741847259,-4.174918268525536,1296.970276978064,-4.940745562250233,-1.9371437163278808,1399.2080515302619,-2.7029710100525777,-1.9577142727734418,1199.1874809738163,-2.7235415664981386,2.2599109104070987,1103.4051061569967,1.4940836166824019,-1.0932420502344502,1000.051953196355,-1.859069343959147,-193.76259603176626,1504.0199652121319,4.063592433739737,-354.8608559772738,1378.9277560346525,-8.454522586021376,-465.71759896042903,1223.7756888940353,13.679835961606958,,1069.5745111233066,-15.586767659490809,6.3969350231735085,813.260997307718,8.839157825506026,-2.093205296838272,799.0519899497513,-2.8590325905629688,-0.31305375305677874,800.8321414935327,-1.0788810467814756,-1.0247660117626545,800.1204292348269,-1.7905933054873513,-2.3647789654145175,798.780416281175,-3.1306062591392143,211.2190292391132,1506.1403254564182,6.183952678026055,346.08115403184934,1383.2660675499296,7.301895199278505,465.167856857742,1185.2310870053122,0.8762533179110714,505.8740168666376,1026.0753321341783,9.026201333122074,9.436021777369586,822.8054913509661,10.672642644346865,-3.3183373331811454,797.8268579134084,,-2.7777999076854165,798.3673953389041,-3.5436272014101133,-1.6428142643424741,799.502380982247,-2.408641558067171,-6.8008976612166725,794.3442975853728,-7.566724954941369,-153.90507839297214,914.7660574344085,11.970994839764824,-153.18696348399428,565.4841723433863,12.689109748742677,-153.67937735079795,114.9917584765826,12.196695881939013,-6.352624306886577,794.792570939703,-7.118451600611275,155.93311128485428,887.2619754574737,-9.942961947882681,157.0386891276865,538.3675533003059,-8.837384105050473,154.29262378438284,85.6214879570023,-11.58344944835411,-1.6684096487093205,,-2.4342369424340173
288,2.88,-6.0187474171688,1695.0420700552438,-6.839676549142105,-3.937882516668105,1547.1229349557445,-4.7588116486414105,-1.8682215336841699,1299.1925959387283,-2.689150665657475,-4.127149137396529,1396.9336683350161,-4.948078269369835,-2.186592045381029,1198.8742254270317,-3.0075211773543336,-1.5013401369906527,1099.559477335422,-2.322269268963958,-1.153571896816043,999.9072455755966,-1.9745010287893483,-192.98763545377605,1504.083795477251,4.564336349337999,-356.45344628870254,1378.792992628801,-8.583423399277486,-462.97240644859295,,16.63130850954527,,1075.3044354701922,-10.16723164202768,3.0619778678529026,809.9332941146259,3.6097533241318875,-3.997887625337914,797.0629298470747,-4.818816757311219,-4.332603280769913,796.7282141916427,-5.1535324127432185,-2.7111434872321207,798.3496739851805,-3.532072619205426,-3.8601109428594027,797.2007065295533,-4.681040074832708,210.37141582823932,1504.6927989259693,5.173339798056197,340.76117866275433,1378.2854700437117,3.5849588724402297,465.6890675816419,1186.7044481708022,0.7716648486889395,506.57642540558095,1027.1593085545976,10.88030449229869,12.267017093456632,825.9714786216257,13.799586298626375,-3.335168450320436,797.7256490220922,-4.156097582293741,-2.0483567342189137,799.0124607381937,-2.869285866192219,-2.9286145820480662,798.1322028903645,-3.7495437140213714,-7.082298688639398,793.9785187837732,-7.9032278206127025,-151.05771873037105,916.3020478018494,14.365450335915433,-150.76327344853598,566.5964930836845,14.659895617750493,-156.09914593211624,111.26062060010429,9.324023134170238,-3.72904722185947,797.3317702505532,-4.5499763538327755,153.56098413438852,886.201217602168,-11.862184931897964,153.66625441268832,536.3064878804678,-11.756914653598159,153.460895028453,86.10112849623246,-11.962274037833497,-2.443806110080526,798.617011362332,-3.264735242053831
289,2.89,-0.9769636599502807,1699.998772566114,-1.8530868522480035,-2.373858124713429,1548.6018781013508,-3.249981317011152,-3.4409194787643567,1297.5348167472998,-4.3170426710620795,0.36812459344244175,1401.3438608195065,-0.5079985988552811,,1194.7724740997817,-7.0793853185801385,-5.931393467037918,1095.0443427590262,-6.80751665933564,-1.6744241974418865,999.3013120286224,-2.5505473897396094,-191.19450107153267,1505.1718791712392,6.090599523470696,-362.8838498971692,1373.8345034885288,-13.54871011529256,-467.5303109584376,1223.1395144272094,12.17180465245413,-498.47785957586893,1074.456932095592,-11.199305270685631,6.803061543811233,813.6908224816323,5.466630151019595,-9.283827196019693,791.6919090300446,-10.159950388317416,1.8497878368821628,802.8255240629464,0.9736646445844399,-4.765187719708415,796.2105485063558,-5.641310912006138,-1.9902893772772017,798.9854468487871,-2.8664125695749245,215.68909682736066,1509.420554398582,10.339274750813356,344.33164342472594,1382.2104905832743,8.714131727335449,469.0155737164099,1191.0753360500432,3.533535381265123,509.01703910962243,1030.101706702378,14.471246988590567,6.908564275417311,820.9686074970866,8.75614179551302,-5.071261462311728,795.9044747637525,-5.9473846546094515,-1.0724944607010738,799.9032417653632,-1.9486176529987966,2.2000414308309617,803.1757776568952,1.3239182385332389,-3.8670331265408406,797.1087030995235,-4.7431563188385635,-153.9236069383654,912.0955021289573,11.001863482140243,-157.88158900422383,558.1375200630988,7.043881416281795,-154.92646727203407,111.09264179528856,9.999003148471559,-2.0680211945800373,798.9077150314843,,151.38041221507086,885.3613031477482,-13.545058205434746,155.01278392010278,538.9936748527801,-9.91268650040284,155.0481430407606,89.02903397343799,-9.877327379744997,-1.4819053007965763,799.4938309252677,-2.358028493094299
290,2.9,-3.2901159587068376,1697.5998578732442,-4.2215069261322515,-4.267188653592085,1546.622785178359,-5.198579621017499,-0.88347448771414,1300.0064993442368,-1.814865455139554,0.15190533155217967,1401.0418791635032,-0.7794856358732343,-0.6392465341469851,1200.2507272978041,-1.570637501572399,-1.253461641878898,1099.6365121900722,-2.184852609304312,-3.1330719351507987,997.7569018968001,-4.064462902576213,-190.33742055935798,1505.33083742793,6.688601048442655,-357.24423848582194,1380.955212824209,-6.448004588004631,-465.33241671854626,1225.754519993777,14.359767991590733,-501.47252111252226,1072.4840329381327,-13.229757945102138,4.551296279221328,811.4712550060855,1.3549265627299891,0.28873638934432355,801.1787102212952,-0.6426545780810904,-4.629963715258908,796.260010116692,-5.561354682684322,-4.590199534877818,796.2997742970731,-5.521590502303232,-2.7036925020269376,798.186281329924,-3.6350834694523515,,1501.9895329762564,3.3472965967691124,341.69075179774364,1379.9364606146805,7.581819800894172,467.0320242533096,1190.226186268829,1.0482469489044286,506.56271439530417,1028.2621880851111,13.156367539137046,5.7778505675775165,,7.9550971812117695,-1.4348803391823597,799.4550934927686,-2.3662713066077736,-2.033956493952764,798.8560173379982,-2.965347461378178,-3.8717191017024755,797.0182547302485,-4.803110069127889,-3.2375141907902343,797.6524596411607,-4.168905158215648,-151.4905367397213,913.1607865715316,12.89409940362577,-160.41068547345205,554.2406378378009,3.9739506698950127,-153.3816392599766,111.26968405127636,11.002996883370479,-5.634528202161846,795.255445629789,-6.56591916958726,154.36570679116195,889.714383479909,-10.018929352185115,152.73877603872697,538.087452727474,-11.64586010462012,153.0936379400961,88.44231462884315,-11.290998203250975,-1.7656818783829733,799.1242919535679,-2.6970728458083872
291,2.91,-3.643240127786706,,-4.62995395668772,1.0693280527354636,1551.8728809620402,0.08261422383444961,-3.7087379321178346,1297.094814977187,-4.695451761018848,0.3262915354723841,1401.1298444447773,-0.6604222934286299,-2.6470653129377655,1198.156487596367,-3.6337791418387795,-1.2460116813083082,1099.5575412279966,-2.232725510209322,-6.3086347381651,994.4949181711397,-7.295348567066114,-189.1105602334041,1505.8673411519399,7.664607816630921,-361.47353982327,1378.2113361363783,-9.225647631994555,-471.2302443910081,1220.1581983903227,8.343624812207107,-503.52397721348046,1071.3930959403317,-14.250563850792947,6.9711807759688895,813.9453187042583,1.952883385511032,-2.8427570846582073,797.9607958246465,-3.8294709135592213,-6.690728665382229,794.1128242439225,-7.677442494283244,-5.658566800227799,795.144986109077,,-2.77849867793651,798.0250542313682,-3.765212506837524,,1501.1565722367761,2.9538389014671735,340.0884318789449,1378.710456356617,7.432330376932866,467.4023245297193,1191.8183747044081,0.9811839647567133,504.7081026692209,1027.1275688413775,12.420683210190228,4.74868004915125,819.556831652744,7.265550717548633,-4.022057434063772,796.7814954752411,-5.008771262964785,-2.1985854977797157,,-3.1852993266807297,-3.3048122507079043,797.498740658597,-4.291526079608918,-7.070544387376003,793.7330085219288,-8.057258216277017,-155.5462458906649,907.7123946966213,8.256209596428544,-149.00521088395385,564.2534297033324,14.797244603139584,-155.99859790948832,107.26004267779793,7.8038575776051005,-4.840250468469546,795.9633024408353,-5.82696429737056,152.49648864053094,889.2378480532448,-11.305966846562477,155.98046008838705,542.7218195011009,-7.821995398706392,155.98070263295153,92.72206204566527,-7.821752854141895,-1.5950685645497444,799.2084843447551,-2.5817823934507587
292,2.92,-1.549152298178469,1699.1673440672087,-2.59122533163473,-2.35088636317183,1548.3656100022151,-3.392959396628091,2.0278138616018055,1302.7443102269888,0.9857408281455444,-0.9547482337564535,1399.7617481316306,-1.9968212672127146,2.633191926088346,1203.3496882914753,1.591118892632085,-0.44356334040907974,1100.2729330249779,-1.4856363738653409,-1.108449165939794,999.6080471994474,-2.150522199396055,-191.04958958291758,1503.246545450486,5.483369332524933,-359.68428129903435,1381.485553935725,-5.999522324342075,-462.35248235574664,1229.221193056958,16.995033303496115,-504.95620673977504,1070.8505484036475,-14.59516326007976,4.954761283878024,812.0108823474218,-1.8341031649229365,-2.048427643743244,798.6680687216439,-3.090500677199505,-1.0771173583951894,799.6393790069919,-2.1191903918514505,-3.389351382703914,797.3271449826832,-4.4314244161601755,-0.8325777063760769,799.8839186590111,-1.874650739832338,210.58964174659747,1502.6180150481257,4.854838930164659,340.8508806577672,1379.8558570461987,9.58643737995232,469.4763753549516,1195.1989628272172,2.6834681122751367,501.22331193862493,1024.4595569052956,10.024633818438787,7.066567984427324,,9.928057113658383,-3.1608173032828795,797.5556790621043,-4.202890336739141,-6.988804706913378,793.7276916584738,-8.03087774036964,-2.6266082586328845,798.0898881067543,-3.6686812920891456,-1.4385786657544133,799.2779176996328,-2.480651699210674,-154.41680860395402,907.4265493785911,8.764033314980084,-150.46269170997073,561.3806662725743,12.718150208963408,-151.91119400389218,109.9321639786529,11.269647915041931,-1.9267201304728618,798.7897762349143,-2.968793163929123,152.39994730128518,890.5565893187402,-10.780894617648936,153.4348021556318,541.5914441730868,-9.746039763302349,151.47623626735916,89.63287828481404,-11.704605651574978,-7.198535659446314,793.5179607059408,-8.240608692902576
293,2.93,-2.4608534576469308,1698.167973930934,-3.558303187091123,-1.2699192067565237,1549.3589081818245,-2.367368936200716,-5.93234013972687,1294.6964872488543,-7.029789869171063,-0.13604427410086073,1400.4927831144803,-1.233494003545053,0.9026314291045132,1201.5314588176857,,-1.505604506828248,,-2.60305423627244,2.6351267496616266,1003.2639541382428,1.5376770202174344,-192.9137056004018,1500.710064285813,3.3860927476639726,-359.97287506261995,,-4.871319200791103,-471.0849784351245,1220.5573558341462,7.928890851040672,-503.03403547826855,1073.5822197158718,-11.538131898331182,8.71683818356467,815.8880954405997,0.2216226370745175,-1.1728269714804624,799.4560004171007,-2.2702767009246547,-5.9206986795888055,794.7081287089923,-7.018148409032998,-4.950187426768856,795.6786399618122,-6.0476371562130495,-4.74041363185999,795.8884137567211,-5.8378633613041835,210.98811902506125,1502.4731962213127,5.149224683163893,342.7716001930306,1382.163394813869,12.832437961645866,466.66485656677577,1193.7754886277942,-0.43326130142417674,504.35662867626877,1028.497553506852,14.206888114202753,4.914451834722232,820.4741958461035,8.120393625895648,-5.145064406001895,795.4837629825792,-6.242514135446086,0.827779691066806,801.4566070796479,-0.26967003837738623,-2.380461351570832,798.2483660370102,-3.477911081015024,-3.648199386067242,796.9806280025139,-4.745649115511434,-152.87426722776328,907.5335652119026,9.647559311976856,-155.013560678292,555.3942717613738,7.508265861448136,-148.76834725236722,111.63948518729869,13.753479287372933,-3.763973703774617,796.8648536848065,,149.76487150335782,889.3570390636919,-12.756955036382331,152.90774866857188,542.4999162289059,-9.614077871168298,153.3476282187165,92.93979577905054,-9.17419832102368,1.8964888403971534,802.5253162289782,0.7990391109529611
294,2.94,-5.94307154825634,1694.5974978931185,-7.095896511591737,-1.2088771032321248,1549.3316923381428,-2.361702066567522,-3.0894529668474324,1297.4511164745275,-4.24227793018283,-2.373881927517602,1398.1666875138574,-3.5267068908529993,-1.8981430281056815,1198.6424264132693,-3.0509679914410786,2.0333466798672553,1102.5739161212423,0.8805217165318582,-1.7129268786886374,998.8276425626864,-2.8657518420240344,-189.36719624306104,1503.5944060171366,6.708878787015576,,1382.4967683845382,-5.129743266427677,-464.7925184499606,1226.8019687589658,13.7815530132826,-505.0804357959022,1072.25612829985,-12.412393511253327,7.450295949333566,814.7746553557031,-2.674791861987281,-1.1226026735095789,799.4179667678654,-2.275427636844976,-3.6525471655011703,796.8880222758738,-4.805372128836567,-2.1858602717839934,798.3547091695909,-3.3386852351193905,0.6083568411930509,801.148926282568,-0.5444681221423462,211.62461964613058,1502.5796374576166,5.694110227495441,338.05885211190173,1377.8386225482861,9.37362662268046,463.3008679466352,1191.8776160352086,-4.035208593789447,498.6101152960599,1023.7343336449019,9.460026363161754,4.188223515750755,820.106622142179,7.733150057823337,-4.676423890335714,795.8641455510393,-5.8292488536711105,1.2384043223579813,801.778973763733,0.08557935902258418,-2.727223426912918,797.813346014462,-3.880048390248315,1.0129665958105694,801.5535360371855,-0.13985836752482772,-154.80051689669037,904.1539577445038,7.027034237868245,-154.18119052555141,554.7732841156428,7.646360609007207,-153.11798434044664,105.83649030074757,8.709566794111975,-5.382222741305673,795.1583467000693,-6.535047704641071,152.57510092694937,893.6206262857552,-9.252450207609233,156.7534155658626,547.7989409246684,-5.074135568695993,153.53378567212448,94.57931103093027,-8.293765462434118,0.9656310610166989,801.5062005023917,-0.18719390231869815
295,2.95,-0.09591701202024216,1700.3558292412206,-1.3040966982943574,-1.462369752690699,1548.9893765005502,-2.670549438964814,-1.795672381670085,1298.6560738715707,-3.0038520679442002,-3.7374371866740415,1396.7143090665668,-4.945616872948157,-2.5904782639543273,1197.8612679892865,-3.7986579502284425,-1.924275010895081,1098.5274712423457,-3.1324546971691962,-5.125158540560449,995.3265877126803,-6.333338226834563,-192.75379326235102,1499.5566195965505,3.108368330863938,-359.00684725668907,1386.5684723241977,-1.1525173226391434,-466.64816473723886,1224.7824046242704,11.381491059952324,-507.7005439058516,1070.2585489213702,-13.83314949353898,15.171696069054738,822.6913427924376,3.5047927597809894,-0.5620463396566291,799.8896999135841,-1.7702260259307443,-2.724328555937924,797.7274176973028,-3.932508242212039,3.09418211761433,803.545928370855,1.8860024313402146,-8.850312661798746,791.601433591442,-10.05849234807286,209.1480469370132,1499.586835054754,3.138583789067271,340.22259881852784,,12.715255183039801,470.8346897266771,1200.9519050340912,3.3283376798185427,502.3448883042521,1028.5214098504493,14.135903637424239,1.3286202416632913,817.5839341206274,5.201679421153707,-0.1453545427294154,800.3063917105113,-1.3535342290035306,-2.63645633974029,797.8152899135005,-3.8446360260144052,-2.79770952797424,797.6540367252665,-4.005889214248356,-1.9396317648100303,798.5121144884307,-3.1478114510841455,-154.58429632961648,902.9014463780816,6.515964549942682,-151.7416260622767,555.7441166454213,9.358634817282429,-150.01075227030861,107.47499043738938,11.089508609250545,-2.3095999142869412,798.1421463389538,-3.5177796005610564,150.63646400217178,893.1507212944738,-10.463796877387376,145.87350222479455,538.3877595170966,,151.98244985115625,94.49670714345827,-9.1178110284029,-2.4166159987070728,798.0351302545337,-3.624795684981188
296,2.96,0.1847075813563599,1700.547089394763,-1.0787871793354178,-2.2155139830564448,1548.1468678303502,-3.4790087437482224,-3.3399629536924182,1297.0224188597142,-4.603457714384196,-3.5475040401382674,1396.8148777732683,-4.8109988008300455,-7.236685265428022,1193.1256965479786,-8.5001800261198,-2.18694223743324,1098.1754395759733,-3.4504369981250176,-2.8100509551461506,997.5523308582605,-4.073545715837929,-189.37026816426965,1502.30069765748,6.28814589043395,-361.8447467684997,1385.167621288057,-2.664435984775822,-470.17130237918917,1220.9800785559723,7.211240336555457,-505.5242924191658,1072.9514619203294,-10.440424026399317,9.977923730894085,817.7386169241022,-3.131931664718455,0.09179490388504519,800.4541767172916,-1.1716998568067325,-1.333668152111687,799.0287136612949,-2.597162912803465,-1.2245572765305672,799.137824536876,-2.488052037222345,-2.552817075655747,797.8095647377509,-3.816311836347525,216.26448747056645,1506.2014479398765,10.188896172830365,337.18192065259234,1377.7306638792531,10.771967769819911,464.25708555271,1195.9851253140996,-3.351692389004122,499.5130031455813,1026.8010044916825,12.17761907408878,4.873977515279083,821.4365770838215,9.058912213754517,0.34070932912328544,800.7030911425298,-0.9227854315684922,-0.9925861853122846,799.3697956280943,-2.2560809460040625,-5.464180924040528,794.8982008893661,-6.727675684732306,-1.9059538266566243,798.45642798675,-3.169448587348402,-152.29501002832404,903.70912570298,8.04728670296316,-151.97718177163603,554.026953959668,8.365114959651155,-147.39323784721216,108.6108978840919,12.949058884075036,-1.2853227925269994,799.0770590208796,-2.548817553218777,150.51541006273558,894.5112743314314,-9.826886668551618,150.50859625524902,544.5044605239449,-9.833700476038187,153.92497216097533,97.92083642967127,-6.417324570311868,-5.161639356027153,795.2007424573794,-6.42513411671893
297,2.97,-3.686886871542148,1696.5856134919877,-5.005637838517991,0.12147590094822469,1550.393976264478,-1.1972750660276184,-7.533768857959182,1292.7387315055705,-8.852519824935026,-5.9999803049290374,1394.2725200586008,-7.3187312719048805,-0.255638967660639,1200.0168613958692,-1.574389934636482,-2.906538682401307,1097.3659616811285,-4.22528964937715,0.002797349341100208,1000.275297712871,-1.3159536176347428,-189.72930517244123,1501.3147026248362,5.7358661060208425,-365.9945420044413,1382.431989708153,-5.5282762608261935,-464.77247084465023,1225.9856129171244,11.862561773274102,-506.7668338972923,1072.1122079098466,-10.459401204332018,,816.3781910006758,-6.116179722321425,-0.46395617438561687,799.8085441891442,-1.78270714136146,0.15378939367207867,800.4262897572019,-1.1649615733037644,0.28380911413935017,800.5563094776692,-1.0349418528364929,0.9836782519528549,801.2561786154827,-0.3350727150229882,210.85046912795394,1500.3005550780015,4.721718559186104,336.6811912627026,1377.6059344470757,11.283993019464221,463.49128087375004,1196.8962463880323,-4.152170712838585,496.1666909976486,1024.615375092195,9.628835592812328,-1.2067086520438302,815.6256302114385,3.268480777474026,-5.24673909186847,795.0257612716613,-6.565490058844313,1.0009062028672586,801.2734065663971,-0.3178447641085844,-0.6246571523039277,799.6478432112259,-1.9434081192797708,-2.7685885912563712,797.5039117722735,-4.087339558232214,-154.47769813226236,900.0344890347185,5.078389392838158,-152.718157809042,551.7940293579388,6.837929716058522,-148.70812266421862,105.80406450276223,10.847964860881902,3.109171561590582,803.3816719251204,1.790420594614739,142.44123343718564,887.9290462702048,-17.114854087914875,150.74956649236722,546.2373793253863,-8.806521032733308,152.38708827284646,97.87490110586559,-7.168999252254085,-0.9255263356688554,799.3469740278609,-2.2442773026446985
298,2.98,-0.7629068753577395,1699.4192195149112,-2.136835885549168,0.6777268268022336,1550.8598532170713,-0.6962021833891949,2.581776245420407,,1.2078472352289786,-3.0627853897034054,1397.1193410005656,-4.436714399894834,-2.3884135520388425,1197.7937128382302,-3.762342562230271,-1.9904743311092037,1098.1916520591599,-3.364403341300632,0.3411019913467159,1000.5232283816156,-1.0328270188447126,-189.55020586774305,1500.8800611742754,5.732548594663271,-366.3539093160249,1383.4598319056404,-4.646322555397872,-466.40205062980874,1223.8501459659074,9.387746975892055,-510.62713414412406,1068.5349684937803,-13.098933639000403,13.217789561745018,821.6086590266877,-2.442479620412321,-9.70517216876731,790.4769542215015,-11.079101178958739,-5.463547264446873,794.718579125822,-6.837476274638302,-1.2627637594519614,798.9193626308169,-2.63669276964339,0.6718686597883243,800.8539950500572,-0.7020603504031042,209.4619786851047,1498.4406724352655,3.293159855653272,338.7696709398111,1380.0616011471568,14.296753175388993,464.34599981999827,1199.4894872019447,-3.2647323426920742,501.60187113627643,1031.2504154962205,15.77737293960667,0.5307248916983429,817.5873965716547,5.26928828636788,-0.797841359542143,799.3842850307267,-2.1717703697335713,-0.7812434096230219,799.4008829806459,-2.15517241981445,0.12566190576533476,800.3077882960342,-1.2482671044260938,-2.510484448171489,797.6716419420974,-3.8844134583629177,-150.90846468920208,902.1039934152391,7.835677121394774,-152.7851739525114,550.2272841519298,5.958967858085459,-152.49690398212658,100.51555412231454,6.247237828470274,-2.0221039702951895,798.1600224199736,-3.396032980486618,150.83213646981844,897.8196783653773,-7.912005340778395,148.76460821828576,545.7521501138447,-9.979533592311075,152.68480572207062,99.6723476176295,-6.059336088526216,-5.73292645097304,794.4491999392958,-7.106855461164469
299,2.99,0.021855357961693578,1700.1131399757219,-1.407154168891796,-7.122299794777142,1542.9689848229832,-8.551309321630631,-0.1741462728625709,1299.9171383448977,-1.6031557997160604,-2.866509370477052,1397.224775247283,-4.295518897330542,-3.2923726575260397,1196.7989119602341,-4.721382184379529,-1.4997766252907276,1098.5915079924696,-2.928786152144217,1.5676031404321353,1001.6588877581923,0.13859361357864586,-189.65103727098048,1500.1794152751816,5.460429381601327,-366.23392550495504,1384.9361722705132,-3.3340729330342644,-468.01303718607977,1221.622551998539,,-510.2148300841723,1069.1039774804915,-11.478318113791929,8.911043155750097,817.6945926906112,-7.83960940448171,-1.2273949232681214,798.8638896944922,-2.656404450121611,-4.871801327219881,795.2194832905404,-6.3008108540733705,-6.1288868155247425,793.9623978022355,-7.557896342378232,-1.7904521143536347,798.3008325034066,-3.219461641207124,212.48785331585327,1501.011143890606,6.292157997025668,334.7836307604896,1376.4317172258834,11.143002870506434,462.5834170204683,1199.5222816461037,-4.927820647112527,497.6248762617961,1028.5024694819608,12.422010704429281,-7.675693860700878,809.5521843951827,-2.705731616149174,-3.946297869247503,796.1449867485128,-5.375307396100992,-3.4463217342990964,796.6449628834612,-4.875331261152586,-3.3023382679404607,796.7889463498198,-4.73134779479395,-1.281669783605883,798.8096148341543,-2.7106793104593727,-149.57240726900062,901.9351231749879,8.33663218366367,-151.52748378702069,549.9800466569678,6.38155566564361,-154.06709696177808,97.44043348221042,3.8419424908862014,,797.9472739929618,-3.5730201516520164,148.0933106235424,896.5857801795538,-9.815728829121907,151.17346674694065,549.6659363029521,-6.735572705723649,148.8382609867319,97.3307305427434,-9.070778465932394,1.8541372379485295,801.9454218557088,0.42512771109504
