frame,time,Head_x,Head_y,Head_z,Neck_x,Neck_y,Neck_z,Spine_x,Spine_y,Spine_z,Spine1_x,Spine1_y,Spine1_z,Spine2_x,Spine2_y,Spine2_z,Spine3_x,Spine3_y,Spine3_z,Hips_x,Hips_y,Hips_z,LeftShoulder_x,LeftShoulder_y,LeftShoulder_z,LeftArm_x,LeftArm_y,LeftArm_z,LeftForeArm_x,LeftForeArm_y,LeftForeArm_z,LeftHand_x,LeftHand_y,LeftHand_z,LeftHandThumb_x,LeftHandThumb_y,LeftHandThumb_z,LeftHandIndex_x,LeftHandIndex_y,LeftHandIndex_z,LeftHandMiddle_x,LeftHandMiddle_y,LeftHandMiddle_z,LeftHandRing_x,LeftHandRing_y,LeftHandRing_z,LeftHandPinky_x,LeftHandPinky_y,LeftHandPinky_z,RightShoulder_x,RightShoulder_y,RightShoulder_z,RightArm_x,RightArm_y,RightArm_z,RightForeArm_x,RightForeArm_y,RightForeArm_z,RightHand_x,RightHand_y,RightHand_z,RightHandThumb_x,RightHandThumb_y,RightHandThumb_z,RightHandIndex_x,RightHandIndex_y,RightHandIndex_z,RightHandMiddle_x,RightHandMiddle_y,RightHandMiddle_z,RightHandRing_x,RightHandRing_y,RightHandRing_z,RightHandPinky_x,RightHandPinky_y,RightHandPinky_z,LeftUpLeg_x,LeftUpLeg_y,LeftUpLeg_z,LeftLeg_x,LeftLeg_y,LeftLeg_z,LeftFoot_x,LeftFoot_y,LeftFoot_z,LeftToeBase_x,LeftToeBase_y,LeftToeBase_z,RightUpLeg_x,RightUpLeg_y,RightUpLeg_z,RightLeg_x,RightLeg_y,RightLeg_z,RightFoot_x,RightFoot_y,RightFoot_z,RightToeBase_x,RightToeBase_y,RightToeBase_z
0,0.0,-0.2304462561474938,699.7313792531284,-0.2686207468717914,-2.583707533463197,547.3781179758125,-2.621882024187495,-2.1099685147654053,298.6674986194512,-2.15920359483363,-1.9665742233406283,397.8158067997085,-2.004748714064926,1.7120660830028547,201.67389159227855,1.6738915922785567,2.3057480084710424,102.22623814833277,2.2262381483326714,-0.20059538672660226,999.8113266612233,-0.17554469074220252,-192.2011041164538,500.2305439359726,-0.04495398979285081,-366.03108016912415,378.76397492330085,12.904568281176918,-464.648636350273,221.43653429225773,-11.153596287471853,-491.50741840533055,41.761004238428306,9.983724290704478,-11.701147667300116,-223.2844880212591,-0.3002328751243679,0.5877700655342158,-199.45040442519007,0.5495955748099183,0.5331550566576795,-199.50501943406658,0.4807826205517614,2.2148259721039176,-197.8211478632017,2.17665148137962,-0.45876375067606456,-200.4969382414003,-0.49693824140036225,204.85059832681964,500.72944523470994,0.4539473089447337,335.1968848747983,384.9006526107271,-2.15277993089658,461.4694163817351,187.996047409241,-8.316538164585197,508.2480767153641,66.48170043164113,-10.352618194197275,4.77610944945209,-198.1361890511448,-7.5085680540737645,-0.24140904925987894,-200.27958353998417,-0.27958353998417657,0.340422943946065,-198.1491472164305,0.30224845322176713,-0.36251189727754674,-200.40068638800182,-0.4006863880018444,1.1217703116341688,-198.9164041790901,1.083595820909871,-149.7912521956473,-98.92673849697297,0.4464135108996673,-150.01912681778083,-449.15461311910656,0.21853888876613448,-149.0979928079559,-898.4709485531267,1.1396728985910778,-0.9515229836626835,-200.98969747438693,-0.9896974743869812,150.7006979517171,-100.1876598428569,0.41293085320130934,149.67852061615332,-451.2098371784207,-0.6092464823624427,147.64793030529304,-903.240427489281,-2.6398367932227176,-1.599286822184684,-201.63746131290895,-1.6374613129089817
1,0.01,0.1513293064346577,700.0799318658136,0.07983176424101557,-2.0384557191432213,547.8901468402356,-2.1099532613368637,-1.776399154308299,298.7786905001766,-1.879327405352004,-1.4380735697156994,398.33089354203764,-1.5095711119093418,1.796317786159881,201.72492034553864,1.7248202439662386,2.528041162129973,102.41146198638138,2.4113618848089002,-0.3581189267819042,999.6785529862456,-0.3039796740458225,-191.8550812716564,500.8235302142414,0.45909357987143107,-366.04240859344657,379.0846544531603,13.005028807571572,-464.58496058092845,221.18719522644483,-11.479190552407808,-491.3041793679198,42.211014627292656,9.94005349617385,-11.685088961878199,-223.2325457276924,-0.025934954607669036,0.599678688139005,-199.47171875248222,0.5281811459453631,0.7203735850839537,-199.35102385553728,0.6287987618089046,1.5955356732307493,-198.47174012881288,1.524038131037107,-0.2517782154649819,-200.32317565608622,-0.32327575765862415,205.05981866934587,501.2143196131444,0.8498829787745676,335.2246063158468,384.75878578488107,-2.2583541162692606,461.4736433907424,188.66870227679655,-7.806692133663862,508.4356992300035,65.95084351985354,-10.466712518081394,5.350485227115293,-197.50348957523187,-7.045460126041311,0.007830313172022763,-200.06356712744923,-0.06366722902161948,0.34009412105391335,-198.5063799065117,0.26859657886027116,-0.06466453859437016,-200.13606197921564,-0.13616208078801217,1.2829277050551475,-198.78846973556608,1.2114301628615054,-149.54460474644628,-98.42126458364535,0.748864003025536,-149.32439004891003,-448.20104988610916,0.9690787005617627,-148.81984630881885,-898.1412660173057,1.4736224406529796,-0.8694833762624664,-200.9408808168837,-0.9409809184561085,150.82366005982843,-100.37302392902714,0.4219128048844623,149.626846483892,-451.5698375049636,-0.7749007710519681,147.95205669038825,-903.2446272984673,-2.4496905645556706,-1.1468875214362932,-201.2182849620575,-1.2183850636299351
2,0.02,0.662848710911699,700.5339352799224,0.5332273685218354,-1.2366551900163016,548.6344313789943,-1.3662765324061654,-1.3089917994271858,298.8943246888889,-1.5260614189291197,-0.6118383861214215,399.1365880130749,-0.7414597285112858,1.807489289299147,201.67857585830978,1.677867946909283,2.670780839701217,102.49552687961312,2.4948189682125816,-0.5133455055898355,999.5656777057317,-0.408660098242504,-191.53028391353968,501.59457008537447,1.07059188205549,-366.2235569680273,379.4507069734216,12.95981676991251,-464.3862189627114,220.8884940209361,-11.97934048129812,-491.0790020703097,42.90316393948771,9.73149660118984,-11.819495370892259,-223.310251118696,0.28022164938125604,0.5516162220694103,-199.57729720891996,0.4219948796795463,0.9458913421477791,-199.1830220888416,0.7892004568241724,0.7829831588389283,-199.3384579547968,0.6532340532086202,0.0757208797162191,-200.05319255127316,-0.0539004626736449,205.1353377550501,501.7868132346928,1.262800761393129,335.1132713046794,384.3408479182141,-2.615916856320816,461.3372690479001,189.74370883622845,-7.0229526978705135,508.7025229481402,64.93865716267194,-10.712465924604537,6.238278190795834,-196.49903366853158,-6.336174785620745,0.4403844358694222,-199.68852899511995,0.3107630934795582,0.19373247044539774,-199.16915886459844,0.06411112805553397,0.24493753422706088,-199.8839758967623,0.11531619183719698,1.5464835928869483,-198.58242983810243,1.4168622504970845,-149.1081856745433,-97.5190931781521,1.2867512780731247,-148.2819377721055,-446.69284527571426,2.1129991805109545,-148.33992199572447,-897.5571561196433,2.0550149568919798,-0.7503816065968567,-200.87929503758625,-0.8800029489867206,150.84214733272935,-100.90499158630477,0.23783956541825882,149.58340911261826,-452.16390897123256,-1.0210778195094847,148.2616438230134,-903.4854950960207,-2.342663944297687,-0.40486180788992776,-200.5337752388793,-0.5344831502797918
3,0.03,1.0981501852674476,700.9138332009159,0.910158557076509,-0.5573063901221594,549.2583766255262,-0.7452980183130984,-0.9047595094868328,298.9324229153017,-1.2905958121410896,0.18752718252473388,399.92482157324184,-0.00046444566620518213,1.5885383972565594,201.4042214129049,1.4005467690656204,2.4961108904102494,102.27212659586259,2.268451952023277,-0.5185218979063886,999.5965766419142,-0.3651218730028466,-191.54958425755797,502.1668049701466,1.437444228391394,-366.66814606505426,379.6200453781455,12.567157885891845,-463.9562142686209,220.82625295908656,-12.431932015848421,-490.9299769792026,43.715360924185994,9.358149798278191,-12.186746724280558,-223.60737785957454,0.43951922623532147,0.3731268459139254,-199.81119013843772,0.18513521772298674,1.0686772699996177,-199.11563971435203,0.8530936381568943,0.2749053592742555,-199.89857441972396,0.08608061010215157,0.4113766274714001,-199.77294035688033,0.22338499928046152,204.72092129733767,502.02820048851333,1.2985475566335065,334.6850370083794,383.5437495941552,-3.3470519859335983,460.90777457821594,190.9036003415174,-6.235388395014286,508.98405980006794,63.61554691224067,-11.017140071404935,7.149062018926737,-195.39880196455678,-5.596679751753636,0.9832718646302621,-199.2010451197214,0.7952802364393231,-0.13690879449831683,-199.94282461308967,-0.32490042268925545,0.32974823984355106,-199.85456874450813,0.14175661165261244,1.8953517131883535,-198.2889652711633,1.7073600849974149,-148.59372938695003,-96.391751526677,1.9464309637547497,-147.34505669227474,-445.1430788320017,3.19510365843006,-147.7594207891666,-896.7268695943717,2.78073956153818,-0.632631038367002,-200.81694802271866,-0.8206226665579406,150.53316908295216,-101.89900585696212,-0.31379131755969814,149.58166230153915,-452.8516809397372,-1.2664664003347803,148.25186250898957,-904.1803124309249,-2.5950978915222866,0.3470133920104741,-199.8373035923412,0.15902176381953592
4,0.04,1.4319922163396213,701.2339883427799,1.2190507388874565,-0.2413226745016661,549.5606734519386,-0.4542641519538313,-0.6075225708866077,298.9373118306094,-1.1766669639728002,0.7262028527848524,400.4877359650344,0.5132613753326872,1.1128382206348135,200.91483434707507,0.8998967431826485,2.068896057880749,101.84387108728629,1.8289334833939024,-0.36380591430981846,999.7436280537099,-0.19611817909084633,-191.91707165931567,502.5075818000782,1.5436210605140661,-367.26695406032627,379.622170787449,11.886717463133,-463.2336001844015,221.18638936677104,-12.65524397622827,-490.7340367828648,44.76742966068619,9.039961377586224,-12.606132141585046,-223.9316235167472,0.5618009545958158,0.06091138486634144,-200.13709248869344,-0.15203009258582367,1.044498141584059,-199.15350573197577,0.82127644195749,0.2745643492759572,-199.91116402807359,0.05739193437276813,0.6774552601268404,-199.52054861343296,0.4645137826746755,203.81097269928478,501.9028912388427,0.9373475110872331,333.91704698759827,382.44044585887485,-4.398611772467092,460.1298283732321,191.9693444985529,-5.5876364917039005,509.3366803289123,62.2504496358722,-11.204499840670188,7.967326388787461,-194.28745882134172,-4.868592177392708,1.5512718533428738,-198.64673202021692,1.3383303758907084,-0.46747552917986174,-200.5180041367994,-0.6804170066320265,0.21987153932689887,-199.9781323342329,0.0069300618747335785,2.343756881109859,-197.85424699244993,2.130815403657694,-148.12164219883343,-95.1927606668701,2.6187914010450304,-146.8193412997411,-443.89045976777777,3.9210923001373548,-147.1498178117638,-895.5455667663555,3.590624640914611,-0.5221636153495876,-200.72016748890937,-0.7351675677048803,149.84745549983086,-103.29629396817202,-1.2283535704855222,149.54456318281447,-453.6051194090668,-1.5371790113802066,147.81403444499475,-905.3297150230082,-3.261774625321662,0.8185589589193489,-199.37944491464043,0.605617481467184
5,0.05,1.6137310655827086,701.4732189692822,1.4256096415224881,-0.30691439737166093,549.5527747361048,-0.49483459165498417,-0.3653203439677446,299.0302310373105,-1.05968139920479,0.9455925018867362,400.78844103341464,0.7576723076034131,0.4912769069591224,200.35096604043548,0.3033567126757992,1.5910505100168948,101.43631337678951,1.3887040490298874,-0.11583418721158001,999.9118145675302,0.015806464185322416,-192.47320421813146,502.76509384944114,1.537766606491412,-367.8376255695462,379.6537766730741,11.124364103576657,-462.2826453300129,221.881199641618,-12.643675408396998,-490.33370787639285,46.220053848473334,8.989725793429905,-12.787342657430644,-223.97872302534347,0.8892848715774551,-0.33820317770930697,-200.47851404423307,-0.52612337199263,0.853023692266957,-199.28728717425673,0.713496904229548,0.575958306221689,-199.55351947291877,0.37130442970968774,0.823579861026555,-199.31673100549716,0.6356596667432319,202.76025361381534,501.771025030857,0.5369335534300863,332.94304404434564,381.22367354754454,-5.5989471813086595,459.00958347650976,192.87690083886847,-5.133073938388373,509.8057994953206,61.02955361048055,-11.168834057106746,8.691936285739974,-193.13980227722323,-4.117067889380093,1.977150352459715,-198.16316051406397,1.7892301581763914,-0.5905836473674181,-200.6856119077422,-0.7785038416507412,0.06528555987864287,-200.07502530664507,-0.12263463440468025,2.779898110147078,-197.36041275637666,2.5919779158637537,-147.77907399513168,-94.02279818068043,3.219984476949328,-146.78947949308784,-443.03320367863654,4.209469234103995,-146.5631736512542,-893.9758801382569,4.435832803444908,-0.4426438704273967,-200.58295473695114,-0.6311082650098784,148.86909861514556,-104.94247470878926,-2.3931314148400658,149.31387776227498,-454.5211615218051,-1.9718182278558247,147.05047984457468,-906.7610934793602,-4.211750185410967,0.8300273312821231,-199.31028353524155,0.6421071369988001
6,0.06,1.422620274736426,701.4112844108574,1.2921525569604086,-0.6110968644994726,549.3788794545983,-0.7402523992987174,-0.16530808048085566,299.27727483546744,-0.8602047518807772,0.8941060022984623,400.8770022363363,0.7649504674992177,-0.10372196953327018,199.88625434956452,-0.23287750433251486,1.1317193010165871,101.11568806503229,0.9965562111353045,0.2000420710198173,1000.0751477635945,0.26181876451723995,-193.157335212543,502.982532325688,1.4517900527025638,-368.3359937528628,379.80613161268207,10.364864350119436,-461.3342896424339,222.55972056886998,-12.61863462209843,-489.7684059514836,48.021076179713546,9.169471753931724,-12.632693450843389,-223.6551913412993,1.4762505801900185,-0.7801889886477074,-200.79021266955,-0.9093445234469518,0.4548813441348167,-199.55514233676746,0.5224324287165649,0.745802190859184,-199.2567760252284,0.5653243022719256,0.7943759455881225,-199.21570280388823,0.665220410788878,201.92663516141852,502.01675748394723,0.46318893718152565,331.92213201114816,380.0387961431214,-6.823290057544316,457.56094476232624,193.59383326208166,-4.912803732818159,510.2596906301665,59.91545960202009,-11.025105042680206,9.249391512655542,-192.02739163124656,-3.4276115253451103,2.047265696094862,-197.9627579848074,1.9181101612956168,-0.49434689484477423,-200.49343244440945,-0.6235024296440186,-0.09439268887711294,-200.10441636977941,-0.22354822367635735,2.886331834496829,-197.12369184640548,2.7571762996975835,-147.60891912479673,-92.94249717224321,3.6853199049123484,-147.17610021039658,-442.50967825784306,4.11742319274069,-146.08948357114463,-892.2264906214768,5.2043329964645295,-0.4855949346539375,-200.49561861555622,-0.6177114853435336,147.73469895613684,-106.68193438156581,-3.682377833995262,148.79996270154186,-455.6889508819761,-2.6893943344055184,146.128239222591,-908.2883941151117,-5.288837567541128,0.38165799208814,-199.6283656888141,0.25250245728889564
7,0.07,0.7002230653908814,700.8588045748777,0.624427274323598,-0.9416080668294378,549.2236070063634,-1.0107702941908616,-0.05890414283923662,299.6192412300809,-0.6229484190609406,0.6294843596304529,400.7845302737494,0.5603523835726754,-0.5396213960180274,199.62562392847838,-0.6087533720758052,0.6117157848843486,100.77501074180057,0.5406334412463959,0.589571024951099,1000.2671932995103,0.5802555730937851,-194.01799662191667,503.07686012358636,1.2000371146229116,-368.8603666807968,379.9889642819034,9.51811540042798,-460.61010686726416,222.89430653756085,-12.822951124188993,-489.2402556385041,49.93189548163019,9.349793961151523,-12.287700410644849,-223.13380657497277,2.1438712749845013,-1.2200871195527305,-201.0548417950564,-1.289219095610508,-0.10092155038497064,-199.9356762258886,0.3216822779695476,0.49341222351736164,-199.33735718185358,0.3020753371139793,0.5649530970719279,-199.2701606706422,0.4958211210141503,201.37036322490204,502.7204555888198,0.7827425923906074,330.9733467091858,378.9402576636451,-8.022679813190141,455.87537107193145,194.16397434839251,-4.886703828906563,510.46300322208936,58.75900778637333,-10.97903231745202,9.515254618417739,-191.0997882182715,-2.950541706733219,1.6992736895508755,-198.13548098595277,1.6301417134930973,-0.3161658556822159,-200.14884506583394,-0.3852978317399936,-0.32722857244991355,-200.16198324795357,-0.3963605485076914,2.313259519400103,-197.52149515610355,2.244127543342325,-147.57001421632472,-91.94450128355861,4.023235722901967,-147.7841925059954,-442.1586795732293,3.805423181625522,-145.83864939541758,-890.6431810184497,5.75212578018216,-0.7393028275330136,-200.57405750303667,-0.821148017383534,146.6410036048452,-108.3397538770391,-4.92998117906113,148.09470836582983,-457.05944041198256,-3.6496677140045883,145.1952871461009,-909.7854703357834,-6.375697637805405,-0.34151540802890934,-200.17627008353253,-0.41064738408668694
8,0.08,-0.3621210371660547,699.9457849451434,-0.4172954319598109,-1.1137546824897455,549.2203099361705,-1.142770440932786,-0.08316293254483464,299.91570895737243,-0.45031495338280886,0.21470960916861492,400.513663315612,0.18589111400480346,-0.7940635305102072,199.54019835142924,-0.8228820256740188,-0.01631464226101592,100.31745410952777,-0.045626267575469476,1.0041144647502445,1000.4906126217672,0.943481991702845,-195.0433944070042,503.006162557763,0.7712652196887068,-369.45072529940114,380.1105469151213,8.525592204105822,-460.0514016871435,222.88911616873978,-13.213109982768302,-488.91304825190184,51.73025974089316,9.346248639113254,-11.904446267940838,-222.61505785962504,2.7303337346218663,-1.5798739420873817,-201.245612060148,-1.608692437251193,-0.6147250163783855,-200.28046313443897,0.28158789015740593,-0.06498940720526176,-199.72891878343995,-0.3174902101650527,0.1928912886339828,-199.47467045014457,0.16407279347017129,200.90920414302562,503.6477092088801,1.2847228498722791,330.2213952241048,377.9773817468469,-9.11717972405526,454.2086665472253,194.78215569866387,-4.828344130610734,510.3443168163483,57.52106857534952,-11.04096874460056,9.51733721880308,-190.37771178763387,-2.6545219946969034,1.148629245448608,-198.517108872612,1.1198107502847963,-0.1602500827699543,-199.82571223815694,-0.1891308752252094,-0.6674643197273684,-200.33320243778797,-0.6962828148911799,1.00566006941899,-198.6600780486416,0.9768415742551785,-147.49632503388347,-90.91543287907675,4.383703727153173,-148.34003063538114,-441.7591384805744,3.5256243817243926,-145.83547133449213,-889.4338484217673,6.033755157021786,-1.1396894339764103,-200.80542755203697,-1.21163103883771,145.8217265267148,-109.73216194212583,-5.922663544295972,147.3910288111138,-458.4867972453984,-4.67729884756854,144.36851667578065,-911.1853717930599,-7.375873395230114,-1.0462802854875204,-200.71201840354811,-1.0750987806513317
9,0.09,-1.3238775968586627,699.0291105714605,-1.4144154785276968,-1.0808555905875492,549.3523126782476,-1.0912133717406067,-0.2035743315229468,300.0509958958342,-0.3934381664568136,-0.2339796004264923,400.0922051879561,-0.24333559598697824,-0.9360066233540552,199.49816343107366,-0.9453626189145411,-0.6522092228077148,99.78186372853601,-0.6616623214522575,1.3401525833970944,1000.7047684701381,1.2491340534277398,-196.07135657414352,502.8684997816059,0.3242902720456451,-369.95645236222686,380.2397892646682,7.520401995783834,-459.3228758785999,222.84207828311642,-13.450657174263753,-488.83495264689725,53.301983046029065,9.112020850469587,-11.438256447120686,-222.1133921603856,3.2861992504599,-1.7706663678090453,-201.33649631338128,-1.7800223633695316,-0.8627667785856596,-200.42859672415787,0.475565775602919,-0.5123572603117251,-200.07668646732282,-0.8288708441019194,-0.216511784226936,-199.7895542896523,-0.22586777978742195,200.3800166500894,504.45019143475275,1.6940530920276158,329.81307698403964,377.2334674318509,-9.961158191017258,452.88477061590254,195.70249644583632,-4.415231333681968,510.100921098626,56.282156267333534,-10.974400785165704,9.49536888674059,-189.68205712526918,-2.265114657514763,0.7469158958881001,-198.8189140496841,0.7375599003276139,-0.03693375731121068,-199.60276370288346,-0.04669598224088717,-1.0710680791306124,-200.63689802470287,-1.0804240746910985,-0.5966120439537836,-200.16244198952603,-0.6059680395142695,-147.18248909480332,-89.7129091740587,4.982077608270426,-148.5977266336025,-441.12814671285787,3.522565821232515,-145.99652583446607,-888.5851461154848,6.13233414209024,-1.4426294621961393,-201.00845940776836,-1.5676413351802163,145.41277567724052,-110.78603601698606,-6.525479717655795,146.78999983883585,-459.88013826432507,-5.6195819649947545,143.7151706504079,-912.4836410438187,-8.223084744488391,-1.4905557378975955,-201.05638568346984,-1.4999117334580814
10,0.1,-1.8850790054355833,698.3455969977932,-2.0821897924748947,-0.9678365903802078,549.4536224948735,-0.9741642953946085,-0.3488959895715599,300.0016568879142,-0.42635948381761435,-0.5795872949285659,399.5868877217096,-0.58195286106443,-1.0471352697478364,199.3782859543844,-1.0495008358837006,-1.09831759564702,99.32708873724502,-1.10069805302312,1.5366521995509312,1000.8881944774993,1.4278103848293273,-196.8978604443143,502.8273467863035,0.06451571028664982,-370.16153416604305,380.53689889358486,6.713198992327045,-458.1625320310108,222.97550072208563,-13.261234201967351,-489.0491560732711,54.57026507272532,8.621991745781758,-10.702095644806057,-221.4782445403329,4.000396583158337,-1.7792856605403524,-201.3538644364081,-1.7816512266762161,-0.7783607476100145,-200.35293952347774,0.7467259072898196,-0.515271202383927,-200.08483126396328,-0.8093293389309606,-0.5880123259319666,-200.18480735018318,-0.5903778920678309,199.77439936533005,504.8766114283006,1.8434148732242641,329.8386952962203,376.77009315152515,-10.44443166860195,452.0374716108371,197.01280311398517,-3.5016119286053637,509.9629650189371,55.04446009377624,-10.579964067623894,9.708203455958925,-188.7919883192725,-1.4964025971232566,0.6939368846086408,-198.88064189125907,0.6915713184727764,0.06236694923402343,-199.51205739022367,0.05793838013620094,-1.4706011670923012,-201.04517994296003,-1.4729667332281655,-1.7667135126321898,-201.34129228849991,-1.7690790787680537,-146.57989721030773,-88.3277423159193,5.888082996568704,-148.49749484722958,-440.24533995284116,3.8642769593879844,-146.25632759070191,-888.018888011803,6.1214504537366885,-1.4313155861774036,-201.00589436204513,-1.6790424422538517,145.3332660322421,-111.62197341804287,-6.81082214493223,146.201514983177,-461.28780725828153,-6.4766559851708365,143.23418828531905,-913.721051164966,-8.909899891855316,-1.632782918375883,-201.20736169424362,-1.6351484845117474
11,0.11,-2.1202933351575814,697.8417279011957,-2.484591114430311,-0.9739127450365892,549.3397362160674,-0.98658279955863,-0.49889231425704583,299.8026547003126,-0.5237095225841132,-0.7938548811835981,399.0482231215086,-0.7943206887742176,-1.1843553928272943,199.1414978152081,-1.1848212004179137,-1.216910847995953,99.1089423600395,-1.217376655586572,1.6479592890919532,1001.0774154191716,1.526485479003733,-197.49271535536278,502.92977411597303,0.009762438699095877,-370.01449092088575,381.0631443862428,6.157456910522449,-456.6849256664543,223.1430299831282,-12.748094340255587,-489.687143577725,55.435866856691,7.765766416646384,-9.590916997649416,-220.58644097537424,4.969784574291374,-1.721434387491101,-201.39558117945563,-1.7219001950817203,-0.5262396271713857,-200.2003864191359,0.8213156500291954,-0.1220227405208616,-199.77683262754772,-0.24469954804126728,-0.8917437636384674,-200.61918456497477,-0.8922095712290868,199.13244538038066,504.87483304624084,1.709555366281802,330.2359470515229,376.5526177637166,-10.611409928686124,451.43635296970626,198.49410594100317,-2.311933852739874,509.9058578435104,53.65036839793686,-9.954099583787308,10.185217703912818,-187.65953495425848,-0.32215510796640323,0.8777295527670772,-198.79641723919747,0.877263745176458,0.09036933645608453,-199.58277040361287,0.08174419387130857,-1.8176885576340376,-201.49183534959857,-1.818154365224657,-2.0449684073272625,-201.71919327998881,-2.045512295614923,-145.89828269385663,-86.9516883991177,6.89747964801203,-148.22749289768956,-439.2808986029507,4.369846029750082,-146.6410902943879,-887.6973936170732,5.979537571661732,-1.1732728160691868,-200.8474196080337,-1.5854537547903533,145.3052350351591,-112.50027151973902,-7.049156272104118,145.43056057088324,-462.84627239294923,-7.395157145314298,142.87702736040399,-914.9284791944942,-9.477363946859224,-1.6192562760996463,-201.2934030680642,-1.6197220836902657
12,0.12,-2.348496278709745,697.3200083027812,-2.877940107778444,-1.2353579664497338,548.9332425437572,-1.2647058668026097,-0.7185923919924714,299.4731390165282,-0.7248163267910281,-1.037257692797885,398.45673051347455,-1.0370942640859004,-1.4008333697262327,198.7970436069258,-1.400904803633848,-1.0766554240761987,99.12122155257589,-1.076726857983814,1.8069253721623966,1001.3428883873595,1.6744354357647864,-198.0676218894667,503.0255285642124,-0.08802800189070686,-369.6602680056535,381.73317913143194,5.711825463521242,-455.29922819930556,222.9266904148313,-12.31285537442069,-490.86640338873616,55.85808062341768,6.436000881121915,-8.227673815827691,-219.50288260509035,6.0598705409434075,-1.7563196051768664,-201.55844262852474,-1.7563910390844817,-0.41065642898473487,-200.21277945233263,0.5157596927113814,0.26781427257814294,-199.47482548404741,0.436348067437978,-1.123125400993014,-201.02481474190512,-1.1231968349006294,198.3986138264218,504.5625639558836,1.3594836004536077,330.76622775140663,376.4103503707008,-10.690925163465387,450.6105095601657,199.7314694697932,-1.3250477561043599,509.7013382292476,51.96534102451318,-9.374619508696075,10.647228089497032,-186.50152173674806,0.9708839111332639,0.9560360156125889,-198.84608700773532,0.9559645817049731,-0.05659775838594684,-199.85360655021603,-0.08180171341852976,-2.092072401160578,-201.8941954245085,-2.0921438350681933,-1.5980669648617478,-201.40069913831184,-1.5986475488715648,-145.47878500563635,-85.86338012161491,7.6403451748785915,-148.08146296268006,-438.46605807865865,4.74896285338142,-147.15932068880176,-887.5443601688045,5.697494952019178,-0.9994534330046777,-200.8015764563526,-1.5456232275468529,145.00336906691905,-113.6839618474962,-7.562076876347202,144.37783882038414,-464.63342968170275,-8.511544710553718,142.57954786469588,-916.1077830497194,-9.985898078570358,-1.6194713724193284,-201.42159439576722,-1.6195428063269437
13,0.13,-2.7736353371631366,696.7270246716032,-3.3734928478361987,-1.7105863819061113,548.3352354974493,-1.765282021990369,-1.0669566414020657,299.0323507439217,-1.0681667755179125,-1.5078209854579154,397.79508606269485,-1.5062894887973766,-1.7179221221991452,198.38259539724038,-1.717922122199145,-0.9297237898767614,99.1707937295628,-0.9297237898767612,2.0901040421794517,1001.702158447478,1.9470412133064097,-198.8404796967074,502.9547674165092,-0.49082736958594475,-369.24228913932046,382.4619459559068,5.2363802035304605,-454.3327012876004,222.06064644016016,-12.277497551483268,-492.4804018397273,56.00475641603482,4.733185877771499,-6.867815781126139,-218.42711278499897,7.011040043876108,-1.8927964054705602,-201.79227888603097,-1.89279640547056,-0.6042312691503948,-200.50371374971078,-0.10831821663287367,0.24150004384401452,-199.51529937626867,0.6992780796960156,-1.289078827316291,-201.33342944511776,-1.289078827316291,197.4722729474259,504.13832478444994,0.9028758702298629,331.139738367935,376.1153532680369,-10.968079861670155,449.2372873733801,200.45477691343513,-0.8790086161808164,509.2564109489273,50.10932196429766,-8.941490497047845,10.703351343407576,-185.65068306931957,2.021420457792749,0.6302907687438055,-199.26919171181663,0.6302907687438055,-0.4452368262249448,-200.3244921287536,-0.5051570437285755,-2.2794125082777668,-202.17889498883818,-2.2794125082777668,-0.9613792038586966,-200.8634473619909,-0.9639648814305009,-145.5261953188101,-85.20853504076351,7.8629921833367025,-148.19085752320285,-437.8731972451563,4.871185074969877,-147.67020191844531,-887.3525416403987,5.41512961833741,-1.160484060651407,-201.05996654121185,-1.732355160456443,144.27127178876702,-115.27049729987635,-8.50464515165964,143.19144891735485,-466.5237114672167,-9.757859318999923,142.29529818109768,-917.2464709075457,-10.480618759328976,-1.6867440963884508,-201.58622657694883,-1.686744096388451
14,0.14,-3.1952329089037557,696.3374354626076,-3.724605304064838,-2.1245700954676203,547.8578889844653,-2.2041517822072625,-1.433096177227402,298.62875900936785,-1.4332817573046155,-2.1220255618855037,397.2361264344073,-2.1142479800892446,-2.028264759255472,198.03377600741692,-2.0282647592554714,-0.9594802542358194,99.10256051243665,-0.9594802542358194,2.378173602276256,1002.0076543454763,2.22473935795772,-199.72470712656514,502.8313669493283,-1.106448626428614,-368.71882241971497,383.3194446302425,4.776146281454429,-453.7165519554082,220.80935513358102,-12.568079859564703,-494.133503490405,56.2762864517522,3.0388624170321377,-5.647076639522645,-217.44948913375578,7.706997128811366,-1.8746320355827941,-201.81259126891035,-1.8747819331480766,-0.8806331691375326,-200.81859240246507,-0.6739058524801447,-0.23517957585949417,-199.90657175831154,0.3721169332685759,-1.3463075390327868,-201.4484238779737,-1.3463075390327868,196.41576031220666,503.838806514486,0.5073570441019407,331.28334818018976,375.6246795912276,-11.513167289155955,447.4833802203515,200.85244264482688,-0.8199775031999583,508.8118985612157,48.46894052600368,-8.403400416570344,10.233324499038716,-185.20072428225257,2.7657401741929304,-0.038005952206211537,-199.97596518553377,-0.038005952206211537,-0.9540714553733926,-200.82972659412155,-1.0642977243217673,-2.303852418585481,-202.241811651913,-2.303852418585481,-0.465682764709883,-200.41386855121465,-0.4759093178871041,-145.91414497005562,-84.83252043550931,7.666807665448131,-148.34028503121448,-437.2586604966682,4.951963239835803,-147.88974200460464,-886.8081174700584,5.418512504266665,-1.5057209779707061,-201.44368021129824,-1.9769958514023336,143.2842056169966,-117.05638040394999,-9.701174165416639,142.2430533275345,-468.1698129392273,-10.814606700693954,142.08296945884007,-918.2576165621065,-10.90241032357314,-1.7291509416506812,-201.66711017497818,-1.7291509416506814
15,0.15,-3.1204958668191134,696.6084106996707,-3.4843278385012235,-2.0970900619217527,547.9054706110287,-2.1872679271432274,-1.505648894472595,298.58708964369936,-1.5056488944725945,-2.4139727275723732,397.19499060525624,-2.3832117948493776,-2.094538794623121,197.99819974354875,-2.094538794623121,-1.0440852828047942,99.04865325536716,-1.0440852828047942,2.3735699158601857,1001.9515364024576,2.209903982533762,-200.34602214643922,503.038895168873,-1.4498002376655579,-367.87120758663957,384.5351820265106,4.553383159086759,-453.0257985090442,219.8777044194518,-12.752532627765,-495.3381835761336,57.112438800827036,1.8304004975498853,-4.45084498582399,-216.38928444876402,8.320308653095633,-1.3246940207378604,-201.23195548256598,-1.3256714756476489,-0.7164726356619454,-200.62373409749006,-0.649358102238753,-0.7581536263486989,-200.27760878174934,-0.19346315599599384,-1.1378642042481253,-201.18999380331726,-1.137864204248125,195.56731055559527,503.9429622794795,0.4214614555659104,331.487310572849,375.2407627620228,-12.033319094448593,445.9182492143037,201.49745087144888,-0.5856982688081823,508.7540953581265,47.45522513984626,-7.372329258072812,9.594028642478179,-184.7870131610362,3.5562988750416062,-0.5737891392721403,-200.4810506011002,-0.5737891392721403,-1.233476797169608,-200.99127850579822,-1.3851230598480526,-2.0143047811621773,-201.92156624299028,-2.0143047811621773,0.003309926152813114,-199.9354515370781,-0.028190075250020152,-146.25038688891655,-84.33285288281658,7.468937080557619,-148.0806332584587,-436.1630992523588,5.4402672965864225,-147.51929615219018,-885.6017621460902,6.010171924576292,-1.541072182180127,-201.4483336440082,-1.8425934010027314,142.47692705249258,-118.59653992680177,-10.716641635899709,141.92511952222003,-469.1718134172195,-11.291915126317438,142.15319999249277,-918.9202669868016,-11.040368695899517,-1.5632292596988797,-201.47049072152697,-1.5632292596988797
16,0.16,-2.2655266968887693,697.739540723901,-2.460271917792216,-1.4668377413836882,548.6533932135698,-1.5464194281233303,-1.0290813228149789,299.1707313188782,-1.0290813228149789,-1.912050895717181,398.029100337445,-1.8170157534921894,-1.7384018749083785,198.4616427879004,-1.7384018749083787,-0.882809501527471,99.3170031401657,-0.8828095015274708,1.860045594077221,1001.3103715965808,1.6862973108268804,-200.4132206355806,503.87466939896734,-1.0578009181129846,-366.4965460172317,386.3210649668365,4.774840980757367,-451.87980828768536,219.81632643861133,-12.439835497214577,-495.84526782942555,58.69656366194414,1.354262884021256,-3.087315810592707,-214.97210432875468,9.119070234744118,-0.10561217790300792,-199.90579953620988,-0.11057610352486402,0.19074342331832123,-199.60944393498858,0.20771263482166563,-0.8871543096004956,-200.24814988450862,-0.4917786605522084,-0.5127123088718071,-200.41246598474288,-0.5127123088718066,195.34502570325077,504.679636099543,0.8709428159426914,332.13804421863097,375.3592051009754,-12.13949497905301,444.9813117127047,202.82908091011433,0.2582249304627422,509.2337535441765,47.183778076442216,-5.707371774381904,9.339823449714592,-183.85135353823057,4.794806055518997,-0.5001024236708187,-200.30015762702857,-0.5001024236708187,-0.942302678290594,-200.46326245688368,-1.0796046276390103,-1.3414981958460723,-201.14168555415296,-1.341498195846072,0.7056605690599043,-199.17009136437215,0.630095993934719,-146.1936210653751,-83.36114246967085,7.660351000455801,-147.16118867502104,-434.32871007931686,6.586574990550938,-146.46077853273488,-883.6282999370308,7.290556607245511,-0.8766400968759868,-200.6768274551829,-1.0148314635193938,142.20975508535042,-119.5231580303434,-11.19051201372088,142.37180969042538,-469.36725403416426,-11.034390532524233,142.67457016522235,-919.0585604354892,-10.725696933848972,-1.0597650904584932,-200.8599524487654,-1.0597650904584934
17,0.17,-0.934206899491735,699.3544988137944,-1.0153887856002832,-0.5145074482406454,549.8006845110698,-0.5692030883249034,-0.14362161699663012,300.22626598239805,-0.14362161699662995,-0.6757162262984246,399.5880836565767,-0.44656484622817916,-1.0572759777615355,199.31412458936043,-1.0572759777615355,-0.3913071885258542,99.97858041086883,-0.3913071885258542,1.0042345432541386,1000.2641853769039,0.8205627862511424,-200.0318931154278,505.2182118110651,0.049353777944627475,-364.6787179717329,388.58456189456564,5.360800818301123,-450.3731383194216,220.4612121018833,-11.713345600229836,-495.8439453503652,60.78775584797491,1.4219236954392336,-1.6073199888649685,-213.23376898479364,10.08116805117253,1.4266269605968578,-198.20348544000854,1.4069942539155444,1.495600498731182,-198.1345119018742,1.4989419345952002,-0.5964145517939339,-199.84021285886334,-0.38335368043988033,0.4076046280495973,-199.27580178192756,0.4076046280495975,195.82336526733184,505.979967473678,1.8165758170650848,333.2430545498291,375.97629019376166,-11.821414287915228,444.5073910913741,204.6605731976789,1.539853557296679,509.94968313969184,47.30852043075383,-3.7136535450901453,9.655072172699928,-182.22693184155648,6.42315962819683,0.13326250455833027,-199.4959881375279,0.13326250455833027,-0.12281434025684168,-199.34665300965406,-0.13760519808281113,-0.49960009457991555,-200.1297124951853,-0.49960009457991533,1.598352759728415,-198.17293285287968,1.4571795477257046,-145.75673350511218,-81.94382159749291,8.260119781457881,-145.8854768690997,-432.07256496148045,8.087102169231631,-145.04355929334554,-881.2304976784048,8.930328940286046,0.3148458672038201,-199.31526653340154,0.29804760239104605,142.45832199380973,-119.87307340064811,-11.146913530515592,143.28233838625934,-469.05164349002143,-10.324065439428054,143.47229950751307,-918.8605140674057,-10.13293601681225,-0.3395908663535358,-199.9697032669589,-0.3395908663535359
18,0.18,0.1899723188031082,700.7041962573886,0.16361641917316372,0.202812428985788,550.714115800756,0.1735359625405275,0.6307738157922606,301.1713536540076,0.6305298145127862,0.6287819945963793,401.14374852086075,1.0628548187868976,-0.41571744337926847,200.13254587894514,-0.4157174433792685,0.16214009424245193,100.70271993245775,0.16214009424245196,0.32189936476687747,999.3911398657817,0.12847246685294322,-199.64019415608067,506.56638062975503,1.3444874712772088,-362.89874850188653,390.7914822119934,5.83469364998696,-449.0641206833219,221.0240845266909,-11.128957750212113,-495.8324505504279,62.849414994999826,1.5349666345622537,-0.3736409875244764,-211.66753735518265,10.776100771098474,2.6135652261475615,-196.84585493563713,2.553092232237914,2.397299723576463,-197.06212043820824,2.3978121493626037,-0.24046748399430085,-199.43940618012653,-0.15143096559278657,1.1831346848877682,-198.2985017252804,1.1831346848877682,196.52271573869288,507.333722980962,2.8329485278848,334.3524467657086,376.58205737411447,-11.526053213033235,443.86885663631733,206.2934259033097,2.622010898733528,510.30267321991687,47.177850845658256,-1.9710793064421537,10.12273708775892,-180.39812885318798,7.897933139799343,0.758187836521868,-198.6968559543938,0.7581878365218683,0.7150981483497147,-198.2839516656647,0.9601193559780564,0.06878884161911492,-199.3906313201656,0.06878884161911519,2.2514116498614953,-197.41341432336122,2.046005838423476,-145.29601875071052,-80.4998006082804,8.9134197780941,-144.91462906506428,-430.1184109226342,9.28043571980919,-143.96625277065485,-879.1690584138605,10.230081393054766,1.3334378322583524,-198.12598232952638,1.4004701778918358,142.84637613768928,-120.08112089211987,-10.961834851356354,144.04362524979862,-468.89125305947795,-9.764764904063636,144.06691837257384,-918.8677807718861,-9.74129261647177,0.22954161939659387,-199.22987854238812,0.2295416193965938
19,0.19,0.604855704160778,701.2199594162757,0.5981918891512721,0.26553863794845245,550.8751019181416,0.25333439101703104,0.8275088418111438,301.4492763689356,0.825917753602563,1.2428515487032201,401.89305972690215,1.8980027017413912,-0.18208109053443955,200.47007520574076,-0.18208109053443977,0.468571426434926,101.09033895355935,0.4685714264349261,0.2650642348421861,999.2333968943735,0.062059900289382464,-199.687532637294,507.37531691195215,2.2013853642494094,-361.77422624677183,392.2446424775448,5.583665337874596,-448.43921140939096,220.78615157413907,-11.188837783227118,-496.2622677669058,64.39339516137534,1.2397904633221177,0.2592963838047213,-210.83810656761665,10.730026142491178,2.979291949662361,-196.3989405232132,2.834224778620284,2.3072219486163554,-197.07101052425924,2.3072219486163554,-0.11196304472607133,-199.36625737929342,-0.08301564069077472,1.3867686891848137,-197.99867634354388,1.3867686891848137,196.7453570720863,508.0615740075016,3.362643644726075,335.01730236334447,376.6399395530465,-11.699279120604583,442.61141904635406,207.17664170761125,3.040145452668996,509.8153556740295,46.25985931027107,-0.9236968365835834,10.104104690017232,-179.0994933894115,8.692817185164001,0.8737927781638714,-198.48713081215683,0.8737927781638715,0.9940210427738306,-197.9779253241389,1.6019231624063945,0.029753026910099623,-199.3484794459655,0.029753026910099845,2.2160036292289207,-197.39498412112857,1.9832483517469932,-145.19264788726434,-79.50066795601712,9.22590168278943,-144.69521758663683,-429.0032376553897,9.719697731811184,-143.8105200938323,-878.1135825369734,10.60941057773473,1.547685108412506,-197.8305473644631,1.6693606978635374,142.95565358650273,-120.6445067477959,-11.053253062839715,144.11869108341847,-469.50995416689125,-9.89021556592397,144.0687243036542,-919.5599209466557,-9.940182345688228,0.3379164408832881,-199.04031603199232,0.3379164408832881
20,0.2,0.3065390201848721,700.8761791222513,0.3052268372080995,-0.33397366638995,550.2330164797747,-0.3379358052684866,0.4193277356608156,300.990280020704,0.4112475230125239,0.8721784747296226,401.5562820960577,1.687190178590603,-0.457876102982471,200.20668018081665,-0.45787610298247117,0.5041121512926163,101.07506443633571,0.504112151292616,0.8553354037507469,999.8550767869157,0.6429406182346752,-200.36031111455463,507.4113416453964,2.317609923303537,-361.5807994508399,392.6257814687432,4.337063328440936,-448.39988538100664,219.7076578032095,-11.820775548234721,-497.28417915044645,65.25619418921359,0.3821725239783233,0.32087944008673885,-210.8223377311045,9.909722457146767,2.5101713081871635,-196.91887640676973,2.2391501523316744,1.3054872689139119,-198.12356044604297,1.3054872689139119,-0.17943159908846606,-199.59396689590102,-0.1721125491525851,0.97296184252409,-198.45790949315077,0.9729618425240901,196.16511085357985,507.85512266475683,3.1725088554479735,335.21064774034323,376.0830841990416,-12.364893412615835,440.85848962813475,207.38841259448446,2.9112612467224155,508.4736345838757,44.51542824841195,-0.5748891413102288,9.286201810972315,-178.69292574556766,8.725827299518176,0.506132662543417,-198.86959994073203,0.506132662543417,0.5747275251918784,-198.57502976586136,1.5218084871722888,-0.5635555904626286,-199.9926033054195,-0.5635555904626287,1.4502691660568967,-198.184184360338,1.2448633546188774,-145.5255272418012,-79.0681888982007,9.106989540075736,-145.17405829372063,-428.7167199501202,9.457742861584492,-144.5476024887838,-878.0706563555254,10.10381530897919,0.9584823929816907,-198.4705653219752,1.1009997841726993,142.59380489103071,-121.77527650066219,-11.613206693242248,143.39736429227227,-471.059456817658,-10.809647292000712,143.4348310132006,-921.0219900967297,-10.772180571072388,0.010859523335697285,-199.4181881916212,0.010859523335697174
21,0.21,-0.33667230955238403,700.0970937959,-0.33672506996232543,-1.2383531274524322,549.1946124221843,-1.2393549130450037,-0.23424117488795243,300.1997261603413,-0.2661990358494594,-0.23017709617263427,400.47914409126844,0.6632941745433578,-1.0372583383168117,199.62125331694457,-1.037258338316812,0.48488502065595773,100.9188523558851,0.4848850206559574,1.7231413643547606,1000.8407903679383,1.5015523001796462,-201.5092000783668,506.86917688220325,1.8362101977257028,-362.01700788516644,392.25972244973076,2.401586459089936,-448.33404942347624,218.39078581236188,-12.424432138925331,-498.751008250979,65.62146394339234,-0.8948282017621951,0.26075180172939305,-211.0798697787949,8.81129793858892,1.5470460568938127,-198.01898660787703,1.1527126019441747,-0.01264619126536809,-199.5786788560362,-0.012646191265368145,-0.2677254880034159,-199.89845701305254,-0.26628428161963863,0.30490930229806845,-199.2614824546833,0.30490930229806823,195.05559147648225,507.0416598823788,2.5402482058920994,335.24927165134966,375.2768688628154,-13.202826097661431,439.09253249828635,207.45669090077087,2.7201504115880866,506.68831215325065,42.37529871361269,-0.5473927646774095,7.844129496392366,-178.9645898070711,8.317475510723618,0.05241639805475051,-199.38571996250846,0.05241639805475051,-0.15671326453888879,-199.57303762251763,0.9367896048985243,-1.3293766708405266,-200.89540933561136,-1.3293766708405266,0.37824963709410964,-199.32895623967948,0.23707642509139898,-146.0253283073798,-78.8876286530521,8.820150333226419,-146.01280654408072,-428.87510688975306,8.832562351636327,-145.57908428984564,-878.3809883914437,9.326680849945722,0.13888552954531685,-199.42714713522554,0.2653623100415414,141.86939362674045,-123.29312739237518,-12.53279714062635,142.2517061784353,-473.1212914830595,-12.150484588931501,142.38437801650332,-922.9886196449916,-12.01781275086352,-0.4637912345074879,-200.02982389927834,-0.463791234507488
22,0.22,-0.9135009900082146,699.3792514477173,-0.9125328481213844,-1.986243751333121,548.3063114231131,-1.9864410146123497,-0.7705123419465392,299.52224009577895,-0.8689494837355523,-1.568929525229902,399.238751517531,-0.6293593423872236,-1.5977534275320862,199.11450302835783,-1.5977534275320862,0.5726598240288288,100.86541226175416,0.5726598240288281,2.4493118334519473,1001.6894430042662,2.218733750068302,-202.79458318986033,506.1789675314073,1.15016110367948,-362.4549730000373,391.8208881729031,0.4105756098414468,-447.67409508402307,217.49310227898735,-12.414486571725973,-500.374456633239,65.83135033663022,-2.307350174219801,0.6141683575695276,-210.89661876647952,8.068916175370939,0.520654373902345,-199.18659318837229,0.07381602943366555,-1.0492959269770799,-200.7565434892517,-1.04929592697708,-0.3372997060067593,-200.1618971691344,-0.3370786898495587,-0.1543626652336485,-199.86166529608232,-0.15436266523364894,193.95531278364876,506.2808894352012,1.9656907826338326,335.42717347338333,374.60011357252915,-13.915700070135276,437.66051081416106,207.80845657578377,2.8250514539492224,504.90358093207885,40.317767704673834,-0.4528201818071536,6.1913056970733775,-179.4268428213743,7.879839773159255,-0.19191269490574703,-199.66021850387395,-0.19191269490574692,-0.671355166107095,-200.3155330348385,0.2987953140363243,-1.8735417750130559,-201.58078933728765,-1.8735417750130563,-0.4486156495611583,-200.23142778696092,-0.5241802246863437,-146.35808222360725,-78.54357301433038,8.697159164456531,-146.9139990027994,-429.0994897935226,8.141242385264409,-146.26977691085733,-878.3103846438223,8.930347534964746,-0.345229210011605,-200.05247677228624,-0.258209044819943,141.09524600438561,-124.80630341026087,-13.49883921691087,141.28336646198662,-475.0114050889186,-13.310718759309886,141.22182117444999,-925.0729503764553,-13.372264046846533,-0.8362279785420469,-200.54320246202687,-0.8359548997522465
23,0.23,-1.2299749378165084,698.9605799124495,-1.2250583076277368,-2.293738678046185,547.896785920916,-2.293768929349831,-1.137901726382406,299.05265312388354,-1.3740401538288063,-2.7185627096200844,398.2212088401137,-1.7420517526065051,-1.9430384251008603,198.85789116999217,-1.9430384251008608,0.6776002257558817,100.86815507602162,0.6776002257558813,2.859463875540137,1002.1834197610389,2.6201110153976934,-203.96324198548862,505.6507982114097,0.5657601693173292,-362.40829024104244,391.8220553753213,-1.143898661030112,-446.38040300320944,217.16019016329477,-11.719071792474452,-501.9301506042021,66.12719726584773,-3.635676255796358,1.59902824262197,-209.94826837082402,7.966102030145485,-0.24870351871011592,-200.0581486684443,-0.6430369736597542,-1.5886587060949398,-201.39810385582913,-1.58865870609494,-0.5037712668366238,-200.45076230693087,-0.5037712668366239,-0.20462226511412787,-200.0140674148483,-0.20462226511412815,193.17732134678607,506.01592060126893,1.727730748557299,335.79891963447227,374.1536267467295,-14.44548769520167,436.52501483877177,208.44496287752398,3.1998359086414565,503.24590626523377,38.47944441564119,-0.20572701197638996,4.641036801332975,-179.73140399253185,7.654252994298552,-0.2601889933254745,-199.72197594340503,-0.2601889933254745,-0.7198301759232266,-200.5072115711862,-0.052044501658063236,-2.065817953758911,-201.8752631034931,-2.0658179537589114,-0.7496585205657955,-200.590776448072,-0.7813312983378262,-146.47127342120504,-77.94082177409214,8.789744657175351,-147.74248531718177,-429.2120336700689,7.518532761198609,-146.42553888813794,-877.6244100540678,9.10615637719981,-0.41279699719939517,-200.22224214693358,-0.36621845926894797,140.5629387766867,-126.04328980912916,-14.219373581408796,140.92811313315366,-476.25025028495645,-13.854199224941834,140.2283401462234,-926.9500232718867,-14.553972211872084,-1.0820511886660977,-200.8896582575085,-1.0802131077742878
24,0.24,-1.3270218806449225,698.7953086836011,-1.3075762310301036,-2.1961063199896884,547.9262242442563,-2.1961063199896884,-1.5326614374759435,298.5896691267701,-1.9738260999470825,-3.451218342038217,397.5200859662217,-2.5074942547624888,-2.0871812586019756,198.72679450353596,-2.087181258601976,0.5580713329733736,100.6804018972193,0.5580713329733734,3.0377002519656733,1002.4118825081093,2.7897957317462896,-205.0007755349719,505.29973912892586,0.12239223502806523,-361.75901806265944,392.3963944932924,-2.1380459571754487,-444.9228960832744,216.98327333564777,-10.786519127693074,-503.40325139129214,66.49989090061014,-4.869757483078253,3.009588441341802,-208.44285050518386,8.30275485272724,-0.610505068563345,-200.48817450431739,-0.8815262244188342,-1.8058167691336247,-201.68348620488769,-1.8058167691336249,-0.8393516226846596,-200.83910587106578,-0.8392341768591858,-0.022028448855108074,-199.89969788460917,-0.02202844885510824,192.67785967060104,506.24161648705217,1.7656798426092726,336.2753691409853,373.8463198524406,-14.877798713880821,435.42533941145115,209.09526508316782,3.5812072929163286,501.60227499405937,36.73505355960676,0.06582610451686725,3.2590681468333456,-179.82633801317763,7.641517822040013,-0.32268349275386454,-199.80640457737323,-0.32268349275386443,-0.42692906208267967,-200.29605308981036,-0.06933400650997551,-2.0392272948353547,-201.91689673058943,-2.0392272948353547,-0.6267580639935331,-200.5157806963766,-0.6381112606225574,-146.61807292348203,-77.33822119410347,8.844202623319159,-148.4345584444689,-429.15470671509036,7.027717102332299,-146.28406216871883,-876.6103774561843,9.572046361238321,-0.3984632958252162,-200.27613273157925,-0.3790464724298585,140.36144630800283,-127.01845623350295,-14.605020198359608,141.20751021340257,-476.8207060282631,-13.758956292959837,139.59793390425904,-928.4302823374068,-15.36853260210341,-1.3082164281925408,-201.17646854899158,-1.2987991132375223
25,0.25,-1.290574758570211,698.7819132028663,-1.2306779409884883,-1.9654916422952744,548.1069963191411,-1.9654916422952744,-2.052527137898456,298.019960823538,-2.6944179342269,-3.7118516338570693,397.1098530270473,-2.931874001666139,-2.1083433047102496,198.57451940155326,-2.1083433047102496,0.11155731144249437,100.18404527287885,0.11155731144249414,3.1152866021413517,1002.5217034378297,2.8590622994185924,-205.9888391531781,505.0165929227493,-0.2670597884242597,-360.6309370643423,393.4433053235682,-2.689636707979636,-443.8179380368106,216.4663886239431,-10.129823958023742,-504.932570478226,66.78087611708251,-6.153269820840169,4.49242548896933,-206.77552335760282,8.702619552204803,-0.5493178151956376,-200.47682985375928,-0.6943849862377145,-1.9622427088132777,-201.8897547473769,-1.962242708813278,-1.2184811577475612,-201.23000210898823,-1.2177153147632076,0.08072897289411701,-199.84678306566957,0.08072897289411675,192.30385863366308,506.72228584549816,1.920443844692001,336.87049275926086,373.67975755793634,-15.19507486044721,434.2268312333727,209.6024613252938,3.8132800867899954,499.9923407573704,35.093640102465756,0.37877029364369813,1.9771860873468743,-179.80463936534886,7.7362371566461565,-0.3719060607424953,-199.95175989965148,-0.3719060607424952,-0.08876080211272247,-200.01027345641882,0.06033296435509511,-1.9614120817529495,-201.88892412031663,-1.9614120817529495,-0.36418282318828554,-200.3000021068775,-0.372490068313841,-147.0118671827156,-76.96544925406216,8.646701048644786,-148.85829147781385,-428.8118735491604,6.800276753546569,-146.13308373721136,-875.640394572928,9.971755729778899,-0.5869854442459127,-200.5144974828096,-0.5806817246223488,140.43292954713624,-127.85418722059973,-14.713190078778645,141.81678177996113,-477.04246982006913,-13.329337845953763,139.41774305237757,-929.4415085476527,-15.728376573537329,-1.5097892407719342,-201.399634735613,-1.4721226970493186
26,0.26,-1.1205350136239467,698.9159830805229,-0.9768500177398981,-1.861540694147434,548.1749773999993,-1.8615406941474342,-2.4957654389288657,297.54075265521794,-3.2231230018262753,-3.5339145911648844,397.01753210801735,-3.0112084043331553,-1.9669407667780683,198.48908134553312,-1.9669407667780683,-0.4606793546385423,99.57584282197016,-0.46067935463854237,3.1035062551372654,1002.5286895898237,2.8392026905113292,-206.8743935541612,504.8232562190756,-0.5746580074106136,-359.1900805464244,394.8180496283357,-2.9585548734007405,-443.20011823492223,215.48187970191933,-9.889071017919447,-506.5798285235304,66.89176324070166,-7.552814008938984,5.871009648299475,-205.13849905659526,8.981719137794368,-0.16942973487433657,-200.13291164072763,-0.2299027287839842,-2.101328477077755,-202.06481038293106,-2.1013284770777556,-1.3934704232025985,-201.40191905966373,-1.3895811516113663,0.0067001692959649806,-199.9567817365574,0.006700169295964925,191.98760611799491,507.26253825892775,2.1225187215485066,337.80222601070443,373.8706277929549,-15.17575097903338,433.09187654158313,210.11324787349236,4.0301171837186445,498.68167116298775,33.81948760622731,0.9943517153138565,0.7784473799989284,-179.69729802350417,7.901852439266857,-0.18393958407956812,-199.90847973662648,-0.1839395840795679,0.07074660928954557,-199.88692380646046,0.11915026844107218,-1.8464763393468366,-201.80995824520014,-1.8464763393468364,-0.18128425493283226,-200.16774543739834,-0.2042635315450382,-147.51719263955295,-76.69231965926593,8.332236699071473,-148.83937539564045,-428.0145024153535,7.010053942983962,-146.03282822903716,-874.8141222655943,10.2104340927432,-0.9121654162262509,-200.87564732207954,-0.9105715863045627,140.74719142167066,-128.53482609173034,-14.573630787701855,142.38315603403373,-477.2922967486681,-12.937666175338787,139.67272050176956,-930.0025191478902,-15.64810170760299,-1.5041463863405653,-201.34994469044761,-1.3864627845942836
27,0.27,-0.8170692239632619,699.1978038394201,-0.5486303112592226,-1.928978998281667,548.0858940651017,-1.928978998281667,-2.543542431994555,297.4713306313887,-3.185433228322999,-2.983215971820663,397.30727851227914,-2.7060630544435473,-1.5615698887248703,198.67784749469047,-1.5615698887248703,-0.8048273314572436,99.21007235292193,-0.8048273314572434,2.94643509200452,1002.3764793285634,2.6743013067631507,-207.48214403727752,504.86251566184296,-0.6574998710965138,-357.59591121115943,396.36500152158675,-3.097997332852323,-442.8292335772477,214.27303327474027,-9.828865907186962,-508.1717571986802,66.99473867915714,-8.899958454061338,7.147891220107052,-203.50142135650796,9.174086892723821,0.2971489729549387,-199.68797796366192,0.27751626627362525,-2.06642877077138,-202.05155570738825,-2.06642877077138,-1.2518256334499382,-201.2556974922063,-1.2364432659103395,-0.05401146688359226,-200.03913840350043,-0.05401146688359232,191.67085095018552,507.72520014969575,2.3126911177217204,339.2862309649726,374.6383682288399,-14.600507599353266,432.30192790584215,210.8890874131377,4.486990652068624,497.86342420002865,33.10401491260811,2.0961843893166145,-0.2922903173839667,-179.46881194072625,8.170405482397939,0.3865450067872702,-199.47068562562197,0.38654500678727044,0.0008896168103420532,-199.97924498744447,0.013127978425684805,-1.58178741330967,-201.5669143499265,-1.5817874133096699,-0.14179352761868877,-200.19566396561413,-0.21053702899731078,-147.76101226283436,-76.14617938922817,8.273359676809259,-148.38433995007614,-426.76950707646995,7.6500319895674815,-145.91506337639095,-874.0295533158275,10.389985750210005,-1.12210739831449,-201.10723433493135,-1.12179355459462,141.29795390750814,-128.9664907968365,-14.192150461652727,142.63065207696252,-477.8456590717774,-12.859452292198359,140.21505907596128,-930.2598622707626,-15.275045293199579,-1.1709966232395812,-200.8686944788908,-0.8835675422739302
28,0.28,-0.5086460820436328,699.4961163763713,-0.1180697687098109,-2.046515367891614,547.9582470905234,-2.0465153678916135,-2.094122595315448,297.9106398630995,-2.5352872577865875,-2.1645894339145597,397.955069126607,-2.0494584691883873,-0.9730805090349115,199.1252859481359,-0.9730805090349117,-0.7450353713042637,99.25986227968306,-0.7450353713042637,2.6811517489788006,1002.1049561004876,2.4014451783367408,-207.7341478366946,505.1823912456223,-0.46442774713601304,-356.0348513045029,397.8876069605348,-3.288027169325293,-442.4194413276217,213.1254053687308,-9.664952912532305,-509.42854852863184,67.35579107383006,-9.919630361499788,8.258637186086789,-201.88156834947216,9.269753253857711,0.5576442739661277,-199.43759326761906,0.5526803483442714,-1.8003787389701285,-201.7956162805553,-1.8003787389701285,-0.9917984143762636,-200.99312154118445,-0.9444173867045417,0.08920248289964217,-199.90603505868555,0.08920248289964217,191.20266425967156,507.9514908773367,2.3394080062038554,341.2107383274201,375.8717906937396,-13.57744341860286,431.9501934134598,211.98271239268,5.243764004973853,497.3654046090339,32.7665659164587,3.4992771907016493,-1.2709428937592906,-179.16788309268347,8.494516019050861,1.1252452504206731,-198.81667717948312,1.1252452504206736,-0.2275625373352439,-200.21936890241184,-0.22515266104781198,-1.0813565793663555,-201.07659412095154,-1.0813565793663553,-0.21716207245585273,-200.3743392574621,-0.3791017158769357,-147.55403778765873,-75.14143354170379,8.658852461065836,-147.8093137170065,-425.3967094710515,8.403576531718098,-145.843510877167,-873.2860235734537,10.514262429315847,-1.1379384422275611,-201.13317598381272,-1.1378903127343059,141.93962782779204,-129.2328454029432,-13.71384927964844,142.45233095022706,-478.8149399957622,-13.201146157213397,140.7556569028433,-930.5045560461293,-14.897820204597146,-0.6792313271288974,-200.12519649858655,-0.12995895700133953
29,0.29,-0.40441507284936573,699.5967890652115,0.038165872409398616,-2.12362079190947,547.8775833461514,-2.12362079190947,-1.3672329907456142,298.63397114731515,-1.603371418192014,-1.2187927141210044,398.8197127269786,-1.1814914110822488,-0.5145593678751207,199.51703353933635,-0.5145593678751208,-0.46098293046792643,99.5407559045889,-0.4609829304679263,2.466744239575146,1001.8782042683615,2.1797305815466212,-207.75872881176275,505.65541071534483,-0.1171730498602046,-354.68434960764955,399.1972977843268,-3.699664171581151,-441.8577775495261,212.15088225664857,-9.284007900477917,-510.25213370721156,68.05743208894359,-10.518337683257787,8.987112755387672,-200.47313302172563,9.084398354434043,0.40187223305137953,-199.59692362888796,0.400894778141591,-1.5080481022746801,-201.506843964214,-1.50804810227468,-0.9632853461335217,-200.96361988498091,-0.8496241694490567,0.3601380730625784,-199.6386577888768,0.3601380730625784,190.432695270721,507.8165518238292,2.051709431339085,343.08742345601684,377.08099349592925,-12.59121399647378,431.87018958509725,213.15751638380507,6.074542733225758,496.7724708704227,32.37991110165847,4.774517236230713,-2.3144772041583996,-178.966559540925,8.706394838285687,1.5612337584722635,-198.42025322091223,1.5612337584722642,-0.5043302194791217,-200.501289504979,-0.5039606529809622,-0.39082355490322296,-200.38961941684255,-0.39082355490322307,-0.38149304355228464,-200.67183633135463,-0.6730404694152645,-147.12550749344894,-73.91327103505279,9.258953588092506,-147.52315686347703,-424.3109204050809,8.86130421806443,-146.05070565460846,-872.778072952138,10.394151671007275,-1.1398444979329934,-201.1386403598723,-1.1398444979329934,142.3907035081237,-129.61596809183413,-13.419730257360708,141.98264296643143,-480.08042846924843,-13.827790799052982,140.99759408869417,-931.0375624272749,-14.812839676790235,-0.3538474483053091,-199.53050691092025,0.4682889510191155
30,0.3,-0.6133120745151018,699.3869250343279,-0.22273576118127997,-2.1557909510382283,547.8444461578047,-2.1557909510382283,-0.675740567066403,299.3244965417764,-0.774177708855416,-0.26628945152630995,399.7433789036999,-0.25685820514300034,-0.4175491917511358,199.5903714012008,-0.41754919175113575,-0.3001571750016641,99.70172691653738,-0.3001571750016639,2.4279131947257038,1001.8248994668863,2.133866274686311,-207.76927124779772,506.1279404949202,0.23750785935183782,-353.60695211647777,400.2257988684264,-4.3889793049283945,-441.14218291111297,211.35192052076786,-8.68300916259186,-510.8001268116346,68.92804986245406,-10.858057896192571,9.207327353090374,-199.4289694720879,8.474374724516885,-0.1766018813963297,-200.1763647725536,-0.17675177896161265,-1.4208009360908007,-201.42056382724806,-1.4208009360908003,-1.2892720723601718,-201.28933794696502,-1.0769250385024307,0.4977759745514664,-199.5019869166058,0.4977759745514664,189.38629326973154,507.36854767388104,1.4743512765078837,344.40614020147785,377.7552933634528,-12.148312710834297,431.85634882450825,214.1325500448133,6.705143702267375,495.80072092248906,31.64872911310617,5.6239700148759635,-3.523558843759115,-178.9795838838084,8.694761170549558,1.398494475946093,-198.5968920443422,1.3984944759460936,-0.7094686098667762,-200.7084659020602,-0.7094686098667764,0.3293075725561914,-199.67045531860109,0.3293075725561912,-0.6261442706511098,-201.01623715141253,-1.016474260255235,-146.8850004981694,-72.8762643928423,9.663544989964738,-147.6642745065863,-423.65553840125915,8.884270981547836,-146.68751952825733,-872.6591756332723,9.880633749534741,-1.3049055556787532,-201.304668446836,-1.304905555678753,142.48623443786872,-130.3092720971287,-13.474217210186637,141.56298714901476,-481.3257055066633,-14.397464499040606,140.86725274003516,-931.9354559096131,-15.093198908020193,-0.3452236453159663,-199.37999216139164,0.6197707297656707
31,0.31,-1.0280533707849113,698.9719829910341,-0.7596144580808721,-2.0931631596605396,547.9068732021583,-2.093163159660539,-0.14710409157177265,299.8529322702471,-0.1790619525332792,0.6327456948349235,400.63463917917846,0.6346028173595246,-0.5176407677597208,199.48390856178648,-0.5176407677597205,-0.40402274411085415,99.59996452380744,-0.40402274411085404,2.505623171331891,1001.8878450681211,2.204824802328136,-207.88417143379024,506.57129780870986,0.5812538764891526,-352.69000161572194,401.084948025636,-5.236818268639697,-440.25030790618734,210.75342638407545,-7.838731349170018,-511.2314405133885,69.79748849820687,-11.101801276727574,9.136131385221422,-198.58216655764795,7.613998601572035,-0.9495141703090941,-200.94947780849037,-0.9495141703090941,-1.4653862947310845,-201.46534993291232,-1.4653862947310843,-1.7016863936216278,-201.70169649581945,-1.3927232824389737,0.34688158050025863,-199.653082057681,0.3468815805002586,188.30324720394847,506.85808171979096,0.8465456421665709,345.0532472879943,377.78265164013317,-12.358759197360344,431.8576228720816,214.86270790728315,7.0929043441485815,494.53150436705795,30.6449603601937,6.115148236513019,-4.775590087939067,-179.096228803913,8.571896223149782,0.8078813088196815,-199.19122057084246,0.8078813088196817,-0.7406904319868857,-200.74040551657555,-0.7406904319868859,0.9044241045366522,-199.0955395336446,0.9044241045366517,-0.9075898666616852,-201.26860779267724,-1.2686441544959792,-146.99791087032656,-72.19872705480891,9.706679685055999,-148.0069470302296,-423.207763214712,8.697643525152932,-147.58920752114108,-872.7850660800118,9.120340659853223,-1.5622816720542057,-201.56224531023543,-1.5622816720542052,142.36177201135988,-131.2004374172751,-13.741221806015142,141.50408666952515,-482.2658058473121,-14.598907147849875,140.6243447515919,-932.9392828575039,-15.478649065783125,-0.5067894900454973,-199.6173107305804,0.38265290760084725
32,0.32,-1.39530027826544,698.6046997217347,-1.2516152823813915,-1.802551981749731,548.1974480182505,-1.802551981749731,0.2792749462872204,300.2792749462874,0.271194733638929,1.4235459753436543,401.423830774307,1.4238307743068415,-0.39423549861112006,199.60599652250468,-0.3942354986111196,-0.5980140337033921,99.40936723064519,-0.598014033703392,2.5217105440650163,1001.8894929396467,2.2144503829315907,-208.0743317903076,507.0462436305937,0.9927450412795216,-351.7133477644995,401.99638822512406,-6.016535667079916,-439.1599077031499,210.38133468600802,-6.72824430657233,-511.5053331503067,70.69716387488246,-11.212608580622621,9.206858101179986,-197.53146847426007,6.9110201023023246,-1.576102057377804,-201.57610205737774,-1.576102057377804,-1.3361923859028726,-201.33619238590282,-1.3361923859028724,-1.8257983699312164,-201.8257983699312,-1.4756972984398786,-0.014886708763851952,-200.0148867087638,-0.014886708763852063,187.47354438714495,506.57824018868695,0.45772030871711056,345.3479644038111,377.48510230122906,-12.899758044165132,431.8961726583236,215.54192862298413,7.432378180282279,493.3140065160398,29.709654747114488,6.583801009763761,-5.846533103823951,-179.10294525729915,8.551910007972596,0.2352139190103273,-199.76465392604052,0.23521391901032762,-0.5926331042602005,-200.59257026007026,-0.5926331042602005,1.2439664158412957,-198.75603358415867,1.2439664158412955,-1.1427095591761616,-201.30954846903842,-1.3095484690384447,-147.2723928804988,-71.69056920971641,9.579638492109199,-148.23780584299675,-422.6559821722144,8.614225529611273,-148.3503134749156,-872.7675135897689,8.502694112056654,-1.6802443191747778,-201.68024431917473,-1.6802443191747776,142.32447125116346,-131.99269972576437,-13.913039799177712,141.8209293275472,-482.881812714446,-14.416581722793993,140.6761876893586,-933.6412007725869,-15.561323360982549,-0.5847819902926563,-199.94008598031093,0.0599140196890483
33,0.33,-1.5137374192077728,698.4862625807925,-1.45384060162605,-1.2144549629655064,548.7855450370347,-1.2144549629655064,0.6257618580931434,300.6257618580933,0.6241707698845623,1.988333480346502,401.9883334803467,1.988333480346502,0.1514868921931714,200.15148689219325,0.1514868921931718,-0.6546496055741545,99.35609007068199,-0.6546496055741545,2.38291616066914,1001.7367253320815,2.069491560015865,-208.24260226654917,507.5799070540877,1.5188674517086491,-350.49963326621213,403.13966601938375,-6.544305277556562,-437.962144521636,210.14847851131208,-5.442284647543444,-511.5176167129743,71.72317690941262,-11.089713193689548,9.65800307219893,-196.04074670898652,6.607876576500038,-1.832794885548773,-201.8327948855487,-1.832794885548773,-0.9049594475875443,-200.90495944758752,-0.9049594475875442,-1.5798670807510615,-201.58001269405503,-1.270903969568408,-0.39537998754641634,-200.3953799875464,-0.39537998754641657,187.01973006785317,506.65169435946166,0.4298790387589084,345.69835835810375,377.27397355200344,-13.359727325121252,431.89854683843953,216.36471405089912,7.918220592222754,492.44038697511945,29.12744114683766,7.309159477440725,-6.689123700715607,-178.9622380055502,8.672615403222892,-0.03665846663176309,-200.03688497687799,-0.03688497687800929,-0.3944002372241876,-200.39438786246944,-0.3944002372241876,1.378933933126801,-198.62106606687314,1.3789339331268007,-1.2572736789353098,-201.15108657205937,-1.1510865720593877,-147.41777520076192,-71.06245862189675,9.572517952275096,-148.26461904900665,-421.9093024701415,8.725674104030384,-148.64130875478313,-872.2858424685965,8.349134105575367,-1.5279169948476032,-201.52791699484757,-1.5279169948476032,142.58935590168858,-132.47392767767346,-13.774088050041897,142.22721996496037,-483.3964011072912,-14.1362239867701,141.222587587945,-933.8403473337446,-15.140856363785474,-0.47140390292210976,-200.10337317915696,-0.10337317915697253
34,0.34,-1.3787193912096993,698.6212806087905,-1.3592737415948801,-0.414624782798964,549.5853752172012,-0.414624782798964,0.7498781696816955,300.7498781696818,0.7496341684022214,2.201651037318582,402.2016510373187,2.2016510373185825,0.8504255395260465,200.8504255395261,0.8504255395260466,-0.533866837623112,99.47830280991293,-0.5338668376231122,2.164328355981609,1001.5046800990826,1.8450442121137465,-208.3200552279424,508.14399476936677,2.128845333598864,-349.0265347156346,404.5394715523299,-6.791384917579647,-436.86975447257527,209.8460270909879,-4.193425854381423,-511.33592543496945,72.80072736910529,-10.803767919808667,10.317404561293941,-194.27086667186586,6.5501825553812845,-1.7289776921588693,-201.72897769215882,-1.7289776921588695,-0.39905487994727584,-200.39905487994722,-0.3990548799472756,-1.214218308220802,-201.21516782623786,-1.0018712743630611,-0.6393571513274874,-200.6393571513275,-0.6393571513274876,186.84483136651787,506.98104424566895,0.6653488562672002,346.29900004407557,377.347147205155,-13.54065617220236,431.7197237367463,217.3192911402909,8.538864014195836,491.8967027416967,28.87714654389323,8.264963306451225,-7.472505020681156,-178.85259527554302,8.755979269888702,-0.0760657451867397,-200.0775427775314,-0.07754277753141348,-0.3121078304708529,-200.3121059327407,-0.3121078304708529,1.425602915377431,-198.5743970846226,1.4256029153774308,-1.2007665500305365,-200.89366865797416,-0.8936686579742126,-147.32884152397378,-70.21048053976443,9.789951979000595,-148.23298955842233,-421.11462857421304,8.885803944552032,-148.4533849943211,-871.3350240101119,8.665408508653236,-1.1503623556020937,-201.15036235560206,-1.1503623556020934,143.16928546519816,-132.63205253883027,-13.31093975004046,142.43562649039893,-483.9987786241776,-14.044598724839693,142.0852766421532,-933.7137878282581,-14.39494857308544,-0.27343466396125793,-200.10771148910203,-0.10773248158375792
35,0.35,-1.1726364827053974,698.8273635172948,-1.167719852516626,0.4357944403480485,550.4356013566746,0.4357944403480485,0.464203773873325,300.4642037738734,0.464203773873325,2.037722745660136,402.0377227456603,2.037722745660136,1.2265003470718023,201.22650034707186,1.2265003470718026,-0.33999128432093007,99.67074839193518,-0.3399912843209303,2.014344732367562,1001.3417677715611,1.6895133292049964,-208.3201230411406,508.70911679324297,2.7446486735750937,-347.44517733149314,406.04707385123515,-6.902555029933536,-436.0995191389176,209.2609466972998,-3.1985521062530333,-511.2196358937284,73.66419665312989,-10.61672774937976,10.787361724590317,-192.6105989973676,6.355846539815344,-1.434823966698172,-201.43482396669813,-1.4348239666981717,-0.14500173828222263,-200.1450017382822,-0.14500173828222246,-1.006256938769055,-201.01107898914324,-0.8925957620845901,-0.6827903487450491,-200.68279034874502,-0.6827903487450493,186.76586169511154,507.3826738232666,0.980015406534369,347.1344020629495,377.6924256422232,-13.454681472754501,431.2692564552438,218.17709195110112,9.065942811243476,491.4136390889538,28.68254727726362,9.170290450553775,-8.376214165240018,-178.9624464243381,8.614216868701668,-0.11879938263304829,-200.12630037181071,-0.12630037181077053,-0.41804917759687277,-200.41804917759686,-0.418049177596873,1.4750918220605398,-198.52490817793944,1.4750918220605398,-0.9419277353467195,-200.59305658691562,-0.5930565869156647,-147.1595145687303,-69.28987377587532,10.07743026094585,-148.3475404876297,-420.4778996947748,8.889404342046438,-148.08603345443117,-870.2163926615763,9.150911375244958,-0.650945956940455,-200.65094595694043,-0.6509459569404548,143.91974328812248,-132.6162895395227,-12.667538735228527,142.4420856587402,-484.64308736306384,-14.145196364610818,142.88506055174278,-933.6394263194993,-13.702221471608226,-0.1845986268590878,-200.12554532009614,-0.12568220827213716
36,0.36,-1.1339098943449646,698.8660901056551,-1.132941752458134,1.185918754596293,551.1846596908861,1.185918754596293,-0.2696057744170386,299.730394225583,-0.2696057744170385,1.5733287853921607,401.5733287853923,1.5733287853921607,1.0351504335960438,201.03515043359607,1.0351504335960442,-0.20117500675370126,99.80620625759482,-0.20117500675370126,2.0480927096538,1001.3631284635543,1.7180335587163182,-208.3621113233039,509.2272939521863,3.2428689297986724,-346.00207129480225,407.4183346388236,-7.118078616492393,-435.76311040751267,208.28510808974397,-2.569704327213495,-511.4578834370035,74.01913544756863,-10.819844617451386,10.749288752706335,-191.37624918711822,5.71544906214258,-1.180009731035037,-201.18000973103506,-1.1800097310350373,-0.27040436703825477,-200.27040436703822,-0.27040436703825477,-1.0304897705027884,-201.04982808109517,-0.9831087428310669,-0.5590561356970897,-200.55905613569712,-0.5590561356970896,186.64119923143886,507.71436042717437,1.2288377127069705,348.12686182287734,378.2353232633599,-13.17625881884226,430.53339710140244,218.65167362568633,9.213270483648012,490.73159591228307,28.277491383652688,9.754737043604102,-9.467072863735659,-179.3670074414053,8.172977740199618,-0.2973319164400783,-200.32699890413573,-0.3269989041357674,-0.6824530587847547,-200.68245305878474,-0.6824530587847552,1.4825009667629414,-198.51749903323707,1.4825009667629414,-0.5040125497701381,-200.2389602898255,-0.238960289825487,-147.1763463892728,-68.56855386316983,10.16781048881968,-148.7621157353242,-420.1543232092213,8.582041142768269,-147.92422028164884,-869.316427755546,9.41993659644358,-0.16006111557836944,-200.16006111557834,-0.16006111557836944,144.5896362505485,-132.69389292676934,-12.094402325669002,142.46922290161433,-485.1539947123373,-14.214815674603173,143.35058411619363,-933.8872799177102,-13.333454460023859,-0.3069897996093922,-200.28973574149734,-0.29043091701623047
37,0.37,-1.3720994250129315,698.627900574987,-1.3719509556459755,1.693308870348405,551.6869148172332,1.693308870348405,-1.2640607799944965,298.73593922000555,-1.2640607799944963,0.9216889937104085,400.9216889937105,0.9216889937104087,0.4346408129074856,200.4346408129075,0.434640812907486,-0.25773508612091145,99.7462158199786,-0.2577350861209112,2.3069269883421697,1001.6101293296497,1.9719666648698055,-208.62814066871093,509.5791522233383,3.46633514827665,-344.8892901044064,408.46351662214425,-7.623902843789701,-435.82200804342335,206.9603584827143,-2.268997936296803,-512.2041854975705,73.70766784712924,-11.568279880733288,10.10527861995847,-190.6679689837406,4.535901347271988,-1.1715673062233374,-201.17156730622332,-1.1715673062233374,-0.6793072740282631,-200.67930727402825,-0.6793072740282631,-1.2068756987535636,-201.26735960553236,-1.1914933312139648,-0.3798824153186351,-200.37988241531863,-0.37988241531863487,186.3946958910839,507.89938448936795,1.3263031003809995,349.221336802555,378.9239266038657,-12.75730096086577,429.5560846362056,218.61060844484018,8.848713124091338,489.8244014769251,27.629680733511783,9.982218585367109,-10.726393018820763,-180.0554084301662,7.44421151370739,-0.5337963062738428,-200.62517706163072,-0.6251770616307493,-1.0423248395600297,-201.04232483956002,-1.04232483956003,1.2986743315317075,-198.70132566846831,1.2986743315317077,-0.002582019263133617,-199.8543187769204,0.1456812230796174,-147.50989815089517,-68.17848903630178,9.929941234973265,-149.54004432019872,-420.20863520560533,7.899795065669718,-148.15795315857852,-868.8265440439852,9.281886227289892,0.10160392177445515,-199.89839607822552,0.10160392177445521,144.90142745435818,-133.17704488700235,-11.8684912845655,142.67262305272988,-485.4714556522197,-14.097295686193824,143.46604403442535,-934.471769762783,-13.303874704498366,-0.5706538783304674,-200.56422342795486,-0.5669729004679278
38,0.38,-1.7378711153637139,698.2621288846364,-1.7378711153637139,1.8458319562315888,551.8205429855902,1.845831956231589,-2.178688868420082,297.82131113157993,-2.178688868420082,0.2052061647989778,400.2052061647991,0.2052061647989778,-0.19335460519936232,199.80664539480063,-0.19335460519936226,-0.6082968731169084,99.39335010957934,-0.6082968731169084,2.7342058029676575,1002.0261408126469,2.3946777782467414,-209.23048397849618,509.6363347844911,3.3246967451161744,-344.1389284529945,409.1528124535086,-8.445961311225247,-436.08638388879115,205.479627825322,-2.107506175948002,-513.3726865006238,72.81216899993201,-12.777441004843975,8.971736067899098,-190.3738710363201,2.936299521547295,-1.4554287121009233,-201.45542871210097,-1.4554287121009235,-1.1845302554378614,-201.18453025543783,-1.1845302554378616,-1.4411615849082082,-201.59091548433213,-1.437272313316976,-0.26945504351864913,-200.26945504351866,-0.26945504351864913,186.01988569851284,507.9307386391684,1.2471767273776575,350.4042112884699,379.7476461290555,-12.208424399567381,428.50197959410605,218.2078059225111,8.126512009786012,488.90571565761036,26.947138055704624,10.057453782323082,-12.065308211845219,-180.9459512155658,6.510901903054972,-0.6488495949249697,-200.86806063129467,-0.8680606312947043,-1.4200494604031362,-201.42004946040316,-1.4200494604031366,0.8398676972076673,-199.16013230279233,0.8398676972076675,0.37453137811588244,-199.56240484648265,0.4375951535173461,-148.04290772779436,-68.00386377024552,9.480497117459901,-150.55969618443436,-420.52065222688555,6.963708660819897,-148.6647568491648,-868.6257128916159,8.858647996089452,-0.08121924013293214,-200.08121924013295,-0.08121924013293214,144.7208893899553,-134.23982409234202,-12.123836604794674,142.99840027578784,-485.71049770714933,-13.84594852002458,143.39744937890276,-935.2254645980046,-13.446899416909638,-0.8201312338021636,-200.81101499604154,-0.8194114213860382
39,0.39,-1.8923923357903636,698.1076076642097,-1.8923923357903636,1.652250777434769,551.5743552639733,1.652250777434769,-2.71275512422432,297.2872448757757,-2.71275512422432,-0.46052748007534844,399.53947251992474,-0.4605274800753483,-0.5451768269151422,199.45482317308483,-0.5451768269151422,-1.1407431245116793,98.85979157248441,-1.1407431245116793,3.182906889896655,1002.4641526057546,2.8391513598638953,-210.07900841193802,509.42369533367815,2.918445852303897,-343.66113383165,409.5783002149378,-9.48795660227212,-436.3065121715742,204.095509938583,-1.836668502379498,-514.6342516245993,71.65897678218579,-14.119281876239345,7.596277752726021,-190.25196310031484,1.165958280736211,-1.8377885282886384,-201.83778852828868,-1.8378885698976015,-1.6076811280101535,-201.60768112801014,-1.6076811280101537,-1.6646661288308215,-201.96287607794883,-1.6639002858464678,-0.31384157712446636,-200.31384157712446,-0.31384157712446636,185.61470971024656,507.90585331768045,1.0681759087941987,351.6935641664351,380.72746935202645,-11.508694480106922,427.6776726170575,217.81880711845727,7.422578195580393,488.2209194841304,26.470155074599226,10.217927183635434,-13.342666146712379,-181.90393272375167,5.509233296440723,-0.5723363320875836,-200.98187646460985,-0.9818764646098684,-1.7135983435822184,-201.71359834358222,-1.7135983435822189,0.19077690814071302,-199.8092230918593,0.19077690814071313,0.4422667992912964,-199.53706639921643,0.4629336007835778,-148.5762449904011,-67.84702975778703,9.01802636948332,-151.48333266694485,-420.75421110394166,6.110845023328698,-149.18437753127543,-868.4551622986614,8.409893828609002,-0.67933495665282,-200.6793349566528,-0.6793349566528202,144.16914367982633,-135.755410490525,-12.74007626603668,143.3140572530335,-486.00556433100735,-13.592703046785402,143.3374747253394,-935.9547022818016,-13.569285574479501,-0.97830199752831,-200.9579286073889,-0.9777715532787397
40,0.4,-1.5690207490353758,698.4309792509647,-1.5690207490353762,1.2754878833701417,551.0886262606165,1.2754878833701417,-2.8126600110511344,297.18733998894885,-2.8126600110511344,-1.0043165263459188,398.99568347365414,-1.0039292413402636,-0.5522647473202689,199.4477352526797,-0.5522647473202689,-1.5145628996101212,98.48557229296229,-1.5145628996101212,3.4957980860161952,1002.766944245775,3.148161796214735,-210.892784813125,509.1763613074091,2.5315585193700487,-343.3379615574461,409.86007579001705,-10.623361518435019,-436.37182767229285,202.92119678840078,-1.3473457883800664,-515.5530125038287,70.68165509900884,-15.159049075943004,6.226262547734488,-190.06141932060396,-0.5268933712139725,-2.0397712073646432,-202.03977120736465,-2.040423560601198,-1.8351381426276072,-201.8351381426276,-1.8352423750691553,-1.8051142048000295,-202.29578423994155,-1.8049967589745555,-0.5605849253918087,-200.56058492539182,-0.5605849253918087,185.3788322875534,508.023913702919,0.9914010783239284,353.0833107734809,381.86008834353356,-10.66149592798922,427.36452046064403,217.78596264766315,7.07967058339712,487.81889916982476,26.243129394682967,10.505738175851679,-14.44137040863806,-182.81792313726416,4.552301000978906,-0.41554157736020675,-201.01141895412172,-1.0114189541217318,-1.8310548892210723,-201.8310548892211,-1.8310548892210727,-0.4649939190797981,-200.4649939190798,-0.46499391907979803,0.13066707954366857,-199.8640638500131,0.13593614998690623,-149.06175824657058,-67.66134780592816,8.590107337175871,-151.95945518381882,-420.5596555457662,5.691799597337896,-149.575127585539,-868.1747171448967,8.076737998207417,-1.3565817234410413,-201.35658172344105,-1.3565817234410416,143.52100054008503,-137.35140225751653,-13.44808357735365,143.58503094076642,-486.3647298164101,-13.37156206337708,143.419786684415,-936.5259830961401,-13.536806319728518,-1.1034664723873466,-201.06551117510824,-1.101064071660434
41,0.41,-0.7888747519249922,699.2111252480751,-0.7888747519249928,0.9313851231547821,550.5822816518462,0.931385123154782,-2.684748828231978,297.31525117176807,-2.684748828231979,-1.3936973684677727,398.60630263153223,-1.3911719529978803,-0.3084848712465789,199.6915151287534,-0.30848487124657903,-1.42839514609725,98.57163147489867,-1.4283951460972504,3.5992637837406036,1002.8609115627062,3.2480998507036167,-211.4004578699704,509.1631862751809,2.4356150012560565,-343.04788331865774,410.1217320856331,-11.716272171926793,-436.4093055403251,201.8320921253106,-0.7681961366501581,-515.8050983568472,70.20269718505091,-15.573585687290674,5.022216005930051,-189.64900628825416,-1.9815718375834517,-1.9580979805173766,-201.95809798051744,-1.9614109036128617,-1.839384275693757,-201.83938427569376,-1.840063956591563,-1.808864053441266,-202.5010672737699,-1.8088640534412663,-1.0142770803854062,-201.01427708038543,-1.0142770803854064,185.4918696562958,508.4640888823973,1.24815990004406,354.47512372527694,383.04989862793,-9.76262385927063,427.62522148778066,218.2016827225657,7.190535101317003,487.5371996977962,26.099764718746616,10.752810863334195,-15.312283412444739,-183.64361128119276,3.6862527604926214,-0.32786339876965,-201.00308092646452,-1.0030809264644907,-1.7255370708137656,-201.72553707081377,-1.7255370708137665,-0.95671197697292,-200.95671197697294,-0.9567119769729202,-0.43592150927949186,-200.43488396779173,-0.43488396779174526,-149.60276476143727,-67.5516735926808,8.092860967634197,-151.89326660640592,-419.845277349149,5.799257211166058,-149.8518421219814,-867.8007509532249,7.843783607090071,-1.7043916069800378,-201.70439160698007,-1.7043916069800378,143.01533547182788,-138.64778843983223,-14.027365702606708,143.8967713698229,-486.6790051588805,-13.096526493174578,143.7222153196436,-936.8677470218063,-13.271082543353867,-1.2858418984393587,-201.230617266759,-1.2763402192452198
42,0.42,0.1717960293302109,700.1717960293303,0.17179602933021054,0.7596283741222252,550.2516858205547,0.759628374122225,-2.5548269428031483,297.4451730571969,-2.5548269428031487,-1.5782529219208183,398.4217470780792,-1.5654278039217273,0.08411416433207401,200.084114164332,0.08411416433207386,-0.8760490888047601,99.12395499365714,-0.8760490888047603,3.5219660323807034,1002.7747277758076,3.167633761519662,-211.56747959756603,509.4378343721324,2.6648573477649062,-342.65999573563363,410.49613866101186,-12.612156729132069,-436.5867182760229,200.66254899308552,-0.2689268305961919,-515.3437101858494,70.26977204170498,-15.31481698964819,4.070008860728143,-188.93685628272922,-3.112746340098763,-1.7165947585873949,-201.71659475858746,-1.7296976236071744,-1.641542760933062,-201.64154276093308,-1.6449944653436852,-1.7189895854785198,-202.58431417893223,-1.71898958547852,-1.6114586233862453,-201.61145862338628,-1.6114586233862456,185.92896405869212,509.2011065771282,1.893902083313566,355.70289744120373,384.13359015541204,-8.97583049248731,428.3327181630499,218.94895125182325,7.638250059778796,487.19773742749965,25.858823431014013,10.776653819534403,-15.944725468079687,-184.3742526974671,2.919826173032496,-0.34819443638638037,-200.94407181314796,-0.9440718131479057,-1.3927018570051128,-201.39270185700514,-1.392701857005113,-1.1567572163577553,-201.1567572163578,-1.1567572163577555,-0.9920516592235982,-200.99189254708318,-0.9918925470831448,-150.270511251847,-67.59081319779114,7.454493377503921,-151.46964311466672,-418.8020839333173,6.243093216716055,-150.05903085575886,-867.3793328017032,7.665973773592052,-1.5402323220740506,-201.5402323220741,-1.5402323220740506,142.80515899175543,-139.44944438558156,-14.363354008154241,144.35777692475764,-486.82765774919403,-12.658563162871182,144.259615004166,-936.987209288136,-12.75672508346284,-1.5243537787359536,-201.46177607277616,-1.4950865463891527
43,0.43,0.9814346388921015,700.9814346388921,0.9814346388921011,0.7781513945948105,550.202577075773,0.7781513945948103,-2.450812492161151,297.54918750783895,-2.4508124921611514,-1.4886102611487086,398.5113897388513,-1.4378859354817928,0.5652273156825287,200.56522731568245,0.5652273156825285,-0.11654354062978561,99.88345645937014,-0.11654354062978561,3.3483678245673447,1002.5928667748251,2.991232524643645,-211.59914741739925,509.8116149143776,3.01348339945393,-342.09528212405206,411.06416863096547,-13.206126837406295,-436.84854218594523,199.469958813091,0.2038052553567773,-514.406527983037,70.64945571739149,-14.615606865698512,3.3912676833137096,-187.91200151592056,-3.9000076687514578,-1.4764400639514945,-201.47644006395154,-1.5167997295545168,-1.271212816850312,-201.27121281685035,-1.2848645726191694,-1.6952768917940892,-202.66023853346707,-1.6952768917940892,-2.2112607393354793,-202.2112607393355,-2.2112607393354793,186.42721532732725,509.9716852466174,2.7058713523733706,356.6453168704008,384.9936702686987,-8.420267010711392,429.3296338315975,219.8730283409496,8.266764430303336,486.76432601248985,25.48163285067546,10.537870981332539,-16.337489717299736,-185.011640634618,2.25336187357102,-0.41540417775454497,-200.82494431027686,-0.82494431027683,-0.8931070420069531,-200.89310704200702,-0.8931070420069533,-0.997943973247529,-200.99794397324757,-0.9979439732475293,-1.3088242722089072,-201.30903658041314,-1.3088242722089072,-151.0119982740315,-67.72734234457761,6.727474569179149,-150.96081457924058,-417.7131037091745,6.740869245861067,-150.24700396182402,-866.9623480323701,7.492468881386657,-1.0141220834320148,-201.01412208343203,-1.0141220834320148,143.0049150590699,-139.76417047055833,-14.385331023974809,144.99124443492252,-486.7824093950469,-12.033957808440732,144.92752733844966,-937.0358763242982,-12.097674904913585,-1.7246892428780238,-201.66946461119767,-1.6544808022784878
44,0.44,1.4218423864503125,701.4217953219681,1.421795321968154,0.9062964217173684,550.3983538681499,0.9062964217173682,-2.2601171468477146,297.7398828531524,-2.2601171468477146,-1.1164081399910155,398.88359186000895,-0.9601662174217755,1.0785256388903277,201.07852563889026,1.0785256388903273,0.5314960386264882,100.5314960386264,0.5314960386264881,3.1688748459666245,1002.405744864611,2.80930764022676,-211.69998213839065,510.08781452867925,3.2764873736438584,-341.39434103817973,411.7869593173132,-13.536954488313285,-436.9610352854907,198.48967008005414,0.8813227928241384,-513.3516076254899,70.98719870468601,-13.826925890022888,2.9038220631700433,-186.6658654604846,-4.4273941765342375,-1.2830909742554544,-201.28309097425551,-1.3799087789433182,-0.7820681854060814,-200.78206818540613,-0.8241185535426282,-1.8851015679626353,-202.82113763528838,-1.8851015679626355,-2.62608002937678,-202.6260800293768,-2.6260800293767805,186.6843689572641,510.47322264999696,3.3410408198909884,357.31100104841914,385.6454908631817,-8.085349898221294,430.46532534181904,220.82475775195203,8.921923480631476,486.2921252574465,25.021479691062517,10.089558201641935,-16.489734151070138,-185.5569615756034,1.6879309606421558,-0.4668132824034348,-200.68602431877318,-0.6860243187731699,-0.395116894991714,-200.39511689499176,-0.3951168949917142,-0.5477683352167306,-200.54776833521677,-0.5477683352167306,-1.3451857709625639,-201.34657019435994,-1.3451857709625643,-151.72111405511154,-67.85673492280029,6.017407729355365,-150.59168522578912,-416.8136712593664,7.056185416752783,-150.54302217406536,-866.6786430417542,7.195499610401555,-0.48903874297921923,-200.48903874297923,-0.48903874297921923,143.64571500165204,-139.71181815217102,-14.055664049105596,145.69110180452785,-486.6470173650723,-11.328285568459325,145.52408207257722,-937.2692232829093,-11.49530530040997,-1.797929026420048,-201.75997372914097,-1.6667623910923446
45,0.45,1.454390479012151,701.454083580037,1.454083580037006,1.0086625917785872,550.6595591204699,1.008662591778587,-1.9330134813991184,298.06698651860097,-1.9330134813991193,-0.5642970856887094,399.4357029143113,-0.18949219775543935,1.5485804700016086,201.54858047000153,1.5485804700016081,0.8650242732154119,100.86502427321531,0.8650242732154116,3.0478823395945835,1002.2777676244533,2.6862599736505444,-211.882724765821,510.25594129228443,3.4406637034817233,-340.6455143528816,412.577773939046,-13.740965236846373,-436.80522713601516,197.84199618785277,1.8799461739775887,-512.444382435334,71.01049796326635,-13.209062001831613,2.423939886918985,-185.39196019451893,-4.88112377333147,-1.10785822732837,-201.1078582273284,-1.2887376995439332,-0.2752853076606444,-200.27528530766068,-0.37615889688562765,-2.2376401491624445,-202.9980713605978,-2.2376401491624445,-2.6943909205393686,-202.6941558162971,-2.694155816297078,186.56510700371388,510.5701700483087,3.5832402503176692,357.8363501146009,386.23687834894326,-7.832923078342802,431.54457291484545,221.61015756478452,9.39889923839065,485.7979363195089,24.493370253793685,9.447062982863331,-16.38482846842085,-185.99461341342345,1.2414986665441834,-0.5106955821751618,-200.60207633753208,-0.6020763375320688,-0.10313728573937242,-200.1031372857394,-0.10313728573937264,-0.03921819748954691,-200.0392181974896,-0.03921819748954691,-1.2303235116218005,-201.23735419375856,-1.2303235116218003,-152.3128555646706,-67.89557860887884,5.408811298671714,-150.51459431854445,-416.249724628134,7.0377139153598,-151.08386716411496,-866.6665902083232,6.637799699227346,-0.29930543102345997,-200.29930543102347,-0.29930543102345986,144.57686839072431,-139.43294759987464,-13.413845776726967,146.2873627509668,-486.5896847745423,-10.711059380487427,145.90220206753733,-937.8252452096328,-11.096220063916883,-1.7371227197454577,-201.7170790742834,-1.5465487526386985
46,0.46,1.2078835723284258,701.2063250107306,1.2063250107305592,0.9626933989372434,550.7758317761836,0.9626933989372434,-1.5425495053428016,298.4574504946573,-1.5425495053428018,-0.009895393452254736,399.99010460654773,0.6903323232549144,1.880225735791771,201.88022573579178,1.8802257357917709,0.8895593966552733,100.88955939665516,0.8895593966552733,3.003068429200909,1002.2266232265821,2.6397730757389404,-212.0338199555772,510.42966505352234,3.6191242045326124,-339.84102230162307,413.4458569708348,-13.887426846345855,-436.5323549696163,197.37677803357147,3.045566343578191,-511.7525225961025,70.62620973546724,-12.82898775938399,1.7688425029364152,-184.2832985360654,-5.4470405139891245,-0.9527274488619827,-200.952727448862,-1.215905528016299,0.12766802248028958,-199.87233197751974,-0.06078865280096338,-2.4980638711728025,-202.99939713577618,-2.498063871172803,-2.367498880085834,-202.36596580784743,-2.3659658078474344,186.11922590958892,510.3123364476039,3.430240312009663,358.4099014651925,386.9688737175093,-7.472910136893352,432.3973194978664,222.06074904293433,9.51685502700829,485.2745570159687,23.887311906876505,8.601262946751074,-15.987266931810183,-186.28909771132663,0.9520129509693384,-0.6283822315241399,-200.65804921921983,-0.6580492192198294,-0.07413433970277217,-200.07453187442263,-0.07413433970277222,0.2675498748820442,-199.73245012511796,0.26754987488204407,-1.1019750144797862,-201.12978190174516,-1.1019750144797857,-152.71614063519567,-67.77438141299204,4.972309988346423,-150.77149727275628,-416.02393952519685,6.6705379989619695,-151.83952032129994,-866.8977610990964,5.848930302242136,-0.5427521673633879,-200.54268860925248,-0.5426886092524402,145.5023198954864,-139.0554407111117,-12.58395420671234,146.6865961019914,-486.7022727149747,-10.275263814626774,146.0823008398341,-938.5438923147924,-10.879559076784094,-1.5861344971204752,-201.5794415435464,-1.3716532934358292
47,0.47,0.9077238495947858,700.9015596188979,0.9015596188978253,0.750806199078882,550.6729106856175,0.750806199078882,-1.1698468131155306,298.8301531868845,-1.169846813115531,0.3857196095305804,400.3857196095306,1.404544925617218,1.9862181818885043,201.98621818188852,1.986218181888504,0.7954362147645576,100.79543621476444,0.7954362147645576,2.9975548251501545,1002.2154431372868,2.6329738855524147,-212.08716396664784,510.67481635346024,3.877550715112672,-338.8876912912165,414.48569739330264,-13.920102380860339,-436.43063847630697,196.80660902227362,4.086879883206809,-511.17506041804995,69.90454174106523,-12.587034737574244,0.8806499917948657,-183.40837135722876,-6.1866259921931945,-0.869883115306291,-200.86988311530632,-1.1681029485811032,0.3541877601391885,-199.64581223986082,0.07998491557747545,-2.4243484776247315,-202.68730660665233,-2.4243484776247315,-1.7550933083930416,-201.74730772515215,-1.7473077251521802,185.50750410585397,509.8616275108258,3.0411312721295998,359.1456450615126,387.955489713455,-6.890006574273019,433.0343113049412,222.1891901346368,9.29087602177746,484.8346092390051,23.311116751664294,7.661363965438596,-15.272305567029473,-186.41464460759335,0.8477595813648662,-0.8793674545481804,-200.88686844372592,-0.8868684437259031,-0.1498599387543463,-200.15245219075638,-0.14985993875434633,0.2884860212318763,-199.71151397876815,0.28848602123187606,-0.9880971144266917,-201.0737483570976,-0.9882410589691892,-152.8524461638803,-67.41620420687198,4.785999695799468,-151.2638493950455,-415.9815780327998,6.095371289903134,-152.59791450425388,-867.1615433855559,5.04053135542588,-1.0457916024976872,-201.04537715155254,-1.0453771515525672,146.1680060535003,-138.70181969767444,-11.733569962981054,146.94472036503257,-486.9274532597086,-9.964563615451723,146.20790892981233,-939.066181810631,-10.701375050671984,-1.32756058100522,-201.33383047204418,-1.1457223457963708
48,0.48,0.7692066216629503,700.7502194544095,0.7502194544095546,0.4904387467394517,550.4651497760981,0.4904387467394517,-0.8296099452009479,299.1703900547991,-0.8296099452009478,0.5605234150839369,400.560523415084,1.7150037459528304,1.8696090408815098,201.86960904088158,1.8696090408815096,0.7705914258127312,100.7705914258126,0.7705914258127312,2.963238102599899,1002.1761333904414,2.5977640055649442,-212.08791883489334,510.94582549693615,4.170381486520048,-337.7933223517747,415.6906520179104,-13.802636782579022,-436.6906555969409,195.94146012206974,4.810023969997606,-510.54076861485237,69.02493317632636,-12.311119128172438,-0.14419076770389583,-182.68163804155665,-7.007523326910963,-0.8969975344846912,-200.89699753448474,-1.1601756136390071,0.43838770259347815,-199.5616122974065,0.12767517345184987,-1.9630969266954676,-202.0716535718119,-1.9630969266954676,-1.092719563627748,-201.06192698457744,-1.0619269845774582,184.9587374452934,509.45078860703455,2.6694709810160475,359.9830280285498,389.11042738201354,-6.143681916287932,433.63889717917897,222.1810666580738,8.939733285888263,484.7458777977412,23.027796429894675,6.892286937852432,-14.275691084942668,-186.4049378823917,0.8976163117124772,-1.1788676991221068,-201.1803447314668,-1.1803447314667805,-0.13449992908161082,-200.14766447099782,-0.13449992908161076,0.14493627399040188,-199.8550637260096,0.14493627399040188,-0.8587760257263911,-201.06424267566712,-0.85971466205138,-152.69488277277077,-66.79572963109115,4.876375926627714,-151.81912228899103,-415.9323781364592,5.505721058583599,-153.14291446715282,-867.2429190854576,4.428344232245685,-1.5208312366368124,-201.51857287886298,-1.5185728788630126,146.5202853918544,-138.46507117117807,-11.002016791244612,147.17861682136078,-487.1473379063577,-9.661693683967789,146.4416048217444,-939.1206632332784,-10.398705683584222,-0.846477413210661,-200.88145451253197,-0.750909559996141
49,0.49,0.9062048919213603,700.8606570454947,0.8606570454947685,0.35438701153687624,550.3479929584216,0.35438701153687646,-0.5346146855965709,299.4653853144035,-0.5346146855965708,0.5697163272592932,400.56971632725936,1.588541643345931,1.6735555399507194,201.67355553995083,1.6735555399507192,0.8015540124714219,100.80155401247129,0.8015540124714221,2.8484070889986777,1002.0569919704668,2.4824370862480474,-212.132294102474,511.1461075050112,4.401029988000253,-336.76962209849563,416.850007048111,-13.662496869697929,-437.28830834155406,194.80571593857718,5.235622152268908,-509.71437255623886,68.2103640102377,-11.86173817130668,-1.143447700687291,-181.9516770943743,-7.751720576430127,-0.9750221920273138,-200.97502219202732,-1.1559016642428768,0.5084766064029583,-199.49152339359702,0.23427376184124551,-1.2016568917085384,-201.23673742433073,-1.2016568917085382,-0.6383989803938672,-200.5435511595815,-0.5435511595815241,184.70382349858534,509.3191054738977,2.572871373399082,360.74411775644296,390.2149381393023,-5.411022439954346,434.36796010826305,222.1958145359778,8.673922192273116,485.2557510988189,23.287747581621325,6.546831457237296,-13.13180828083697,-186.3912670096048,0.9728794711234225,-1.316821687117026,-201.31704819736328,-1.3170481973632726,0.0007000311452813601,-200.05136674215544,0.0007000311452815544,0.011993713636390957,-199.9880062863636,0.011993713636391012,-0.7071735399225805,-201.09103577806152,-0.7119403285043948,-152.36981402717953,-66.04087550399447,5.116717607285115,-152.28651934349094,-415.78646220108413,5.030653661535672,-153.38209117982578,-867.0488754089118,4.104440454638874,-1.7563383756002766,-201.74701229364962,-1.747012293649629,146.69385305945815,-138.3441772652473,-10.425782409186723,147.44080120339953,-487.31044141696054,-9.313790425563845,146.89505050802916,-938.7014575297533,-9.859541120934246,-0.05702005937952136,-200.16676151320553,-0.0963167339180468
50,0.5,1.2704315416589076,701.1853369617027,1.1853369617026837,0.4490789248850988,550.447819861175,0.4490789248850991,-0.3564468219239156,299.64355317807616,-0.35644682192391536,0.5480054764734862,400.5480054764736,1.2482331931806558,1.5687261998926776,201.56872619989275,1.5687261998926776,0.7042917963599125,100.7042917963598,0.7042917963599128,2.6607201837722876,1001.8656861275981,2.2946561429317853,-212.28584222268228,511.2097672224126,4.50359000596328,-336.0932702742992,417.6879038428386,-13.721240662136063,-438.05257283301216,193.57042759351083,5.531046700738871,-508.67260268575694,67.61797601265425,-11.209627161744091,-2.052887618111176,-181.16441713967927,-8.358813642126304,-0.9437003363393329,-200.94370033633933,-1.0405181410271964,0.680993078483479,-199.31900692151646,0.49253640320222647,-0.26920658177764084,-200.27803951265753,-0.26920658177764073,-0.5621763908159829,-200.33464829678263,-0.3346482967826351,184.8299707633642,509.5633674758292,2.857012891557421,361.30874215083054,391.1286385447273,-4.811595840382699,435.21805900776906,222.23285123154358,8.51886418968623,486.3807225017717,24.12584218541273,6.662736079869419,-12.057246876867826,-186.58610715248153,0.8636621420062549,-1.1355654813503588,-201.13556548135034,-1.1355654813503588,0.14735771879490545,-200.01301923359475,0.1473577187949055,-0.015784802991304636,-200.01578480299128,-0.01578480299130454,-0.5263444708353966,-201.08486073172367,-0.5451974853984163,-152.14466041956416,-65.42059296202966,5.239286065543587,-152.5828219453429,-415.56359436211017,4.710473397839804,-153.33502896979923,-866.5940446693339,4.048917515308507,-1.6876641113730801,-201.65693633294526,-1.65693633294526,146.85259708417294,-138.2573287049145,-9.951394231534586,147.70160324685642,-487.4527027841651,-8.950215156570305,147.5728075012496,-938.0163780298227,-9.079010902177146,0.9492796895297763,-199.31428375795917,0.7164386227878315
51,0.51,1.649674683867976,701.5258628006011,1.525862800601128,0.7472718979899201,550.7470788143165,0.7472718979899204,-0.3609576094508532,299.6390423905492,-0.36095760945085303,0.6455100041351374,400.6455100041352,1.0203148920684078,1.5703343574513007,201.5703343574514,1.5703343574513007,0.37821590217097467,100.37821590217092,0.3782159021709748,2.4703287050585305,1001.6723757203179,2.1045768998040613,-212.54869427020452,511.13636407839965,4.477600406730212,-335.8875446255111,418.08170816187464,-14.096915505657938,-438.8221106342851,192.39670532966844,5.853820432259214,-507.50333135144103,67.23261911898443,-10.436536486624258,-3.008366104410519,-180.46191941332071,-8.964819604331357,-0.6647670319992187,-200.66476703199922,-0.7051266976022409,0.9489713772106034,-199.05102862278937,0.8480977879856209,0.6463383947131129,-199.3554009125034,0.6463383947131129,-0.8602514625524702,-200.43517302067238,-0.4351730206724096,185.18219784433745,510.0271676217782,3.368403950108738,361.71664777595674,391.91280376568244,-4.305297070448667,436.1008335894635,222.20696924415455,8.36486281709692,487.8639361586067,25.312941190007777,7.014057873750842,-11.268696824845296,-187.20103603994147,0.36095513306534854,-0.6688107394214732,-200.66881073942145,-0.6688107394214731,0.24655471221334319,-200.1381695965959,0.24655471221334335,0.05345256145323768,-199.94654743854673,0.05345256145323779,-0.28996307915559927,-200.9228449161938,-0.34803445226550955,-152.2424829624539,-65.15944419784825,5.0205363957395175,-152.71198093544638,-415.32625394029,4.513457328397561,-153.11158454289907,-865.9764382336671,4.15164273905389,-1.3626858257948455,-201.2810579331197,-1.281057933119708,147.06454129018817,-138.1426111394765,-9.516585692692924,147.90713003191584,-487.6427745408156,-8.624593639528186,148.36286516157782,-937.3140174663247,-8.168858509866201,1.925868819395456,-198.56657174502172,1.4474767681882048
52,0.52,1.8012831487745313,701.6609859047795,1.660985904779412,1.1184387162795204,551.1184387162796,1.1184387162795209,-0.5004811020865378,299.49951889791356,-0.5004811020865376,0.9236291837571456,400.9236291837572,1.0798711063263857,1.51078936682825,201.51078936682836,1.51078936682825,-0.014318427373221199,99.98568157262676,-0.014318427373220977,2.357492103483194,1001.5573284249531,1.9924630010422704,-212.85909493632755,510.98737752087845,4.384510582640477,-336.037979569379,418.14634646257,-14.693978150500868,-439.5210017136202,191.35999046465966,6.275897603881258,-506.3143988157608,66.89492475691009,-9.64453408332016,-4.219064263434133,-180.0492158355912,-9.769044411113876,-0.1705651895769164,-200.17056518957685,-0.18366805459669544,1.2022496743011812,-198.79775032569881,1.160199306164635,1.301071573525062,-198.69919515787544,1.3010715735250622,-1.3059327960761764,-200.68744731260136,-0.6874473126014066,185.46836413731745,510.39397654438517,3.791109606147142,362.11416994861406,392.7558892843548,-3.745681274385168,436.9778800661842,222.08320724854687,8.127399680520682,489.31048273102624,26.47098434506799,7.226011759674272,-10.891114875970633,-188.35493037656576,-0.6515917611840382,-0.10679364512960689,-200.10679364512959,-0.10679364512960669,0.3531660075212545,-200.36559362713757,0.3531660075212546,0.15687568626917825,-199.84312431373078,0.15687568626917847,-0.010633391013612825,-200.56914965190185,-0.14993937325372297,-152.65586212567032,-65.25147555436197,4.466925091137882,-152.75814821058012,-415.13202357456385,4.353726541486909,-152.90956268228476,-865.3801766095428,4.214580367750427,-0.8869672932246271,-200.7100839809596,-0.710041188684086,147.34916454248636,-137.98756837112578,-9.057411415962138,148.03966169522192,-487.9158974793489,-8.354423149931401,149.11225645230397,-936.7534055133365,-7.281828392849349,2.627128845459488,-198.08936794797722,1.9239417405359243
53,0.53,1.6569366321490078,701.5331247488822,1.5331247488821593,1.4441016132368123,551.4441016132369,1.4441016132368127,-0.5884298955415237,299.4115701044585,-0.5884298955415236,1.2738777996403319,401.27387779964045,1.3246021253072482,1.2061679154592482,201.20616791545942,1.206167915459248,-0.16264774498788848,99.8373522550121,-0.16264774498788837,2.3348963165291012,1001.5332380859863,1.9710043626303324,-213.09871038029024,510.8808995519654,4.342373009711242,-336.2496248322848,418.1770430937157,-15.234291210377677,-440.1024570778153,190.50634863595346,6.839965796154575,-505.1376539779434,66.46000200913171,-8.859891681841454,-5.683735396705884,-179.90449364775475,-10.744295748107021,0.3414556297008533,-199.6585443702991,0.33814270660536805,1.3764264052716095,-198.62357359472833,1.3627746495027528,1.549422327176269,-198.4505776728237,1.549422327176269,-1.5133474243882685,-200.8125115555445,-0.8125115555445448,185.503793028271,510.441407776126,3.9028812338718177,362.63929100600996,393.82290164468577,-2.994907575142089,437.8825142747091,221.898611775968,7.8118091203093885,490.39547864645414,27.26915827796003,6.970898407196048,-10.890111652567319,-190.00639079584437,-2.130117077481213,0.3388825705240772,-199.66111742947587,0.33888257052407733,0.5289811859275069,-200.51680791167522,0.5289811859275071,0.24211477372251855,-199.75788522627744,0.24211477372251855,0.2638611277242661,-200.12000111041465,0.003603289558055278,-153.16625213786347,-65.47946834480152,3.7934705254312586,-152.81941565448403,-415.01057686592134,4.143992913613992,-152.89848934324172,-864.9782734099138,4.068021136355769,-0.37069611889184034,-200.05484224488632,-0.05456320419778682,147.78716774024883,-137.75207778183477,-8.454018477595254,148.1697917094228,-488.2012806190409,-8.068934862377144,149.72077899940757,-936.3781662743629,-6.517947572392367,2.9283471746402916,-197.88355005846987,2.1373004985950095
54,0.54,1.3615144241376977,701.2764198441815,1.2764198441814738,1.7065082115041799,551.7065082115043,1.7065082115041803,-0.3947429194433957,299.60525708055667,-0.3947429194433956,1.4770318671391915,401.4770318671393,1.4898569851382828,0.6322856046420668,200.63228560464222,0.6323355155043996,0.09091521550376691,100.0909152155038,0.09091521550376702,2.328312543762864,1001.5258834873482,1.9659759451269117,-213.1477501387684,510.9365131624589,4.470721714294929,-336.19049192318147,418.50587054298757,-15.393585606618394,-440.4974415137708,189.9038538661075,7.610838291778573,-503.9520474931669,65.88014342156029,-8.05601399356554,-7.102256850791711,-179.7025508263466,-11.560365153614951,0.6815310885508041,-199.31846891144914,0.6808787353142491,1.5409853145517272,-198.45901468544827,1.5375336101411046,1.4734433478204427,-198.52655665217952,1.4734433478204427,-1.1765553718101536,-200.55806988833535,-0.5580698883353835,185.3316954232574,510.1937722443745,3.727980796210553,363.3156971454389,395.1387434575414,-2.029683304368158,438.84908787804545,221.6917110719125,7.455459252160265,491.0352757789453,27.606703205143905,6.151332482681691,-11.046872610540902,-191.92870844994795,-3.845480835264981,0.5395744626305882,-199.46042553736936,0.5395744626305883,0.7536115915993981,-200.43142270658328,0.7536115915993983,0.28858991025074027,-199.71141008974922,0.2885899102507402,0.5402292902031222,-199.6652373597376,0.1615563700841922,-153.55460341536607,-65.62540698776019,3.2089973227148922,-152.9486855037283,-414.9685229092917,3.84090016234573,-153.0490212170949,-864.7806778239348,3.7411752515688605,0.12288985214935882,-199.40992678936374,0.5914902961813224,148.47588304756096,-137.3544487255497,-7.5900174227684225,148.4417745641267,-488.31897618218727,-7.623748707265122,150.1642151520502,-936.1625532753621,-5.901308119341646,2.8416578575456635,-197.8748389358911,2.1548826925120195
55,0.55,1.0608859058560098,701.0153380594295,1.0153380594294177,1.915440652593356,551.9154406525936,1.9154406525933565,0.1709023775865497,300.17090237758663,0.1709023775865496,1.3625734706869652,401.36257347068704,1.3650988861568578,-0.06955868033111073,199.930441319669,-0.06923322062569781,0.5763027803851307,100.57630278038516,0.5763027803851308,2.271969834856877,1001.4695009366312,1.9116103393234947,-213.03939423554834,511.12086552267465,4.736145506160919,-335.72073272603745,419.272568471333,-15.034124008712087,-440.7076179803389,189.54965187161747,8.582525351292572,-502.8360973925262,65.0840931985304,-7.305851299042532,-8.172708064076257,-179.1568591662198,-11.926116127977018,0.7999129002903214,-199.20008709970963,0.7998128586813584,1.7817861075146766,-198.21821389248532,1.7811064266168712,1.2712270317742291,-198.7287729682257,1.2712270317742291,-0.338939130674874,-199.91386068879478,0.08613931120518614,185.08721156100816,509.8051580894694,3.4204380729556165,363.9932052506383,396.5419156112104,-1.000837250745483,439.8398335818707,221.42964259999985,7.038604580483815,491.4163131441833,27.66044744846492,4.94941898747183,-11.041686510627606,-193.79344649114563,-5.4667833149632035,0.47593126857822293,-199.52406873142172,0.4759312685782229,0.944133144765254,-200.10165595283746,0.9441331447652541,0.24742938193874287,-199.7525706180612,0.24742938193874275,0.8801069900685039,-199.20554425260235,0.4510143564174404,-153.79043277395465,-65.65851687313614,2.7240398018035066,-153.20471901959144,-415.05924169391005,3.390307833527781,-153.1737754407477,-864.6600684539965,3.421345081982378,0.5838972762821553,-198.844822081769,1.1607826002846695,149.34456014767736,-136.80475801889673,-6.529841383985964,148.93050927790102,-488.14528895421796,-6.943892253762277,150.44908166429678,-936.0751322983915,-5.42531986736655,2.4502028120903874,-198.0422377523268,1.9913590592885062
56,0.56,0.7028121164488936,700.6838249491957,0.6838249491954977,1.967993319425942,551.967993319426,1.9679933194259422,0.934499831447798,300.9344998314479,0.934499831447798,0.9135732885560227,400.91358944254813,0.9139605735616777,-0.715355826629881,199.28464417337025,-0.713703005866077,0.9443038021355102,100.94430380213558,0.9443038021355104,2.214618618229488,1001.4128477900481,1.8566612926163497,-213.05417519944862,511.1532862211493,4.8579062694690816,-335.04609113794993,420.2710906209177,-14.36183225734753,-440.93436693301646,189.2409492948526,9.54923104457114,-502.02999699732095,63.87554765700888,-6.844052707880463,-8.921944959681726,-178.39422969833558,-11.964172769581225,0.7499933514894664,-199.2500066485105,0.7499933514894663,2.030008041102923,-197.96999195889705,2.0299038086613748,1.0485336274200194,-198.95146637257994,1.0485336274200199,0.6078045358423441,-199.16466737012428,0.8353326298756917,184.82065426870713,509.3636358636431,3.068255911962794,364.41868826220207,397.76898837539,-0.16239336383637176,440.7405199834508,221.00488969637277,6.46372333521906,491.84205504964365,27.736175331293005,3.6797280770694947,-10.624297182724556,-195.3408518018618,-6.73121301101364,0.21492010024051966,-199.78507989975944,0.21492010024051966,0.9985138315928288,-199.72024580306595,0.998513831592829,0.015512500139846397,-199.9844874998601,0.015512500139846397,1.2704529556207191,-198.75735393164467,0.8917800355017891,-154.02543797737133,-65.72686078350714,2.1673881618607753,-153.70764491182263,-415.4179772656553,2.6736120855248564,-153.18141840862765,-864.5558499757658,3.19983858871983,1.0097063880221842,-198.41749613438105,1.5997675017134547,150.08426547436233,-136.31341286210383,-5.58107687175886,149.51835535164102,-487.7873609299822,-6.146986994480184,150.58794405012296,-936.0942988530626,-5.077398295998244,1.8386336537609116,-198.42495078620968,1.6046982959774994
57,0.57,0.11263709542440314,700.1064728647276,0.10647286472744244,1.6811436988891502,551.6811436988893,1.6811436988891502,1.562353611785984,301.5623536117861,1.562353611785984,0.2596568724464755,400.2597622097069,0.2596568724464756,-1.152418102476352,198.84758189752375,-1.1458810695462713,0.9847741986913034,100.98467780706072,0.9846778070606215,2.280801061490082,1001.4804728093245,1.9256740672801664,-213.53122579066812,510.6945397506523,4.496691511029496,-334.5798578092306,421.08764954966904,-13.790131440154463,-441.5146783376392,188.63913106166126,10.169477821118232,-501.73520767418836,62.09336553268059,-6.866466285856321,-9.63653727820658,-177.85004022100244,-12.106168591753981,0.5928431203829098,-199.40715687961705,0.5928431203829096,2.100723032580314,-197.89927696741967,2.100723032580314,0.8087032015989933,-199.19129679840094,0.8087032015989933,1.2333524938653635,-198.67179968532224,1.3282003146777064,184.52626188845198,508.8878804410441,2.6900322014212774,364.439839854409,398.66197008902714,0.33219585042152644,441.4544030970959,220.33076534588992,5.645112240370073,492.5016068341047,28.03090074137679,2.5502254103753144,-9.729364201925204,-196.4953821040234,-7.5584473109877255,-0.13999744412533377,-200.1399974441253,-0.13999744412533377,0.8303516411786325,-199.5543726676306,0.8303516411786327,-0.44450323398596137,-200.44450323398593,-0.44450323398596114,1.5466990745356424,-198.4603316076011,1.2864412363694318,-154.42598302630424,-65.98791369279951,1.3861232550421911,-154.52869000880813,-416.13122684563126,1.619947161051605,-153.2072815205079,-864.5750864615304,2.941355649351812,1.3637105850546274,-198.17070024368977,1.8707130664214717,150.3508759336509,-136.17129749965045,-5.087507247788962,149.96438859972764,-487.51674414733736,-5.47399458171225,150.64100988826036,-936.1569988531514,-4.797373293179513,1.1164179358991464,-198.99346040610283,1.0269170902104325
58,0.58,-0.7428962224577663,699.2555452159445,-0.7444547840556333,1.0073738940429116,551.0073738940431,1.0073738940429116,1.8274484906577722,301.82744849065784,1.8274484906577722,-0.4025765870199445,399.59795835972807,-0.4025765870199445,-1.2413609902940999,198.75863900970603,-1.2212255113209332,0.7773492936931887,100.77672074130496,0.7767207413047983,2.5205274353351257,1001.7223925221706,2.168661802290433,-214.52395980827265,509.6911448684783,3.59893379275972,-334.6043762714471,421.4392109118002,-13.601715735667055,-442.66831324548946,187.52260894787474,10.218961883961484,-501.84079916494295,59.87445993343081,-7.256322446150339,-10.521453547273188,-177.8081216050229,-12.63265206632387,0.3723536397463892,-199.62764636025355,0.37235363974638913,1.9079350534376323,-198.09206494656235,1.9079350534376323,0.5928896612788633,-199.40711033872105,0.5928896612788633,1.3792009464151795,-198.5900064745345,1.409993525465469,184.2789225783053,508.4542531904814,2.362042114762711,364.1353178941803,399.29665598928295,0.5601957158000171,442.02333647724305,219.4631134647567,4.6321351968150175,493.34663038798953,28.50635205664862,1.5313423589713255,-8.46673863097745,-197.356054057986,-8.039934767388917,-0.48539206786041833,-200.48539206786037,-0.4853920678604185,0.45322168673793617,-199.7071552656517,0.4532216867379361,-0.9778650097012325,-200.9778650097012,-0.9778650097012322,1.5121753119207813,-198.48920911147655,1.3728693296806713,-155.0297805359936,-66.46906643132763,0.41511392080834014,-155.53267187525057,-417.07444608820583,0.36467925187333006,-153.44925795316018,-864.8580698396734,2.448093173963721,1.5878210131673414,-198.10875873915532,1.968551734399088,150.08808560895974,-136.46354169263554,-5.105534252074765,150.09171576917242,-487.51431913258057,-5.101904091862109,150.73969123661044,-936.1302275491137,-4.453928624424089,0.4805555621358772,-199.5551167127043,0.45579057508197157
59,0.59,-1.5958743202128156,698.4038187808122,-1.5961812191879603,0.16204227427405005,550.1620422742742,0.16204227427404994,1.7451632347485002,301.7451632347486,1.7451632347485,-0.9153496320268977,399.08676612340406,-0.9153496320268977,-0.8922454848335956,199.1077545151665,-0.8439429817926722,0.563535004818365,100.56034295240349,0.5603429524032977,2.8424594241995464,1002.0472745296411,2.494288821999911,-215.7003670893095,508.4750797202652,2.4965159375173145,-335.0826876890872,421.3618500500037,-13.760374470220814,-444.3328678412839,185.95176839597616,9.755506391198448,-501.93189827262836,57.65057030267764,-7.591228307368099,-11.539074798954966,-178.16935287904226,-13.441698795943717,0.1350561364851092,-199.86494386351484,0.13505613648510917,1.5646764771249866,-198.43532352287497,1.5646764771249866,0.4905241592114632,-199.5094758407885,0.4905241592114632,1.2026469951178549,-198.7895674216412,1.2104325783587155,184.23360248803922,508.2081868049843,2.2296230222363587,363.71412665328603,399.8801155855118,0.728975518093163,442.63017929187436,218.59805088568666,3.6138910704832994,494.17692292312904,28.97501453948425,0.43938964494384974,-7.041498254419769,-198.11655618012705,-8.361209237095025,-0.7083602058844769,-200.70836020588445,-0.708360205884477,0.03132399460985602,-200.02068922607737,0.031377535596455786,-1.317843790476472,-201.31784379047645,-1.317843790476472,1.1494287278453412,-198.85078358035884,1.0913573547354305,-155.74872440435342,-67.08483377246418,-0.5643900700259845,-156.43584418508817,-417.97347630827477,-0.808294728424222,-153.94307382743892,-865.4038079080138,1.6843402415827866,1.64997106442675,-198.19266225039055,1.9195210117735608,149.62486695501218,-136.9323829642549,-5.306341297252458,149.9002179885124,-487.7233580199987,-5.030990263752261,151.01123445809333,-935.8856895152308,-3.9199737941713435,0.14089322257800962,-199.86812614097397,0.13642069304178556
60,0.6,-2.008774231054132,697.9911787044639,-2.0088212955362903,-0.49067710842311274,549.5093228915771,-0.49067710842311296,1.461824405740557,301.46182440574063,1.4618244057405567,-1.2192188627218976,398.7873056910753,-1.2192188627218976,-0.1966938466862036,199.80389403559747,-0.10645289064614127,0.5234977327173238,100.51087292051236,0.5108729205121483,3.1051777785694066,1002.3137051552883,2.761138286576088,-216.61319860577765,507.49359682090653,1.6365861017990122,-335.7818446263113,421.0874405051885,-14.03430328491161,-446.2445551683568,184.1881983276475,9.038297214952433,-501.6084917794723,55.83498018588142,-7.459059142910586,-12.522516423765511,-178.6352529894607,-14.23251811635466,-0.049810472984475274,-200.0498777466718,-0.04987774667181122,1.26320774699598,-198.736792253004,1.2632077469959797,0.5140560489026764,-199.4859439510973,0.5140560489026764,0.9832162146698111,-199.01525071309177,0.9847492869082108,184.50337416515754,508.2544128192938,2.397402100186174,363.3231630456607,400.55727393050586,0.9835596450623699,443.4583481358818,217.9191610721348,2.7799072275952836,494.85009045447225,29.308154134143408,-0.852851033255538,-5.64797741113736,-198.95936104312023,-8.70421966483617,-0.6951775871787383,-200.6951775871787,-0.6951775871787386,-0.2554786377482041,-200.2682939727586,-0.2551295066590623,-1.2884023083645983,-201.28840230836454,-1.2884023083645983,0.6922926704673202,-199.30770732953266,0.6734396559043005,-156.44690072578464,-67.72895509290926,-1.3974912304275997,-157.03760781851204,-418.6362389198332,-1.697998803204376,-154.54812980277933,-866.0710970941948,0.7904320882908129,1.5696178210408398,-198.36433037400639,1.761331342268418,149.39786047204416,-137.18456632759947,-5.2538382297259805,149.56774428599923,-487.9166847324601,-5.083621459410338,151.46626179680055,-935.4117916606169,-3.1851039486090245,0.13510586705130823,-199.866670150935,0.13480598994690252
61,0.61,-1.7260018266707216,698.2741728617239,-1.7258271382762778,-0.6706752310662063,549.3294994573282,-0.6705005426717632,1.082005758332354,301.08218044672685,1.0821804467267977,-1.3272818642132518,398.68846843392237,-1.3271071758188078,0.5357064405398705,200.53971460296953,0.6671809452195439,0.6457979659577899,100.6070854950836,0.6070854950834261,3.2461474632613645,1002.4589799020214,2.9065026501115856,-217.02430633772457,506.9850579025391,1.2573927251958263,-336.5228103761974,420.7939325780825,-14.24582470596224,-448.1330711017283,182.50001201742384,8.33320930831374,-500.78385741366793,54.52703230878005,-6.753460078305495,-13.329617908374036,-178.98044709475198,-14.77793190680732,-0.07061879999001686,-200.07088279114225,-0.07088279114224794,1.1060241334401912,-198.89380117816535,1.106198821834635,0.5749928285025137,-199.42483248310302,0.5751675168969577,0.8766558614715938,-199.12293434589168,0.8770656541083284,185.0848533744973,508.58581901817706,2.858153840833694,362.97157821273584,401.3353112873075,1.331169730899589,444.55148238390314,217.44735243728266,2.1801255108299387,495.4142289426179,29.56529182675722,-2.2822985319581472,-4.3686194691598725,-199.95448943061217,-9.15414774155585,-0.42865320805074647,-200.4284785196563,-0.4284785196563027,-0.4041757915800356,-200.40481993618926,-0.4026690286206299,-0.8913710070186234,-200.89119631862417,-0.8911963186241794,0.43540710642431246,-199.56441820518123,0.4308150062369416,-156.99444357013354,-68.31670479345948,-2.0458236846589384,-157.35827729889093,-419.0823363276884,-2.3237185689697877,-155.12060056466652,-866.7342269782239,-0.0915965364197941,1.3901854599301922,-198.5812784176511,1.523982264154069,149.5717489502301,-137.03794872456535,-4.78462002288104,149.36147471456312,-487.8587031134337,-4.992723110345967,151.96612597373547,-934.8461186654602,-2.3880718511735766,0.2793609839911698,-199.7207366887938,0.27963653807013833
62,0.62,-0.9125955680609772,699.0885435433617,-0.9114564566383878,-0.34467327274738513,549.6564658386753,-0.34353416132479553,0.6404792780075548,300.6416183894302,0.6416183894301444,-1.2838681461433887,398.7460298119573,-1.2827290347207994,0.962205146036865,200.98281224497805,1.1121264411710206,0.7434197813137583,100.65127344711397,0.6512734471138417,3.31025618786582,1002.5273763102086,2.974656519943748,-216.97522754771438,506.9086152969346,1.3179660238377096,-337.2816970450249,420.5043850321524,-14.372355033054907,-449.83363941890497,181.05008041552796,7.801045055024486,-499.6769889603289,53.52029253156796,-5.671712536358076,-13.892858233276844,-179.13788127772068,-15.009599422552386,0.189388488134569,-199.8117001990039,0.18829980099610244,1.064228224857731,-198.9346326637197,1.0653673362803207,0.6081176988665428,-199.39074318971086,0.6092568102891323,0.806494057623298,-199.19236683095414,0.8076331690458878,185.85012801896733,509.0740276098955,3.483378336798427,362.5935659453261,402.1466296119204,1.7042855680774944,445.8016697879501,217.04158907466837,1.7134813380041185,496.0540215097292,29.9397223179674,-3.6487703447124518,-3.1509908503363953,-201.03634834254544,-9.669781850920998,-0.05543444480019244,-200.0542953333776,-0.05429533337760284,-0.5451747461017021,-200.5374191611986,-0.5398985658139784,-0.23649562700017535,-200.23535651557756,-0.23535651557758575,0.4522879411075196,-199.54657294746988,0.45248841620512015,-157.33424768281904,-68.81345900893763,-2.5684888167063296,-157.5774280833199,-419.47068312771785,-2.861354915366692,-155.64980542940884,-867.4029197817583,-0.9569049454590409,1.1396608081320534,-198.82993469965507,1.225944341909091,149.97470676381295,-136.6150571275182,-4.0757526664501995,149.48137105628882,-487.4333246340374,-4.558062373612456,152.3002668773728,-934.3978151122985,-1.7391665525284785,0.3228716774617025,-199.67598921111573,0.3240842816112999
63,0.63,-0.00713904345241001,699.9986458416817,-0.0013541583184623063,0.2708683496880555,550.276653234822,0.276653234822003,0.20392601551418119,300.2097109006482,0.209710900648129,-1.163524364018139,398.8821986329091,-1.157739478884191,0.9419305905053273,201.02471285991598,1.0790152919245044,0.5888776731523983,100.42038240161492,0.42038240161483537,3.3768000527477082,1002.5953033889587,3.0420060891191016,-216.65526067656143,507.07797219383673,1.6318783692563767,-338.0826647715584,420.1959071047246,-14.43746038427604,-451.2869351485872,179.8979582443683,7.4994649144506385,-498.57422555641506,52.542940708445926,-4.495816602731223,-14.214719111934901,-179.14811760443766,-14.967320020920578,0.7111389821563462,-199.2918872469419,0.7081127530581045,1.0486881163223885,-198.94552699854367,1.0544730014563366,0.643160613258686,-199.35105450160734,0.6489454983926338,0.5737235637386129,-199.42049155112744,0.5795084488725608,186.5525998959547,509.47536552916847,4.029271704587984,362.15685247424983,402.9591840286379,2.0709788580356436,447.0362413454995,216.5206011265072,1.2165115510219395,496.9345822698691,30.60582439657712,-4.769338166305097,-1.8952634647384312,-202.08946940201776,-10.14767550777126,0.2267667544569565,-199.7674483604091,0.2325516395909042,-0.7092336521836742,-200.6818441008126,-0.6964513614023645,0.5251187343240877,-199.46909638054194,0.5309036194580357,0.555715073276127,-199.43850004158998,0.561356013867577,-157.5674364387923,-69.29588116055058,-3.103578063405666,-157.88890206810848,-419.9566052183975,-3.493207399565902,-156.22433379551637,-868.1842962345168,-1.9047756082656582,0.8321066639060195,-199.1032574422569,0.8906846268047943,150.35765665981657,-136.12915472015686,-3.3905415507118186,149.9199789532404,-486.70207752018644,-3.784610579909677,152.31219561811102,-934.2197694631043,-1.392393915039064,0.11082761068565362,-199.8833875041804,0.11662376629431516
64,0.64,0.6354447316918336,700.6583243962299,0.65832439622988,0.8280402856912291,550.8509199502292,0.8509199502292755,-0.10354743285167474,299.91933223168644,-0.08066776831362835,-1.0774870360619428,398.9825628214981,-1.0546073715238964,0.5605359075936194,200.82058421250323,0.6736565281717283,0.08060364891724986,99.84990718175996,-0.15009281824006698,3.4991585309216306,1002.7073771262287,3.1531646476508506,-216.28313524602163,507.28331210425233,1.9891738815598246,-338.8844658465554,419.9167197572447,-14.393792973758126,-452.51820372227417,179.02437799978182,7.40748548238705,-497.64917119563955,51.44136532033026,-3.429674567435737,-14.399241920902401,-179.1421707175555,-14.781874924197211,1.2190396979960183,-198.78522077998173,1.2147792200183323,0.9590612918509347,-199.018059043611,0.9819409563889814,0.6961129313637511,-199.28100740409823,0.7189925959017978,0.055205705696522056,-199.92191462976547,0.07808537023456902,186.89846272030064,509.5050705682185,4.2109323455258405,361.7116836959067,403.8290760483376,2.4875085556176115,448.1011226783784,215.76746792184153,0.5502817575592391,498.0694275962943,31.59226757683692,-5.606820828026274,-0.5970357313281519,-203.08782435579081,-10.548681055595178,0.3174774701523743,-199.65964286530965,0.3403571346904207,-0.7840207409659292,-200.70931417635728,-0.7670797131663614,1.1709862448002895,-198.80613409066166,1.1938659093383361,0.5332186416594236,-199.44390169380256,0.5560983061974704,-157.93760357309577,-69.95500217478148,-3.84894855336306,-158.41957579400116,-420.6277594128513,-4.319938145264865,-156.92852966420398,-869.1736660430151,-3.02619450745742,0.48091088341884497,-199.38797894866275,0.5531747555763529,150.58939232572908,-135.70046151006787,-2.886304072245338,150.44631873787546,-485.8877627969465,-2.8950534772793532,151.96625374003602,-934.3382593562795,-1.3751184751187688,-0.37720265710003126,-200.35432299256203,-0.3543229925619847
65,0.65,0.9054956636483356,700.9756710552015,0.975969991856019,0.9963915386585129,551.0668658668662,1.0668658668661966,-0.24737965503391524,299.8230946731737,-0.17690532682623195,-1.127091734911284,398.94996471323725,-1.0566174067036007,-0.04456765300693677,200.59484466709185,0.07420917824166984,-0.6842839727125205,99.09885095412989,-0.9011490458701079,3.716889613258558,1002.88510844695,3.3296405417582404,-216.05617923873064,507.34553851677117,2.210608224861884,-339.640534637148,419.72947969595606,-14.179764099239087,-453.6405420562006,178.33139012767884,7.425623229247465,-496.96675134778667,50.17943261666576,-2.5830012271900284,-14.686591770929542,-179.36063162908584,-14.694153652856523,1.2881817933074995,-198.7064496958406,1.2935503041594463,0.6764246425673668,-199.25310102922498,0.7468989707750503,0.6355928547540752,-199.2939328170383,0.7060671829617589,-0.7036636121949715,-200.63318928398735,-0.6331892839872877,186.72195227697176,509.0158222493998,3.8808919574904586,361.30686842540285,404.82001156254427,3.0177808284418264,448.9136991670425,214.76429296250797,-0.343365043409872,499.2768193646125,32.74212423746786,-6.310149879079016,0.563071571319762,-204.18110866866613,-10.997040401954983,0.18602031357447452,-199.7435053582179,0.2564946417821578,-0.7369683928558652,-200.569668668105,-0.7475854105443012,1.401475246959397,-198.52805042483294,1.4719495751670804,0.3234071276544706,-199.6061185441379,0.3938814558621545,-158.6707867927248,-70.97065903391565,-4.9684561593583645,-159.23554481849024,-421.52753935862455,-5.369785049894963,-157.8069177240248,-870.3996322229119,-4.344936412969109,0.07954134344343697,-199.6927333650189,0.23230512663141267,150.60436516006718,-135.38908973685892,-2.650131571071856,150.7513170744705,-485.25520128581496,-2.1809526931202354,151.31463661405286,-934.6825247243776,-1.6176331535378794,-1.0655414766524587,-200.99506714844483,-0.9950671484447754
66,0.66,0.8279436696798018,700.9950534826239,0.9970027944761424,0.5990813035584049,550.7681404283547,0.7681404283547452,-0.3832358256920909,299.7858232991042,-0.21417670089575058,-1.313757487573009,398.79446908523175,-1.1446983627766685,-0.8101521419686142,200.4218230862079,-0.6209575381991073,-1.4670857355181177,98.44839725758283,-1.5516027424171408,4.064825536413989,1003.1428427921,3.585776754017672,-216.07671969133543,507.183030257579,2.2144041154959644,-340.434086790163,419.56934390931565,-13.861476103155518,-454.8241838483069,177.6662482763648,7.399782808261143,-496.5162243294427,48.79855455245813,-1.9552873797293873,-15.321050677436435,-180.03444470074209,-14.935931098906124,0.6777270901558057,-199.27484746512812,0.7251525348719692,0.11776509548751232,-199.71317577971618,0.28682422028385285,0.26701398752216354,-199.56392688768153,0.4360731123185039,-1.5402673736840846,-201.37103555465188,-1.371208248887744,186.12327673747,508.128744934913,3.16011879282992,360.87467896362244,405.88136612389235,3.6114161307927644,449.5098605016937,213.59862076396743,-1.401631555494001,500.2766593346687,33.80261949806121,-7.124433851867957,1.315482527344239,-205.6056132681664,-11.712861877305025,-0.216842589741031,-200.04778346494476,-0.04778346494469077,-0.7304214674494769,-200.4204822219658,-0.8472624575930164,1.0159282531347857,-198.81501262206888,1.1849873779311264,-0.06088418072233992,-199.89182505592606,0.10817494407400097,-159.80268562324483,-72.35691901766319,-6.464407221543797,-160.33090548060142,-422.6606897045674,-6.6183754467879,-158.85430115437222,-871.8041382967565,-5.794969417277159,-0.4198167051197939,-200.0725688944828,-0.1060744777616267,150.33794837915104,-135.25033026188095,-2.7214474159141036,150.67583381933161,-484.92245647098287,-1.7815627537088004,150.46349749155937,-935.1255109910783,-1.993899081481061,-1.8335019435886277,-201.66444281879234,-1.664442818792287
67,0.67,0.452706718312725,700.7586513223607,0.7685507447805178,-0.27558792902158735,550.0402560974462,0.04025609744620512,-0.6835728862717627,299.632271140196,-0.3677288598039703,-1.5023916479976795,398.6552147191777,-1.1865476215298871,-1.6748109109626925,200.18756692038266,-1.3524298515648194,-2.019111061530654,98.12245280826559,-1.8775471917343722,4.514989229414821,1003.4553962096604,3.8963869953654644,-216.25795313445082,506.88005116574516,2.084661154443568,-341.45272063985874,419.24365701195313,-13.633031028821351,-456.1781701001356,176.9140337970906,7.213884100043513,-496.17456868978746,47.42851013711521,-1.391801690478266,-16.257808688931235,-181.12370351935292,-15.468660941770903,-0.4176667555180953,-200.27879868929543,-0.2787986892953771,-0.6357428242711484,-200.31989879780338,-0.31989879780335573,-0.39677635342385764,-200.08093232695614,-0.08093232695606489,-2.258952210079717,-201.94198207573646,-1.9431081836119242,185.41051181302277,507.14945207069286,2.354192785049602,360.2741334819288,406.8657572353501,4.121323103962812,450.0498890742806,212.4342630329267,-2.460621240014003,500.9144216197561,34.62303307778774,-8.19285809063861,1.5707031006449501,-207.44100167707913,-12.775386188709987,-0.8976063451558378,-200.5817623186881,-0.5817623186880452,-0.9279777273376029,-200.45249561004505,-1.2498035758166925,0.16485403479598593,-199.51930193873625,0.4806980612637784,-0.6404221390023631,-200.3245781125346,-0.3245496189809194,-161.1330524916748,-73.92809266134981,-8.138233696648859,-161.52761946415916,-423.9186353254665,-7.938017807099353,-159.95348771322276,-873.2192741798449,-7.199655608084784,-1.0468732771177662,-200.57377828732,-0.5222993851954538,149.82406866398216,-135.25835871750917,-2.9720475461467677,150.3428713925888,-484.7642319191266,-1.577567052211898,149.61801066420892,-935.4645286421178,-2.3022018462671774,-2.5476844619084993,-202.23184043544074,-2.2318404354407066
68,0.68,-0.11406690496146435,700.306330466725,0.34548344190761804,-1.2628230212216323,549.1967273256473,-0.80327267435255,-1.0651888843865285,299.3943614624825,-0.6056385375174467,-1.490539435063974,398.7161391355788,-1.0309890881948922,-2.4582113643080126,199.7537913711737,-1.9970081966751265,-2.216145734362579,98.15011916688397,-1.8498808331160026,4.923983678556553,1003.7306530994865,4.1693534509733,-216.33137960086964,506.6541074202536,2.0387133202933083,-342.74969739091114,418.6454718487312,-13.603005530855942,-457.61713374349927,176.105677607262,6.8978861032691885,-495.7338801801442,46.2347742723329,-0.6693667323491233,-17.076653770394973,-182.25975249191717,-15.925572239525982,-1.468105663957317,-201.20909535267,-1.2090953526699568,-1.3103961274220643,-200.85084578055302,-0.8508457805529821,-1.0017179033965866,-200.54211588464688,-0.5421158846467908,-2.6537114639190396,-202.18844226937705,-2.194161117049957,184.90879274867473,506.35183040995366,1.7372887483653479,359.46992739623965,407.68277784724955,4.4574334923202175,450.74472421952805,211.42562263386418,-3.3543061775604253,501.3375522003498,35.30569650309795,-9.405603219948523,1.590795150578693,-209.46413748169732,-13.968784574747131,-1.683712112286303,-201.22416176541725,-1.2241617654172208,-1.2708861352915957,-200.67045566773515,-1.8305120705460287,-0.6573242878379912,-200.19777394096894,-0.19777394096890905,-1.374489258462115,-200.91493891159308,-0.9147531102835791,-162.32078704035814,-75.40465314576639,-9.67914143400766,-162.4207315668726,-425.0235974304459,-9.049010887442705,-160.84294345005569,-874.4030401093573,-8.317114571228215,-1.6843951592564235,-201.1167679112111,-0.9885962904877732,149.28071556604394,-135.24812026264803,-3.084544180652129,150.05766417151077,-484.5304945057853,-1.3165399297517224,149.09873944835886,-935.4300963803332,-2.2739913760401183,-3.050199559151655,-202.59064921228259,-2.590649212282573
69,0.69,-0.6721153665132273,699.7280237443047,-0.15137660185220336,-1.8946269622066811,548.6261118024544,-1.3738881975456572,-1.2012701984830574,299.31946856617793,-0.6805314338220338,-1.1207896408470504,399.10248403134074,-0.6000508761860264,-2.9065687044919,199.16070386504674,-2.3855044801254635,-2.1140431214773483,98.36780848391487,-1.6321915160851324,5.091822003657763,1003.8480682641143,4.284128832029705,-216.03157320390636,506.69150465824526,2.262686262029254,-344.05292546223154,417.9649030777131,-13.583092335120133,-458.8773473121899,175.42225555314997,6.6320838050778965,-495.07326054820084,45.26689751538841,0.2961237544635169,-17.320816093841902,-183.06416255242618,-15.9306376091313,-1.9720585029116053,-201.6282956984957,-1.6282956984956558,-1.6107072205085224,-201.08996845584753,-1.0899684558474987,-1.079759085882395,-200.55868337823364,-0.5586833782336318,-2.5277693774948817,-201.98441213152063,-2.007030612833857,184.82109002817572,505.85776901857423,1.4332796616139531,358.61868138270773,408.4055838211434,4.693290825050431,451.74544437793855,210.6405783740917,-4.004688217708395,501.93633039988407,36.16709395136661,-10.43876131155611,1.827436227255935,-211.2907874352517,-14.915667759025023,-2.249380815970279,-201.7286420513093,-1.7286420513092553,-1.517077530539595,-200.89951336933535,-2.214015850323884,-0.9847858292597915,-200.4640470645988,-0.4640470645987681,-2.0141797950585985,-201.49318093943737,-1.492237362530304,-163.0454690157688,-76.55061215810991,-10.807864725128127,-162.56946688147954,-425.6445690595915,-9.626706546475141,-161.2262220187171,-875.1500208702506,-8.960432961733304,-2.0441071686350045,-201.4655190074605,-1.3149175792080474,148.99180916314108,-135.01544254246235,-2.77928384977507,150.06710530975377,-484.05570554166377,-0.8355659207802155,149.2007658875053,-934.8064858180983,-1.6944234257580497,-3.147577904437897,-202.6268391397769,-2.626839139776873
70,0.7,-1.0177297825482372,699.1525170342555,-0.5581794356791547,-1.891862132366444,548.5676882145026,-1.4323117854973615,-0.854548612470266,299.6050017343988,-0.394998265601184,-0.3961997985619612,399.7956197905833,0.06335054830712106,-2.877428321784464,198.64503812846482,-2.4178280640530487,-1.8817943731021747,98.56513116156175,-1.4348688384382677,4.916838459926773,1003.7458368855077,4.178906353420157,-215.35768067421026,506.9535900907831,2.7177395977863035,-344.94285557939344,417.57898369864813,-13.198238296896335,-459.74176210526,175.0377053556536,6.589826113046806,-494.2929088975729,44.39210310101789,1.366552153575342,-16.901031062791596,-183.4853617485482,-15.435193798465592,-1.767594233029326,-201.42967756624046,-1.429677566240421,-1.4358138549899562,-200.9762635081209,-0.9762635081208738,-0.452729978357427,-199.99146849380497,0.008531506195037605,-1.8357537705862939,-201.3065335964793,-1.3762034237172116,185.18609566203799,505.6600923143889,1.4413635037850516,357.92813510245844,409.1978409841924,4.992998478941548,453.073733605881,210.0620374164239,-4.423535330354918,503.05625810325176,37.51791398021361,-10.974306525031302,2.553384121646258,-212.67650386737319,-15.375789633782858,-2.332607054245162,-201.87305670737607,-1.87305670737608,-1.4906731333498386,-200.9792958864101,-2.1393329547871787,-0.7679818596041211,-200.30843151273504,-0.3084315127350388,-2.2134763057822466,-201.75222995280677,-1.7484980337453935,-163.16181320254407,-77.26213677928149,-11.398623329804366,-161.86490539776744,-425.6685959679419,-9.563697048072973,-160.97429331135143,-875.4025505477093,-9.10114568258718,-1.8681377760938926,-201.384472212957,-1.2653214122080492,149.0689834833979,-134.48868979102627,-2.0613239793276446,150.42415069863955,-483.32036557227104,-0.1337490989011283,149.96843052546868,-933.5892427489555,-0.5598777152321126,-2.7086765677179816,-202.24912622084895,-2.2491262208488996
71,0.71,-1.1076238878868945,698.6677299880655,-0.7917798614191017,-1.3401520801465991,548.9756919463211,-1.0243080536788065,-0.13806745457049735,300.1777765718973,0.17777657189729498,0.4506694213479249,400.58016233071874,0.7665134478157175,-2.4645802067588165,198.42020181160012,-2.148736180291024,-1.684362485253458,98.6282894887993,-1.3717105112007326,4.507778967555568,1003.4928475754389,3.9225727850082026,-214.64700912915958,507.1433017968892,3.1066164001381678,-345.2984600853419,417.645834468756,-12.29246913212722,-460.293408342343,174.9055790288556,6.724268738246189,-493.64280091976786,43.40669978799933,2.313837742265214,-16.11234018071304,-183.77530966166586,-14.694603651358655,-1.0820907907944393,-200.83135258168238,-0.831352581682384,-0.9418840485182481,-200.62604002205046,-0.6260400220504557,0.5832524031654686,-199.0941358895455,0.9058641104545191,-0.8529786178189068,-200.3700053640551,-0.5371345913511134,185.8708395672656,505.6527635069242,1.668816604761577,357.4104281725968,410.1075892113589,5.405084551925487,454.6150697633032,209.61940524296537,-4.678530034917134,504.6829735204778,39.38803845906106,-10.975139155641052,3.6418923953602578,-213.6971559860924,-15.42766577337824,-1.9375563505157736,-201.621712324048,-1.621712324047981,-1.2738076874717674,-200.93635899476686,-1.73363699196358,-0.3739178048446998,-200.0580737783769,-0.05807377837690719,-1.8705473105176362,-201.546090254352,-1.5345951343803357,-162.7803767069219,-77.61013013819098,-11.542437572042068,-160.71210268812044,-425.3829260464788,-9.149546950957635,-160.2597175064355,-875.3178616475495,-8.910772900433196,-1.186432692481715,-200.86275960155172,-0.7939038930873048,149.32775994085986,-133.8126238436376,-1.2276185367525871,151.05256994977034,-482.3571514722689,0.7282700237423003,151.09820364261464,-932.0421801418828,0.8650521285504638,-1.8306791108582003,-201.51483508439043,-1.514835084390408
72,0.72,-1.0977500994780334,698.2849004966326,-0.9286909746816928,-0.5861337421530805,549.5829253826432,-0.4170746173567401,0.6138045641424418,300.78286368893885,0.782863688938782,1.0606277277735001,401.12903285546486,1.2296868525698403,-1.9244122520129099,198.481815513155,-1.7553531272165694,-1.6132442276783685,98.55518634472962,-1.4448136552704187,4.118205230157592,1003.2632239700292,3.689250047037017,-214.30273227694033,506.9373245848486,3.105799256719382,-345.4641841711193,417.89758704879983,-11.135959996502317,-460.8813179850737,174.75299762395107,6.762328883224194,-493.31605044472127,42.20254502923177,3.007668940177673,-15.329998960183193,-184.22556233460153,-14.004306200419247,-0.3235666091864583,-200.18164762690586,-0.18164762690585068,-0.41718981787300263,-200.2481306930767,-0.24824705862265484,1.464082553384429,-198.3460123973255,1.6539876026745075,-0.072197261851763,-199.59089963379085,0.09686186294457744,186.60992746466673,505.6351057849102,1.930093528490198,356.8226736058602,410.9683500635939,5.763610068804501,456.18434538970786,209.21218468038373,-4.8668973547284615,506.3805154503658,41.42461253458055,-10.787047781394532,4.698326784362154,-214.657530885188,-15.37832097731126,-1.326433688605532,-201.15737456380919,-1.1573745638091917,-1.1081357586950809,-200.9320626256984,-1.3588137975200372,-0.1990726592043108,-200.03001353440797,-0.03001353440797045,-1.3077622685262509,-201.10463795045825,-1.0770625911569738,-162.1974315981088,-77.81161537711586,-11.49691122928698,-159.7838361411009,-425.3313937396328,-8.928385568018232,-159.49750301261923,-875.2485018053828,-8.726062388372151,-0.3450545391409705,-200.1740159168505,-0.14402844502385265,149.42799252645477,-133.2482096877163,-0.6375941961663973,151.86408804332243,-481.1880192840397,1.7141718299763737,152.10934773006164,-930.5668530319274,2.17830179134514,-0.8416207506660041,-200.67256162586966,-0.6725616258696637
73,0.73,-1.158875589504766,698.0204811309441,-1.0884012612970826,0.010565787022074447,550.0810401152297,0.08104011522975785,1.180219812361061,301.2506941405688,1.2506941405687442,1.2247876776527944,401.25301490376523,1.2952620058604776,-1.4606656918608019,198.68680602062352,-1.3901913636531185,-1.657994657359185,98.41238327921783,-1.5876167207821839,3.9386514744382257,1003.1962224914324,3.618192972638214,-214.4206874927727,506.2915513932814,2.670971878482279,-345.8913369453931,417.93126432146096,-10.134148489299054,-461.7708259245387,174.36262394456367,6.486657383679603,-493.3132099368428,40.83497353470372,3.4891144498516287,-14.74773677396768,-184.97330104831218,-13.5058283018397,0.21498983922497916,-199.72334694679952,0.2766530532004723,-0.09577994685479985,-200.0253056186471,-0.026064417324370037,1.7432296180404783,-198.13628928050392,1.8637107194960933,0.19940939448155048,-199.27581193574758,0.2698837226892341,187.1343917334235,505.3921583184291,2.0079363384132334,355.92778068933626,411.5967693588797,5.885811890102186,457.6477510938579,208.76314647298113,-5.060516564821066,507.61513879000796,43.14806833486419,-10.882716644408953,5.395844060069224,-215.82347059967822,-15.49600877012097,-0.80164812812212,-200.73117379991442,-0.7311737999144368,-1.0809518908103897,-201.00870414360435,-1.1866002492137433,-0.2990996501943699,-200.22862532198667,-0.22862532198668653,-1.0241677613172295,-200.8487652508325,-0.7972476972931793,-161.682351957687,-78.08554132695255,-11.505987482250344,-159.54506366115473,-425.9244632292129,-9.310226101867292,-159.08274055434532,-875.5520676925212,-8.873903626155043,0.23616454375025364,-199.69297134187445,0.31701702742189586,149.18978358242032,-132.92444167537434,-0.42622844251010117,152.7698415193701,-479.86095980864525,2.7889393301407495,152.66956554157514,-929.4446502468035,3.0985746105198535,-0.05015597320609729,-199.97968164499844,0.02031835500158602
74,0.74,-1.2655961877860673,697.9708749480662,-1.242716523248021,0.24041120998895277,550.263290874527,0.26329087452699923,1.5725103046025046,301.59538996914057,1.5953899691405506,1.0632711369749561,401.07236399122354,1.0861508015130021,-1.0832609995052143,198.95908665255138,-1.060381334967168,-1.697741833657529,98.32513783088052,-1.6748621691194825,3.957630915438251,1003.2775668354182,3.695123796201763,-214.73854457959368,505.47158596587315,2.0675219892701913,-346.6993719409675,417.6271847782805,-9.409323205704847,-462.90817325268495,173.78774599841665,5.950721073000292,-493.4950090930315,39.449883977278105,3.894752021299504,-14.31860766492186,-185.9625471962516,-13.14798014582801,0.5014006831780042,-199.47794745084502,0.5220525491549941,-0.049954700121488727,-200.02707503558347,-0.030928533231392163,1.322622039162285,-198.56107334433494,1.4389266556650093,0.10046620791406137,-199.36185986568404,0.12334587245210828,187.3140589271312,504.83557928846926,1.7754134957563084,354.76965823667194,412.0564192206329,5.835904863479868,458.9740293334414,208.24910037128566,-5.278794149489884,508.1997498832443,44.376188047784,-11.437692477381901,5.667314657767504,-217.2503467333733,-15.838765811292049,-0.46073655854584783,-200.43785689400778,-0.43785689400780126,-1.0144846588186351,-200.99125578737477,-1.0490101478104328,-0.41776473007583304,-200.39488506553778,-0.3948850655377865,-1.2663530973345558,-200.99176380869127,-0.9168062105894104,-161.30442678679367,-78.50368387533308,-11.636529924690036,-159.98481145768352,-427.16708696409387,-10.299476377137667,-159.12181722478778,-876.337064684644,-9.442805384775792,0.3571694456428983,-199.61989111417427,0.3826731188136509,148.77449053883691,-132.6776653925048,-0.391415901390087,153.61913514155538,-478.4852326690486,3.8698923941684735,152.74928131928596,-928.7028265223927,3.601573722247041,0.4722257208531097,-199.50489461460884,0.49510538539115595
75,0.75,-1.2390015928464684,698.226293141772,-1.2332167077125205,0.08993010977720133,550.0957149949112,0.0957149949111491,1.858423775502139,301.8642086606361,1.8642086606360868,0.8984273580274715,400.9007123745897,0.9042122431614188,-0.693009660320367,199.3166086988487,-0.6872247751864191,-1.5655870032062755,98.44019788192765,-1.5598021180723278,4.033458284306684,1003.3860621160732,3.7988462988264993,-214.9369631228255,504.77679329654563,1.5945919932701023,-347.6853422312864,417.1645623312346,-8.784849679368492,-464.103611371691,173.1943957754145,5.32091996538177,-493.73118190802404,38.16037310155958,4.330093182750021,-13.849219602336502,-187.01322704549983,-12.75589852831893,0.6556588162782653,-199.33899497813445,0.6610050218655379,-0.2012309409572468,-200.19544605582334,-0.2106869346725348,0.41575555757168586,-199.44252705427465,0.557472945725358,-0.01757868919328026,-199.5573380734042,-0.011642414967385828,187.19064889920438,504.04674035332783,1.2542267451398696,353.5827703985808,412.6010136789365,5.868297289012165,460.13105435673435,207.6225761912127,-5.577978453523658,508.39529138574824,45.35065989646178,-12.203857105569641,5.632893864769318,-218.8303438889264,-16.301744114750676,-0.16019737256247557,-200.15441248742854,-0.15441248742852784,-0.7452433016219284,-200.73940486387454,-0.7540074454804375,-0.34393271484824517,-200.3381478297143,-0.33814782971429735,-1.8632036505592415,-201.38716327774395,-1.3022251914091907,-160.97231705293353,-79.01207558194423,-11.805792639489916,-160.73320781475235,-428.7262488129886,-11.562578599588932,-159.41882873059978,-877.4217279655896,-10.249406181791143,0.14989650487144912,-199.8443186099946,0.1561980879410131,148.52642363289226,-132.18467175369187,-0.17608148080034935,154.19882880115188,-477.20988260407506,4.824994106331792,152.46495231199486,-928.2459528762821,3.7929874902033274,0.8071469764050467,-199.18706813846103,0.8129318615389945
76,0.76,-0.9814263985770781,698.73040918278,-0.9802872871544889,-0.25428074987876603,549.7468583615438,-0.2531416384561767,2.0054022149173436,302.00654132633997,2.006541326339933,0.9826603815152319,400.9831081783731,0.9837994929378214,-0.26908543549937747,199.73264155820672,-0.267946324076788,-1.1776607296387827,98.82347838178374,-1.1765216182161935,4.055240890523,1003.4288662805548,3.8365172237857044,-214.90816758471576,504.29744355928915,1.3422231343427562,-348.6580699057687,416.71281654199186,-8.093598682578786,-465.3017943010955,172.6166907909178,4.631926703391335,-493.9622204619202,37.01253733053025,4.832055123814839,-13.150731369763399,-187.9465003502744,-12.156299678855554,0.7543417469339615,-199.2445864153308,0.7554135846692148,-0.3719078118668646,-200.3707687004443,-0.41771391226800947,-0.6158307081644266,-200.46065989122357,-0.4606598912235349,-0.002975163802697932,-199.68861036823017,-0.0008488714947347195,186.927735300867,503.2017128516461,0.5903906105898553,352.4874940420856,413.37855853329893,6.131740403746686,461.00803853851653,206.75973310718794,-6.114001771751187,508.58590416243067,46.4379297647385,-12.808602932550354,5.485513873433657,-220.3813042190155,-16.706046730256258,0.2652671583568248,-199.7335937302206,0.2664062697794143,-0.390817999268929,-200.38967888784637,-0.39255430436320227,-0.15440980652362346,-200.15327069510107,-0.15327069510103386,-2.416000117707894,-201.73064330903185,-1.6556857109299674,-160.60262591155066,-79.58065397436297,-11.937760552036078,-161.34752121136614,-430.184784633576,-12.681894229843017,-159.69647406351345,-878.5360892311974,-11.031011367901808,-0.06524043957674408,-200.06410132815415,-0.06402208995936931,148.66264301513237,-131.2471800568099,0.43429469663473785,154.3493417287114,-476.16267273892925,5.526964059052531,151.8857573219555,-928.0234798979566,3.745125074229383,0.9778779332475467,-199.02098295532986,0.9790170446701363
77,0.77,-0.587965242578313,699.291609791973,-0.587790554183869,-0.5098017909908406,549.4903728974036,-0.5096271025963968,1.9245756633251814,301.9247503517197,1.9247503517196254,1.3278324516096007,401.3278999628499,1.328007140004045,0.08199619956235205,200.08217088795678,0.082170887956796,-0.6084126878983833,99.39176200049596,-0.6082379995039395,4.0070228734757745,1003.3987905064375,3.8009466745461618,-214.74504435892982,503.9324582451261,1.2091018694651205,-349.6105134526281,416.26430965966495,-7.343447570666258,-466.54468784425086,172.00078261611512,3.830632500364487,-494.174999246594,36.02030421183328,5.39998960331539,-12.154165337573101,-188.69328770375284,-11.285901699513282,0.7798010637449369,-199.22002424786066,0.7799757521393806,-0.34528772744777414,-200.34511303905336,-0.45772874786733836,-1.4322943402133141,-201.29618714879916,-1.296187148799146,0.03481811201112446,-199.79286465409703,0.040006118606991874,186.74425256606642,502.4815814004422,-0.005417440435408358,351.42528596568036,414.30970376567655,6.5476801719378015,461.52011647424797,205.57177157696213,-7.018541354391509,508.920434110752,47.77752962203272,-13.106530030126292,5.449428519264379,-221.68138787743072,-16.833377383781702,0.7662315575247551,-199.2335937540808,0.7664062459191989,-0.2251070450725769,-200.22493235667815,-0.22537331608274203,-0.09035007554934282,-200.09017538715491,-0.09017538715489884,-2.598741132751808,-201.8232462191537,-1.7717286656143225,-160.2030136717101,-80.26587935861635,-12.043012345912135,-161.51849811006826,-431.244081079783,-13.358405179812944,-159.8105418861989,-879.5365555922406,-11.650448955943585,-0.06605589814621471,-200.06588120975178,-0.06588120975177103,149.12894205797755,-129.92901023823134,1.3810015255814394,154.08021702432552,-475.38821361705067,5.923777650252207,151.06808247977102,-927.9883157537265,3.5299118183955986,0.9291999722200188,-199.07062533938557,0.9293746606144628
78,0.78,-0.23291970575821944,699.7279273190591,-0.23291970575821935,-0.5301790962724571,549.4698209037275,-0.5301790962724572,1.5751581456568875,301.5751581456569,1.5751581456568877,1.7077834508933591,401.7079951699477,1.7079951699477367,0.23693719546568895,200.2369371954657,0.23693719546568923,-0.04743582883646458,99.95256417116344,-0.04743582883646469,3.932947054607301,1003.3428682378587,3.73916715154846,-214.55426435911397,503.57287968831633,1.0860296381576482,-350.6130929310274,415.7341912432289,-6.613989880265023,-467.7800870671013,171.39294564034688,2.964232832339264,-494.40340550028253,35.16482227655416,5.991536327484841,-10.940156869101553,-189.32749213628193,-10.22406946797081,0.7190521437631043,-199.28094785623693,0.7190521437631043,0.01595136112117672,-199.98404863887885,-0.194442481613958,-1.890116644410976,-201.79669169244636,-1.7966916924462983,-0.015671164296096884,-199.92617327893515,0.004156893826946895,186.81042149162514,501.99499767770766,-0.36533930074163773,350.3632932196484,415.2265542519227,6.949067127708265,461.7203348396563,204.11350071635417,-8.24595209177457,509.24448948048416,49.21071331888798,-13.250834140063944,5.676845110658514,-222.5758898124382,-16.5328445611739,1.1029432284102132,-198.8970567715898,1.1029432284102132,-0.3801806345440435,-200.3801806345441,-0.3801806345440435,-0.2685505213778334,-200.26855052137785,-0.2685505213778332,-2.344089452123606,-201.65987175487018,-1.6322963955688812,-159.81202001340228,-81.10265301263182,-12.160166402210423,-161.18321964608305,-431.8437255724076,-13.531366034891176,-159.80825120166713,-880.4688231835469,-12.156397590475283,0.08887926128821033,-199.9111207387118,0.08887926128821014,149.6842828467288,-128.47505359344953,2.419989041654618,153.5516993573202,-474.82668054375085,6.0687518787015335,150.18422454797636,-927.9715167913655,3.3125241858859495,0.6692804274058453,-199.3307567171492,0.6692804274058451
79,0.79,-0.02431758393777752,699.9657829936425,-0.024317583937777505,-0.4256123630906078,549.5743876369094,-0.42561236309060796,0.9907494660283437,300.9907494660284,0.9907494660283438,1.832560176032001,401.8339407576899,1.8339407576899234,0.17042580220205716,200.1704258022021,0.17042580220205744,0.3137141782187072,100.31371417821862,0.3137141782187072,3.8896071150556857,1003.3183068318561,3.7083851991408308,-214.2898787345864,503.26467514307217,1.018727188915014,-351.687215306255,415.08003418301064,-5.93363688652529,-468.8280712973641,170.9695355556757,2.2101823810070567,-494.71319841804154,34.399160078107805,6.534205540896931,-9.674118898047023,-190.00483420171747,-9.130543710673171,0.6327610093017565,-199.3672389906983,0.6327610093017565,0.6447785948797541,-199.3552214051203,0.3386573600116013,-2.1154741551388807,-202.065467381891,-2.065467381890949,-0.12243182337168093,-200.0387386233466,-0.061357104659755135,187.14874981563426,501.7262736222715,-0.4669358372971735,349.41110988356553,416.0361724518699,7.243857949883873,461.7497156970011,202.529787611815,-9.591050123066728,509.2827218941813,50.459131886776305,-13.514653342986898,6.1112596963724695,-223.1175374727664,-15.861244658889724,1.109795112120335,-198.8902048878797,1.1097951121203353,-0.7589497955453373,-200.7589497955454,-0.7589497955453374,-0.5570714978820885,-200.55707149788213,-0.5570714978820883,-1.8274393722938913,-201.3571838846126,-1.3456887646408586,-159.42839441870035,-81.98695626935313,-12.286926650073255,-160.56754511771004,-432.2092774871676,-13.426077349082949,-159.82423735734838,-881.465969726806,-12.682769588721282,0.14887478017461853,-199.8511252198254,0.1488747801746183,150.07570762069756,-127.1399594434457,3.296683683900179,152.95777845120995,-474.34909680072303,6.087606102448683,149.50318626593975,-927.7037370653022,3.298895310168747,0.3301158415088426,-199.6701263714159,0.3301158415088426
80,0.8,0.03084276340252505,700.0288934515503,0.030842763402525078,-0.39319487526581093,549.6068051247341,-0.393194875265811,0.2698190003317471,300.2698190003318,0.2698190003317471,1.6054893346303862,401.61250050680434,1.612500506804361,-0.027330380104892305,199.97266961989516,-0.027330380104892082,0.3827697414431862,100.38276974144314,0.3827697414431861,3.903117901513447,1003.3513940758867,3.73488792365481,-213.749323871064,503.21089479553507,1.2099928471391648,-352.79726584778564,414.31455756793616,-5.273421564193624,-469.487049209007,170.92912048757347,1.7683221640307163,-495.1059341829406,33.71678555508674,7.019663871146391,-8.484905051482645,-190.8434277902806,-8.124966858042008,0.5971101839780347,-199.40288981602203,0.5971101839780346,1.2985224047733408,-198.7014775952267,0.9516416010315869,-2.3131024041908317,-202.2922564796972,-2.2922564796970937,-0.21941813599315996,-200.06718865451623,-0.07290750218913106,187.6761543631239,501.5908785624467,-0.39290170355620563,348.69990875393444,416.76560301180245,7.460240906281044,461.76616460896184,200.98261552339054,-10.793224719849512,508.86114916350573,51.345322083142804,-14.070599552771114,6.533861381547231,-223.52194801243186,-15.038502852752174,0.8865077604183366,-199.11349223958172,0.8865077604183365,-1.1681803536539344,-201.168180353654,-1.1681803536539341,-0.7072346512691354,-200.70723465126918,-0.7072346512691353,-1.2865315554078025,-201.03482193130264,-1.0310900122412034,-159.04034582413075,-82.74749370872527,-12.410209246718779,-160.04383145899936,-432.71207543525145,-13.413694881587364,-159.90622883998032,-882.574706219756,-13.276325666091969,-0.06766630528673473,-200.06766630528676,-0.067666305286735,150.1952120833344,-126.03309628915967,3.901535461639713,152.44539397763683,-473.81247318209034,6.122125369294139,149.23681551701685,-926.9676911504905,3.6082904412742924,0.08351988353600237,-199.91771017519187,0.08351988353600243
81,0.81,-0.011584210467820155,699.9881168528777,-0.011584210467820155,-0.46755881032390123,549.5324411896761,-0.46755881032390134,-0.42765649505152525,299.57234350494855,-0.4276564950515251,1.2113169950277132,401.2390467188934,1.2390467188933885,-0.20474880740039958,199.7952511925996,-0.20474880740039914,0.1748152712614257,100.1748152712614,0.1748152712614255,3.943905925608132,1003.4125543565006,3.7890991625975348,-212.7828127293136,503.56201394443826,1.8100449577388442,-353.8875942277564,413.4929514162877,-4.584226393059876,-469.6590657235623,171.366920274968,1.7353143697051685,-495.4781546344593,33.16687249071473,7.544332519180516,-7.4017177151875195,-191.8610351383664,-7.226154552261896,0.6125774334889735,-199.3874225665111,0.6125774334889734,1.7299279829588663,-198.27007201704117,1.4238067480907133,-2.4800563725118656,-202.4732886916907,-2.473288691690608,-0.3358366228268237,-200.06099261562616,-0.06211872350161385,188.34761174783608,501.55995887243466,-0.18768107500894005,348.2195469181591,417.4981021840897,7.683171181851028,461.94797698157697,199.65431173136776,-11.617343501146518,508.001423752297,51.88671934930389,-14.896763579129207,6.768614875378948,-223.96282833584436,-14.24285510184497,0.6908609627285861,-199.30913903727145,0.6908609627285862,-1.4523402065691131,-201.4523402065692,-1.452340206569113,-0.5836268119971767,-200.58362681199722,-0.5836268119971766,-0.8361536090787494,-200.7312254268018,-0.7302818498946757,-158.69622321255773,-83.3517888010266,-12.576953452059644,-159.827033500732,-433.56576960800567,-13.70776374023393,-159.95575989256005,-883.6960179819935,-13.838012114221666,-0.49324509814973944,-200.4932450981498,-0.4932450981497397,150.12009714429306,-125.0784636102179,4.310440909816185,152.08412121794237,-473.12178400460505,6.266980263493989,149.40887090368324,-925.7258891337216,4.229004634437579,0.024174314396091856,-199.98069066224622,0.024174314396091856
82,0.82,-0.06566057676992954,699.9343394232301,-0.06566057676992954,-0.5037143719780509,549.496285628022,-0.5037143719780512,-0.9503487922231044,299.04965120777695,-0.9503487922231042,0.9120398530053726,400.9974534156722,0.9974534156722692,-0.22825384415091965,199.7717461558491,-0.22825384415091954,-0.2540155395378926,99.7459844604621,-0.25401553953789274,3.959127860796915,1003.448941844623,3.8181726704117542,-211.53869687126272,504.17039544049055,2.670984592161217,-354.90339862233253,412.7159061712614,-3.8178179611808045,-469.4606862994053,172.16375871912487,1.993589730377151,-495.73885701904965,32.75707920927859,8.191800357254367,-6.428425372908294,-193.049644246345,-6.434337278077357,0.6192086626776132,-199.38079133732248,0.6192086626776132,1.8296845337227694,-198.1703154662773,1.619290690987635,-2.4107567373431866,-202.40904559965986,-2.4090455996598044,-0.5722550712565255,-200.17382518347517,-0.17399787771101613,189.19164884013037,501.6764057516434,0.17784734168587069,347.82263033371396,418.277675554809,7.961032186549579,462.43031116201337,198.68383403391007,-11.961395467353316,506.87693023201916,52.25159892365413,-15.820789937640203,6.7911917404537085,-224.46322695715406,-13.502080347754319,0.6867382254718317,-199.3132617745282,0.6867382254718316,-1.5375697109463495,-201.53756971094643,-1.5375697109463498,-0.2838441065325422,-200.2838441065326,-0.2838441065325423,-0.43572516069208544,-200.40165996742053,-0.40147416611097286,-158.51017372774524,-83.99209579963299,-12.89986696688074,-159.811014155614,-434.66280915459674,-14.200707394749482,-159.84294012942885,-884.7024643915856,-14.240362631738332,-0.8740302574120227,-200.87403025741207,-0.8740302574120227,149.99409490016708,-124.13373806850223,4.665698520072887,151.85432455116478,-472.27439363157237,6.524440660917645,149.83657411699681,-924.1447475486752,5.043687382047147,0.10954463442560083,-199.90544054859754,0.10954463442560075
83,0.83,-0.04429561719069386,699.9557043828092,-0.04429561719069386,-0.3610604781818696,549.6389395218181,-0.36106047818186976,-1.267032441647287,298.73296755835275,-1.267032441647287,0.8017253976101285,401.00662188286145,1.0066218828614564,-0.04664783543242956,199.95335216456758,-0.046647835432429785,-0.8174727846097158,99.1825272153903,-0.8174727846097158,3.9253454393749125,1003.4371153927037,3.798667016064761,-210.44222850502314,504.6115267614398,3.368275776891725,-355.79852670433405,412.10241379509813,-2.934623637236668,-469.19547589551894,173.01359517706038,2.2388738264189465,-495.92407766624683,32.406931443233645,8.918302315870754,-5.614228861544476,-194.44695380320405,-5.809425605754832,0.6029492734754835,-199.39705072652458,0.6031851735652873,1.6654109080325687,-198.33458909196747,1.5527951992185607,-1.9858070499795004,-201.98547010699184,-1.9854701069917606,-0.9751934055799862,-200.52390888279123,-0.5239088827911567,190.20031232667208,501.93970219931145,0.6963390600734934,347.37614783901796,419.09302014071164,8.29374197622797,463.17287497238783,198.03444632353083,-11.943431177118834,505.75736369816525,52.70368067151604,-16.57528577939895,6.679520749795447,-224.9449835166028,-12.742928848282556,0.8720150300839111,-199.12798496991613,0.8720150300839109,-1.4213317088672317,-201.4213317088673,-1.4213317088672317,-0.05467941892555439,-200.05467941892562,-0.054679418925554515,0.01093367205957621,-199.9804532982427,0.01957519531104414,-158.5799326781437,-84.92311603159153,-13.475220276124517,-159.72515662785406,-435.73105726411023,-14.620444225834863,-159.5128495233265,-885.5493199884477,-14.438706950172177,-0.9857690488346473,-200.9857690488347,-0.9857690488346473,149.88240448441599,-123.13533766216928,5.031048929017113,151.69702814878178,-471.3190696556419,6.845390365306493,150.25290874544754,-922.494511268442,5.879988254869835,0.20652839235137635,-199.82941919297843,0.20652839235137618
84,0.84,0.09378076274548075,700.0937807627455,0.09378076274548075,-0.024959428357971672,549.9750405716421,-0.024959428357972005,-1.4444407920485758,298.5555592079515,-1.4444407920485758,0.8153241537007545,401.1981211839636,1.1981211839636183,0.31050571881282074,200.3105057188128,0.3105057188128206,-1.3223829157974611,98.67761708420252,-1.3223829157974611,3.837787568693928,1003.3723006512257,3.7258076999572642,-209.85133706424062,504.52824252012977,3.545337656836474,-356.5317950053985,411.7287721291161,-1.9000265695166019,-469.1262828024122,173.65125057628185,2.207907414756537,-496.134020493805,32.05099122679256,9.615656938365076,-4.940676352139598,-196.02458962506603,-5.351998458846554,0.6406218998441706,-199.35937810015588,0.642160161660251,1.4341737482302603,-198.5658262517698,1.387228536406526,-1.3322628683402307,-201.33221119645958,-1.3322111964595174,-1.4395941325252817,-201.0413369389798,-1.0413369389797722,191.26194316518604,502.24124608390855,1.2567574417973453,346.8592485724647,419.924993361828,8.684163744097987,463.9881722106365,197.52195512046055,-11.801757693496812,504.96144953007865,53.55488313914148,-16.84507837839886,6.556313845119366,-225.28619417886858,-11.84856497659427,1.210046036442288,-198.78995396355776,1.2100460364422878,-1.1362104730295528,-201.13621047302962,-1.1362104730295528,-0.07069074731514052,-200.0706907473152,-0.07069074731514063,0.562699046472624,-199.4356049474211,0.5643950525790046,-158.85858022825815,-86.19861056763186,-14.254607865815508,-159.39546045913463,-436.5948904438172,-14.79148809669197,-158.972951452248,-886.2665431388687,-14.463140791743399,-0.7586335628692775,-200.75863356286933,-0.7586335628692776,149.7769744865045,-122.09329253086418,5.396961861535225,151.6149963974728,-470.25136445276075,7.234810375540611,150.5006653331131,-920.9772231214562,6.599157696336459,0.22422462784725683,-199.8429343031245,0.22403734652558221
85,0.85,0.3154881791020341,700.315488179102,0.3154881791020341,0.4291355447587101,550.4291355447588,0.42913554475870974,-1.5025154719766647,298.4974845280234,-1.5025154719766647,0.8935315545948759,401.4504979471687,1.4504979471686865,0.7827167842339684,200.78271678423397,0.7827167842339683,-1.4933158302900083,98.50668416970998,-1.4933158302900083,3.6746723455948707,1003.232712083578,3.57780916915535,-209.7293160373947,503.95803669108875,3.2434100069255525,-357.08959828090167,411.5676598107344,-0.7069507357410386,-469.295643135896,174.03201201617517,1.8580449655278886,-496.4274271789229,31.704305750692505,10.216965694308673,-4.177795567413255,-197.55200223933832,-4.8392207229760675,0.8039087929354518,-199.19609120706457,0.8117207310264027,1.3043315819024737,-198.69565241738545,1.2891067037653612,-0.6958265061447144,-200.69582650614478,-0.6958265061447146,-1.7453782626981025,-201.4716603633729,-1.4716603633728924,192.22355826196292,502.4294243065171,1.7067545298539055,346.2784238764237,420.7242238899812,9.107792311535917,464.7268857238936,197.00008369986028,-11.688350075588474,504.6944251086285,55.00284718930884,-16.429700777188735,6.546257434360298,-225.36400327901902,-10.701334966424302,1.671478288886585,-198.3285217111135,1.6714782888865847,-0.7157339600046166,-200.71573396000468,-0.7157339600046169,-0.28138865403024205,-200.2813886540303,-0.2813886540302422,1.1927923297405674,-198.8069475792993,1.19305242070078,-159.1187578702508,-87.59506469490819,-15.009169391559684,-158.83125455834187,-437.26191513093727,-14.721666079650763,-158.27348875005399,-886.9300315030664,-14.389782451779903,-0.24892943918300062,-200.24892943918303,-0.24892943918300078,149.7059902315119,-120.98283546318788,5.790128105699866,151.68395682134235,-469.00050403722184,7.76767873784003,150.61083227792167,-919.6311972809057,7.16653844204493,0.1842563042903472,-199.9134593636885,0.18303507666709123
86,0.86,0.5520717477082734,700.5520717477083,0.5520717477082732,0.8938522511749817,550.8938522511751,0.8938522511749811,-1.3888074145042704,298.61119258549576,-1.3888074145042704,1.020842234106939,401.65196784026216,1.6519678402621627,1.263694945900061,201.26369494590008,1.263694945900061,-1.190233427751421,98.80976657224853,-1.1902334277514217,3.4329642538334317,1003.0153101640692,3.351632015724891,-209.70033967738152,503.2775449265241,2.851040405941885,-357.5491829976835,411.46320748711514,0.5608897454231343,-469.61978170891,174.2376402051687,1.2732508236103384,-496.8706577460919,31.345475545347625,10.647604692134525,-3.0148933325580582,-198.74240012573387,-3.943689616907054,1.030370754292086,-198.96962924570795,1.0612675687965032,1.242894965899243,-198.75700069635124,1.2391458060008465,-0.25541119043048865,-200.25541119043055,-0.25541119043048865,-1.7167526258641708,-201.57024199206015,-1.5702419920601418,192.98454952338037,502.40468480815605,1.9463692396465424,345.5542222446393,421.3615212211183,9.43339025878834,465.34267271396294,196.4252594998868,-11.628856014992852,504.8350607738456,56.91800617536006,-15.456328604486746,6.656241949031466,-225.17434847181153,-9.302486982523241,2.1056454875365835,-197.89435451246345,2.1056454875365835,-0.2008277927387316,-200.20082779273878,-0.20082779273873172,-0.4896239847974284,-200.48962398479745,-0.4896239847974284,1.7426943047660228,-198.25730569523404,1.7426943047660228,-159.12202559066628,-88.83134118207177,-15.498951697888646,-158.1412971697203,-437.8390715812045,-14.518223276942669,-157.51394848682656,-887.6337263687308,-14.312878064468997,0.38128502089211747,-199.6187149791079,0.38128502089211735,149.74479715644674,-119.73559437362626,6.28438773988618,151.9233470231903,-467.55810033196803,8.46216049535644,150.67717135157432,-918.3985760939682,7.6150566516216465,0.14316431905900828,-199.9675620389516,0.13696241344833526
87,0.87,0.7491695714287094,700.7491695714286,0.7491695714287093,1.212705338986194,551.2127053389862,1.2127053389861933,-1.134149769749763,298.86585023025026,-1.1341497697497624,1.1128653818232483,401.66983177439704,1.6698317743970583,1.530509795508551,201.53050979550858,1.530509795508551,-0.6038777384892908,99.39612226151064,-0.6038777384892915,3.2024313757340135,1002.8098585903199,3.137040189403215,-209.45942338524117,502.7926041435124,2.698881340443738,-358.0987916676052,411.1755586166936,1.7088702278450385,-470.0899430006021,174.27504598225366,0.462761588586151,-497.6535205482149,30.780514467606373,10.709469173332591,-1.3677202932973342,-199.57424502967137,-2.5526698299230484,1.0977097596452463,-198.90229024035477,1.1928786482596478,1.041616506695354,-198.95785362249106,1.0413875788317293,-0.07889903583569535,-200.07889903583572,-0.07889903583569557,-1.3628133909785198,-201.3017386722666,-1.301738672266594,193.520194630856,502.1432449873293,1.9515372584532042,344.5699092003409,421.6934980010876,9.459428385604589,465.74923479208894,195.71367735107452,-11.690863992119372,504.93715510663355,58.84513734701697,-14.37823335459013,6.661640302972302,-224.9455645695843,-7.885748832773491,2.216724872760624,-197.78327512723942,2.216724872760624,0.3169131642080395,-199.683086835792,0.3169131642080394,-0.5638236223531338,-200.56382362235314,-0.5638236223531339,1.9268740247142278,-198.07312597528585,1.9268740247142278,-158.8361246781497,-89.83725951335902,-15.69017661785065,-157.44824877698719,-438.44711101912435,-14.302300716688123,-156.8153957404275,-888.428269408965,-14.283459106528738,0.8465029137128044,-199.15308658434017,0.8465029137128043,149.8804909664697,-118.37700443535735,6.865325278832252,152.17023437088113,-466.09738818122605,9.15393799301279,150.67764131468147,-917.2695275323861,7.932701914091655,0.0830479013258873,-200.0146677666529,0.05851888880736433
88,0.88,0.849328116920228,700.8493281169202,0.849328116920228,1.1815545221208374,551.1815545221209,1.181554522120837,-0.9220201216671583,299.0779798783328,-0.9220201216671584,0.9893113674071912,401.37210839767,1.3721083976700545,1.3146772064368797,201.31467720643693,1.3146772064368797,-0.1526490280800208,99.84735097191991,-0.15264902808002145,3.1438327389756244,1002.7771116309345,3.094788345511434,-209.09356626048825,502.4171408406785,2.729063374111982,-358.93924376226585,410.4987150734488,2.5298982516602058,-470.77207287099156,174.07661524588042,-0.63864703478214,-499.03625554708503,29.721215434853498,10.134066214871396,0.5207366956718478,-200.36354366929584,-0.8894076931004771,0.7490514675847354,-199.25094853241526,0.9773497632361303,0.5416251766801502,-199.45627914359872,0.5436044908552959,-0.18051670689765675,-200.18050664786924,-0.18050664786923454,-0.8630200669121209,-200.84319200878906,-0.8431920087890767,193.844476141187,501.66004034074774,1.736909256480578,343.29331680478657,421.67600259424864,9.051044911290221,465.7374563483677,194.65843487921322,-12.07409907310215,504.52541880123516,60.29930830173677,-13.678838310686576,6.211985930940186,-225.0325361589632,-6.811453550428521,1.7954081997274678,-198.20459180027254,1.7954081997274676,0.6778758506602889,-199.32212414933971,0.6778758506602888,-0.5263299285529065,-200.52632992855288,-0.5263299285529066,1.5169873030724332,-198.4830126969276,1.5169873030724328,-158.4203660094136,-90.75264261548878,-15.740634372847026,-156.86231206728294,-439.19424015992297,-14.182580430716358,-156.3041824041103,-889.3318765947411,-14.32021686553454,0.8531024353626941,-199.1442207556923,0.8531024353626944,149.92851866369426,-117.10567206416991,7.346875814056059,152.12137533746827,-464.916121063752,9.538451247943998,150.45690642921448,-916.3338361135245,8.019365877018073,-0.08412753353501598,-200.1515766524832,-0.1596822111818915
89,0.89,0.7695213166799062,700.76952131668,0.769521316679906,0.6699536758829152,550.6699536758829,0.6699536758829144,-0.9050597724734784,299.09494022752654,-0.9050597724734785,0.538420282160216,400.74331676741144,0.743316767411543,0.5419902243721956,200.5421432916163,0.5419902243721957,-0.13989652960641918,99.8601034703935,-0.13989652960641963,3.354596652641729,1003.0144924625868,3.3223001822391347,-208.93538995070045,501.8197516603513,2.606016354613677,-360.1503577904367,409.3700550138864,2.938014687466473,-471.60389479356866,173.7031384929208,-1.9678380433138252,-501.1006451176188,28.059904484621626,8.831480727895977,2.270333150953808,-201.4664005390639,0.6705163912897417,-0.08936917077371731,-200.0893691707737,0.33714819716566813,-0.20909198764408815,-200.20263683965712,-0.2026368396571031,-0.5555431324729165,-200.55547753936804,-0.5554775393680473,-0.43078557827457,-200.42577226007313,-0.4257722600731463,193.9786547591723,500.9772965344242,1.3244232576374897,341.78134155877916,421.35972369016486,8.214057389159555,465.16339222931913,193.11751976367617,-12.919800687682763,503.4348580669846,61.105328908959955,-13.532266693235593,5.143939698313969,-225.6027950693799,-6.252609063971789,0.9412763710413146,-199.0587236289587,0.9412763710413143,0.7150929861220441,-199.28490701387796,0.7150929861220441,-0.4513125170861656,-200.45131251708614,-0.4513125170861658,0.6012394026353266,-199.39876059736469,0.6012394026353265,-158.02525794924674,-91.72015208240958,-15.79931669051983,-156.4760604026331,-440.17095453579594,-14.250119143906156,-156.1143615476841,-890.4232671072473,-14.502431715357435,0.3494722562328746,-199.636933786262,0.3494722562328746,149.67651246678756,-116.13438952406034,7.515164148865837,151.53395798508717,-464.23198760676064,9.371478976934512,149.90006141924903,-915.6648555854923,7.798693583313425,-0.4076225532002957,-200.44546240183521,-0.5888688027510333
90,0.9,0.4827904336190342,700.4827904336191,0.48279043361903395,-0.23370690761016216,549.7662930923898,-0.2337069076101625,-1.003190886722229,298.9968091132777,-1.003190886722229,-0.12945823285973734,399.95595532980707,-0.04404467019284186,-0.541771918480313,199.45922620533116,-0.5417719184803129,-0.5363703744203375,99.46362962557959,-0.5363703744203375,3.768648713809399,1003.4559211777926,3.7534964485764055,-209.14214453316438,500.84512860353504,2.102846120162638,-361.64907828807156,407.88738630146986,3.01001865676047,-472.28238357659404,173.4563419757543,-3.220884257340092,-503.55024616197056,26.07615105848904,7.090220264904761,3.5889006706102045,-202.94864968842893,1.829801356015616,-1.1524570274936061,-201.15232130437988,-0.5318779189562478,-1.0090446683121714,-200.9935595732873,-0.9935595732872915,-1.1463413963784366,-201.14600828710596,-1.1460082871059623,-0.19017845433035235,-200.18919127344498,-0.18919127344497838,193.9608025806607,500.13406143050565,0.7528369694238917,340.10770694742934,420.8134245893189,7.0646528157944335,464.20086568430736,191.26643326491575,-14.058201940771925,501.9029257950346,61.489976377950725,-13.71111438379232,3.659216128470142,-226.45664666764313,-6.0151489704195535,-0.005439044584902131,-200.00543904458488,-0.00548962728660457,0.3707734426406356,-199.62922655735937,0.3707734426406356,-0.35613347173505405,-200.35613347173506,-0.35613347173505405,-0.4146349139688301,-200.41463491396885,-0.41463491396883,-157.69668417675138,-92.7822899881003,-15.910599934228422,-156.35835767854974,-441.4439634898988,-14.572273436026803,-156.30664249097242,-891.8142517727415,-14.942561718869513,-0.3757865184038993,-200.32202137350308,-0.3757865184038993,149.11030231490122,-115.4492717582919,7.354522602844256,150.4240652165725,-464.0061765921169,8.667508393242187,149.1036453187579,-915.1658209863895,7.367338418171082,-0.8191445940572815,-200.843739483073,-1.1577571670801987
91,0.91,0.1282891220267608,700.1282891220267,0.12828912202676057,-1.2164535501375944,548.7835464498623,-1.2164535501375946,-0.9726104293564856,299.0273895706435,-0.9726104293564855,-0.7513779488697052,399.2763517749959,-0.7236482250040307,-1.5233349678424237,198.48173392312282,-1.5233349678424237,-1.0792957301603228,98.92070426983958,-1.0792957301603225,4.192268725918889,1003.9076717046103,4.194651864133927,-209.5250967377651,499.68507879278764,1.300617908211522,-363.2474282503419,406.24405884362125,2.9271253849820806,-472.43365923039903,173.70899780286766,-4.022776046518733,-505.7972607336868,24.34656380026295,5.490420725796917,4.400369687462871,-204.54275441380125,2.5012538070977937,-1.9213828570573455,-201.92049783118227,-1.218174600212648,-1.6262912377227128,-201.59736127154207,-1.5973612715420265,-1.7791111100003143,-201.77779363727052,-1.777793637270562,-0.1261826080680879,-200.12603121897615,-0.12603121897614122,193.873276848372,499.2136776137677,0.10520061555090576,338.3871475494173,420.147486904294,5.806468161495143,463.28639984752624,189.54317634728665,-15.06856482503757,500.3737534424579,61.8863058077145,-13.782134919238452,2.132368606013995,-227.21744412724476,-5.728410452645017,-0.7147704037335956,-200.7147704037336,-0.7151002443820145,-0.21630483057241445,-200.21630483057243,-0.21630483057241445,-0.1951644775751475,-200.19516447757513,-0.19516447757514743,-1.1185709560204946,-201.11849620451937,-1.1185709560204944,-157.41369511765748,-93.91553236870259,-16.052041904719406,-156.50807536070985,-443.00991261175506,-15.14642214777179,-156.73837533732143,-893.4660947687837,-15.602911569671068,-0.9261475942411441,-200.76053928903315,-0.9261475942411441,148.44119077044968,-114.79444751827762,7.074771281081527,149.1084969400055,-463.9265950652832,7.7416614929470615,148.3518075284647,-914.5722376800916,6.9903115368778534,-1.1767795761942357,-201.2196516773219,-1.6694579628243593
92,0.92,-0.04175893133417441,699.958395473421,-0.041758931334174854,-1.8781943618036623,548.1219600429514,-1.8781943618036623,-0.649582510121371,299.35057189463373,-0.6495825101213708,-1.1189352769611174,398.888230299968,-1.111924104787143,-2.058134490317083,197.9620677671055,-2.0581344903170824,-1.4899084791541264,98.51024592560088,-1.4899084791541266,4.412288486206705,1004.156415190799,4.432592908133724,-209.77442096049725,498.65296500988654,0.4568274360437743,-364.71629231381615,404.66575470027544,2.9083578469985736,-471.9174819606276,174.60041782910199,-4.231207092945688,-507.30895604226544,23.39499961545023,4.557501381647755,4.906730460331562,-205.8690438317259,2.8677865367458772,-1.9619562743132024,-201.95730733730562,-1.3413771657758435,-1.854541080002011,-201.81229382282885,-1.8124482275839178,-2.1557778053345884,-202.1515652988793,-2.1517197036344164,-0.10194529872106894,-200.10179089396598,-0.10194529872106883,193.85716630098167,498.3583819046162,-0.4766976469359445,336.8614134596447,419.59965371725957,4.737764489970102,462.7731305374165,188.3023696012113,-15.631356054358447,499.19855454677986,62.63429087932296,-13.405746546428734,0.7957314106871264,-227.64812504627247,-5.1634032265235055,-0.9969965127035991,-200.9968421079485,-0.9986715817317651,-0.7514852935805452,-200.75133088882546,-0.7514852935805452,0.09675224468789491,-199.903093350557,0.09675224468789502,-1.330214493455161,-201.32957264768214,-1.330214493455161,-157.06355574715883,-95.00469823852158,-16.10943505866849,-156.7565815682667,-444.69772405962954,-15.802629110953873,-157.06926700039617,-895.104571193697,-16.21131163248757,-1.1141197843669557,-200.7166917077726,-1.1141197843669555,147.92933329572242,-113.88841257867514,6.934603763378011,148.05286749105005,-463.55480200901525,7.057964561742754,147.95300177681665,-913.5931396468092,6.959241738668205,-1.3658963311262582,-201.48404217031788,-1.9241740827956422
93,0.93,0.13968771381798362,700.1406945592975,0.13962291677928163,-1.9185101273480891,548.0824967181313,-1.918574924386791,-0.06218285731813675,299.9388239881614,-0.062247654356838544,-1.1748887532564423,398.827498673881,-1.173572968637222,-1.9818631667190008,198.08089541233136,-1.9819279637577023,-1.5843233653625688,98.41668348011686,-1.5843881624012703,4.2908193272493245,1004.0637127252844,4.329490159655983,-209.7392141089596,497.9008364273417,-0.22196199578371698,-365.83824067275407,403.3557673085005,3.1520985802149166,-470.95352037958463,175.91016601943846,-4.06221350429911,-507.94570440794126,23.353001307056974,4.424133143743432,5.490350528224881,-206.70129656062872,3.290740832515168,-1.261862699327302,-201.24307963395563,-0.8354101284266182,-1.567768133250026,-201.51906383716778,-1.5201354796859952,-1.9790509182075533,-201.96830919281908,-1.9693808353373063,0.04733430165266328,-199.95165885286784,0.047269504613961566,194.0715623842242,497.7288101411532,-0.8331262530213562,335.8351389313435,419.4711492860308,4.163713132677582,462.68148369278447,187.56605691924614,-15.764737018147297,498.4363028892716,63.781823025842414,-12.535323868697422,-0.3167973934425796,-227.71640034094938,-4.301419084104702,-0.7874712138445698,-200.78646436836505,-0.7941610374058575,-0.9756335245795071,-200.9746266791,-0.9756983216182089,0.5417886261169997,-199.4572045284035,0.541723829078298,-1.0499393739632032,-201.04645709873876,-1.0500041710019046,-156.42381911278937,-95.82444564747414,-15.858950270436903,-156.76912894376915,-446.169755478454,-16.205357106495548,-156.95787429495627,-896.389070658506,-16.433750496532248,-1.0135316105692993,-200.27031983368184,-1.0135964076080008,147.72739744771857,-112.60376731778732,7.085186940552775,147.59681912153346,-462.5748047417492,6.954552320615816,148.09081962315867,-912.0541919614764,7.448757792743125,-1.3368085259713363,-201.61688066839832,-1.8295517096401614
94,0.94,0.6303427633998898,700.6354559466507,0.6299202336309817,-1.2932215484208252,548.71189163483,-1.2936440781897331,0.6457618459464246,300.65087502919727,0.6453393161775166,-0.9549854964028291,399.0503394059024,-0.9551963071173599,-1.3460889453763965,198.80715894589696,-1.3465114751453042,-1.2995746134130184,98.70553856983774,-1.2999971431819264,3.840352385026229,1003.6394926045907,3.8980571120480154,-209.48300737933096,497.3625119570486,-0.6945630687033271,-366.50844341272926,402.39219201530886,3.7298146110911548,-469.93748990495624,177.24177237589868,-3.9069826646389063,-508.0310844257242,23.89113631010622,4.760109174399423,6.395331866792802,-207.11857815718326,4.015726061420147,-0.25923164781648633,-200.19936385254374,-0.03135588193399902,-0.8250023211808767,-200.77779628551198,-0.7833319985316916,-1.1756022848706151,-201.15230195158378,-1.1578376646035413,0.3813866887470362,-199.6135001280021,0.3809641589781282,194.57589440787572,497.3879540805453,-0.9041745629072341,335.4135533349258,419.86602860972704,4.163198355568083,462.7637848136602,187.08953139833224,-15.71220341300798,497.8416399899563,65.07433080048014,-11.429289147715854,-1.214534851387366,-227.44703342404233,-3.190985382148711,-0.18279456648978876,-200.17768138323896,-0.20362361457809586,-0.8648965494681974,-200.85978336621739,-0.8653190792371057,1.044081625295152,-198.95080519145404,1.0436590955262441,-0.3734446174998822,-200.3585409196856,-0.37386714726878967,-155.3535808022305,-96.2289092210481,-15.158495291845563,-156.28485074218761,-447.1601791610052,-16.095336283279053,-156.28434550309598,-897.1674031850878,-16.13723301213396,-0.7697036587370522,-199.68468867240034,-0.7701261885059599,147.82698843197034,-110.99552462492775,7.516493467541786,147.72262919729621,-461.00922251546467,7.412119999578237,148.70017784738377,-910.0227741729277,8.389682882955249,-1.0850857583277504,-201.60468188918998,-1.4241208611195757
95,0.95,1.2526584680963653,701.272881500152,1.2505126848741666,-0.24069635529720337,549.7795266767585,-0.2428421385194019,1.300964068583543,301.3211871006391,1.2988182853613446,-0.5473407399041037,399.47288229215155,-0.5494865231263023,-0.4206310839920102,199.87634401748198,-0.4227768672142087,-0.6940662725051245,99.32615675955041,-0.6962120557273229,3.2387714641864553,1003.0538816769821,3.3172441448316174,-209.1523185450896,496.8906490337604,-1.046077119804799,-366.80591106231327,401.6707404305324,4.52476479281734,-469.1350651431883,178.32873556656364,-4.02812996839904,-508.0815775298118,24.49238849409523,5.042034159914273,7.487229823354035,-207.464166976356,4.953863985651909,0.49237497118529383,-199.35605251074895,0.585398076577497,0.10895782633317563,-199.84193699636344,0.13569418835876995,-0.007584567766096527,-199.96089938855175,0.016731796170431426,0.8126054344140362,-199.1671715335304,0.8104596511918376,195.2365615563814,497.210973667033,-0.8238029065991589,335.3255244338591,420.51741713071453,4.4409607457233395,462.72963114980666,186.589491712565,-15.670994398929313,497.04158875904017,66.13476585309178,-10.474820215535571,-1.8852460073746433,-226.8499769071407,-1.8738453602664316,0.5259447628894729,-199.45385610210133,0.47482238998859183,-0.6208883647872523,-200.60066533273164,-0.623034148009451,1.4002975294699762,-198.57947943847444,1.3981517462477782,0.469247094878223,-199.4803729651482,0.46710131165602486,-154.01293827490764,-96.36798422942243,-14.16786062059911,-155.383378795548,-447.73842475006285,-15.560512171973,-155.2015984886449,-897.5581664253195,-15.482002312557654,-0.45401467542168217,-199.21010258573529,-0.45616045864388055,148.06669453344352,-109.2499831524254,8.064308227723899,148.0908846188751,-459.18660073872263,8.088858800575357,149.42203726479053,-907.8531372062855,9.42001424919166,-0.6413704713262548,-201.38454094146675,-0.824762504099191
96,0.96,1.8601295100613946,701.9224208341354,1.8516427727868434,0.875255868766694,550.9375471928408,0.8667691314921426,1.737560103306175,301.7998514273802,1.7290733660316233,-0.11402656606750354,399.9482647580065,-0.12251330334205494,0.443763551812954,200.9087267608686,0.43527681453840233,0.10418256034405562,100.16647388441805,0.09569582306950439,2.7156522968208607,1002.5204930380137,2.8198729329220176,-208.81530098393227,496.4292384491299,-1.3479094396314775,-366.88953723984923,401.0517580167044,5.374512994453662,-468.5462427905856,179.17019726648036,-4.42620696420332,-508.3922620383682,24.869555655385902,4.966358030652589,8.422437575157275,-208.09282294307712,5.82294556507801,0.7487283401699001,-198.9435871895068,0.7711384173997662,0.9167084598757081,-199.00582695267897,0.9233949859724748,1.0982745338364865,-198.80944860097176,1.1197733376796728,1.1957717173277356,-198.74193695859825,1.1872849800531842,195.80881001375292,496.9700186213813,-0.8393673915271704,335.1145854459792,420.98156350471925,4.525220604508186,462.41605351488096,185.91754073446884,-15.661077939636716,495.8229315572181,66.75408451877827,-9.901463777333,-2.3783332474804606,-225.99024018857432,-0.43663322230229284,1.0471797147375626,-198.89068478950549,0.9470814790302946,-0.4475065849288524,-200.38521526085484,-0.4559933222034039,1.4419585559987516,-198.49575011992727,1.4334718187242002,1.165836922049128,-198.69952909253,1.1573501847745769,-152.77403541129866,-96.59536599553539,-13.261104593705044,-154.4186098945438,-448.23994047878057,-14.974703180533293,-154.01186920578016,-897.8334331935407,-14.79653516426503,-0.07251714230831463,-198.93032401514847,-0.08100387958286559,148.22708895572632,-107.57473606350797,8.503347916764731,148.35477654641676,-457.43403869966914,8.633404026812755,149.80704306352106,-905.9813078346274,10.085670973725152,-0.047815651278608984,-200.85056249329938,-0.13185706620003557
97,0.97,2.3793763960472836,702.5288055143972,2.35323540490187,1.7758960890348154,551.9253252073847,1.7497550978894012,1.8396691188233376,301.9890982371731,1.8135281276779232,0.17128561825408614,400.32071473660386,0.1451446271086721,1.0430631663385812,201.64877930824878,1.0169221751931672,0.9676216819322105,101.11705080028197,0.9414806907867963,2.3995347187237455,1002.1497474003352,2.5411724494739474,-208.4068063069589,496.0673105219129,-1.5635401723615534,-366.83887638822137,400.55248558045616,6.267983886611455,-468.0461062256833,179.89290192332933,-4.978454334142388,-508.887810564206,25.10828014545121,4.597172989360786,9.036058393144712,-209.08523695179284,6.4689414661331215,0.6950180894108463,-198.7985078712405,0.6766890363563832,1.4052157254604087,-198.4404836200087,1.3839462704961356,1.8506440956665995,-197.9734646388249,1.8509652516799122,1.4083854812566488,-198.4421854003936,1.3822444901112347,196.14873548860442,496.54008038494305,-1.1009822738365658,334.5487339155198,421.0416026090629,4.172277911967305,461.8135743670707,185.08127196033882,-15.626371441748104,494.3052195093542,67.05830028082082,-9.607642639726468,-2.8665623937528935,-225.05824447323235,0.9456474435135501,1.3536927736220157,-198.4976694695199,1.1936932061484498,-0.3753750838862479,-200.2259459655365,-0.40151607503166203,1.170528861888284,-198.68004201976197,1.14438787074287,1.5178660002739577,-198.19755099676513,1.4917250091285439,-151.92633811865454,-97.17988125749643,-12.73309815570225,-153.6879295399327,-448.9414726787745,-14.66336413788176,-153.03037574390106,-898.283918882743,-14.392683699612764,0.37583136774398196,-198.73253458249832,0.34969037659856816,148.18495707887251,-106.06533193683754,8.696411137878822,148.39708729088997,-455.84987116893546,8.920571866437266,149.6578378792352,-904.5890443451458,10.181322454782478,0.6687978443924967,-199.94516653945385,0.6181278407285599
98,0.98,2.6987148503649516,702.9778851966446,2.6360058725464053,2.341980320497881,552.6211506667778,2.2792713426793347,1.5894367746551474,301.8686071209348,1.5267277968366004,0.27587330838930657,400.555043654669,0.21316433057076017,1.3759940669373218,202.05783629819865,1.313285089118775,1.7580251165196947,102.03719546279942,1.6953161387011484,2.3011874157285006,1001.9548710968911,2.499505128827068,-207.83639894964176,495.9033668125987,-1.6217112727343297,-366.6979177249957,400.249044987252,7.272729191268701,-467.61878649696223,180.5235742661478,-5.664098263269345,-509.3995341384565,25.36734528202851,4.09176100206666,9.43846661418242,-210.24768124952988,6.955191077544225,0.6426060017416312,-198.67363875207343,0.581435285739165,1.5421758336292144,-198.1828214465615,1.4752992293403682,2.195272022587775,-197.50737048109661,2.15075019480521,1.3267351964781622,-198.3940944572422,1.2640262186596154,196.32441702769387,495.9866994396964,-1.5485404796374251,333.7765392633876,420.8409422963808,3.5209998545226027,460.9821008433996,184.1380705098309,-15.590971719637306,492.80974072437436,67.35481066564762,-9.28582707456574,-3.5861250018394464,-224.3341357835178,2.0528184607094415,1.6265406942248735,-198.09741885491053,1.409916912345401,-0.3186876358779803,-200.03951728959834,-0.38139661369652705,0.7246936970522905,-198.9961359566681,0.661984719233744,1.5046755062584765,-198.0195064057003,1.4419665284399303,-151.5432213235524,-98.1948150996289,-12.663578524742416,-153.2571724925944,-449.9087662686709,-14.704893628742166,-152.5094032455895,-899.1609970216659,-14.438077898844622,0.8435027500696934,-198.48005323181144,0.7807937722511471,147.95545216569187,-104.7009620934339,8.631592324748748,148.24171844877293,-454.41405513747577,8.96544022376579,149.12345135689804,-903.5323222293507,9.847173131890921,1.4396095454097506,-198.80589227786868,1.3706986619805313
99,0.99,2.6220166834791563,703.0282071405321,2.50486088917495,2.536699730051821,552.9428901871048,2.4195439357476145,1.0924219306600322,301.49861238771297,0.9752661363558254,0.3318544455418011,400.73804490259477,0.2146986512375949,1.4834642457673113,202.1664067722387,1.366308451463105,2.247090325313361,102.65328078236635,2.1299345310091544,2.412633931820112,1001.9732034460911,2.6858527071724314,-207.13819927318707,495.8651209258028,-1.5540709935944186,-366.6520278749244,399.97220329380855,8.262521778091282,-467.4027673713849,180.9496830377712,-6.595534412237982,-509.97799612032145,25.54384976681154,3.397567309787789,9.742282776902897,-211.40270574745855,7.376070591692229,0.6522928686424353,-198.58424399331705,0.5356007344167526,1.3834221914724294,-198.22930321443516,1.2473505342077837,2.1696935613226365,-197.41438110171555,2.0622726469273784,0.8310515204478846,-198.76275802249927,0.7138957261436779,196.51241588519585,495.43882511312916,-2.007031956721382,333.04597078777465,420.57982157853246,2.8190703804323833,459.9597018961494,183.08097924059086,-15.666159303183896,491.54697471417325,67.7976610389031,-8.722389585955739,-4.697148295203455,-224.04393561027314,2.7359360380706463,1.9205049551225577,-197.6829453444173,1.660641189389121,-0.24232942288813614,-199.83613896583523,-0.3594852171923429,0.22859507713846727,-199.36521446580866,0.11143928283426074,1.156334406929696,-198.2146440516412,1.0391786126254896,-151.5599583279452,-99.61818844253023,-12.985603537884334,-153.0642242812878,-451.12245439587286,-15.00387803469382,-152.54720412808862,-900.6054342426737,-14.888793008422248,1.1782215415090695,-198.24997969623,1.061065747204863,147.57953985196124,-103.48327524347087,8.312185816090969,147.8562823366552,-453.2066265773019,8.735489995889704,148.47454975659338,-902.5883591573637,9.353757415827875,2.075000528439076,-197.79964578948986,1.956623506511613
100,1.0,2.0370502524859497,702.4973243405461,1.8665895776005534,2.331433361909382,552.7917074499696,2.1609726870239854,0.5721071889329812,301.032381276993,0.40164651404758434,0.4720461916818708,400.93232027974204,0.30158551679647433,1.342277940285137,201.95068673636774,1.1721674718893886,2.15077921475913,102.61105330281927,1.9803185398737337,2.730567607247491,1002.2716440221553,3.0778806363048674,-206.44841163149033,495.74749612488256,-1.473096221359178,-366.99516155181595,399.29591042684245,8.897284361674636,-467.4939699922456,181.10661168299896,-7.82086802951301,-510.80773910727214,25.376513392781607,2.3468650239299116,9.873390635939304,-212.57514208818168,7.7222881922350535,0.5191777411238198,-198.7736698428776,0.3502022479277159,1.018505843282868,-198.56839589655436,0.8008693405002709,1.8016318055272793,-197.73403600471258,1.635229232342055,-0.05281357950570187,-199.59253949144573,-0.2232742543910985,196.84942451628302,494.95714699505027,-2.326829082157431,332.3735692883811,420.20246049177166,2.1012106295140573,458.7580597470958,181.85105182995332,-15.919564827701084,490.47610942162635,68.26505380686662,-7.934797963829425,-6.15521031499725,-224.18769403618197,3.0454169149779036,2.0243862830722854,-197.53846660167318,1.739342965265745,-0.2033694312399137,-199.74309534317993,-0.3738301061253105,-0.2755694580476946,-199.81529536998772,-0.44603013293309096,0.4997333935675517,-198.84334477661082,0.3292727186821555,-151.8353350428024,-101.37641145771013,-13.537820395735295,-153.0180504566428,-452.5591268715506,-15.393413786372287,-152.98718523947042,-902.5282616543783,-15.497988044468428,1.1558677440538587,-198.33009302298535,0.9854070691684627,147.05196812919007,-102.48810938756327,7.708244194579428,147.16016136950475,-452.38091504540307,8.168020664322926,147.87665769387053,-901.6644187210372,8.8845169886887,2.359677787177765,-197.2971183099812,2.1890298309706946
101,1.01,1.1061935109235463,701.5122279220635,0.9130362608684319,1.721153318486333,552.1273437755393,1.5279960684312186,0.27909691309161866,300.6852873701445,0.08593966303650416,0.6871808381258571,401.0933712951788,0.49402358807074265,0.9406148773653297,201.40855706798902,0.7497412604839748,1.3435895423651631,101.74977999941818,1.150432292310049,3.177611935086609,1002.8080376222986,3.568738701618376,-205.83123182244265,495.4496187203405,-1.417298093354811,-367.85587186922726,397.93339345764,8.951775988553656,-467.7547892856892,181.13271345610417,-9.171631249357862,-511.8905368174305,24.822360183108117,0.965997247301019,9.728969319619056,-213.85353223725923,7.959267545820035,0.08262400771289391,-199.37229367425948,-0.10299086737764293,0.5602069548093143,-199.12512852479944,0.27552376809257617,1.1877136733538998,-198.4047783968635,0.9958738960285374,-1.0587687684885125,-200.65257831143566,-1.251926018543627,197.41738145020645,494.58166298884686,-2.4035339430691023,331.5935270337368,419.50602501570137,1.2305211840884183,457.430432155273,180.46487656744517,-16.276918420106494,489.47533349713933,68.58950438533189,-7.0318006608331975,-7.711345427259625,-224.50247876297595,3.235787575855425,1.7059443303434791,-197.93107208605505,1.4206275142046645,-0.25297397183238546,-199.8467835147795,-0.44613122188749993,-0.7476313708733444,-200.3414409138205,-0.9407886209284586,-0.35390845624865774,-199.81256411458457,-0.5470657063037719,-152.1521739729079,-103.28493905980578,-14.07253480182149,-152.9698599963804,-454.1026250832783,-15.652979020571316,-153.46506538853976,-904.5978304754376,-15.940974136117351,0.6508908569018724,-198.9293247285401,0.4577336068467582,146.38944148151487,-101.73469408717199,6.87070483028361,146.1761191355464,-451.95196715197955,7.3142264313964755,147.32875808681007,-900.799328200716,8.466865382660165,2.2617446105245724,-197.370072056908,2.0685873604694582
102,1.02,0.20638884387336298,700.4845416429796,0.03592816898796625,0.7848433758579072,551.0640137221377,0.6143827009725104,0.32818293142444555,300.60735327770414,0.15772225653904837,0.8673413317415344,401.1465116780213,0.6968806568561375,0.3856160516264133,200.6848342505735,0.22675262292457166,0.042387205021219065,100.32155755130097,-0.1280734698641779,3.5846335413507076,1003.3780102656308,3.974501133180711,-205.20368958428764,495.088539384677,-1.3103158765448406,-369.0398762136531,396.0350894220332,8.552928289422198,-467.8650233018741,181.28531488691544,-10.368852224093878,-512.9519088365623,24.185734405921927,-0.45623764269574374,9.395457912860298,-215.1864149783826,8.135329617297005,-0.5623719221563128,-200.1986162921968,-0.7030019253837699,0.1286383222570942,-199.73808365376692,-0.18771467493198357,0.5534906601434186,-199.1670058843045,0.3833630945304963,-1.8149578039694636,-201.53578745768988,-1.9854184788548606,198.2814498869648,494.4148258900119,-2.155435552062637,330.6789482840604,418.49737308858096,0.19461913844088338,456.1182714788401,179.0970809366063,-16.547441128108865,488.5729050747171,68.82379411478234,-6.030546331981881,-9.078992688237008,-224.64061911692175,3.586148039794835,0.9960097999900365,-198.78768548365463,0.7422769768609486,-0.3557292655196713,-200.07655891924003,-0.5261899404050682,-1.0713511945033103,-200.79218084822372,-1.2418118693887066,-1.1806725853668447,-200.8291595777403,-1.3511332602522417,-152.2882980237413,-105.08376465310735,-14.351806630755611,-152.74628925677254,-455.5417558861386,-15.579847594732868,-153.6209279389676,-906.4163945683338,-15.981799918536737,-0.20649322938586911,-199.92464607416125,-0.37695390427126585,145.70216869509665,-101.07694905336398,6.030239814703677,145.09281162348265,-451.69847519571135,6.37658504683694,146.70973629500287,-900.0815505241912,7.993509718357162,1.978254143190589,-197.75218521652238,1.8077934683051926
103,1.03,-0.36363614858006077,699.7806254388324,-0.48079194288426796,-0.2818465559211748,549.8675825624287,-0.3990023502253818,0.6082634943310099,300.75769261268084,0.49110770002680315,0.9212213321923381,401.0706504505422,0.8040655378881313,-0.10424313885942849,200.05025487045555,-0.17553093473307846,-1.2859896795676626,98.8634394387822,-1.4031454738718696,3.8062896696153565,1003.7659936649793,4.164602258330052,-204.46893239810586,494.83129281744993,-1.1024486476724729,-370.2021296255675,394.0126117550117,8.02440793940571,-467.5592699684455,181.73060254815823,-11.251224459690084,-513.6602309609332,23.863760694360412,-1.60256477439668,9.086971402760028,-216.41691757350935,8.33892376351818,-1.1811590822649016,-200.92206880656767,-1.2064299391137814,-0.18973691163033368,-200.24441195269765,-0.5113278543493672,0.12465384419366032,-199.72585144435175,0.007563642994322328,-2.0750592433503017,-201.92563012500057,-2.1922150376545084,199.4187723496936,494.52431939228916,-1.6001447045241477,329.86280353924735,417.4785392920646,-0.7882932332435533,454.9853148110494,177.97936227059057,-16.55247629171049,487.9244364116022,69.1815323308672,-4.877270460432666,-10.136487985718823,-224.42207498122534,4.1862051946432315,0.1631027003850033,-199.758704272565,-0.03191421174157272,-0.42681632005489756,-200.27738720170515,-0.5439721143591048,-1.1230023502303286,-200.9735732318806,-1.240158144534535,-1.7554932973505617,-201.57590727108283,-1.8726490916547687,-152.16141766370436,-106.61779120183778,-14.307229805720002,-152.30496413116714,-456.7613376693006,-15.141498173829497,-153.29616577773453,-907.7525393158679,-15.565937415811801,-1.0870073025284501,-200.9371676822317,-1.2041630968326569,145.14557247009884,-100.2882698993628,5.4918068476014845,144.1755229529275,-451.28751149966695,5.604709917513755,145.91375732872945,-899.5492771238651,7.342944293315725,1.7465159572160367,-198.10594718773945,1.6293601629118293
104,1.04,-0.5900286613735073,699.4519807497447,-0.6527376391920546,-1.1918577289217345,548.8705896635217,-1.2545667067402815,0.8650008919885893,300.927448284432,0.802291914170042,0.8265091274984508,400.88895651994187,0.7638001496799035,-0.3370894686474326,199.7263560476074,-0.2585150648740331,-2.2233635836438315,97.83908380879964,-2.2860725614623787,3.8312084926897003,1003.9151248655539,4.157128650862541,-203.6725013483519,494.6784921920982,-0.8901065030644822,-371.1251444097782,392.1616324948563,7.5841132020483375,-466.79819524222313,182.45809457557823,-11.851303308230626,-513.8858861096874,24.02751450635853,-2.3714834952530923,8.903371801127376,-217.4636601349691,8.587378999264821,-1.6176059491880883,-201.33024351814294,-1.4598944206573388,-0.35362544634270887,-200.56327109789078,-0.6905857875378016,-0.043876000953473326,-199.98141854948167,-0.10657491974359812,-1.839613815061074,-201.77716642261768,-1.902322792879621,200.63709500537072,494.7943013638388,-0.9287428968629844,329.4062699520134,416.7553622417003,-1.486198417943697,454.07000909460544,177.19331279409062,-16.27089313480493,487.5952240490344,69.75858747294811,-3.5907892094191167,-10.978875265720772,-223.9254694826936,4.897804895861582,-0.5035733868638607,-200.5039916243448,-0.6308230636348661,-0.4185542010415175,-200.35610680859813,-0.4812631788600643,-0.9197607645489437,-200.85731337210558,-0.9824697423674904,-1.9590907182830062,-201.88685281127616,-2.021799696101553,-151.87818234944524,-107.94560887926522,-14.074099905799233,-151.7918452548069,-457.8592717846269,-14.521512738722606,-152.58491846699363,-908.6523449968136,-14.821079779596541,-1.6963379495431754,-201.6338905570998,-1.7590469273617226,144.81285166201516,-99.23301656259136,5.401226598276227,143.61316320772508,-450.4872430081832,5.157240447733422,145.01578330846576,-899.0846229074427,6.5598605484741155,1.639601990435628,-198.29824080509744,1.5768930126170813
105,1.05,-0.6401524638926493,699.3181348473341,-0.6662934550380641,-1.6698886110116768,548.3513521146509,-1.6960296021570915,0.8892197072008595,300.9104604328635,0.8630787160554445,0.6131232358517411,400.6343639615143,0.5869822447063264,-0.3135098624817926,199.70788393042477,-0.000729640078160676,-2.5994628216018896,97.42177790406075,-2.6256038127473036,3.7503990363279236,1003.9133864906469,4.062101929265313,-202.97416319120094,494.4743333111465,-0.8505583500047786,-371.7878093486112,390.5354602421886,7.260615813203004,-465.7149994095961,183.38351152665535,-12.269350932749415,-513.7700200230418,24.535569694580055,-2.920891798805037,8.741635823255725,-218.37080204971244,8.829830340319539,-1.8113766459493352,-201.3774511744895,-1.4257179171725134,-0.33786499965655314,-200.66946586876105,-0.7278084358227201,-0.051911085270784696,-200.03067035960828,-0.07805207641619938,-1.34943674076687,-201.3281960151043,-1.3755777319122848,201.69036650129775,494.99774340625277,-0.39058500546350483,329.32898917726146,416.35001727084887,-1.897878320963709,453.2310703142256,176.59820610111723,-15.86204587328562,487.46725168911695,70.42494487398014,-2.291945133670806,-11.77300187515904,-223.34006591246407,5.5233206293164425,-0.8124625064454141,-200.83442865423427,-0.8821402116906545,-0.34315904687920584,-200.32191832121663,-0.3693000380246203,-0.6436866198011388,-200.6224458941386,-0.6698276109465533,-1.7856347635719898,-201.76191860816448,-1.8119542978778456,-151.6013271005327,-109.22437881313232,-13.833437737663228,-151.38172424003287,-459.00477595263254,-13.956063573035603,-151.74247541611138,-909.3655271287109,-13.98476126830553,-1.9433750966240821,-201.92213437096154,-1.969516087769497,144.6788444911173,-97.94472639580637,5.630705395291718,143.4020972808689,-449.3008259151694,5.010802132124636,144.2738000492633,-898.429123146775,5.88250490051905,1.5377637729711917,-198.44099550136625,1.5116227818257773
106,1.06,-0.6196368438639143,699.2396272234133,-0.6281235811384663,-1.6138072231966845,548.3964742346416,-1.6222939604712365,0.6669234371915723,300.67720489502983,0.65843669991702,0.34864822074583657,400.3589296785841,0.3401614834712845,-0.23948261989647635,199.7707988379418,0.38521882993000073,-2.4509050200880735,97.55937643775022,-2.459391757362626,3.646643928019606,1003.8590776490939,3.9633312495566164,-202.47786750620293,494.100337551368,-1.0742794522433008,-372.2175969168667,389.1061441862117,7.037889510490668,-464.4486784771854,184.46764260061767,-12.546528152830351,-513.5962393797869,25.08624841873442,-3.5322480593050263,8.416720999155736,-219.2203818712594,9.028480256658835,-1.6817786483787593,-201.0721964103978,-1.0911003286242769,-0.155990198635656,-200.55216522426184,-0.6142844230764757,0.004774200599780232,-199.98494434156203,-0.0037125366747717825,-0.9702596414269056,-200.95997818358865,-0.9787463787014575,202.48716497263888,495.0136529570716,-0.09245845685764964,329.3820559562462,415.9979308409238,-2.2723861795384535,452.28079713643217,175.98818791882394,-15.518206559523447,487.36081739632573,70.97977770540632,-1.1007034176037997,-12.571820421720272,-222.7509717826883,5.9980947607069295,-0.6974519733255118,-200.71029748829272,-0.7291162661072049,-0.23942147681949177,-200.22914001898124,-0.2479082140940433,-0.4910604051379954,-200.48077894729977,-0.49954714241254694,-1.3247450153379434,-201.3139761164818,-1.3343960002669046,-151.38179124170875,-110.51803676352993,-13.636571703766682,-151.10208395080747,-460.2383294726287,-13.533823368906475,-151.00709342877244,-910.1433389505937,-13.263877509474106,-1.9154483376822262,-201.90516687984402,-1.9239350749567783,144.6358890712328,-96.56281490277408,5.905711660787922,143.35195821598666,-447.93666370434073,4.973364034970571,143.9140135948615,-897.3746083254659,5.535419413845444,1.264645208436953,-198.72507333372482,1.2561584711624016
107,1.07,-0.4928814738557863,699.2464286647244,-0.4950272570779857,-1.172007077226394,548.8494406907713,-1.1741528604485931,0.3932981487195854,300.41474591671727,0.3911523654973861,0.14842580990266713,400.16987357790026,0.14628002668046802,-0.304878550693706,199.7167615158718,0.6144513407215705,-1.8947765028739276,98.12667126512372,-1.8969222860961268,3.538896604892561,1003.7792620903219,3.8721610430247395,-202.12752444792932,493.60548999330206,-1.4758023971556424,-372.3564302962577,387.9298365715696,6.985378602731711,-463.0653179739621,185.71607297815535,-12.675652200521643,-513.559335731758,25.47486482635923,-4.3886574455308125,7.815046356066269,-220.0657027991964,9.17981416606532,-1.1430892809191375,-200.4426985554174,-0.46629210663719023,0.08248646776050234,-200.23884731895674,-0.39620829430516863,0.13111822000259254,-199.84743401199978,0.12897243678039327,-0.9601013682799748,-200.93865360028235,-0.9622471515021738,203.11361078185047,494.8910593880894,0.030103598374635776,329.2608119239677,415.3865261949134,-2.90560516275886,451.1809534396728,175.31409157900046,-15.274599173105074,487.17089071015744,71.32308036390063,-0.06023248419529603,-13.26296497940626,-222.06480796023132,6.4324667598948295,-0.2790565887310271,-200.26724957732614,-0.29084312854595173,-0.14525416514077572,-200.12380639714314,-0.14739994836297476,-0.5356430726151563,-200.51419530461754,-0.5377888558373554,-0.7517364134122003,-200.7302138939134,-0.759794734086543,-151.12511409461058,-111.73774644339008,-13.380887647334278,-150.858439604458,-461.47107195323747,-13.186755270305866,-150.45647095851345,-911.0691033072931,-12.71255177610784,-1.7343326218919388,-201.71288485389434,-1.7364784051141378,144.60639158657895,-95.18235472638551,6.0490745679335145,143.2459973483157,-446.6221012737634,4.835242024775063,143.93547050119423,-895.9326281208849,5.524715177653583,0.7643833690347357,-199.21416886296765,0.7622375858125372
108,1.08,-0.20359508868867382,699.4490139614707,-0.2040404000142614,-0.6061549570529398,549.4569619216498,-0.6066002683785272,0.325654085448152,300.38877096415086,0.32520877412256444,0.15763144717240452,400.2207483258751,0.15718613584681712,-0.45549561203456124,199.60887521084598,0.5892638532471894,-1.0832298745226232,98.97988700418006,-1.0836751858482105,3.3950467689019086,1003.6334404589466,3.7497994258880896,-201.77326936736432,493.1490457559159,-1.8580652102998356,-372.08798900815174,387.1341577367161,7.226712121871518,-461.6008489533774,187.11486993121838,-12.67757112385698,-513.597886085063,25.770228454124577,-5.417055468581534,6.982830935791618,-220.88955280223217,9.292482205538919,-0.24168892575180428,-199.57940699002012,0.357030819951642,0.2556930160499204,-199.76911298806942,-0.15454316782006072,0.4025306060812899,-199.53435251521603,0.4020852947557023,-1.2387067194955346,-201.17558984079284,-1.239152030821122,203.70191662745646,494.75218383301745,0.09733626616550699,328.8986808717254,414.45815340706264,-3.8559790624062984,450.1068848287231,174.7566571176751,-14.954333056999335,486.8911660489904,71.48138630670253,0.8520477068880208,-13.660345291302395,-221.09538152208046,7.010607413041415,0.16466824060780205,-199.7755836646666,0.16085414530513847,-0.05845907055380828,-199.99534219185114,-0.05890438187939556,-0.7297053185044358,-200.66658843980179,-0.7301506298300231,-0.24406809465997814,-200.1809512159573,-0.26789794523593446,-150.6742824348176,-112.71566033809162,-12.902242611736742,-150.5687119514751,-462.61008985474916,-12.820035190179325,-150.02086623041,-912.0622441336841,-12.248826407329148,-1.4195925037468682,-201.3564756250442,-1.4200378150724555,144.648965999133,-93.73190548638038,6.119839246143779,143.04414880105506,-445.3912606757601,4.5626036640018555,144.1446293599131,-894.290780116902,5.663084222859896,0.1959329676509792,-199.74095015364637,0.19548765632539236
109,1.09,0.1887275148634034,699.8746003271774,0.18851416341431862,-0.08654559321220426,550.0644935299877,-0.08675894466128878,0.550643989496248,300.701683112696,0.5504306380471633,0.43522558669355904,400.5862647098934,0.4350122352444746,-0.47703493486149495,199.68037224232256,0.4504031437432794,-0.23060000208325687,99.92043912111647,-0.23081335353234148,3.1856955987500557,1003.3764514434231,3.563666646690895,-201.33270796999813,492.83015763657676,-2.086392672170005,-371.4059290939768,386.74369285568037,7.77175810595099,-460.13305916164006,188.5825300858976,-12.645959708542405,-513.492982076732,26.20679203299662,-6.389538382996625,6.101805094990051,-221.58647225859178,9.367145586729219,0.784879870789513,-198.65231042042723,1.1964662392626648,0.3802328542500939,-199.1413635439024,0.10109572094416552,0.8459705173130099,-199.00287094120716,0.8458765744025575,-1.4181059358342611,-201.26706681263448,-1.4183192872833454,204.34988516370964,494.7104701570833,0.2098268849195467,328.5739431220291,413.50773819005855,-4.8403152671592915,449.2785980782661,174.5484961615709,-14.339552196310722,486.5596408071333,71.51934479633397,1.6651150121154688,-13.668913204702676,-219.7391283917221,7.823246766326559,0.38867690645384956,-199.46263308094103,0.3861144444100967,0.07380664815827107,-199.77515422864198,0.07359329670918663,-0.9731926945082338,-200.8221535713085,-0.9734060459573182,0.11936150067154522,-199.72959937612868,0.047118697419290034,-149.9376428864768,-113.3419644587959,-12.105453526640279,-150.205335511893,-463.60965708421213,-12.379010723652073,-149.61816308748087,-913.0224846598,-11.785973727644379,-0.9171722779440121,-200.76613315474427,-0.9173856293930965,144.89657593685118,-92.0514220970428,6.296413964592,142.88701643083047,-444.09017368619635,4.2988849751122675,144.30872957493506,-892.6684605420919,5.720598119216845,-0.17121151497948017,-200.02017239177974,-0.1712860817249905
110,1.1,0.4892708427127116,700.3609412455014,0.48851642116696836,0.3151383844631749,550.5973166157953,0.3143839629174318,0.8852436996420333,301.1674219309741,0.8845587764307159,0.8177685341357032,401.09985139517914,0.8170141125899602,-0.318834189964627,199.98853018345073,0.33878571767386373,0.39488861626162586,100.67706684759364,0.39413419471588285,2.9641399362306853,1003.0646156804892,3.3663549165701294,-200.88917890961238,492.5634525405323,-2.236299724530402,-370.5484615401289,386.5196608133972,8.383480949182866,-458.80553851941306,189.9537481612976,-12.739847878277605,-513.182346770477,26.844370018726202,-7.236491435012444,5.311226249202574,-222.083458440782,9.338950597898835,1.570404443185108,-197.9271867988867,1.7904595939852364,0.532194982901101,-198.43262794521655,0.38267923409459825,1.3115846514018512,-198.4054584122621,1.3116088713379517,-1.1543031597950162,-200.872124928463,-1.155057581340759,205.07783621806442,494.79185169401006,0.39696613860655666,328.638617055429,412.8855028489619,-5.503884096973709,448.6834617057411,174.67064742341128,-13.447690065747693,486.18092486711294,71.42114033081359,2.345924620229079,-13.443976657718824,-218.16076928307558,8.70944338365828,0.30224718151788205,-199.42364131816703,0.29342602895519554,0.2568762960091681,-199.46094547265878,0.2561218744634252,-1.1938941575446147,-200.91171592621257,-1.1946485790903578,0.3284380623177341,-199.3893837063502,0.15489396840337144,-149.0199818987798,-113.72212429567242,-11.094355577331893,-149.76207828074095,-464.46422067763353,-11.837606761910262,-149.25794785811198,-913.9600902550046,-11.33232153666404,-0.29368134118775935,-200.0115031098557,-0.29443576273350197,145.32047093775282,-90.16616908313814,6.588045706460343,142.84499127398237,-442.653817817642,4.11493499185559,144.2186983283036,-891.2801107633207,5.4886420461768015,-0.22626058870833515,-199.94408235737632,-0.226110020305406
111,1.11,0.5028163829494823,700.6310110395735,0.4995979699159575,0.4893033672174635,550.8996356532592,0.48608495418393866,1.0631422021509356,301.4734744881925,1.0603769751853656,0.9684310523001888,401.37814144593983,0.9652126392666643,-0.22188692524679487,200.26602413999888,0.19139465447265713,0.5856887525875047,100.99602103862904,0.58247033955398,2.873402073412492,1002.8871445899897,3.3020270852674685,-200.5890754158247,492.15732955529387,-2.525896359032423,-369.89089657082377,386.04325580403065,8.68629711089925,-457.7548652169191,191.03770426026415,-13.102102768409367,-512.8931536083253,27.410927824123274,-8.178820103122579,4.553038431821496,-222.4931008256301,9.06934484542365,1.7721722268676854,-197.72657534643056,1.8633757802790276,0.6127032682361786,-197.95664569202478,0.5475540777106884,1.5153183359344338,-198.07039478770736,1.5160541906254406,-0.48360539617873033,-200.07327311013717,-0.4868238092122551,205.75791954418344,494.8299915418647,0.5371988098685403,329.1383767267456,412.5925027694826,-5.79987638118689,448.02093359519296,174.7729403498185,-12.586090058051184,485.6992482526162,71.05390887266475,2.793969322761003,-13.36167394601036,-216.7882725918176,9.28679087418539,-0.08283919478163315,-199.70381903291224,-0.11736973198733291,0.36320291087264517,-199.22646480308578,0.3599844978391206,-1.3943483293440526,-200.98401604330246,-1.3975667423775773,0.35168770697096824,-199.2379800069874,0.025655687048732057,-148.22452700832295,-114.20327120168207,-10.173174783394039,-149.2637573773104,-465.24250157066956,-11.212582247098556,-149.02310750748762,-915.0018517008468,-10.971755282558703,0.18557052873532853,-199.40409718522307,0.18235211570180437,145.6190449083373,-88.42574521261835,6.710079369577692,142.75368318791624,-441.29505765187855,3.845457458826048,143.7051183738974,-890.3436224658974,4.796692639671125,-0.15570082677791208,-199.74536854073634,-0.15432332162764437
112,1.12,0.21364395618991616,700.526329916614,0.20289257224919077,0.28219384524073066,550.745897196226,0.2714424613000056,0.9833431934890802,301.4470465444742,0.9748932783032448,0.6163520423449177,401.0768971631169,0.6056006584041927,-0.48534710191020713,200.16445806584346,-0.16871328749055015,0.3285302452683293,100.79223359625342,0.3175346359398283,3.0246192840212496,1003.0269602829123,3.4849569691980946,-200.43988296125883,491.53349066620467,-3.0700482636214605,-369.64970517642143,385.0291485304731,8.461859390061278,-456.99477779438223,191.74767665383376,-13.747800134292707,-512.8685896228508,27.593567781919514,-9.454714801338714,3.6608428280967673,-223.03587856174676,8.477123523694665,1.2900963244256074,-198.22018549827817,1.3220597084611805,0.3689627218222309,-198.08739913813997,0.3381208833471734,1.2932257609169746,-198.227430179988,1.2981138092097422,0.19681336548936898,-199.3394832835255,0.18606198154864384,206.13488331781258,494.50204050028316,0.37606159185951804,329.78739800700055,412.27303888028797,-6.014715487273658,446.99932187650586,174.48834106332077,-12.055374031320303,485.0834430627064,70.29540105757454,2.948029843735525,-13.724564497952727,-216.00083954978402,9.24571639471065,-0.6856930704894499,-200.31836424386995,-0.7928189787957962,0.23523715159320085,-199.30105949742168,0.2244857676524757,-1.588526002191774,-201.12482265120667,-1.5992773861324991,0.16244087314726108,-199.37385577586764,-0.31800153733847425,-147.84688351857503,-115.15057531678482,-9.640617567653571,-148.80978437860472,-466.1134761768145,-10.603518427683255,-148.9830265511249,-916.2867183493347,-10.77676060020347,0.2623510147035938,-199.2739456343113,0.25159963076286923,145.42664102099855,-87.27335028041921,6.2996996997233925,142.40205354375243,-440.29893665581983,3.2775674383494566,142.73870579997606,-889.9622843995963,3.612915497257686,-0.2444587860124351,-199.78075543502734,-0.2370329609239974
113,1.13,-0.22262487221473004,700.1172191382525,-0.25264227544794815,-0.3515026233225205,550.0512948015806,-0.38152002655573863,0.6972292089917682,301.1000266338947,0.6763142912595437,-0.2507304920754707,400.13957589002547,-0.2807478953086888,-1.1839264466669452,199.56655494508465,-0.8203918846211842,-0.2213511409954697,100.18144628390752,-0.2529610938069657,3.397338337180372,1003.5030901251603,3.901345713147829,-200.29408856701792,490.800930171769,-3.761722855717304,-369.75287121841563,383.5130261571422,7.777178111756095,-456.4203248792737,192.15069172392373,-14.574171910347903,-513.0364220937215,27.427834513521447,-10.989797007911871,2.5519027080685355,-223.81980185468706,7.628371406169251,0.3743286520349265,-199.22708517922766,0.4028112132108932,-0.29684434449835695,-198.87230113355494,-0.3319414101355691,0.7749456170498615,-198.77408018539808,0.7931010564897596,0.43635802334337737,-199.16084455175366,0.40634062011015915,205.99646069151808,493.5582064452901,-0.3036690443298482,330.27836359092544,411.582558092297,-6.459582579822897,445.64307242304,173.79815555258324,-11.84365483686577,484.4256112318195,69.19830737771926,2.887620185852822,-14.502668470851964,-215.8121031687665,8.6069493461831,-1.334420784894193,-201.16281382545975,-1.595628653595929,-0.15634235642244582,-199.75354493151946,-0.18635975965566393,-1.7003159529298288,-201.29751852802684,-1.7303333561630465,-0.1718877388710876,-199.7690903139681,-0.7341348022531535,-147.95037766999178,-116.66469443042024,-9.566737520225114,-148.56864474449605,-467.2829615049245,-10.185004594729369,-149.14587842852953,-917.860195188958,-10.762238278762865,-0.08756560103390776,-199.68476817613094,-0.11758300426712531,144.59656424361157,-86.90042587721078,5.204909341909964,141.7930718965718,-439.7041149189596,2.4138856098959423,141.5122402308357,-889.9849465846956,2.126430683684983,-0.6055641178133665,-200.20276669291036,-0.5795917755286533
114,1.14,-0.692740687514009,699.5382706766451,-0.7656777907770288,-1.25892463595128,548.9925247095332,-1.3318617392143002,0.24751785032003504,300.4989671958043,0.20261837626420742,-1.3779737275211628,398.8350004974638,-1.4509108307841825,-2.1276911458919554,198.62963538635734,-1.6831538162065676,-0.9112204295121726,99.34022891597215,-0.9922451668711728,3.887015370779861,1004.1871417115788,4.458560219806616,-200.04741658931516,490.08872258022683,-4.405251431193401,-370.0010828848649,381.72141688911245,6.821684813786312,-455.93113493235444,192.37309493999135,-15.487805532411414,-513.0684173558795,27.269285890976846,-12.458377144188113,1.2480176819508244,-224.79638427837665,6.627895810177324,-0.5788216068628633,-200.35408257502183,-0.49331310284906305,-1.155452909262154,-199.9613867840262,-1.229390257358616,0.23700888554845634,-199.39597169931628,0.2796324244141384,0.030792510935889895,-199.71775814357983,-0.042144592327130206,205.34353793762378,492.0243027263125,-1.5121916220508325,330.51044225613543,410.4466517357843,-7.244185352462524,444.2420442969209,173.01234599743438,-11.678977238072118,483.90095919360533,67.97373137058531,2.7801982582862403,-15.40891564012989,-215.91466501657612,7.644353892143892,-1.8447179852069673,-202.0251892922311,-2.34957574097842,-0.7302425224544692,-200.47879317697016,-0.8031796257174894,-1.6069936426927338,-201.3555442972084,-1.6799307459557538,-0.5064017816478487,-200.2549524361636,-1.0490299114558788,-148.34204334190255,-118.52674118145296,-9.770662044765132,-148.6834316617647,-468.86812950131514,-10.112050364627256,-149.49136248130196,-919.6760603208525,-10.919981184164504,-0.6947656632480903,-200.44331631776382,-0.7677027665111098,143.26339684746665,-87.15212783047008,3.548925852275734,141.10780012589578,-439.30775471615163,1.442643459760075,140.34562780341332,-890.069927038634,0.6542756339438289,-1.1905659698260012,-200.9391166243417,-1.1291906558505511
115,1.15,-1.2406403612649117,698.8105563724428,-1.3992501657093062,-2.1661929881514097,547.8901712764937,-2.324802792595805,-0.3303483379026556,299.72601592674226,-0.42169936634050675,-2.3605598098544918,397.6035074387919,-2.5191696142988866,-3.02225911642764,197.6073390998418,-2.6055594722268784,-1.6804536462913275,98.37591061835361,-1.871050664092233,4.392084242922759,1004.930829746773,5.074123629692327,-199.74164298741132,489.4027486107225,-4.882396253288386,-370.2092481906245,379.8897061332159,5.763786899103343,-455.4589109309959,192.53228575013435,-16.434394614625173,-512.7293822750488,27.40395103631084,-13.634543656714682,-0.20923763536990508,-225.88183501510403,5.501389456842362,-1.3565503155084127,-201.35263441104757,-1.138403872891608,-1.8436505275347719,-200.94762450169011,-2.0024137244924356,-0.1763397756916807,-199.9040621956212,-0.11905387764085645,-0.8652871725727251,-200.8089229079278,-1.02389697701712,204.42219245865823,490.1940185561697,-3.0218725868225507,330.56923844008304,409.0005396998375,-8.298740998530626,443.03145302910497,172.40903167168435,-11.351575444109974,483.64151765992756,66.81867947959881,2.7432818703151067,-16.14215598057692,-215.9644734881199,6.6400058762195,-2.1476692896753997,-202.71974586622653,-2.934719935315856,-1.4106673491222494,-201.3543030844773,-1.5692771535666443,-1.306154555946804,-201.2497902913019,-1.4647643603911984,-0.7435961556167869,-200.68723189097187,-1.2250195669498933,-148.71360489574502,-120.3797295649828,-9.963498350904436,-149.14706451309596,-470.81318918233376,-10.396957968255382,-150.00161271372102,-921.6677373829588,-11.251506168880443,-1.396200513343751,-201.33983624869887,-1.5548103177881456,141.74293267888996,-87.66843365957263,1.6287473605102551,140.48574734242726,-438.9256189960354,0.5234608512966284,139.50039347147222,-889.9109728669904,-0.5425808503931546,-1.9388122028741193,-201.8824479382292,-1.8464933767797933
116,1.16,-1.9008662106582,697.9338697981534,-2.2082387101986685,-2.835615580118534,547.0001379758667,-3.142988079659003,-0.9095940771673479,298.9261594788177,-1.0913106403317514,-2.8396934941406635,396.823626534822,-3.1470659936811325,-3.644487504116372,196.6971432386336,-3.4469898286084186,-2.471563875767849,97.36418968021718,-2.8774639288389774,4.824483280606027,1005.6278668911033,5.680301058003356,-199.44212242875818,488.69680280549903,-5.18257617413707,-370.15786965636374,378.2593869998735,4.80542486224219,-454.86380983595296,192.78877756346657,-17.289403538793927,-512.051001797353,27.8230802131341,-14.560517655590711,-1.7650055146172783,-227.01066032651224,4.2451261750475995,-1.9828236671241584,-202.22371341374597,-1.5867483428333968,-2.159839728011245,-201.65744114203724,-2.4672122275517134,-0.5378034625097037,-200.38789788627872,-0.531049568466663,-1.8447867491581773,-202.0090331931732,-2.152159248698646,203.61126796768554,488.46522918167034,-4.473630750222309,330.6156773449325,407.4265833660552,-9.479161461587688,441.9730308675836,171.9642888118872,-10.927219725587696,483.6909079683851,65.82042857540816,2.8024888683029685,-16.497841178196087,-215.74467176412315,5.779451537930493,-2.287715891978193,-203.1640791030385,-3.3072051585639937,-2.144300221433739,-202.30854666544872,-2.4516727209742073,-0.9944277439651752,-201.15867418798015,-1.3018002435056437,-0.9270978757951742,-201.09134431981016,-1.407260047704262,-148.8306610013182,-121.9691277096646,-9.931116503503572,-149.7758382143468,-472.9143049226933,-10.87675412651077,-150.60909407075096,-923.7475607790973,-11.710009982914912,-2.118908288163659,-202.28315473217867,-2.4262807877041275,140.43329197083023,-88.0350085418177,-0.1774276718004617,139.9529914471887,-438.5152260008334,-0.29325878694572693,139.08468702156935,-889.3836134910787,-1.3552063208643386,-2.7427742868375793,-202.90702073085257,-2.685047783262306
117,1.17,-2.505837855898515,697.089478676407,-3.0197242352929234,-3.1839042461400724,546.4115683320784,-3.6977906255344815,-1.3172798416786753,298.2781927365398,-1.6483379124500988,-2.7196137131421043,396.62496956366635,-3.233500092536513,-3.9057903927302258,196.03736615233672,-4.078885328051575,-3.137412432206008,96.4580601460124,-3.887654125540138,5.099372186940874,1006.1875429093686,6.18690303153759,-199.11820367430016,488.0083147354959,-5.343776625390813,-369.6061872818515,377.0810434897385,4.195832327151529,-453.9342677378153,193.36265914241875,-17.83099847943125,-511.1840800221614,28.38698704545299,-15.372810784669726,-3.328995828324969,-228.09516489773586,2.9239192887820606,-2.4918453595467405,-202.98322102111518,-1.9822211946348527,-2.131849313714801,-202.0970325834411,-2.64573569310921,-0.9876513853548767,-201.03619793136693,-1.1455859277926714,-2.4957880083364508,-202.90031543011804,-3.0096743877308603,203.2415165833411,487.17534056683706,-5.53081662383903,330.78736122086036,405.8717704361538,-10.638795957124561,440.84236035321345,171.45561917757652,-10.636131275546997,484.05224040787533,65.01475701225242,2.9675985533428237,-16.37910089107448,-215.1624880238832,5.167295680474043,-2.326582404816231,-203.35955066779388,-3.4689096254067016,-2.8421206780465065,-203.24664809982806,-3.356007057440915,-0.9368210814656978,-201.34134850324727,-1.450707460860107,-1.195240146699573,-201.59976756848118,-1.781155977897153,-148.6907483009906,-123.28478834049082,-9.664599678058595,-150.31033541461517,-474.90437545411544,-11.287189041874676,-151.1374495561111,-925.7314895956113,-12.114303183370595,-2.790834776500132,-203.1953621982817,-3.3047211558945406,139.68798799198044,-87.89431341337469,-1.5102200699535024,139.52097970226086,-438.060780053694,-0.9959233963933131,139.06666558532132,-888.515635820034,-1.8123969318464956,-3.3490801079060066,-203.7536075296876,-3.449255116703573
118,1.18,-2.7702888387538867,696.6146311778775,-3.4842766854946117,-3.276705339767248,546.1082146768641,-3.9906931865079738,-1.4561372245108153,297.92878279212056,-1.9629534561585809,-2.2081695096263623,396.8924556832211,-2.9221573563670877,-3.79124263763708,195.77977919576279,-4.346389124000403,-3.50210000756167,95.8828200090696,-4.657657714087902,5.159837149684652,1006.5035304428924,6.472841615083993,-198.6783969915479,487.47907977531526,-5.3698428264692755,-368.49471569296986,376.46770024717796,4.062136110095013,-452.5529652029919,194.42383313930907,-17.872882815531177,-510.19206271996734,29.08736537938489,-16.063393188239026,-4.801411874028154,-228.99508673755497,1.685249785142532,-2.8057181356262504,-203.49744142160176,-2.35991659238871,-1.8680545441615166,-202.2516791500691,-2.582042390902242,-1.5337454909968518,-201.83467345411958,-1.933606944154068,-2.5873909621692963,-203.202470945538,-3.3014147734082018,203.45612093691327,486.51770986492886,-5.9855420361013465,331.1364422482883,404.4414768257311,-11.657422247932235,439.5017473924686,170.79060692129195,-10.573274625829619,484.7469878123652,64.47558125564925,3.3258852158324475,-15.842798692493684,-214.23632956745118,4.813911483050743,-2.293431998432589,-203.3404326343097,-3.4393404976817474,-3.36012304132484,-203.9752030246935,-4.074110888065565,-1.2249135417346153,-201.8399935251033,-1.9389013884753403,-1.6142418560374479,-202.2293218394061,-2.3516142420285417,-148.50374034952628,-124.48545262757713,-9.302654458085668,-150.51562281021017,-476.4973350882611,-11.329783603296523,-151.3546121374817,-927.3363244155325,-12.168772930568,-3.2344861468673907,-203.8495661302361,-3.9484739936081166,139.62189350507836,-87.08378080328589,-2.189954632633986,139.25604519771946,-437.4468783880187,-1.5625474402851927,139.3167640980015,-887.388910210363,-2.0307300120625396,-3.483775357621933,-204.0988553409906,-3.8326642012469163
119,1.19,-2.5557692166908397,696.7364919721149,-3.3580882445755598,-3.205360137812347,546.0869010509932,-4.007679165697067,-1.32503067345967,297.96723051534593,-1.9445213927214051,-1.6043983636531078,397.4369735237424,-2.406717391537828,-3.292228297696103,196.07761167031347,-4.1009366634617495,-3.493335556389627,95.7989256324159,-4.9381349392164235,4.998617262656183,1006.4803881303435,6.4254873486451105,-198.0531054883354,487.2677499423715,-5.1895261516367235,-367.0730269991561,376.26224977308595,4.264086469474293,-450.8199830726801,195.96437115699004,-17.40510211831593,-509.017547126969,30.075937908315566,-16.46249639917975,-6.1001382835306694,-229.54927419697805,0.692224735488756,-2.850446719188726,-203.6108470884014,-2.62925520276715,-1.4409106415276747,-202.05273322898847,-2.2432296694123948,-1.9762777799183586,-202.46810327568727,-2.5627011053078594,-2.084255023104536,-202.791993834299,-2.886808568976643,204.19608827905154,486.5222618843858,-5.79091722316233,331.6735617893611,403.2386178146186,-12.414951865418315,438.07504905705963,170.17672748517217,-10.547269963661524,485.8218026604089,64.29172884880293,4.031957917162972,-15.082952650621475,-213.07358821262437,4.631857594723332,-2.17710703172588,-203.11603630838883,-3.210616525079118,-3.5387567438462355,-204.24649555504067,-4.3410757717309565,-1.6563928592812438,-202.3641316704757,-2.458711887165964,-2.052281013292098,-202.76001982448656,-2.8605125786289616,-148.4619282865584,-125.67361147786428,-8.909837995532369,-150.21896761528137,-477.4306508065873,-10.727175852610774,-151.10301103923288,-928.3146942305389,-11.611219276562284,-3.208267403470723,-203.91600621466517,-4.010586431355443,140.0249445973083,-85.7269139467603,-2.3205873373401484,139.2250577808736,-436.5159214441651,-1.9872058788396276,139.66411115440593,-886.0877473896627,-2.155238732137467,-3.0824128988116715,-203.7901517100061,-3.6338032961576703
120,1.2,-1.967641439041135,697.3928303090831,-2.6856934898386395,-2.9654548981867674,546.3950168499373,-3.683506948984273,-0.9752776028129214,298.3851941453113,-1.567673717234362,-1.067507896216334,398.1205303248854,-1.7855599470138392,-2.435552868220995,196.95010502198653,-3.329847818491093,-3.164820695200378,96.19565105292382,-4.610898366326323,4.647373861123091,1006.1067862448649,6.015662865124954,-197.21565117036096,487.44485043210796,-4.720095385785747,-365.72957854690446,376.1236543912199,4.478729067571577,-449.0028975950514,197.76384404022318,-16.629881790951764,-507.58208841190554,31.480624210859553,-16.418877474111273,-7.1632052904390875,-229.6620208407635,0.013114621642427694,-2.645304282440299,-203.31293307247267,-2.659908509406575,-0.9037306983892333,-201.512226967965,-1.621782749186738,-2.0183436003548967,-202.54230178257973,-2.6208350090237005,-1.1146409356086007,-201.75416918748442,-1.8338839670178109,205.30126271696975,487.0725441142802,-5.04576353059817,332.4724553063748,402.38428422301206,-12.772564197164165,436.86333425753844,169.95282341343662,-10.238879888421904,487.27351422862546,64.42891277555421,5.1470999334345375,-14.232105702586965,-211.74824020283754,4.543840945591045,-1.9124311885912686,-202.6483339648327,-2.7268577637543947,-3.268930606740968,-203.90845885861677,-3.9869826575384737,-1.8702126925479374,-202.50974094442373,-2.5882647433454427,-2.2460803297226084,-202.88560858159838,-2.9652966281745226,-148.55667045589664,-126.79611503775944,-8.369955982686545,-149.3862479654261,-477.6256925472889,-9.385254754454177,-150.3689120059327,-928.6083565877955,-10.367918794960776,-2.61236316827501,-203.25189142015083,-3.330415219072515,140.54145922685439,-84.13792095876643,-2.196111992121277,139.41269590174593,-435.2331736220942,-2.300859878367505,139.97048086098272,-884.7088993246383,-2.302792788118996,-2.3046779413340404,-202.94420619320982,-2.8884175748930745
121,1.21,-1.1884041692292946,698.3454019355379,-1.6964725289706555,-2.4743123562855205,547.0594937484816,-2.982380716026882,-0.5070737716395899,299.02673233312754,-0.9478833553744075,-0.6119226433783862,398.82958644539013,-1.1199910031197475,-1.3618825834430046,198.17829157530838,-2.2399018817962326,-2.593465601961433,96.9403405028057,-3.744014316644871,4.153793032214233,1005.4861407888493,5.337924719648543,-196.16701067843155,487.95451121450697,-3.966370379324565,-364.66192503092526,375.80318787567904,4.468644863519626,-447.3861203102526,199.48416417573026,-15.874163978628124,-505.88549068673774,33.25264530104199,-15.957131254891408,-7.950930136236712,-229.35865270759257,-0.4286469543594972,-2.2311486214073266,-202.70861391544037,-2.362688494076209,-0.3180236227194474,-200.77637140409055,-0.8260919824608085,-1.486547699615715,-201.90456482219957,-1.9464432166839605,0.03419354146642822,-200.4320003537665,-0.478585237969736,206.61185184157125,487.95372088957174,-3.956266735718584,333.63795130181984,401.93219632966964,-12.667902302451314,436.107004983461,170.29820107212697,-9.45721314829315,488.9538772362739,64.65055569817439,6.480862556150631,-13.178580478501473,-210.18651067497936,4.597592370814394,-1.4104598683971665,-201.90794199075586,-1.949816455264314,-2.5690685193801235,-203.03526241461304,-3.077136879121485,-1.5946163794680226,-202.06081027470094,-2.1027164544820396,-2.0001635727070175,-202.46635746793993,-2.5084104756088204,-148.62472439878673,-127.74403950276454,-7.513644823780314,-148.23773451076377,-477.35704961474164,-7.5721197948421874,-149.2624260231681,-928.3817411271459,-8.596811307246503,-1.650488368577654,-202.11668226381056,-2.1585567283190157,140.9374035453608,-82.60797686393137,-2.096474545429422,139.73156614379516,-433.733426366867,-2.541160734485601,140.18765683503375,-883.3577235742584,-2.5274438619249326,-1.34937413767815,-201.81556803291105,-1.80145275190158
122,1.22,-0.3077573528835048,699.4040832419213,-0.5911608905113339,-1.7121848562996511,547.999655738505,-1.9955883939274808,-0.07730427819673244,299.634536316608,-0.33267018661736975,-0.2505165439775325,399.42284893032763,-0.5339558868190575,-0.34514169406071926,199.36795284492183,-1.1748321908957746,-1.8183756232865798,97.89346497151811,-2.543349020699917,3.573238473570781,1004.7742231889681,4.558661074927395,-194.970758021098,488.63356640821894,-3.063056467795861,-363.7263046855037,375.3488771000965,4.279130631997381,-446.1274383903049,200.8648474549904,-15.402609852731194,-504.0508918524382,35.175406115371764,-15.283548870633613,-8.441202975184622,-228.7266860585807,-0.7409211167669478,-1.6130328926359372,-201.9031008773146,-1.7394760046762405,0.2726002871619041,-200.01401412660908,-0.010803250465925451,-0.4905214850523483,-200.76292160165463,-0.7581670099634683,1.0056177817066496,-199.28254162348873,0.7077051299694128,207.95508307493742,488.89327205832876,-2.805766130400335,335.12440011674846,401.7411614452039,-12.25310503355264,435.7963441513748,171.09908339218836,-8.240294054309931,490.6068913990642,64.65032787519857,7.671891804942956,-11.704512253343765,-208.2755919806262,4.880647377448942,-0.6659995478645518,-200.96206985575986,-0.9573139881923121,-1.6308320997521246,-201.91899150494748,-1.9142356373799543,-0.7858604130039536,-201.0740198181993,-1.0694707601881221,-1.3280413746994382,-201.6162007798948,-1.6114449123272678,-148.48479353549735,-128.43519350782142,-6.279215874760509,-147.2000717466679,-477.15047171899204,-5.826505427829211,-147.9909622119967,-927.9413621843207,-6.617395893157972,-0.7121642634268591,-201.00032366862223,-0.9955678010546888,141.16423632495776,-81.28733313351266,-2.1801751965941927,140.09388189893585,-432.20750319289255,-2.735958912103582,140.36676189043175,-882.0848075680387,-2.8086929556378784,-0.3450070838240735,-200.6331664890194,-0.6102334124227407
123,1.23,0.6240661348769996,700.4601769298339,0.4995098800238363,-0.8170172605691782,549.0190935343876,-0.9415735154223422,0.13595550003987422,299.9720662949967,0.02050173068770389,-0.04149080159830654,399.7821289505564,-0.16628053577354218,0.3009973789778009,200.1373004725024,-0.44381170496912425,-0.9101809929160679,98.92592980204074,-1.2710925617089528,2.986716687898253,1004.110488181547,3.8393658490762457,-193.82642984446915,489.2248252894644,-2.2644608639410153,-362.64579772976606,374.9839649877217,4.1277696129701384,-445.1964519314187,201.87299680262305,-15.261362317849041,-502.30635558189454,36.96946274554726,-14.687224513739569,-8.647812757794021,-227.84743245735476,-0.9341233812778373,-0.8173512075951268,-200.97633041698526,-0.8909498730036836,0.8341297244924021,-199.32952254844218,0.7095734696392383,0.5990292109656008,-199.5601321618788,0.4792004657192279,1.5497169508801074,-198.61417225416318,1.390355140652538,209.08807317250918,489.59049898388594,-1.9171945480457016,336.6608431989988,401.486865198906,-11.874963410541463,435.6496905431653,172.01524680154083,-6.815410795050269,492.0484530708442,64.27712717762235,8.462215328491821,-9.846326982698795,-206.12266109681042,5.2895104919866585,0.1562819735923358,-200.00916498055392,0.03016796963615126,-0.7622809129450234,-200.9261701179883,-0.8868371677981872,0.35994591100711426,-199.80394329403615,0.23433939056596828,-0.44697893814698325,-200.61086814319026,-0.5715351930001475,-148.02312386122435,-128.8130800181201,-4.770062326605931,-146.61800920653775,-477.4079653634335,-4.5748191148956945,-146.8514717733383,-927.641427930234,-4.808281681696219,-0.060662572577238505,-200.2245517776205,-0.18521882743040244,141.2228224566598,-80.23476437374178,-2.525665957338253,140.4255705414307,-430.81349932489684,-2.952502081244191,140.60076147711553,-880.856825353286,-3.083910449557771,0.5837935626363258,-199.57988845313946,0.4638332259669538
124,1.24,1.4355161386272992,701.3436853089706,1.3923356323323546,-0.018746346731247483,549.8894228236119,-0.06192685302619284,0.009213002310217447,299.91738217265345,-0.03166603522983773,0.024670109971654253,399.9296810501015,-0.019696102157287454,0.3848202768261475,200.2929894471693,-0.2059011328538426,-0.041498284464780544,99.86667088587843,-0.18320634429038585,2.51219720691573,1003.6113363944546,3.309651181059354,-193.0330667684026,489.4315490930075,-1.860004561309123,-361.35338740820464,374.7818969673215,4.093521986452636,-444.4172246858824,202.6846828669257,-15.282404725221003,-500.8868615794624,38.40851019917592,-14.412193376511642,-8.701435038813663,-226.85884768563477,-1.0097639278150212,0.057635458060799186,-200.0202924568879,0.027339048084212697,1.3030640482765241,-198.78876678138033,1.2598835419815788,1.344933855979203,-198.74219142237848,1.3064588374613122,1.6032372425768993,-198.48859358707995,1.495031398157538,209.7841775632005,489.8209307535273,-1.5284218123384445,337.9145610008439,400.84346093878605,-11.873082189728365,435.28745389056655,172.6706495088154,-5.505016108105971,493.28467670384634,63.60178266501903,8.853808588804212,-7.9987868736535805,-204.08644833997676,5.498164612288264,0.7713805734226393,-199.3206891447963,0.7279611785656478,-0.23077707201178255,-200.32260790166868,-0.2739575783067275,1.4719387097861014,-198.6197372846246,1.424759157757406,0.34817512985069127,-199.7436556998062,0.30499462355574597,-147.2682225745226,-128.90355944397191,-3.2373624399426935,-146.49751404399836,-478.13285091344767,-3.8359576720768933,-146.16206170403422,-927.7973985734835,-3.5004913091825847,0.3329595189473886,-199.75887131070948,0.28977901265244355,141.08301629357706,-79.47992521205123,-3.1734620495618167,140.63586332462177,-429.6794660211971,-3.3236885296524217,140.933938167517,-879.6290033381114,-3.322198041695686,1.2521419309581332,-198.83833785496182,1.2098664146118598
125,1.25,1.854293567273394,701.8043339660883,1.842140801048,0.5179657678811571,550.4682015779106,0.5060084128703445,-0.43548251955412387,299.51475329047537,-0.4469866884969806,0.1197140258569836,400.06932794348444,0.10306711330190094,-0.0412517089135363,199.9089841011159,-0.4295459593668516,0.597034127309125,100.5472699373386,0.553089558941802,2.2512849499473098,1003.3561359759444,3.0437915375506455,-192.78023730685499,489.0870182930277,-1.9934305011187499,-360.0508642352921,374.56806012183654,4.0048635809907545,-443.56766168037086,203.54975190717775,-15.212825195348483,-499.89086910328103,39.42338920658679,-14.535599223054973,-8.88136285678908,-226.02653360953616,-1.1454653272816016,0.869572522427158,-199.15389180877628,0.8601521964058858,1.6221722739575142,-198.42759191601306,1.6102149189467019,1.49831757259098,-198.5357962207229,1.5020106044954735,1.2186197562735708,-198.83114443369703,1.1120510925590874,210.0237248348709,489.5877086569018,-1.6310482962495891,338.7350690402558,399.6881995898648,-12.365773245763432,434.5106450665504,172.88776408970028,-4.552107812732751,494.4443909767449,62.78923530364453,9.011149543417275,-6.5518573214152,-202.44718553572469,5.263569454197371,0.9507003866951378,-199.09906380327547,0.9387430316843257,-0.12127076157511414,-200.17103495154572,-0.13322811658592637,2.1904277303031066,-197.85832680703385,2.1666851737432404,0.8699155386585635,-199.17984865131206,0.8579581836477512,-146.41847570071013,-128.88181828152483,-1.95854457357974,-146.55740860440582,-479.02075118522055,-3.302835028238266,-146.09345810275968,-928.5568006835744,-2.8387930856008974,0.6689823374124553,-199.3807818525582,0.657024982401643,140.77137606653977,-78.97498340463957,-4.068302125825653,140.65105020183586,-428.8767923052694,-3.9576424114297524,141.34164943354847,-878.404710037631,-3.5468218474919517,1.52204643549713,-198.52085658823984,1.510227865189891
126,1.26,1.7437944852675207,701.7184897769246,1.7391553842669585,0.7962542937795938,550.772246243696,0.7930323730888889,-1.0018207720468257,298.9741711778697,-1.0051161335285874,0.4630175781323573,400.4389141577601,0.44520786415433705,-0.6834857202554181,199.292506229661,-0.8883963628507651,0.9736526716319225,100.94964462154842,0.9622001777197547,2.200468852593681,1003.3276777063372,3.0107422738207337,-192.96124963689553,488.31170869768687,-2.532530008074466,-358.92443468037345,374.17501692359724,3.6627796342829573,-442.46667091374275,204.67189878439584,-14.84076236014285,-499.20977226589605,40.14334401515534,-14.921899897810093,-9.460745640227508,-225.6181089462646,-1.6432155710177154,1.4811785677622815,-198.50452102339665,1.4782027739426697,1.8185784204527742,-198.20542962963083,1.8152135606365865,1.1290298926610143,-198.84713937614657,1.173503814120839,0.4884971235557189,-199.53551092652788,0.3779236056393385,210.0184963014754,489.1168585709678,-1.9841722760280496,339.26666572816896,398.1847533317434,-13.17629577581228,433.44963894183843,172.8042664591141,-3.943899998180971,495.6472117750666,61.96322029431616,9.090445969118246,-5.481528923383265,-201.10873065770218,4.703742213968015,0.6981982128962796,-199.3258098371873,0.694833353080092,-0.3100017509801855,-200.3340098010638,-0.31336661079637307,2.3839480823536987,-197.6349325285741,2.355017402104439,1.146902543161345,-198.8771055069223,1.1435376833451576,-145.71266864455418,-128.9720975096594,-1.0403146419731018,-146.49827126865205,-479.75770013375734,-2.6501971309333,-146.5262058747518,-929.7856347398571,-2.677667361362502,1.110935827230679,-198.91307222285292,1.1075709674144911,140.47851279333312,-78.51647604904849,-4.990542907568695,140.49366471958763,-428.3511397561519,-4.822781053741489,141.78967699341976,-877.2053118489619,-3.7803353945440286,1.476531659642948,-198.52033995157797,1.4731667998267601
127,1.27,1.2603515140093338,701.2441293011229,1.2502149141832977,0.9522042457941053,550.9428005164996,0.9494708568392483,-1.4479366791830877,298.5424584163113,-1.4516021483204378,1.0670289144309546,401.0574240099253,1.028712041519827,-1.1554460001828262,198.83494909531152,-1.2436724472561784,1.2426491390111676,101.23304423450553,1.2373911202955397,2.24899015277212,1003.4102281673097,3.0859953183336746,-193.23266287125838,487.4528010410129,-3.163566740241352,-357.9337316871799,373.6534219898873,3.055976353772257,-441.0524688497052,206.12417886278206,-14.087711465564997,-498.62194469072597,40.8017131647435,-15.326753438115926,-10.477754848250203,-225.67448948581233,-2.6480058671089948,1.798415985392942,-198.16777974814292,1.7947505162555923,1.9619740745004872,-198.04763083000523,1.9583086053631373,0.5216885524349834,-199.37315708157422,0.6327823537941549,-0.45326010425585084,-200.46286500876158,-0.5515368820968718,209.98991293336343,488.63529234633495,-2.3465726177495694,339.8325635448743,396.66714355302247,-13.962730956872264,432.4315056569162,172.74307662844902,-3.438793104013852,496.94137623757376,61.17025391699774,9.163401041262377,-4.410857428037257,-199.7271673468257,4.1679820146465145,0.25189801820344115,-199.7577068863023,0.24823254906609124,-0.5541561279349506,-200.5637610324407,-0.5578215970723006,2.1521342028783153,-197.8371912863742,2.111405590846891,1.3237847433038858,-198.68582016120183,1.3201192741665357,-145.2564062055314,-129.27429846086955,-0.3652280420329389,-146.20093142457316,-480.21882367991134,-1.7473896149956598,-147.1083413258546,-931.1262335811928,-2.652962874871814,1.6707269740166344,-198.3388779304891,1.6670615048792845,140.49309534389175,-77.81148842984523,-5.6361000637042675,140.2877748389596,-427.9364210361473,-5.760849524967586,142.23947939873585,-876.0651043750012,-4.03825555631369,1.397952510427961,-198.52806627787336,1.3942870412906112
128,1.28,0.721855517985686,700.6924772613997,0.6862807545838823,1.1021276093358772,551.1003973498455,1.0968801580348269,-1.6818096438202106,298.3151482695261,-1.6917905888642126,1.651996196228784,401.64895410957496,1.5772779061650706,-1.2250510599579123,198.77190685338832,-1.2646372715452476,1.5410418680840012,101.53799978143019,1.5308166976522237,2.28979981465002,1003.4932082804271,3.159611525480904,-193.27694125312408,486.82805383435436,-3.6347284232399373,-356.92419552335576,373.167025061712,2.3121547602374823,-439.46599796765804,207.77106211062704,-13.089029108419087,-497.97140265248686,41.56446703799588,-15.578092291026927,-11.678800135022888,-225.94576000652825,-3.983425468957667,1.8120842720021753,-198.152649355727,1.8021033269581739,2.030889479735322,-197.97215260691854,2.0209085346913196,-0.036975832140757836,-199.8256193756116,0.1674417659982378,-1.4226421982555757,-201.42568428490944,-1.4976484814239936,209.98245876152617,488.1915094755178,-2.6532680063802276,340.6640915722302,395.37620332266965,-14.485873043684421,431.7053282600359,172.94983042707852,-2.7982045054983145,498.30214870276154,60.39225951311051,9.218458662279517,-3.044433958439365,-198.0963284546449,3.859874221838517,-0.11480412751300428,-200.11784621416686,-0.12478507255700622,-0.6467528883795411,-200.64979497503344,-0.6567338334235429,1.6275599457750671,-198.31301714432965,1.5966110674836744,1.4394493162246778,-198.56359277042918,1.4294683711806762,-145.03169809974855,-129.76629003982507,0.22184375444217586,-145.75027055024015,-480.4848624903167,-0.6795033119042047,-147.49928738066006,-932.2338793207366,-2.422862888522083,2.170430913111879,-197.832611173542,2.1604499680678777,140.96180657836925,-76.71041841310807,-5.853259298638076,140.1727962064328,-427.4659181232639,-6.6097410455863095,142.58152769211895,-875.0906972993585,-4.402818475103847,1.4975617243030301,-198.30496769326945,1.4879362504637355
129,1.29,0.3526485804366113,700.2700198135745,0.24985574640964925,1.195102582231051,551.2009063913748,1.1898655896587762,-1.795470448865324,298.20367135223864,-1.8194287723584375,1.868278645559518,401.86742044666346,1.7501280408575477,-0.9963990593304131,199.0027427417735,-1.034472429337517,1.8005761135835971,101.79971791468745,1.7766177900904838,2.3121728616850867,1003.5624140764268,3.2225009736954355,-193.01164794551812,486.51951071386054,-3.9019216298454444,-355.8199391894965,372.800934132747,1.547452986676994,-438.0389172335574,209.2840536610439,-12.175600925107133,-497.24413922662256,42.45519131066931,-15.651561776638701,-12.697104658868845,-226.06829616797268,-5.292857712317689,1.6089817294724544,-198.36554747631777,1.5850234059793409,1.9014961426852903,-198.0993620562109,1.8775378191921765,-0.3880911395507715,-200.07700129880905,-0.10010142340597383,-2.2137451621983724,-202.21460336109456,-2.2725090410658915,209.9279900621621,487.7212992599436,-2.938160294055324,341.7190296029144,394.27928557614223,-14.784580121000396,431.2912622073994,173.44480366516893,-1.973157314181649,499.6498589420098,59.5624061256208,9.185086177299711,-1.4427770159159325,-196.33206888589442,3.6613627565037543,-0.2838529808444864,-200.28471117974067,-0.30781130433759996,-0.5701831543151336,-200.57104135321134,-0.594141477808247,0.8669860845510063,-198.98402637738565,0.8980526987991317,1.3567598831046381,-198.64409831579155,1.332801559611525,-145.05357042337965,-130.45912681473538,0.7091101163454676,-145.3553616397583,-480.76091803111404,0.339374109066426,-147.58135493366984,-932.9869113250256,-1.8730481384677076,2.3057171667633725,-197.69514103213282,2.281758843270259,141.697240476982,-75.39768556114547,-5.827838511382192,140.21977322727943,-426.8642734918181,-7.298310472913531,142.67381273125307,-874.4211133068744,-5.0036729753260145,1.6915902734443455,-197.93466094202662,1.669949913379614
130,1.3,0.16897334057333885,699.9700834239964,-0.06531512023614616,1.0260895025268135,551.0517061920792,1.0385809602855045,-1.9119221462135143,298.08768692421364,-1.9570964473913608,1.5713265703303896,401.57059450695664,1.4194184314098917,-0.8429572225458644,199.15631071408038,-0.9068146756864774,1.8218607698857037,101.8211287065119,1.7766864687078572,2.3841962096740037,1003.6835934853855,3.3423151902400514,-192.59682914436092,486.3706952946081,-4.090973776925075,-354.64460480742434,372.5387240819663,0.8161666483870798,-437.1084509322751,210.32801929655875,-11.682105017843726,-496.4874813244474,43.43456794744883,-15.584782845525625,-13.325344317613727,-225.83843888272904,-6.341689615186825,1.2945561483885406,-198.69206141355284,1.2493818472106941,1.497967074838995,-198.5027649885348,1.4527927736611483,-0.5381975346951384,-200.18544615951603,-0.22988839732005706,-2.653585373959406,-202.65431743733322,-2.7132687892466594,209.808180802044,487.2090967576934,-3.1784795614013346,342.76769573895444,393.15524179827617,-15.083109916284059,431.0288191790892,174.06830865408398,-1.0955343367623245,500.87439274979226,58.58471826145954,8.964767941682918,0.09407834960896624,-194.72763220806058,3.283325534703734,-0.2978297785998536,-200.2985618419737,-0.3430040797777001,-0.531865769791956,-200.5325978331658,-0.5770400709698026,-0.07245013023010743,-199.79323350129087,0.07707264932587696,0.9400957694388523,-199.06063629393498,0.8949214682610063,-145.43764622910436,-131.46571835365916,0.9237503115799179,-145.24492325530835,-481.2729953798631,1.0793690252635044,-147.47921751178797,-933.5072896363428,-1.1295711786834417,1.8603510040476896,-198.14038105932616,1.8151767028698433,142.2653703501977,-74.30551460640014,-5.988712816475999,140.40609456889393,-426.16187713534805,-7.857090085228789,142.49071635985783,-874.0800060670103,-5.877245985055951,1.7034486283711827,-197.7522334902629,1.6700459167955186
131,1.31,0.04535826935451426,699.667380020822,-0.37578550195382754,0.4453620496173891,550.5235388567825,0.5158517326407457,-2.0233734781031334,297.975879202476,-2.0912054851864745,0.8984968079804749,400.89552501674837,0.7364725196882774,-1.0958319175325022,198.90119629123535,-1.1962411664685069,1.505686106853752,101.50271431562155,1.4378540997704108,2.5665580005954425,1003.9177247461823,3.573933261555268,-192.28064075677167,486.1450506917709,-4.36731954144736,-353.45494796270265,372.3264356007514,0.11969309469781542,-436.79080082511206,210.78688007640932,-11.71712999759264,-495.7029012184431,44.506005236902,-15.366220617823132,-13.655461456286945,-225.3537497759091,-7.190784080726054,0.8986349070708314,-199.09832119656306,0.8308028999874907,0.9042198127865593,-199.09875197844565,0.8363878057032184,-0.6447738433566664,-200.33579759495098,-0.4006578108020964,-2.6728756523995494,-202.67584744363174,-2.7454180791776928,209.67754510335396,486.7095156736757,-3.3191390939318266,343.6370420274328,391.83700822405683,-15.54374001023535,430.7112777287733,174.61177998382075,-0.3539933817784765,501.87344981876595,57.36886410803997,8.47247151539641,1.284721888374075,-193.52959452710667,2.492582839347853,-0.2551973975516453,-200.25816918878385,-0.3230294046349863,-0.7834833716506946,-200.78645516288293,-0.8513153787340353,-1.0379939982156898,-200.63364284559876,-0.7650816477850118,0.2694422270352585,-199.73352956419694,0.2016102199519178,-146.26317143895702,-132.86534362969084,0.7407623168747419,-145.56336132355295,-482.1655335142867,1.4041119052267315,-147.4032230865887,-934.0053952773226,-0.3988599290482058,0.906298988111218,-199.096672803121,0.8384669810278771,142.3118839366972,-73.78933719071192,-6.679590247827471,140.62721621844386,-425.4724034325957,-8.391688911438566,142.15320377192472,-873.9469575285152,-6.920548350761292,1.3763744736946948,-198.00897481581154,1.3551000066387204
132,1.32,-0.13366192455224046,699.3000796699104,-0.7329118799177139,-0.4118494919260821,549.7711076045493,-0.23866737986439585,-1.960510322315275,298.03912467840786,-2.0456946940497613,0.19119700406712054,400.1795352047965,0.04127528731292246,-1.731120198288804,198.2572180024406,-1.863401340915178,0.9897383345101816,100.97807653523952,0.9045539627756949,2.826006473841824,1004.2356223008596,3.8773440787446587,-192.18347171492954,485.73618805133447,-4.784585735760667,-352.29206710272416,372.12094338195,-0.5673457464040451,-436.9052380684512,210.83806406711494,-12.09169825425954,-494.8302892618216,45.73015299622817,-14.92319430442734,-13.932831636248995,-224.86828455540126,-8.065293343611595,0.39887990439353044,-199.61015910440153,0.31369553265904415,0.32575695447456904,-199.68552789165204,0.24057258274008242,-0.8850310765659215,-200.68256372463537,-0.7558169051174108,-2.3214489914855116,-202.33311079075614,-2.407824343831703,209.5918198151217,486.2745834509708,-3.3984493742174697,344.36726908268156,390.36705275002384,-16.11459563552464,430.2128066035059,174.94326917942746,0.13417640293665734,502.63117310329807,55.907271367594646,7.710757293434016,2.0193923137220673,-192.820165604555,1.2253641135032731,-0.21671887703528037,-200.22838067630593,-0.3019032487697668,-1.3407539453186397,-201.3524157445893,-1.4259383170531261,-1.778630840878802,-201.3287352764282,-1.4694803085787347,-0.3250051549244505,-200.3366669541951,-0.4101895266589365,-147.36054224696332,-134.49232448174337,0.30603712556078755,-146.24777906534734,-483.3795613001274,1.3876775503294985,-147.45055736130033,-934.5824882049503,0.22655241121566627,-0.21472098203467366,-200.22638278130535,-0.29990535376916005,141.83352625303343,-73.859305411679,-7.89817219148531,140.76982047225803,-424.9175458823719,-9.011721674788248,141.82175381591435,-873.8656956033415,-7.980956467072445,0.8355999357544301,-198.63101191877652,0.893822883256413
133,1.33,-0.344748142674564,698.9778460758961,-1.0280650766124326,-1.1112402820007197,549.2161988078727,-0.8363899656149459,-1.5189314067409379,298.4898274333556,-1.6197357198124585,-0.16482195692674612,399.7992571724712,-0.3002776737720445,-2.3390179894291308,197.62506113996878,-2.493189935581236,0.5817578312522005,100.54583696065008,0.4809535181806798,3.0047053454309127,1004.4885502410641,4.098271907722536,-192.1425775068921,485.30706380285324,-5.172097880269895,-351.1098922676608,371.9626796939462,-1.2142335641909583,-437.0824564811043,210.84256943947656,-12.438896226403548,-493.80205012602835,47.16948815134157,-14.186917815793496,-14.24974921363755,-224.48730347875195,-9.05484600204763,-0.16043826110110504,-200.19304694463546,-0.2612425741726254,-0.02573183603085971,-200.05919466336383,-0.12653614910238076,-1.2381833549088028,-201.1611016113999,-1.2242283974838024,-1.669444490748258,-201.7053653613504,-1.770483321807165,209.5995528026685,485.94407107871416,-3.5277440568570273,345.1627869222961,388.9470567608171,-16.58997798187673,429.60141048262057,175.11938574678985,0.43126411113760144,503.29521635018557,54.35066491191945,6.835478856986795,2.414731531637521,-192.47295803004903,-0.37864133462750676,-0.13119646875524804,-200.1671173393574,-0.23200078182676886,-1.8897329686415267,-201.92565383924364,-1.9905372817130476,-2.020184378730857,-201.64878230548388,-1.8389784597548795,-0.4415346766183267,-200.47745554722044,-0.5423389896898472,-148.28310083379156,-135.9090780555057,0.037181396717764326,-146.9624039862391,-484.58838120795326,1.363455729567746,-147.53277448053015,-935.1597207538044,0.829006112477343,-1.0689151128036884,-201.10483598340585,-1.169719425875209,141.17150071981752,-74.19149904345764,-9.32165639783358,140.8687506923493,-424.4729618772029,-9.687822565588169,141.66520748412515,-873.6765050854274,-8.89206979421534,0.3846917785918309,-199.2766221085851,0.6279037406107288
134,1.34,-0.4394534755553852,698.8934868926455,-1.0842824425918645,-1.1822865109023206,549.259296006119,-0.8884310102706348,-0.6784140595219215,299.37303944915163,-0.8091489530717935,0.02502314804736376,399.9388534590222,-0.12018508951996114,-2.4214906875058038,197.49233962346898,-2.599350841803183,0.5358566739163382,100.44943528122874,0.40509329051084586,2.907643056272699,1004.4918990973397,4.0577642895495005,-191.80811059422587,485.18883454563866,-5.22126184961736,-349.73937158469255,372.0169227889203,-1.677170139056921,-436.9703233693373,211.142777143819,-12.421809494037738,-492.6131494074658,48.8219459934683,-13.16471887140781,-14.431239577128547,-224.04932547123536,-9.996671217209977,-0.6247919599639636,-200.70214981754833,-0.7555553433694558,-0.05663767537957909,-200.13032439067237,-0.18740105878507174,-1.4316811985085989,-201.47893314348784,-1.5146058006380794,-0.7437068427992769,-200.8298765318245,-0.8745061907029492,209.74542110406685,485.7525433363253,-3.7567576090497283,346.20311406318535,387.75252556218925,-16.801662532377314,429.1568707806552,175.40723674848218,0.7988212409540953,504.1036725490211,52.93863736070782,6.080435977368499,2.7704255162226064,-192.18796631732312,-2.0172973656042994,0.16790310213187243,-199.9182665868934,0.03713971872637978,-1.9995425078056188,-202.08576195282555,-2.1303556472058127,-1.6082650197669153,-201.41448601647906,-1.7331499006113213,0.08666650463536402,-199.99950318438985,-0.04409687877012847,-148.57774466525314,-136.67299193327167,0.33445795075503176,-147.28008241424692,-485.3753296822655,1.7372619350688914,-147.48746463367408,-935.5876331515838,1.5503125182833366,-1.3238930932790358,-201.4100627823043,-1.4546564766845282,140.77397278696606,-74.36486119992047,-10.546137119323989,141.18583847575212,-423.88742633836296,-10.177710548937869,141.8864453848971,-873.1868194292181,-9.45836510821962,0.3032224911660696,-199.5824345287778,0.8151661229891428
135,1.35,-0.316834441340759,699.1098953312987,-0.8550016632972506,-0.4880741348095246,549.9460861615571,-0.30144999198339445,0.27827464667216695,300.44742936233393,0.09360496613594238,0.6115280025469108,400.45054182937247,0.42198298727115013,-1.7926338421040442,198.04637998472143,-2.0097379941197637,0.8278001878298021,100.6651727006008,0.642944730098312,2.4792549362984944,1004.1886633441466,3.7100378980386957,-191.0277200732773,485.51824792012087,-4.821447475492587,-348.04394177471005,372.4306186109518,-1.8292386565320065,-436.43281373706566,211.87663201229762,-11.913685076906138,-491.3804005199813,50.57472940287673,-11.98055442274564,-14.261487638500444,-223.33939402057672,-10.680737916748026,-0.8402347628849439,-200.98029567959026,-1.025090220616434,0.11084887135646865,-200.00076618297612,-0.07400658637502194,-1.211498851876264,-201.3922374333669,-1.3808233312310807,0.34322509123665024,-199.8177434496483,0.15838726579479578,209.989481409377,485.66175360421977,-4.056508177243652,347.49108775675256,386.7941220490918,-16.75193105921082,429.17083990316837,176.09780457109582,1.5180850121287732,505.1509399683965,51.77857219803555,5.541921174631865,3.3582138743173955,-191.68458953452455,-3.413447448527603,0.799935372518841,-199.36105080065576,0.6150799147873506,-1.4602231180416225,-201.62153374105782,-1.6454030256147147,-0.6555697992765619,-200.66671023549162,-1.1958998383449762,0.994032772890457,-199.16695340028411,0.8091773151589672,-148.12309872801194,-136.6614496405988,1.2690985983998124,-147.0812106931713,-485.6195616057581,2.6104106944105965,-147.25208795007595,-935.8099027835544,2.433640562991728,-0.9139627907835552,-201.0749489639582,-1.0988182485150455,140.91224194141762,-74.12551623029862,-11.333795839406598,141.99970027808956,-422.88076562501954,-10.216494476323518,142.61018462646908,-872.2702812766399,-9.55694188190515,0.6816668497483915,-199.39573320722178,1.4319445812893545
136,1.36,-0.047064488456665984,699.4890568294346,-0.4803623460982215,0.6117156588999383,550.8958000054615,0.615060959072507,0.9527240305907982,301.3352749117011,0.709483787025992,1.234033943610152,400.999800443769,0.988664539766239,-0.7444921502528201,199.02127434990598,-1.0052166009593198,1.1480389718943207,100.90547019151282,0.9038552738844042,1.893474382098535,1003.7266206076401,3.2101166868873254,-190.13515193485748,485.97684418723736,-4.305632856445187,-346.15250393857417,373.11039638606417,-1.7734676357168682,-435.6159696988531,212.9245348594918,-11.041480969692898,-490.3253086435353,52.23429485936856,-10.835474417994947,-13.75599726455508,-222.34835456147584,-11.099155073797155,-0.7901079219446123,-200.98527510166537,-1.034291619954529,0.18329071973846434,-199.89886902799572,-0.060892978271452486,-0.6485351722959581,-200.98752230801978,-0.8887920240106642,1.278444057803998,-198.9556744650659,1.0343753367654727,210.17207741944117,485.53842290877856,-4.411067901476306,348.890030714967,385.9676841472633,-16.554010089374906,429.65932185501043,177.23132470402723,2.6261031287195387,506.2683672047638,50.739076696152935,5.081683824114764,4.184994412991981,-190.92323029144623,-4.527008188997875,1.6281131584216535,-198.60612034141963,1.3839294604117367,-0.4609572392312523,-200.69683843132475,-0.7067886294933715,0.4532251233767107,-199.7185433799154,-0.46240898498026567,1.7546097366809588,-198.4796237631603,1.5104260386710424,-147.21928100259635,-136.1487217291463,2.562938606526932,-146.7422390616191,-485.67167978816906,3.619069012620808,-146.93071496946646,-935.9201087930926,3.376297261499248,-0.08737399411843028,-200.32160749395973,-0.33155769212834707,141.5412838229646,-73.48942854652933,-11.699209367486208,143.2483999286826,-421.4884517958505,-9.844209357732524,143.7132076635201,-871.0236440610131,-9.287098731873751,1.3530844957331258,-198.8540125652455,2.1685455245587364
137,1.37,0.201706063935849,699.835755532325,-0.14578013098569287,1.4971379913354657,551.5750655398649,1.3464348334194864,1.1962163896054208,301.8282110405589,0.9312961399327186,1.6123641147293921,401.34701623327544,1.3435523975670507,0.18895066595452015,199.92352933795306,-0.08293606372853612,1.1498905824315806,100.85150258038601,0.8812388980438874,1.4396099434373686,1003.3545699831147,2.807200112672551,-189.71973922101893,486.0155846963402,-4.225700055468947,-344.43788089916393,373.73183336421005,-1.8331975489369214,-434.82691533654275,214.0199622521246,-10.072374029870533,-489.6645415999659,53.62548527834899,-9.905607936150316,-13.156357659895587,-221.27797993431437,-11.448215316793771,-0.6063199812742808,-200.81490014889977,-0.8749716656619738,-0.07631726958910656,-199.97693263080015,-0.34496895397679994,-0.09222434709608984,-200.61758335684806,-0.36010278960152364,1.7104367844962225,-198.55440064226502,1.44236900134888,210.14175857734386,485.271797183472,-4.8306185310665235,350.29185565137914,385.21194691708877,-16.271475335944242,430.31283799107814,178.53710799511495,3.8566207971058937,507.2049675744163,49.62025516553372,4.5000620296284275,4.990954701232884,-190.1172354866921,-5.564075547124631,2.2762941567973014,-197.98912717120425,2.007642472409608,0.5263466252273487,-199.74559145204745,0.25117819156643195,1.2544954529882604,-198.99064645976006,0.17469070650360974,2.0015167322739025,-198.26390459572764,1.7328650478862095,-146.38519386606174,-135.61361565074336,3.829918149104034,-146.81056984840933,-486.038991633091,4.253505526112491,-146.7340903443146,-936.1063321323693,4.188001668239599,0.7466222081245792,-199.518799119877,0.47797052373688614,142.40199860446515,-72.62706440572,-11.797959143539813,144.45469675378126,-420.1468015408917,-9.480777660173558,144.8582082839343,-869.7432900107387,-8.94288407046322,1.9841103355947314,-198.27444982617322,2.6505918404794913
138,1.38,0.3071775180627164,700.0382186146057,0.04653343786069375,1.7479691787546496,551.6787689102143,1.5409254936393426,1.2192966257380018,302.0019686542072,0.9957399919735335,1.6938029989709236,401.4600484307805,1.4591958635637685,0.6689446032588764,200.43471110341773,0.44732031443646125,0.723601055897084,100.3878230512124,0.48855079405286306,1.309236386280625,1003.2437508060307,2.669641049828139,-190.0638005162687,485.3773691391506,-4.836428960326924,-343.2126128310507,374.0056415482803,-2.292016094643631,-434.3224879909747,214.92630426485363,-9.240478746789307,-489.4973235800986,54.66958083117555,-9.26765889000277,-12.688312764488794,-220.33357324925794,-11.924584432299596,-0.4613647119450278,-200.63118873883565,-0.6964149737892488,-0.6374620048774522,-200.19014823201516,-0.8725122667216734,0.15755314650245492,-200.5636339019908,-0.07737853485854901,1.5216476313374723,-198.71027649429965,1.2889067436974473,209.90980640355224,484.893645701133,-5.275068222754986,351.68780788774205,384.54473637027485,-15.88561332258855,430.744404886196,179.64699505888564,4.84318066759102,507.88912064864974,48.38080771716625,3.7595092656595352,5.5035275112918605,-189.51329993729743,-6.760922959364166,2.401681208692928,-197.83255229114832,2.166630946848706,1.062463987406103,-199.19184251334676,0.8073407246503239,1.465043655502119,-198.76406240518338,0.5014122354737964,1.74278569619669,-198.49144780364458,1.5077354343524692,-146.03253760353118,-135.44801389060976,4.82638849199054,-147.48196097223837,-486.8974372593169,4.340583452344809,-146.87199355355193,-936.5561609805299,4.6823241068024455,1.2572938075277544,-198.97693969231352,1.0222435456835335,143.2535586251133,-71.68448822327689,-11.762790140911441,145.09115220337247,-419.36240034904915,-9.604940746883639,145.72644500953925,-868.7271075428823,-8.817373117809513,2.294348310289975,-197.9387611525761,2.701778056912644
139,1.39,0.23823556942028778,700.0672690823361,0.07061743558278133,1.4212424688623497,551.3078079119612,1.2452085401965731,1.2953736037146426,302.0318034094951,1.1617983810043868,1.5804740983499572,401.4219201407882,1.4217593108138704,0.759767759038241,200.59878158586375,0.6466053270917889,0.03561650134872085,99.63103772426695,-0.12553050180009895,1.4854150984994605,1003.3975211971888,2.798255664652779,-190.8761450674548,484.3374031009521,-5.860266921375907,-342.49572422512836,373.8870586914651,-3.1891715334967827,-434.1713156180811,215.55432665682667,-8.633013415676583,-489.77097256968284,55.398283241808414,-8.888538847879824,-12.362205542187285,-219.5448839051255,-12.54987510020648,-0.45047719295804645,-200.55462220575657,-0.6116241961068662,-1.232830872988273,-200.40217161572275,-1.393977876137093,0.05933263745499173,-200.81033930191117,-0.10181436569382796,0.880396906714433,-199.27347589312598,0.7263632768998343,209.6541628549136,484.5617311433658,-5.624539814228964,353.0700843577596,383.94410945225184,-15.417908702108807,430.76945570787416,180.35482279450395,5.368297505396692,508.45065780229794,47.139588071528564,2.9825064739492166,5.687565268249255,-189.16181503733642,-8.158016276882032,1.9356874210986104,-198.22529875207596,1.7745404179497901,1.0080405624331643,-199.20109823670396,0.7987409333218285,1.11779823358095,-199.04217828695997,0.4533908303573396,1.2037582540146032,-198.95722791916,1.0426112508657834,-146.22119389260587,-135.7327121917308,5.546237051731886,-148.45825786626347,-487.9697761653884,4.159881637844451,-147.43127924076296,-937.3337408416255,4.796008402598617,1.3334465152122137,-198.8275396579624,1.1722995120633937,144.0062349443341,-70.73402366943174,-11.661357817725182,145.02755041337522,-419.28514348487846,-10.350743723587893,146.2134615800821,-868.0992323181717,-9.030450497323644,2.222013267774254,-197.94024598616488,2.4034022696838715
140,1.4,0.020946707716221313,699.9298498530153,-0.06652188656874758,0.9140094894262831,550.8245293711195,0.8028894478610175,1.4436733856315025,301.97428807755773,1.4089898998744643,1.3852108657741775,401.3086607761041,1.308636112028628,0.7166224831854537,200.63045279416033,0.7468425904590374,-0.6933854689015939,98.76535394456309,-0.7795798220021884,1.8127149790534656,1003.7009208266156,3.0768524541197246,-191.58556206201024,483.42873117923443,-6.763052812930477,-342.073003089363,373.5397217744824,-4.357076218132983,-434.2665300514974,215.97004758116393,-8.183519622001421,-490.31782751190184,55.937234444075074,-8.642798955173944,-12.003476466971831,-218.77616922094813,-13.181699946399348,-0.5514570484882886,-200.59861926733475,-0.6376514015888828,-1.6097547732972222,-200.57224297682848,-1.6959491263978166,-0.23248129475540136,-201.12169716345107,-0.31867564785599534,0.06727310259138153,-200.00183249088565,-0.0018571549609852633,209.5773656805283,484.4382029764947,-5.751263305076291,354.3367760945519,383.2737340482579,-15.005626180546514,430.4896943459056,180.72073895584236,5.472182784977864,509.02895542583843,46.004091330388476,2.279067875007274,5.757231581823758,-188.88457920188802,-9.568724859281865,1.0618981771548999,-199.02427151187038,0.9757038240543051,0.5428791912957944,-199.63325144652373,0.3667238894009839,0.4819762133794517,-199.60403864039966,0.12602038675294075,0.5773878328412507,-199.50878185618404,0.4911934797406565,-146.718054667817,-136.27578659607764,6.10725135611332,-149.3000132442421,-488.85774517250275,4.110024475676686,-148.31070944783872,-938.3114381737003,4.6563454974095055,1.0712159767819802,-199.01495371224325,0.985021623681386,144.66481169803643,-69.84772871378796,-11.566393603113458,144.6045358880745,-419.61414387878915,-11.42615015370258,146.42795837588613,-867.7907213909775,-9.510368317095338,1.8940021618908824,-198.19968495864498,1.9436976965161772
141,1.41,-0.29902657182897185,699.6531994294679,-0.33514285364567853,0.5658723093746716,550.5162290088633,0.5104990810060335,1.461992431051059,301.75621244928516,1.5010194301933453,1.138879029170593,401.1325886105817,1.1325886105817178,0.6545533445674379,200.6186324739654,0.8363235174181993,-1.407719519636518,97.89420626101324,-1.443640390238642,2.145744895264808,1004.0346756770052,3.385755950649789,-191.83275513404192,482.9856919378915,-7.210335391113628,-341.6976515084211,373.18094804831446,-5.575428954571947,-434.4496279323269,216.30560653331423,-7.76071121662201,-490.93056041799395,56.46522784742164,-8.352920540363122,-11.448241323200193,-217.8872732701663,-13.674293097042408,-0.6894334195179211,-200.70482734563038,-0.7253542901200455,-1.7565823898332347,-200.80085782999527,-1.7925032604353588,-0.5379307453265223,-201.28253738212024,-0.5738516159286464,-0.6835906388354992,-200.68763158191246,-0.6874450209289366,209.73233875444603,484.5499154178549,-5.645291006509781,355.3433898615764,382.3689180507994,-14.815295738902407,430.179965451045,180.99260122599122,5.39253398970785,509.63613044690135,44.968120176864744,1.6448713528506764,5.976311123420872,-188.44001495761023,-10.744091229094135,0.030988033417928107,-200.00493283718424,-0.00493283718419657,-0.03432870996333415,-200.20114198871204,-0.20114198871195121,-0.14360850604922676,-200.17952937665143,-0.2920472342702475,-0.053185234403893056,-200.08910610500607,-0.08910610500601718,-147.33709414582214,-136.91813379544487,6.520372642026217,-149.82216225742877,-489.40320190705154,4.348296359248312,-149.30989200530223,-939.2818749566626,4.469623309637306,0.6593371160280905,-199.37658375457409,0.6234162454259661,145.2127443280122,-69.14136985445292,-11.594835293532217,144.30319395090282,-419.8936279629551,-12.396723173517671,146.54018096987338,-867.6566409439845,-10.110299757573667,1.4687383638844156,-198.5969145251014,1.4496430149260129
142,1.42,-0.6620549810305828,699.2908027656404,-0.6737167803012225,0.40408695287414875,550.3828259773907,0.3816570893528499,1.2231093845884,301.3490707830165,1.296374647979294,0.8035309360339798,400.86294889604704,0.862948896047002,0.5085228490833757,200.49686104981276,0.8136256975638276,-2.14277415343229,97.09524600447007,-2.1544359527029298,2.4044788178910066,1004.3201619620202,3.646262433256614,-191.66188691362152,482.96429598894747,-7.247255340034934,-341.19941990370035,372.9896563825026,-6.662663101746711,-434.6156057581677,216.66589158247908,-7.2627354726353,-491.4357748898425,57.15097478563615,-7.852022135809811,-10.658817755618712,-216.83882810834345,-13.983225492993064,-0.8137995928472023,-200.8186933602696,-0.8254613921178418,-1.8367454540780939,-201.16685998064526,-1.8484072533487332,-0.74625741325261,-201.24499134165853,-0.7579192125232492,-1.2048411640134336,-201.1698017376118,-1.1685852071836123,209.97664488200144,484.75304144367647,-5.456089090745927,356.05031937651586,381.19442196536374,-14.884386871180684,430.12351221766687,181.45159658589884,5.421274203157882,510.19450839124954,43.95956414572603,1.009527989859528,6.494256542531342,-187.6768095092458,-11.525996128783152,-0.9365060468171585,-200.94816784608784,-0.9481678460877987,-0.49652380909849525,-200.65650613817857,-0.6565061381785247,-0.585901864385475,-200.59756366365616,-0.6340928637539647,-0.6319574739847804,-200.6436192732555,-0.6436192732554198,-148.11917365620081,-137.70291049921835,6.646181941052348,-150.10913524272422,-489.6928720857418,4.786694760437385,-150.27385889099992,-940.1262868739168,4.3532799722623645,0.28052140447002594,-199.73114039480066,0.26885960519938634,145.610450332833,-68.70274828517894,-11.834486418889693,144.40781693120897,-419.8398448825021,-12.992220827442358,146.66567227380352,-867.5819571714371,-10.713724960089287,1.0343106740240153,-199.0689321892243,0.9428394003779151
143,1.43,-0.9531583115553903,698.958833714939,-0.956106876169335,0.2788922562316327,550.2714940663834,0.2713953087135904,0.8862719050109424,300.9280030510956,0.9582712101414088,0.39108058845132904,400.52092649677434,0.5209264967743412,0.25978663622070197,200.25683807160675,0.615779442192165,-2.761078739206704,96.57381934743117,-2.7640273038206487,2.500706911258997,1004.4587059738085,3.7596805203519947,-191.2916156613121,483.1602512973178,-7.081766926075856,-340.4653416422622,373.10586490840365,-7.47613103425747,-434.70610195796417,217.12529547810124,-6.622898941492657,-491.72280648256503,58.111467234817894,-7.025218054340896,-9.665701268757696,-215.64712123539724,-14.120033798043849,-0.8617703776858132,-200.8695968088407,-0.8647189422997579,-1.8798780808319018,-201.51802067865538,-1.8828266454458464,-0.7779715274368935,-201.04163101568358,-0.7809200920508378,-1.3622093570505498,-201.31053489257988,-1.304356841294283,210.13174484894435,484.8794831105927,-5.352960684585463,356.6359850738221,379.94473057445197,-15.020772431175539,430.52009143197284,182.3075070060882,5.789468655756511,510.6498919615395,42.94077684038513,0.3371996533990589,7.3579855268037555,-186.53500870721209,-11.848024838135427,-1.601004821171494,-201.60395338578547,-1.6039533857854391,-0.7096410694304592,-200.84348204219097,-0.8434820421908966,-0.8155511262884054,-200.8184996909024,-0.827735719090161,-1.0305079693644985,-201.03345653397852,-1.033456533978443,-149.0975834068263,-138.653919462953,6.4544111470012595,-150.24650447058377,-489.8028405267105,5.347974450005969,-151.09829044015413,-940.7984464996539,4.352242948105783,0.11156169852077097,-199.8913868660932,0.10861313390682653,145.92019278994462,-68.46075647275025,-12.21339501359711,144.97021016756196,-419.38966297035154,-13.148991999984977,146.884391889214,-867.4752701797581,-11.227908720604878,0.6461168950728,-199.57652322131239,0.4257947421160493
144,1.44,-0.9690074581465937,698.8715000382523,-0.9695880649441736,0.17315691809192726,550.1704318213003,0.17109966756204187,0.7985962882483579,300.80931248144446,0.8495265487943341,0.07716803282810276,400.2698022440626,0.26980224406254394,0.07652410700755849,200.07594350020997,0.39270814796107045,-2.905269182042434,96.63905931364982,-2.9058497888400137,2.289614686326968,1004.2962725858126,3.5719821611020315,-190.79528346347251,483.517149757041,-6.7778396693233045,-339.4064323866434,373.639317513276,-7.903438228829996,-434.6477504464494,217.77885396876087,-5.761085888971533,-491.7260547109397,59.416556317171995,-5.804981928087692,-8.483046852440502,-214.31273566958913,-14.080841970627793,-0.6642988981820406,-200.68790574133862,-0.6645294563929511,-1.6448359454063413,-201.49334280009685,-1.6454165522039208,-0.5204198816582506,-200.62968097063361,-0.5210004884558301,-1.0817031421783372,-201.02542746245376,-1.000992795621171,210.19349441660648,484.9342592757155,-5.3312388355401605,357.4626428227116,378.9967335282172,-14.850005023099667,431.45980121606624,183.6594262820753,6.61017350173047,511.03592620220616,41.95979687630632,-0.3221622454376489,8.553199869442865,-185.01784276201096,-11.707285725710058,-1.6686520065483874,-201.669232613346,-1.6692326133459678,-0.564211411017962,-200.6547529666098,-0.6547529666097582,-0.8744540836459471,-200.87503469044358,-0.8768533722262215,-1.0495819991630997,-201.05016260596074,-1.050162605960679,-150.02626439903943,-139.51693602989192,6.235986694865802,-150.18618337518225,-489.67685500603477,6.0875962617746175,-151.6351687312026,-941.1857934591312,4.577839257055867,0.3256615807524539,-199.67491902604513,0.3250809739548743,146.371210141416,-68.15681627215942,-12.471868138925542,145.94203726137403,-418.5816788032752,-12.898422290521836,147.28645930111506,-867.2361848670037,-11.551236733769754,0.41296445594947756,-199.99805400432666,0.002301466878070646
145,1.45,-0.5323584811491714,699.2363370343849,-0.5324475200853642,0.2536452238860044,550.2497912277764,0.2531828309453876,1.1711850156508214,301.1733204485258,1.1986677571531925,0.12039605384288721,400.33924808706934,0.33924808706926723,0.1991539369610263,200.1990648980248,0.41677384432415776,-2.2913373465478575,97.46498101060865,-2.29142638548405,1.6795299528910297,1003.736700534784,2.987013251481968,-190.07802637356514,484.1430430932602,-6.235993804564412,-338.01579918873483,374.6044042349849,-7.92749963565994,-434.379059610656,218.70666167481474,-4.614092775986027,-491.4358128871544,61.07505150313149,-4.185000878295855,-7.11804274428391,-212.8334670559637,-13.859270935819948,-0.019944659066162385,-200.0768463266809,-0.017751094485358276,-0.8988918306696709,-200.84960975076388,-0.8989808696058638,0.10543406435608638,-199.92993836127283,0.10534502541989377,-0.4286093353487761,-200.3554037876317,-0.28013971515627656,210.3325696143759,485.09244267870565,-5.215848231917855,358.8509281604955,378.68076310157227,-14.044248811999147,432.86817887435745,185.4373670447689,7.814694754675928,511.42019320344355,41.092927377233664,-0.8902329608228241,9.940122353871825,-183.25950593689572,-11.232194211394182,-0.9313896608441821,-200.9314786997804,-0.9314786997803752,0.00035718850779184463,-200.04788447639095,-0.047884476390916905,-0.8001067941492774,-200.80019583308552,-0.8004747369699567,-0.5541280185613338,-200.55421705749757,-0.5542170574975265,-150.5048340306158,-139.8882171306116,6.42693121518009,-149.9026707016302,-489.286053801626,7.035360414660541,-151.71923731212345,-941.1220843330109,5.195172935134654,0.9485931892098608,-199.05149584972636,0.9485041502736682,147.19654789873255,-67.53546999202652,-12.353352693568247,147.19636999854725,-417.53882749825993,-12.35704329962428,147.9085349890542,-866.8224241096941,-11.640211161994063,0.46661246714737237,-200.13066012483444,-0.13066012483441158
146,1.46,0.2901764300448477,700.0281750056175,0.2901764300448476,0.6137486493830042,550.6002610808737,0.6136751316205489,1.8768589952582442,301.87720012905913,1.8883526233379961,0.5949044678530082,400.78811928588516,0.7881192858850292,0.7340194181401789,200.73401941814018,0.8505506197377193,-0.9992238617485798,98.8992316334079,-0.9992238617485799,0.786143832327996,1002.8941867939284,2.1189780055096654,-189.12369782076485,485.0544930770507,-5.438487171550558,-336.46766195102305,375.8271602085894,-7.71954849802604,-433.963145082865,219.84326256955364,-3.246615034965981,-490.97315807046135,62.96219527661597,-2.292677826924122,-5.6236160436032545,-211.25535304444855,-13.497483334079806,1.0521272829962205,-199.05425430068695,1.06371930015127,0.23622853114503717,-199.75128849512248,0.236228531145037,1.0050262894007207,-199.00389474782926,1.0050262894007207,0.38184664294253606,-199.47352313067069,0.7070259933138701,210.68519730633093,485.4916273119468,-4.8691820320614845,360.79500628829624,378.9974633796794,-12.605404325126386,434.4465154363274,187.3443085058015,9.101300054194574,511.7806718455927,40.32291366549653,-1.3821576265656867,11.22149821641249,-181.55543922791497,-10.71278281819534,0.5101408670003895,-199.48985913299964,0.5101408670003893,0.8762554352364017,-199.14381756567516,0.8561824343248434,-0.5951616050174493,-200.5951616050175,-0.5951616050174492,0.368353294715031,-199.631646705285,0.36835329471503103,-150.35285994466088,-139.58703336969293,7.223163422774078,-149.55497144360336,-488.7892590042593,8.037702250756501,-151.32448872036525,-940.5635833952883,6.246936810896346,1.7006215487430696,-198.2993021290844,1.700697870915636,148.38029678267185,-66.6017782452263,-11.861880874573819,148.47140663173786,-416.5235642394405,-11.78371795130016,148.64062924425383,-866.3412900026915,-11.600768920634506,0.8091001346549599,-199.86759748467563,0.13240251532439723
147,1.47,1.1583094974935144,700.9270940519636,1.1583094974935146,1.101149751596064,551.0598202921592,1.1011384772820403,2.576238330948339,302.5762383309484,2.5799697656633294,1.2383117947979958,401.3711062677351,1.3711062677349524,1.5568772011050003,201.556877201105,1.6054546331585144,0.5468791501582309,100.51391247611413,0.5468791501582307,-0.0856984501410275,1002.0732427179054,1.272395098303848,-188.15364536697842,486.00908039341016,-4.60625741099986,-335.09155491043066,376.9772706492818,-7.607139147440217,-433.6130027499155,220.93498911937007,-1.8746749212696137,-490.6203904220087,64.79519671724678,-0.4135684010039371,-4.126630883238439,-209.69910202707928,-13.112625705967242,2.1956662891819234,-197.95914943970797,2.241513606403555,1.3373841282822505,-198.66015782844852,1.3373841282822503,1.9172575494787765,-198.08449910690672,1.9172575494787767,1.0995295585090896,-198.58734182854107,1.7499683424609724,211.18231546780947,486.06292355259757,-4.360106720367274,362.87750328122775,379.5345394250245,-10.948353042444026,435.7734350412095,188.959572886641,10.045427100415747,511.97392454916405,39.508954268144706,-1.936561547548587,12.07616774547591,-180.2269362221403,-10.465332698363381,2.1859790918075386,-197.81402090819245,2.185979091807539,1.7560185766212018,-198.25049817265204,1.749501827347978,-0.24074791371080234,-200.24074791371078,-0.24080446585112342,1.3958929136808276,-198.60410708631917,1.3958929136808278,-149.78216404763666,-138.82613310523368,8.416344336813626,-149.38608147628452,-488.43079479163964,8.86232464603106,-150.63801808295864,-939.6829561921159,7.559521249931477,2.1220949142187338,-197.87740740269913,2.1225925973009074,149.63373434778066,-65.64017893071485,-11.280961133559352,149.45323686768114,-415.8520018192071,-11.492784022051527,149.26542897337416,-866.0085235790901,-11.646133313212728,1.2496691469498056,-199.3475144060958,0.6524855939042142
148,1.48,1.7107062333004759,701.5517943364971,1.7107062333004759,1.4540746468537296,551.3549574733711,1.4540746468537296,2.9475320085940355,302.94753200859407,2.948475463039146,1.6392956846641324,401.71037544394795,1.7103754439477943,2.363223265609453,202.36322326560952,2.3789940487835595,1.8418388659297953,101.83350358538951,1.841838865929795,-0.640096263600357,1001.5696594322906,0.743063053578841,-187.51299710372592,486.62856075007915,-4.084272500252791,-334.1698641478951,377.77262589069653,-7.869599732333544,-433.563445090172,221.68447315209033,-0.7366103098469452,-490.6836914877284,66.2795872192169,1.1550113687020074,-2.808244878662495,-208.3397274471235,-12.876474270935626,2.9235351775394274,-197.25191245936196,3.064736423323759,2.0531712159950444,-197.9464518308609,2.052953229561059,2.566367857967817,-197.4339015340139,2.566367857967817,1.5771547276935503,-197.8488241637777,2.641959239093655,211.60351206139703,486.58583320313824,-3.909087065423435,364.51198480007275,379.71015603067025,-9.657552187999585,436.5748707021971,190.0096812859258,10.3723987619728,511.8594606678708,38.511998178854284,-2.690274483838271,12.340877827671216,-179.43840092396007,-10.649655290754602,3.452617583909508,-196.54738241609047,3.4526175839095083,2.2813195048093564,-197.72032818744282,2.279671812557154,0.27597737402465156,-199.72402262597535,0.2756086077467494,2.1343802899749194,-197.8656197100251,2.13438028997492,-149.21222941354523,-138.02620800221428,9.586077821202743,-149.4932317973751,-488.31099003881104,9.422779616744053,-149.95910589058974,-938.7732330881288,8.839052735288355,1.9555116343587138,-198.04196092240232,1.9580390775977075,150.63280056569866,-64.97273223741402,-10.93182530340772,149.9791395595584,-415.6849168111488,-11.644009877142445,149.60896471759236,-865.996736247977,-11.943269125877482,1.5472018664894882,-198.86323598698905,1.1367640130109535
149,1.49,1.7962576588870505,701.7111982499954,1.7962576588870511,1.5192152373608816,551.3340399786898,1.5192152373608816,2.7890633120792296,302.7890633120793,2.7892490892744957,1.5800763899783992,401.60970684199185,1.6097068419916485,2.8084785404217456,202.8085978355063,2.812585313949497,2.564480639347948,102.56283932529354,2.564480639347948,-0.7721691511930378,1001.4882968493537,0.6358492574278061,-187.4230441971005,486.6749652423392,-4.0937779098046105,-333.7417641104887,378.1749312952736,-8.542430040844861,-433.9422544242841,221.931304444926,0.03592016292109179,-491.27720453107145,67.33293144614018,2.3277321348876576,-1.8016544351319572,-207.30445019214278,-12.913346769308637,2.9476344360006745,-197.20730149244844,3.286282635377507,2.330546921135194,-197.6694530788648,2.3291254710284894,2.781181456715459,-197.21881854328453,2.781181456715459,1.8127180837218075,-197.3548623499591,3.201268103795417,211.77917502497053,486.89053517962435,-3.685900441074277,365.34047391483415,379.1705759541305,-9.08938984489115,436.929129050944,190.57319817754419,10.161715592997407,511.43623470999626,37.33138475956644,-3.6417123979797013,12.082808958629116,-179.1246827339392,-11.196449170362296,3.82744859303662,-196.17255140696335,3.82744859303662,2.2431913720181873,-197.75713307782343,2.242866922176585,0.9400363813393673,-199.05996361866062,0.9381636316533981,2.318509537315877,-197.68149046268414,2.318509537315877,-148.9430631571302,-137.48861493754168,10.430590121419144,-149.76543331806187,-488.3259339151522,9.820232822093894,-149.53261193666964,-938.078163717081,9.841041341879711,1.3850158624401572,-198.60498790563682,1.3950120943632038,151.22616314889441,-64.74921707178737,-10.963526946896632,150.13818147190625,-415.9223500371784,-12.136659912287548,149.65503385301113,-866.3209295051768,-12.496486116622012,1.607772554446759,-198.61191899732444,1.38808100267557
150,1.5,1.4551362880362737,701.4196782510531,1.455136288036274,1.312952943900902,551.0435245323348,1.312952943900902,2.0798151072384568,302.07981510723846,2.0798435970940776,1.181708630915537,401.19132823027076,1.1913282302705817,2.6960760228992258,202.69685392456716,2.697639105627205,2.6913348526703365,102.69108314900802,2.6913348526703365,-0.5904730568858467,1001.7205784100496,0.8421846982931818,-187.83004277211512,486.21868382531306,-4.5810094373456405,-333.6133854387662,378.37900778448665,-9.428008647457137,-434.7577596143842,221.69516574641014,0.4304631672836663,-492.270156134638,68.12259313467646,3.2690146604078048,-1.0642484244556325,-206.54635655744374,-13.173767822889744,2.352447914870857,-197.75456569951342,2.9847401829589613,2.298079925725891,-197.70192007427408,2.2908612064435987,2.542239002867976,-197.45776099713203,2.542239002867976,1.892155385188745,-197.1651363407501,3.3256470621212477,211.70160299222513,486.9690856023319,-3.6984367557338116,365.4473808138954,378.0041645942033,-9.158173449439497,437.2054385785392,191.018676534669,9.784733388369068,510.83426988839267,36.096570815468816,-4.65917198613575,11.543552242937679,-179.04699992260524,-11.863243318864484,3.2741567578695765,-196.7258432421304,3.274156757869577,1.6784726066096833,-198.321577149385,1.6784228506149819,1.6764295518954366,-198.32357044810453,1.669022683204603,1.9231764520961054,-198.07682354790387,1.9231764520961057,-148.99150549508346,-137.23159036337898,10.931009073613088,-150.03436357810358,-488.32049404340455,10.172332686939932,-149.44403639270269,-937.6841212609982,10.478478175993839,0.8698890877210861,-199.09932035028385,0.9006796497161464,151.4372517461957,-64.94476631937945,-11.350578332858888,150.1769449761745,-416.30156214013095,-12.707374153610326,149.54626059731123,-866.8374140578837,-13.150004109135612,1.53029412738104,-198.56128693659662,1.4387130634033967
151,1.51,0.7963792378401977,700.7848676986459,0.7963792378401976,0.974880706471559,550.6695783186932,0.9748807064715591,1.0460929484266412,301.0460929484267,1.0460929484266415,0.7641946375292661,400.76662685314216,0.7666268531419991,2.12441957625009,202.1283700868894,2.1284904983047186,2.4276768720066415,102.42767687200673,2.4276768720066415,-0.3038030632220571,1002.0576883540007,1.1532612349017617,-188.47847954579674,485.54840347145296,-5.290458794487027,-333.55365109322656,378.61663655891056,-10.291755791434882,-435.91552060853746,221.12854203009528,0.5371008464767977,-493.4676903111603,68.82760484189069,4.154826024897062,-0.37924765135968586,-205.84909041828053,-13.439166433610897,1.5398795713144917,-198.5194882251999,2.4583332815128056,2.058878185800215,-197.94112181419976,2.030327597197524,2.000261679865522,-197.99973832013447,2.000261679865522,1.8856822849581258,-197.2824644176735,3.0548457533285074,211.42404153112298,486.8744544079849,-3.893661870754093,365.2316301936466,376.613504290362,-9.464008503651506,437.7764888330877,191.71654068375943,9.616707537222311,510.1921300558361,34.94462506086251,-5.603357630491071,10.992911696885724,-178.93911902491027,-12.380594139111558,2.22158925708724,-197.77841074291274,2.22158925708724,0.8280095794964122,-199.17199042050356,0.8280095794964124,2.32668218067238,-197.67331781932762,2.30386741893315,1.1672812267095944,-198.83271877329042,1.1672812267095944,-149.2032231340366,-137.10223795591253,11.239701377638116,-150.24992803640782,-488.2594005033359,10.456735376837404,-149.62651944599554,-937.5255342678715,10.816405065679184,0.7496999377298721,-199.17643734381278,0.8235626561871846,151.3699107054301,-65.453967094223,-11.987142402492253,150.31584668909045,-416.59327261188196,-13.126357707234657,149.49252025065033,-867.3353364982925,-13.693466220056774,1.4771836569309114,-198.55254836145272,1.4474516385472667
152,1.52,-0.03035080162946968,699.9667386254537,-0.030350801629469668,0.7160595860113445,550.4466311744453,0.7160595860113447,0.07298046397613656,300.07298046397614,0.07298046397613689,0.5827864261250942,400.583265357776,0.5832653577758551,1.4489614319480786,201.46458600462088,1.464586004620786,2.033695029406578,102.03360112797972,2.03360112797965,-0.0813311246121114,1002.3304339939803,1.3998938686757934,-189.12538612300062,484.92844648518883,-5.979187821320439,-333.4688428477498,378.98194217239177,-11.036914065741641,-437.197089980158,220.48629894743937,0.5697049176760444,-494.7910434586988,69.40234225776607,4.936282149482106,0.4792693130798629,-204.9947742285264,-13.489832821664436,0.9935412846235337,-199.0376369597523,2.029584931502643,1.6606480210169083,-198.33935197898305,1.5727060169563734,1.3965133998577375,-198.60348660014228,1.3965133998577377,1.7723759381442088,-197.6559123275312,2.5246367964532994,210.93300235265005,486.59284497434237,-4.285298017058212,365.11230181865716,375.421022820626,-9.587342505357586,438.7484732732187,192.77042354175492,9.76675500921748,509.55727692345783,33.92061566875175,-6.427014936613654,10.5541265573041,-178.6821065584657,-12.626852525067818,1.231609393450116,-198.76839060654987,1.2316093934501162,0.01210920312835495,-199.98789079687162,0.01210920312835495,2.705626215514555,-197.2943737844854,2.6508964472405703,0.4277633728651984,-199.57223662713477,0.4277633728651982,-149.46758321754285,-136.99139676565616,11.46540574051788,-150.49225422104155,-488.222429817991,10.564599981535418,-149.9552629616415,-937.4790921520148,10.977710354159253,0.9841204615712814,-198.8778858132659,1.12211418673411,151.14713061515698,-66.15199781180348,-12.748308329479565,150.60399668542482,-416.754243571241,-13.349965826806196,149.65410109523128,-867.6531779458949,-13.992437360929479,1.505279466268488,-198.50223796524207,1.497762034757908
153,1.53,-0.81087576209645,699.1885511121149,-0.8108757620964501,0.7097765616724108,550.5246013030014,0.7097765616724108,-0.532796912873996,299.467203087126,-0.532796912873996,0.6237315375878167,400.6238049841353,0.62380498413524,1.0063617043456845,201.0544887763494,1.054488776349301,1.671358788583336,101.67074647436323,1.6707464743631972,0.03234233557583582,1002.4941941266313,1.5374691523558506,-189.68042527527015,484.45056975937473,-6.556522635997607,-333.3941538996874,379.43980613926107,-11.696379837368069,-438.32016816584564,220.05016379576603,0.8057979474728301,-496.25077483852067,69.64871092625926,5.411934025878888,1.5699888056153015,-203.93481003436838,-13.275770180103205,0.9507137676010344,-199.07483324999146,1.8537425541712982,1.1697115914517304,-198.83044319593415,0.9585949032230541,0.8725535254159615,-199.12744647458402,0.8725535254159613,1.4700920237871984,-198.22389273659712,1.8513713358782085,210.19781879067608,486.09325005733626,-4.904267909820479,365.3201004911735,374.66045237982047,-9.297771794333187,439.927964599633,193.9889289874478,10.044671728953357,508.8774411909545,32.96901922091888,-7.183542397980688,10.114632891184506,-178.39353398658182,-12.71738182839785,0.5885458018385884,-199.41145419816138,0.5885458018385884,-0.5184660301842549,-200.51846603018424,-0.5184660301842549,2.7225400081349354,-197.27745999186504,2.62029133980586,0.03971460781433278,-199.96028539218563,0.03971460781433264,-149.80897777570956,-136.92495983590993,11.581915334213775,-150.84525831634565,-488.2614953859056,10.472341462503351,-150.3720190382041,-937.4881030987524,11.018772071371345,1.2126331330748108,-198.58658718154203,1.4134128184579104,150.86679541692024,-66.93793866348791,-13.534351326563122,150.9067159384843,-416.93233099181896,-13.525756213391709,150.06504834394525,-867.7548000977341,-14.054057196054206,1.50763872637263,-198.49384154365933,1.506158456340649
154,1.54,-1.3014368820493458,698.6984752262643,-1.301436882049346,0.9328673377983399,550.8337501643157,0.9328673377983399,-0.6619320109945598,299.3380679890055,-0.6619320109945597,0.6618936547136514,400.6618936547137,0.6618936547136511,0.8409937467015007,200.95644459070206,0.9564445907019528,1.3886040739932217,101.38549448580096,1.3854944858009328,0.09161464326466215,1002.6033452585605,1.6203714139723355,-190.15247315143785,484.0985278829678,-7.030039513512418,-333.32650547929757,379.9930474750805,-12.267172494943157,-439.10753434977204,219.97923277571542,1.4176397936410232,-497.7733617661976,69.54072103710966,5.55262024053536,2.780319742793134,-202.7727452165725,-12.89990210973438,1.22764083869698,-198.80763601011694,1.8272155241178445,0.6832503820058082,-199.31775895853974,0.28811232303848955,0.4094829766180137,-199.5903527155488,0.4094829766180137,0.9762373926393162,-198.89619647652205,1.1282381903104606,209.30633658666895,485.46314307385785,-5.663003528062266,365.85897433819974,374.33843798567625,-8.594313175688605,441.02857337039154,195.09707951767638,10.167578318958384,508.08251008536797,32.01565317809398,-7.945078930323303,9.454161753865751,-178.29933896254462,-12.876429690466859,0.23400062651089842,-199.7659993734891,0.23400062651089842,-0.6625694332120489,-200.662569433212,-0.6625694332120489,2.4441148838032536,-197.55588511619675,2.2953439492283056,0.07215765985582273,-199.92784234014417,0.07215765985582251,-150.3052401446046,-136.9822847794851,11.509668074839926,-151.31042710512483,-488.32770523938666,10.285731447076369,-150.91201806481132,-937.5895807002005,10.902372154124604,1.0787993613970617,-198.6936874487038,1.3063125512961646,150.58580315718652,-67.74879787817699,-14.286618603673368,151.09139180818138,-417.26808316053916,-13.794088325688321,150.64650458688484,-867.7157903314196,-13.977016685499262,1.3314037018526559,-198.66882330490898,1.3311766950909798
155,1.55,-1.3466031078938079,698.6533968921062,-1.3461700215608414,1.1435905637592543,551.1022723786365,1.1440236500922207,-0.32975246810324643,299.67024753189673,-0.32931938177027986,0.5688423764936233,400.5688423764936,0.5692754628265898,0.7462519777228845,200.96194255030898,0.9623756366418335,1.2278548234043605,101.21555616352717,1.215989249860138,0.13649182868615373,1002.6978725692286,1.6881606312601891,-190.52447767798094,483.8880984621999,-7.375869423487266,-333.11835819582603,380.7886096855069,-12.607041292450583,-439.57912873782175,220.23889701556075,2.380596492947739,-499.10448941894924,69.41080433138012,5.688390062128814,3.9923670677748966,-201.57754411021892,-12.431579779547544,1.4198889554921266,-198.62898675750722,1.7105984775867924,0.2952624683873901,-199.7098633858543,-0.2828842010794686,0.011691547316518669,-199.9872370310233,0.01212463364948524,0.4506925162122013,-199.50789282465968,0.4987183129588399,208.4574464667233,484.90101121694255,-6.362479986032504,366.57628831033213,374.30470224205646,-7.638498410470571,441.90915579655257,195.97064373074392,9.998547068172725,507.18473586498567,31.067935987797302,-8.701829938271135,8.502706634429375,-178.4758104667316,-13.17868820990472,0.03436847731983636,-199.96563152268016,0.034801563652802944,-0.4194933703438455,-200.41949337034384,-0.4190602840108788,2.0348567416655827,-197.96514325833442,1.8667102736236414,0.3037514698493812,-199.69624853015063,0.30418455618234774,-150.9484192066301,-137.156962187823,11.255411933294718,-151.85488224746175,-488.3637622056767,10.09933587872686,-151.58355049097563,-937.7941422039227,10.618231917195079,0.5488126245497982,-199.2504076900671,0.7500253962658642,150.37823299089604,-68.49968328162757,-14.928935754176848,151.25389364307694,-417.66456428983247,-14.057514535013262,151.2972218927466,-867.6337751849451,-13.83888021511106,0.9606762838865912,-199.03932371611342,0.9611093702195579
156,1.56,-0.9831712008151854,699.0168287991849,-0.980347123174423,1.089283378448633,551.0758693277018,1.0921074560893957,0.3656502742300396,300.36565027423006,0.36847435187080213,0.47712201543651805,400.4771220154365,0.47994609307728014,0.5597941172026162,200.8736220485294,0.876446126170067,1.2736287286452848,101.23574618927245,1.2385702669132177,0.12184450611096517,1002.7326257985853,1.694169671147454,-190.74026050113804,483.89122188760945,-7.516763640412307,-332.621300701544,381.9739716338485,-12.58045056877285,-439.87768606915506,220.68314472646873,3.548184154245933,-499.94224855935516,69.72718186713486,6.286399669449702,5.219145816385456,-200.264251513633,-11.787217557815296,1.3050277848551093,-198.7499796581438,1.3941229484223823,0.08985883702929054,-199.9304143097673,-0.5773986335822188,-0.16447125607664873,-200.1590301279207,-0.16164717843588602,0.08399873052115026,-199.9055300038045,0.09851060426439229,207.82395184196963,484.5792237336592,-6.828688692701132,367.27943943988964,374.3686530377515,-6.640602511993569,442.6474643736276,196.69688009591448,9.620896309930094,506.27054950132685,30.20675854605453,-9.369555596117298,7.435681405923438,-178.75437703212577,-13.453429125712873,-0.03497494878471841,-200.03497494878474,-0.03215087114395587,0.19260203995484826,-199.80739796004517,0.1954261175956109,1.658651254350154,-198.34134874564984,1.5127043974159688,0.4578768346378274,-199.54212316536217,0.4607009122785897,-151.59907916095665,-137.31110960438673,10.958570017011368,-152.4734273816786,-488.39235437024547,9.894300796284398,-152.27475877099235,-937.9930997524904,10.276579868907737,-0.07866214307788333,-199.94066841791505,0.06215565972570802,150.37579699944783,-69.04703091911281,-15.326502508593162,151.6712842461594,-417.8393197918898,-14.032087158412153,151.96274084993095,-867.5609485705693,-13.647993285502277,0.5517088213321305,-199.44829117866786,0.554532898972893
157,1.57,-0.4009558637689561,699.599044136231,-0.3866140141156329,0.7622677504071423,550.7588761472382,0.7766096000604656,1.1773548008573407,301.1773548008573,1.1916966505106634,0.5567118269701729,400.5567118269701,0.571053676623496,0.3313151396689351,200.68692877458102,0.7012706242342575,1.5194509631389481,101.42857547536471,1.442917325018055,-0.01666150393660487,1002.643249877209,1.5668825929278216,-190.79454596096457,484.15219287209675,-7.3999241737437735,-331.9346882849029,383.4485096835741,-12.296549919501132,-440.1726325664074,221.15063711445214,4.752743705601896,-500.22160559696624,70.6583946942053,7.519760063980688,6.549074474758003,-198.7055596155389,-10.836023973229992,1.0217270209315124,-199.0267649422429,1.0334242246320646,0.11782430298733315,-199.94462138535613,-0.5037334372608806,0.009772623498220348,-199.96870729718557,0.024114473151543622,-0.09953415382175557,-200.0974722393563,-0.08294382871951667,207.47091630712134,484.56238003964984,-6.989737006190659,367.84092750674665,374.40444785582326,-5.742985043508478,443.43293655647045,197.45967310913102,9.235515595043902,505.37580853274136,29.461795456459704,-9.909724657117025,6.480803319007771,-178.9146639921051,-13.47301180143419,0.03580392526238996,-199.96419607473763,0.05014577491571326,1.0936394239873488,-198.90636057601267,1.107981273640672,1.430956129921303,-198.5690438700787,1.3430493112455515,0.44399194757792665,-199.55600805242204,0.4583337972312499,-152.11143801895562,-137.3005042798128,10.770660323286526,-153.15280374179792,-488.4547791334302,9.62325681399907,-152.8384834980036,-938.0426879527236,10.028476650375751,-0.4783558982135992,-200.4044931797563,-0.39015133010296354,150.6763448198945,-69.29435815670773,-15.372841716076536,152.48492505418875,-417.64604251618664,-13.564472550723748,152.5931313481126,-867.547084437467,-13.417885061700545,0.29205423700483474,-199.70794576299517,0.30639608665815804
158,1.58,0.21457493407278228,700.2145749340729,0.2712980498002684,0.4467737340705187,550.4461058878089,0.5034968497980047,1.7483108082799665,301.7483108082799,1.8050339240074522,0.7620341988440332,400.76203419884393,0.8187573145715191,0.21148082737931218,200.52524356618602,0.5819666819134165,1.7474994495326202,101.57772168686873,1.6344448025962444,-0.2556222710882987,1002.453127837847,1.3079537770491598,-190.7636877996458,484.64006976773163,-7.034164508700485,-331.398028110589,384.87111440090007,-12.06963311096542,-440.63421624340265,221.48270604404718,5.840254281813694,-500.2510334724157,71.89142353749176,9.09452313966262,7.9920987412401345,-196.9188640132346,-9.573326895036995,0.8777848458585794,-199.15554316053868,0.9127719723438212,0.34052160982046,-199.80927780916142,-0.14668341185565614,0.4038721972071633,-199.5298412918929,0.46059531293464917,-0.20972626448560538,-200.20941005966114,-0.1526869439336348,207.38505746368352,484.83670419598326,-6.837530080448871,368.22341802206836,374.376051625845,-4.959664653649138,444.4132679755163,198.39373540141352,9.016345997068441,504.41284425450726,28.738620653114605,-10.393491331346372,5.686968794797378,-178.91599826990097,-13.17546473686588,0.19212426063515253,-199.80787573936487,0.2488473763626382,2.0379443381956053,-197.9620556618044,2.094667453923091,1.4019826714707302,-198.5980173285293,1.4041683280514885,0.3629903598240951,-199.6370096401759,0.4197134755515811,-152.5108625926205,-137.1520724990384,10.68673015023046,-153.8134235903815,-488.50970034739527,9.340656498679323,-153.2308983382249,-937.9003901141298,9.938412535139065,-0.5756225537321118,-200.5448319917371,-0.48810887600956554,151.23297134906514,-69.31808085484586,-15.091773490060724,153.5104919914203,-417.2658306885027,-12.814285216176089,153.07534100384612,-867.7059245615619,-13.237011809643203,0.26645424845271204,-199.7335457515473,0.32317736418019805
159,1.59,0.7577583961096961,700.7577583961097,0.932477892896626,0.4813071100505609,550.4812046925093,0.6559974661950703,1.8279384792453066,301.82793847924523,2.0026579760322365,0.9048280582505215,400.9048280582505,1.079547555037451,0.2631999606855446,200.47846542464026,0.6531849214270796,1.6400215933932805,101.39299640632424,1.5677159031112051,-0.46624863371048364,1002.2910279448057,1.0014079823298039,-190.7281605613284,485.26769846751597,-6.461670351236528,-331.31628401440514,385.93488890789774,-12.11344916339296,-441.40858368274013,221.52757449390785,6.7037238996198365,-500.53699765704505,72.86351689907875,10.49006996353761,9.405574684085838,-195.10717890744695,-8.148328186864594,1.0280203467112785,-198.9898188496026,1.1871832507012998,0.6054970974224502,-199.67436506151614,0.2893925344280206,0.6915208424328657,-199.149466084246,0.8662403392197955,-0.297981540091382,-200.2982000896024,-0.12348059281546198,207.4803529235648,485.31565160315154,-6.4137172156009035,368.4180490045905,374.27553961131764,-4.203650807652113,445.6057134804853,199.50879212650977,9.03011073480795,503.23661474248104,27.884933243224797,-10.927037433380487,4.905513979370677,-178.91675573154714,-12.675383792857534,0.337805368980989,-199.66219463101902,0.5125248657679189,2.6495782405434483,-197.35042175945654,2.8242977373303777,1.524668703179636,-198.47533129682034,1.677827451261369,0.30461997384943207,-199.69538002615053,0.479339470636362,-153.00714435021388,-137.07715987645193,10.540532602753336,-154.36542623278268,-488.47475229197437,9.176133831365878,-153.5354816946242,-937.6467737076881,9.970918771517244,-0.5165474260167564,-200.50655119409373,-0.3318316973067801,151.88886379317398,-69.32397354352736,-14.594126391873827,154.38324577972273,-417.0612918510717,-12.099744405325108,153.29680627607357,-868.1497831154333,-13.183091087714773,0.4238264612436127,-199.5761735387564,0.5985459580305424
160,1.6,1.1209418606182984,701.1209418606182,1.5400721448348285,0.9290008348404899,550.9290008348405,1.3479410981987463,1.424082061996836,301.4240820619967,1.8432123462133656,0.862519790749336,400.8625197907493,1.2816500749658657,0.3850670910414752,200.49835905527556,0.917489339492002,1.025131413931212,100.7452152053354,1.1643454895519554,-0.481206443590923,1002.3242634572483,0.7637673441076915,-190.70897009976204,485.89862177927864,-5.767946441261666,-331.78939068250963,386.5376390504297,-12.40586950556926,-442.56819384406856,221.17082230689073,7.315829187369238,-501.4719117274708,73.1316891925961,11.311755484248582,10.547014128777395,-193.5497958994962,-6.7757167099853195,1.3173318155610116,-198.6901046678438,1.729375664959355,0.6810269400564875,-199.72617009847562,0.6050181816803224,0.6038636620387701,-199.09906080655014,1.0229939462553,-0.32094465069339423,-200.32236977252353,0.09676051169300381,207.52951756039025,485.771386978553,-5.89518124198737,368.3928241165488,374.07148791243355,-3.3764074814523433,446.88779017814187,200.68414101040148,9.210032750404837,501.7354897348355,26.781418915490228,-11.577691948614708,3.9386288222054606,-179.13055831984812,-12.137091953872893,0.3711858849075824,-199.6288141150924,0.7903161691241123,2.6238635568110413,-197.37613644318895,3.0429938410275716,1.6340167358483328,-198.36598326415162,2.052108555038936,0.17221589466145826,-199.8277841053385,0.5913461788779881,-153.79099142385522,-137.26801792509548,10.19114245461782,-154.83502757241575,-488.3607255352989,9.177690965768935,-153.88826633617347,-937.412747355075,10.046342861474152,-0.44665111749542113,-200.44412367425642,-0.024993390039897728,152.49598216143656,-69.49001843155078,-13.97602912926958,154.81034921358744,-417.32356408685064,-11.661662077118685,153.28681307433064,-868.8477619572101,-13.184844521997427,0.5844454990372918,-199.41555450096268,1.003575783253822
161,1.61,1.1598691466991085,701.1598691466991,1.9429076058240593,1.497607240424472,551.4976072404245,2.279680694005305,0.7407147830153653,300.7407147830153,1.5237532421403153,0.6557251131218729,400.6557251131219,1.4387635722468233,0.39735416721551753,200.4369427041073,1.219981163232195,0.017616632697656065,99.77059144562864,0.5535697671536799,-0.2046441964800228,1002.6486650066506,0.6977877301598928,-190.6968323765983,486.3634455866156,-5.129141405208248,-332.74915389702187,386.7449786882064,-12.850148991189442,-444.0789932637176,220.3833591649228,7.69799729422911,-503.1235822960827,72.59862785725585,11.453093011574321,11.21720131942672,-192.4411043865691,-5.651191262467442,1.4249559131534928,-198.57745835953233,2.205580099592588,0.3643636152287314,-200.09705107907732,0.6574367914448813,0.10248794986192244,-199.4652697024418,0.8855264089868726,-0.2624629330750089,-200.26970029890742,0.5133381602174988,207.2144752861838,485.8852568941245,-5.607350588118301,368.1564757233356,373.77283515671263,-2.437376589405913,448.07060844688397,201.7371713496744,9.365382859977803,499.8887824255552,25.399361258528536,-12.380096017541028,2.717709512737577,-179.65702854300145,-11.66915066251498,0.210199469827008,-199.78980053017295,0.9932379289519587,1.9338228693257569,-198.06617713067422,2.7168613284507073,1.5161710432358477,-198.4838289567641,2.3225242777720654,-0.2422878113948017,-200.24228781139476,0.5407506477301489,-154.7982794107195,-137.6620495623221,9.695052647582342,-155.34720588213247,-488.25385564980513,9.25099004916705,-154.37701808743466,-937.2861308482343,10.070815724978797,-0.3781248854188497,-200.3777741024002,0.4054112567882746,152.9984682612697,-69.84887500433989,-13.29927012900961,154.7130956349914,-418.12975261966733,-11.584642755287906,153.23589155346184,-869.6071233416219,-13.06308920902431,0.5158710511841607,-199.48412894881585,1.298909510309111
162,1.62,0.8468379657573211,700.8468379657573,1.9861522010999892,1.8145186180486148,551.8141989475904,2.949696511968076,0.04375183215693301,300.0437518321569,1.1830660674996012,0.4270274281577705,400.4270274281577,1.5663416635004386,0.23853512187889414,200.22785915483496,1.3671733901775487,-1.0425740595329307,98.78764817780322,-0.07342973326554302,0.2724709693390995,1003.1732446062402,0.8396192048486777,-190.70823989979493,486.5557886878929,-4.778594518355685,-333.97459913541485,386.77498780435576,-13.3886740028138,-445.79891875127913,219.27381183539939,7.859428061634181,-505.19865571405774,71.54173274252028,11.06229843665254,11.434292769324438,-191.73612788916122,-4.869138872292394,1.1921169769000868,-198.80849344682994,2.3308207885127015,-0.3376487557665252,-200.7448457942986,0.3872497217616915,-0.5764649313157475,-200.08667018367373,0.5628493040269208,-0.15820439759259675,-200.18682873473176,0.9524855006109165,206.42614979116757,485.5475813108251,-5.786935509739068,367.8544477976491,373.52486530207113,-1.4117401587520289,449.05495324571643,202.5745357367585,9.275045134842234,497.85517846975256,23.889152555308115,-13.310199420616613,1.4294664231882077,-180.36429496436887,-11.269352142271382,-0.11783161779305835,-200.11783161779306,1.0214826175496103,0.8743122002283686,-199.1256877997716,2.013626435571037,1.0551901418318772,-198.94480985816807,2.271718650083697,-0.9700394934638887,-200.97003949346382,0.1692747418787799,-155.68680511115917,-137.91855771528836,9.267665795221134,-155.9019753399523,-488.095035005171,9.304496218172975,-154.9528250942486,-937.2294421442241,9.956426416337248,-0.21832567567995517,-200.21920726225045,0.9210648818352793,153.45504576128513,-70.2741768755547,-12.63139813122254,154.27325182270604,-419.2965428469671,-11.813192069801637,153.37580685041712,-870.1940204289059,-12.715924926236674,0.12658570008141923,-199.87341429991858,1.265899935424088
163,1.63,0.38559392518182123,700.3855939251819,1.67660608851738,1.7417063124099945,551.7396217991741,3.0188777882964017,-0.427974246167693,299.5720257538323,0.8630379171678657,0.348140223255091,400.3481402232551,1.6391523865906494,0.054927278748485464,199.9957860744433,1.2867982377787908,-1.7984956107584342,98.11062890146738,-0.6003504189982063,0.6889412959784241,1003.636783681939,1.1249969538383486,-190.7816992837195,486.526117215434,-4.862604335820907,-335.1039858579665,386.9862060805901,-13.928672619394568,-447.532373932512,218.06420693808434,7.79303606460025,-507.2018958583846,70.44589253776735,10.425462829449016,11.464406758642166,-191.14374964069611,-4.362217276253941,0.7816058088790806,-199.21851439068018,2.07249777265537,-1.1290510054106488,-201.4089131643492,-0.11932245112038306,-1.025997670159716,-200.59375532246344,0.2650144931758426,-0.022217147209567578,-200.1103863127547,1.1806258505808558,205.49558463230812,485.0887744945071,-6.300625606231455,367.6816200221542,373.52193290547905,-0.3860348298560692,449.9390524607538,203.29860201466073,8.845662368785204,495.9933187483026,22.60095984893558,-14.214206656709901,0.43841064669366603,-180.94895968288913,-10.83427771086703,-0.42835492276951864,-200.4283549227695,0.8626572405660403,-0.12649889451857732,-200.12649889451853,1.1645132688169813,0.31888254603640936,-199.68111745396357,1.7959501931683506,-1.708998277086082,-201.70899827708604,-0.41798611375052297,-156.10748364085393,-137.68993748271524,9.063943677433164,-156.23654076600965,-487.5879834924406,9.401050264832573,-155.45690990971718,-937.1055798765417,9.649108767927935,0.13140838539704727,-199.87376358517002,1.4224205487326063,153.9552027517238,-70.61257763049228,-12.07914632127149,153.86345020168767,-420.44978072837216,-12.170898871307614,153.84270744349328,-870.4705284874183,-12.20792945934401,-0.408636663399689,-200.4086366633997,0.88237549993587
164,1.64,0.0553581696206481,700.0553581696207,1.1946724049633164,1.425280412810991,551.4146943811106,2.525807020581492,-0.5313654463661138,299.46863455363393,0.6079487889765545,0.44983975292874556,400.44983975292877,1.5891539882714139,0.020942719461402068,199.9038497797369,1.0431640150795247,-2.0756077141378326,97.8865097464894,-0.9820524893938526,0.8168347640765101,1003.811329438515,1.4247945427776822,-190.9062338968859,486.46317124407494,-5.291059142581968,-335.8385533894493,387.6739517703297,-14.317360890280945,-449.13769091508453,216.9523804917058,7.535953605715472,-508.73255426213143,69.70309786157085,9.834112763961471,11.606669442419575,-190.35680291486705,-3.954877498981282,0.48946675772155024,-199.5105516754779,1.6287625598647923,-1.6233242238285752,-201.77313114752303,-0.6340348986143797,-0.9637937603446495,-200.6665595604461,0.17552047499801882,0.15553485236628395,-200.05597198054966,1.0833422547930311,204.96133582377774,485.046738465213,-6.710175636711698,367.6525783736138,373.77773613464217,0.49969995953941615,450.9202084992503,204.10971984447025,8.18119035859906,494.6559892505302,21.87899887504572,-14.846367515063111,-0.04164149729113098,-181.19888162671776,-10.254123529248348,-0.49894584963844213,-200.49894584963846,0.6403683857042266,-0.8011497288455893,-200.8011497288456,0.3381645064970791,-0.48515135517150365,-200.48515135517152,1.0018659389393918,-2.0463604740578805,-202.04636047405785,-0.9070462387152122,-156.0185282505226,-136.93585120496425,9.033542377774541,-156.04292047204552,-486.48423969226303,9.672439368091762,-155.77700894748557,-936.8231720269787,9.157454796391658,0.6906701056835364,-199.3305739093464,1.8299843410262047,154.4622861488266,-70.88930663798635,-11.777398196210667,153.8167730503173,-421.2548933441177,-12.42291129471994,154.58266218336766,-870.4890042110675,-11.6960946342699,-0.7846107032707704,-200.78461070327077,0.3547035320718981
165,1.65,-0.03558097670214631,699.9645781270488,0.7476165861736157,1.146469870719302,551.1049269468588,1.8352778885031855,-0.25999838479365234,299.74016071895716,0.5231991780821095,0.5679302546389242,400.5680893583898,1.3511278175146861,0.1091527718802302,199.93793010845582,0.7209685675806821,-1.9070031577207383,98.08085728615293,-1.1603654941020736,0.6376686865673413,1003.6782193576216,1.62153983924176,-190.97144441720133,486.59204829617715,-5.739845047906892,-336.1744106058212,388.83868601408255,-14.45589038821847,-450.56762026990265,216.0207874897622,7.228729958716226,-509.6786224694674,69.41797824794396,9.490115748043019,11.934550238309784,-189.31704623725892,-3.5169210257014534,0.485028197701244,-199.51481269854798,1.2682257605770062,-1.6448305871947788,-201.70716610866089,-0.9241276495359505,-0.48725312170801427,-200.3270462961292,0.2959444411677479,0.37690549986668426,-200.01808218194697,0.7649562771779835,205.0575590878434,485.6551102409875,-6.6850495280822475,367.5608257996739,374.08469022749364,1.1317054380617522,452.08003439075276,205.09228743346898,7.467780906956533,493.92396104474903,21.795617166377255,-15.03539131367868,-0.20617590850550915,-181.18721665924213,-9.507215393038717,-0.2486715532474776,-200.24851244949667,0.5345260096282847,-1.1574249633327351,-201.15726585958197,-0.3742819876085972,-1.1225571362326232,-201.12239803248184,0.16654539198739648,-1.806702605283919,-201.8065435015331,-1.023505042408157,-155.68065471938678,-135.9182692224894,9.022814679406757,-155.33688817146324,-484.93897863170946,10.081859052860803,-155.94857438273908,-936.4171530231436,8.577532642115283,1.3671329660877662,-198.7021483077588,2.150330528963528,154.80536602043207,-71.31966358436122,-11.797658502681266,154.2195727046442,-421.6239141343616,-12.38345181846911,155.35757914710126,-870.4859076919045,-11.318442364994493,-0.8038193681375718,-200.8036602643868,-0.0206218052618099
166,1.66,0.005971205960190296,700.0070086927408,0.4261389769571285,1.1476939878359604,551.0208531842816,1.3633235829063304,0.24460162274720554,300.2456391095276,0.6647693937441437,0.5160686058152659,400.51710609259567,0.9362363768122042,0.13475915959262807,199.9414604829741,0.3605907671905614,-1.4233655394252003,98.57456235916297,-1.0645070443700342,0.3062298718890137,1003.3916594010009,1.6725017873170342,-190.85875173708735,487.0375855742227,-5.88697250901313,-336.34715788295136,390.2422301612554,-14.365193407377362,-451.7967738340708,215.29404979284132,7.088870776070618,-510.1641976098857,69.46058397754263,9.45873463611641,12.236997687044763,-188.26337559777264,-3.0854713553127304,0.7532341216858363,-199.24572839153382,1.173401892682775,-1.3142398068816779,-201.3337239888478,-0.9145937046312387,0.010608242321545558,-199.91681338132383,0.43077601331848403,0.6479595166456569,-199.92600868091478,0.4931216033018079,205.49847152875222,486.62796639808647,-6.316421807816873,367.2093178823713,374.2447100393413,1.5278734979573758,453.2958626250813,206.12673820077887,6.785903001245677,493.56762611389127,22.11325510170377,-14.8219986046634,-0.523399844017165,-181.18738066677133,-8.67446143887465,0.1883510956335711,-199.81061141758607,0.6085188666305095,-1.3254305794790278,-201.32439309269864,-0.9056187614241245,-1.476482558286819,-201.47544507150647,-0.48304935841120905,-1.129192021918682,-201.12798972782218,-0.7088594436055986,-155.3709137791296,-134.91505603555157,8.951816716264425,-154.53754362346973,-483.46937723246003,10.346784773043918,-156.0861346254801,-935.9638648321567,8.066448004552527,1.9640444458863455,-198.217333809818,2.3842122168832836,154.88096186021437,-72.05482359807996,-12.045596061149151,154.915052270149,-421.7116645316524,-12.011505651214494,155.89818342892033,-870.7285333728811,-11.134584484705579,-0.473084327712788,-200.47204684093242,-0.05291655671584988
167,1.67,0.010092783779879433,700.0153615763965,0.19008107318325795,1.4840545436800097,551.1854691876474,1.2733216536636542,0.7018306200402713,300.7070994126567,0.8818189094436495,0.27006018418796995,400.2753289768045,0.4500484735913486,-0.02242426760005728,199.81134346275664,-0.013937040456474481,-0.7932639582261267,99.21139252017016,-0.7226193144046776,0.009053820783600508,1003.1355308190751,1.634440318949593,-190.63191471503563,487.69208477514366,-5.712794813526324,-336.58223597193995,391.6602504778866,-14.124452315766973,-452.7907778498028,214.79042295821603,7.275781299266932,-510.40725050519427,69.61191515644693,9.644658247120393,12.185889698916345,-187.53633932157186,-2.812382165972102,1.1625560174890022,-198.8321751898946,1.3425443068923801,-0.8871302966172545,-200.8879702816218,-0.7132507848348295,0.18845108828888457,-199.76397856899024,0.368439377692263,0.9488498431065118,-199.69782801741206,0.4768914793749029,205.73988633357195,487.42303111421654,-6.018896020962345,366.59824477987837,374.25867051383295,1.8328343844447508,454.356325227693,207.0068301934818,6.059630929291374,493.2194329827587,22.45863563321287,-14.452676963911653,-1.3384316094235653,-181.44833614772872,-7.882560767789685,0.5284689899112864,-199.46626221747232,0.7084572793146648,-1.3867711282890067,-201.38150233567262,-1.208590517082798,-1.6439651109127773,-201.63869631829635,-0.9580718561651412,-0.28822823641567086,-200.28188476510098,-0.10716526831400275,-155.19626175116508,-134.0318644997339,8.827339491737604,-154.1731534608483,-482.5663352806039,10.126562734715385,-156.2605179501326,-935.4736403973668,7.737368631098813,2.223595195915488,-198.16071468284858,2.4035834853188653,154.79023437115217,-72.98712391274734,-12.290124724108345,155.63097500271925,-421.78637624529495,-11.449384092541296,156.06983457795292,-871.3475166700614,-11.130876205739991,0.02146557274241645,-199.97326563464117,0.20145386214579475
168,1.68,-0.11925218380794667,699.9015862952274,-0.04169058904524947,1.963210187588417,551.4278833491776,1.4079465793132668,0.7994139741541408,300.82025245318937,0.8769755689168381,-0.04601764618463178,399.9748208328507,0.03154394857806553,-0.33437973585757697,199.56858790178518,-0.3746889824873002,-0.2353075385119806,99.78543703909625,-0.31604299880762354,-0.11986145344205623,1003.0358256329688,1.626438937480569,-190.57775098162114,488.2355871503154,-5.530130324016355,-336.9740264716803,393.00784861268926,-13.8023435749478,-453.60075452626813,214.44992449253425,7.7515769139651916,-510.6322241497204,69.65771939982109,9.83234552247018,11.618121186497532,-187.27783125539074,-2.739635019659037,1.5242238193121287,-198.45493770165274,1.6017854140748258,-0.5553391646077854,-200.5385376432721,-0.4818145275445278,0.0038205436677869464,-199.90588841267373,0.08138213843048414,1.1579514648594462,-199.39848000282797,0.6582431128995659,205.3800283472554,487.6457710626182,-6.173850273816541,365.8559763959687,374.26063752531877,2.1947622973490173,455.15149366572587,207.63281546552372,5.199375433676089,492.56840435851603,22.52063969540593,-14.232203308219585,-2.6285783825466673,-182.04892745795715,-7.208712717004651,0.506088837927344,-199.47307268303751,0.5836504326900415,-1.3832080900023351,-201.36236961096722,-1.3128271862403107,-1.8247426342086162,-201.80390415517346,-1.399477980677692,0.4619564317421281,-199.51174742046248,0.5449756952650722,-155.148693282488,-133.25398643526262,8.65469606959438,-154.52387572492,-482.38458091623716,9.271382409747082,-156.4614035131597,-934.89978225794,7.5565829520650105,1.9461134229727488,-198.716901730649,2.023675017735446,154.72582552184664,-73.86707053225552,-12.323683639994954,156.09518376039262,-422.1108972596543,-10.95432540144899,155.88282448507465,-872.3232565349722,-11.27289466902933,0.3776720481825284,-199.6014894727823,0.4552336429452255
169,1.69,-0.39937787103885025,699.6648091631914,-0.3208489871554443,2.244906000661686,551.5353273882499,1.496981720422621,0.3873505171026388,300.45153755133276,0.46587940098604486,-0.3127773602801024,399.7514096739501,-0.23424847639669644,-0.7079173525776168,199.29317796670801,-0.6924801836386529,0.01585108459960516,100.08003811882963,-0.08488769032471682,-0.021285911209265374,1003.1353129400434,1.7420745637672477,-190.98257791611624,488.37789466475635,-5.679745071189231,-337.52954027755084,394.2972800414203,-13.434252365586943,-454.41028523130274,214.09562906334355,8.304425061307056,-511.00308914015824,69.46148715505544,9.818622592186118,10.718893463794792,-187.2593070019848,-2.6445346657520825,1.654979559273963,-198.28083340649601,1.7335084431573689,-0.38922002437417047,-200.33245065352003,-0.3181088038666209,-0.3438340729599798,-200.125020163597,-0.26530518907657363,1.097734016884862,-199.2424599139493,0.7718819357040583,204.36741242022674,487.26037797387016,-6.858342840031813,365.07182717483334,374.35374438203803,2.667256656652393,455.765498871445,208.10674147208263,4.2596734729456305,491.5064812611615,22.19982997436446,-14.311622491404103,-4.122438642104342,-182.91150859399534,-6.63159744933219,0.04903866686020759,-199.88677429890978,0.12756755074361342,-1.3989552271704826,-201.33476819294046,-1.3426517240154583,-2.082530156729751,-202.0183431224997,-1.8178892369096422,0.9100373121984472,-199.0041901548965,1.0101516947569156,-155.2035835365008,-132.54158810006012,8.437455453910612,-155.48795407234624,-482.71811128106447,7.921293492725314,-156.66427910798544,-934.2311990770927,7.348487089182795,1.1349489287275327,-199.79439388452954,1.2134778126109387,154.77790608005841,-74.55834489425679,-12.090591130270871,156.15095241941043,-422.82424071953545,-10.717544790918872,155.40357307277685,-873.5716200661691,-11.53792112653484,0.32142814964108807,-199.6143848161289,0.3999570335244937
170,1.7,-0.835299148088219,699.3186775425195,-0.6784983798398911,2.0371815810407186,551.3994073320026,1.3740298137714635,-0.4465529695819468,299.70742372102563,-0.2897522013336188,-0.5271004847966023,399.6268762058111,-0.37029971654827437,-1.0504004062885193,199.07727574460233,-0.9199001777569119,-0.19455657210043797,99.95965902895017,-0.19572004704040347,0.28640531221232235,1003.3969350069674,1.9890496460861535,-191.8680241224942,488.10888012276837,-6.216278865482174,-338.2130909079773,395.5821298481186,-13.014393184515004,-455.40167116852206,213.55909517633916,8.744270014829677,-511.5605419672851,69.0152439793284,9.533058961653254,9.874612992436338,-187.06000490901448,-2.2009344377941398,1.4513075789387737,-198.39471573045373,1.6081083471871016,-0.41915850694359313,-200.27875065504367,-0.2759265774028238,-0.6591247489610527,-200.21810439532817,-0.5023239807127248,0.7218459725935318,-199.36412744499592,0.6386966326448853,202.96674848560568,486.54944144888856,-7.829621401465026,364.2353236509629,374.543235715203,3.2098556672093057,456.38178250871863,208.62863235346418,3.399125192717538,490.1860607649998,21.659828097333232,-14.573103158174302,-5.604551226568905,-183.9400875685459,-6.105538348782367,-0.6691951039107027,-200.51521841330322,-0.5123943356623747,-1.539163556391688,-201.3852050645812,-1.4362417942706969,-2.307653153496474,-202.15367646288894,-2.073269346061093,0.8894252338207518,-198.89011005886053,1.1127140187803053,-155.32439341170618,-131.84064548394883,8.234781025890644,-156.70710689036662,-483.1716765668791,6.413625389764331,-156.8997171414324,-933.5384988006585,6.9303184867467476,0.0018570826158690323,-201.03904660786299,0.15865785086419715,154.86971979054164,-75.14723792342409,-11.693970415134576,155.848516136562,-423.8562911807054,-10.715174069114193,154.72701552427617,-874.9777917929912,-11.875747154000349,-0.21094838305236263,-200.05697169244485,-0.05414761480403468
171,1.71,-1.4283873067740582,698.8592790229924,-1.1402878906747158,1.2592017612103121,551.0070267336298,0.9957036457492914,-1.4750626384876313,298.81260369127875,-1.1869632223882884,-0.7591309268399271,399.52853540292654,-0.47103151074058436,-1.2800577206576726,198.99907007399685,-1.0004968396702192,-0.8454782130922551,99.4437460084596,-0.6645522365691687,0.7213700747842053,1003.7413705407844,2.309788191654399,-192.9756917337952,487.68232318853774,-6.907442265702883,-338.9778822828779,396.9006934532091,-12.540246331360226,-456.58939069362384,212.82150060245476,9.05403020508033,-512.2367549482061,68.37954167471418,9.016794073978462,9.308620690191606,-186.46228668186572,-1.309555268378867,0.9372404429539434,-198.77509322727974,1.225339859053286,-0.6951471073483397,-200.42722332140787,-0.4267902350748343,-0.9202098459803654,-200.21513651737817,-0.632110429881023,0.20388854758605032,-199.66484615854395,0.33558692778903454,201.5719457870087,485.9035291362403,-8.723283864509124,363.27886231133414,374.7557109682916,3.726140078424789,457.1049716083421,209.28939063955733,2.6902543925340416,488.9210917449941,21.205053676403896,-14.735226702266774,-7.060749542676648,-185.13848483373067,-5.660342824858705,-1.3560971024377335,-201.06843077267143,-1.0679976863383909,-1.816142951530004,-201.5285952928274,-1.6309425261896222,-2.4248565110665004,-202.13719018130013,-2.1115695698699213,0.35382639838204394,-199.19901081121822,0.8014222751148161,-155.449287442667,-131.09298439584964,8.107209705032929,-157.80718150748856,-483.3874803308568,5.0795692981464375,-157.2070810644566,-932.9018559487395,6.270615905260506,-1.1876695463358513,-202.0816786998687,-0.8995701302365089,154.8441154056233,-75.84112967605655,-11.31539900596751,155.40115044686922,-424.9952515971317,-10.758738571903695,154.02774147938948,-876.3685624994282,-12.148337304042162,-1.0241631097258084,-200.7363763494203,-0.735943263087287
172,1.72,-2.0962368619103793,698.3223151781744,-1.677684821825574,0.09085302660991557,550.3695416795381,0.3657250085728242,-2.410674141211571,298.00787789887323,-1.9921221011267654,-1.0036114344393796,399.4149406056455,-0.5850593943545742,-1.343870961989889,199.07252219832847,-0.9274778016715384,-1.6840633172088315,98.74240035017743,-1.315799337571986,1.1538123433571332,1004.0855072549335,2.628355400134587,-193.99746201854575,487.3585256642868,-7.499848605321272,-339.82392169819775,398.2076911409535,-12.095136244493979,-457.83152587827055,211.98277347510842,9.313310148363474,-512.9310620542229,67.56340594520134,8.315469575081806,8.9466265866878,-185.60027491516897,-0.17445849218459675,0.27390296278820214,-199.30754499712705,0.6924550028730073,-1.1921302321624025,-200.7959494250735,-0.7959494250734487,-1.2099872341887665,-200.31845109907388,-0.7914351941039615,-0.20009527090607565,-199.93764148391216,0.06235851608786334,200.4937245084778,485.5858399853395,-9.292364406936088,362.15765663580476,374.8961237734105,4.112563927588559,457.92381551748343,210.0055229709462,2.045778544010832,487.9900755124462,21.060828939490587,-14.581323183342388,-8.541497771489723,-186.56347610805568,-5.360270840153369,-1.8047885299997732,-201.386236489915,-1.3862364899149677,-2.0914884651952232,-201.67353908649972,-1.8297216957156113,-2.498245126275805,-202.079693086191,-2.0733246825260925,-0.5318964271550881,-199.81536576926715,0.18463423073286955,-155.53785514171662,-130.30595865075668,7.964184262893348,-158.53670655958368,-483.1717004047631,4.10828698491499,-157.52121909719014,-932.3059051825894,5.5165129281555565,-2.226364510431544,-202.758411145637,-1.8078124703467386,154.64756272969012,-76.74448621243994,-11.061878215436831,155.0445130907097,-426.0514126887251,-10.667370600092845,153.56442496573524,-877.5308613483774,-12.15210714389119,-1.7913688373177683,-201.37203149147044,-1.3720314914704153
173,1.73,-2.621431486687695,697.8528501100624,-2.147149889937634,-1.1132386351594619,549.5481223762224,-0.452842629321845,-2.928250943096502,297.5460306536536,-2.4539693463464403,-1.1116024052808517,399.3626791914692,-0.6373208085307905,-1.2236990357723498,199.2501574523463,-0.7498425476536655,-2.3040897397238287,98.20148295000683,-1.822778289372995,1.4182187442957388,1004.336163947772,2.853103520228472,-194.7947341728174,487.20299194544737,-7.92925756027243,-340.78534302345486,399.4148851848875,-11.80416835540566,-458.98187439595324,211.13737879753586,9.523089038718828,-513.5183319256697,66.55178210631615,7.480461620333614,8.646081456262776,-184.70286369358774,0.969494027664328,-0.2926798768944784,-199.81839828014446,0.18160171985558302,-1.6921027449698272,-201.23756369204563,-1.237563692045603,-1.5120964410756244,-200.62040784548975,-1.0378148443255633,-0.33773178512276325,-200.05616100750268,-0.05616100750264652,199.8509399567821,485.6420439941745,-9.498471936530908,360.92431126197863,374.94088338652324,4.342816804753471,458.8327345490875,210.66971538598565,1.3602515295264992,487.5102029928391,21.266088304988394,-14.075677285298474,-9.95749253551228,-188.1698980584213,-5.155580126442254,-1.9999379844267864,-201.52565638767675,-1.5256563876767253,-2.1610901587002194,-201.6891921339826,-1.882094253593122,-2.5755025977155537,-202.1012210009655,-2.0999669879314586,-1.4274157343321043,-200.51957780693868,-0.5195778069386582,-155.6197433009414,-129.58256561458256,7.54432683867135,-158.73847533971656,-482.4555560566522,3.5797528810091315,-157.67094147728753,-931.6379565228328,4.869530358577249,-2.9380608374046346,-203.0786698858576,-2.4637792406545733,154.4660668303156,-77.69651994472085,-10.817420531651234,154.95690117688622,-426.91941438929086,-10.338991471222293,153.54579885205544,-878.3272692412559,-11.748183309677408,-2.2146751743513153,-201.7364054658667,-1.7364054658667227
174,1.74,-2.7447768792619858,697.6737751608227,-2.32622483917718,-1.9808191490417888,548.7468829836624,-1.253307037195862,-2.793888940594021,297.6246630994908,-2.375336900509215,-0.9040214233634062,399.5145306167214,-0.4854693832786009,-0.9065066865233431,199.51198016104138,-0.4880198389586081,-2.3987833695484233,98.11615202235645,-1.8917500424160365,1.360694257093116,1004.3757286257656,2.86686229516679,-195.40765030884234,487.1385105743993,-8.273046170136213,-341.81518879717873,400.5349199201297,-11.64877924393666,-459.9965365591229,210.33836957349067,9.582753864810854,-513.7888625866758,65.48494898526582,6.686135897704387,8.414875653729109,-183.8100392335984,2.1052287304560595,-0.5603975131819008,-200.14184547309713,-0.14184547309709544,-1.8735613421989763,-201.46857814082176,-1.46857814082173,-1.6239394489275405,-200.91850805365056,-1.2053874088427352,-0.20538745676726253,-199.9984294952016,0.0015705047983843867,199.61918891290483,486.0105872427804,-9.40365321702289,359.7243613483457,374.99510538323995,4.520526949694624,459.8817802138679,211.30202999427888,0.6566991123002279,487.444818850563,21.742591965866758,-13.298857130395627,-11.059642604856355,-189.74140927549212,-4.822734651130395,-2.031906414932504,-201.61335437484775,-1.6133543748476988,-1.9056282302034857,-201.4944181088536,-1.6944036507496132,-2.5449883029908396,-202.126436262906,-2.1262439537787765,-1.992753729705829,-201.08282488664923,-1.0829180042351427,-155.752233855003,-129.01732453864884,6.647064346329113,-158.31283170775708,-481.2207530104524,3.5445298590034486,-157.5109603496965,-930.7768766312054,4.457009763174723,-3.152120992106562,-203.0502147276224,-2.733568952021757,154.60482083578668,-78.37749512485095,-10.300552015681076,155.25199131752242,-427.52583074051677,-9.70244539240544,153.96837033200637,-878.7966077216927,-10.973485641830868,-2.1353259612959468,-201.70100063332148,-1.7010006333214909
175,1.75,-2.3613891630026638,697.9262771667636,-2.0737228332362876,-2.230259535123086,548.3166495295051,-1.6833796111374064,-2.045943559427432,298.2417227703389,-1.7582772296610554,-0.3445214886101301,399.94314484115625,-0.05685515884375458,-0.38665072999327543,199.90101559977307,-0.0989844002268997,-1.9644547447087837,98.55442322648861,-1.4477351482011773,0.9228344993851029,1004.109474142158,2.5749132448636485,-195.89838197689014,487.1384253776439,-8.557596604539974,-342.74947523047086,401.69602642773475,-11.407306487488182,-460.9069858337377,209.64269140702922,9.441109252433204,-513.4851749057154,64.69241336343762,6.228946451278031,8.338677062918313,-182.8074317270709,3.365080578321245,-0.47850220964939594,-200.19083587988305,-0.1908358798830201,-1.5753911694686,-201.29498771569223,-1.294987715692176,-1.2952576087910943,-200.85403582555193,-1.0075912790247183,0.10691932879351623,-199.79110634424865,0.20889365575138036,199.73670407646574,486.6651441123215,-9.031556419345875,358.7077142167003,375.2406246223279,4.826619950188303,461.07079432821047,212.01937393047123,0.05542027935163474,487.68287650895957,22.41098295041633,-12.332304316202027,-11.601627783851386,-190.98923012280778,-4.0822875327279196,-1.929876662114616,-201.64221033234827,-1.64221033234824,-1.362267935221888,-201.09221395291905,-1.27294789377097,-2.2342757872825274,-201.94660945751616,-1.9466094575161517,-2.058293382219632,-201.3364635188752,-1.337070721809871,-155.90086901847124,-128.5403434255858,5.406618508869371,-157.29177311205686,-479.52652158766455,3.989625338890851,-157.02744513468627,-929.6670461513338,4.301057395140226,-2.76608670708925,-202.60726216515047,-2.4784203773228746,155.17224148077884,-78.62229221459488,-9.338983099279147,155.94252287085848,-427.83084432614845,-8.719829032701213,154.64237200105336,-879.0914328773777,-9.98045795742403,-1.610375964349136,-201.27412448746225,-1.2741244874622248
176,1.76,-1.6386609280705169,698.5152514064014,-1.484411111957696,-1.7238250350948978,548.5806745335575,-1.4192611103068635,-0.9732315845006638,299.18068074997126,-0.8192548938930985,0.4254815522229571,400.5793938866949,0.5794582428305223,0.27917878037925403,200.43309111485112,0.4331554709868191,-1.2070206821474165,99.37885186673935,-0.6223234654029468,0.1791724978371574,1003.5396259860552,1.9794261826975306,-196.22233649355078,487.31880915817015,-8.666491465803407,-343.44515261858703,402.98211920153983,-10.848835783683514,-461.71030209235056,209.11596404931396,9.221409834282987,-512.4810255612468,64.44314099262529,6.31141705556309,8.402833642461465,-181.63959883640956,4.806360180956227,-0.12186301466537625,-199.9679506801935,0.032113675942188974,-0.9482667892708955,-200.79738207195288,-0.7973177158171763,-0.4485993030717279,-200.23067553213255,-0.29462261246416244,0.47591750097435903,-199.49764408050544,0.5024202756302131,200.12487676694968,487.5985201116945,-8.386914126594608,357.9739911502923,375.84473155821246,5.427690343854186,462.29849093846383,212.9166904719542,-0.3451993971314673,488.1355743584615,23.250840813239012,-11.198635852482575,-11.489638621162536,-191.71112532310445,-2.7763478551365695,-1.612121609599554,-201.45820927512767,-1.4581449189919886,-0.66527248052965,-200.54425438138801,-0.6899794214760564,-1.5885182868563092,-201.4346059523844,-1.434541596248744,-1.6495981354067535,-201.1946235521889,-1.1976428269960362,-155.8798239203777,-127.89431139411784,4.29395951960787,-155.91965253824668,-477.57697063103626,4.735691623129132,-156.3246563210955,-928.3391437948355,4.341834666274592,-1.8323599250072766,-201.71965497907547,-1.6783832343997118,155.95935562852102,-78.57135289934864,-8.038043659638571,156.89124741184494,-427.910077159455,-7.468687478906279,155.40541697044753,-879.3010025322485,-8.859700130994428,-0.8935791013836278,-200.62311705783054,-0.6230527016948535
177,1.77,-0.9080629689863712,699.1557044105239,-0.8420949327393689,-0.5578257691273064,549.5710441102804,-0.42853623499983334,0.104391783600221,300.16815916311043,0.1685788178303035,1.1843532020362249,401.24812058154646,1.248540236266307,0.94957045948201,201.0133378389922,1.0137574937120923,-0.3018002849075215,100.39046549803301,0.3874729220446953,-0.7048426160576862,1002.7851364384029,1.1991354949340383,-196.26501178872684,487.8398144519043,-8.43906543021828,-343.9272299977648,404.3383147172884,-9.94318396016811,-462.3244620881778,208.7483898712772,9.152148438819289,-510.944489159042,64.66306421498203,6.817335502508234,8.454800297124972,-180.41219294723447,6.315519678761955,0.405551029022422,-199.53068159146738,0.46973806325250445,-0.3422324213443888,-200.27944796521342,-0.27902831049351895,0.7241432115904931,-199.1913079381111,0.7883302458205756,0.7886532709764957,-199.21581121986455,0.7846084348553555,200.60718200492235,488.6797826558761,-7.5991177166654875,357.5738270716786,376.89969279120385,6.415623685713437,463.47253514292265,214.01106394008926,-0.5244940466499199,488.79186508639594,24.294426777499538,-9.867786566284176,-10.830330040826297,-191.91106681278387,-0.9734750717242218,-1.0225951150806736,-200.95882773557048,-0.958408080850591,0.040719101550362014,-199.9433238850879,-0.046964314519122696,-0.7028016305354695,-200.6390342510253,-0.638614596305387,-0.8992970535982867,-200.66383721649055,-0.6756135587347748,-155.4729286277086,-126.81731521478062,3.788286202357416,-154.59838145837037,-475.6972893592027,5.4386599123708725,-155.57654086338914,-926.9209274504611,4.438698191513597,-0.6007158201883365,-200.5472720029449,-0.5365287859582544,156.6665931420996,-78.5072458239147,-6.656300586967735,157.83947282695198,-427.97340470565626,-6.1607265760824665,156.22556767888648,-879.4100038429625,-7.59789484588252,-0.25179978662058755,-199.97010875850265,0.030130770440365023
178,1.78,-0.414649592186515,699.6040577043303,-0.3847664386033225,0.869321181174077,550.9095212368209,0.9116524193392676,0.9962550840577876,301.0149623805747,1.017093563092999,1.7123828528939034,401.7310901494108,1.733221331929114,1.4701522555902067,201.48885955210702,1.4909907346254179,0.664137813724712,101.39502710384362,1.386833112690675,-1.5356305335090041,1002.0380906025323,0.4250696984773701,-195.99400924475032,488.73447081750714,-7.84093176644099,-344.36179136970327,405.65843076483765,-8.83933753795888,-462.6954281204876,208.3825283817775,9.353302076617396,-509.29928070265873,64.93726049465812,7.331880716963622,8.281827668325988,-179.34076826408815,7.671572855875288,0.9862513213360173,-198.99504138214718,1.0070898003712285,-0.05626050771391247,-200.03780173314703,-0.03567055062860841,1.86407867866997,-198.1119596461389,1.8849171577051813,0.964573315716969,-199.04516266304728,0.9569685194711273,200.89625015570627,489.6221429210359,-6.953259662912265,357.4441478654561,378.33885450407325,7.724379708046792,464.59781596070627,215.24907114022645,-0.5314986626329228,489.67765274109183,25.566713616619964,-8.316286782358171,-9.914659376911544,-191.85032813872786,1.0297106563307934,-0.29047330740347177,-200.27147497493434,-0.26963482836826064,0.6204912664518513,-199.4147214029092,0.523876397698289,0.24912749915536375,-199.73216520432783,0.2699659781905749,0.033708595847999345,-199.84352977558558,0.12103509159443548,-154.6508752880608,-125.27923680419306,3.99368479099458,-153.6875339607807,-474.18450020464536,5.769165921869039,-154.992175898847,-925.6205374149793,4.381681023080338,0.5504912608111605,-199.43303328305973,0.5713297398463715,157.14540263348132,-78.65860641601682,-5.422359535139316,158.51721128606962,-428.25984819329545,-5.036024823245322,157.05931908553458,-879.4597616704157,-6.238828593656596,0.2235117150525479,-199.43979146451298,0.5611651503953974
179,1.79,-0.18497600566801836,699.8118637965779,-0.14393483128045664,1.9932217171313127,551.9955765652577,2.0040055556283503,1.6271400823594044,301.62397988460526,1.632408874975853,1.8433819196957255,401.8402217219416,1.8486507123121738,1.7796575594340234,201.7764973616798,1.784926352050472,1.5660184958018777,102.19135670147804,2.175016887822621,-2.1421591652765564,1001.4913936362555,-0.1530873931857059,-195.55393122504273,489.8354217877045,-7.03591960542995,-344.902069642317,406.8971367705625,-7.690430180817087,-462.9083211464527,207.8038593156333,9.721674603347191,-507.98052020676,64.79722440936688,7.408771998468532,7.692849610534237,-178.6515634889755,8.65313952078065,1.4385510709099412,-198.56460912684426,1.44381986352639,-0.14709827110278234,-200.15030740573053,-0.141878415359815,2.6509322432324987,-197.35119330601484,2.656201035848947,0.9617856394110653,-199.05060873784294,0.9578202525277673,200.76015468589398,490.1708781522783,-6.70046324085623,357.3231179036468,379.87324110652366,9.067919878234168,465.71233871407867,216.52602008238205,-0.4643933753205875,490.7567569829462,27.007999355502093,-6.60330529812124,-9.138028141352821,-191.97442422089176,2.811848559896721,0.3154112575805845,-199.685851147371,0.32068005019703294,0.9640082047158607,-199.08572260244108,0.8907185957456104,1.0592326965843293,-198.94392750116992,1.0645014892007778,0.9841297271032909,-198.90732806622523,1.0109840183948018,-153.6439267914567,-123.53282825089984,4.562807595619161,-153.28135854267668,-473.11548630354616,5.644414436123137,-154.74127724727919,-924.6301787067223,3.982911973450097,1.3142170126394213,-198.69073682823282,1.3194858052558693,157.39239877615694,-79.1645864428461,-4.485573908680287,158.76277769002732,-428.90775464495516,-4.231883266245357,157.72458668439415,-879.6536174592266,-4.989177412234772,0.6035766484317378,-199.03462022516266,0.9678438186966205
180,1.8,-0.13380087837288818,699.8412538965464,-0.022596292237373194,2.38471356572728,552.3608543175696,2.3868174357286582,1.9541967897242003,301.92925156464344,1.955214682802404,1.5399831073590475,401.51503788227836,1.5410010004372512,1.9253439825716012,201.90039875749076,1.9263618756498047,2.1673046038432466,102.57431959317736,2.5540084933442593,-2.4224567611391272,1001.2701083637369,-0.41691428561953736,-195.1992458400054,490.8642115014726,-6.295532374327629,-345.6136920648387,408.04815608406756,-6.591309742807496,-463.1268534818466,206.9302170807024,10.047690604623256,-507.1797911116354,64.01978944647018,6.8485612112024885,6.602569125355565,-178.47088457529358,9.146344095823505,1.5499924303770354,-198.47523305271096,1.5510103234552393,-0.41445113415744944,-200.43940386395093,-0.4134407457918559,2.9377678273822645,-197.08701872921114,2.938785720460468,0.7813506181544869,-199.24592937313867,0.7800337450203862,200.21315453806403,490.31622549628474,-6.843518379515571,356.87163352681364,381.1352173434682,10.085127166619696,466.7878188291379,217.71285508684343,-0.4423521371330724,491.8767260756126,28.441878783974097,-4.901404197371166,-8.8398574101906,-192.7016251132324,4.010716046558177,0.5933534800931527,-199.42195395789014,0.5943713731713562,1.0531320168865514,-199.00069860105316,1.0123276208931893,1.520842467882539,-198.50410275719832,1.5218603609607424,1.7500031249409767,-198.10112388651459,1.756478686779427,-152.79645057541245,-121.94609542705378,4.974552156417268,-153.1688715021568,-472.3007339374098,5.259137995707494,-154.86189108746197,-924.0115359391034,3.1892785611667427,1.5888632814923458,-198.44363017325003,1.5898811745705492,157.43116452433844,-80.07744418667569,-3.903594858049961,158.58728453307765,-429.90617958844786,-3.732948790005069,157.99553096806784,-880.2399544300429,-4.101934612163236,0.9730338204110058,-198.71150462726126,1.2908666697968474
181,1.81,-0.22384327100166795,699.7139057830552,0.04051220146028883,1.954653789764723,551.8925820714205,1.9548516664826072,1.952064929277996,301.8898139833348,1.9520962660408325,0.9303871067186226,400.8682487356682,0.9304184434814593,1.9603713117413823,201.89812036579818,1.960402648504219,2.192627955503748,102.3615886509917,2.356542343800985,-2.366780677034536,1001.39956171617,-0.34862405320529966,-195.14806887938536,491.58622871227135,-5.8465253972291755,-346.5320181087795,409.0583036117341,-5.6679174519567965,-463.45390210490154,205.85308725632285,10.194354192095108,-506.76717707435273,62.71958818371145,5.782735695488841,5.114143191334891,-178.726347273873,9.234006556771526,1.2292898661268798,-198.834788591588,1.2293212028897165,-0.5742885330828915,-200.63653947902608,-0.574257196320055,2.7382035519015018,-197.3240473940417,2.738234888664338,0.463298361937747,-199.5994123267315,0.4628699559745084,199.51724981644645,490.3036636759591,-7.129090433541453,355.95752410780415,381.9714330521781,10.63023150032437,467.7264632502628,218.69291551283823,-0.5713142548818494,492.8057547214426,29.620886455372048,-3.4533976410865166,-9.121782476155765,-194.18364870461443,4.511277857200428,0.5227812493039572,-199.50135150922932,0.5228125860667937,0.983780006162998,-199.08644267739913,0.9717005838807853,1.509867566435772,-198.55238337950743,1.5098989031986085,2.0897986138192435,-197.7264145060866,2.0909046292803692,-152.36831922879838,-120.79497421278127,4.862960739608905,-153.06095376007175,-471.48311264508254,4.835304025055034,-155.25304052097312,-923.6796955049559,2.0955201031464554,1.3815396648712297,-198.71056510850542,1.3815710016340659,157.26886114527215,-81.33726384862169,-3.6160130632980296,158.15168508865384,-431.13165072453137,-3.410494793883448,157.76785082658745,-881.3381789758387,-3.701489796540011,1.3306451787476477,-198.44119431951282,1.5484200383413538
182,1.82,-0.4808483556867682,699.4021441671241,0.01232528798082333,0.9147883398930677,550.7978635965349,0.9141394855890119,1.6635747350965078,301.5465672579073,1.6629258807924523,0.21746834065940554,400.1011949439826,0.2168194863553498,1.856386354032126,201.73937887684292,1.8557374997280702,1.481602165543639,101.46097804017464,1.5010433755711174,-2.0324182696231223,1001.8243777624757,-0.0025560561031082174,-195.5060878141918,491.8929500267715,-5.798138213816312,-347.70246649676574,409.8371902014719,-5.092069431900126,-463.91324807943784,204.68171057731786,10.120879274987498,-506.42770575952966,61.215822991290096,4.533893126709422,3.490048883613252,-179.16758224398907,9.16329764089155,0.6016550633301914,-199.52463328443105,0.6010062090261361,-0.5162657660632681,-200.63327324325252,-0.5169146203673237,2.1359046789593332,-197.98110279822993,2.1352558246552773,0.05817504607490698,-200.05890293494485,0.0574556879403369,198.98141869302373,490.43931717401256,-7.251771066575196,354.7189839074146,382.5124404669988,10.832953386454376,468.4206491603216,219.38901032372854,-0.926393935183961,493.34441028164315,30.34438148485453,-2.463921846490452,-9.785898041954148,-196.22310758323562,4.50416340673517,0.19968392741323596,-199.79991126666573,0.1990350731091803,0.8571572212395088,-199.24918114431526,0.8661447718588529,1.0391893696315728,-199.07781810755762,1.0385405153275173,1.824381247755449,-198.014881810652,1.8238972007675385,-152.4399487873952,-120.1622034629389,4.137220308560429,-152.86792732545933,-470.58929666662266,4.366449622476355,-155.7491906476705,-923.4715401158854,0.8660516355543555,0.6737963704269871,-199.5351673690274,0.6731475161229313,156.9092379033001,-82.81446895136601,-3.4981930656483247,157.65227175592918,-432.4339707013286,-3.1176948156109097,157.10446492631323,-882.8868724623405,-3.7284012433688334,1.5660477564048132,-198.2600887221122,1.681948611181966
183,1.83,-0.9012745146866661,698.9268584194442,-0.18533328834714266,-0.40860978937584924,549.4199433018169,-0.4111760579303872,1.2039317140106578,301.03206464814144,1.20136544545612,-0.4642169015062835,399.3676440010733,-0.4667831700608211,1.5342651178003222,201.36239805193108,1.5316988492457848,0.144070162956852,100.00349419006838,0.10546639748629283,-1.503880332357554,1002.4426794546141,0.5383127048089019,-196.28497720737354,491.7891304946651,-6.1641911996027785,-349.1130650981096,410.3756183269754,-4.918342638740869,-464.51075682166936,203.43182402894445,9.811753794481138,-505.8940153306225,59.802082406563244,3.379312943184425,1.9682914426249583,-179.547043906758,9.158364623416173,-0.07538179812934587,-200.28395541916643,-0.07794806668388332,-0.423044041387063,-200.59491110725628,-0.4256103099416005,1.2384960850114188,-198.9333709808578,1.2359298164568813,-0.40821896598815194,-200.5800860318574,-0.41078523454268967,198.72598783377086,490.85993268493917,-7.093389009328701,353.31792546119726,382.93167220095967,10.848196121093938,468.80849272466935,219.78503606166876,-1.5395579489920428,493.47378799080957,30.6122923056166,-1.9549559274437922,-10.463264948611977,-198.41457249559585,4.353500879755625,-0.2517513740584243,-200.14196101476614,-0.25431764261296186,0.6672176573422115,-199.48082708600356,0.6882703593026467,0.24055632169948213,-199.93131074416974,0.23799005314494442,0.9702194181910364,-198.95668450033915,0.9676531496364986,-152.91186811749765,-119.93129064573822,2.930480299993177,-152.71985169248208,-469.7391384502981,3.675491710757263,-156.17537373779055,-923.1954143918941,-0.32399306954189894,-0.48063055539665445,-200.87308922693933,-0.48319682395119223,156.3665855557112,-84.39554648506575,-3.458234307807641,157.20339770109499,-433.7098616631837,-2.7725494859255475,156.1931423670938,-884.680554678609,-3.9728469366528003,1.4871250150960327,-198.3104818590798,1.53314389366203
184,1.84,-1.4013372510510504,698.3989151487284,-0.5949748523114945,-1.7239713580165519,548.0779427951788,-1.7317846156331218,0.6911696693780616,300.49142206915747,0.6833564117614919,-1.0805392579748463,398.73445754304,-1.088352515591416,0.9729118834153978,200.77316428319472,0.9650986257988279,-1.4058686673611964,98.40229535971977,-1.45204451566836,-0.8910974934875636,1003.1174357480568,1.1661343475989494,-197.40942765672014,491.3762323435684,-6.872076785509745,-350.6193369069753,410.8233040943439,-4.951788072430121,-465.2152038812518,202.0990853328026,9.286043624203291,-505.0771413302458,58.60438171269,2.418119112883173,0.5954262803744134,-179.79920648172123,9.251490648477155,-0.5619144353870574,-200.87472618530143,-0.5697276930036269,-0.5921116526313892,-200.79185925285202,-0.5999249102479591,0.2136146103646165,-199.98613298985603,0.20580135274804678,-0.9278360349884531,-201.12755199333864,-0.9356176507345473,198.60783106753541,491.44853547531915,-6.799773653758881,351.77594192154737,383.27188017488174,10.6900657556033,468.9001293506376,219.93218509532,-2.385845618084455,493.4241077345222,30.684147029135545,-1.6991891744588248,-10.81340985068991,-200.37215350643834,4.39546838112474,-0.6937621070871107,-200.367304361369,-0.7015753647036803,0.3514874979112597,-199.81916759482144,0.37273556274214753,-0.6559184953426593,-200.85566609556332,-0.6637317529592293,-0.2468986889667244,-200.27828574432235,-0.2547119465832945,-153.51679082859505,-119.80812866834694,1.5399102026963916,-152.73710707349036,-469.02844491324225,2.6906279659880643,-156.34886229466045,-922.6433392365624,-1.2934000936922216,-1.75759383671244,-202.369460812476,-1.7654070943290099,155.6816219523405,-86.00788683687587,-3.4552231788307446,156.83689968079483,-434.90167296688156,-2.349009308836491,155.2877140010246,-886.4380146423117,-4.145526894946444,0.9655402686477815,-198.7445796498743,0.9735002989208615
185,1.85,-1.8423956513138686,697.9693412490572,-1.1422544165854185,-2.7890533207731902,547.0278021404686,-2.8074195809388014,0.21620754284132299,300.0279444432123,0.1978412826757121,-1.589183548689686,398.2679693047939,-1.607549808855297,0.3105980427814149,200.1223349431523,0.292231782615804,-2.6318440789548685,97.18145071320168,-2.673421251361005,-0.35628713989406474,1003.6740251753486,1.720658514168901,-198.66472643028357,490.8804150553292,-7.709674532840977,-351.98634238522305,411.41628821562733,-4.848538651941807,-465.88196140771777,200.77628055414797,8.668929760695969,-504.00527163906247,57.61767808631099,1.633096146764634,-0.7195840434248669,-180.01178930640913,9.338026161691632,-0.726636246895613,-201.18612614185838,-0.7450025070612241,-1.105229796363283,-201.29349289599236,-1.1233526557739042,-0.6912733581074428,-200.87966610898627,-0.7097692695227932,-1.4503995098252858,-201.63845627854036,-1.4685594390768955,198.38451321531835,491.97414392680173,-6.615945661368306,350.1149193350674,383.56133775854806,10.373168626336131,468.77149326740266,219.923530615956,-3.383697075548718,493.522985232897,30.902883838722225,-1.3710929351553929,-10.627881337002872,-201.86244251934517,4.835407510056822,-0.981980790660772,-200.40461962962274,-1.000347050826383,-0.05447209110088891,-200.2166479672378,-0.04675112777435886,-1.3274315098027532,-201.51569460943182,-1.3457977699683643,-1.4822455790843319,-201.58039177296274,-1.5006118392499428,-153.89056724285714,-119.41638005079668,0.3445555205563216,-152.86285672046583,-468.3886695284054,1.5652666253744383,-156.09135520596845,-921.6294628175829,-1.8683564162762343,-2.622153008167539,-203.41004626100937,-2.64051926833315,154.93816094682558,-87.5874930624439,-3.4419867275609866,156.5820598524048,-435.95599944300636,-1.8104931081234494,154.62595215202626,-887.908859670519,-3.9929577709381494,0.14300517301174848,-199.50432244155934,0.12862702458066827
186,1.86,-2.084353878239953,697.7638612542326,-1.6229306731154147,-3.383530040304266,546.4769638813817,-3.4159293331513747,-0.12839911681150656,299.71981601566097,-0.16079840965861544,-1.8640049199204278,398.0931574204259,-1.896404212767537,-0.1548810696725721,199.6933340627998,-0.18728036251968094,-3.164254686606352,96.68419935630925,-3.2067402426816667,-0.08353433441312169,1003.9427160890602,2.0159649486594455,-199.70762412727962,490.6296087652397,-8.33253039384157,-353.0450575816127,412.3020929155283,-4.3683868962187855,-466.2893740863358,199.6292271045591,8.164819242837646,-502.725887331095,56.79144135504763,0.9921352915931014,-2.0128273256438263,-180.2448288594174,9.373187869386866,-0.6114669567094976,-201.26997018816655,-0.6438662495566064,-1.7190218132110946,-201.8708066807387,-1.7498339337611646,-1.2594419515918562,-201.41207225146775,-1.2926866767872411,-1.845238271192207,-201.9959753038782,-1.8765897291976932,197.9554327632723,492.32085225953807,-6.641286899543139,348.5065129674559,383.9512754778401,10.065794485230954,468.5302434902909,219.85342394070648,-4.41981652852651,493.9169282695453,31.40424866777125,-0.8217522973663338,-9.842744058290801,-202.8266518734536,5.739011838746759,-1.0357181110063536,-200.31993703192865,-1.0681174038534622,-0.3887317934775354,-200.52252382943283,-0.40313825475230636,-1.460768746677941,-201.61255361420555,-1.4931680395250502,-2.3713779158736665,-202.48559646806288,-2.4037772087207756,-153.7810240596349,-118.51837976085467,-0.3944232201278812,-152.94947979578754,-467.6868354970074,0.5131529878133105,-155.32572052768677,-920.1005320012918,-1.9773617811638187,-2.682151282170346,-203.5134061302232,-2.714550575017455,154.2388384149363,-89.07450345043733,-3.3449577103624595,156.45713366050174,-436.8586509505474,-1.1291052104726,154.33895551025623,-888.9761896354709,-3.4044485621418605,-0.5828913868897365,-200.2600365548459,-0.6145710386810739
187,1.87,-2.0245849187992313,697.861587916688,-1.7998338383197883,-3.3628499929623503,546.546262640835,-3.402423048182028,-0.2844254450254397,299.60174739046175,-0.3239985002451168,-1.7862427706354587,398.30347024553555,-1.8258158258551358,-0.14923292351442483,199.73693991197266,-0.188805978734102,-2.9631706884992144,96.92300214698793,-3.006095836827191,-0.16083947237807042,1003.8590046856766,1.9537049505925765,-200.2455466900835,490.8919177996667,-8.438356931681419,-353.81111222742794,413.43534123493953,-3.518770040284382,-466.31520512027987,198.75196623781812,7.908263037966256,-501.32869112426204,56.024256641371394,0.42991255177808213,-3.21007879236949,-180.45727470911203,9.435482806422993,-0.43966720109038687,-201.2907652347501,-0.47924025631006417,-2.0996236879597547,-202.2134508524727,-2.131136417170863,-1.436498178964157,-201.55461880320925,-1.4803646939159671,-1.9579766987558322,-202.06765959607722,-1.9934054867839417,197.42090106558442,492.56452526337534,-6.7657494679728,347.1617803628574,384.62314904262513,9.984280393274343,468.2464483756529,219.76861535243114,-5.410962858838724,494.4858274655095,32.0488561658969,-0.15968530634288125,-8.543588453012195,-203.36564859071348,7.031829099832513,-0.9125103115893961,-200.26071321543532,-0.9520833668090731,-0.5239850685206655,-200.62817162318902,-0.5539175138957275,-0.9602829404133137,-201.0741101049263,-0.9998559956329911,-2.6532910978694257,-202.7549222654182,-2.692864153089103,-153.2372997312037,-117.18656352649444,-0.7123773618494605,-152.9322211565557,-466.8817799979554,-0.38557098947692897,-154.20427985389404,-918.2415834418438,-1.771095496588842,-1.9769634437626715,-202.69042076148838,-2.016536498982349,153.64580195072085,-90.44405098199007,-3.107932722575894,156.3769469333641,-437.7132806065289,-0.3771623471147253,154.40317959735802,-889.6869498773517,-2.4352983692868992,-0.875653465200069,-200.663685154601,-0.9155342775560454
188,1.88,-1.631564011529325,698.2840648672287,-1.542909499588562,-2.7603043233875577,547.1887017649651,-2.781836504504106,-0.31409503414188683,299.6015338446162,-0.33562721525843486,-1.3894904842146802,398.82228760996827,-1.4110226653312286,0.3232926586991781,200.23892153745717,0.3017604775826301,-2.253164241888323,97.66246463686969,-2.2755439648714733,-0.494142824460952,1003.5269143828996,1.609574088065771,-200.25787385501948,491.67701954323184,-7.988808121242771,-354.4419095074402,414.642859271002,-2.475184643273776,-466.06567260838517,198.0734558903731,7.8567372320638444,-499.9915961611676,55.14042459644718,-0.19870588979154924,-4.261103387238744,-180.61842435333006,9.598379882665068,-0.45389121807750704,-201.37369968418443,-0.4754233991940552,-2.085858717211946,-202.17022983845396,-2.07551169055285,-1.3120265593491398,-201.41337864323856,-1.3505397031130426,-1.7202656491409274,-201.79187152875312,-1.72903258862759,196.92885809330608,492.84219133173474,-6.823636332739804,346.1341355753966,385.6142903384683,10.195487205309236,467.8763414973372,219.61509384352593,-6.380290982958002,495.04771719669196,32.64976597439604,0.45358334508068004,-6.952073866825549,-203.70283414383255,8.511916201547201,-0.7608657841923715,-200.31903155949567,-0.7823979653089197,-0.5082113355481149,-200.58856365269943,-0.5257247125739043,-0.058264384617914056,-200.14263550585997,-0.07979656573446248,-2.3078109380763148,-202.38909842837552,-2.3293431191928633,-152.53918301013957,-115.70968417440974,-0.8679501203891273,-152.83499858123733,-466.007423687816,-1.1598543625973006,-153.093940732308,-916.4219613376164,-1.594097012711099,-0.9247559745131291,-201.4212464712981,-0.9462881556296773,153.16553909580625,-91.7041502123358,-2.7131276189976408,156.17460875830164,-438.6950805498404,0.29594204349778414,154.65533250942795,-890.214356798714,-1.2585451859391243,-0.7280788345700487,-200.63812866622106,-0.7517855321292299
189,1.89,-0.9748894286404103,698.9651366991823,-0.9022014304159984,-1.8035680066033364,548.1742794546391,-1.7666523901500373,-0.3490322707139974,299.5909938571085,-0.3121166542606986,-0.8621124541825405,399.4134946989757,-0.8251968377292418,0.9396126432056894,200.87963877102823,0.9765282596589882,-1.3165903721723646,98.62343575565012,-1.2798416466078246,-0.8842451568426237,1003.142184340405,1.167570727087863,-200.00931311816692,492.72268257663677,-7.234031555344286,-355.10004554403884,415.7598554591061,-1.4178289192486786,-465.7785127997512,197.4312766730987,7.856033480518158,-498.8820379340952,53.988450157435906,-1.0312665404360772,-5.222167722525196,-180.7905183311521,9.842745765167638,-0.7047986100319381,-201.50204335135624,-0.6678829935786392,-1.7123693831705178,-201.77234325534806,-1.5772588937965235,-1.0263005607320272,-201.1385794801668,-1.041689991535958,-1.2022956393557052,-201.23164728876583,-1.1347578001349534,196.5425986015586,493.21966068796803,-6.737053444013005,345.32703706317295,386.8255068163694,10.613327313935184,467.3025831236944,219.27877966476925,-7.427736812777098,495.5855701075584,33.19940035313008,1.019393280310996,-5.347196233406088,-204.10734640506934,9.915404745834651,-0.6538953989123779,-200.43221184592846,-0.616979782459079,-0.5053386390578776,-200.56400779657153,-0.46711830794068415,0.8334425901678935,-199.22653128200966,0.8703582066211918,-1.5626611265829635,-201.6220277958259,-1.5257455101296649,-151.92400944075456,-114.31671877757483,-1.0807167107801925,-152.6169386996554,-465.01941862172157,-1.7735353919281809,-152.342108065435,-914.9453098258073,-1.7481851065925507,-0.012296945914324064,-200.29286242376534,0.02461867053897443,152.82271190045822,-92.82766717197097,-2.1242125973771184,155.76840211706926,-439.88197695535996,0.8214776192338953,154.89564999487337,-890.7547290775558,-0.06270583467992452,-0.3651043832031191,-200.3524103305288,-0.3367891461156867
190,1.9,-0.21752142608507552,699.7449211467542,-0.07863702791236804,-0.8006938077682165,549.1951259746658,-0.6708540841434902,-0.41075281021527943,299.55168976262405,-0.2809130865905535,-0.41457092393282285,399.8442022930417,-0.28454977159774963,1.324038975816397,201.2864815486557,1.453878699441123,-0.3250802407496418,99.63736233208961,-0.19526611067162802,-1.198655795320904,1002.83421027442,0.7661077936848744,-199.81826996157076,493.71260882114734,-6.498997586319421,-355.8773127913414,416.6921475169846,-0.4634493024203788,-465.604830043343,196.71450039484426,7.775492949157236,-497.9965521769303,52.58758324372613,-2.055380461364509,-6.155950224480655,-181.0421627413334,10.126938471713343,-1.0565525366216288,-201.60082832771187,-0.9267128129969029,-1.1060104744908168,-201.1435679016516,-0.7406134962223945,-0.7416367844890704,-200.904667497265,-0.7372703464794927,-0.5763528469326438,-200.55670043020055,-0.3893032794150342,196.2726592777757,493.70985363443197,-6.501752773034799,344.65582836247444,388.1691538066522,11.142663913340678,466.5144458843903,218.7523349800963,-8.567384759692416,496.25210563343376,33.86249646200384,1.6907529438985378,-3.9583293381248223,-204.8046670791336,11.001624081912194,-0.49549682487750135,-200.415641968928,-0.3656571012527755,-0.6206895869193761,-200.65791713055188,-0.4905199797663905,1.399927815597923,-198.6376296115629,1.5297675392226489,-0.7242027097138779,-200.76166701928878,-0.594362986089152,-151.422284294922,-113.0202041227243,-1.3844836410332348,-152.1042367046797,-463.7407999467572,-2.066633236693382,-152.01535531498232,-913.8177912033009,-2.260127631493284,0.5175646488942489,-199.61194904053173,0.6474043725189749,152.72039619461086,-93.70903320929693,-1.246932048776233,155.2575954578575,-441.1715734395467,1.2902676259571586,155.05536832290957,-891.3738005744947,1.0851501977181646,0.03582319220968677,-199.97814241385015,0.13917188240458478
191,1.91,0.4395027217204275,700.4201207646863,0.6627819863803067,0.01814761475830351,550.0217054560345,0.2396458774012632,-0.3709064471941248,299.6097115957717,-0.1494081845511653,-0.16984773487335564,400.01560702368056,0.05283359157301301,1.3514525690119097,201.33207061197777,1.572950831654869,0.6478352544357553,100.62845329740156,0.8693335170787146,-1.4455988320585347,1002.5970115436331,0.43269493464581793,-199.82948355414868,494.4988257975938,-5.96482248310897,-356.8077584992539,417.3981493514083,0.3079100606320533,-465.50420150828506,195.92712980192195,7.564247915078775,-497.14554874334135,51.13797747179352,-3.10230108928853,-7.007841621134495,-181.32886460125587,10.456339632382813,-1.379261841836259,-201.66987059420416,-1.1577635791932996,-0.4481607515844353,-200.46754270861868,0.21341639979044275,-0.6088039859696628,-200.8626009016201,-0.6217206819429433,-0.037941418270431765,-199.97408354360886,0.2667966760683208,196.14278459939277,494.3341422449913,-6.129506035711361,344.114193642761,389.6306371073217,11.737095947382723,465.72397109183277,218.24920175536028,-9.61715182015225,497.19956320000017,34.804749169454915,2.597290181913468,-2.8897952773616646,-205.9098694357911,11.616164028743047,-0.13421993288166956,-200.11548370250597,0.08727832976128957,-0.813162645628205,-200.83247964474424,-0.5915994250670735,1.576738816404995,-198.44264314062923,1.7982370790479543,-0.0037635717559647563,-200.02314552879022,0.2177346908869947,-150.93806089741128,-111.69583698483802,-1.7163635984193013,-151.16774080133388,-462.044546984511,-1.9461461189764688,-151.88540169423263,-912.7935527397012,-2.913074166372574,0.7733407523221028,-199.27589503214557,0.9948390149650619,152.97779628474768,-94.23231699924796,-0.0004912308837272672,154.83663122401305,-442.371783344193,1.8583463916123604,155.24322152477328,-891.9651930434327,2.2643675598788233,0.4362527485214053,-199.57716426200136,0.5942023255578943
192,1.92,0.8223516406560994,700.8143369108313,1.0871976197258277,0.5630060097433808,550.567315779181,0.8275788633078536,-0.14587006931908325,299.8461609109048,0.11870278424538955,-0.15502884765799618,399.95269735870454,0.11555209964790908,1.179631945379801,201.1716629256037,1.4442047989442734,1.484056733156741,101.4760877133806,1.7486295867212136,-1.6866805085295522,1002.3714869993457,0.15303637726050087,-200.01931153390382,495.10147986519,-5.655817545679277,-357.90438371534833,417.8572668652674,0.8291563888721893,-465.3374217181216,195.13644536179817,7.220653022237096,-496.11635265122027,49.86263097078398,-3.991846596111874,-7.636839399965517,-181.51812818614474,10.826115819445246,-1.6504210041167848,-201.77153488731471,-1.3859288642803391,0.042254049344235045,-199.96571497043195,0.9471379077683683,-0.6774108360441304,-201.02645160806503,-0.7539097347243676,0.27658984108689577,-199.63705609216964,0.6354857811709995,196.1495615992958,495.08946792517895,-5.667829485690401,343.6982636714183,391.19761577633466,12.341315867643665,465.2302839503935,218.0786238426839,-10.310648918487317,498.42610000020886,36.047915577045856,3.713537130823771,-2.0950369522787895,-207.3894926049515,11.742182302581114,0.4400733726343079,-199.55825786004436,0.7046462261987805,-0.9605354210240876,-200.9684944791809,-0.6959526058402273,1.4945306005096428,-198.51343841926655,1.7591034540741157,0.508645255403243,-199.49932376437295,0.7732181089677157,-150.41474839271945,-110.25476785648428,-2.0643568711829228,-149.98625085444854,-460.1118086741475,-1.6358795393254115,-151.67695335233472,-911.6566759716513,-3.4979510009517156,1.0376718238667446,-198.97784542557093,1.3022446774312177,153.59399906313152,-94.40540492352514,1.5641601434447332,154.646779396061,-443.3439977999906,2.6169541029443653,155.534915419044,-892.4558617770076,3.505002846632668,0.816926283935856,-199.18986816823025,0.9627745625159089
193,1.93,0.8195605527398777,700.8166962172256,1.0574548491427007,0.7925315644904138,550.7950838568067,1.030425860893237,0.1339134336032986,300.1313471650488,0.3718077300061219,-0.34492307700119906,399.72544672604806,-0.08326630889251115,1.0069361491487276,201.00436988059423,1.2448304455515509,1.9572966108177723,101.95473034226322,2.1951909072205953,-1.9082222935593205,1002.1705466223696,-0.03802782655843345,-200.35524548601,495.5528572825672,-5.561277996913685,-359.1798583304992,418.05273555201495,1.0604722979968366,-465.06030390140563,194.34352226944216,6.726783573210539,-494.86924284282077,48.81478800296985,-4.690828601597282,-7.978935560875076,-181.54975819768106,11.131636247843705,-1.8808463641656807,-201.9206455075091,-1.6434783873838485,0.19229057682327322,-199.8102756917313,1.1557522978644856,-0.8886965206264401,-201.27774771762188,-1.0372871526645018,0.34119313372849325,-199.57813330313024,0.6623272618271094,196.1905879430961,495.88476009594353,-5.229375183537337,343.32736092007076,392.7840697863463,12.849364202253899,465.1438944311938,218.3788335651849,-10.529863144518057,499.7690531258979,37.45910587760258,4.882433222770761,-1.443008669435684,-209.09705275718363,11.49910555288187,1.0014735566528696,-198.99919491909907,1.2393678530556924,-0.9741001087145464,-200.9766663772691,-0.7362058123117234,1.3109211613211418,-198.6916451072334,1.548815457723965,0.7645687017972385,-199.23799756675731,1.0024629982000615,-149.90889743783066,-108.75729522407832,-2.5034199666156116,-149.0500712570657,-458.43192492247897,-1.644596884604506,-151.30624827300818,-910.4203776457227,-3.992508813842172,1.433397623420015,-198.57065497968202,1.671291919822838,154.36865859789214,-94.44114518726789,3.2227382985448676,154.67887683828457,-444.0968073281598,3.533010433067748,155.74788704449955,-893.0277971219448,4.602020639282716,1.0720478100474748,-198.93033833273017,1.1371988691437722
194,1.94,0.38857841939933696,700.386415856172,0.5531955333624954,0.6083953884789814,550.6094082875911,0.77301250244214,0.20172363896369488,300.2010747846596,0.36634075292685353,-0.6961473895913693,399.4060035043936,-0.4583367099078678,0.8455935719855452,200.84494471768147,1.0102106859487034,1.8480071926260628,101.84735833832197,2.0126243065892213,-1.9914838613292267,1002.1103899544012,-0.044919316885858006,-200.87908073236818,495.81271426119156,-5.700477328616241,-360.6295909915236,417.987065778405,1.024049592240975,-464.84568546958246,193.37796023853747,5.992039681622511,-493.5996600806154,47.81413555093938,-5.3571997827298485,-8.166834237656154,-181.55875029703014,11.186991866029423,-2.0442268615455954,-202.0568294580046,-1.8822826191653204,-0.05570207434166319,-200.05635092864577,0.7492260444811558,-1.174379133366679,-201.5160997399155,-1.3508337716482302,0.22591808091923418,-199.71752092949197,0.44774503877527627,196.08937155535614,496.568797887658,-4.944393702149816,342.8451776429223,394.22964247970725,13.123644032581854,465.2594825270769,218.97807372285672,-10.424831973661238,501.0365858208635,38.85291890469287,5.937157674047046,-0.864547753782423,-210.8941212300029,11.041246998860846,1.1669754454445558,-198.83338237290718,1.331592559407714,-0.8549883503048143,-200.8556372046089,-0.6903712363416559,1.0741532890578642,-198.92649556524623,1.2387704030210227,0.7057087351830607,-199.29494011912104,0.8703258491462191,-149.5473515816538,-107.41409889345627,-3.1344512174202603,-148.8050095064524,-457.4479305425185,-2.3921091422188425,-150.8934274923295,-909.2573662508439,-4.518769221080016,1.7554416941934337,-198.2454350968959,1.9200588081565924,154.96515540025274,-94.70076701958868,4.65895994152377,154.74790551506845,-444.8129210803263,4.441769097523665,155.5450914858916,-894.0157351095032,5.2390620327713,1.0416295602282761,-198.9590192940758,1.0105029420597895
195,1.95,-0.40469321196989716,699.5888755265998,-0.31636048069758915,-0.05360828283073055,549.946367447729,0.03472444844157763,-0.11319620517397999,299.88635936832355,-0.024863473901671818,-1.1460373159616908,399.0786059717358,-0.8821223482054943,0.5780685100305047,200.57762408352806,0.6664012413028129,1.140516399440071,101.14007197293756,1.2288491307123792,-1.8251329507013567,1002.3005612461931,0.20009553960899995,-201.63582023078033,495.8368493077216,-6.075457125147421,-362.1632915725264,417.7479710996208,0.8484026582497415,-464.97503998294354,191.98112075481606,4.8914730085545575,-492.5752508959895,46.60714183777563,-6.201096595488568,-8.445409304836577,-181.79424342709888,10.85680732194203,-2.113274924851894,-202.12611827530685,-2.0355136057604035,-0.6525320909808324,-200.6532259417298,-0.1243698952231106,-1.4619204131396808,-201.69677979825838,-1.6080026404836123,0.04373066270094916,-199.926091541034,0.16268561674071055,195.70577605446573,497.0291684379523,-4.883137994916701,342.1183075642521,395.39322261849657,13.06713685999782,465.2231759997603,219.5201148363683,-10.310211402241027,502.1763214662549,40.130095064260715,6.818440687036429,-0.3908638914026656,-212.7131032708616,10.473683586296762,0.6496811715735747,-199.35076325492886,0.738013902845883,-0.6824327692527837,-200.68287719575522,-0.5941000379804757,0.748512826830749,-199.2519315996717,0.8368455581030573,0.315534448293175,-199.68490997820928,0.4038671795654831,-149.42086425547086,-106.44805237823284,-4.001803495525355,-149.2579613047108,-457.1646694824333,-3.838900544765303,-150.6001339695566,-908.3012326282828,-5.193488599455327,1.6992774920472955,-198.30116693445518,1.7876102233196036,155.117810939575,-95.47898105325542,5.647894972255495,154.58149463166802,-445.76318558439823,5.11127939543719,154.77988046735123,-895.564799748715,5.3103627267850335,0.6592389418823492,-199.3412054846201,0.5748284358481317
196,1.96,-1.314832239693231,698.6646425373716,-1.2779760114288874,-1.0016837574046589,548.9963145033076,-0.9648275291403148,-0.7185709629565415,299.2793445639248,-0.6817147346921972,-1.5840452149689233,398.85244973193335,-1.2191581831966463,0.2084671345765749,200.2063826614579,0.24532336284091893,0.13591760495025168,100.13383313183157,0.172773833214596,-1.4642598065457655,1002.6860863628069,0.6141044597148881,-202.55444514511382,495.69518255133977,-6.588009990675506,-363.56286770411043,417.5493353090674,0.774278281122848,-465.54361951986755,190.07674775221443,3.4228759886264606,-491.8630008202399,45.138681582537885,-7.24829449460009,-8.928933240041022,-182.37681814917644,10.19174451244313,-2.093207652661643,-202.12813462570367,-2.0889136663135113,-1.4449248440199458,-201.44863576753426,-1.1741378115075896,-1.574287817304312,-201.70184557603812,-1.6629048746551165,-0.10154883624001587,-200.09086806772876,-0.051927366345785875,195.0444014582351,497.26581283303835,-5.017379708976832,341.1820352346693,396.2928108338026,12.7282023537321,464.8556527348741,219.747727473783,-10.417550316050466,503.3381909282563,41.3612097121573,7.623213971398037,0.011658644509940946,-214.46524936776063,9.90919829385631,-0.4430910241454431,-200.44517549726407,-0.40623479588109895,-0.5446905885318829,-200.54677506165052,-0.507834360267539,0.37999270295599785,-199.62209177016263,0.41684893122034195,-0.28279099974722977,-200.28487547286588,-0.24593477148288578,-149.50008989841774,-105.89695605661558,-5.045497590859229,-149.94297010976672,-457.11600999222816,-5.488377802208205,-150.47657847193418,-907.536057132387,-6.025125266525631,1.254341439696657,-198.74774303342198,1.2911976679610013,154.82949339132503,-96.76916587267934,6.217428565723171,154.02818717370323,-447.09946528254045,5.413324158361724,153.67282564598116,-897.4548268102625,5.061504805901348,0.09067037274782624,-199.91141410037085,0.008802026027750542
197,1.97,-1.9482556500418453,697.9970209678831,-1.936283823454538,-1.7731939012867202,548.2163324634196,-1.761222074699413,-1.2572429935581644,298.73227068350405,-1.2452711669708567,-1.8292263247838307,398.8428424929557,-1.3399724953621706,-0.056547925848018155,199.93296575121423,-0.04457609926071071,-0.6492123215158047,99.34030135554639,-0.6372404949284969,-1.1609820300124065,1003.0197499422111,0.9431989105804371,-203.41700756821484,495.59978224948713,-7.01902590219939,-364.56216736183984,417.6486018437778,1.0646773267558238,-466.25843588402256,187.96395564355961,1.8459020077696444,-491.2449076328263,43.633393684601366,-8.266240343964718,-9.44887466922128,-183.1473935653175,9.450489450012372,-1.948660930007589,-202.03726001059434,-2.0148018610692633,-2.1503224817659286,-202.16906860135617,-2.0484155789103986,-1.2760755961783832,-201.33886696637342,-1.316408816848305,-0.14722918340239255,-200.1535712391486,-0.1311130896235171,194.28540964208227,497.38595571576593,-5.23285243592059,340.2759291504519,397.13371444340146,12.321395443549994,464.3270139686026,219.70489794915,-10.699086523931205,504.748343438755,42.731191647974825,8.541774608750417,0.5693788646979028,-215.95810642261188,9.543469752437531,-1.56937373416451,-201.57986005710228,-1.5574019075772023,-0.4207254767347102,-200.43116769408113,-0.40870954455602887,0.18814407335022643,-199.82234224958756,0.2001158999375341,-0.8109752644689165,-200.8214615874067,-0.7990034378816092,-149.6297361645529,-105.54278417997438,-6.105638010438611,-150.26216190592416,-456.708350638008,-6.738063751809884,-150.4031771452589,-906.8016512328832,-6.879697117007586,0.7691133175678662,-199.2413730053699,0.7810851441551738,154.35241597124158,-98.24785494013682,6.618873443394458,153.21950674336895,-448.69545330649083,5.4729133702267045,152.65277410114788,-899.2621859487119,4.920314065847915,-0.3186508810600023,-200.32913720399773,-0.37022774007916537
198,1.98,-1.9872187422847274,697.8886613390534,-1.984085931911999,-1.9669160187122476,547.9916097695277,-1.9638890669168683,-1.2891888982430895,298.66933688999677,-1.2861619464477094,-1.6926631729748818,399.10520083616416,-1.148804857991118,-0.02468004897969661,199.9338457392602,-0.02165309718431732,-0.7922310965694456,99.1662946916704,-0.7892041447740663,-1.1881669117849385,1003.0444941346792,0.9251577181623851,-203.9676682301424,495.7897072363321,-7.123934980899731,-365.01863752105726,418.1690070857306,1.846808055630874,-466.5736001889069,186.17881749846833,0.6098592400041086,-490.4362933251855,42.37116496117871,-8.96887002657788,-9.68423124560521,-183.803065035724,8.947032862234892,-1.553447477316746,-201.74085553277848,-1.6963543692229597,-2.4369993212611747,-202.51114166249755,-2.434761291166407,-0.522671993518043,-200.58112716792553,-0.5366260043700183,-0.06749839234113131,-200.10792476925965,-0.06342360570412908,193.68889150803952,497.52897569899307,-5.384666518238764,339.6599648059921,398.1276736467372,12.066302020705596,463.9905151722734,219.66456062431843,-10.875172279081571,506.48804159562417,44.35560814920328,9.693801803584368,1.549134912997066,-217.00839967823657,9.561916456277029,-2.1134383345918453,-202.154912546352,-2.110411382796466,-0.1487401986368236,-200.1899268058134,-0.14542564225790044,0.42830715033834355,-199.6131670614218,0.43133410213372314,-0.9835633583681248,-201.02503757012823,-0.9805364065727457,-149.5977485398173,-105.05478667217629,-6.978012654101685,-149.86694882145883,-455.6074701920746,-7.247212935743242,-150.13889934852,-905.8657769580606,-7.519258255475632,0.5833059728162051,-199.45816823894395,0.5863329246115848,153.9745026838144,-99.52480186342056,7.126890913448893,152.48016824935385,-450.24257735528136,5.589823539419424,152.06186719494866,-900.6606860034572,5.215482049338403,-0.3226154058755514,-200.3640896176357,-0.34607948750999995
199,1.99,-1.4367797103461903,698.3152219297974,-1.4354933835621706,-1.584038364071497,548.2882120700694,-1.5834423219227065,-0.6121145660963313,299.26013586804453,-0.6115185239475405,-1.1352876766302402,399.55249734438974,-0.6574096316470965,0.26200809900713495,200.134258533148,0.26260414115592545,-0.2613272540324896,99.61092318010836,-0.26073121188369874,-1.6033453945628735,1002.7354749301248,0.5118692997495863,-204.10181313368614,496.3359212170375,-6.808159453797094,-365.0445285588484,418.9624176773399,2.9945624929000303,-466.0840309215672,185.09790707483856,0.055351527324290384,-489.36485003037694,41.40203522460334,-9.2820845250282,-9.45961309227114,-184.20168738892266,8.810925881090071,-0.8351226015739284,-201.17520465712113,-1.04685904911319,-2.1390436407274818,-202.36741812942205,-2.23101219540552,0.391755193734524,-199.74028783185673,0.3880577761511816,0.1495920633845046,-199.97795117156062,0.15039443644729644,193.41748528200992,497.77177358726846,-5.37230708356619,339.36170824320743,399.2683165119307,11.982621999576029,464.03061000427215,219.82801067077696,-10.710249232131092,508.38078217418445,46.118016554298634,10.985357736475597,2.9839983038558127,-217.64462471397732,9.956747534872385,-1.8301748569727585,-201.95792442283192,-1.8295788148239678,0.3916449969689911,-199.7346439922979,0.39370161571003004,1.153796506665629,-198.97395305919355,1.1543925488144198,-0.7298139460783976,-200.85756351193754,-0.729217903929607,-149.24197114195078,-104.21653839536252,-7.5070989377500394,-148.7899394968576,-453.87310009728344,-7.05506729265686,-149.49461620980458,-904.5842202934678,-7.759744005603805,0.6821283315754344,-199.44562123428372,0.6827243737242253,153.84837474158553,-100.42097942014652,7.881990656212697,152.05458430598992,-451.52945899422355,5.9816667132046,151.9775670924128,-901.6052215615799,6.01226549958715,-0.01945593845657173,-200.1472055043157,-0.02746027567364745
200,2.0,-0.6320864643234919,698.9251985234207,-0.6284895036669045,-0.9738557459852362,548.7196889766602,-0.9737643399612701,0.512275559435093,300.2058202820806,0.5123669654590594,-0.3655511867218491,399.9545311971423,-0.037428977189949586,0.5844273005234636,200.27797202316896,0.5845187065474293,0.5650767411505506,100.25862146379603,0.5651681471745169,-2.1959656938538217,1002.340372818946,-0.08153281052316655,-203.97736071968714,497.0424225290793,-6.234809107456157,-364.9654390571005,419.66323237867715,4.173598440896112,-464.8247577287824,184.6530679414966,0.14376659555333018,-488.2062170092696,40.52298248435132,-9.375803500294158,-8.890479881125856,-184.4947192319628,8.891225313749672,0.03962858067974617,-200.5074309289006,-0.20088424552213202,-1.391772230296917,-201.93961414899866,-1.6314802933230945,1.0275594014334803,-199.27974130826934,1.0268053751091701,0.4828883794882446,-199.82353525599584,0.4830114273826863,193.4179840215287,498.0751927383252,-5.201847687164692,339.12146313330425,400.32230237205056,11.872481448169369,464.2821499253247,220.09824509717305,-10.25246302269684,510.091681521704,47.7079424276223,12.138054519742823,4.61639282891584,-218.1247182528798,10.500473391576596,-0.9422866538738791,-201.24874193122844,-0.9421952478499132,1.05302574964707,-199.24765283522544,1.0588938481530805,2.1319608212023873,-198.17449445615216,2.132052227226354,-0.25428330908469365,-200.56073858643921,-0.2541919030607275,-148.5314170264569,-103.0291121249814,-7.6637323540547495,-147.31955560136657,-451.8146159721768,-6.451870928964416,-148.53007624647324,-903.0656284386741,-7.662391574071076,0.770925757969317,-199.53552951938525,0.7710171639932832,153.97192075659373,-101.03542456396676,8.874626332008255,151.94472845659362,-452.59161005620615,6.638572057985762,152.23602328188957,-902.293943611658,7.139472842826125,0.2289206927875745,-200.077534584567,0.22683758236890722
201,2.01,-0.00024119134351069382,699.3069761816078,0.013623546184896862,-0.4921533851227934,548.9353127818258,-0.4921533851227933,1.4782850599283952,300.90575122687704,1.4782850599283954,0.261264804528693,400.0694737709114,0.4368470410125818,0.767619215960919,200.1950853829096,0.7676192159609189,1.1632118706507604,100.59067803759939,1.1632118706507604,-2.660192647715813,1002.1599515772864,-0.5477060858792723,-203.93520967730635,497.57237181215396,-5.746959058230633,-365.11298340987616,419.94236616170497,5.046923544891458,-463.21758459680086,184.4316191229368,0.4798735280664979,-487.18286675422485,39.525610956090986,-9.464694850069154,-8.255531928908278,-184.95196952049184,8.894463753587594,0.7310387913770822,-200.05382753136237,0.5187063016890302,-0.545418104295446,-201.56892155422184,-0.9961443204154719,1.1480949413329586,-199.42456854296813,1.1479652900832191,0.804063344556046,-199.76847048849535,0.804063344556046,193.44911186318296,498.3055800976865,-5.012503920055915,338.57372130286666,401.0303781396343,11.47307704561927,464.3617653186041,220.1662651254071,-9.809780783503527,511.3262467326322,48.84278832770972,12.86256990948612,6.105319664964153,-218.71959334253307,10.913969365380073,0.10817129846936213,-200.46436253458205,0.10817129846936213,1.4640430598066994,-199.09069730773047,1.4818365253209098,2.9789670088644753,-197.5935668241869,2.9789670088644753,0.13666210004975077,-200.43587173300165,0.13666210004975077,-147.57720093170977,-101.63279754699175,-7.557811500471983,-145.81856976238447,-449.75679133446414,-5.79918033114666,-147.55943091552703,-901.6246775298855,-7.540041484289231,0.6056867360040485,-199.96684709704732,0.6056867360040488,154.2042496037441,-101.62278342249654,9.959488822079912,151.977530956954,-453.5973902925225,7.401849043579609,152.55965587527288,-902.9900651312118,8.315293320362004,0.1270259627436116,-200.44550787030775,0.12659777506813352
202,2.02,0.1773766015634346,699.2616990829933,0.22008299970426215,-0.29475778038360023,548.8722104079482,-0.2947577803836001,1.7391042697027985,300.9060724580346,1.739104269702799,0.44264017483189244,399.79261646488453,0.5158337405522357,0.7710486728159189,199.93801686114776,0.7710486728159192,1.1702525220266051,100.33722071035837,1.170252522026605,-2.7871239532331975,1002.3101465338524,-0.677431810986109,-204.29433136046202,497.6985934921362,-5.664727545935479,-365.6304394766787,419.74730674911706,5.46737798898878,-461.77491306823595,184.01837180676682,0.576549574217764,-486.40018627904203,38.40570384807372,-9.646211794558875,-7.810355402528598,-185.72835235713742,8.563076513301029,0.9874089117277901,-199.991556743642,0.8414750680261971,0.010057711450841833,-201.47913102102416,-0.6460992093559654,0.8416224386145931,-199.9914093730536,0.8416224386145932,0.8555839213150036,-199.97744789035318,0.8555839213150039,193.21327597642662,498.321505610906,-5.035483386971392,337.4729387422508,401.28871980636427,10.590431537532709,463.9097576609488,219.7750998694998,-9.742531169572771,511.9581284058601,49.465937189882744,13.009182080148651,7.253739431377304,-219.50677284859057,11.025264862015288,0.9233185632351897,-199.90971324843304,0.9233185632351897,1.3272874517301787,-199.46306005512196,1.3699717565462737,3.3520729942336054,-197.4809588174346,3.3520729942336054,0.22531310774025237,-200.60771870392796,0.2253131077402524,-146.58538719021016,-100.17081829315826,-7.3930383980778975,-144.64626956285775,-447.9286181012941,-5.453920770725524,-146.93630072837493,-900.5236557736315,-7.743951936242664,0.14877524221195115,-200.68425656945627,0.14877524221195138,154.261517074577,-102.45076467878397,10.849617992341916,151.94574932032918,-454.6614366085852,8.095385086495336,152.65330661451225,-903.8762571013422,9.241573537885811,-0.34050157896451727,-201.1735333906327,-0.34056724367129354
203,2.03,-0.12099111566989718,698.8908231164455,-0.01854379227554459,-0.3433164444044077,548.7127348468482,-0.34331644440440734,1.1808925594041564,300.23694385065687,1.1808925594041568,0.07981798538050922,399.2054092576062,0.10358045708637442,0.6165693720515091,199.6726206633043,0.6165693720515093,0.5653332251363763,99.62138451638904,0.5653332251363763,-2.544272261083468,1002.6794313062164,-0.43813637179415466,-205.16972558904422,497.4480619543341,-6.104902081545076,-366.4137087804462,419.3243131079263,5.535726108209517,-460.8061035048926,183.25240607388577,0.13964247440698396,-485.8630299630023,37.30976709614918,-9.918170439239715,-7.694725212408638,-186.81016080249796,7.760743166929155,0.795669446183226,-200.22639202021304,0.7175566885342444,0.0035859375212689004,-201.68388597100733,-0.7399372622600565,0.36302065131320504,-200.58092805743405,0.36302065131320504,0.4103379068856378,-200.53361080186164,0.410337906885638,192.55102156896257,498.1008062194543,-5.427114111643969,335.8483309756636,401.2134804067692,9.19982227965249,462.75019745133216,218.87422420755465,-10.266015351632017,512.0673040960907,49.77344281195866,12.630356661538086,8.090641463009508,-220.37097063820204,10.804849381642649,1.3111575172881187,-199.63279119145915,1.311157517288119,0.6597257690977887,-200.20447815973102,0.7394705490162634,3.0932348283664712,-197.85071388038082,3.0932348283664712,-0.056287004956485795,-201.00023571370377,-0.056287004956485726,-145.75705436059215,-98.71469095941947,-7.367952790369271,-144.09963751242947,-446.4877419840084,-5.710535942206604,-146.81498748099588,-899.7729191259322,-8.425885910773006,-0.5213656979042205,-201.46531440665152,-0.5213656979042205,153.85361844110903,-103.66997666727016,11.252191198177083,151.7237717914831,-455.76592671485525,8.617240006183833,152.29258841560733,-905.0106810648839,9.69121506680581,-0.9750552735782365,-201.91900398232553,-0.9750552735782366
204,2.04,-0.6400488868103497,698.5084785517048,-0.4486520890290992,-0.4409093295336196,548.7260588587982,-0.4409093295336194,0.19432721416945814,299.3612954025013,0.19432721416945853,-0.6388218561699728,398.5490162072364,-0.6328137624285397,0.35424170428920587,199.52120989262107,0.35424170428920626,-0.31554902956924263,98.85141915876248,-0.3155490295692427,-2.0836137303716207,1003.0435641268527,0.018199204997801255,-206.385629466938,497.0645064962083,-6.895678974284257,-367.1729826343674,419.0339607638533,5.53886264925225,-460.26208634313366,182.25977848060987,-0.7719624950400239,-485.5529650299207,36.33494168258956,-10.256189219419504,-7.8654624274574765,-188.0789961762364,6.536110256125828,0.32556549892385844,-200.54002855466052,0.29300325700764623,-0.5566896503455012,-202.0458783828205,-1.2128465711523084,-0.046301753004803825,-200.87928938480803,-0.046257573139844466,-0.4710497798308706,-201.30408159149908,-0.4710497798308702,191.616439800767,497.82248533719155,-6.060560091875802,334.055322644749,401.1228680005793,7.550507327429106,460.97653906437256,217.60883533704188,-11.323207617178008,511.9331060793098,50.09667212329576,11.986051530121603,8.80496006176276,-221.15844219471785,10.333974609274492,1.3859915203740443,-199.44704029129417,1.3859915203740445,-0.20092926654107063,-200.9179331080673,-0.08490129639907212,2.2974107733650877,-198.53562103830313,2.2974107733650877,-0.6108211498596905,-201.44385296152788,-0.6108211498596904,-145.1627596260856,-97.26724377020109,-7.5505442753820375,-144.23648521742774,-445.5118757164921,-6.624022341861736,-147.05733662950354,-899.161820773619,-9.445121278799988,-1.2885086350321282,-202.12154044670035,-1.2885086350321282,152.9491791425635,-105.20931921837484,11.133324294550953,151.34530674508915,-456.806019076641,9.010487912430243,151.4646826909049,-906.3373102555423,9.648841469462491,-1.53566092270143,-202.36869273436963,-1.53566092270143
205,2.05,-0.9844838817699535,698.4369954502508,-0.7060031842128182,-0.33596053855556185,549.091505628393,-0.33596053855556146,-0.6383595060611305,298.7891066608875,-0.63835950606113,-1.2833756397166243,398.1490312378206,-1.2821925759132147,0.10115587239493884,199.5286220393436,0.10115587239493906,-0.980446478267366,98.4470196886812,-0.9804464782673661,-1.6756302525340263,1003.2043032583838,0.42108843730494405,-207.51855994944535,496.89129414098386,-7.621114631309252,-367.6104966368563,419.10063476586475,5.771977016853052,-459.79481207160245,181.32149391201762,-1.7999919027211337,-485.44800434943744,35.43647351804996,-10.63355865643744,-8.082959460167967,-189.37921134237365,5.13566652152475,-0.2121519031134136,-200.79525714834563,-0.22272331529423106,-1.3378707496667999,-202.36137419959317,-1.7888403665418153,-0.23294738556611566,-200.80519312970932,-0.2326592966579561,-1.3869293347788278,-201.95946316783022,-1.3869293347788276,190.80786452338674,497.7658285776311,-6.561530855111433,332.6365715147951,401.4155666675991,6.116804610264409,458.93224635234765,216.23431067194647,-12.5866107680753,511.9214697403749,50.731977719095674,11.446060299556283,9.572855678038588,-221.8154686214201,9.738831171151649,1.4686328388367647,-199.1039009942146,1.4686328388367649,-0.7836157990555617,-201.22467271722806,-0.6521388841766719,1.2360839604726066,-199.33644987257878,1.2360839604726066,-1.1972310566659359,-201.7697648897173,-1.1972310566659354,-144.70758479964604,-95.80650432973559,-7.8433982643357485,-144.74681926489004,-444.90625261364244,-7.881018664723866,-147.32025952550802,-898.4191790555976,-10.456072990197766,-1.97808755541572,-202.5506213884671,-1.9780875554157198,151.831251529039,-106.8313946784964,10.773624930820036,150.95978522170375,-457.70854756802055,9.429711717759728,150.4151935984715,-907.739593482191,9.35756968348327,-1.8556474270782,-202.42818126012958,-1.8556474270781997
206,2.06,-0.9096999166263303,698.782331097096,-0.5941399449804918,0.052410218911990714,549.7459549415574,0.052410218911990825,-0.9867526662010357,298.7067920564445,-0.9867526662010349,-1.4428619432300083,398.2516041326491,-1.4426805145196608,0.0031401985531901433,199.6966849211987,0.0031401985531903653,-1.118771301362725,98.57477342128271,-1.1187713013627245,-1.53926203826812,1003.0866967788844,0.5515868038694218,-208.1114413901963,497.23270845011206,-7.832604716850733,-367.6422671365566,419.4635547056439,6.316871531865723,-459.02491364867353,180.67992764279785,-2.5506908417064347,-485.51488368542704,34.50816209493979,-11.013554387082351,-8.067936697625838,-190.59536212547226,3.846630078941163,-0.691932421438159,-201.00106057037559,-0.694605293021042,-1.8971193387651955,-202.4449612574669,-2.138505980112378,-0.1669061094048757,-200.47189835056383,-0.16544307320927837,-1.8745781307635312,-202.18103340811808,-1.8745781307635307,190.43819847072808,498.09060403134265,-6.628991455079461,332.0083710407421,402.3569572372327,5.311546708221832,457.0058442505216,214.98376573786805,-13.661658102164044,512.2553636829467,51.798487755325624,11.275047329619365,10.400322353179199,-222.4099408109132,9.096199103490276,1.754831725888053,-198.5516235514665,1.754831725888053,-0.7632253321459975,-200.95365263935852,-0.647197362003999,0.18629227551136696,-200.1201630018432,0.1862922755113669,-1.5663636993814087,-201.87281897673594,-1.5663636993814085,-144.25864786576108,-94.34355946257796,-8.111215867036849,-145.1421111144863,-444.3979290662521,-8.986482218070776,-147.2668831084639,-897.3517947052808,-11.119451109739693,-2.3811023052747067,-202.68755758262924,-2.3811023052747062,150.82249008878023,-108.34477645521156,10.493137470826017,150.67361056189347,-458.5226048957216,9.975856562456652,149.46302276271382,-909.1304283879517,9.133893079714507,-1.9036142300419598,-202.2100695073965,-1.9036142300419594
207,2.07,-0.5003853988579674,699.3715669683231,-0.2219047013008319,0.5294165166551952,550.401666950796,0.5294165166551953,-0.9273481054548284,298.94490232868606,-0.9273481054548282,-1.0220420326049384,398.85032187263664,-1.0220420326049382,0.11720760787008361,199.98945804201105,0.11720760787008361,-0.781029634042395,99.09122080009845,-0.781029634042395,-1.6931323100916265,1002.7650630198365,0.39106705474278547,-207.9688636181395,498.1914373428809,-7.334191543005538,-367.43672400114474,419.8609394190467,7.003405953521527,-457.8060836610936,180.39985821021924,-2.8622224023705245,-485.71474868668105,33.499444830305194,-11.355149884485355,-7.707439250098313,-191.71354892577256,2.7908960791888138,-1.1075516819825864,-201.23582756746274,-1.1080780016035776,-1.9964938665019971,-202.22486835519655,-2.0971187893373955,0.06589936640398261,-200.05606377905318,0.07168578680597958,-1.7449796014398855,-201.87272916729904,-1.7449796014398853,190.5198877218597,498.767962813023,-6.254649815794999,332.2134134955076,403.92113890527776,5.205299024735153,455.3844445875535,213.9439271612734,-14.344271687423625,512.8626326418957,53.19173349444008,11.46338112318811,11.150554489372642,-223.0421512984106,8.399851194734158,2.102437861767604,-198.02531170409156,2.102437861767604,-0.16117037922409969,-200.20917516516477,-0.08142559930562501,-0.6587932082209829,-200.78654277408015,-0.658793208220983,-1.6369775350855456,-201.7647271009447,-1.6369775350855456,-143.79557129088602,-92.95068187132952,-8.331290312873072,-145.13145613279607,-443.71673953988227,-9.634755795524041,-146.7734177763208,-895.9285283567643,-11.309136798307858,-2.382462682640262,-202.5102122484994,-2.3824626826402615,150.0307949991922,-109.7304850802203,10.396664256224602,150.47825608006843,-459.37299534736576,10.608512923695937,148.76701336439257,-910.4881063039365,9.134333656710801,-1.7987916016998453,-201.92654116755898,-1.798791601699845
208,2.08,-0.04362341344005688,699.9148566647511,0.1477733843411934,0.7951408024758143,550.7538172668704,0.7952914786305555,-0.735775913362773,299.2227498748772,-0.7357759133627728,-0.2789435643106408,399.6795822239293,-0.27894356431064077,0.36240166173511923,200.3209274499751,0.36240166173511923,-0.2548808260757646,99.70364496216412,-0.2548808260757646,-1.9702799487443592,1002.4114091002258,0.10648656782340213,-207.3121607590183,499.5600963098305,-6.327890013464714,-367.20221893830785,420.07934882008317,7.622477443993059,-456.285936565622,180.34692799902626,-2.8777878742212506,-486.01187341666,32.44353957628808,-11.621723067396408,-7.075497135131883,-192.79229792685445,1.9043124920023644,-1.4882611387700297,-201.5298160642582,-1.4883418524980563,-1.7288497069801725,-201.80299204821654,-1.761517836456428,0.3371003356703512,-199.6865504464726,0.3549237652875053,-1.157010398079179,-201.1984846098393,-1.1570103980791786,190.88140733796922,499.70680946920356,-5.611184760527031,332.91740837202667,405.79017861910756,5.488751550739572,454.0048187159246,213.04158041103545,-14.690974388223813,513.4801748265374,54.67446205168115,11.781096924663489,11.71713125444845,-223.7378718445163,7.630614519214408,2.18342591290424,-197.85804829885592,2.18342591290424,0.6871281303825918,-199.31166177656144,0.7294523994600444,-1.2143564743711106,-201.25583068613122,-1.2143564743711108,-1.5658693275323956,-201.607314453153,-1.5658693275323956,-143.4053770912734,-91.71967582841972,-8.588409867736813,-144.7983747006164,-442.80766693094256,-9.8815488204588,-145.98697193819038,-894.3012706753368,-11.17000471465378,-2.0963888655960803,-202.1378630773562,-2.0963888655960803,149.38022143773804,-111.06885792305562,10.402352215846776,150.31619241757514,-460.34871698715267,11.22600497375624,148.29377911930538,-911.8074216176024,9.323278862633247,-1.7639811948670507,-201.80545540662715,-1.7638911960373702
209,2.09,0.21924418749079255,700.208757864553,0.3216915108851447,0.6783595578115159,550.6688557668247,0.6793420897623309,-0.6335147232695459,299.3559989537928,-0.6335147232695458,0.39817511314933624,400.38768879021166,0.39817511314933635,0.5672751747802628,200.55678885184258,0.5672751747802629,0.16340814423130334,100.1529218212936,0.16340814423130337,-2.1539531673037464,1002.2053327604946,-0.08540632242374202,-206.64727458910846,500.8998064605067,-5.28941440172692,-366.99533985163987,420.09967410237823,8.118656068278117,-454.76393118968946,180.27900507728776,-2.9157628577118553,-486.3658933301643,31.419551077398026,-11.773252719119512,-6.2974885609772375,-193.88564443094307,1.07224483169633,-1.815637230238801,-201.82612355317656,-1.8156372302388009,-1.3935795574187715,-201.4125147928015,-1.401839354071245,0.5243829850304851,-199.4433471529449,0.5671391699928376,-0.45554296719270637,-200.46602929013045,-0.4555429671927064,191.3476380123928,500.81193085402407,-4.874273751141057,333.5996191668619,407.48985162617987,5.6541459161202745,452.70850825184414,212.15190652279608,-14.875047024287468,513.9036572655793,56.05087630345059,11.997828742636456,12.105160174919956,-224.44394060661122,6.806464663613011,1.7849639157510506,-198.22552240718673,1.7849639157510508,1.3406663672013746,-198.65214757774396,1.3559910172652379,-1.5528510029954976,-201.56333732593325,-1.5528510029954976,-1.6618283319586316,-201.67212498944184,-1.661828331958632,-143.16534402180582,-90.6903924602661,-8.957720878317804,-144.4504049531825,-441.8483494450471,-10.003235050000773,-145.19327442525724,-892.71836454557,-10.985652986332294,-1.8658848424696273,-201.87637116540736,-1.865884842469627,148.76913951340603,-112.42434222187788,10.395279561910833,150.10010533122164,-461.49660001113466,11.719118884117515,147.9322904573327,-913.0749852687788,9.58757532864776,-2.011594373529851,-202.02208069646758,-2.0110075074404645
210,2.1,0.21112598059942966,700.2090611011831,0.2538323787402565,0.21066248778491226,550.2135873173322,0.21565219674856806,-0.7086296987660048,299.2893054218177,-0.7086296987660048,0.7261226899926903,400.72396360178925,0.7261226630409106,0.5412316481202348,200.5391667687039,0.5412316481202348,0.2766069694606837,100.27454209004432,0.2766069694606836,-2.105860933846585,1002.2523932225154,-0.04632374489871954,-206.44050262609252,501.7916187703174,-4.670132151692258,-366.75876571001027,420.0126593824927,8.553227916695851,-453.4801439867965,179.99196860525484,-3.248660176843944,-486.73320650653955,30.50473720561547,-11.76742642775049,-5.458506188177543,-195.02007530144124,0.2211304957341499,-2.0506006877553618,-202.05266556717177,-2.050600687755362,-1.2620227954709313,-201.2669473151588,-1.263649245866616,0.507673705133489,-199.41451210457177,0.5875527748446286,0.01997082746553036,-199.98209405195084,0.01997082746553025,191.741415165589,501.8946419400952,-4.221391301373744,333.83040012670335,408.6250952385426,5.277342252247223,451.41841132055566,211.2274707582242,-14.999326997832991,514.10411340617,57.26614290801871,12.028934189770037,12.343294628853279,-225.12449972828685,5.932894357354424,0.9668995180390167,-199.03516536137738,0.9668995180390169,1.458462534377922,-198.53861524238383,1.4515268908261207,-1.841367413913001,-201.84343229332939,-1.8413674139130012,-2.166265598903794,-202.16736727766522,-2.166265598903795,-143.09013747490508,-89.84442265911002,-9.451862322947896,-144.3479492942086,-441.06122813624427,-10.262149807442011,-144.62012256736259,-891.3746795513878,-10.981858530552827,-2.0296220785727517,-202.03168695798914,-2.0296220785727517,148.1329671345237,-113.82898419417484,10.285856345539383,149.67586262776138,-462.87277558739896,11.946426178353793,147.57960261963416,-914.3047264960046,9.822264204928654,-2.5899004667680643,-202.59196534618445,-2.58692011484745
211,2.11,0.007051849456071374,700.0067351899418,0.020916586984478736,-0.41845961190535985,549.6009584103565,-0.398724930129056,-0.9341443628625602,299.0655389776231,-0.9341443628625601,0.6529949125486321,400.65206393457385,0.6529947368009508,0.19031676799608085,200.19000010848168,0.19031676799608097,0.012780748430788243,100.01246408891637,0.012780748430788198,-1.8457928932627392,1002.5168971989814,0.2039417889431177,-206.8362567614733,502.0908228587706,-4.630349494020769,-366.41944054842565,419.90831929768626,9.004226341096102,-452.4529184057868,179.45120781592559,-3.9080372244383392,-487.09565179831924,29.733999614178362,-11.58773853421339,-4.59679433429073,-196.20700734319712,-0.675044634569342,-2.1843524135556693,-202.1846690730701,-2.1843524135556693,-1.3647720254928775,-201.37160076419548,-1.3650214497393827,0.23412592923901449,-199.64996736963798,0.3503492898764115,0.09684211463725267,-199.90347454487716,0.0968421146372524,191.87601985146364,502.6965765610995,-3.839546452141313,333.5486371035115,409.14983776901926,4.300044720033102,450.2259575159558,210.37263966625315,-14.990670237674017,514.1382066595719,58.354117907107785,11.895618490204859,12.432158097493478,-225.78582309090774,4.990473740476574,0.038381941536928754,-199.96193471797753,0.03838194153692884,0.9665528892427572,-199.03631306169052,0.9168482218295588,-2.1006147546414113,-202.10093141415587,-2.100614754641411,-3.011365055088496,-203.00787218211298,-3.011365055088496,-143.15009216612327,-89.13535152016794,-10.039237482768174,-144.5295801181718,-440.5057830368612,-10.767621644768472,-144.3124754205561,-890.2991150879816,-11.201677184577267,-2.5728559097769916,-202.5731725692914,-2.5728559097769916,147.45382282944618,-115.28491768761644,10.028202498317414,148.95359662602988,-464.44994722886145,11.845305642648981,147.20974334814346,-915.5037969259274,9.999475747752944,-3.2942692436544534,-203.2945859031689,-3.2824817231471206
212,2.12,-0.2309346920206216,699.7690653079794,-0.22742913738800047,-0.942097293127001,549.1186898061885,-0.8813101938115943,-1.185391306310808,298.81460869368925,-1.1853913063108081,0.38462410328868535,400.38150433672456,0.38462321076831485,-0.3521571238983614,199.64784287610166,-0.3521571238983614,-0.5309163229120714,99.46908367708792,-0.5309163229120714,-1.5572401982297865,1002.8101018275229,0.48189655663207503,-207.61461799193563,501.9910970945998,-4.981532099790822,-365.8876575208718,419.8830274615717,9.560595988571219,-451.4641864836333,178.8273182469767,-4.65042679877841,-487.4765237096474,29.09059795989606,-11.25894476601373,-3.695453926673922,-197.4202386523452,-1.5865434626991792,-2.204491605674656,-202.20449160567466,-2.204491605674656,-1.4513928589657892,-201.47616213974936,-1.451392858965789,-0.17385682431556237,-200.0421585029991,-0.04196580170301848,-0.11676510189890088,-200.11676510189892,-0.11676510189890099,191.7018470126161,503.11668080834784,-3.778614141932235,333.146770540277,409.4606442040101,3.117261479091092,449.3482120947889,209.80682296752315,-14.637324209110755,514.0279467171958,59.338199603822886,11.619601555116478,12.442453640676625,-226.3616345409019,4.043336253775193,-0.5996876289418317,-200.59968762894187,-0.5996876289418317,0.1693281871527319,-199.84624354389638,0.008507672448751835,-2.10300556677163,-202.10300556677169,-2.103005566771629,-3.800308418361623,-203.78857423219964,-3.800308418361623,-143.25483351165872,-88.46534839287011,-10.627606733450389,-144.8083019635475,-440.0222209724044,-11.44343722330694,-144.12135020414473,-889.3373243306789,-11.494346679640364,-3.0428622698975962,-203.04286226989757,-3.042862269897596,146.81056371697244,-116.70814620799848,9.702954814120664,148.1222871295156,-465.9831096819171,11.614377402676428,146.92480868922195,-916.5875296164968,10.219531654993872,-3.7706959560950475,-203.77069595609504,-3.7343878368213943
213,2.13,-0.3618135730444186,699.6381864269556,-0.3611232884091896,-1.1544144067092816,548.9914062640304,-1.0085937359696282,-1.2875503589504171,298.7124496410496,-1.2875503589504171,0.2651325576875707,400.2527936415688,0.26512902770102786,-0.7798130270517026,199.22018697294837,-0.7798130270517026,-1.0996917517194094,98.90028568681765,-1.0996917517194096,-1.4678470815347047,1002.903238307102,0.5598940547688421,-208.41197246521284,501.8366046617915,-5.381029469157513,-365.08000942589797,420.02308576101314,10.292623197400978,-450.226162726628,178.38543342977388,-5.143466838047514,-487.91164270717036,28.540557481311673,-10.819170184413737,-2.681950081038395,-198.5806942817025,-2.4274829654225734,-2.055235924951371,-202.0552359249514,-2.0552359249513716,-1.2173272501458154,-201.29362200615105,-1.2173272501458152,-0.4688451294900621,-200.35262176885269,-0.35136519855687154,-0.2995844199569253,-200.29958441995694,-0.2995844199569254,191.40536639047713,503.33895011264605,-3.85237395293853,333.18588017540014,410.1186810341313,2.292735154801485,448.9670069887904,209.71000719057974,-13.756708036358813,513.7584009929523,60.216999540622425,11.20225259172646,12.560199980690193,-226.6665648297557,3.2792941248348373,-0.7028743030852646,-200.7028743030853,-0.7028743030852648,-0.38002476212240266,-200.42883084935931,-0.7772645679477979,-1.6370455188064574,-201.63704551880647,-1.6370455188064574,-4.116820821121944,-204.08867197184318,-4.116820821121944,-143.24019348427922,-87.66474853014532,-11.050976302261901,-144.923633753657,-439.3646892964454,-12.083944004035661,-143.80268555946998,-888.2440562647618,-11.614156047273145,-2.92627962353057,-202.9262796235306,-2.92627962353057,146.37268821878524,-117.92811185319643,9.543287019306597,147.55889774051545,-467.1451259385386,11.603104160428794,146.86659083430035,-917.4329545914605,10.622579049496451,-3.7648412209194104,-203.76484122091944,-3.677742570623435
214,2.14,-0.35352062718229793,699.6464793728178,-0.35341476860494897,-1.0498886013887168,549.2225402772308,-0.7774597227693039,-1.1313434361729433,298.8686565638271,-1.1313434361729435,0.508974419491128,400.4709678821648,0.5089635463671031,-0.8782385286858868,199.12176147131416,-0.8782385286858868,-1.4222530530050583,98.5775998277764,-1.422253053005059,-1.6694980333269964,1002.7040962044432,0.34604782406740153,-208.9859278502582,501.8682707322416,-5.591167919627853,-364.0310628346852,420.2963725516095,11.145596780204906,-448.6248725582306,178.2743470167229,-5.2422158208389655,-488.4172550709885,28.064097944195527,-10.29179763858114,-1.5006924540444562,-199.6235470346567,-3.1285168742818077,-1.6954666140138217,-201.6954666140139,-1.6954666140138217,-0.6128034979192012,-200.79582510315942,-0.612803497919201,-0.4966537442899221,-200.41677467457882,-0.410393284067069,-0.18024101968668205,-200.18024101968672,-0.18024101968668238,191.2492222074069,503.64826538565535,-3.798410116323377,333.9207613284756,411.378354143856,2.0842425620587997,449.0637550678663,210.06075807999898,-12.367700393664656,513.3566121243139,61.02765482527092,10.684560368806117,12.908580733096077,-226.57647629754075,2.826342607503747,-0.35714791580241667,-200.35714791580244,-0.3571479158024167,-0.2923300638854126,-200.4095155845667,-1.0604754707527164,-0.823332844371389,-200.8233328443714,-0.823332844371389,-3.8550070425128977,-203.80241806864151,-3.8550070425128977,-142.96770910148717,-86.58985939156324,-11.169169272898879,-144.7391514159988,-438.4015974740588,-12.494682869632577,-143.21157419560114,-886.8740631556251,-11.414684001155614,-2.110303651541683,-202.11030365154176,-2.110303651541683,146.26984463186315,-118.81485488365351,9.778529612948452,147.44714864302597,-467.85338091642484,11.94590098836991,147.03480290567015,-918.0497042036169,11.206820996435837,-3.2992032498727015,-203.29920324987273,-3.1364815485594417
215,2.15,-0.25341159047908113,699.7465884095209,-0.25341159047908135,-0.7924631916820446,549.6039184878034,-0.3960815121967347,-0.7585178754920494,299.24148212450797,-0.7585178754920495,1.001847240720561,400.9106742973191,1.0018211574519693,-0.6841186912280631,199.31588130877202,-0.6841186912280632,-1.3711058943315024,98.62814697262857,-1.3711058943315029,-2.062928573124719,1002.3119311047369,-0.060379320466537933,-209.25926176935906,502.17056432425045,-5.536952173021115,-362.90682292913846,420.5393520030668,11.944124789023967,-446.83035380877226,178.38743285736052,-5.109209191055463,-488.99415147528504,27.648084598474995,-9.693485466346461,-0.1940433085602002,-200.5799305452402,-3.7179498721291315,-1.1681822960865251,-201.1681822960866,-1.1681822960865254,0.09980961492085505,-200.24211975919195,0.09980961492085483,-0.3315173580310933,-200.28876117306882,-0.2635222839959964,0.26044259910493195,-199.73955740089514,0.26044259910493156,191.32534501898883,504.15592116806556,-3.5249993788071583,335.1104883905006,412.9983533329919,2.254147949233634,449.38463014838567,210.6008264621817,-10.728364358285798,512.9180051055587,61.86769157604178,10.16849962946865,13.36505452000198,-226.2136779424312,2.5681846172675735,0.09777188793465955,-199.90222811206536,0.09777188793465938,0.31751387384007557,-199.9014175014423,-0.8485585471038115,-0.035899685305542176,-200.0358996853056,-0.035899685305542176,-3.209251011175939,-203.13273450568948,-3.209251011175939,-142.45347275355167,-85.25746938165798,-10.996932183095364,-144.3110837854826,-437.1901632147008,-12.617796917141836,-142.4450215035591,-885.3243806887235,-10.991562855421279,-0.9130506076958875,-200.91305060769596,-0.9130506076958875,146.48083161512133,-119.38952855543732,10.436885046992428,147.6142361857547,-468.3460953328257,12.444020999934079,147.26900891414715,-918.6013512564117,11.810451760692937,-2.6116602199891283,-202.61166021998918,-2.3749015416062687
216,2.16,-0.10610310755816432,699.893896892442,-0.10610310755816471,-0.5277091590152257,549.9214501279176,-0.07854987208241646,-0.31222588416649755,299.6877741158336,-0.31222588416649755,1.396225875886014,401.22589239294905,1.3961771459249115,-0.35472301704866105,199.64527698295143,-0.35472301704866116,-1.0024786364684142,98.9945663950366,-1.0024786364684144,-2.472753194592163,1001.9021200117712,-0.4840032322414678,-209.19530260723917,502.7864850403173,-5.195183370547631,-361.84785270874715,420.6145138611645,12.559546029875484,-445.1767655710754,178.43331420767743,-5.082398691972,-489.6451293043819,27.272119889665632,-9.048377774335755,1.1287713003638997,-201.54678604363608,-4.290757861387533,-0.5793207059154778,-200.57932070591556,-0.5793207059154779,0.575082181701157,-199.92242212203877,0.575082181701157,-0.2022391768461102,-200.18441574722902,-0.10667449585911616,0.8325171725166423,-199.1674828274834,0.832517172516642,191.5200197497527,504.7576511508508,-3.146042717713428,336.29494887556524,414.5185013124724,2.3459256149106915,449.5390405206785,210.93185499033672,-9.238629680921825,512.5237150605631,62.81520104266791,9.736873257826517,13.653177973340043,-225.855190478292,2.2380649922817053,0.3338482029531108,-199.66615179704692,0.3338482029531107,0.9198933949422599,-199.39864987648414,-0.4719012872115795,0.46078689930359684,-199.53921310069643,0.46078689930359673,-2.4365125059576593,-202.34980794613165,-2.4365125059576593,-141.84766218006845,-83.83007891472086,-10.683715830653151,-143.8026676971959,-435.89331558742896,-12.541926143751024,-141.75909700415428,-883.8513257719135,-10.599634825252913,0.24382450519576315,-199.75617549480427,0.24382450519576293,146.87519022348158,-119.78248758108953,11.33589625125517,147.78810446295327,-468.89878276174466,12.849316702330569,147.41703460816558,-919.2406431964055,12.280072504562806,-1.940630308620393,-201.94063030862043,-1.672347578460709
217,2.17,0.0544260993346099,700.0544260993347,0.05442609933460957,-0.2909547558603698,550.105426923625,0.10542692362494,0.0798759594536502,300.0798759594537,0.0798759594536502,1.4260257871872488,401.178192031892,1.4259548855122097,0.019722803906125685,200.01972280390618,0.019722803906125463,-0.48959190932657887,99.50130614692728,-0.48959190932657914,-2.7778161321598667,1001.5958105856057,-0.8036691977421586,-208.78139862396984,503.73144712503154,-4.572966929436765,-360.8633792157421,420.5166390536784,13.005276173072035,-443.9430292099819,178.1403435974933,-5.443376488302407,-490.39117261139836,26.903044160230547,-8.393587394774386,2.396541476987922,-202.5826674581596,-4.903819166752262,-0.06890594988162674,-200.0689059498817,-0.06890594988162685,0.6267488256117209,-199.93699740656524,0.6267488256117209,-0.3085596445020476,-200.30277322410012,-0.11628165686685576,1.3092328304503331,-198.69076716954976,1.3092328304503327,191.67741792867588,505.3017989089701,-2.8175328884520883,337.1946313322984,415.6595387486143,2.083935235860917,449.1533922884115,210.66716987398613,-8.287520863895251,512.1461944547169,63.83712791091153,9.361581522591425,13.586535547140144,-225.6890739914482,1.6646220724596343,0.25157595079080297,-199.74842404920923,0.25157595079080264,1.0128269318466674,-199.348129883405,-0.2952709290665077,0.6676802160568225,-199.3323197839432,0.6676802160568223,-1.7307553828942563,-201.6542388774078,-1.7307553828942561,-141.29107225677393,-82.46758438243454,-10.370013088497796,-143.37451950616696,-434.6696644342785,-12.420503161127785,-141.34155974189875,-882.6433680902,-10.42558180450374,1.0603557121062905,-198.93964428789377,1.0603557121062903,147.31871480037404,-120.12777465866046,12.23909026340542,147.89089655412457,-469.56297820288853,13.132699829813482,147.4273988417355,-920.0190906172991,12.56312703550508,-1.375561586711909,-201.37556158671194,-1.138802908329049
218,2.18,0.1796413854784108,700.1796413854786,0.17964138547841052,-0.11259974679373047,550.1598291318257,0.1598291318256823,0.34897723484302406,300.3489772348431,0.3489772348430241,1.1212959867495063,400.84046355031893,1.1212156446261161,0.4205490650621211,200.4205490650622,0.42054906506212075,-0.018687495672505217,99.9594780763478,-0.018687495672505605,-2.9459153454439035,1001.4251971623103,-0.9871759191058772,-208.14168340556336,504.8818328822116,-3.790566642183353,-359.910255226145,420.2964642819853,13.340028931708463,-443.20054351789463,177.4272962827064,-6.2618028632355065,-491.2803285358234,26.49241642196378,-7.781697177826072,3.6061307867217915,-203.6778635083808,-5.545969559915375,0.1800069945340601,-199.81999300546602,0.18000699453406002,0.2994784146059113,-200.19802588913402,0.2994784146059112,-0.677348890680938,-200.67588585448541,-0.32747373790672457,1.5435561540659177,-198.45644384593416,1.5435561540659175,191.728333694245,505.72377528368895,-2.6088182349387115,337.8531472832899,416.46564220097537,1.515930119109017,448.0374949241626,209.6021884384938,-8.082246495121794,511.6728672009518,64.81431458886637,8.92864562495975,13.169501823004321,-225.71364837362665,0.8678382071215477,-0.018128790193625455,-200.01812879019366,-0.018128790193625788,0.5081716518625796,-199.81037161956382,-0.4613315057498349,0.6894053862091567,-199.31059461379087,0.6894053862091563,-1.2277555401734919,-201.17516656630215,-1.2277555401734919,-140.83869304625077,-81.23469503705671,-10.110279854947766,-143.11594809340156,-433.6042940702,-12.366514287410503,-141.19406137431912,-881.7052577726153,-10.470132353530014,1.363503986107986,-198.63649601389204,1.363503986107986,147.71388264078013,-120.52268851041887,12.982702393036142,148.02724787671937,-470.21077752587644,13.43005867614067,147.29025988408566,-920.9463112671135,12.648852010620487,-0.8853925620027956,-200.88539256200283,-0.7226708606895356
219,2.19,0.2525115267560547,700.2525115267562,0.2525115267560545,-0.11554738931067332,550.030273281429,0.030273281428980114,0.4453462422011866,300.4451942133133,0.4453462422011869,0.7194804442686035,400.47164668897335,0.7194095425935645,0.8031814619468499,200.80318146194693,0.8031814619468498,0.3151390833710518,100.27434700156516,0.31513908337105156,-3.0056249389635328,1001.3616983382713,-1.0630979321128613,-207.53402087053115,505.9794408877716,-3.048932350868125,-359.0123955999245,419.9464032149731,13.542985831919498,-442.76745215048345,176.46788531180383,-7.351344029172006,-492.3674713362607,25.990522033370777,-7.2667328760520125,4.745261125018201,-204.83176402867883,-6.215329977119767,0.027979257395684354,-199.97202074260437,0.027979257395684298,-0.19893200631817515,-200.54086138043098,-0.19893200631817543,-1.1650926382073852,-201.16480454929928,-0.6578679109283831,1.4905992775024055,-198.50940072249765,1.4905992775024055,191.70083581861334,506.06040657131626,-2.491950513647021,338.50294612664595,417.1701339096149,0.8787573611886451,446.31728613531635,207.86214571376075,-8.500394459884344,511.02213691005096,65.65775034355195,8.354465876436567,12.524506103687767,-225.8102031126516,-0.032248454147800476,-0.2884542757157631,-200.2884542757158,-0.2884542757157633,-0.2596262441873617,-200.47855761946974,-0.826991338058209,0.589023376849122,-199.41097662315093,0.5890233768491214,-0.9737645650495392,-200.94561571577083,-0.9737645650495393,-140.50784632600238,-80.13949445540058,-9.92068332975358,-143.01064035157495,-432.67613157429116,-12.383425749048765,-141.19686013522525,-880.9264046073987,-10.612779061294896,1.1283878652215424,-198.8716121347785,1.1283878652215424,147.98650715389547,-121.0411287141176,13.488227243453565,148.26953179502038,-470.75832708966743,13.814752408644592,147.02585545694973,-922.0017804110635,12.556720369318064,-0.4290613691073004,-200.42906136910736,-0.3419627188113248
220,2.2,0.333782224685105,700.3337822246851,0.33378222468510493,-0.4194673684090991,549.6413197309064,-0.3586802690936923,0.32176720646931145,300.32077585359,0.3217672064693118,0.4149888654651137,400.2446553825282,0.41494013550401104,1.080569004230068,201.08056900423014,1.080569004230068,0.5529531066965522,100.4936009778846,0.5529531066965521,-3.0099429977031678,1001.3523091385171,-1.0844334401379778,-207.16040221003573,506.8218000960204,-2.46198495950605,-358.25918510249477,419.40708883680355,13.522021009340914,-442.2894411987834,175.61494825457328,-8.35223273593746,-493.6468850130943,25.40323712942154,-6.847277873799198,5.73784314512102,-206.1076246816059,-6.974088019926231,-0.4312585880835687,-200.43125858808364,-0.43125858808356865,-0.6217852855563926,-200.80480689079667,-0.6217852855563927,-1.595950328840651,-201.59590614897576,-1.0214716814028744,1.1827220945838486,-198.8172779054162,1.1827220945838486,191.70067265126238,506.4272443648305,-2.361279831072313,339.3337359307534,417.9638963886329,0.3667628987127399,444.4075953066475,205.88956124891686,-9.102411138175318,510.2262813008051,66.3916465060388,7.668920807410657,11.796058566067092,-225.83893740114456,-0.9307789322405253,-0.4728242801805316,-200.47282428018056,-0.4728242801805317,-0.8409882569933059,-200.95830639672903,-1.1034225613294573,0.40931377858636686,-199.59068622141365,0.4093137785863663,-0.8755121681259299,-200.863777981964,-0.8755121681259301,-140.33071025910738,-79.19554399861448,-9.832021221980188,-142.96401439080097,-431.7916182299689,-12.389158892667133,-141.21128766957838,-880.1889802607901,-10.714248266593996,0.5555140256558525,-199.44448597434416,0.5555140256558523,148.08567333172306,-121.73365853126245,13.730245848389131,148.51287035475087,-471.30646150823463,14.168441526339125,146.75549379904933,-923.0638380639361,12.40743528093455,-0.0009280471498375187,-200.0009280471499,0.035380072123815
221,2.21,0.4849538395746699,700.4849538395747,0.4849538395746699,-0.9617579765108816,549.0579767052654,-0.9420232947345777,-0.01299156228124676,299.98197393238365,-0.012991562281246427,0.24482598527202779,400.1536530418706,0.24479990200343624,1.2006421248790096,201.2006421248791,1.2006421248790096,0.8052398205149434,100.73798504756546,0.8052398205149431,-3.007108462859062,1001.34878414472,-1.0994211884048897,-207.02586582890504,507.40335332516344,-1.9907415253706902,-357.69624332125096,418.66687189796676,13.229875114014941,-441.4725391540287,175.165138205223,-8.964978018049877,-494.9943504567504,24.84682945311131,-6.411650221350704,6.516778252052665,-207.55985972210848,-7.875806316350577,-0.852384655773263,-200.8523846557733,-0.8523846557732626,-0.7974035582434928,-200.87369831424877,-0.7974035582434928,-1.8825282566944306,-201.8825282566945,-1.3755916183235875,0.6903830828181838,-199.30961691718187,0.6903830828181836,191.871400341372,506.9661594467806,-2.073326335538581,340.32646153956796,418.8293432731407,-0.03424707544638472,442.7640074937261,204.18426919875975,-9.391564229227662,509.4092509481626,67.13129385181522,6.993529025239639,11.082195096774836,-225.70747374113594,-1.7948822462866454,-0.5802629647292219,-200.58026296472926,-0.5802629647292219,-0.9797085416560034,-201.02942351935008,-1.0757141104786303,0.19291548077383,-199.80708451922618,0.1929154807738296,-0.7654640798221952,-200.76165454733228,-0.7654640798221952,-140.3287579699036,-78.41248626014573,-9.864810621286914,-142.90454709156853,-430.8922294374245,-12.32843887515552,-141.1487117560546,-879.4355277524487,-10.685465143453348,0.018705102034549614,-199.98129489796548,0.018705102034549503,147.99189421436216,-122.61934705112796,13.71182201756669,148.54355632877366,-472.06768493671643,14.265649895543929,146.67886150158645,-923.9323797639037,12.400240340076804,0.3832282540125621,-199.61677174598748,0.39501577451989456
222,2.22,0.6649075449364683,700.6649075449365,0.6649075449364685,-1.4700992713739123,548.5348904375899,-1.4651095624102561,-0.4401606015946249,299.5399275435428,-0.44016060159462445,0.18397529971327753,400.14596876238693,0.18396442658925272,1.2048599723582036,201.20485997235826,1.2048599723582036,1.1214415879543433,101.06208945914238,1.1214415879543431,-3.0295620518614146,1001.3186765787818,-1.140501382634329,-207.02120065681677,507.83282213724306,-1.5705718341518033,-357.2165571909269,417.83446962563323,12.775884178661638,-440.3109120115241,175.12847945114754,-9.17830995486265,-496.19257229681057,24.52656537800339,-5.7592723024166155,7.145366497528251,-209.11261259241667,-8.844122502261063,-0.909951112363105,-200.90995111236316,-0.9099511123631048,-0.6766648809483713,-200.70143416173207,-0.6766648809483713,-2.0274341530216584,-202.02743415302172,-1.6790220364430417,0.09787389098638577,-199.90212610901364,0.09787389098638577,192.28842177180115,507.7269081119596,-1.5527412305381625,341.28363600431464,419.5707424693047,-0.5166922537839798,441.6045496510351,202.98563970446182,-9.131713887763489,508.69252119551754,67.98897913774822,6.44798552365225,10.394274839018573,-225.41101138423707,-2.6537896525408495,-0.6137598632559214,-200.61375986325595,-0.6137598632559214,-0.7067057240979235,-200.72709292558528,-0.7346239318662771,-0.0553493768594846,-200.0553493768595,-0.05534937685948493,-0.564551404509257,-200.56358820385435,-0.5645514045092572,-140.4602844072374,-77.7484234124669,-9.97699517538531,-142.85585706330045,-430.0215663620828,-12.244987335675958,-141.02835971119146,-878.7078625655263,-10.545378935336892,-0.15834720834054994,-200.15834720834056,-0.15834720834054994,147.71618333092792,-123.68635573515448,13.454858693151028,148.26408435162762,-473.1387946591067,14.003091844450566,146.91481563087459,-924.4880633798598,12.65371351656586,0.6826778436561288,-199.3173221563439,0.6856581955767429
223,2.23,0.7819341867975134,700.7819341867975,0.7819341867975135,-1.6574514912789633,548.3435310406719,-1.6564689593281479,-0.7701680361718917,299.1684991329869,-0.7701680361718913,0.23631514813765897,400.22397623201886,0.23631161815111668,1.2011634434096343,201.20116344340965,1.2011634434096345,1.4038240058182025,101.36303192401229,1.4038240058182025,-3.0925149242382854,1001.246769640439,-1.2228843536537077,-207.09158262450063,508.16457093378494,-1.235213349988023,-356.57521089268363,417.0894549946554,12.412116355348008,-439.0651358387655,175.24873507528196,-9.247557303476572,-497.0497063124625,24.622299405065284,-4.715056977244021,7.801676145892291,-210.57530294498088,-9.688484165171605,-0.5693179147553226,-200.5693179147554,-0.5693179147553222,-0.31820262775430896,-200.3244652826961,-0.31820262775430885,-2.073234370635006,-202.07323437063508,-1.88674280340181,-0.5029760501783473,-200.5029760501784,-0.5029760501783473,192.846147370159,508.56435139797304,-0.9051459441648801,342.05711910097295,420.0419854043535,-1.2234580900380063,440.8564344144237,202.19594350736983,-8.423940252383046,508.10107344490075,68.98003646681545,6.056797212340035,9.680191653903023,-225.00905883592984,-3.53287419838443,-0.5403388811488986,-200.54033888114895,-0.5403388811488985,-0.23649926655963527,-200.25876645548536,-0.24374451506175676,-0.3435340787134451,-200.3435340787135,-0.34353407871344555,-0.3878691029991177,-200.38767943754465,-0.3878691029991177,-140.63215975789538,-77.11565647658011,-10.075316473191842,-142.88757855970462,-429.2595939879585,-12.21836281151532,-140.97031795116905,-878.1076064925194,-10.413963806791475,0.10015106505274607,-199.90003342961217,0.10015106505274607,147.31336439768742,-124.87811098201531,13.017749112140692,147.83545792353158,-474.358234173757,13.539842637984838,147.36587348282006,-924.8278186144686,13.070258197273333,0.8398493874875914,-199.16015061251247,0.8404362535769777
224,2.24,0.833074206222391,700.8330742062224,0.8330742062223913,-1.4330963241887174,548.567054351966,-1.4329456480339757,-0.8460581105229663,299.00681207686284,-0.846058110522966,0.3915610529809508,400.38844128641676,0.3915601604605803,1.2768650877294476,201.27686508772945,1.2768650877294476,1.4575313787867712,101.43569695080703,1.457531378786771,-3.189288979383118,1001.1397362128166,-1.3398908540306667,-207.26338588060187,508.3718859717545,-1.0682738236604563,-355.5644628422732,416.53771904686135,12.35842538078841,-437.9963926270909,175.2689998638103,-9.428863258850528,-497.52172730118014,25.16726465657357,-3.2505918113007644,8.628929272923054,-211.79112016308517,-10.253863525953651,-0.05487964908041243,-200.05487964908048,-0.054879649080411985,0.1430562713946455,-199.85817691848126,0.1430562713946456,-2.0478216194565366,-202.0478216194566,-1.970080368086696,-1.0392555487624326,-201.03925554876253,-1.0392555487624326,193.2790553695976,509.19303332084155,-0.39607188200385024,342.7498121510627,420.34827163519714,-2.0462201243483236,440.33398874003126,201.58168185839514,-7.505205323969781,507.54928391405645,70.0088109767124,5.733989670964597,8.886026547681263,-224.56371886431438,-4.403995735734381,-0.3637838259616145,-200.3637838259617,-0.3637838259616144,0.22702155885014774,-199.8317782477673,0.22136406161233124,-0.6179973450416445,-200.61799734504172,-0.6179973450416447,-0.4371674387336999,-200.43713835259427,-0.4371674387336999,-140.77362739297183,-76.44834679982917,-10.088592539750241,-143.00912111680128,-428.60621570738033,-12.248240142253676,-141.07227636428445,-877.6564143562932,-10.388963960023808,0.6289167529424997,-199.37228630339592,0.6289167529424997,146.91908228117921,-126.0527194757548,12.536973626213644,147.55547382662255,-475.4275853510991,13.17336517165699,147.76789145578033,-925.2151677219414,13.38578280081477,0.8474664993938796,-199.15253350060615,0.8475564982235598
225,2.25,0.8909718298000309,700.8909718298,0.8909718298000311,-0.9094248872911139,549.0905751127088,-0.9094248872911135,-0.598493482085273,299.12663184028054,-0.5984934820852728,0.5877445291214503,400.58713021066103,0.5877443533737692,1.4087624309070836,201.40860555043776,1.4086055504377577,1.160802752008868,101.15170080826269,1.1608027520088682,-3.2973933637352615,1001.0200623584307,-1.4690285642407042,-207.53616037804693,508.4551346874739,-1.0726097678003863,-354.1969755139612,416.1227764970633,12.615084277505865,-437.13437678294747,175.1636496523863,-9.747111112222871,-497.7349645074364,26.025089283702044,-1.5070966120485794,9.64256227974655,-212.72767678538634,-10.513792146016982,0.3898074463525698,-199.6101925536475,0.38980744635257003,0.5409704363945821,-199.45921867939802,0.540970436394582,-1.9076690109637946,-201.9076690109639,-1.8824301218910504,-1.4913592484717466,-201.49135924847184,-1.4913592484717466,193.34676643478048,509.39211540705253,-0.2658858479688263,343.64072356040106,420.77116327489966,-2.700398272579643,439.9076974784694,200.98211693896866,-6.539813999586302,506.92982554463936,70.9576398985869,5.367442103500526,7.993883421368371,-224.10178420418072,-5.205820246078167,-0.160346228075318,-200.1603462280754,-0.160346228075318,0.644718890980751,-199.50157662873335,0.6267688251400436,-0.7640496659741353,-200.7640496659742,-0.7640496659741354,-0.7459426642279481,-200.74594266422804,-0.7459426642279481,-140.86610045161726,-75.73067972758884,-9.997419734819514,-143.12005307995128,-427.9410154466347,-12.214899134819326,-141.29235298537327,-877.2064491999245,-10.428718503981283,1.1710110609144606,-198.8350985632971,1.1710110609144606,146.7318991420474,-126.99386738154288,12.211535061666332,147.6059717558729,-476.1643187306348,13.085607675491815,147.92000787167856,-925.8502826148292,13.399643791297496,0.7779555626477741,-199.22204443735228,0.7779555626477742
226,2.26,0.9395932589678566,700.9395932589679,0.9395932589678567,-0.2720151895623265,549.7279848104376,-0.2720151895623263,-0.054399439906469636,299.54566026403984,-0.054399439906469636,0.7545767797332242,400.7544825709461,0.7545767527814445,1.4409973630037483,201.4399743738398,1.4399743738397621,0.5566781579510807,100.5537231894561,0.5566781579510807,-3.384044764895627,1000.9205270281054,-1.5775123858917337,-207.83420582024172,508.4911350774589,-1.1499245627780987,-352.72913971322737,415.6497907652122,12.928562251162731,-436.32687928425185,175.08874134063007,-10.045526759996346,-497.9344651088926,26.940955220059735,0.25576201370936497,10.773239876893891,-213.43183096732133,-10.527436314170961,0.6447704615953761,-199.3552295384047,0.6447704615953763,0.7292313448224983,-199.27076865517756,0.7292313448224983,-1.5785329634902174,-201.57853296349026,-1.5721515729785036,-1.8904045968141174,-201.89040459681416,-1.8904045968141174,193.0166376317526,509.1681110825172,-0.5471961542600167,344.86056263423006,421.44416684323227,-3.0495834482095283,439.4972190111365,200.3141431992114,-5.614533878668944,506.1950882224172,71.76835546929595,4.895835274616732,7.00735635661017,-223.6291993711988,-5.912918116041338,-0.019547041354967133,-200.019547041355,-0.019547041354967102,1.0944418738293404,-199.20025612094128,1.039524754412459,-0.7090973705636393,-200.7090973705637,-0.7090973705636395,-1.0926729950978764,-201.09267299509793,-1.0926729950978764,-140.89477128576834,-74.94928676379587,-9.786671831517388,-143.0780381150149,-427.10438232021727,-11.963797329478396,-141.4955947420139,-876.5514677907074,-10.398661843988027,1.4820388087654595,-198.5421252237394,1.4820388087654595,146.85573186940988,-127.56172154279221,12.145765448389744,147.91828755168154,-476.6363405562927,13.208289895647887,147.8536845698841,-926.7009435380901,13.143686913850464,0.684328199390031,-199.31567180061,0.684328199390031
227,2.27,0.8293403733230329,700.829340373323,0.829340373323033,0.29229197149673936,550.2922919714968,0.2922919714967395,0.6346955409424383,300.18150381315013,0.6346955409424382,0.8355036645752225,400.8355036645753,0.8355036645752225,1.2044566348198802,201.19926146717472,1.1992614671746653,-0.23727628135041728,99.76197658560972,-0.23727628135041717,-3.400344192452197,1000.8900252830351,-1.616441221780954,-208.06487015216152,508.5767059076272,-1.1876595176739437,-351.51421438847194,414.86469907002356,12.928784831511518,-435.48346837647784,175.1383233836671,-10.229376867343705,-498.4073934709569,27.617997519604522,1.7362971707738466,11.934788029921842,-213.96633897827235,-10.37174687715414,0.6807016327712421,-199.31929836722878,0.6807016327712423,0.6186996963522919,-199.38130030364775,0.6186996963522919,-1.110733571684781,-201.11073357168482,-1.1094770013889874,-2.2634305831152988,-202.26343058311534,-2.2634305831152988,192.4723160728655,508.7299216676267,-1.056299089137275,346.1760022486378,422.1369831721172,-3.3212958611891508,438.9968798040147,199.48310002889224,-4.827773449361772,505.3490563302738,72.43424800693,4.304233298981344,5.919732549493791,-223.16278366570947,-6.574602153994134,0.018045398394193772,-199.98195460160582,0.018045398394193835,1.5679437593035432,-198.91267467671076,1.4362044383185457,-0.5215706009442211,-200.52157060094427,-0.5215706009442211,-1.202838647812375,-201.2028386478124,-1.2028386478123752,-140.81673040687417,-74.06222277219642,-9.417960367705424,-142.83583687906514,-426.03274467361257,-11.447563150224854,-141.58867793642594,-875.6173144201588,-10.2060232559707,1.3876176622319811,-198.68681279782714,1.3876176622319811,147.13554113079024,-127.8705117172455,12.185284186865982,148.2453838720466,-477.08962711447447,13.294923250248901,147.72620363708438,-927.6090429485679,12.775743015286697,0.4941876701911957,-199.50581232980886,0.4941876701911957
228,2.28,0.4725045046067248,700.4725045046068,0.4725045046067248,0.6219881292794343,550.6219881292795,0.6219881292794345,1.2244615665466931,300.824521270493,1.224461566546693,0.7819861728352329,400.78198617283533,0.7819861728352329,0.7140072282449489,200.6934599416198,0.6934599416196886,-1.0994582558074544,98.90039462497408,-1.0994582558074544,-3.3095465052764332,1000.9652987702281,-1.5490675025457001,-208.166496497439,508.78246969836766,-1.1145490184495734,-350.7645896093643,413.60276553142785,12.37587931561448,-434.67984205400626,175.24007854608425,-10.370337864916017,-499.33946962665163,27.860909824515495,2.7344346468501732,13.054582636075919,-214.3964827137068,-10.111146052255618,0.5282530802529779,-199.47174691974703,0.5280878702240139,0.19623609904986256,-199.80376390095012,0.19623609904986233,-0.7026451959500025,-200.70264519595003,-0.7024524946539525,-2.5567980203632614,-202.55679802036323,-2.556798020363262,191.97915795487037,508.3441973203287,-1.527431848198264,347.1907158580247,422.4565574813085,-3.905969436165204,438.30689430015025,198.39901101089606,-4.27333342956105,504.4230720444649,72.97591682170281,3.6120639826158456,4.729020567237494,-222.71515204339448,-7.258211462690503,-0.03327047967755531,-200.03327047967753,-0.0332704796775552,1.908038319196301,-198.73341496417152,1.6619168653312135,-0.3709224351256797,-200.3709224351257,-0.3709224351256798,-0.957205594650062,-200.95720559465002,-0.9572055946500622,-140.61042695500194,-73.0488636330426,-8.885669260926603,-142.4960659338838,-424.8007387680143,-10.774562400208026,-141.57101254679958,-874.5057799565627,-9.850929731046268,0.898656848716924,-199.27989254303753,0.898656848716924,147.25956521531063,-128.2360199469174,12.019558755685665,148.38106169436978,-477.72837272499805,13.140304027436098,147.60075582165643,-928.5104980513117,12.35971500044167,0.0820665487501541,-199.91793345124984,0.08206654875015404
229,2.29,0.0256941410535943,700.0256941410536,0.025694141053594244,0.6563900316743578,550.6563900316744,0.6563900316743578,1.5319609063046116,301.25708622867046,1.5319609063046111,0.5947043446425515,400.5947043446426,0.5947043446425515,0.2085597897307285,200.14526969126814,0.14526969126805372,-1.8457335286630352,98.15424390987411,-1.8457335286630352,-3.146000233574718,1001.1119959030441,-1.4097370081929685,-208.11781561778895,509.1399463403436,-0.9062250588460861,-350.3725686093703,411.96565240359223,11.366712352828081,-434.00153731281205,175.3116675232316,-10.550220701052648,-500.65786493194196,27.73310518637691,3.308901410943651,14.091483403523936,-214.78880908540253,-9.779661116799032,0.31940491180045505,-199.68059508819957,0.31832760708471486,-0.46442282779810823,-200.4644228277981,-0.46442282779810845,-0.48813829677432974,-200.4881382967743,-0.4881382967743294,-2.6181186082292722,-202.61811860822925,-2.6181186082292722,191.73670780578806,508.2002892180982,-1.759794368971332,347.77818765161686,422.2799157561679,-4.924163457301043,437.45047779118295,197.08971536896416,-3.9272656760231217,503.47562516280465,73.44114899172632,2.8801717910150777,3.4789912696593914,-222.25355053616676,-7.96244541705412,-0.12427355852143174,-200.1242735585214,-0.12427355852143163,1.979653127632422,-198.7273305897239,1.6215485253053703,-0.37025048614894845,-200.37025048614896,-0.37025048614894845,-0.40650748237675766,-200.40650748237672,-0.4065074823767577,-140.33789048854055,-71.97219013797674,-8.282079291793734,-142.19541367835689,-423.5119589165886,-10.086795668766062,-141.48956056581355,-873.3759188358486,-9.381222312168823,0.2797513281623981,-200.0538228511848,0.279751328162398,147.08031231734188,-128.90300162586925,11.5035385923806,148.3402843645152,-478.53175988972635,12.761476125987617,147.43509254239783,-929.4466000814034,11.854227837989606,-0.545946945206375,-200.54594694520637,-0.5459469452063752
230,2.3,-0.2399846104069734,699.7600153895931,-0.2399846104069735,0.494339978404596,550.4943399784047,0.49433997840459604,1.5633063391853934,301.41617652657123,1.563306339185393,0.35106042136874127,400.35106042136874,0.35106042136874105,-0.0627630887744211,199.7854118576708,-0.21458814232927667,-2.262930983469597,97.7370690165304,-2.262930983469598,-3.0057322939290874,1001.234087148594,-1.2944735827424263,-207.97044726415055,509.59584524668526,-0.6137169318162349,-349.97973511238143,410.3042738476671,10.281204229265299,-433.3821817165418,175.42259491482977,-10.699236831600306,-502.0714715739168,27.516083932951183,3.73706519064881,15.022378181571998,-215.21125088827014,-9.394439156190096,0.26314252653794057,-199.73685747346207,0.2576715217606813,-1.1986715382024817,-201.19867153820246,-1.198671538202482,-0.3894735612534998,-200.38947356125345,-0.3894735612534995,-2.3190358270290066,-202.31937157325063,-2.3193715732506694,191.783538648866,508.32781558528376,-1.7092598019987477,348.2339149778138,421.906631745936,-6.074382239554955,436.61019039611017,195.73920353686515,-3.609527760235675,502.538610883639,73.85126664925612,2.1499292824159077,2.2386947125837353,-221.7201576583783,-8.627691745147835,-0.21030736663909544,-200.21030736663909,-0.21030736663909566,1.8026353634997965,-198.8429311880169,1.396849687336787,-0.4982237085106137,-200.49822370851064,-0.4982237085106139,0.2828642344124124,-199.71713576558756,0.28286423441241226,-140.1284697425134,-70.96256680754874,-7.767155755709256,-141.9458504968668,-422.18678391866456,-9.399425147234318,-141.38155715407765,-872.3172872243678,-8.835174706409031,-0.11922889946078236,-200.60457646654928,-0.11922889946078252,146.75408406331363,-129.86549592772894,10.797785297092704,148.28726323236558,-479.31804440895166,12.329109959945802,147.24746300317668,-930.398078816834,11.278563133134721,-1.2054968589216664,-201.20549685892166,-1.2054968589216666
231,2.31,-0.2615279922978656,699.7384720077022,-0.2615279922978658,0.3419855418678691,550.3419855418681,0.3419855418678692,1.4753029081198892,301.41397007727863,1.475302908119889,0.14587542457252212,400.1458754245725,0.14587542457252187,-0.06782760213988002,199.64852585531935,-0.3514741446806696,-2.298455274303013,97.70154472569698,-2.298455274303013,-2.9529985891915524,1001.2673144301332,-1.2675297338476588,-207.8694799793348,509.97854153981905,-0.3819896349980142,-349.2450374842613,408.9715913524874,9.49784346667629,-432.6458551692251,175.75195895262976,-10.638373284596216,-503.32325915686164,27.45648000405709,4.262683626641857,15.781634884376903,-215.7490951391295,-9.016345226829579,0.48729133564086974,-199.51270866435914,0.46565309199534416,-1.7831753920165223,-201.78317539201652,-1.7831753920165228,-0.261205168090403,-200.2612051680904,-0.26120516809040295,-1.7304596305261928,-201.73264897090797,-1.732648970907988,192.01115380199573,508.6139497137038,-1.4677108588781589,348.96849386341813,421.75244479535877,-6.940011916715368,436.0107599767665,194.57254280334388,-3.0990472832379825,501.53282912198983,74.11671558322956,1.34663495462487,1.0439283544007316,-221.08943050490382,-9.211073680239803,-0.2878604839772253,-200.28786048397723,-0.2878604839772254,1.472903920061753,-199.01354613613867,1.1147993177347015,-0.6713547940782032,-200.6713547940782,-0.6713547940782032,0.8735309916734268,-199.12646900832655,0.8735309916734268,-140.0887755616957,-70.12768286871362,-7.44210163063301,-141.6373511539913,-420.813272874624,-8.604330726070636,-141.2429174496271,-871.3141426563619,-8.209897021706427,-0.13740060361696582,-200.68737144846307,-0.13740060361696604,146.53452142294734,-130.942681130908,10.160791760971824,148.29414103022563,-479.9754443359799,11.934225281583121,147.16668575422204,-931.2350329774093,10.762727615613576,-1.6676533593359357,-201.66765335933593,-1.6676533593359362
232,2.32,-0.2603456728890543,699.739654327111,-0.2603456728890545,0.3876654997085842,550.3876654997086,0.38766549970858427,1.4518667722162668,301.4319549173536,1.4518667722162664,0.01954276646820014,400.01954276646825,0.019542766468199912,0.0203763942417772,199.60767311005878,-0.39232688994120823,-2.1088601216742635,97.89120980378294,-2.1087901962170403,-2.9690539384882437,1001.2304211991928,-1.3101565626523344,-207.9685733079927,510.0934122721523,-0.36475070343604044,-348.02481308473295,408.1253303955862,9.186483113800472,-431.6644234074174,176.43085956786067,-10.236738260803268,-504.37121118702606,27.580531539526007,4.91506933700481,16.258454813324168,-216.48122899455478,-8.752649700558123,0.9126813434420237,-199.087318656558,0.8460308607840816,-2.0438378020409558,-202.04383780204097,-2.043837802040956,-0.09814200188452071,-200.09814200188458,-0.09814200188452049,-1.1177012626519742,-201.12881965052577,-1.128819650525749,192.31078090828856,508.94852803643664,-1.1098451933354416,350.11928205673087,421.96142543205525,-7.377679833579851,435.7600598055186,193.69792920797528,-2.2916597813941633,500.32141280846514,74.09058182273664,0.32935045836561755,-0.1015687084616615,-220.36442564646808,-9.699871267626143,-0.36783888811413845,-200.36783888811416,-0.36783888811413845,1.053667794163637,-199.24595600481967,0.8075463402985495,-0.8102220949277632,-200.8102220949278,-0.8102220949277633,1.1671256179084324,-198.83287438209157,1.1671256179084324,-140.2370841865153,-69.48695325783244,-7.253650977856871,-141.2057874455383,-419.4777657346241,-7.638883049732048,-141.0489124704386,-870.306848887516,-7.482008074632358,0.13176005116360473,-200.35358751592494,0.13176005116360456,146.53020406567524,-131.94776855995053,9.701979147466023,148.2653488423437,-480.5414927364185,11.522395767270577,147.31254913090729,-931.8365320731377,10.427849983429201,-1.8017518001491295,-201.8017518001492,-1.8017518001491295
233,2.33,-0.43041321441985936,699.5695867855801,-0.4304132144198594,0.6913870972655944,550.6913870972655,0.6912912551253226,1.6267655201808577,301.62173101484564,1.6267655201808573,-0.03406879489535612,399.96593120510465,-0.0340687948953563,0.021256426759644897,199.5536023387121,-0.4463976612879039,-1.8517333684834534,98.148722602775,-1.8512773972249912,-3.0152705648062654,1001.1620339499752,-1.3837222513545644,-208.27405482439357,509.91352388214216,-0.5683530380377075,-346.3573186676581,407.730413484191,9.315712184336789,-430.4704795926608,177.42851639806912,-9.524513603553057,-505.31594791700707,27.757378772082788,5.581563621327191,16.399941983637994,-217.4035506231619,-8.653989833628938,1.329226408652257,-198.67077359134777,1.1693402124731378,-1.9628715636564755,-201.9628715636565,-1.9628715636564755,-0.0058286745453151045,-200.0058286745454,-0.0058286745453151045,-0.7012192705703563,-200.74519334764636,-0.7451933476463235,192.7017187883052,509.35061584131694,-0.577685966371108,351.49623074366883,422.35074931018084,-7.571445308824892,435.801499168697,193.05923615363577,-1.2475497850582602,498.91512734016806,73.77397759620067,-0.8992181253119662,-1.183862718499335,-219.53285461835037,-10.071551764723932,-0.4142351520375435,-200.41423515203758,-0.41423515203754346,0.6054207310231914,-199.54368825831398,0.47368141003819386,-0.8278962633134128,-200.82789626331345,-0.8278962633134129,1.1351679568380546,-198.86483204316198,1.1351679568380546,-140.5187655146114,-68.9869442791154,-7.040356624795431,-140.75691851580575,-418.3621116939245,-6.610380686389318,-140.80563394536694,-869.2753697271432,-6.659096115950515,0.5091886434702811,-199.824385535877,0.509188643470281,146.69531344248895,-132.7799572440934,9.36784850490248,148.11594630552304,-481.0704809996912,11.06508907920297,147.71711470614795,-932.1693155589109,10.307480249828131,-1.6157306286323854,-201.61573062863243,-1.6157306286323856
234,2.34,-0.6481286479507363,699.3518713520492,-0.6481286479507364,1.153812972757109,551.153812972757,1.1531880034962902,2.0373720502833206,302.03638069740396,2.0373720502833206,-0.014731124979178306,399.9852688750208,-0.014731124979178417,-0.08984380849200857,199.497452907325,-0.5025470926749939,-1.5162644985776217,98.48605111454174,-1.51394888545824,-3.10938954490425,1001.0444107712701,-1.5059635132207754,-208.59188309281052,509.6532795321378,-0.7987579027290087,-344.40261861882846,407.6239540594803,9.723066441390252,-429.26808419416653,178.5406080532691,-8.703704284936425,-506.2218621193862,27.869332593149732,6.186491469908605,16.262083109298484,-218.42264776631706,-8.66341063448769,1.6117132657656779,-198.38828673423438,1.313006526104823,-1.6555228668827624,-201.65552286688285,-1.6555228668827624,-0.022650648681062785,-200.02265064868112,-0.022650648681062674,-0.4584336991494118,-200.59388339227448,-0.5938833922744257,193.25970845523966,509.8959695531138,0.1994709663810556,352.8379545286105,422.6631355485173,-7.776752092216867,435.9957612777872,192.5178563170457,-0.10939847677138138,497.562896422653,73.40665114422681,-2.0975227025118017,-2.1959967163298395,-218.58998212068195,-10.31285436133175,-0.36004806626954766,-200.3600480662696,-0.36004806626954766,0.23575587163804967,-199.82355298770432,0.1808387522211684,-0.6677328820865642,-200.66773288208663,-0.6677328820865641,0.92574884856343,-199.0742511514366,0.92574884856343,-140.85222398680747,-68.54731157567146,-6.663902044659713,-140.4867678778582,-417.5887347254485,-5.716487791504745,-140.56263284213875,-868.257959207335,-5.792352755785318,0.8731182303582097,-199.3054311613963,0.8731182303582096,146.95591452746874,-133.42635960200758,9.071892640790306,147.92812778122442,-481.55264293142864,10.66624924657949,148.35490501526425,-932.2576080282204,10.377772865543868,-1.2240367709726367,-201.2240367709727,-1.2240367709726367
235,2.35,-0.5994939597310436,699.4005060402689,-0.5994939597310437,1.6065693159456877,551.6067757047244,1.6033954601538944,2.5854095249258835,302.5852574960379,2.5854095249258835,0.09871406331964966,400.09871406331956,0.09880724367993693,-0.1861241960416729,199.5302292614175,-0.46977073858246243,-0.9941163925648472,99.01504203498288,-0.9849579650170899,-3.308916531392258,1000.8200456260478,-1.734381314895041,-208.67691510677867,509.598541544774,-0.8108024337945575,-342.3943862165621,407.5710739494208,10.173506637837002,-428.3108859142134,179.51187904081877,-8.026267622706797,-507.0476982966775,27.89874979936527,6.760666656327794,15.935217065231354,-219.44374063042667,-8.690906021937401,1.841889333104362,-198.1581106668957,1.4072735914092243,-1.2336971375926367,-201.23369713759269,-1.2336971375926367,-0.04934469945659986,-200.0493446994567,-0.049344699456599736,-0.20121221538326484,-200.52613913779635,-0.5261391377962854,193.9562954059757,510.55626734389057,1.0970615934296544,354.0600222133522,422.81173896672954,-8.072159898115846,436.23659634661635,191.96849591782774,1.013421082998212,496.5421162327727,73.25738157495873,-2.993578071463711,-3.175909896894492,-217.59382258464126,-10.470197353142897,-0.19259134773788633,-200.19259134773796,-0.19259134773788636,0.03237947429350341,-199.98631428889124,0.014550495974599786,-0.3802321550322968,-200.3802321550324,-0.38023215503229674,0.7533340029176752,-199.24666599708237,0.7533340029176753,-141.1375723211585,-68.0693098918107,-6.059997768702592,-140.47355059095406,-417.0879742610872,-5.037199101860434,-140.39267273591682,-867.3245710613085,-4.956321246823183,1.1534216105124335,-198.92100884954678,1.1534216105124333,147.30248896226686,-133.89694011754756,8.799236558912158,147.89336412798852,-481.9854606927479,10.432644171986048,149.16922354391187,-932.1568024455767,10.583801621823806,-0.7740396076302754,-200.77403960763036,-0.7740396076302754
236,2.36,-0.14886416813922665,699.8511358318606,-0.14886416813922665,1.961820328687201,551.9631661525821,1.9492674855231724,3.073269163627331,303.0732691636273,3.073269163627331,0.3208280607767902,400.32082806077665,0.32143567305179144,-0.13766840584190757,199.71050654060315,-0.2894934593967631,-0.23992898191308934,99.78828096092903,-0.21171903907089173,-3.640033248799942,1000.462756856906,-2.0951523728230366,-208.44169681205426,509.86305656996416,-0.5169902660867537,-340.54936617819016,407.35777293061574,10.452672122469455,-427.70409011923584,180.23661581852852,-7.596088657626612,-507.6916687120905,27.948343303548747,7.3963528703870765,15.47388955136833,-220.42422963352712,-8.68356444352844,2.1874366472176643,-197.8125633527824,1.6949524918373278,-0.7013676512945215,-200.70136765129456,-0.7013676512945213,0.0819675100232482,-199.91803248997678,0.0819675100232484,0.19818506808976388,-200.40885834116932,-0.4088583411692551,194.6670690861305,511.2073207813795,1.8416817862362123,355.26813133123375,422.89954123088523,-8.346191973842572,436.50460112378494,191.39295442438623,2.098634212140965,495.89568677538034,73.36108692057081,-3.5484927782933946,-4.144257790105378,-216.61506437261352,-10.600756378569264,0.010935310870264059,-199.9890646891298,0.010935310870263948,-0.01281996144498461,-200.01746045217124,-0.017327833116747696,-0.05888600168325096,-200.05888600168333,-0.05888600168325085,0.8004736753838122,-199.19952632461622,0.8004736753838122,-141.2462397588531,-67.42515333197832,-5.16640199842986,-140.5910005176059,-416.63861921732087,-4.448161641319653,-140.38365867055956,-866.5636204962623,-4.240819794273293,1.2957570509419263,-198.72840698156296,1.2957570509419263,147.82338426635437,-134.1349929022632,8.647257867383178,148.14570169888967,-482.4160582902605,10.309795153342458,150.04826187295126,-931.9773565127582,10.81566124471119,-0.3601442799989967,-200.36014427999908,-0.36014427999899645
237,2.37,0.5215295634733019,700.5215295634731,0.5215295634733019,2.2640090495727043,552.2708437072617,2.225343570557038,3.3469969237575583,303.3469969237575,3.3469969237575583,0.6485646749995337,400.6485646749993,0.6516503847441247,0.05505639216388597,199.99176629370106,-0.00823430680693521,0.6623042253067631,100.72997636023504,0.7299763602351352,-4.065393924510175,1000.0098907564966,-2.550925584668004,-208.00407072035318,510.330409714149,-0.03509928299275333,-339.0018359129384,406.8554688408133,10.431038414849375,-427.3314402929255,180.833112214185,-7.295967179356305,-508.04444974037386,28.252305852716386,8.194336795197438,14.909365672964913,-221.3442398461022,-8.613046219121111,2.659475060223135,-197.3405249397769,2.2248593185279972,0.01550449006604615,-199.984495509934,0.01550449006604615,0.5109661783858394,-199.4890338216142,0.5109661783858395,0.708641188953003,-200.1746017598195,-0.17460175981943316,195.31516925378236,511.77267044066105,2.281854001918195,356.57682783364436,423.05451754828675,-8.47863722194397,436.82472101349987,190.81762582144145,3.168576441118801,495.46323348031467,73.55011775998152,-3.925847769734893,-4.998591182079401,-215.60777791533977,-10.654772581719643,0.1445116859344022,-199.85548831406567,0.1445116859344021,0.05525468141978468,-199.94563297114274,0.05436702885729222,0.3061511730207259,-199.69384882697938,0.30615117302072603,1.161982067487024,-198.83801793251303,1.1619820674870238,-141.07108955158253,-66.50643931084346,-3.899775089337832,-140.66838061297148,-416.06608831568747,-3.7806790112168978,-140.6038452059913,-866.0445184310971,-3.7161436042367217,1.3061257349458517,-198.69998388926575,1.306125734945852,148.65401843176363,-134.02537221092817,8.767608626957687,148.66534401115427,-482.87368884682974,10.119799760108446,150.82060911448332,-931.8892870224241,10.903970833044399,0.015836098183252156,-199.98416390181683,0.015836098183252267
238,2.38,1.1156398552740556,701.1156398552739,1.1156398552740556,2.583991707067963,552.6110233026034,2.491238044727877,3.4091844640095283,303.4091844640095,3.4091844640095283,1.08232918676105,401.0823291867609,1.0945334055455707,0.3092419982936523,200.28869471166826,0.28869079586338864,1.5321873240637802,101.65861551657441,1.6586155165745193,-4.512662723429189,999.5337841340549,-3.029359464589933,-207.5492187949838,510.80492583858666,0.4497753289657075,-337.8001080500866,406.02400110415437,10.0659543200035,-427.0112667875432,181.4861641849418,-6.943670653992282,-508.01107514296706,29.102786550526442,9.242095993534095,14.303485057407034,-222.14825059368218,-8.421708053906528,3.034699690446536,-196.96530030955353,2.7359929507856813,0.949422246203292,-199.05057775379674,0.949422246203292,1.2533646574524804,-198.74663534254756,1.2533646574524806,1.235653045725305,-199.7651923353584,0.23480766464163705,195.91689541628955,512.2698139776951,2.5090400010934957,357.96110661073953,423.2931548521624,-8.488971111712557,437.1775323876127,190.22477903785153,4.201484494688684,495.11924932641114,73.69246605223688,-4.253842011632158,-5.548539764596476,-214.39372185602713,-10.471771060644894,0.18037897406245768,-199.81962102593758,0.18037897406245756,0.2711675090498312,-199.7289686168795,0.2710313831205403,0.7997633007525273,-199.2002366992475,0.7997633007525274,1.7911193129707947,-198.20888068702925,1.7911193129707945,-140.63866223000377,-65.33338203592594,-2.2988470524449314,-140.69193117501462,-415.3965356799561,-3.023153213618185,-141.00586762629527,-865.7213355165513,-3.3370896648988233,1.3001608065582766,-198.7010422497801,1.3001608065582766,149.83958812444035,-133.53087134843048,9.216804749186416,149.32461773887712,-483.3128461005077,9.753811276767365,151.31802849632663,-932.0593973283856,10.682644017251707,0.4220762861170863,-199.57792371388297,0.42207628611708614
239,2.39,1.4575471232785033,701.4575471232783,1.4575471232785033,2.873179615528074,552.9564427915498,2.699892960824175,3.353688274726487,303.35368827472644,3.353688274726487,1.6001957277454049,401.6001957277453,1.6377873680733679,0.6048725788169643,200.59967741117163,0.5996575250730746,2.15200752332124,102.33595945798997,2.335959457990062,-4.904282863991205,999.111995200441,-3.4528912599860324,-207.19351003485332,511.1610286450904,0.8213732947043566,-336.8892890797847,404.93478734648033,9.418127536027619,-426.71172953421035,182.22937305102144,-6.507179696159312,-507.56985050294463,30.618825748649012,10.554936907876991,13.772276729662146,-222.7237106989167,-7.998957647998842,3.026175812612969,-196.97382418738707,2.8662896164338507,1.9863428608117286,-198.0136571391883,1.9863428608117282,2.128346635752978,-197.87165336424707,2.128346635752978,1.7279158518231337,-199.15532709694935,0.8446729030506974,196.4859824356185,512.7156947245322,2.6865122425419514,359.2955389312416,423.54174833416505,-8.497249213524295,437.4522196510368,189.50553209690932,5.0844809542454925,494.8374206647896,73.75615175527152,-4.560976948652321,-5.714589719932844,-212.84643834293848,-9.956287998405502,0.21508733468036792,-199.78491266531967,0.21508733468036784,0.7228871833326721,-199.2770598559806,0.7229401440194373,1.389618590126675,-198.6103814098734,1.3896185901266755,2.4609717252831187,-197.53902827471694,2.4609717252831182,-140.16453432970425,-64.10749784380175,-0.6686871933037979,-140.81028381590625,-414.81396180446586,-2.326491789226515,-141.40924025498606,-865.415148492779,-2.9255393501389872,1.4184908285287976,-198.58169366613612,1.418490828528798,151.2307871429839,-132.80619344261183,9.848302887740735,150.00852125757,-483.64914054420825,9.275787669886801,151.4730148348615,-932.5537241780428,10.086439600171406,0.9244631090424784,-199.0755368909576,0.9244631090424784
240,2.4,1.5110222911119853,701.511022291112,1.5110222911119853,2.9519038266874773,553.1516418025433,2.699773231825395,3.202624218638468,303.20262421863845,3.2026242186384684,2.0655724775125774,402.0655724775125,2.155750134755025,0.9622503346718883,200.96122734550778,0.9611486944619245,2.3149154787104855,102.52336032891907,2.5233603289191118,-5.147498876917188,998.8372813102634,-3.728759211112185,-206.98194899129047,511.349306256658,1.0348205002104574,-336.11390650817134,403.78114373201345,8.648869432962295,-426.5740746779803,182.92115152809424,-6.127946038895106,-506.8701002418394,32.546611699444504,11.97829116611002,13.416559472844046,-222.97278662573177,-7.2506129090042375,2.517468076425943,-197.48253192357407,2.450817593768001,2.8404832154163824,-197.15951678458364,2.8404832154163824,2.8092190117042177,-197.1907809882958,2.8092190117042177,2.1261240251392217,-198.48091938411983,1.5190806158802024,196.94431197645798,513.038561270672,2.8328040641158165,360.4796198698572,423.7074325984138,-8.598780207465712,437.49530692296753,188.50857985574913,5.6623124383931565,494.538527886928,73.65717782809082,-4.928154664465753,-5.689082300118701,-211.1047009635829,-9.261791068243419,0.3593208632529206,-199.64058016133833,0.3593208632529205,1.3701937744618065,-198.62946087847934,1.370539121520692,1.8452209027499187,-198.15477909725018,1.8452209027499187,2.824889548899419,-197.1751104511006,2.8248895488994186,-139.96900607566306,-63.13680942707845,0.5151935540888294,-141.19051533087784,-414.50341087184563,-1.8601544688761957,-141.67724239745172,-864.9910601732198,-2.3474757244388846,1.6370449592576921,-198.36295504074235,1.6370449592576921,152.52144490068602,-132.1606342578981,10.354639068664182,150.65965837965152,-483.85158842123883,8.809349441070733,151.36870146814817,-933.2876353194335,9.200861274536525,1.4684451260659808,-198.53155487393406,1.4684451260659803
241,2.41,1.269067510478706,701.2690675104787,1.2690675104787061,2.6672496489039226,553.0404093148423,2.3815482553651357,2.8726006182285175,302.8726006182285,2.8726006182285175,2.2229706978823156,402.22297069788226,2.391444741476227,1.2609068470941047,201.2607499666247,1.2605077043477724,1.8824070004908435,102.06635893515963,2.0663589351596663,-5.127734668899507,998.8242208989197,-3.7423806157571553,-206.93125850014613,511.35167873541036,1.0735459951550237,-335.35615058767917,402.7523290792267,7.881761836251417,-426.7440258378079,183.41424397002515,-5.952283694245441,-506.20879400740637,34.38489078946953,13.211123095007547,13.185894110942819,-222.94958891521526,-6.234899645144641,1.6602535056599423,-198.3397464943401,1.6386152620144165,3.1585875010820508,-196.84141249891798,3.1585875010820508,3.0031280961010776,-196.99687190389892,3.0031280961010776,2.262954873534114,-198.06197204887894,1.9380279511210938,197.134891878106,513.0888751465537,2.7967353817750507,361.4583578030002,423.6528264879617,-8.843273874704964,437.21249401317755,187.14202502153898,5.839190960530723,494.0352853318949,73.20441751822752,-5.54381068535364,-5.864214412530343,-209.5569283727367,-8.757412487259817,0.5611096555121259,-199.4382449437498,0.5611096555121259,1.929389378217707,-198.06885680470404,1.9311431952959843,1.8752282944562546,-198.1247717055438,1.8752282944562548,2.6049031109268808,-197.39509688907316,2.6049031109268808,-140.3241934688056,-62.71291950496301,0.9011458702148505,-141.89205531866406,-414.5312719387614,-1.6860532168326416,-141.90774817095897,-864.5499823317286,-1.7047636097999193,1.7020985484353162,-198.2979014515647,1.7020985484353164,153.38656736678692,-131.91688338691412,10.410060836544183,151.20364140597033,-484.01616524566816,8.34876458215406,151.1807627615316,-934.0839317540095,8.204052553415487,1.8157981170347834,-198.18420188296525,1.8157981170347834
242,2.42,0.7332282939446269,700.7332282939448,0.7332282939446273,2.067066715934968,552.6100108261571,1.8149361210728858,2.295847157192685,302.2958471571927,2.295847157192685,1.8894261392380827,401.8894261392381,2.1345544262532363,1.2444748183514729,201.24447481835145,1.243893661360501,0.8643742034131496,100.9908023959239,0.990802395923889,-4.771042998245072,999.1467640075198,-3.4198013060021015,-206.98970402555324,511.219725210169,0.9894573525260397,-334.6771597894404,401.8673824928884,7.061350175966426,-427.24278871149494,183.6856529937284,-6.002372022831535,-505.80348024404526,35.7842246341407,14.033020400427063,12.853622425795866,-222.88526946675313,-5.187353420702538,0.7861704930359296,-199.21370783918584,0.780821156036959,2.7819280750545654,-197.2180719249455,2.7819280750545654,2.6270891259287272,-197.3729108740713,2.627089125928727,1.9539914823952698,-198.18145821072977,1.8185417892702556,196.91742840376062,512.7265711670173,2.400700419159687,362.1621157731129,423.17489133460856,-9.294589483810125,436.6555095937207,185.46022535737472,5.665651347701905,493.2017790833686,72.2690635864416,-6.534483012915053,-6.545294104666959,-208.5488962910947,-8.752790026129487,0.5962134135224829,-199.4005089710825,0.596213413522483,2.0267144009150173,-197.96634911798247,2.0336508820175725,1.3294017816624106,-198.67059821833766,1.329401781662411,1.7941542616260406,-198.205845738374,1.7941542616260404,-141.31046128370818,-62.996617201338836,0.49841597492428336,-142.81143399485322,-414.7967812031352,-1.7032921325600685,-142.34665175268853,-864.3439335658445,-1.2504444952691902,1.3370577606613554,-198.6629422393387,1.3370577606613556,153.62962966609769,-132.26475327072114,9.819035654332152,151.50889342773564,-484.3304602942005,7.735158445363647,151.04447268505072,-934.8057941181969,7.2338474382716225,1.683883848724245,-198.3161161512758,1.6838838487242445
243,2.43,0.0136105745967674,700.0135375001269,0.013537500126748814,1.4016798877461327,552.0168430918761,1.2283201585722145,1.5165579401492317,301.5164848656792,1.5164848656792134,1.1704034803578194,401.17033040588785,1.448097145121943,0.8218535535705059,200.8217804791005,0.8206947349014708,-0.51276341364017,99.55483564681822,-0.4451643531818164,-4.147755470224759,999.73465536241,-2.8312725703430615,-206.97760029666728,511.133161009202,0.9623606299598652,-334.2088872613649,400.9896919726807,6.061182963366511,-427.9899018345367,183.81396513587848,-6.1991765993825085,-505.59466677695275,36.79620601668363,14.501754960373901,12.207844389769793,-222.99718622323746,-4.329847436632055,0.20375378706878625,-199.79552591382625,0.2033967814580217,1.9715985712304802,-198.02847450323958,1.9715254967604614,1.8811296561046476,-198.11894341836543,1.8810565816346287,1.26075158112644,-198.78329557041957,1.216704429580454,196.30885805035246,511.9554967770804,1.631922584450805,362.551849324735,422.1728238683005,-9.98262169116968,436.04384367467924,183.68544612876116,5.360213743228364,492.1470778534138,70.9581549092585,-7.791301834093712,-7.672410582279671,-208.06183164834215,-9.205323799936151,0.2807168768702138,-199.7063929772441,0.2806438024001951,1.5322061397652378,-198.44650106874053,1.55349893125951,0.30473019569783927,-199.69534287877224,0.3046571212278206,0.6873483175896362,-199.3127247568804,0.6872752431196173,-142.71960310702224,-63.890406362023946,-0.31047659156621016,-143.70684242385005,-415.0600983767731,-1.6727925376524233,-143.06714281974155,-864.457159943682,-1.0698541045613126,0.5294044284917245,-199.47066864597832,0.5293313540217061,153.29204232671594,-133.1584833016639,8.625026640754935,151.51596868344657,-484.89351503191864,6.857755893108627,150.98366727244,-935.4278984399065,6.316651586478958,1.0116285553225703,-198.98844451914746,1.0115554808525515
244,2.44,-0.6501758966910967,699.3493475979076,-0.6506524020924027,0.9250052285201924,551.467472833341,0.8317750607787999,0.6732103248159256,300.67273381941465,0.6727338194146193,0.4236602885405478,400.4231837831393,0.6683120701543951,0.24379618918734247,200.24331968378613,0.24173993529799542,-1.8395731671405686,98.18816027030037,-1.811839729699677,-3.4836374830671923,1000.3623905624761,-2.202294968003198,-206.69518880030157,511.2917122945207,1.1919713862585377,-333.9106072815427,399.9787132087552,4.927173679189117,-428.87173560483114,183.91062050694762,-6.431054979299493,-505.3410023021436,37.7140847032743,14.85799478840595,11.261006054338372,-223.27937318070735,-3.661039622256461,0.00265536389346388,-199.99379205804104,0.006042731930041595,1.2425862857143875,-198.75789021968697,1.2421097803130807,1.1670619374700446,-198.83341456793133,1.166585432068738,0.573995418366651,-199.43759947490844,0.5624005250915701,195.57323775302729,511.0249023254157,0.7499492719620016,362.75261156645763,420.8569431686875,-10.764106647811516,435.6730716315239,182.11606507494454,5.217598449414006,491.1623292226252,69.56128549978905,-9.023294766800841,-8.811950996385104,-207.6804698330302,-9.69703008156239,-0.3516846573106502,-200.31223163295596,-0.35216116271195624,0.7014582322000184,-199.24776422520534,0.7522357747946615,-0.9048420247624311,-200.9053185301638,-0.9053185301637376,-0.31317576598201247,-200.31365227138338,-0.3136522713833191,-144.11879919010494,-64.9950855958737,-0.9817070790880442,-144.35915313323338,-415.1039320278208,-1.378416223423336,-143.82857249372492,-864.6615368532432,-0.9360210488457813,-0.4367614090950726,-200.43723791449645,-0.43723791449637883,152.64402281149128,-134.33003111759996,7.100600871553275,151.39144766129942,-485.5555463809184,5.849678691272531,150.95926448149663,-935.9880127150022,5.4158425415586215,0.057638441107054565,-199.94283806429428,0.0571619357057481
245,2.45,-1.029135768592079,698.9684443373067,-1.031555662693393,0.7081617327274135,551.0789015045644,0.6670763596104328,-0.05277446424485199,299.94480564165383,-0.05519435834616604,-0.021836011070923922,399.97574409482775,0.1445957679187848,-0.15807507468544213,199.83950503121326,-0.1622850583422143,-2.689093110595319,97.31764542285117,-2.6823545771488755,-3.027514061322578,1000.7823583576564,-1.7804760519977179,-206.15955615471506,511.6773395129346,1.660227808229135,-333.5673868694199,398.76395419312416,3.8783410672627205,-429.7614327423889,184.09907829565662,-6.574459469917968,-504.8834634405871,38.74242336993867,15.26034360492994,10.219655439530626,-223.5334928766339,-2.9873011229213455,0.010047484797794493,-199.97643707506913,0.023562924930916995,0.8789264374576802,-199.1234934566437,0.8765065433563661,0.8356210602706047,-199.16679883383077,0.8332011661692905,0.33158400541300237,-199.67302522907016,0.3269747709298936,195.1198692692714,510.3542317809166,0.18220628647967907,363.0413375668516,419.6720278956405,-11.330115618664696,435.7489408711249,180.95988209679763,5.442045274510443,490.50909976065867,68.33760380338217,-9.9703996938055,-9.4570073187843,-206.90106742561312,-9.73175673709051,-1.1099140623714132,-201.01654799404122,-1.112333956472727,-0.0645371274331592,-199.97120185356403,0.02879814643599643,-1.9619867192188587,-201.96440661332025,-1.9644066133201732,-0.9458118744678626,-200.94823176856926,-0.9480298219008556,-145.09737176953507,-65.77608185157992,-1.1024153650784279,-144.74647785730787,-414.9091880356364,-0.8022825547073399,-144.33411754621505,-864.6615798629051,-0.5546743819759499,-1.21048322931364,-201.2129188816633,-1.212903123414954,152.03586265036733,-135.4355045614006,5.597591329117097,151.45825104927783,-485.99878361035167,5.02018979605814,150.9555525457497,-936.5014821138798,4.517281224499454,-0.7827167682067324,-200.78513666230808,-0.7851366623080466
246,2.46,-1.032997990654091,698.957431142514,-1.0425688574861312,0.6762904742485578,550.8664575832724,0.6541667642524887,-0.4904554130020973,299.4999737201659,-0.5000262798341377,-0.10294962556064043,399.8874795076073,-0.019922588310800668,-0.3251935446448677,199.6652355885231,-0.33634415996494904,-2.8283972960786894,97.16434745020871,-2.835652549791348,-2.900059721236808,1000.87755648913,-1.682814530491841,-205.66786817738273,511.9894972193632,2.0665505205153676,-333.0509940742643,397.32742744480475,3.0443757727939067,-430.52814672080535,184.50401171661082,-6.504852239239041,-504.2810159544724,39.84251211162847,15.648158901021354,9.26150031346466,-223.59321862439023,-2.1470735818195763,-0.036952246121177146,-199.9974388279512,0.002561172048833993,0.720744279834673,-199.28882658699743,0.7111734130026325,0.9245626446566844,-199.08500822217542,0.9149917778246436,0.638916866842313,-199.37098974621142,0.62901025378861,195.23312287312643,510.26573129036046,0.23631400469335415,363.64984287933447,418.97132047716946,-11.415638905307272,436.29252450833764,180.23775744683903,6.050961142563291,490.28308866265724,67.37747090098225,-10.541816472284914,-9.36214058037767,-205.48063465576536,-9.073369554202,-1.7946827885276986,-201.62530191826826,-1.804253655359739,-0.541490838469799,-200.41173875799956,-0.41173875799948245,-2.6207470996568247,-202.63005686450177,-2.630056864501707,-1.1803417867171073,-201.18991265354924,-1.1885957958530722,-145.49699104648138,-65.86777442283307,-0.5662542946021754,-145.0040681107915,-414.6163703015734,-0.08616577538820003,-144.5632695021988,-864.4152846398365,0.11483968693314625,-1.5728870043272911,-201.58256062784602,-1.5824578711593316,151.7558862940917,-136.19301863249154,4.403493577198473,151.92155958827908,-486.02137064167255,4.569166871385866,151.02675036692796,-936.9161798630238,3.6743576500347253,-1.2176187757532713,-201.22718964258536,-1.2271896425853122
247,2.47,-0.7112365007429421,699.2592831539823,-0.7407168460177449,0.751053882899761,550.8048367136469,0.7183996818331649,-0.5885911354935308,299.3819285192317,-0.6180714807683334,-0.00437824262238834,399.9661414121028,0.015963200954725143,-0.44241636559781355,199.52810328912736,-0.47298245507163256,-2.3454468591833986,97.6255287668003,-2.3744712331997393,-3.0504806123380703,1000.706334817954,-1.850957139670709,-205.5268789651245,511.9141992829211,2.0969077897021946,-332.46642197270626,395.70037032939763,2.317672394013364,-431.0892938600292,185.19762775176258,-6.150645076148529,-503.7436237241685,40.8065640332063,15.807093103583224,8.370323226844311,-223.49067369215746,-1.1772825515125631,-0.25622331334513876,-200.16795658000655,-0.16795658000647934,0.4609595635625897,-199.56849175381916,0.4315082461808637,1.155182393555306,-198.87429795171954,1.1257020482805036,1.164305733532713,-198.86517461174213,1.1348253882579102,195.89439114088526,510.7567256582623,0.882444566647198,364.62766906139603,418.80131522682154,-10.979748512668657,437.18478689373273,179.82674132355828,6.918058841975105,490.43346607557714,66.62149156642286,-10.796983504590745,-8.621038451988774,-203.52099178730066,-7.8268675615064325,-2.224567853419501,-201.99367495759515,-2.254048198694303,-0.7401929590094152,-200.6117997220719,-0.6117997220718409,-2.786559732815907,-202.8143374792606,-2.814337479260492,-1.123081968478894,-201.15256231375378,-1.1458747585606888,-145.45952187283535,-65.30400523408807,0.43440944935617753,-145.24928148198143,-414.35196664312855,0.6421225937615527,-144.76533910612443,-864.1396546221814,0.8539116488266363,-1.4712530884332895,-201.50125527522158,-1.5007334337080922,151.97645021290975,-136.43643518653028,3.68599919183207,152.66887228938486,-485.74207341005206,4.378421268307157,151.292085706842,-937.1188599925949,3.001634685764279,-1.1526187164520008,-201.18209906172683,-1.1820990617268037
248,2.48,-0.19731095086430317,699.7319693771984,-0.26803062280164713,0.8734155617452076,550.8297274853435,0.8020709205470452,-0.4872719268030166,299.4420084012596,-0.5579915987403604,0.04969103599983815,399.9789713640625,0.03923758901106289,-0.6180729903422439,199.31120733772036,-0.6893738192705595,-1.585211217384697,98.3441390361352,-1.6558609638648178,-3.329201635262037,1000.4268453322456,-2.126748638031078,-205.70206245019045,511.4777497227249,1.777573813119123,-331.98709529270945,393.98730909203084,1.5209678083829345,-431.46764420461767,186.14544071693615,-5.549290221814243,-503.45743905570475,41.444499299375146,15.546732239057015,7.385489735502054,-223.40398442065484,-0.2608641726379708,-0.5421590497378488,-200.3928982180562,-0.392898218056138,0.00021740474177389668,-200.07050462554804,-0.07050462554797543,1.223329023078369,-198.84739064885903,1.1526093511410254,1.404115487287378,-198.66660418465,1.333395815350034,196.88170056428157,511.54522584910086,1.8212656969514307,365.8878307199094,418.9526871622894,-10.197743748339288,438.27110637090266,179.56744799466634,7.880740011771055,490.84963480370334,65.95433490271316,-10.851762388903001,-7.505581595770864,-201.30454391102046,-6.275615437190603,-2.221847447603394,-201.9975255841692,-2.2925671195407373,-0.7579738173212567,-200.6893705419563,-0.6893705419562436,-2.5264703462849023,-202.58854350791023,-2.588543507910188,-0.8736221871678744,-200.9443418591053,-0.9178920652281068,-145.31857285283476,-64.49594586383205,1.534975897139577,-145.53711924903348,-414.18111778702,1.316068340244866,-145.14963924384324,-864.0330805463105,1.4614497410629377,-0.9904848119738165,-201.06326840713407,-1.0612044839111607,152.69958803572158,-136.16899779427186,3.441494451981316,153.36657917719754,-485.50151621983116,4.1084855934572655,151.8820684698979,-936.9860269271308,2.6239748861576486,-0.6616171469720041,-200.73233681890937,-0.732336818909348
249,2.49,0.3632744600841438,700.2311527188763,0.23115271887626776,0.9658898204762649,550.8406027369576,0.8336722371281171,-0.37455794424810124,299.493320314544,-0.5066796854559772,-0.021656290742296136,399.8462219680498,-0.0038737104391333155,-0.7229618727015715,199.14491638609053,-0.8553258761864541,-0.8978652858958902,98.97001297289626,-1.0299870271037666,-3.615952850990899,1000.1581968684352,-2.3910770865650575,-205.7934928806065,511.08162057511754,1.5100483436737946,-331.61084459504866,392.38307980762,0.6621087572224517,-431.7650311929449,187.24333050110272,-4.8138910094687475,-503.40596075342467,41.77816888874625,14.890153843757414,6.211199831254113,-223.43719008702539,0.4933519247396383,-0.6676745387142586,-200.47972653577307,-0.47972653577302193,-0.5078875292592756,-200.64029767447983,-0.6402976744797697,1.0967652415252158,-199.03535649968268,0.9646435003173399,1.115548756695329,-199.01657298451255,0.983427015487453,198.01211742625728,512.3436829359805,2.764219047286539,367.28556750528446,419.1266069655159,-9.33879844786654,439.4259861037387,179.33951317884146,8.815561070283913,491.4431088320139,65.30147568217423,-10.781699480934552,-6.3008629267072,-199.11713884819164,-4.705739812096787,-1.723220785230756,-201.59496928533946,-1.8553425264386314,-0.645440723901411,-200.68180729713885,-0.6818072971388172,-2.0235655567671227,-202.12148968630532,-2.121489686305287,-0.4553370690253238,-200.58745881023324,-0.505987709482512,-145.38933206456792,-63.917557522382424,2.4119450177133044,-145.9149649254,-414.1515912401727,1.8864843397577857,-145.65292705928584,-864.0525437020217,1.9750278273739306,-0.3023961749627893,-200.44087524725663,-0.4345179161706653,153.7192395896825,-135.5925301063732,3.468038795673022,153.78531529353958,-485.5263578305395,3.5341144995301095,152.84829378594316,-936.463379338136,2.597092991933662,0.0811722128454549,-200.05094952836245,-0.05094952836242106
250,2.5,0.8865528700340082,700.6943168708922,0.6943168708921406,0.9977059933638924,550.8068158181171,0.8054699942220253,-0.23814268083129853,299.56962132002684,-0.43037867997316587,-0.14522937847703077,399.66253462238114,0.01157531856502858,-0.5367809166352283,199.27098308422288,-0.7290955668230736,-0.4086192674654271,99.39914473339272,-0.600855266607295,-3.9022403988877725,999.8874391922932,-2.6568897691311966,-205.39786096100585,511.15098019376205,1.7198734905002477,-331.13005078253406,391.1475109704843,-0.0255638822076778,-432.0478395365904,188.44260984625862,-4.011607216957186,-503.3360091832686,42.08654923621781,14.118445438861729,4.950490101612663,-223.47561256782723,1.1953002918713078,-0.44755262975610244,-200.27706476205384,-0.27710209344190817,-0.8147194423429119,-201.0094999151998,-1.0094999151997832,1.014259757035598,-199.17797624210627,0.8220237578937303,0.5263481827982361,-199.66588781634366,0.33411218365636836,199.25085259861424,513.0785840655697,3.644618483053369,368.63695475251853,419.0850721700085,-8.627332975976575,440.5610184827789,179.08009037530303,9.656737751586935,492.1864759278766,64.67535129354937,-10.575869432161785,-5.2517775399471684,-197.18342312979104,-3.342264449535243,-0.8986406648251096,-200.91192492687543,-1.090876663966977,-0.3691389384840357,-200.51012088962997,-0.5101208896299536,-1.471456239735468,-201.55835617921957,-1.558356179219533,0.15023517622492766,-200.04200082291698,0.1534381878461888,-145.75311377656482,-63.73729011253356,3.000661176880263,-146.39445921673473,-414.25510540655546,2.360190153508702,-146.04035854780344,-863.9802429910885,2.6026978155362865,0.44344382459564774,-199.76404261902383,0.2512078254537801,154.72577498419113,-134.9929528181423,3.4804243544345477,154.02471736559713,-485.693995626944,2.7793667358405507,154.08913569739886,-935.6295772951423,2.8437850676422722,0.8831801102332536,-199.30905588890863,0.690944111091386
251,2.51,1.3409908874905345,701.1231589624392,1.1231589624391716,1.0318664619925613,550.81424092572,0.8140345369411984,0.12456661468373875,299.9067346896324,-0.0932653103676242,-0.21792440361884946,399.56424367132985,0.20626029256980627,0.012721340203444453,199.7948894151521,-0.2051304709465931,-0.04455736036795532,99.73761071458068,-0.26238928541931855,-4.23366623013198,999.5357467462011,-3.0030094465481456,-204.49048616251156,511.7441768617752,2.4666828499572375,-330.33414122912006,390.4794162618167,-0.29422998352217344,-432.2815886707672,189.8069486605596,-3.099748428526757,-502.942511767276,42.71284091275423,13.577355992340241,3.7867174898388596,-223.31279028033492,2.0467732693187455,0.10020556360175514,-199.79731318607122,0.20244338269950485,-0.7753008432365779,-201.00652249005552,-1.0065224900555114,1.199588221084657,-199.0182437039667,0.9817562960332938,0.07024082965130951,-200.14759109540006,-0.14759109540005322,200.5992412713336,513.832782880412,4.5513104923481835,369.7528357358997,418.73536580388986,-8.152724927199056,441.6268257092978,178.77727417340424,10.389576258783217,493.090146422514,64.13249512290395,-10.17973985915761,-4.536432414820781,-195.64864900849673,-2.3310201227011804,-0.07084247138180144,-200.1928884340016,-0.2886743964331642,0.11322950046492375,-200.08323655862216,-0.08323655862214863,-0.9925783217622377,-200.95772217573668,-0.9577221757366544,0.9011554894786927,-199.31667643557267,1.048451706210097,-146.24469941084288,-63.77248504105158,3.4948603904644946,-146.92989956838557,-414.41422676485365,2.8131186184470005,-146.21943222137475,-863.7051336810532,3.4445966835789426,1.1937912877581838,-199.0525322185375,0.9759593627068209,155.4808956498822,-134.57360310631563,3.276563895881963,154.374903313164,-485.6795954430338,2.170571559163757,155.34695740383728,-934.7075413523605,3.142625649837032,1.5699486725365495,-198.64788325251482,1.3521167474851863
252,2.52,1.6661167755444732,701.4738807764027,1.4738807764026056,1.0898316387611797,550.8975956396193,0.8975956396193121,0.7889087395197543,300.5966727403779,0.5966727403778869,-0.2122860401566926,399.5954779607015,0.5125909688599347,0.7360113290344357,200.5437753298926,0.5437714140875647,0.25084276694311536,100.05860676780125,0.05833937127242628,-4.569942001084695,999.126741722373,-3.4058112846948205,-203.45045196172242,512.4992659524614,3.3912639889305476,-329.2288184289747,390.34058969917913,-0.12917006611109733,-432.42664206332984,191.38834003539762,-2.023574531362895,-502.11132416023116,43.79316933094634,13.406070653659597,2.7496639557549707,-222.91262286425655,3.0793039120194594,0.6730478241022495,-199.29797142563157,0.7007923285794365,-0.4936336186560551,-200.7350918426795,-0.7350918426795248,1.6127253802698398,-198.57951061887204,1.4204893811279717,-0.06930801017818572,-200.26154400932,-0.26154400932005345,201.92324362775037,514.593784564334,5.474652233422287,370.51432784764836,418.1061863328321,-7.887019119515591,442.6288455927219,178.4575346232756,11.037915093091424,494.1571879675265,63.69342833062049,-9.575275176054191,-4.2071989087146555,-194.54800485455598,-1.708037211133887,0.49903436839382037,-199.65327210099196,0.3067983692519528,0.696214530799791,-199.4890849872395,0.510915012760478,-0.6351554529728041,-200.35530798483381,-0.35530798483382103,1.631467036601074,-198.56060626715248,1.9706520443769353,-146.68897411330587,-63.80224176253629,4.0806020064302455,-147.51574921026582,-414.60821004094527,3.2644794868350306,-146.39714422039998,-863.3925403062949,4.3351452766219385,1.9116413898664897,-198.32204961537474,1.7194053907246223,155.8950499297086,-134.40585668652722,2.786559799827983,154.95765247006005,-485.3432541461757,1.84916234017948,156.2798424520916,-934.0210641641443,3.171352322211,1.9485504444114192,-198.2436855547304,1.7563144452695516
253,2.53,1.764270063761017,701.6321483225531,1.6321483225531406,1.0297153764193598,550.8974727930688,0.8975936352114837,1.4944453004615275,301.36232355925364,1.3623235592536513,-0.17743379255415237,399.6904444662381,0.7051092708190594,1.2695136819306723,201.13739194072286,1.1373913402146496,0.4077686444850411,100.27564690327718,0.2739032588793175,-4.753403497609109,998.8347696760245,-3.6909472426295773,-202.7336181143964,512.9442069489438,4.02468036577417,-328.0768554027496,390.4101243651915,0.19363603082861824,-432.5914944441928,193.0570362780869,-0.8606475215895267,-500.9907126867608,45.16812503627633,13.44886419910897,1.6680836169293076,-222.47352538148243,4.0900392941928185,0.8398707237214428,-199.169614491929,0.8254960611270287,-0.24886983393831474,-200.51397624826495,-0.5139762482649981,1.9952579325079345,-198.13686380869996,1.8631361913000584,-0.06150927265796125,-200.19363101386583,-0.19363101386583745,202.94076843930515,515.1316807887521,6.185595105350827,370.91941003206944,417.26480937925635,-7.764621159657725,443.60349401945444,178.14507459319375,11.623489463361867,495.36513738912373,63.31419486815594,-8.809394753814836,-4.180831131341431,-193.81354737918275,-1.406463598446103,0.7233444563565579,-199.39581406449554,0.591222715148682,1.0816073584986126,-199.04876056563094,0.9512394343690136,-0.39862849523416777,-199.84387284456523,0.15612715543478622,2.1182355222714158,-198.01247387733372,2.58916922215085,-147.10819187875228,-63.83889085613487,4.712870113200505,-148.2278278428176,-414.93097312690037,3.6187883537925676,-146.86853628121477,-863.313223259016,5.02555872681474,2.4593642699703477,-197.71973214727086,2.327242528762472,156.00708889748435,-134.4661121656999,2.03556019091517,155.56788456084232,-484.905316502342,1.5963558542731098,156.60393235347067,-933.8692687097137,2.6324036469014462,1.843195244503877,-198.288926496704,1.7110735032960005
254,2.54,1.609957440915459,701.5392377689782,1.5392377689781145,0.6793980715986504,550.6078904099065,0.6086783996613062,1.8460135665712984,301.77529389463393,1.7752938946339543,-0.17865232350873805,399.75062800455396,0.6182359930002862,1.329827022619301,201.25910735068206,1.259107350681957,0.33405853510337585,100.26333886316607,0.2544839062619321,-4.650266021518907,998.8268540988583,-3.691391500351261,-202.52013234661993,512.8661410893026,4.153508510950014,-327.24513512948045,390.25472211414854,0.27724762225325117,-433.02062740390494,194.53049761454344,0.18738777730614328,-499.8210088600099,46.56899289501865,13.442156171058325,0.35242836058474186,-222.22882367438368,4.841372393333639,0.4143393017860675,-199.59223552829053,0.39270391485077527,-0.21670272236763596,-200.5575595839572,-0.5575595839572058,2.1044608291192826,-197.96646417763623,2.033535822363774,-0.10713143525882268,-200.17785110719615,-0.17785110719616692,203.4123264812481,515.1779364464877,6.415684936494498,371.06315482657726,416.28079046141625,-7.718135728227596,444.5536807115527,177.81411993588807,12.118228078312779,496.65745656805615,62.90562725636058,-7.974697904879152,-4.314722247564562,-193.33369928356615,-1.3160466166513307,0.6429637828005506,-199.4244782737417,0.5722441108632067,1.004492536759502,-199.06588178811893,0.9341182118810429,-0.24301405479809968,-199.53539967268364,0.46460032731636236,2.235722860034193,-197.8273174404074,2.7016492309415954,-147.666217023548,-64.06525485155437,5.192019389589596,-149.0986637401673,-415.44965339711274,3.8073142125167934,-147.67939096092644,-863.542473612823,5.475422908574799,2.6496180762723043,-197.4625566017644,2.5788984043349608,155.95651450084083,-134.64673608296815,1.1327875058214507,155.88847925289966,-484.71477133090934,1.064752257880273,156.2742874240902,-934.3289631597188,1.4505604290707992,1.2940777670685253,-198.7766419048688,1.2233580951311813
255,2.55,1.3045196548234563,701.2750393095488,1.2750393095486532,0.05932946162812436,550.0258473741819,0.029849116353321437,1.679023868593391,301.64954352331847,1.649543523318588,-0.2441588340487193,399.72636082067646,0.2980981074278946,0.9339081313103088,200.90442778603557,0.9044277860355059,0.061538325061576304,100.03205797978686,-0.0029640541470946635,-4.2898052482076885,999.0951785922679,-3.4149582868043824,-202.63988253121437,512.4142754220113,3.918761948731541,-327.0037664418139,389.5666779814535,-0.16702674410543894,-433.882911520914,195.61334220500936,0.9656688122712799,-498.69269236310447,47.88629357633619,13.28467888646534,-1.2479691017474481,-222.2611458386076,5.246577437407134,-0.32573874823269766,-200.30315536151141,-0.3392837592730641,-0.3201018156227867,-200.76720643597918,-0.7672064359791613,1.8535117092899713,-198.17730758719318,1.8226924128068125,-0.17945833610170658,-200.20893868137648,-0.20893868137650995,203.3363700408471,514.6824771379298,6.11476854511038,371.0709949849807,415.22800201677586,-7.67602569854654,445.43580377157764,177.40423486947523,12.459574708427908,497.9245199763485,62.34593118164742,-7.19686767020437,-4.457315139034435,-192.97536158523644,-1.3052284021097147,0.34308277487077743,-199.6857521696659,0.31360242959597495,0.5216196073275307,-199.5078077772605,0.49219222273949315,-0.12878304067138524,-199.4713859940694,0.5286140059306421,2.0377439432594153,-197.95878960218218,2.3947006304819602,-148.46945667172506,-64.59769152425841,5.39499952478548,-150.0372806835067,-416.09605200587924,3.8966390431646305,-148.5842497654346,-863.932347166284,5.84957451291489,2.423797486554151,-197.63369336507884,2.394798216165455,155.93581165669235,-134.77538470188608,0.252198007214396,155.79599393076674,-484.9152024278118,0.11238028128877864,155.5637440509836,-935.147452307595,-0.11986959849436551,0.6546571014809306,-199.37482324379386,0.6251767562061277
256,2.56,0.9294374108782919,700.9198665440463,0.9198665440462508,-0.613508609720532,549.3610933261338,-0.6230794765525727,1.1510314120622023,301.1414605452301,1.141460545230161,-0.3577846552144366,399.6326444779535,-0.0782066923660315,0.3489887005737351,200.33941783374172,0.3394178337416942,-0.24889029538977447,99.74165575733187,-0.36621970167471474,-3.825983414522973,999.4869571961829,-3.0144315522024305,-202.79329241986235,511.8875897872349,3.6067918016124043,-327.41505609441117,388.2832908321366,-1.2001076909043178,-435.0980163869928,196.37945563591245,1.5072922446988324,-497.513721094289,49.209329381193015,13.078560046517904,-3.0522198035612846,-222.50146876309162,5.371102301975534,-0.893366142489445,-200.83141119278798,-0.8989079258546371,-0.3845156576740497,-200.8890059374755,-0.8890059374754977,1.2825461299183951,-198.73382449222004,1.2661755077799846,-0.13989146008630238,-200.14946232691835,-0.14946232691834327,202.9205299985801,513.8280603480845,5.465454574436677,371.01646573563994,414.1524385712869,-7.5948014128249905,446.2274106756023,176.89646988012527,12.626641807098599,499.01996800828465,61.501350026009405,-6.6139923388231825,-4.452254035259684,-192.57960725642863,-1.2168214180397832,-0.09241542797568392,-200.10188731939894,-0.10198629480772459,-0.028811032866103536,-200.03838189969815,-0.038381899698144206,-0.0953804981965809,-199.63286789774781,0.3671321022522287,1.659640063499533,-198.23826597566313,1.9111442116414257,-149.46909925694172,-65.37673862802684,5.378556964117442,-150.91487653447874,-416.7438034138175,4.01149217832672,-149.3275963783238,-864.3511209482901,6.260540886220734,1.9309061701835057,-198.0907781388105,1.9244723056670994,156.057394952028,-134.7395593900446,-0.49207748541853435,155.41198509192392,-485.3849692501488,-1.1374873455226187,154.8940584886739,-935.9028958533988,-1.6554139487726554,0.3188714807208206,-199.69069938611122,0.30930061388878016
257,2.57,0.3832150083874981,700.3807951142863,0.3807951142861836,-1.1106652023017223,548.8381637037601,-1.1130850964030365,0.5347619979955611,300.53234210389417,0.5323421038942467,-0.4904369798168896,399.50714312608176,-0.38135696835869726,-0.1617840246226912,199.83579608127602,-0.16420391872400547,-0.4399511525853833,99.55839136457394,-0.7003884088621789,-3.3923793915202527,999.8600493146773,-2.6319500435490517,-202.79763558725114,511.4779770730138,3.4030692383452177,-328.3150258908621,386.5857015828008,-2.6472157434090464,-436.407008384341,197.0908649828644,1.9931263430022719,-496.22759135930244,50.60061686065371,12.90062265209659,-4.894097942157548,-222.78627287883648,5.375914820149066,-1.0690049596282558,-200.97261826336285,-1.0706314801545755,-0.34157559342260835,-200.79566703043469,-0.79566703043465,0.5082430027163479,-199.52107044531877,0.4789295546812564,0.037078353215135085,-199.9653415408862,0.034658459113820594,202.39111016824904,512.8384040541782,4.6914761301617265,370.9050526966872,413.05657281152173,-7.474658586795355,446.98776723896685,176.36336873744958,12.690222765763409,499.84915643595,60.299787872457905,-6.302926217058327,-4.201186806738154,-192.03508041142302,-0.9413885071771411,-0.5821201973150958,-200.58454009141644,-0.5845400914164096,-0.3824416604798758,-200.38486155458122,-0.38486155458119,-0.24989906479775326,-199.99963616574473,0.00036383425530694957,1.144621868929807,-198.5585666787225,1.3811256644752015,-150.4921956723988,-66.21575091517971,5.327378663389901,-151.6420237469183,-417.29611545953844,4.24701411903116,-149.8515445196959,-864.7948711889603,6.677601755854241,1.412108410665578,-198.5807378022423,1.4256195288436582,156.23731932725508,-134.61344637251977,-1.1725772346368135,154.93130764241988,-485.91948110586384,-2.478611967980798,154.53693001474016,-936.3138356850347,-2.8729665471517296,0.34495148938501896,-199.65746840471633,0.3425315952837047
258,2.58,-0.46414578524221983,699.5353777093565,-0.464622290643526,-1.3107411999391267,548.5718342458196,-1.3112177053404335,0.049163790287997555,300.0486872848866,0.04868728488669116,-0.6076639989168812,399.3918594956818,-0.5757082414202245,-0.48202724939110414,199.5174962452076,-0.4825037547924107,-0.48416751878472575,99.51922781967366,-0.9642364459134846,-3.051410279359068,1000.144496988009,-2.337470033688035,-202.59583019577332,511.2506887519788,3.3789367110239734,-329.3349254929054,384.85768863735143,-4.130150372358142,-437.5942629348972,197.96508527852734,2.5882481221230367,-494.95986993991596,51.95022674090019,12.644995922603885,-6.518056999447143,-222.8675215603965,5.510834873230725,-1.0239197594033782,-200.91425601256967,-1.0242745970263958,-0.21234120975688126,-200.53122570242653,-0.5312257024265141,-0.2634421840940403,-200.34675666744948,-0.34675666744945266,0.2723630249140788,-199.72811348048728,0.27188651951277204,201.90790917116362,511.8776491415628,3.9574195091882034,370.7801184221039,411.98904543420076,-7.269781983696607,447.8502945117493,175.95062925661915,12.794457422144076,500.4649698066772,58.81466426677299,-6.195416437529925,-3.7273874395361037,-191.35243544148358,-0.49166200531562354,-1.013660059637037,-201.01413656503837,-1.0141365650383434,-0.5569352218331229,-200.55741172723447,-0.5574117272344294,-0.5931003970217725,-200.48827525914373,-0.48827525914369724,0.4514604186984362,-198.91474636530748,0.7715938698664703,-151.2826819282561,-66.85827703628199,5.496252731990261,-152.12548430622235,-417.6533378747017,4.701191893570517,-150.20823329412502,-865.2475856685667,7.102110292466179,1.0283591694431606,-198.91117288334226,1.0908910398806502,156.30421483627646,-134.55974612997994,-1.950341854858494,154.52252230126442,-486.3415889601489,-3.7321846850274234,154.4986013658385,-936.365359600418,-3.7559553252964197,0.45455989715419154,-199.54591660824715,0.454083391752885
259,2.59,-1.4017168976259007,698.5982100279041,-1.4017899720959193,-1.1474678735678538,548.6339713324872,-1.1475409480378729,-0.12351394177072922,299.8764129837592,-0.1235870162407482,-0.6409546193170486,399.3589723062129,-0.6340503229577679,-0.551077090733024,199.44884983479704,-0.551150165203043,-0.464377413211731,99.55086295184219,-1.1525734038617583,-2.877780651903669,1000.2619385204407,-2.2093516945296225,-202.09530273755507,511.30260740606633,3.6435750376654905,-330.00491812859286,383.57690911339307,-5.173844676673994,-438.6184342441892,199.04130516443786,3.328864114253852,-493.8388816476371,53.163631146411475,12.199464307997468,-7.62440508084692,-222.46706351124172,6.066598747120471,-0.9765291454266518,-200.88481780577186,-0.9766022198966706,0.0412679732633322,-200.13256274832912,-0.13256274832906434,-0.733373398795488,-200.93216445198186,-0.9321644519818029,0.5659673500049356,-199.43410572446513,0.5658942755349164,201.6587295499706,511.1371454546031,3.4573501898765655,370.8139877165024,411.1271186439824,-6.805885003477969,448.96808658747256,175.81974071936008,13.099473720188909,501.062138843528,57.25684098997489,-6.086155636535944,-3.082198442543903,-190.57370542616502,0.08810861867943465,-1.2129511336449925,-201.2130242081151,-1.2130242081150113,-0.6609787004133462,-200.6610517748834,-0.6610517748833651,-0.8703005955220509,-200.83635083911378,-0.8363508391137193,-0.314125678943579,-199.25078993404242,0.12048931301929672,-151.56027061069912,-67.03343511981828,6.154390072295723,-152.2365290723236,-417.6841393767854,5.503685815328579,-150.39825612000763,-865.5843905775156,7.677701046247121,0.8205951450597219,-198.98592031004216,1.0146015314713226,156.27411115564914,-134.5577168845776,-2.8029616467511413,154.40187467304344,-486.43071662896944,-4.675961391142874,154.69680474364387,-936.135023296583,-4.380268058756416,0.39025096338742515,-199.60982211108262,0.39017788891740623
260,2.6,-1.8607183855348697,698.1392816144653,-1.8607183855348692,-0.5642606685059514,549.1178415754586,-0.5642606685059516,0.1676821256730036,300.167682125673,0.16768212567300295,-0.5173807217088202,399.48261927829117,-0.5163159655112028,-0.2721192579537763,199.7278807420463,-0.2721192579537767,-0.44991835641221106,99.59725035802407,-1.1998474602728082,-2.993235490437139,1000.0894302737338,-2.3705373045657057,-201.1684493463256,511.76291500713,4.334324540475329,-329.97452362264926,383.09697781637294,-5.425387959079655,-439.57314671576023,200.22113963715813,4.137448282926806,-492.7415852931894,54.40791752577792,11.700914244866084,-8.039345134561177,-221.45127183767565,7.206341418765044,-0.8827593929279803,-200.84066514075633,-0.8827593929279803,0.5386952159491877,-199.53481758505177,0.4651824149482423,-0.6383044760006251,-201.00955853640647,-1.0095585364064474,1.038974341371678,-198.96102565862836,1.0389743413716777,201.89364846936294,510.86866792946364,3.4516356223085607,371.1830009600768,410.6505590510746,-5.906319453668345,450.42771272161747,176.06319356795012,13.69660112372582,501.82739412552553,55.82670114485116,-5.780680291007522,-2.191503839914377,-189.61741771682884,0.8770625598600814,-1.0121750254902526,-201.0121750254903,-1.0121750254902524,-0.6430402814066221,-200.64344565506872,-0.6430402814066225,-0.7115406507161134,-200.70358541184362,-0.703585411843582,-0.7947474137840012,-199.38524566345257,-0.30844243886463696,-151.19350454900814,-66.61729680984507,7.424044159949052,-151.9148237382198,-417.327963421692,6.713377548102146,-150.37000264325138,-865.6741429770652,8.567895968205171,0.7907812003411512,-198.7437491325701,1.256353624116522,156.41949018245163,-134.33270166241766,-3.454107475613191,154.83359456596105,-485.92161603783165,-5.043021851027115,155.1479161767267,-935.6042756681427,-4.72568148133808,0.17674934516261354,-199.8232506548374,0.17674934516261354
261,2.61,-1.443191608557036,698.5568083914432,-1.443191608557036,0.3590070364218618,549.9987816859369,0.3590070364218618,0.9093969444762464,300.9095448234447,0.9095448234446527,-0.26476734507913974,399.73523265492094,-0.2646649385278537,0.36577370362343636,200.36577370362352,0.3657737036234361,-0.4409945928952296,99.67215723523256,-1.0313052423971647,-3.4328418289203526,999.5916593137624,-2.8563386032202462,-199.89800659294588,512.548778589415,5.369625677339522,-329.2631711487836,383.3995801344902,-4.903076289704652,-440.5887487257438,201.36840142260377,4.896424896187786,-491.3971818119212,55.97876436382364,11.433128266531877,-7.8981801772813975,-220.00042277643763,8.783988157260957,-0.5573639133085533,-200.59948066520394,-0.5573639133085532,1.3172826715632762,-198.70685646628726,1.2931435337127348,0.01392777760803543,-200.5262436929246,-0.5262436929245833,1.725304828954857,-198.27469517104515,1.725304828954856,202.72111664079682,511.1816615759185,4.067604217608807,371.81162755949174,410.48756248844677,-4.646143001359271,452.1581401571815,176.6148901274775,14.518784528413008,502.7707080200169,54.54710578343072,-5.262389593750239,-0.9045456456436566,-188.32597665215167,2.0303668077044525,-0.4322482349873248,-200.43224823498736,-0.43224823498732484,-0.37277277585420765,-200.37541614418058,-0.3727727758542081,-0.005531903499924606,-200.00595857060495,-0.0059585706049110065,-0.680484039172629,-199.20487233473705,-0.25228158126442096,-150.36995264294194,-65.79849997071415,9.114902115147867,-151.30982643644236,-416.7349153786895,8.17848670717265,-150.1186822118756,-865.5083842463156,9.784409817153625,0.922441622819568,-198.20777033681847,1.7922454214298258,156.97539471168048,-133.64851863143792,-3.665924883334733,155.88932172974137,-484.74389004547567,-4.761296297372434,155.885627336893,-934.7382860062254,-4.75569225812222,0.028090963604537555,-199.9719090363955,0.028090963604537444
262,2.62,-0.37136741358890174,699.6286325864112,-0.3713674135889019,1.277282409900046,550.9593846538646,1.277282409900046,1.8358903784907226,301.8368546704955,1.8368546704954032,-0.053971656190738404,399.9460283438094,-0.05401386299647082,1.1135238816911475,201.1135238816912,1.113523881691147,-0.4204082290309263,99.79098705089962,-0.6926475510406551,-4.0135471769305395,998.9516168731375,-3.4837633291517367,-198.69657824280068,513.2430918979001,6.334219848470266,-328.3334395369723,384.02259237175133,-4.068886910128221,-441.7581846129867,202.38401702529404,5.51707166580042,-489.7631792481452,57.90678851070362,11.451381035868275,-7.627524847350116,-218.54403541683752,10.362895361165121,-5.2633974223281754e-05,-200.17269243350054,-5.2633974223337265e-05,2.186767782898632,-197.8193893088914,2.1806106911085954,0.8562382197872932,-199.7558562464376,0.24414375356242335,2.3917305915109734,-197.608269408489,2.3917305915109726,203.8846252965337,511.8204397233982,5.06999303373659,372.3329430453614,410.2764134626494,-3.3904516126798807,453.9382545328356,177.25841527159272,15.348857578025825,503.74899788284154,53.28781533900553,-4.668097719494774,0.7889922641047609,-186.68205466794382,3.5628472019915787,0.23974063477794624,-199.76025936522208,0.23974063477794616,0.09258844378223974,-199.9208356882486,0.09258844378223885,0.9075647600741549,-199.09728198138495,0.9027180186150666,-0.09593560789144756,-198.87726181209106,0.1982245548007816,-149.503007616574,-64.98808421611157,10.814252898613198,-150.74918101129325,-416.2333831940326,9.569108185311126,-149.73024500556556,-865.2054999768382,11.149529919533219,1.1044477394333572,-197.6299952011864,2.3700047988135813,157.8366336088862,-132.60949230851014,-3.5410690186569522,157.24858485981417,-483.21984683661606,-4.1514235467628815,156.76245497878278,-933.6836709386137,-4.6152476487603415,0.08494323820274646,-199.91505676179725,0.0849432382027463
263,2.63,0.7126933959266025,700.7126933959267,0.7126933959266024,1.7454353718311895,551.5269476523564,1.7454353718311892,2.544421680512068,302.5493187593861,2.549318759386042,-0.08694734080838978,399.91305265919175,-0.08694734080839012,1.546334488313882,201.5459198906355,1.5463344883138812,-0.39421831145801417,99.91335916522387,-0.34628564759062797,-4.418579590856982,998.4860871441565,-3.93602642818379,-198.03975805634357,513.3547800609854,6.750177487016435,-327.8464573859913,384.30488002267856,-3.583768108446249,-443.08219545620443,203.26095742541514,5.999818074394255,-488.1540087725241,59.847232367300634,11.45382413063064,-7.680294090266791,-217.45056664605133,11.481049770953764,0.5172347964181984,-199.8285461886627,0.5172347964181984,2.7811930428490754,-197.2200276050691,2.779972394930886,1.3798708864447364,-199.16030058408788,0.8396994159121176,2.6680573117050375,-197.33194268829493,2.668057311705037,204.86060603688935,512.2621939751143,5.9333499302686645,372.38426548748623,409.6598255749172,-2.500030664586947,455.5304866911032,177.7607565334935,15.953264879138327,504.65779040758446,51.95719908201746,-4.0962963884853485,2.6508083319288045,-184.9167350238075,5.240868044421161,0.6417736866879671,-199.35822631331203,0.6417736866879669,0.44734712581203595,-199.60574634630842,0.4473471258120354,1.4872282110655781,-198.52231449680409,1.4776855031959315,0.4545976358339905,-198.75254146713866,0.6120502247300117,-148.94534692417506,-64.53672409706067,12.169757788678439,-150.51367614500995,-416.104881135019,10.602606682396335,-149.35844275326676,-864.9478859328776,12.384969801249248,1.1282745834844325,-197.43766139241103,2.562338607588935,158.6161982460018,-131.60193023401598,-3.4641849750746605,158.36949281524258,-481.8903083462827,-3.7525630873413975,157.47242237434963,-932.7457061056682,-4.60796084672683,0.27225386617228087,-199.72774613382774,0.27225386617228065
264,2.64,1.3016897840047468,701.3016897840049,1.3016897840047466,1.5740481417227152,551.4571000928828,1.5740481417227152,2.6829170314596293,302.7022853541245,2.7022853541243923,-0.4372494501652099,399.56275054983496,-0.4372494501652101,1.3507793127039025,201.34807579623526,1.3507793127039025,-0.3983674053869958,99.95016021144926,-0.16113654466705007,-4.416688318665107,998.426333556615,-3.9818637763366174,-198.1023605602728,512.6726854996712,6.4418147308589795,-328.2409481291656,383.8073848738769,-3.886610793574863,-444.4726934081721,204.0809575015009,6.436427531350974,-486.9676921249873,61.38413332896956,11.054783650431943,-8.241927645115148,-216.76989809199523,11.944985699555444,0.6710073345102318,-199.83797888765736,0.6710073345102319,2.7620711618047133,-197.23812048218787,2.7618795178121096,1.2489932818568656,-199.12226077854893,0.8777392214510431,2.3504533559664456,-197.64954664403353,2.3504533559664456,205.2220724230475,512.0807078378716,6.1816093186801115,371.8974159429505,408.56999339851836,-2.0462942655521417,456.797368343324,177.98891510853474,16.19867455443898,505.5106110855701,50.58160258558278,-3.527757877143382,4.303305212613535,-183.40019683319963,6.691669431954932,0.5878128272184786,-199.41218717278153,0.5878128272184785,0.37439128589334575,-199.7891481214997,0.37439128589334536,1.4128715376947958,-198.60101302032777,1.3989869796722507,0.537966239035917,-199.05628819805003,0.6036022432467222,-148.86156351137095,-64.60831729074168,13.015865788938086,-150.6653765856692,-416.4121039599407,11.217187662313695,-149.18126027876792,-864.9277174706641,13.24923859007773,0.8289047094689098,-197.90553823115087,2.0944617688491345,158.96687463494752,-130.97244174134084,-3.78023015511784,158.86501994342407,-481.13492982668186,-3.942718240458857,157.78850120498873,-932.1508412816416,-4.958603585076624,0.36212392613943034,-199.63787607386058,0.36212392613943056
265,2.65,1.3132224504160903,701.3132224504162,1.3132224504160903,0.9566148224248852,550.907863622588,0.9566148224248849,2.086400822173432,302.1460594559808,2.1460594559807147,-0.99690309206686,399.0030969079333,-0.9969030920668602,0.5111588309084064,200.49742924140656,0.5111588309084062,-0.5133374809869213,99.79422681941818,-0.2513335515182614,-3.994379088361466,998.7858634862268,-3.607767472201903,-198.69138912747547,511.33590374779646,5.602189267254786,-329.46649733996856,382.57986161996985,-4.927514076703918,-445.8488373401342,204.9184613359551,6.91222502620138,-486.3770422035833,62.34832824228546,10.093478918211183,-9.13678936406524,-216.26094871184108,11.923445691872011,0.3594825139949161,-200.21843185506074,0.3594825139949163,2.025201264882894,-197.97479873511708,2.0252012648828934,0.45202064342129744,-199.746697335295,0.2533026647050013,1.5515335842044657,-198.4484664157955,1.5515335842044657,204.90910495056823,511.2168406482289,5.68113887487381,371.05899156400324,407.18368993090417,-1.8561786901206543,457.70188379212874,177.91024000274652,16.052313384363046,506.33664145862923,49.20291022808769,-2.9279415922378558,5.463006091324634,-182.4083799504574,7.636724611388541,0.11589816467944791,-199.88410183532056,0.11589816467944791,-0.15545758494154005,-200.54776822892677,-0.15545758494154005,0.7432391527315174,-199.27249411271322,0.7275058872867541,0.1084136324455599,-199.72849871928685,0.12972252316014088,-149.29301454041044,-65.24431461025972,13.309487137839163,-151.0817258668481,-417.0330259366974,11.540980489226065,-149.3329766948036,-865.2842767646529,13.649439926935301,0.22585109516424506,-198.9043451062255,1.095654893774503,158.8285269569605,-130.78065812236667,-4.547197953608238,158.71110287013698,-480.9667888455988,-4.733328676840319,157.7204536128016,-931.8889017273427,-5.65527129776711,0.15005479318524317,-199.84994520681477,0.15005479318524295
266,2.66,0.9676668943254184,700.9676668943255,0.9676668943254183,0.22897624138250808,550.2132112842532,0.22903848156694676,0.8846418424078771,301.02775546512,1.027755465119999,-1.5668610277514219,398.43313897224874,-1.566861027751422,-0.7117487484200853,199.2339496717259,-0.7117487484200855,-0.8394499070380687,99.37191117008496,-0.6622239430939305,-3.3195806616656327,999.3967616976884,-2.9816523946359488,-199.45049329259433,509.66492385010736,4.58807672407227,-331.0662478961092,381.0782351124574,-6.25043006413499,-447.22782231834265,205.74985388118813,7.402099112254177,-486.29066430766426,62.8449742458899,8.672989374513016,-9.984366253102058,-215.61968304012328,11.791232330589768,-0.21083274491331977,-200.72101788148183,-0.21083274491331944,0.7802769735609395,-199.21972302643906,0.7802769735609395,-0.7434081281028742,-200.826246106057,-0.8262461060569801,0.5895704198987226,-199.41042958010127,0.5895704198987227,204.21961866403947,509.96929413135945,4.701457416812492,370.0455781073057,405.6617955275768,-1.7727456733571458,458.24321469711947,177.52815545657734,15.517694663322217,507.10123041360475,47.79896284894618,-2.3265442441336583,6.135573721463283,-181.92804758608636,8.086699338327925,-0.6069279547022155,-200.60692795470226,-0.6069279547022155,-0.8418919909707308,-201.57469003658403,-0.8417572619009739,-0.25819633424504557,-200.27208089226758,-0.27208089226759047,-0.5998581258004491,-200.54844157102653,-0.5944703944851268,-150.17584827038027,-66.38119940278246,13.112517344553137,-151.591636342174,-417.7969874745762,11.7589640618216,-149.8505951371908,-866.055946269593,13.641124293110416,-0.4992287506773793,-200.03365632690202,-0.03365632690200848,158.41064628233164,-130.81668730397405,-5.553575866661154,158.1701354006886,-481.11783157943466,-5.854720142121758,157.441536806308,-931.7866614357729,-6.52268534268481,-0.4183169361984206,-200.41831693619844,-0.41831693619842064
267,2.67,0.5013137072689449,700.501313707269,0.501313707268945,-0.4376539942465396,549.5587501205667,-0.4372481372617991,-0.5035085361972526,299.7638629108881,-0.236137089111851,-1.98208689797521,398.01791310202486,-1.98208689797521,-1.9313124307717433,197.90142692803903,-1.9313124307717435,-1.3902495805839166,98.72283795039795,-1.3261352437634308,-2.600454497498139,1000.0508806777692,-2.311665870378987,-200.0890520255964,507.9907591609808,3.6905981010358824,-332.52217473798845,379.81940379144964,-7.338362301977579,-448.6809779032827,206.49738392022323,7.801370727261011,-486.5141297329833,63.080668421756755,6.999052094066275,-10.491146721441154,-214.69911127252377,11.837371307635582,-0.6906408624713907,-201.04131129449624,-0.6906408624713901,-0.5673880445625208,-200.56738804456256,-0.5673880445625206,-1.9741519878800542,-202.00106098292864,-2.0010455418138315,-0.2540349303467795,-200.25403493034676,-0.2540349303467792,203.6096519886492,508.7949001698269,3.7515658354888584,368.8685382581373,404.0082121522595,-1.7964738902289783,458.4152713306709,176.84067515936002,14.5931322845654,507.7307598696974,46.30833169123125,-1.7926926440669169,6.59588653957401,-181.67679153114744,8.321468216493546,-1.3708007397604274,-201.37080073976045,-1.3708007397604274,-1.344120787876279,-202.4096531386383,-1.3432422439821443,-1.3628902944941195,-201.3724330023638,-1.3724330023637659,-1.3681186394582903,-201.3554198231408,-1.3670577322594397,-151.30586983772844,-67.81507268691477,12.627255392284297,-152.08911274025394,-418.59820722456914,11.993305987665345,-150.7063229869661,-867.2155258361526,13.311572725230192,-1.1856405436264905,-200.9915610827449,-0.991561082744871,157.95895655354082,-130.83451094780742,-6.551745930710238,157.5559304487676,-481.2792097340881,-6.996444716990945,157.12305963648214,-931.6738276447952,-7.3876428477689045,-1.2643487100236575,-201.26434871002368,-1.2643487100236577
268,2.68,-0.027238502129977027,699.97276149787,-0.027528778705576573,-1.0887235254161813,548.9125495966668,-1.0866624135785032,-1.5976953392113433,298.79132782081194,-1.2086721791880395,-2.1495340426353473,397.8504659573647,-2.1495340426353473,-2.8347876560609064,196.76469658628574,-2.8347876560609064,-2.015529301431981,98.03154580943834,-2.0374401765126735,-1.9624420551336168,1000.6227933285879,-1.7232349814485566,-200.48343743405985,506.5782871907169,3.0339134961148084,-333.589281196581,379.04754833980564,-7.947058824306881,-450.20540054022274,207.1575529770358,8.06485726370368,-486.8994361941137,63.21077106025837,5.230467873883787,-10.637822985426624,-213.57520998192896,12.077940501289003,-0.8498091510928478,-201.03750950747786,-0.8498091510928474,-1.638008044200352,-201.63800804420038,-1.638008044200352,-2.992658489043624,-202.99955893306654,-2.9994582443499933,-0.8913125249792282,-200.89131252497924,-0.891312524979228,203.44652679834354,508.0617798033841,3.2772076545992457,367.47405558544705,402.179640052532,-1.976961090177208,458.23767932938983,175.87137232778525,13.302710127071824,508.1618510527643,44.67943559102176,-1.3857923304205968,7.140185221220591,-181.35096586947196,8.642201998526218,-2.0006221273322278,-202.00062212733224,-2.0006221273322273,-1.5850287666079836,-202.78896900818427,-1.5805671525710125,-2.432219941574915,-202.43732778502118,-2.4373277850211608,-2.1019566161193532,-202.09950228055067,-2.1017939207310476,-152.41120782496125,-69.27427680092057,12.123783329711525,-152.58914841191634,-419.45151076015213,12.224759716691235,-151.84389132723692,-868.7069603031963,12.718620773635934,-1.8424382745415886,-201.77942989870286,-1.7794298987027926,157.557322131569,-130.75007965991472,-7.4560831704738995,157.0453191599472,-481.2843884105705,-7.9903919211296355,156.86931863497244,-931.4486168202685,-8.14408666707044,-2.2288830676296243,-202.22888306762968,-2.228883067629624
269,2.69,-0.7069042474314491,699.2930957525685,-0.7087970884758034,-1.8079290311757124,548.2001019821341,-1.7997771757231746,-2.149732510511512,298.291088481476,-1.7089115185239363,-2.038938148854367,397.96106185114564,-2.038938148854367,-3.306031149358679,195.94906449146288,-3.306031149358679,-2.485994326758985,97.52921304602897,-2.5486553172716913,-1.437625359421135,1001.0804323986688,-1.2484271347076163,-200.6425075759837,505.60417857107007,2.609701008152575,-334.38522742045546,378.64548723342347,-8.193658122905585,-451.6908541617197,207.83423597965864,8.275561091337552,-487.36233069048865,63.323426018774214,3.4615364300719724,-10.600178108999522,-212.43140628339944,12.335204344149837,-0.6974831879573237,-200.7757283376144,-0.6974831879573233,-2.222063422552901,-202.22206342255294,-2.2220634225529006,-3.7065732197101156,-203.70842351041333,-3.7079121709184717,-1.3780774539390876,-201.3780774539391,-1.3780774539390874,203.82570416202623,507.86619790270197,3.394479464009706,365.9355990850893,400.2727236553311,-2.228686362529116,457.85222129300814,174.76580506679815,11.792706164585635,508.3849290644148,42.91401986349065,-1.1120137440717786,7.860379239748206,-180.85154201673004,9.145532673491253,-2.4294569746667305,-202.42945697466678,-2.4294569746667305,-1.7535505304604786,-202.80231539929238,-1.7359045046361985,-3.331750317428569,-203.3338795833638,-3.333879583363773,-2.715232898465055,-202.7148814640612,-2.7152328984650547,-153.2871490765454,-70.55420138948814,11.805163415476523,-153.19055297945812,-420.4540167407174,12.307581315030246,-153.10559536690195,-870.3727961948066,11.993526995071566,-2.575597802973988,-202.55966679069465,-2.5596667906945934,157.17149272918968,-130.59757047404707,-8.299216212259283,156.68995821007266,-481.08840342526275,-8.790049163474901,156.75797493508838,-931.0363572138906,-8.712734006360591,-3.070125830206967,-203.07012583020702,-3.070125830206967
270,2.7,-1.5656446056164746,698.4343553943835,-1.5752572456104796,-2.552026063448266,547.4730834190666,-2.526916580933414,-2.235864776889458,298.1531583831338,-1.8468416168661537,-1.7343105469373599,398.2656894530626,-1.73431054693736,-3.3850915362547047,195.5481302448129,-3.3850915362547047,-2.6690369844616857,97.334741255832,-2.733977333590138,-1.0327244356674683,1001.4170930441842,-0.8939475012017791,-200.60179471935834,505.1484149545813,2.3829676311222885,-335.2069864195799,378.3189535725428,-8.372413646366754,-453.0320169228132,208.6264556790464,8.553519264908946,-487.8059082573065,63.517465800098705,1.7982882973489367,-10.524214988032714,-211.37882368097902,12.462496025234518,-0.4215250076900992,-200.44692748858512,-0.42152500769009865,-2.303757348980147,-202.3037573489802,-2.3037573489801466,-4.0451373157847605,-204.04736503753637,-4.045342650602925,-1.763650809443476,-201.7636508094435,-1.763650809443476,204.549254083157,508.01103183383105,3.8603271262588383,364.4872647963491,398.54625207610184,-2.3115617123813714,457.5758507299372,173.84451457741397,10.384588864556955,508.46404764449335,41.08689949649491,-0.9045135165222926,8.672645251415444,-180.25571269219301,9.751968699604593,-2.691283496070538,-202.69128349607058,-2.691283496070538,-2.0717413678616667,-202.75057542544494,-2.017387781801276,-3.922248659172163,-203.92293993061173,-3.9229399306116886,-3.072087787301168,-203.07208778730123,-3.0720877873011676,-153.8359282207978,-71.5572671697463,11.767653685881243,-153.93966634628197,-421.6466159800583,12.123771908082684,-154.1755526884946,-871.8976637587057,11.428430966211689,-3.376853040731996,-203.37371603841643,-3.3737160384163616,156.8224459602137,-130.35604636848126,-9.058689815396708,156.5361245110758,-480.6453865765426,-9.348030023458017,156.83888625684037,-930.3868146775862,-9.042249518770046,-3.526722546372584,-203.52672254637267,-3.526722546372583
271,2.71,-2.4217981007467104,697.5782018992533,-2.4598168294328167,-3.15410144377758,546.9061330734717,-3.0938669265284044,-2.1178806352359807,298.1494908118493,-1.8505091881505789,-1.4651385468360179,398.5348614531639,-1.4651385468360179,-3.1746900260866417,195.68393080184333,-3.1746900260866417,-2.6078433698005337,97.39285470873264,-2.654374841030786,-0.7606651820715888,1001.6198649524995,-0.6727068931525518,-200.3403301256377,505.1900410457655,2.3752236206619504,-336.26093421713324,377.86466018009276,-8.686629835962329,-454.2617061780737,209.49517863859398,8.901528626848162,-488.09674878738565,63.92717585930049,0.3823784815164587,-10.40169023926028,-210.3778560430693,12.468684500419833,-0.2622056142265972,-200.26862836722856,-0.2622111150361243,-2.0355085788199956,-202.03550857882007,-2.0355085788199956,-3.9369785746144705,-203.94320796492175,-3.9369785746144697,-2.039239250925765,-202.03923925092585,-2.0392392509257644,205.26906159874943,508.1489764808481,4.2823141181126765,363.3532063163147,397.24087315601855,-2.0056589336316524,457.77541154460755,173.47772947021548,9.449719140585927,508.49924205281957,39.30823525348784,-0.6611224469088746,9.50632998060177,-179.6289356780111,10.393867710512765,-2.8419794940265817,-202.84197949402662,-2.8419794940265817,-2.5824395238893834,-202.84602464752703,-2.452052049150599,-4.171216805282697,-204.17139158607412,-4.171391586074057,-3.137212383619159,-203.13721238361921,-3.137212383619159,-154.02750651982157,-72.25400163155706,12.039933712232957,-154.712214877475,-422.8937123262215,11.761047157045942,-154.7199705398209,-872.9501036378614,11.342761677167204,-4.0595420761552035,-204.05906100126919,-4.0590610012690975,156.61382594998773,-129.92201936119753,-9.62953085990488,156.62011016711074,-479.9164984058606,-9.624009904567895,157.06332728464145,-929.5411844987334,-9.180007881405055,-3.5065694554376963,-203.50669969044765,-3.50669969044755
272,2.72,-2.9673232866007466,697.0326767133993,-3.0844292152741346,-3.4514834584422722,546.6610494349063,-3.3389505650936195,-2.01713722856624,298.1259763941458,-1.8740236058541182,-1.4620631228669125,398.537936877133,-1.4620631228669125,-2.836267211590793,196.36419569119283,-2.836267211590793,-2.4539688841184564,97.54611360060755,-2.479166555667097,-0.6168953997974139,1001.6933163079291,-0.5801377986921774,-199.79396257379614,505.6162282517548,2.6511631174619565,-337.5404559346463,377.2857333089131,-9.133229350707387,-455.53883777223217,210.27537664727566,9.181643739541894,-488.15890147508856,64.62856997208485,-0.7027938691029527,-10.118072658508407,-209.29838582621028,12.470206666234558,-0.3665005966124054,-200.3677653116655,-0.36653646639634907,-1.6671295899521794,-201.66712958995225,-1.6671295899521792,-3.4743988093881715,-203.48934233989274,-3.4743988093881715,-2.1968792685562066,-202.19687926855624,-2.1968792685562066,205.697017853315,507.99273424368084,4.379055749131795,362.5700377861388,396.38582675809505,-1.2836135631328245,458.63148163275036,173.84919481244248,9.173176492666007,508.5849592505726,37.68189250000806,-0.2859505340494717,10.38026615954372,-178.95039986574636,11.089983855728857,-2.884970316493343,-202.8849703164934,-2.8849703164933427,-3.0966741037664742,-203.0250577393979,-2.8530782311859446,-4.192753827689864,-204.19278824406834,-4.192788244068285,-3.0965753310019495,-203.096575331002,-3.0965753310019495,-153.87706105659856,-72.66259044734545,12.605619523812198,-155.25061533409917,-423.9247707147674,11.51098222024635,-154.62436705304756,-873.4228469078394,11.838861905998254,-4.431241556156133,-204.43124155615618,-4.431241556156133,156.596419377785,-129.24497580424116,-9.959776404836246,156.84951624340712,-478.992029233776,-9.706829834371044,157.29836039143348,-928.6207274874171,-9.25769425558221,-3.183266146154408,-203.18411538509687,-3.1841153850967996
273,2.73,-2.993413000058373,697.0065869999415,-3.274335519130037,-3.3844434571097057,546.7792909365746,-3.2207090634252697,-1.9509241209726254,298.10873451283464,-1.891265487165342,-1.7460961567020625,398.25390384329785,-1.7460961567020625,-2.5954696178905703,197.35332704430806,-2.59546961789057,-2.368059871520761,97.63192577390745,-2.3786125630949684,-0.5783647415166703,1001.6605138388776,-0.5931743351704545,-198.96796165364538,506.23590591779435,3.206060000087213,-338.9105191722461,376.7003185206288,-9.594147913943239,-456.9533304541858,210.87114267220858,9.299622009704763,-488.072864492839,65.54052253690645,-1.5310673739060343,-9.571531916403787,-208.0326906964176,12.572059132958849,-0.6683550827681815,-200.66854903310326,-0.6685372445618218,-1.404444194228127,-201.4044441942282,-1.404444194228127,-2.9541324334546717,-202.98205062390952,-2.9541324334546717,-2.2530888330114074,-202.25308883301147,-2.2530888330114074,205.76216429727674,507.47215816207574,4.119745815999435,361.9938274083745,395.7907889190359,-0.29833239031549197,460.0367894035145,174.85457478718934,9.452158221661369,508.81849266566917,36.313810624355334,0.31901862514465207,11.302700197479208,-178.21478349293275,11.84372199528406,-2.7469670417120087,-202.74696704171205,-2.7469670417120087,-3.32385123181805,-203.05589604698517,-2.9694213285769497,-4.113051851520826,-204.11305712944346,-4.113057129443398,-3.196300570468917,-203.19630057046896,-3.196300570468917,-153.4475826863753,-72.85551960195745,13.400669256152067,-155.35224844530362,-424.5385445016864,11.64529699513025,-154.06780339994185,-873.5099429514025,12.720533330718467,-4.446513595631166,-204.4465135956312,-4.446513595631166,156.7015673975738,-128.393965423621,-10.117065357645982,157.01831052939158,-478.0772453403121,-9.800345274337031,157.48444187323304,-927.6790623182515,-9.333474136240762,-2.81376617535353,-202.81807896656574,-2.8180789665656873
274,2.74,-2.5585343149201263,697.4414656850798,-3.083366675527438,-2.9887069374233457,547.1968284374941,-2.8031715625059928,-1.7542010234104068,298.26516729925436,-1.734832700745644,-2.1215775381586996,397.8784224618413,-2.1215775381586996,-2.6142058085282747,198.28935254529137,-2.614205808528274,-2.4420075890932034,97.55798775065963,-2.445433546450041,-0.6341726690690619,1001.5323748557176,-0.7009002116791914,-198.032497374379,506.7968959244157,3.870287422527568,-340.25736111019125,376.19741657936686,-9.980498934222185,-458.3460456936548,211.43577099815568,9.398240390798188,-488.03930480899123,66.46097948615184,-2.297341945636986,-8.730416095466422,-206.54650246829934,12.81029118064562,-0.9302169916851099,-200.93021699168517,-0.9309374555549427,-1.2992980334085398,-201.2992980334086,-1.2992980334085398,-2.6401019677804043,-202.68072269520385,-2.6401019677804043,-2.2115760305374925,-202.21157603053754,-2.2115760305374925,205.61530088014683,506.7388590374396,3.6840447957931888,361.43988861758703,395.20355752916294,0.7582220217508802,461.70739740106126,176.21262319460132,10.0071459573395,509.29116126228564,35.3031233061907,1.2450841421346135,12.181258516141899,-177.51908933781502,12.55632537288469,-2.334841499504784,-202.33484149950482,-2.334841499504784,-3.1004927491733953,-202.81511666187924,-2.698871052595118,-3.9325324580333554,-203.9325324580334,-3.932532458033355,-3.4566065344774923,-203.45660653447754,-3.4566065344774914,-152.8666273917943,-72.98015521500845,14.296634873786067,-155.0438867104997,-424.79314025397184,12.181610344142882,-153.37604471906286,-873.5541013539685,13.643488425036832,-4.13449854732581,-204.13449854732585,-4.13449854732581,156.82205391620846,-127.47671361994003,-10.207753264151695,157.00687866473615,-477.2918888714123,-10.022928515623972,157.71532203765724,-926.6278193198066,-9.31165035828668,-2.4535171975432135,-202.47057461767727,-2.470574617677233
275,2.75,-1.957172538979662,698.0428274610204,-2.720571169619574,-2.3508160194181515,547.8129183742664,-2.186853677576186,-1.2724802030822815,298.7324168757917,-1.267355176050777,-2.3674779734966984,397.63252202650324,-2.367250025339168,-2.8007268464903072,198.93047916077006,-2.800498898332777,-2.586168043855424,97.41383077784957,-2.5868063133712416,-0.7993449262532546,1001.2938907733937,-0.9185531549637783,-197.22486307141804,507.0868456730326,4.407322002818837,-341.5300136488498,375.81373365112,-10.255495658378468,-459.39390820905254,212.28665617365954,9.78592707968124,-488.20437011508363,67.24158377587239,-3.14275937210383,-7.595353604210033,-204.83785411999418,13.190091579759965,-0.9409198484770694,-200.9409198484771,-0.9429110852704357,-1.2643686660830136,-201.26436866608304,-1.2641407179254833,-2.510776222391933,-202.55680553683428,-2.510548274234403,-2.055341645581873,-202.0553416455819,-2.055113697424343,205.50886847627265,506.04608679178796,3.326187837027427,360.7864930088939,394.46799586847743,1.7582926033479351,463.36044665773915,177.64291548181987,10.55986114578046,510.02317261140945,34.67696980622606,2.511902787350493,12.889382334538732,-176.9840213877983,13.105769961944752,-1.6398810830506927,-201.63988108305068,-1.639653134893163,-2.492530879360891,-202.38740024591831,-2.137873027962261,-3.5466680463762303,-203.54666804637628,-3.5464400982187003,-3.6025461414716293,-203.60254614147163,-3.602318193314099,-152.32564711706726,-73.25038292832495,15.101561830756744,-154.55681711319494,-424.968530129963,12.89059651245361,-152.8159507143265,-873.8192162093276,14.342736883325951,-3.463048836217694,-203.46304883621775,-3.4628208880601643,156.9015657680307,-126.55016148643412,-10.287226722372255,156.93605904866354,-476.51566820580126,-10.252733441739455,158.0971943749347,-925.3710700745505,-9.08286636474639,-1.8923008190921733,-201.9448413719881,-1.9446134238305235
276,2.76,-1.4854288441761256,698.5145711558239,-2.3492447119570947,-1.589656476860463,548.5228764164883,-1.475637174807745,-0.5151715660486339,299.48579272595606,-0.5127208653398871,-2.364866718385272,397.6351332816147,-2.3633803096812063,-2.820723395463753,199.27621957057187,-2.8192369867596874,-2.470058098355752,97.52994166962421,-2.468742258024837,-1.1078521007739461,1000.911108544728,-1.2808901443468876,-196.6026363998076,507.11077905107646,4.760928647343558,-342.6591729661632,375.6257057130349,-10.342080178653164,-459.9108250354395,213.6043928649238,10.639802459990413,-488.5029634274636,67.94439155660108,-3.997673903277054,-6.166509974716767,-202.903900094209,13.718829889943175,-0.6618734102497832,-200.66187341024983,-0.6657105494971662,-1.1471857063331612,-201.14718570633323,-1.1456992976290956,-2.279488295873792,-202.32010902329722,-2.2780018871697267,-1.7828545841627186,-201.78285458416275,-1.7813681754586532,205.68668632209898,505.6384668441657,3.278599207315023,359.99189312292236,393.5728676881475,2.6549788724410153,464.83777090747077,178.989451482134,10.957209460587702,510.94435372241605,34.37118145186933,4.048557350718443,13.408491112203066,-176.59987000771557,13.501266983436274,-0.769326675332938,-200.769326675333,-0.7678402666288725,-1.6662233427752042,-201.88384673465887,-1.421141061490609,-2.8622563420018343,-202.8622563420019,-2.860769933297769,-3.280287064479868,-203.28028706447992,-3.278800655775802,-151.98435470637088,-73.82206883271274,15.655972807588968,-154.11104340168467,-425.3087323953235,13.534392654849707,-152.4842150088247,-874.3576742315574,14.765416245993848,-2.396830064753136,-202.3968300647532,-2.3953436560490706,156.9644144425696,-125.59074388484288,-10.329836984244382,157.08849746645132,-475.46666086096116,-10.205753960362651,158.58482317504968,-923.9599224350404,-8.688481870684562,-0.8912290385161136,-201.01726727278947,-1.0157808640853467
277,2.77,-1.2032011889923577,698.7967988110075,-1.959279161530044,-0.7977629904613565,549.2624715267879,-0.7299798669524256,0.3647212549079598,300.36486913387637,0.3724177401361224,-2.0675552317319186,397.93244476826806,-2.0600066254721625,-2.3731028379223047,199.51163422102545,-2.365554231662549,-1.7289647891439017,98.27103517527468,-1.721442340391355,-1.597422897178749,1000.3463173825928,-1.8293967341358173,-195.9471286035784,507.134487018127,5.1541064792905,-343.5157376444614,375.78009607751505,-10.089929730988125,-460.02205101877973,215.25842866320693,11.831940163489111,-488.6942745899439,68.80636402310635,-4.614797015183714,-4.495805326589501,-200.79286680903385,14.356177535126385,-0.1979802808465514,-200.19798028084662,-0.20037737152628599,-0.8092481440196303,-200.8092481440197,-0.8016995377598742,-1.6553907383849915,-201.68330892883984,-1.6478421321252354,-1.4255906358659822,-201.42559063586606,-1.4180420296062264,206.3181175071664,505.6861645481645,3.703941009104346,359.0837136838897,392.60832058954213,3.4736685411149826,466.154199850979,180.26894810375254,11.221964048737632,511.98201581169474,34.31810984473502,5.783815416371995,13.86391476188086,-176.2002958409927,13.911862477937765,0.12214433467719465,-199.87785566532284,0.1296929409369507,-0.7290285911119379,-201.2691213712271,-0.5910925101133977,-1.8880448518068955,-201.88804485180694,-1.8804962455471397,-2.3356015551976097,-202.33560155519766,-2.328052948937854,-151.82617976271467,-74.6201862736498,15.979809359280278,-153.7366498905002,-425.8182772238138,14.070345163170929,-152.3231093508481,-875.0433818290376,15.040162909481861,-1.0689070392052882,-201.0689070392053,-1.0613584329455323,157.09890704086507,-124.51101790215361,-10.243134407215754,157.66915540812977,-473.940769534889,-9.672886039951049,159.0114549244734,-922.5627568066993,-8.291453531832339,0.504007348653893,-199.73146307300914,0.2760855332506636
278,2.78,-0.9598483828989426,699.0402297073216,-1.4548254265978013,0.029142915614442544,550.0542523981292,0.08410771503774628,1.1582797325422023,301.1582797325422,1.188135049450655,-1.4881948361607942,398.5118051638392,-1.4583395192523412,-1.4443819585191608,199.85771029863378,-1.4145266416107078,-0.3564299678320389,99.64357003216796,-0.326574650923586,-2.2570277521805693,999.610565139562,-2.564467565269452,-194.9866544267291,507.4516554681078,5.870514977225355,-344.0233753493934,376.36308287165764,-9.401671973167016,-460.01661671498744,216.95465380147823,13.079764724368408,-488.5868604135703,70.01431891040448,-4.789580742244876,-2.73403914900729,-198.6512294155047,14.971613970505695,0.3021065743401534,-199.69789342565988,0.3174909875892531,-0.24823332730202546,-200.24823332730207,-0.21837801039357235,-0.6107032146529396,-200.62564674515752,-0.5808478977444866,-1.0360309792424647,-201.03603097924253,-1.0061756623340115,207.40305816628032,506.1898733393653,4.608905247254754,358.14210571786947,391.69407581611995,4.29985588475416,467.44078809958614,181.61405864048857,11.500675768880923,513.1202092119437,34.505853275551225,7.710086332474713,14.384619833510495,-175.63488007671813,14.498515556314977,0.8640297178563064,-199.13597028214372,0.8938850347647596,0.25932295281453144,-200.44607712472464,0.34353185578337475,-0.7988967863285894,-200.7988967863286,-0.7690414694201366,-0.9345503162040824,-200.9345503162041,-0.9046949992956295,-151.66803517607394,-75.3714283429761,16.267363191933295,-153.32680070185467,-426.3401054839116,14.60875193077143,-152.22363438301494,-875.7325082769719,15.321067725851012,0.20655745018220428,-199.79344254981783,0.23641276709065706,157.35918201796056,-123.25782613070882,-9.96133672386891,158.61485200526687,-472.00215614340254,-8.705666736562609,159.22640379219175,-921.3345308451917,-8.037176782576696,1.8758911861090435,-198.46646398537422,1.563139061101325
279,2.79,-0.6571935945149328,699.3433156176892,-0.846155263415392,0.889199149550161,550.8973510050025,0.9893118551739026,1.6542272384787005,301.6542272384787,1.7461880886499046,-0.7775018170083159,399.2224981829916,-0.6855409668371117,-0.31031678528329254,200.38767546675246,-0.2183559351120885,1.1479380052770145,101.14793800527701,1.2398988554482187,-2.9502177246334087,998.8403194127682,-3.3731912426092254,-193.71161007463826,508.079688645497,6.943841160342906,-344.32302310040643,377.23026502979087,-8.39843244136795,-460.10057569276637,218.48217071806897,14.19630370212741,-488.2531267828939,71.49034419586395,-4.570388607774891,-1.1006426932591682,-196.69352188665118,15.37904645807108,0.6889782517780624,-199.311021748222,0.7645414198531914,0.3170653580355973,-199.68293464196444,0.40902620820680147,0.5454095334261213,-199.46081985688116,0.6373703835973255,-0.6929801454350051,-200.69298014543506,-0.6010192952638012,208.70446125830105,506.9133374795298,5.779856492294394,357.2425576877834,390.9057343701446,5.226385392819655,468.76411734004125,183.09266628894477,11.887406267315395,514.294531584079,34.87304471994295,9.782687823077733,14.92602176659067,-174.9654427782186,15.222187563038386,1.2302099822523507,-198.76979001774768,1.3222242650715932,1.167484782276943,-199.4853494467527,1.2770916582724272,0.06369340425395487,-199.9363065957461,0.1556542544251588,0.5143310644293568,-199.4856689355707,0.6062919146005608,-151.38479608018605,-75.90481676465551,16.66724355073436,-152.866379064505,-426.82623134535334,15.185660566415391,-152.14302978336542,-876.4151209235957,15.640488497383409,1.1051561686288756,-198.89484383137113,1.1971170188000795,157.63822892150344,-121.93927556324105,-9.56786367346532,159.594540821745,-469.9829636629995,-7.611551773223759,159.15223649042528,-920.3609188592106,-7.989336708617779,2.6724494985945304,-197.71414377201904,2.3761852559492422
280,2.8,-0.3857712939939403,699.6168146989577,-0.2822746111794171,1.5664049358866106,551.5684660477242,1.7890686592122,1.7234393914140405,301.723439391414,1.9440420029019518,-0.2130974155199964,399.7869025844799,0.007505195967914879,0.6472411810286836,200.93838047095775,0.8678437925165946,2.117109165529244,102.11710916552927,2.337711777017155,-3.4391317269064636,998.2734603072272,-4.044427134226873,-192.41673423236475,508.72613958340474,8.106607304779999,-344.76144728113775,378.02495192426454,-7.4104745717495915,-460.34861564355924,219.76145086883295,15.129523113779491,-488.02587265898944,72.89523007083349,-4.264023438559074,0.19184074578207283,-195.1268801559371,15.403318289921849,0.8392844745950119,-199.16071552540507,1.04541618242357,0.5939932253615292,-199.40600677463854,0.8145958368494403,1.3566756074703128,-198.6453467794631,1.5772782189582242,-0.49527338880104854,-200.49527338880108,-0.27467077731313716,209.87857130873363,507.5135857760798,6.903413178288332,356.37949533016126,390.2188268244242,6.268143979237774,469.9664014351623,184.54798162552794,12.254888152346561,515.2578766785573,35.17458880128543,11.776683952309313,15.307471991866855,-174.40947004768063,15.891536023067845,1.0098086988329074,-198.9901913011671,1.230759734953796,1.7767900439849462,-198.67956223278028,2.001854269509829,0.36859830102101765,-199.631401698979,0.589200912508929,1.5631418308411158,-198.43685816915894,1.7837444423290267,-151.09191853438335,-76.37942953314646,17.090827912387493,-152.53078417426048,-427.44915101304116,15.651962272510383,-152.1139471811255,-877.1902361386187,15.925070144164662,1.4466762118734824,-198.55332378812653,1.6672788233613933,157.73323601214938,-120.75938822010531,-9.23891961998068,160.20591734003256,-468.2867068922221,-6.766238292097453,158.76724196196216,-919.6684702135735,-8.147975503106812,2.590819777743721,-197.74351960911272,2.468814947315461
281,2.81,-0.2582700390286778,699.7519577615004,0.11585116939649706,1.6978467071878598,551.6982525641724,2.1103925012838816,1.4399915714209652,301.43999157142093,1.8521315085322465,0.006456110945786464,400.0064561109457,0.41859604805706785,1.170101168294904,201.2642997051468,1.5819205534377843,2.234276349299525,102.23427634929958,2.6464162864108065,-3.5642499991011243,998.0695269561837,-4.414997686035925,-191.42946344817426,509.06485405177125,9.028253575776452,-345.64821870688576,378.42817693086016,-6.760746301091876,-460.80668280338205,220.74134812685506,15.826065499271875,-488.2660683347252,73.85949939223413,-4.238286006273669,1.0492450986894641,-194.0396202591113,14.958049276535446,0.7376655794258348,-199.2623344205742,1.1398598195976255,0.5266135940019159,-199.4733864059981,0.9387535311131969,1.5537783311726265,-198.44673300832218,1.9659182682839074,-0.4645374866671994,-200.46453748666724,-0.05239754955591819,210.74603556928912,507.8120417313746,7.80427110198284,355.4809505143633,389.5443471278886,7.34319181341101,470.7563861439402,185.6894357617235,12.31184969638219,515.6675230967661,35.06874723739339,13.340439490139401,15.456452871309974,-174.0636870662779,16.405861785769755,0.2374354071690684,-199.76256459283096,0.6513447905694842,1.9276459491246292,-198.3181314084534,2.3406644301300448,0.05661203924952729,-199.9433879607505,0.46875197636080834,1.951067878052689,-198.04893212194736,2.36320781516397,-151.0265599469158,-77.12041624501025,17.29757965923801,-152.4724386825544,-428.37271476253716,15.851700923599417,-152.1378173393111,-878.1015971828444,16.126407054975637,1.2531608978507052,-198.7468391021493,1.6651259289384703,157.60056834835612,-119.76312093054733,-9.022075883928085,160.24534990162192,-467.11833937728153,-6.377294330662309,158.11242689874234,-919.2121293883861,-8.47108434176681,1.813006649792727,-198.38985958084268,1.9896761652410226
282,2.82,-0.22095143144873858,699.8105524120684,0.3690959986754554,1.1411340447485587,551.141196284933,1.7408563550511968,1.0604830541689008,301.06048305416886,1.6601431242871003,-0.07872747408800393,399.92127252591195,0.5209325960301956,1.2612423964782278,201.2830503032867,1.8588122051918206,1.7227529975482883,101.72275299754835,2.322413067666488,-3.3870648442448603,998.1670467803485,-4.4794651386042,-190.84941756907187,508.99709246890603,9.542757758813684,-347.02828697897576,378.3879956592548,-6.568474650547362,-461.5116028534993,221.37688391790385,16.17874921154393,-489.1264024849238,74.21861037865474,-4.719692714612586,1.5984623364576693,-193.2986288370044,14.115329101795773,0.5192319815198765,-199.48076801848015,1.1135685036866274,0.37036240376427426,-199.62963759623574,0.9700224738824735,1.2293677972976866,-198.77073289141885,1.8290278674158862,-0.46652883849301,-200.46652883849305,0.1331312316251896,211.3939823813407,507.8962561606256,8.51108065727789,354.51669984451803,388.8424530251315,8.34803027454116,470.98943693548495,186.3727626828927,11.850195459919988,515.3438243368514,34.37583404775512,14.22144967264219,15.480572648729542,-173.82238696939422,16.80390784387641,-0.7029256711496827,-200.70292567114967,-0.09626730520086871,1.6607472878425102,-198.44193946034105,2.260542087030467,-0.612850500148427,-200.61285050014845,-0.013190430030227573,1.6968642573014459,-198.30313574269857,2.296524327419645,-151.24581714713807,-78.24111009667756,17.16391470009416,-152.57853122135216,-429.49391723337874,15.831200625880058,-152.14766987715444,-879.0832141382695,16.24261034871283,0.7320594281704803,-199.2679405718295,1.3305789677462738,157.44096016883805,-118.7511704405986,-8.783971089675475,159.80895571605248,-466.3831748933842,-6.415975542461064,157.29930680019245,-918.8718774281646,-8.904678077241343,0.8753636779533644,-199.15062864246673,1.3489855137982651
283,2.83,-0.13514283609554978,699.9405128136896,0.5424682036804778,0.1510866245516866,550.1510866245517,0.830590505372069,0.7884023924805795,300.7884023924805,1.467906273300962,-0.3046248670735075,399.6953751329264,0.3748790137468747,1.0853668144577546,201.07945741948504,1.7542554719683001,1.0841674351725732,101.08416743517267,1.7636713159929558,-3.091093514062311,998.382522596427,-4.317670139027626,-190.56613306577805,508.63419554441157,9.657426856767492,-348.7151639904959,378.08539670407663,-6.756727837771184,-462.4097704546281,221.70545814603082,16.1344176106033,-490.5187982274762,74.04585437774357,-5.734076761969529,2.1258753396475396,-192.61100480941323,13.070577439462443,0.3409701208300514,-199.65902987916996,1.0182548166995375,0.37649621294978397,-199.62350378705025,1.056000093770166,0.6696820121357867,-199.33033342897897,1.3492975610648363,-0.3479104345713861,-200.34791043457142,0.33159344624899634,211.9797651893392,507.92287718316254,9.075314903938256,353.5245092498053,388.1459617899607,9.210395790887468,470.77353668410194,186.70599258473106,10.877517276158525,514.3947223037435,33.20274261980746,14.417419913799627,15.406047034984855,-173.65093744844373,17.01684442579796,-1.3360605587359933,-201.336060558736,-0.6350004091844399,1.17021635164167,-198.86331967957958,1.8497202324620519,-1.284196383933147,-201.28419638393314,-0.6046925031127648,0.9651857945349389,-199.03481420546507,1.6446896753553206,-151.53439143697756,-79.52785080638293,16.802060316175094,-152.58387962210486,-430.55151805065043,15.75257213104777,-152.13246239826617,-880.1051273317665,16.199071214802764,0.13993626972313605,-199.86006373027686,0.8136480585244812,157.447548625167,-117.53193680239481,-8.435749878054983,159.11838797667588,-465.86109745088595,-6.764910526546121,156.45444024892134,-918.5163134279187,-9.42012650357879,0.23200145039917408,-199.5817182736035,0.858964778323676
284,2.84,-0.007967725850967458,700.1337564859167,0.5914020676916322,-0.8671379755125894,549.1328620244875,-0.26747790539438976,0.5750481029934457,300.5750481029934,1.1747081731116453,-0.5866922719954326,399.4133077280046,0.01296779812276655,0.7415750440284142,200.70031268355572,1.299251091525275,0.6891553949128861,100.689155394913,1.2888154650310857,-2.7689788419881536,998.6233319782762,-3.9702265830719083,-190.450022410407,508.1066237670333,9.450331129534149,-350.48527087863454,377.7389970340423,-7.159324066360158,-463.33446597684485,221.8647050323077,15.805028288332203,-492.23404507219345,73.54114981165898,-7.129422802875735,2.83307703466478,-191.7684172970291,11.98655460459732,0.19367668073030775,-199.8063233192697,0.7926162869786745,0.49029830579750744,-199.5097016942025,1.0899583759157068,0.0688193076134408,-199.93118069238653,0.6692075452697728,-0.1644769434980211,-200.16447694349802,0.43518312662017844,212.50409746585825,507.8867821111833,9.418483688648521,352.4774724042873,387.42478418058477,9.845016055724937,470.2886681278917,186.8688311124792,9.524859262235832,513.0841854480565,31.81140564486217,14.133145081799414,15.0042768525595,-173.77154366301946,16.770980723479653,-1.4963278790591812,-201.49632787905915,-0.8449570084516584,0.6291377240633391,-199.38031170130955,1.2287977941815384,-1.7224264769940145,-201.72242647699403,-1.122766406875815,-0.11252298496536739,-200.11252298496535,0.48713708515283183,-151.65030858526973,-80.7140374650049,16.402727014561957,-152.39923191757748,-431.45645963999254,15.653803682254233,-152.21589765307084,-881.2740938146886,15.836169507558111,-0.41232481129454085,-200.41232481129452,0.16442709050215154,157.54795092486623,-116.17944299324733,-8.102589192797948,158.30597950487686,-465.42141441323673,-7.344560612787335,155.66544606678633,-918.0591130669111,-9.982259266461638,-0.07936948052384885,-199.6530739499941,0.5032331694603309
285,2.85,-0.018306698678138666,700.1898349280683,0.39383323843314244,-1.6466844700158902,548.3533155299841,-1.2345445329046085,0.23985162196578189,300.2398516219657,0.6519915590770632,-0.8867135050494047,399.11328649495067,-0.4745735679381239,0.256661058970097,200.12734116510654,0.5394452948930615,0.5747779705121356,100.5749318914747,0.9869179076234167,-2.4033709672028847,998.9068455269125,-3.471778112674876,-190.44219589918814,507.4741344558224,9.032856266259813,-352.1791571443415,377.503297412548,-7.570153647121646,-464.077359093218,222.03072202575683,15.448534692336253,-494.01791567663383,72.96965403199457,-8.584901173283717,3.6919700354177434,-190.79208482107046,10.900729913343824,-0.08780467413852275,-200.0878046741385,0.3241531011791181,0.4742407294060419,-199.52575927059394,0.8863806665173228,-0.5200460885435412,-200.5200460885435,-0.10420821154435117,-0.1392655479345882,-200.1392655479346,0.2728743891766931,212.87171239524952,507.67201800236387,9.443765166673604,351.2236072383177,386.52404627104323,10.145604875005196,469.6575822931783,186.98342572364322,7.969850182528723,511.6697407514224,30.456356915834753,13.670469286356276,14.072298961668881,-174.38618681825733,15.917342342133148,-1.4102773755486888,-201.41027737554867,-0.9015289444676451,0.12673041887814507,-199.88005730854286,0.5388703559894259,-1.8314472889247508,-201.83144728892475,-1.4193073518134698,-1.3973046053504818,-201.39730460535048,-0.9851646682392008,-151.56283758289655,-81.74695506540309,16.049561661779453,-152.18693563579427,-432.3697729645222,15.42546360888171,-152.5001733904279,-882.6831592341175,15.112077339286284,-0.967639509657936,-200.9676395096579,-0.626054371054025,157.4852752061412,-114.95232045336189,-7.9903097475908185,157.44588481004217,-464.99171084946096,-8.029700143689842,155.03065874818265,-917.4062201655745,-10.44420945980335,-0.29188125963261646,-199.65639355441277,0.11594588626650743
286,2.86,-0.26772249587914354,699.9757824412106,-0.04711988439123249,-2.068452254308837,547.9315477456912,-1.8478496428209255,-0.2220257648526876,299.7779742351473,-0.001423153364776275,-1.0450336289181377,398.954966371082,-0.8244310174302265,-0.21388191017017089,199.4758957914221,-0.30373509017774847,0.5526465220204362,100.55365021277552,0.7732491335083475,-2.036097289831059,999.1912569092312,-2.967793309469074,-190.46536341428026,506.8148788820323,8.586426097782084,-353.6810580532219,377.4888586811114,-7.775305709122446,-464.4797481058123,222.36337383781694,15.325281140584377,-495.59139912797343,72.63974935904895,-9.68527539210858,4.57934567638367,-189.79827614709723,9.807377416026048,-0.5936611279924788,-200.59366112799245,-0.3730943862885116,0.25148575626207637,-199.74851424373793,0.4720883677499875,-1.0453620421356544,-201.0453620421356,-0.8101337946743143,-0.35453551513619386,-200.3545355151362,-0.1339329036482827,213.12939014125118,507.2779785775508,9.237520008265065,349.6696391603028,385.34767147225773,10.116294077647296,469.04785959898106,187.21642590255578,6.486379817154062,510.3937611110516,29.376056244896667,13.367257218710565,12.787203730844567,-175.3220600089898,14.73536245740602,-1.3674232204763774,-201.36742322047633,-1.0062560796832667,-0.24730370159771053,-200.26783139615577,-0.026701090109799486,-1.5892628595206126,-201.5892628595206,-1.3686602480327013,-2.588283182558803,-202.58828318255877,-2.3676805710708915,-151.38757093430942,-82.73054995256052,15.731689033488696,-152.13034110523844,-433.4731238055492,14.988918862559684,-152.87227500750987,-884.2150577078207,14.246984960288241,-1.5173757339754876,-201.51737573397548,-1.465995081812609,157.11531049020132,-113.99661520761259,-8.140557438320764,156.70285118362324,-464.4090745141906,-8.553016744898825,154.70959357015374,-916.4021909920547,-10.546133222762775,-0.5062012949539844,-199.78973556563648,-0.28644792240846506
287,2.87,-0.5987204642214913,699.6397342374737,-0.5067596140502872,-2.053442241679134,547.946557758321,-1.9614813915079292,-0.5631346872666785,299.4368653127333,-0.47117383709547467,-0.8167666999527862,399.1832333000473,-0.7248058497815822,-0.37638158406607514,199.04404686102822,-0.8651780645420089,0.4726979488583212,100.477795111096,0.5646587990295252,-1.8255837212824033,999.318161601459,-2.683592747780978,-190.34501785276882,506.30421773511284,8.352924221786793,-354.9041669764098,377.7763009653885,-7.626978786741308,-464.52134874813805,222.9533196397815,15.520827547129723,-496.751645684284,72.76446406999145,-10.147891973410822,5.462846575059051,-188.81242787889622,8.755034136576583,-1.1561825667950327,-201.156182566795,-1.064227217433356,-0.023996876090101704,-200.02399687609008,0.06796397408110222,-1.4213665006711467,-201.42136650067113,-1.2843555201484445,-0.6084593213116471,-200.6084593213116,-0.5164984711404432,213.49198069454025,506.8540810664669,9.031993961560605,347.98512212781077,384.0622000007127,9.98738363886984,468.7270167456684,187.8340903406309,5.411302574145965,509.48103772637546,28.790506742663332,13.506636278978924,11.572843690420004,-176.1663407938568,13.712941997508398,-1.4037445328973173,-201.40374453289726,-1.1525032037878602,-0.3793257446004366,-200.44177044358116,-0.28736489442923274,-1.0544481997098638,-201.05444819970984,-0.9624873495386598,-3.2900278175481183,-203.2900278175481,-3.1980669673769144,-151.1972528636705,-83.73243321396339,15.444485514327724,-152.23845536846545,-434.7736357187583,14.403283009532771,-153.06183660271924,-885.5970169530121,13.579901775278998,-1.8988088550118483,-201.89880885501185,-2.1228428592888715,156.55366901059438,-113.19864128459567,-8.3720513144067,156.28830932578313,-463.4640009694069,-8.63689086956335,154.82565168302673,-914.9266369683172,-10.100046998128205,-0.580375940541265,-199.956173690267,-0.488545325379915
288,2.88,-0.7482056490278025,699.472204847687,-0.7183503321193501,-1.5856412299145242,548.4143587700855,-1.5557859130060707,-0.5455446500516765,299.4544553499483,-0.5156893331432236,-0.12149246989964227,399.8785075301005,-0.09163715299118932,-0.06234721541269596,199.09438114804254,-0.8804533690823131,0.38482646881965665,100.4049861365386,0.41468178572810954,-1.8889639694048614,999.170447597674,-2.7399325654602613,-189.92244468041267,506.1017104766747,8.49515800289252,-355.80992073659655,378.394590853355,-7.090771712053216,-464.35340004122554,223.7600402366694,15.886324170442208,-497.5282705015261,73.2686036642776,-10.042089211764235,6.376488598105228,-187.79370217017973,7.795385516421787,-1.4421490901326146,-201.4421490901326,-1.4122937732241616,-0.21558653423434226,-200.21558653423432,-0.18573121732588949,-1.616619894833507,-201.61661989483346,-1.4786949332348476,-0.6388486041888863,-200.63884860418884,-0.6089932872804338,214.0747168892454,506.4925813431988,8.955188076161189,346.5049059056569,382.99900543976264,10.091306185457102,468.8661086018821,189.00589030166782,4.921505509277209,508.97671828651687,28.739244833124587,14.128477688477208,10.667010148893565,-176.7015590716396,13.08801024970544,-1.3638475972512714,-201.3638475972512,-1.193427751037619,-0.2520050671036867,-200.40180211272786,-0.22214975019523392,-0.4107592542670301,-200.41075925426702,-0.38090393735857686,-3.3008128514504578,-203.30081285145042,-3.2709575345420046,-151.00569234457387,-84.76375311233396,15.17913597211533,-152.3456589314955,-436.1037196992555,13.839169385193712,-152.87744552954788,-886.635506297308,13.307382787141329,-1.964636831041633,-201.96463683104162,-2.39394465718611,156.03755672480065,-112.32320564159707,-8.44533439977775,156.26384206693353,-462.09692029946416,-8.21565738624835,155.30683171712494,-913.0539306492726,-9.176059407453444,-0.39657597716679727,-199.97515292817351,-0.36672066025834443
289,2.89,-0.6487885134540858,699.5747878456359,-0.64123990719433,-0.8207654922515656,549.1792345077484,-0.8132168859918097,-0.21890172723371143,299.7810982727663,-0.21135312097395575,0.7936436494915466,400.79364364949157,0.8011922557513025,0.5911286745492189,199.63557672408336,-0.3713203754647313,0.4369850549415705,100.49908120311787,0.44453366120132637,-2.142296644258253,998.8320782975854,-3.0261155998017997,-189.27250041854606,506.1333357754304,8.911973401780218,-356.43563396674097,379.28958922272636,-6.24334444694368,-464.21381281888034,224.6004739824637,16.15626200554096,-498.1938966908775,73.80410294993173,-9.740963056996831,7.279818140413959,-186.77612671144288,6.8749873211046975,-1.2580987162944612,-201.25809871629448,-1.2505501100347056,-0.38739912911653485,-200.38739912911652,-0.379850522856779,-1.6909689383991646,-201.69096893839912,-1.4815196553257932,-0.4230712313887804,-200.42307123138875,-0.41552262512902494,214.6729356969741,506.0946657431308,8.902133216083467,345.4114592858989,382.33480050131817,10.577866832899266,469.3253875488763,190.59017163212718,4.852454501536732,508.61328114852006,28.94837271025512,14.929337470787928,9.97282757491281,-177.04868860449744,12.732978571689479,-1.1983286835911406,-201.19832868359111,-1.0941715833616221,-0.02724432611101378,-200.30710205103364,-0.01969571985125805,0.07033606645076446,-199.92966393354922,0.07788467271052057,-2.783964293217971,-202.7839642932179,-2.776415686958215,-150.88512242264804,-85.89449568770955,14.838163614710863,-152.24516201357073,-437.25453527863215,13.478124023788176,-152.34870097295592,-887.3580742380175,13.374585064402975,-1.7809266200464098,-201.7809266200464,-2.2918093832124935,155.66923440118,-111.27014221744588,-8.286413725091775,156.45499793958066,-460.4843786790452,-7.483425858103256,155.86305108771697,-911.076325530909,-8.092597038554834,-0.07491594442598726,-199.85461868164043,-0.06736733816623164
290,2.9,-0.5065776983765355,699.740268609775,-0.5050912896724703,-0.08554676536990313,549.9144532346302,-0.08406035666583778,0.08855866381546387,300.08812799273653,0.09004507251952898,1.469582793635362,401.46958279363537,1.4710692023394278,1.2326561702036214,200.3893845336588,0.3562174955966182,0.6411570990647132,100.79011801477517,0.6426435077687785,-2.3360182419259465,998.5526395161579,-3.269005542693867,-188.7333083030578,506.0617947855884,9.242119792206708,-356.911764626727,380.30581693137344,-5.25888588161522,-464.2873362224028,225.23184272658247,16.121870897006094,-499.0609429251174,74.01956319099494,-9.618278374665312,8.042807739342729,-185.8841083745344,5.85328018414716,-0.7594045473135165,-200.7594045473135,-0.7579181386094513,-0.703749018069168,-200.70374901806915,-0.7022626093651028,-1.7356342370859417,-201.7356342370859,-1.4403840770124616,-0.21129215313487248,-200.21129215313482,-0.20980574443080757,214.89632052358093,505.5004693336401,8.69015402109169,344.5835482829363,381.9367386910524,11.296504679166855,469.7138907864203,192.1937459168104,4.791336508675476,507.97121477295855,28.991301963819737,15.456773354280067,9.261761428997293,-177.44152406057896,12.391435830833778,-1.0872126652720762,-201.08721266527203,-1.0340154560786872,0.07124743274692891,-200.33594315433007,0.07273384145099404,0.16876487228507253,-199.83123512771488,0.1702512809891381,-2.118346631425135,-202.11834663142508,-2.11686022272107,-150.9807817503998,-87.26777285584957,14.254404324610519,-151.89853786110757,-438.1855289665573,13.336648213902755,-151.6728080087325,-887.9597991141823,13.562378066277827,-1.5908985239341036,-201.59089852393407,-2.0424435686252864,155.30686714662215,-110.18345726409584,-8.062344326852298,156.54913497273273,-458.9411894379853,-6.751952959676,156.13989500092364,-909.3504294097945,-7.22931647255083,0.13485030883619986,-199.77613922673595,0.13633671754026522
291,2.91,-0.5558123883064634,699.6984303929025,-0.5555844401489337,0.32175208571854697,550.3217520857186,0.3219800338760763,0.052909903169603756,300.0501015749632,0.053137851327133556,1.5565740311363594,401.5565740311364,1.5568019792938892,1.532034392648886,200.95246283774307,0.8879496240685276,0.8381810092420972,101.1164766378335,0.8384089573996268,-2.273477788137199,998.52880483331,-3.260492028057891,-188.6155124541845,505.5772559313309,9.16392555947325,-357.38468849888045,381.27604414426423,-4.317345736152774,-464.6052868188598,225.50893977386136,15.740493533743207,-500.2310053772493,73.83069948107102,-9.769098241905139,8.616714809601095,-185.16394834625368,4.679971253782456,-0.28652291709303446,-200.286522917093,-0.2862949689355047,-1.196389981461822,-201.19638998146183,-1.1961620333042924,-1.7566428281749427,-201.75664282817493,-1.423536939586053,-0.27403212430570656,-200.27403212430568,-0.2738041761481772,214.555915082525,504.7134561370425,8.302492263103673,343.786281140333,381.5490744547217,11.995289839503826,469.7005139649602,193.48296913641803,4.397058418405953,506.8410603690254,28.650865737117385,15.480397031070407,8.395994442394581,-177.9812112852121,11.90950233413589,-1.215913340072464,-201.21591334007243,-1.194129123183762,-0.008505196409586246,-200.4699125802593,-0.008277248252056446,-0.1314091217879742,-200.13140912178795,-0.13118117363044424,-1.5768156047104553,-201.57681560471042,-1.5765876565529253,-151.35311326780686,-88.94183016160784,13.3577326883089,-151.51774074407825,-439.1064576378792,13.19310521203754,-151.03481942660164,-888.6235363204028,13.676026529514122,-1.5806723208624658,-201.58068047840345,-1.8834415463443146,154.7413656318539,-109.27448271723941,-7.995451844420461,156.29084226207394,-457.72500608701944,-6.236139935201756,155.95811247011483,-908.0577358789785,-6.77870500615957,0.12498118826568161,-199.84729818694876,0.12520913642321096
292,2.92,-0.7664476228097343,699.4514808347761,-0.7664476228097343,0.37792064500435024,550.3779206450043,0.3779206450043499,-0.3449095022635956,299.6408286303101,-0.34490950226359596,1.0698666070376577,401.0698666070377,1.0698666070376577,1.3689932636375755,201.0587709652297,0.9645731305916136,0.9119972351037781,101.31691498543,0.911997235103778,-2.0103424848354834,998.7049360489813,-3.0524466248509743,-188.86850627117428,504.7311585356065,8.724630095614625,-357.87673874067514,382.1888081351824,-3.447965343203273,-465.0177180758386,225.50822787028966,15.159466123020966,-501.5188694177906,73.45480770665803,-9.979842857982115,9.183466757367082,-184.43907211321402,3.5354203704050313,0.004224830606817193,-199.9957751693932,0.004224830606817026,-1.6583071557235436,-201.65830715572355,-1.6583071557235443,-1.5916379320345924,-201.5916379320346,-1.2978741806651786,-0.6251903240073056,-200.62519032400732,-0.6251903240073062,213.89870298747928,503.9593525665623,7.953290117640076,342.9419839626803,381.0708508723885,12.587321058911353,469.2882707706058,194.45787771991198,3.670041699811205,505.4181741471565,28.11406553551679,15.182233124435271,7.411773696714,-178.56943518491065,11.314765090216136,-1.4754113272855887,-201.47541132728554,-1.4684130314549741,-0.06691608302773888,-200.47410667010473,-0.06691608302773921,-0.6093166532272978,-200.6093166532273,-0.6093166532272978,-1.1543849476300645,-201.15438494763004,-1.1543849476300645,-151.83473902063523,-90.74693246287873,12.31368863395237,-151.31915389849817,-440.23134734074165,12.829273756089435,-150.45316407275988,-889.3653575150036,13.69526358182774,-1.6794744143198517,-201.6795357657101,-1.8295290630440348,153.9729315500925,-108.54543207529731,-8.091287824464104,155.64882277757187,-456.86954084781803,-5.912027930392034,155.46915782388703,-907.0492058015029,-6.595061550669612,0.026792151391302532,-199.9665810417377,0.02679215139130242
293,2.93,-0.8624441792959203,699.2860676001197,-0.8624441792959204,0.3223020554714352,550.3223020554714,0.322302055471435,-0.8205038454651531,299.1226587035725,-0.8205038454651538,0.31475100907163234,400.3147510090717,0.3147510090716322,0.8546501737714317,200.72533027990778,0.6185901493054001,0.8946186569295046,101.35345057933094,0.8946186569295045,-1.789754672318958,998.8379538275022,-2.8871662884825606,-189.1258918662915,503.89090175251795,8.290258568487408,-358.3264727712541,383.1629941681757,-2.553985723698479,-465.2990652881815,225.4512622448995,14.608124553943224,-502.64275027779235,73.18313792737175,-9.960955203346,10.011163853867856,-183.45902321643865,2.677349916623839,0.21817021385837537,-199.78182978614166,0.2181702138583752,-1.7960953832843236,-201.79609538328435,-1.7960953832843245,-1.0425599664506686,-201.0425599664507,-0.8406592896370536,-1.0088044069267994,-201.00880440692683,-1.0088044069267998,213.3997083391224,503.5004121080483,7.899840386062859,342.14382169546207,380.5950602864088,13.159430635928064,468.7539436649206,195.39126052093303,2.8871064840621914,504.09868446179524,27.767701964175163,14.94788788085574,6.446386166430663,-179.0403551102155,10.73853528566594,-1.5246858567810322,-201.52468585678102,-1.5229164104918975,0.1187961188322656,-200.1610616060904,0.11879611883226537,-0.9666356925125922,-200.96663569251263,-0.9666356925125922,-0.7203834859247236,-200.72038348592474,-0.7203834859247238,-152.1291913408882,-92.38367270706397,11.420284863406165,-151.25046549750482,-441.50494686368063,12.299010706789538,-149.8223226280826,-890.0768039942584,13.72715357621177,-1.6036428683671458,-201.60396620287332,-1.6526852567626256,153.19716898778935,-107.8037666456772,-8.157483984177821,154.7939767998219,-456.20695883364476,-5.62025969568541,155.0189291007928,-905.9820065326738,-6.335723871174366,-0.0012054437153485864,-199.99999714915623,-0.0012054437153490305
294,2.94,-0.6695429149774131,699.4097552407933,-0.6695429149774135,0.33412488682801306,550.3341248868279,0.3341248868280127,-1.1170563779022706,298.70639018010104,-1.117056377902271,-0.44822661572992517,399.5517733842701,-0.4482266157299254,0.1800558293204759,200.13807180669914,0.04387397206101836,0.7933864061726267,101.1983041564988,0.7933864061726265,-1.738149998998544,998.8016421292839,-2.8907216706089542,-189.12057017762757,503.32541664546403,8.12827597648809,-358.8327687121189,384.1674593300409,-1.6773319456349665,-465.3745792281512,225.44330058816323,14.1755935307546,-503.5268024341135,73.07932643477996,-9.652373995851177,11.092099909144169,-182.2538711691364,2.085936875416265,0.3948320737907336,-199.60516792620928,0.39483207379073326,-1.5493280714340618,-201.5493280714341,-1.5493280714340623,-0.205236011082941,-200.20523601108303,-0.09716636639273488,-1.1601262886704484,-201.16012628867048,-1.1601262886704489,213.2904347237258,503.3551600256027,8.158019356626747,341.4282904751114,380.20571465115006,13.741237478265312,468.27621150325683,196.45419316499067,2.226905483822038,503.0777669286263,27.794936073248515,14.96173826332815,5.525011963343935,-179.40977875751187,10.200028917337642,-1.2251291759645402,-201.22512917596453,-1.2247807513315627,0.4942518983322674,-199.65554514729195,0.4942518983322671,-1.076255191359417,-201.07625519135945,-1.0762551913594172,-0.3086650891425383,-200.30866508914255,-0.3086650891425382,-152.09284662988216,-93.7030105115544,10.824744452680596,-151.1385761904927,-442.748740072165,11.779014892070013,-149.15251323111204,-890.7626771127843,13.765077851450677,-1.164199875725583,-201.16553844340643,-1.1691701682104236,152.48966897520265,-106.97975139968973,-8.122778764139255,153.89182392668548,-455.5775964482069,-5.352325913241823,154.77510560565975,-904.6943147692327,-5.8373421336821725,-0.02355847696015062,-200.02339220086924,-0.023558476960150843
295,2.95,-0.3664037495895012,699.6666200869347,-0.3664037495895014,0.28358606208648507,550.2835860620864,0.28358606208648485,-1.246803493434204,298.3221417782203,-1.246803493434204,-1.1990721163758398,398.8009278836242,-1.19907211637584,-0.5410551726391014,199.44832960405108,-0.6164115577810423,0.47445632387497594,100.7527519524663,0.4744563238749757,-1.6945094308370372,998.7578038364871,-2.90161703021122,-188.9606774498522,502.93143328776733,8.131771445072067,-359.7152085081676,384.8884721246921,-1.1199963864894211,-465.42306516475423,225.33685527059572,13.718895824851003,-504.39955533212253,72.89702482740367,-9.311263913978003,12.022147120554157,-181.22539548986464,1.378662547668314,0.27947963129965103,-199.72052036870036,0.2794796312996506,-1.2533336566254325,-201.25333365662547,-1.2533336566254332,0.41879446047465674,-199.5812055395254,0.4638445908261545,-1.0453606172950847,-201.04536061729516,-1.045360617295085,213.33730469085134,503.21495832335756,8.415296480662267,340.6469811971559,379.8274076616756,14.173051152776983,467.69821972954423,197.46997095294114,1.5311646802831886,502.2029016104775,28.022668212034176,15.057358330244115,4.422015766300841,-179.9806940187358,9.466265631905474,-0.8905919648297803,-200.8905919648298,-0.8905385321817421,0.7246986317279405,-199.33774606725285,0.7246986317279402,-1.0691999922637647,-201.0691999922638,-1.0691999922637652,-0.16578468973691518,-200.16578468973694,-0.16578468973691507,-151.86440499054504,-94.82943833087515,10.397237453041416,-151.02727953155778,-443.9923128718879,11.234362912028683,-148.73341674295233,-891.6984500832825,13.52822570063412,-0.5370781413183275,-200.54143755526317,-0.5339811543194197,151.67291783461565,-106.26667535970238,-8.174509410222448,152.97289219114873,-454.9667010031693,-5.324050405633089,154.5335256525739,-903.4060675417442,-5.313901592264193,-0.25630404059863837,-200.25631722825813,-0.25630404059863854
296,2.96,-0.2891391569806574,699.7215821130286,-0.28913915698065745,-0.13242565843230125,549.8675743415678,-0.13242565843230136,-1.3418459341472944,297.82307570847047,-1.3418459341472948,-2.010722110114338,397.98927788988567,-2.0107221101143384,-1.2806602075250884,198.71724953107037,-1.317403915695926,-0.16461741490429302,99.98434350080612,-0.16461741490429307,-1.4052772833847107,998.9622802829613,-2.66491583838718,-188.9492882154769,502.4188455401512,8.000602457218022,-361.18940777987996,385.01765664804094,-1.164605092659149,-465.6903908648149,224.9149523045958,13.05585132739977,-505.5558897102722,72.32540221524813,-9.278257664128823,12.345770274624552,-180.77835794786472,0.1935131679597063,-0.4256007954834762,-200.4256007954835,-0.4256007954834763,-1.392404096761652,-201.39240409676168,-1.392404096761652,0.29119049523272356,-199.70880950476732,0.3058161312061527,-0.8527198961707549,-200.8527198961708,-0.8527198961707549,213.12552959437875,502.710638900463,8.29239581752963,339.6253261899169,379.3118772512205,14.256294884163953,466.7591819936456,198.12584925735115,0.5338026132283364,501.23466391734564,28.168732744761762,14.972279797345724,2.837095822257129,-181.11044762746153,8.225524635997642,-0.9782445341547624,-200.97824453415478,-0.9782445341547625,0.49377417867984946,-199.52649864691773,0.4937741786798495,-1.1696132641448855,-201.1696132641449,-1.1696132641448855,-0.4780050886565307,-200.47800508865657,-0.4780050886565306,-151.67749611340648,-95.95906592232531,9.92624245253633,-151.14362305688329,-445.42519286580216,10.460115509059495,-148.95406910616495,-893.2356389150839,12.649669459777826,-0.15510521386218756,-200.16629086800043,-0.16033999127385523,150.59956631842022,-105.85397900535301,-8.48489513751763,152.02028012501137,-454.4332651987619,-5.695363301857302,153.9521965449912,-902.5013487787821,-5.132264910946643,-0.7642579645768757,-200.76425796457693,-0.7642579645768759
297,2.97,-0.5448885137074854,699.4578222478683,-0.5448885137074855,-1.0381669497301724,548.9618330502699,-1.0381669497301727,-1.4145939048863192,297.27870052125536,-1.4145939048863192,-2.8277221854179664,397.1722778145821,-2.8277221854179664,-2.008772200323343,197.9909072477083,-2.0235384580995364,-1.0005878887482602,99.061508259428,-1.0005878887482604,-0.8272770923249806,999.4633824420213,-2.1343456782028767,-189.22742838103756,501.67497308933287,7.599924009426546,-363.042923457961,384.605767379302,-1.7351830557495773,-466.23332332439696,224.16142609317555,12.20373556897362,-507.0196519798956,71.32496376489266,-9.658130497147488,11.981636855643032,-180.93282823478177,-1.4022816180945696,-1.6488472194291326,-201.64884721942917,-1.6488472194291326,-2.1462041434925405,-202.14620414349253,-2.1462041434925405,-0.6709045888390216,-200.67090458883905,-0.6672066489511125,-0.7970280808543901,-200.7970280808544,-0.7970280808543901,212.51481988832654,501.7866825568281,7.711633476921577,338.3998146100636,378.6285642196616,13.979114242088645,465.4879969710631,198.33818038137332,-0.7486769445777719,500.16313867336106,28.138859692812403,14.65610934265645,0.7677476006392587,-182.82303542955486,6.4562986601078105,-1.5968519553265472,-201.5968519553266,-1.5968519553265472,-0.2245713961979644,-200.2296971692279,-0.22457139619796437,-1.477342715597669,-201.47734271559767,-1.4773427155976693,-1.1350496746415546,-201.13504967464158,-1.1350496746415548,-151.6166187984881,-97.09472131399346,9.37435352132643,-151.5651852017045,-447.04328771721,9.425787118110016,-149.9034806200772,-895.3815831355828,11.08749169973732,-0.3017094386798844,-200.3243532860113,-0.32157205367827435,149.42634105775542,-105.67687549543163,-8.950494090303316,151.10130047302212,-454.001916080165,-6.331726527180226,152.94135779855952,-902.1618587546277,-5.435477349499241,-1.3522221492824276,-201.35222214928245,-1.3522221492824273
298,2.98,-0.9354204056483071,699.0651133749548,-0.935420405648307,-2.165867746539413,547.8341322534607,-2.165867746539413,-1.4063877523573514,296.8930069940116,-1.4063877523573518,-3.4771042850621807,396.5228957149379,-3.4771042850621807,-2.6321552420375594,197.36784475796247,-2.636880883395506,-1.7526127398716227,98.2677008488098,-1.7526127398716227,-0.1806946397059559,1000.049525417063,-1.5249097007188257,-189.65490609646076,500.88704260519984,7.080054810103894,-364.72529793245127,384.0237001466785,-2.4399204235067113,-466.86481525525494,223.32489779143583,11.390633065968213,-508.4466046667691,70.22252735555868,-10.232192716440293,11.281288126297259,-181.3582997930959,-2.9369797266212436,-2.9151565757316193,-202.91515657573166,-2.9151565757316193,-3.192388782511668,-203.19238878251167,-3.1923887825116677,-1.9813900451399422,-201.98139004513996,-1.98066187760181,-0.9262659777957751,-200.9262659777958,-0.9262659777957751,211.76178738578037,500.77582464544133,6.968836850345219,337.25491437734195,377.93691909687413,13.54810344826091,464.25737043819026,198.29369430952943,-1.9644913861756144,499.21962735354725,28.029924062916873,14.2787439263214,-1.3061250709117291,-184.64684715263488,4.610529227558736,-2.4156244911575806,-202.41562449115762,-2.415624491157581,-1.1268275312450307,-201.1278368557991,-1.1268275312450307,-1.8935219942453294,-201.89352199424536,-1.8935219942453294,-1.813588452292504,-201.81358845229252,-1.8135884522925043,-151.61566181413673,-98.03501980737396,8.885030431211678,-152.09426838007332,-448.5136263733107,8.406423865275086,-151.16902751300827,-897.5883855062457,9.33166473234014,-0.8320729735649082,-200.8682820841176,-0.8673150389718812,148.4843407379346,-105.55674138236607,-9.327921385388072,150.36595442881594,-453.6751276914847,-6.925714699326169,151.80434435146068,-902.2367377688402,-6.0079177718620045,-1.7764471822281034,-201.77644718222814,-1.7764471822281034
299,2.99,-1.1990839647819826,698.8009978931248,-1.1990839647819826,-2.9605391577065205,547.0394608422937,-2.9605391577065205,-1.3540555859884098,296.7343123764448,-1.3540555859884098,-3.8232161056836205,396.17678389431643,-3.8232161056836205,-3.003734687385393,196.99626531261458,-3.005153956214393,-2.182302785221771,97.82379806777097,-2.182302785221771,0.23657115081079347,1000.4329845222398,-1.1283777408590674,-189.96359500045577,500.37861355714705,6.720997626815118,-365.70622188525533,383.64236018687996,-2.889105189197025,-467.2885584878061,222.7734607355128,10.895539132270859,-509.33459575390583,69.5025935985863,-10.643185305879062,10.755844321521693,-181.67758117122264,-3.8686304113737595,-3.6946456606284945,-203.6946456606285,-3.694645660628495,-3.936811721453516,-203.9368117214535,-3.936811721453516,-2.9013120638669574,-202.901312063867,-2.9012003957582886,-1.0838518241115516,-201.08385182411158,-1.0838518241115516,211.26105836646968,500.12990558877607,6.4722896584439615,336.5585871611206,377.4950935761667,13.240506842100146,463.5101384481651,198.2164718286082,-2.6955825903669055,498.6717043768773,27.953733796577236,14.03805290277821,-2.6277548963323745,-185.83755337464092,3.413714899241186,-2.970783185154629,-202.97078318515463,-2.9707831851546294,-1.7500593382510499,-201.75021412318458,-1.75005933825105,-2.194557519501815,-202.1945575195018,-2.194557519501815,-2.2217768244895186,-202.22177682448955,-2.2217768244895186,-151.61500638001314,-98.56104724859892,8.608654672775216,-152.4453829367573,-449.39142380534315,7.778278116031041,-152.05901555417745,-899.0050564227633,8.164645498610893,-1.2898863732871504,-201.3356635907052,-1.3353731545659207,147.9896681478699,-105.4571177264024,-9.50409512157874,149.95946522647034,-453.48732064780194,-7.256339222913805,151.0478852512448,-902.3989006230277,-6.445878018203844,-1.963176096167933,-201.96317609616793,-1.963176096167933
